Scenario,Controller,SeedIndex,pos_rmse_m,pos_max_m,theta_max_deg,state_bound_violation,input_saturation_rate,control_effort_N2,rta_intervention_rate,residual_rms_N
nominal,PD,0,0.30138024190855967,0.9101886318631007,20.718109589605664,0.0,0.0,0.0002556998490850296,0.0,0.0
nominal,PD,1,0.2532096630882476,0.917015278489054,5.969617264148676,0.0,0.0,0.0002818108309291934,0.0,0.0
nominal,PD,2,0.1881123748722128,0.5408653276212861,9.930863490690603,0.0,0.0,0.00033611306222278045,0.0,0.0
nominal,PD,3,0.31432330494521044,0.9328819199046925,28.98177125512174,0.0,0.0,0.0002753337683390985,0.0,0.0
nominal,PD,4,0.1697897146505357,0.5544870849188118,10.403708452365045,0.0,0.0,0.00031241390088768974,0.0,0.0
nominal,PD,5,0.22278576735956743,0.7424740968995751,6.8298786441200905,0.0,0.0,0.0002888335183994175,0.0,0.0
nominal,PD,6,0.17472059999758405,0.5758625428735142,11.25680149545468,0.0,0.0,0.00031750919313034635,0.0,0.0
nominal,PD,7,0.3190121340920521,0.9665411999295712,21.620123159144352,0.0,0.0,0.00020648626905130757,0.0,0.0
nominal,PD,8,0.14193730382009168,0.40590993139893616,9.926063268609571,0.0,0.0,0.00029991145778227404,0.0,0.0
nominal,PD,9,0.3014201798463788,0.893695341771489,24.509225614178817,0.0,0.0,0.0002449380229444556,0.0,0.0
nominal,PD,10,0.19240744093981224,0.8728378569463474,5.948933971779162,0.0,0.0,0.00021136701002803627,0.0,0.0
nominal,PD,11,0.16089228601661826,0.6495979054063423,5.970636182124953,0.0,0.0,0.00023771582892857126,0.0,0.0
nominal,PD,12,0.26384191185601874,0.7717368366947343,19.574125946721086,0.0,0.0,0.0003192682856461623,0.0,0.0
nominal,PD,13,0.3918252926733559,1.1668127117415636,35.65816553087301,0.0,0.0,0.00022869788056937768,0.0,0.0
nominal,PD,14,0.35703722957284045,1.062322599510922,25.548988097228445,0.0,0.0,0.0003246597874502517,0.0,0.0
nominal,PD,15,0.211812629084344,0.749600022691214,7.183256140308527,0.0,0.0,0.000338771249895523,0.0,0.0
nominal,PD,16,0.13675529745504053,0.47322878445862215,17.491254038098926,0.0,0.0,0.00020523204421111398,0.0,0.0
nominal,PD,17,0.2547373283811794,0.755347828005308,22.95131438381743,0.0,0.0,0.00024011619989082263,0.0,0.0
nominal,PD,18,0.2751603164107137,0.8175531206944576,21.91844450731818,0.0,0.0,0.00026383742991950896,0.0,0.0
nominal,PD,19,0.3101532087140295,0.9155115025113584,26.575422979427046,0.0,0.0,0.00022887600140867427,0.0,0.0
nominal,PD,20,0.20645385509864297,0.6093731295858366,17.55051481334999,0.0,0.0,0.00023798764102333364,0.0,0.0
nominal,PD,21,0.0752559019402083,0.20102013082721448,10.433819999288119,0.0,0.0,0.00022538451312571813,0.0,0.0
nominal,PD,22,0.16802597889249235,0.4942127937901663,16.52408249183983,0.0,0.0,0.00020597213896695476,0.0,0.0
nominal,PD,23,0.16412330837581635,0.497033539413063,20.71152532512229,0.0,0.0,0.0002219923645311474,0.0,0.0
nominal,PD,24,0.20377910550203007,0.6317851800826423,5.9824645902829925,0.0,0.0,0.0003618768411295855,0.0,0.0
nominal,PD,25,0.16425365415718915,0.6259277853820842,7.056288130629984,0.0,0.0,0.00028902244912306865,0.0,0.0
nominal,PD,26,0.28315866888254776,0.826969540769513,23.438808747527432,0.0,0.0,0.00028193959107370716,0.0,0.0
nominal,PD,27,0.23308066622149573,0.6947263744824672,23.621539709937093,0.0,0.0,0.00023676718893843245,0.0,0.0
nominal,PD,28,0.4244318553006561,1.254948559429719,35.46070283901069,0.0,0.0,0.00022588645482981206,0.0,0.0
nominal,PD,29,0.2812172135728847,0.8197028082959551,26.286566617449708,0.0,0.0,0.00020533079467183323,0.0,0.0
nominal,PD,30,0.2831869204893927,0.9488800871023445,10.758283735162872,0.0,0.0,0.00028815911548247907,0.0,0.0
nominal,PD,31,0.10310831449849113,0.3250394889913858,13.48130022906505,0.0,0.0,0.00021108133256599488,0.0,0.0
nominal,PD,32,0.20843649731046512,0.5969295806456357,13.699840236351717,0.0,0.0,0.0003142807279699018,0.0,0.0
nominal,PD,33,0.2633893349634797,0.7829650565323694,26.49159412385767,0.0,0.0,0.0002227283304629064,0.0,0.0
nominal,PD,34,0.08569534599709047,0.2476939630131796,10.318206779516675,0.0,0.0,0.0002180958615061568,0.0,0.0
nominal,PD,35,0.281289816547628,0.8245365175555579,25.797782611753032,0.0,0.0,0.0002109652818398576,0.0,0.0
nominal,PD,36,0.399932987410189,1.1960984269231278,32.25964731322378,0.0,0.0,0.00022122566057288328,0.0,0.0
nominal,PD,37,0.30394364432481413,0.9205847524864214,20.833197204942625,0.0,0.0,0.0002424807814300728,0.0,0.0
nominal,PD,38,0.12413393913455409,0.3473623507719486,13.346986195855377,0.0,0.0,0.00021533486672207567,0.0,0.0
nominal,PD,39,0.11582920396839837,0.330935073922799,10.328989245792723,0.0,0.0,0.00025935688306903665,0.0,0.0
nominal,PD,40,0.12507923878285127,0.35363151428138245,10.607188731995121,0.0,0.0,0.0002751773913427993,0.0,0.0
nominal,PD,41,0.20789214940736173,0.74304369334612,7.439795839684094,0.0,0.0,0.00024164115006829103,0.0,0.0
nominal,PD,42,0.12026330347892024,0.3487683906180782,15.323164206423604,0.0,0.0,0.00025438079713161984,0.0,0.0
nominal,PD,43,0.24814913861739127,0.6965313552085033,23.61953264435266,0.0,0.0,0.0003316806181719431,0.0,0.0
nominal,PD,44,0.23784462878476548,0.7041093407716413,25.220562722580592,0.0,0.0,0.0002842337717396899,0.0,0.0
nominal,PD,45,0.13128602238768913,0.42603159808767405,13.547785806737052,0.0,0.0,0.0002794798645801628,0.0,0.0
nominal,PD,46,0.27376735737531016,0.9650109419763516,5.967113104526685,0.0,0.0,0.0003443845700989107,0.0,0.0
nominal,PD,47,0.36887111312529075,1.1282346777391363,24.405555001085478,0.0,0.0,0.00029343118789267817,0.0,0.0
nominal,PD,48,0.1821592332329335,0.7797282715733487,5.959527648847835,0.0,0.0,0.0002131943592173337,0.0,0.0
nominal,PD,49,0.2572977429644467,0.7522651330004428,25.34531626917467,0.0,0.0,0.00020614584937823753,0.0,0.0
nominal,PD,50,0.367547445073524,1.1173963867905639,25.335301185278475,0.0,0.0,0.00023026750688066224,0.0,0.0
nominal,PD,51,0.3400953561168562,1.025111095050768,23.65882398032607,0.0,0.0,0.0002581393481798706,0.0,0.0
nominal,PD,52,0.18005713317836194,0.7229072969930115,6.958890429760962,0.0,0.0,0.00021976565024780904,0.0,0.0
nominal,PD,53,0.12292663187228574,0.3413778025438127,7.417528734096083,0.0,0.0,0.00029013658658836407,0.0,0.0
nominal,PD,54,0.3412189730787098,1.0285042494818002,23.423861829706535,0.0,0.0,0.00020699758904537912,0.0,0.0
nominal,PD,55,0.27025816999117686,0.7986198045668376,21.190148681855,0.0,0.0,0.00026042839564049974,0.0,0.0
nominal,PD,56,0.24922054146704184,0.7318012620896928,19.40885486745984,0.0,0.0,0.00021712566633081947,0.0,0.0
nominal,PD,57,0.31325057285819635,0.9233213418280681,27.495538676130895,0.0,0.0,0.00027938599334957495,0.0,0.0
nominal,PD,58,0.18688396539419755,0.5618273180989961,9.42399677061443,0.0,0.0,0.00034758260997561817,0.0,0.0
nominal,PD,59,0.24055514314631063,0.9769525985099144,8.571121291493467,0.0,0.0,0.0002718195228931751,0.0,0.0
nominal,PD,60,0.2043407410513116,0.6838653131888197,5.9717916923167,0.0,0.0,0.00032752639700340874,0.0,0.0
nominal,PD,61,0.27744213361840114,1.0440400287317166,9.002880231360686,0.0,0.0,0.00021039098721658596,0.0,0.0
nominal,PD,62,0.0865723729181557,0.35695766724258227,5.977342461874791,0.0,0.0,0.0002381857691146952,0.0,0.0
nominal,PD,63,0.24689337694550914,0.7166223274527209,16.173054699059332,0.0,0.0,0.00032556943049603243,0.0,0.0
nominal,PD,64,0.15408825905811446,0.771954393838407,11.389376011414734,0.0,0.0,0.00021760895279266719,0.0,0.0
nominal,PD,65,0.17028012499172035,0.8182159701488283,7.198533028456128,0.0,0.0,0.0002079358653215606,0.0,0.0
nominal,PD,66,0.15885440006076282,0.4861510911238856,20.575529190279735,0.0,0.0,0.0002353495634670694,0.0,0.0
nominal,PD,67,0.21870797326944588,0.6530137304766249,16.358969561954925,0.0,0.0,0.00021945601027041823,0.0,0.0
nominal,PD,68,0.3069952042997325,0.9077302307525761,24.2302303476382,0.0,0.0,0.0002677083409692719,0.0,0.0
nominal,PD,69,0.19502499757237882,0.7300168348917009,9.253488283629002,0.0,0.0,0.00023597122943866186,0.0,0.0
nominal,PD,70,0.17464056764172703,0.4881829399691003,15.025121946511778,0.0,0.0,0.000292998554497341,0.0,0.0
nominal,PD,71,0.28979071912115356,0.8858350781836538,19.46857877675935,0.0,0.0,0.0002776228095972692,0.0,0.0
nominal,PD,72,0.14951037141504062,0.519807975484382,5.973783575011572,0.0,0.0,0.0002888857353376956,0.0,0.0
nominal,PD,73,0.06540749608650442,0.272249423928733,6.982737640591581,0.0,0.0,0.00023576670164802917,0.0,0.0
nominal,PD,74,0.25533959432137476,0.7541533436504689,18.1571052336112,0.0,0.0,0.000280372858000411,0.0,0.0
nominal,PD,75,0.08694370786688535,0.40354776412724175,10.476151919895068,0.0,0.0,0.00021173111504723568,0.0,0.0
nominal,PD,76,0.1271345762924131,0.36779983254648513,11.143010821922593,0.0,0.0,0.0002630937110368557,0.0,0.0
nominal,PD,77,0.14100389239697472,0.4017414010215123,17.4708689258354,0.0,0.0,0.00020926963494699024,0.0,0.0
nominal,PD,78,0.2147979648834578,0.6233407103732578,19.63429962556969,0.0,0.0,0.00021125764716527727,0.0,0.0
nominal,PD,79,0.21493825686049067,0.6459326443590313,16.46119741490048,0.0,0.0,0.0002716175468969723,0.0,0.0
nominal,PD,80,0.15776378122456305,0.4659000982321407,5.981102421861537,0.0,0.0,0.00031764048929574395,0.0,0.0
nominal,PD,81,0.09252071557648416,0.251840615717855,9.89695717076777,0.0,0.0,0.00026521083985244675,0.0,0.0
nominal,PD,82,0.2646831194046122,0.8493661154065624,10.940827797582017,0.0,0.0,0.0003193515649797408,0.0,0.0
nominal,PD,83,0.11715773992824816,0.5224375236189693,5.973281618087248,0.0,0.0,0.0002245115680646939,0.0,0.0
nominal,PD,84,0.16270622540008733,0.7303089247154613,11.436926444217523,0.0,0.0,0.0002579390003271234,0.0,0.0
nominal,PD,85,0.11066170575625449,0.45455184509654184,10.864110312725218,0.0,0.0,0.0002087446747494682,0.0,0.0
nominal,PD,86,0.34186375100381927,1.010440634476277,28.930171809415487,0.0,0.0,0.00021458718783261786,0.0,0.0
nominal,PD,87,0.07657821988897602,0.23552734416428941,9.52581889978202,0.0,0.0,0.0002510680750209863,0.0,0.0
nominal,PD,88,0.2432801539516384,0.7213710140000837,17.607013073673752,0.0,0.0,0.00027670624409044283,0.0,0.0
nominal,PD,89,0.23779794350936273,0.6727671303452948,18.8508015256184,0.0,0.0,0.0003401467307328991,0.0,0.0
nominal,PD,90,0.2603938022232956,0.9943913048520588,7.141971824503202,0.0,0.0,0.00030003607793605567,0.0,0.0
nominal,PD,91,0.2030113978722609,0.8455720621471122,6.623107941337768,0.0,0.0,0.0002496603170737402,0.0,0.0
nominal,PD,92,0.07070084295661844,0.35795597824182895,6.916677218620762,0.0,0.0,0.0002156621805858905,0.0,0.0
nominal,PD,93,0.23050504040580744,0.9558058696116902,5.951202393214068,0.0,0.0,0.00021160818212193598,0.0,0.0
nominal,PD,94,0.17985531189991272,0.5744249917746086,5.97849539084479,0.0,0.0,0.0003313633889587079,0.0,0.0
nominal,PD,95,0.2094366924916509,0.5982347407160399,18.41082019486789,0.0,0.0,0.0003064072842583639,0.0,0.0
nominal,PD,96,0.3349968159365429,0.9991099199104851,25.92949361209352,0.0,0.0,0.0002187414414633306,0.0,0.0
nominal,PD,97,0.1769172251017001,0.5376821489139704,5.980323094378776,0.0,0.0,0.00033285031490699684,0.0,0.0
nominal,PD,98,0.18860677042052126,0.5583900575030025,17.764092449126238,0.0,0.0,0.0002507015066928908,0.0,0.0
nominal,PD,99,0.12281426157775734,0.35039373398568985,11.073745616534415,0.0,0.0,0.0002680567382921117,0.0,0.0
nominal,LQR,0,0.3147815998573323,0.865980320910527,21.148490238449178,0.0,0.011666666666666667,0.0006477383212414546,0.0,0.0
nominal,LQR,1,0.2782450748740834,0.9167479031468112,6.586738750499712,0.0,0.016666666666666666,0.0007839276131840202,0.0,0.0
nominal,LQR,2,0.17392446080167365,0.49634756494171073,12.33447645232005,0.0,0.025,0.0011108228591762976,0.0,0.0
nominal,LQR,3,0.35801283696492886,0.958006226303577,30.92752103700146,0.0,0.018333333333333333,0.0007794225876248609,0.0,0.0
nominal,LQR,4,0.16364657323735096,0.5532103457273718,14.035193236255385,0.0,0.021666666666666667,0.0009902624884212479,0.0,0.0
nominal,LQR,5,0.2522247041784216,0.74220633120524,6.588983457318978,0.0,0.016666666666666666,0.0008119208719380082,0.0,0.0
nominal,LQR,6,0.16865875753197515,0.5746002125643376,15.558953694779047,0.0,0.021666666666666667,0.001012967431974445,0.0,0.0
nominal,LQR,7,0.31843790722076454,0.9489016227247082,23.857954920503964,0.0,0.005,0.00030907251045813987,0.0,0.0
nominal,LQR,8,0.14932667569574212,0.28650517464903663,9.510725249981277,0.0,0.02,0.0008809776837770487,0.0,0.0
nominal,LQR,9,0.31740265326660133,0.8565635863211802,24.50590114159504,0.0,0.011666666666666667,0.0005952365118321254,0.0,0.0
nominal,LQR,10,0.22607906296999805,0.8723191711861208,6.585585806380884,0.0,0.013333333333333334,0.0003331903563447488,0.0,0.0
nominal,LQR,11,0.2019433965114249,0.6501055825144434,6.587111513198476,0.0,0.0033333333333333335,0.0004194792306022247,0.0,0.0
nominal,LQR,12,0.28894619726416354,0.7104305577985679,22.703392235265923,0.0,0.023333333333333334,0.0010272791041781551,0.0,0.0
nominal,LQR,13,0.3582180653380303,1.0292938164901617,27.670187292126833,0.0,0.0,0.0002876579852225838,0.0,0.0
nominal,LQR,14,0.39637876336337885,1.0267306590637733,28.467683512150504,0.0,0.025,0.0010342633776121543,0.0,0.0
nominal,LQR,15,0.1904398630910485,0.7485397253671626,10.943033295519779,0.0,0.025,0.0011127226174206394,0.0,0.0
nominal,LQR,16,0.15942955975621714,0.4722055009723658,12.700426340442812,0.0,0.011666666666666667,0.0003275630044811708,0.0,0.0
nominal,LQR,17,0.26878706254753043,0.7054331739097165,22.682925223516893,0.0,0.008333333333333333,0.0005481157708029899,0.0,0.0
nominal,LQR,18,0.2934826173164184,0.7743402727966434,22.787572043110075,0.0,0.015,0.0006973462552197485,0.0,0.0
nominal,LQR,19,0.3156805145710984,0.8603060976328367,24.492131753143575,0.0,0.005,0.0004823413837412483,0.0,0.0
nominal,LQR,20,0.22191230218077423,0.556488316944961,18.431295655982332,0.0,0.006666666666666667,0.0004862978252049154,0.0,0.0
nominal,LQR,21,0.13435007460135215,0.19422109557160572,10.744177117897536,0.0,0.0,0.0003244334378634471,0.0,0.0
nominal,LQR,22,0.18379604436997177,0.49314547218387894,14.13466213513024,0.0,0.015,0.00034538720444259345,0.0,0.0
nominal,LQR,23,0.17313432763494757,0.36769839406651955,15.865767802572885,0.0,0.0016666666666666668,0.000349653935077659,0.0,0.0
nominal,LQR,24,0.1816727789054909,0.6240199418473966,6.587382937243031,0.0,0.02666666666666667,0.0011942804220818734,0.0,0.0
nominal,LQR,25,0.17195248023503326,0.6252112846044928,8.849528157968457,0.0,0.016666666666666666,0.0008186583205895606,0.0,0.0
nominal,LQR,26,0.31702872025860174,0.8178266491641761,26.25337080578039,0.0,0.018333333333333333,0.0008530296405602788,0.0,0.0
nominal,LQR,27,0.24738378421434326,0.6357190545436672,22.042305355155808,0.0,0.008333333333333333,0.0005220120190512196,0.0,0.0
nominal,LQR,28,0.40547482694985887,1.1743278989308212,29.547467352207708,0.0,0.01,0.00034706388216695325,0.0,0.0
nominal,LQR,29,0.26848470319863693,0.7160382375669171,20.386743168314727,0.0,0.0033333333333333335,0.00028680824005321027,0.0,0.0
nominal,LQR,30,0.319586675575309,0.9487965047476848,9.480923233106065,0.0,0.016666666666666666,0.0008138002042703435,0.0,0.0
nominal,LQR,31,0.14286779372031283,0.3238937929726197,10.082161322925131,0.0,0.0016666666666666668,0.00027381085359701955,0.0,0.0
nominal,LQR,32,0.21530122692040893,0.48492550864561773,16.407882648383623,0.0,0.021666666666666667,0.0010119348082290884,0.0,0.0
nominal,LQR,33,0.26155902952942317,0.6869156662825866,22.26796291991618,0.0,0.005,0.0004039531790228805,0.0,0.0
nominal,LQR,34,0.14066368915699187,0.24778221115724083,11.078392611413141,0.0,0.0,0.00025876234992594754,0.0,0.0
nominal,LQR,35,0.26416260331449515,0.7087860665248925,20.60166218602825,0.0,0.0,0.00026690472434592996,0.0,0.0
nominal,LQR,36,0.3748286939064844,1.1154151295925891,28.262125606692795,0.0,0.0016666666666666668,0.0002902571891920062,0.0,0.0
nominal,LQR,37,0.31264769182871827,0.8834307635298524,22.033295963538915,0.0,0.008333333333333333,0.0005250954991667201,0.0,0.0
nominal,LQR,38,0.15549989611345147,0.270318978636999,13.35355428543256,0.0,0.0,0.00025752551357729976,0.0,0.0
nominal,LQR,39,0.14576885432121844,0.23082330936162582,11.694608233506287,0.0,0.011666666666666667,0.0006383316796858915,0.0,0.0
nominal,LQR,40,0.14737958152619515,0.23420635058219272,11.756948002955548,0.0,0.015,0.000752287909013249,0.0,0.0
nominal,LQR,41,0.2407973119209528,0.7434830617055252,7.110084935918282,0.0,0.005,0.0004667162951959987,0.0,0.0
nominal,LQR,42,0.1516653037178468,0.282655039626608,15.500078606940498,0.0,0.011666666666666667,0.0006323022831834582,0.0,0.0
nominal,LQR,43,0.2992860160218344,0.7509937447364232,31.464417918783763,0.0,0.025,0.001091286965849952,0.0,0.0
nominal,LQR,44,0.27926360405844286,0.7260076088345736,28.366864158842432,0.0,0.018333333333333333,0.0008323418791794913,0.0,0.0
nominal,LQR,45,0.14811593490709973,0.4249746781463752,15.506316781104704,0.0,0.016666666666666666,0.0007868578386087316,0.0,0.0
nominal,LQR,46,0.27471708341389905,0.9642827704346553,6.586997663052199,0.0,0.025,0.0011506190995808376,0.0,0.0
nominal,LQR,47,0.38798929905716223,1.0664506309963637,23.798941526216773,0.0,0.018333333333333333,0.0008807103134768464,0.0,0.0
nominal,LQR,48,0.21888461674195878,0.7790605340174267,6.586660648725319,0.0,0.0033333333333333335,0.0002821999503337865,0.0,0.0
nominal,LQR,49,0.24502907096817306,0.6350917418242555,19.304705024252264,0.0,0.0016666666666666668,0.0002721705930564525,0.0,0.0
nominal,LQR,50,0.36279745895329574,1.0799970111973847,26.75187697921193,0.0,0.0016666666666666668,0.00040251257423770144,0.0,0.0
nominal,LQR,51,0.35503315578632255,0.982402206680941,24.30397678265933,0.0,0.013333333333333334,0.0006766567167667279,0.0,0.0
nominal,LQR,52,0.2160220468690847,0.7228044935915489,6.587062078581464,0.0,0.0,0.0002578724909120636,0.0,0.0
nominal,LQR,53,0.14242975750163883,0.32179755507274277,7.574096481415092,0.0,0.016666666666666666,0.000830575237870054,0.0,0.0
nominal,LQR,54,0.3352336969050229,1.0027970220398432,25.147557898717526,0.0,0.0033333333333333335,0.00030149308204424066,0.0,0.0
nominal,LQR,55,0.2906213636045031,0.7577648248450611,22.071236980762208,0.0,0.015,0.0007111024422798392,0.0,0.0
nominal,LQR,56,0.24909341770710713,0.6762689323867128,20.212870743645837,0.0,0.0,0.00029047273373002726,0.0,0.0
nominal,LQR,57,0.35341364400115327,0.9311177374060864,30.18543214458729,0.0,0.018333333333333333,0.0008345988483036863,0.0,0.0
nominal,LQR,58,0.17102102700959748,0.5186535833777217,9.676991992618184,0.0,0.02666666666666667,0.0011498237580740206,0.0,0.0
nominal,LQR,59,0.2534960659583309,0.9764975159305326,8.643278611050487,0.0,0.013333333333333334,0.0006986860635386498,0.0,0.0
nominal,LQR,60,0.20218024466564635,0.6829902633786789,6.587151211697952,0.0,0.023333333333333334,0.0010396345188421908,0.0,0.0
nominal,LQR,61,0.2985620358699762,1.0434723085045596,6.585641812119384,0.0,0.011666666666666667,0.0003320401167624028,0.0,0.0
nominal,LQR,62,0.14885658291678971,0.35769993384121435,6.589238590382231,0.0,0.0033333333333333335,0.0004285539178126611,0.0,0.0
nominal,LQR,63,0.2566546160257719,0.6170811509903068,19.113696128759404,0.0,0.025,0.0010873942738436947,0.0,0.0
nominal,LQR,64,0.19992633481962865,0.7719144400311312,10.778700909675448,0.0,0.0,0.0002565664215443698,0.0,0.0
nominal,LQR,65,0.2100545170216503,0.8176748022042615,7.230394502453178,0.0,0.006666666666666667,0.0003107408486882474,0.0,0.0
nominal,LQR,66,0.180337459299029,0.4077208378677644,18.416104806313168,0.0,0.008333333333333333,0.0005034842968958135,0.0,0.0
nominal,LQR,67,0.23291163691060138,0.6251968540140069,18.467851885607764,0.0,0.0,0.0002838788120205492,0.0,0.0
nominal,LQR,68,0.33092407765907167,0.8798214178781216,25.502009983647422,0.0,0.015,0.0007373448017916617,0.0,0.0
nominal,LQR,69,0.2281526263128876,0.7305982355423847,9.332675383585045,0.0,0.0033333333333333335,0.00039340428078361313,0.0,0.0
nominal,LQR,70,0.19206148559766498,0.4096572810190704,18.00897797260474,0.0,0.02,0.0009012053625520149,0.0,0.0
nominal,LQR,71,0.3007506541840214,0.8236684772981565,18.77437840188406,0.0,0.016666666666666666,0.0007776757283150529,0.0,0.0
nominal,LQR,72,0.1612772628913942,0.5189016950219419,6.586317832985759,0.0,0.016666666666666666,0.0008357771934328984,0.0,0.0
nominal,LQR,73,0.1332019400043558,0.2729918184230984,6.9563771576253375,0.0,0.0033333333333333335,0.00041921606047967805,0.0,0.0
nominal,LQR,74,0.2718569734569361,0.6872320050166896,19.352100170957918,0.0,0.018333333333333333,0.0008312504307461879,0.0,0.0
nominal,LQR,75,0.14770531608242352,0.40229451724221554,10.987348140526574,0.0,0.006666666666666667,0.00030244800470580343,0.0,0.0
nominal,LQR,76,0.15420624364364427,0.2736962594609115,12.224493218040822,0.0,0.013333333333333334,0.0006594055869924412,0.0,0.0
nominal,LQR,77,0.15968524539484263,0.303706252024046,13.642455095143294,0.0,0.0016666666666666668,0.00027142067585851106,0.0,0.0
nominal,LQR,78,0.21634139776805303,0.5419522120867634,18.4173333212297,0.0,0.0,0.00026548316778689983,0.0,0.0
nominal,LQR,79,0.22888878655217645,0.5785781977543575,16.971845920222258,0.0,0.013333333333333334,0.0006946495801745654,0.0,0.0
nominal,LQR,80,0.1553106715089417,0.45830283637060404,6.6601213631497425,0.0,0.021666666666666667,0.0009968550903038196,0.0,0.0
nominal,LQR,81,0.13292435923322507,0.194586463144921,9.768888931863524,0.0,0.013333333333333334,0.0006603111318963306,0.0,0.0
nominal,LQR,82,0.3066599543306678,0.8490542780281402,11.03712192813961,0.0,0.021666666666666667,0.0009774702479631798,0.0,0.0
nominal,LQR,83,0.1704521994358161,0.522854703077527,6.588048494178825,0.0,0.0,0.00028375576751400516,0.0,0.0
nominal,LQR,84,0.18499075780839058,0.7298056453060885,10.833937004905772,0.0,0.011666666666666667,0.0006228698121734235,0.0,0.0
nominal,LQR,85,0.1598499618818646,0.4534147663334302,12.255016572396501,0.0,0.01,0.00032367662099515765,0.0,0.0
nominal,LQR,86,0.3187757107120761,0.9133836215706314,24.36393486254322,0.0,0.0,0.00027712069231355127,0.0,0.0
nominal,LQR,87,0.13940502784356473,0.23593711309151869,9.546324915010606,0.0,0.006666666666666667,0.0005383891593591936,0.0,0.0
nominal,LQR,88,0.25740875665169094,0.6540558011509142,18.617628881372664,0.0,0.016666666666666666,0.0007711634224619342,0.0,0.0
nominal,LQR,89,0.26275987974649284,0.6147671188955083,24.62815968020464,0.0,0.02666666666666667,0.0011340046928118542,0.0,0.0
nominal,LQR,90,0.2603859281341918,0.9936740021822983,7.134082598178571,0.0,0.02,0.0008991970258651019,0.0,0.0
nominal,LQR,91,0.22968021999586832,0.8453447364885059,6.628641480753222,0.0,0.008333333333333333,0.0005459943051187189,0.0,0.0
nominal,LQR,92,0.14082348333281516,0.3571913406567715,7.3237305063323905,0.0,0.0,0.0002632423039572302,0.0,0.0
nominal,LQR,93,0.2586294354624156,0.9551971140939258,6.586081438583069,0.0,0.01,0.0003243298904947602,0.0,0.0
nominal,LQR,94,0.1691827668254937,0.5734102603507283,6.670064940853637,0.0,0.023333333333333334,0.0010519135929647051,0.0,0.0
nominal,LQR,95,0.23613948895156378,0.5638033406743753,22.45673435403178,0.0,0.021666666666666667,0.0009550425656603338,0.0,0.0
nominal,LQR,96,0.3225648570835005,0.9329510021907115,25.37187650277981,0.0,0.0016666666666666668,0.00032129037053990703,0.0,0.0
nominal,LQR,97,0.1728463523584517,0.5347189612152752,6.5888915259887995,0.0,0.023333333333333334,0.001051998897106559,0.0,0.0
nominal,LQR,98,0.20943042481076568,0.5018101604634212,18.381317613528967,0.0,0.011666666666666667,0.0006141550950396035,0.0,0.0
nominal,LQR,99,0.14899046008291295,0.24986249335412794,11.860094156709915,0.0,0.013333333333333334,0.0007052667514983395,0.0,0.0
nominal,LMPC-H40,0,0.27034997370217134,0.8608564390858945,32.35065342197791,0.0,0.018333333333333333,0.0007839434695769091,0.0,0.0
nominal,LMPC-H40,1,0.23208235046308778,0.9167479031468112,16.585115227010597,0.0,0.03166666666666667,0.001044073308543703,0.0,0.0
nominal,LMPC-H40,2,0.14510578381321096,0.49634756494171073,60.35692558135852,0.0,0.115,0.0016938142024957618,0.0,0.0
nominal,LMPC-H40,3,0.3126005444403603,0.988092863358484,51.35974287330465,0.0,0.03333333333333333,0.001011612277291385,0.0,0.0
nominal,LMPC-H40,4,0.11328318087978181,0.5532103457273718,57.90102978143663,0.0,0.09333333333333334,0.0014681974196595249,0.0,0.0
nominal,LMPC-H40,5,0.20053184420760048,0.74220633120524,17.141453092060797,0.0,0.03166666666666667,0.0010692495036248087,0.0,0.0
nominal,LMPC-H40,6,0.12426618243988277,0.5746002125643376,67.8718589725022,0.0,0.09166666666666666,0.00152040487194088,0.0,0.0
nominal,LMPC-H40,7,0.2747085003168559,0.9590678391992971,33.815177745863686,0.0,0.018333333333333333,0.0006523748541451295,0.0,0.0
nominal,LMPC-H40,8,0.07517250119824227,0.28650517464903663,12.65977785771014,0.0,0.055,0.0012110693371673441,0.0,0.0
nominal,LMPC-H40,9,0.26467264551475717,0.8487247049662829,37.33203788973351,0.0,0.015,0.0006667167872456677,0.0,0.0
nominal,LMPC-H40,10,0.1765315825903757,0.8723191711861208,7.883069383983142,0.0,0.028333333333333332,0.0005863406326526144,0.0,0.0
nominal,LMPC-H40,11,0.13511440986982856,0.6497723071657178,6.720389408860178,0.0,0.0,0.0003094438518246397,0.0,0.0
nominal,LMPC-H40,12,0.23668852653957254,0.720709455246326,87.18146040650446,1.0,0.075,0.0016378346124613136,0.0,0.0
nominal,LMPC-H40,13,0.2852723142344211,1.0046325512865193,39.704965964940534,0.0,0.006666666666666667,0.0004272775457071882,0.0,0.0
nominal,LMPC-H40,14,0.3406594647640742,1.043550025527199,100.869808199308,1.0,0.09333333333333334,0.0022180321559930856,0.0,0.0
nominal,LMPC-H40,15,0.1570739872180605,0.7485397253671626,53.3833315032893,0.0,0.12,0.0017202635827178326,0.0,0.0
nominal,LMPC-H40,16,0.09570527085785993,0.4722055009723658,16.09242494054262,0.0,0.028333333333333332,0.0005725893011214894,0.0,0.0
nominal,LMPC-H40,17,0.2090038632596315,0.6792480985805092,32.55239877004282,0.0,0.011666666666666667,0.0005733792382020169,0.0,0.0
nominal,LMPC-H40,18,0.2490382159492222,0.7763880166758221,34.7235730992311,0.0,0.018333333333333333,0.0008367401432761734,0.0,0.0
nominal,LMPC-H40,19,0.2468416278959807,0.8229416867907378,35.4564718116145,0.0,0.006666666666666667,0.000467286166039059,0.0,0.0
nominal,LMPC-H40,20,0.15232638728887912,0.5182426298024395,25.176735043256638,0.0,0.005,0.000424444115766113,0.0,0.0
nominal,LMPC-H40,21,0.03799066424612609,0.1915089840611317,11.470277399422962,0.0,0.0033333333333333335,0.00032852816323906926,0.0,0.0
nominal,LMPC-H40,22,0.12881306277211013,0.49314547218387894,18.637711530797265,0.0,0.03166666666666667,0.0006147634696363409,0.0,0.0
nominal,LMPC-H40,23,0.08875966204869326,0.29132629574629915,17.66976063975571,0.0,0.0016666666666666668,0.0003170110901576772,0.0,0.0
nominal,LMPC-H40,24,0.1473574687965395,0.6240199418473966,21.331948820787034,0.0,0.145,0.001915724598584767,0.0,0.0
nominal,LMPC-H40,25,0.12023480256399371,0.6252112846044928,10.211688909987695,0.0,0.035,0.0010939455957803006,0.0,0.0
nominal,LMPC-H40,26,0.26272467772463975,0.8432006972029302,66.3939721177435,0.0,0.05333333333333334,0.0011863125461044478,0.0,0.0
nominal,LMPC-H40,27,0.18043751603808963,0.588766457268044,30.159198892914254,0.0,0.008333333333333333,0.0005283922668716277,0.0,0.0
nominal,LMPC-H40,28,0.35903737302837585,1.1991462692490373,44.04585103602674,0.0,0.02666666666666667,0.0008164138514533202,0.0,0.0
nominal,LMPC-H40,29,0.2200091211769184,0.7211877734318831,29.490690663117334,0.0,0.018333333333333333,0.0005205848518378203,0.0,0.0
nominal,LMPC-H40,30,0.2713477268739757,0.9487965047476848,25.648488328650238,0.0,0.035,0.0010528322138947015,0.0,0.0
nominal,LMPC-H40,31,0.06406343305000561,0.32384160328132117,12.142126859178648,0.0,0.016666666666666666,0.00045431043820593793,0.0,0.0
nominal,LMPC-H40,32,0.16966800194968823,0.48492550864561773,73.0714558480082,0.0,0.085,0.0014794438566509362,0.0,0.0
nominal,LMPC-H40,33,0.1768553999155483,0.6004174642298685,28.171006085625407,0.0,0.0016666666666666668,0.00032996066264160393,0.0,0.0
nominal,LMPC-H40,34,0.05291845820171825,0.24631743247833648,12.69842778766008,0.0,0.01,0.0003993846456686147,0.0,0.0
nominal,LMPC-H40,35,0.2029243776538537,0.6920471011236616,29.026164546218308,0.0,0.008333333333333333,0.0003732229825169326,0.0,0.0
nominal,LMPC-H40,36,0.32274230868512127,1.132632417932397,41.663800044793675,0.0,0.015,0.0006600426736014915,0.0,0.0
nominal,LMPC-H40,37,0.2565505886838039,0.8748957556775644,33.19760404502018,0.0,0.01,0.0005438248344022672,0.0,0.0
nominal,LMPC-H40,38,0.08121622411827858,0.2654593745578265,16.53692652473529,0.0,0.011666666666666667,0.0004081420922170069,0.0,0.0
nominal,LMPC-H40,39,0.07383826057289983,0.2305858893700343,14.311766608518058,0.0,0.016666666666666666,0.0007618341836401993,0.0,0.0
nominal,LMPC-H40,40,0.07954173267694502,0.23651590241437176,14.806476423272292,0.0,0.021666666666666667,0.0009698464752721925,0.0,0.0
nominal,LMPC-H40,41,0.16876056845770918,0.7433870678989966,10.473350060775743,0.0,0.0016666666666666668,0.0003700550397142592,0.0,0.0
nominal,LMPC-H40,42,0.08955420793278743,0.2899684031173983,20.859154200194812,0.0,0.016666666666666666,0.0007681468149460351,0.0,0.0
nominal,LMPC-H40,43,0.2515840892137847,0.8449422194160258,121.77505064031755,1.0,0.135,0.002894516507243146,0.0,0.0
nominal,LMPC-H40,44,0.23069863401394303,0.7532567832883262,53.332605382248104,0.0,0.04,0.0011261608832224318,0.0,0.0
nominal,LMPC-H40,45,0.09344997539098217,0.4249746781463752,21.028087036601043,0.0,0.03333333333333333,0.0010484387897988345,0.0,0.0
nominal,LMPC-H40,46,0.27161078494422514,0.9642827704346553,68.27455953585654,0.0,0.11833333333333333,0.0017761810738258115,0.0,0.0
nominal,LMPC-H40,47,0.337539064340247,1.060139196760282,61.85751246350926,0.0,0.056666666666666664,0.001181196469013863,0.0,0.0
nominal,LMPC-H40,48,0.16254139739783466,0.7790605340174267,6.220963419123279,0.0,0.018333333333333333,0.0005001103672144189,0.0,0.0
nominal,LMPC-H40,49,0.19406219958900103,0.6373613375196738,27.545239838689646,0.0,0.016666666666666666,0.0004844124416473599,0.0,0.0
nominal,LMPC-H40,50,0.2758832451101536,1.0531403744068415,40.41954726078487,0.0,0.0,0.0004179820793776569,0.0,0.0
nominal,LMPC-H40,51,0.3123270061587203,0.981047814260401,37.98586313171309,0.0,0.018333333333333333,0.0008378528984638147,0.0,0.0
nominal,LMPC-H40,52,0.15460655512189145,0.7222085233517547,7.016325088138355,0.0,0.011666666666666667,0.0004253325305938656,0.0,0.0
nominal,LMPC-H40,53,0.056802145653693834,0.32179755507274277,7.727106709108391,0.0,0.055,0.0011876218258259795,0.0,0.0
nominal,LMPC-H40,54,0.29069231654991173,1.0176944022238255,36.10466601177126,0.0,0.018333333333333333,0.0006012133959964966,0.0,0.0
nominal,LMPC-H40,55,0.25078647295206136,0.7688740159789714,34.85189629814231,0.0,0.02666666666666667,0.0009133175422434212,0.0,0.0
nominal,LMPC-H40,56,0.18856342569300422,0.6684088025364532,28.389397107673577,0.0,0.008333333333333333,0.0004142718490510657,0.0,0.0
nominal,LMPC-H40,57,0.29461141702616256,0.9615456006736972,72.1170664202991,0.0,0.05,0.001245428229663866,0.0,0.0
nominal,LMPC-H40,58,0.1347802297461915,0.5186535833777217,43.25100552413056,0.0,0.13333333333333333,0.0017875138441436956,0.0,0.0
nominal,LMPC-H40,59,0.21298689600221332,0.9764975159305326,11.586689052257128,0.0,0.018333333333333333,0.00085503647545637,0.0,0.0
nominal,LMPC-H40,60,0.16461616899883558,0.6829902633786789,32.635633248875266,0.0,0.105,0.001538554825584654,0.0,0.0
nominal,LMPC-H40,61,0.24934711010715066,1.0434723085045596,14.156148197022839,0.0,0.028333333333333332,0.000582647650836279,0.0,0.0
nominal,LMPC-H40,62,0.06596588813517998,0.3572705130313524,5.729964889119059,0.0,0.0,0.0003148529157233636,0.0,0.0
nominal,LMPC-H40,63,0.2259083678267897,0.6170811509903068,93.33398962186573,1.0,0.10166666666666667,0.0019940799901799564,0.0,0.0
nominal,LMPC-H40,64,0.14913210137779356,0.7717277253394077,11.378666282299085,0.0,0.013333333333333334,0.00043108235378473654,0.0,0.0
nominal,LMPC-H40,65,0.1579898425940017,0.8176748022042615,8.481210352835046,0.0,0.023333333333333334,0.0005638476589882587,0.0,0.0
nominal,LMPC-H40,66,0.10974897270360486,0.361707117319297,23.28206908342271,0.0,0.008333333333333333,0.0005019982223356861,0.0,0.0
nominal,LMPC-H40,67,0.17188151403274865,0.6193021246211216,26.127198753435227,0.0,0.005,0.0003595999394027198,0.0,0.0
nominal,LMPC-H40,68,0.2894705139908393,0.893273725306126,40.59258584945637,0.0,0.02666666666666667,0.0009173655899777274,0.0,0.0
nominal,LMPC-H40,69,0.15826405170201188,0.7301426088780244,7.703707413503334,0.0,0.0,0.00029602620042691027,0.0,0.0
nominal,LMPC-H40,70,0.13070376394618377,0.4132198178598015,57.82331249412832,0.0,0.06833333333333333,0.0012558118927836009,0.0,0.0
nominal,LMPC-H40,71,0.259227577271217,0.8190481802677608,31.311627804295593,0.0,0.035,0.0010406468470659368,0.0,0.0
nominal,LMPC-H40,72,0.0986943802711068,0.5189016950219419,6.399499685201996,0.0,0.06166666666666667,0.0012040682726115592,0.0,0.0
nominal,LMPC-H40,73,0.04289083295766947,0.2726259548233403,6.311378012188871,0.0,0.0,0.00031413576606933844,0.0,0.0
nominal,LMPC-H40,74,0.22652698652089576,0.6909846658322168,45.13662462376914,0.0,0.05,0.0011268206373335925,0.0,0.0
nominal,LMPC-H40,75,0.06237808097080009,0.40229451724221554,11.090897953068842,0.0,0.023333333333333334,0.000540410742360841,0.0,0.0
nominal,LMPC-H40,76,0.08573675808360386,0.2658928417200786,15.124494536022784,0.0,0.016666666666666666,0.0007893149380363996,0.0,0.0
nominal,LMPC-H40,77,0.09315021158666892,0.3035741459566038,17.640611850578175,0.0,0.016666666666666666,0.0004529616022549668,0.0,0.0
nominal,LMPC-H40,78,0.15995622329881917,0.5392479242017993,25.109036508703408,0.0,0.011666666666666667,0.0004590689129505559,0.0,0.0
nominal,LMPC-H40,79,0.18061522728465845,0.5717288027308283,23.345324728647732,0.0,0.018333333333333333,0.0008176172537775948,0.0,0.0
nominal,LMPC-H40,80,0.08736223072534319,0.45830283637060404,6.4926118838978715,0.0,0.08833333333333333,0.0014458022354550417,0.0,0.0
nominal,LMPC-H40,81,0.036799243374313485,0.12867514244195882,9.779845521188259,0.0,0.016666666666666666,0.000805398013892181,0.0,0.0
nominal,LMPC-H40,82,0.24600288271416487,0.8490542780281402,63.66340773785975,0.0,0.06833333333333333,0.0013219793108541495,0.0,0.0
nominal,LMPC-H40,83,0.09988699472701719,0.5217542625423326,5.849722257588709,0.0,0.006666666666666667,0.0003762554732109663,0.0,0.0
nominal,LMPC-H40,84,0.13899490046228077,0.7298056453060885,12.628219809815388,0.0,0.013333333333333334,0.0007208234476689369,0.0,0.0
nominal,LMPC-H40,85,0.08677509095297481,0.4534147663334302,13.460575995820614,0.0,0.02666666666666667,0.0005866087432869397,0.0,0.0
nominal,LMPC-H40,86,0.2637696615543694,0.9171497812183442,35.50760330955758,0.0,0.011666666666666667,0.0005211443425800908,0.0,0.0
nominal,LMPC-H40,87,0.04440904487892335,0.23593711309151869,9.546324915010606,0.0,0.008333333333333333,0.0005291215807519817,0.0,0.0
nominal,LMPC-H40,88,0.21612631457626594,0.6535770079333868,28.266654437981128,0.0,0.03,0.0010037654426774839,0.0,0.0
nominal,LMPC-H40,89,0.21890651414968354,0.6450874333804486,112.10462891703109,1.0,0.12166666666666667,0.0024200750208254276,0.0,0.0
nominal,LMPC-H40,90,0.22009404139273564,0.9936740021822983,14.875651896568462,0.0,0.07333333333333333,0.0013021193466455651,0.0,0.0
nominal,LMPC-H40,91,0.18258319397386652,0.8453447364885059,10.342417657289063,0.0,0.01,0.0005453526442558906,0.0,0.0
nominal,LMPC-H40,92,0.04898355396963493,0.35671221343880694,7.015808867950128,0.0,0.013333333333333334,0.00046474976092883386,0.0,0.0
nominal,LMPC-H40,93,0.20794945229716214,0.9551971140939258,7.950817727202418,0.0,0.02666666666666667,0.0005638584474506652,0.0,0.0
nominal,LMPC-H40,94,0.11359398057900957,0.5734102603507283,7.217703510728901,0.0,0.11166666666666666,0.0015839079842052154,0.0,0.0
nominal,LMPC-H40,95,0.17854663767410933,0.585188756888099,72.58584007608636,0.0,0.06833333333333333,0.0013637115208688915,0.0,0.0
nominal,LMPC-H40,96,0.24771889512557765,0.9095543213917213,36.74817647776226,0.0,0.0033333333333333335,0.00038783821981081896,0.0,0.0
nominal,LMPC-H40,97,0.12227663681953858,0.5347189612152752,27.918964991067195,0.0,0.105,0.0015502833554041785,0.0,0.0
nominal,LMPC-H40,98,0.15663748976868574,0.4956388398481802,26.039301309796986,0.0,0.015,0.0007108850696275249,0.0,0.0
nominal,LMPC-H40,99,0.08332947120397291,0.2568420803580378,15.51175366087139,0.0,0.02,0.0008713015998795262,0.0,0.0
nominal,PD+MLP+RTA,0,0.30236424257659766,0.9100981168461431,20.182104960900467,0.0,0.0,0.00025714130775615233,0.0,0.00010452008953328443
nominal,PD+MLP+RTA,1,0.2536635690348815,0.9170151413377274,6.015232842677387,0.0,0.0,0.0002819620856722756,0.0,4.3474867774035054e-05
nominal,PD+MLP+RTA,2,0.1884644552050993,0.5408131476805879,9.748931766278801,0.0,0.0,0.0003366223814210927,0.0,4.6379480081155166e-05
nominal,PD+MLP+RTA,3,0.31743561418469113,0.93481470158811,28.094611066093627,0.0,0.0,0.00027690543512513214,0.0,0.00018373891659157144
nominal,PD+MLP+RTA,4,0.1701783870032193,0.5544866455854236,10.112400495393382,0.0,0.0,0.00031289954854017243,0.0,4.6978126806583744e-05
nominal,PD+MLP+RTA,5,0.2235657882799412,0.7424739066165774,6.513792781519773,0.0,0.0,0.00028890846549616374,0.0,4.4516235413926185e-05
nominal,PD+MLP+RTA,6,0.1752225442494614,0.5758620692798005,10.919490506986957,0.0,0.0,0.00031799254534506713,0.0,5.0033387921378735e-05
nominal,PD+MLP+RTA,7,0.3197636499307851,0.9665502920389569,21.39593292642234,0.0,0.0,0.0002073143826254641,0.0,0.0001245119814400549
nominal,PD+MLP+RTA,8,0.1422751444581318,0.4056631434458956,9.913185629313983,0.0,0.0,0.00030017054252990375,0.0,4.621447900249863e-05
nominal,PD+MLP+RTA,9,0.3033591259371755,0.8942777988227717,23.9332300922577,0.0,0.0,0.00024673859380232793,0.0,0.00014022227148356438
nominal,PD+MLP+RTA,10,0.19228389161998125,0.8728384961260387,5.984445662651115,0.0,0.0,0.0002116783555820088,0.0,5.042948869015196e-05
nominal,PD+MLP+RTA,11,0.1612510788877165,0.6495982482471874,6.007882284564232,0.0,0.0,0.00023784748126056858,0.0,4.205514611901816e-05
nominal,PD+MLP+RTA,12,0.2653830326986252,0.7720400137961899,19.049428551558375,0.0,0.0,0.0003211389050433798,0.0,9.363657550415935e-05
nominal,PD+MLP+RTA,13,0.3950220454653807,1.168502063098835,34.70749127326049,0.0,0.0,0.00022554214357142037,0.0,0.0002812851983242459
nominal,PD+MLP+RTA,14,0.3589536471369321,1.062554445133264,24.907445420501823,0.0,0.0,0.0003270276045124915,0.0,0.0001498143519865709
nominal,PD+MLP+RTA,15,0.21187745249810744,0.7495996152868857,6.9834069598671595,0.0,0.0,0.00033892250129870737,0.0,4.52651071043211e-05
nominal,PD+MLP+RTA,16,0.13819581498084105,0.4732300626566854,17.031666996900903,0.0,0.0,0.0002060599479174726,0.0,8.606378292798716e-05
nominal,PD+MLP+RTA,17,0.25658688033984545,0.7561840014506966,22.417159682196456,0.0,0.0,0.00024178835557157256,0.0,0.0001227022006364223
nominal,PD+MLP+RTA,18,0.2766501592782964,0.8178548044036085,21.46258032405528,0.0,0.0,0.0002655441203873479,0.0,0.00011673239640681336
nominal,PD+MLP+RTA,19,0.31252989047347224,0.9165176661537042,25.88179078141661,0.0,0.0,0.00023048966487632428,0.0,0.00015961840864050565
nominal,PD+MLP+RTA,20,0.2073745793135194,0.6094922974775099,17.28993274762294,0.0,0.0,0.0002391366031259992,0.0,8.576202850669993e-05
nominal,PD+MLP+RTA,21,0.07568979479120139,0.2016002960810603,10.305650162041978,0.0,0.0,0.00022595630174457865,0.0,5.568985274190936e-05
nominal,PD+MLP+RTA,22,0.16906768397652586,0.49421430098144814,16.18026900917153,0.0,0.0,0.00020677561134049247,0.0,8.684072303857022e-05
nominal,PD+MLP+RTA,23,0.16638110437323084,0.5000414441902117,20.13686190280477,0.0,0.0,0.0002232948762049008,0.0,0.00010330487647471327
nominal,PD+MLP+RTA,24,0.20390465922756976,0.6317728455333,5.998397182548349,0.0,0.0,0.00036181937562027516,0.0,4.359143025726025e-05
nominal,PD+MLP+RTA,25,0.1641875446525459,0.6259273478381225,6.87368074126374,0.0,0.0,0.00028933856761424124,0.0,4.222309422087455e-05
nominal,PD+MLP+RTA,26,0.285277909479644,0.827733633508385,22.781410440306356,0.0,0.0,0.00028410953799691335,0.0,0.0001225413918908815
nominal,PD+MLP+RTA,27,0.23543815082683398,0.6965894756935207,22.98086807899222,0.0,0.0,0.0002384098396163487,0.0,0.00012662901743689303
nominal,PD+MLP+RTA,28,0.4270627797180988,1.255903822142572,34.625574757900445,0.0,0.0,0.00022123243318929758,0.0,0.00028843211357036896
nominal,PD+MLP+RTA,29,0.2835148109621177,0.8212616643620929,25.615840479519377,0.0,0.0,0.00020603748938580958,0.0,0.00016179662776770487
nominal,PD+MLP+RTA,30,0.28439451845183317,0.9488800343568917,10.29017087056632,0.0,0.0,0.0002883602314604694,0.0,5.353524385924302e-05
nominal,PD+MLP+RTA,31,0.10417453005231267,0.32504082621102065,13.16363323344929,0.0,0.0,0.00021189242694973228,0.0,6.749228522032256e-05
nominal,PD+MLP+RTA,32,0.20920295582527487,0.5968542539780924,13.312672384193977,0.0,0.0,0.0003153730698566035,0.0,5.806483592618476e-05
nominal,PD+MLP+RTA,33,0.2660460276992453,0.7848981350725422,25.76510176782673,0.0,0.0,0.0002241824518537535,0.0,0.00015393941908588277
nominal,PD+MLP+RTA,34,0.08605329387782053,0.24769548478161943,10.22301531699188,0.0,0.0,0.00021862792734786903,0.0,5.792496180366767e-05
nominal,PD+MLP+RTA,35,0.28352339073032323,0.825879500761712,25.147839874398088,0.0,0.0,0.00021219030999739387,0.0,0.00015243993133161232
nominal,PD+MLP+RTA,36,0.4022438981276145,1.1966170201367832,31.543060334734104,0.0,0.0,0.00021953315316562734,0.0,0.00024543833694187756
nominal,PD+MLP+RTA,37,0.3047812358061745,0.9204786972261105,20.488473565486633,0.0,0.0,0.0002437391409566094,0.0,0.00010640304830002101
nominal,PD+MLP+RTA,38,0.12474285179856565,0.3478452323886075,13.160720376069413,0.0,0.0,0.00021609937660765544,0.0,6.764721702692712e-05
nominal,PD+MLP+RTA,39,0.11608518844167985,0.33057998518437637,10.280612169294692,0.0,0.0,0.00025983312882122084,0.0,4.873046877540843e-05
nominal,PD+MLP+RTA,40,0.1255641033792838,0.35352863062609147,10.452688282599462,0.0,0.0,0.0002758143336966324,0.0,5.0612359810645514e-05
nominal,PD+MLP+RTA,41,0.20875759577840752,0.7430440270529626,7.091796599337433,0.0,0.0,0.00024182122409821657,0.0,4.434690354069643e-05
nominal,PD+MLP+RTA,42,0.12187413470766928,0.35109316012230063,14.884254834765956,0.0,0.0,0.0002554486364936014,0.0,6.529612060616098e-05
nominal,PD+MLP+RTA,43,0.2507046127106735,0.6982073792562441,22.84653254718902,0.0,0.0,0.0003335786707748466,0.0,0.0001165438797761002
nominal,PD+MLP+RTA,44,0.2407012367921736,0.706774779609417,24.43749012585977,0.0,0.0,0.0002860914650807976,0.0,0.00013524790248314381
nominal,PD+MLP+RTA,45,0.13219059500734923,0.4260310688130562,13.155316010121007,0.0,0.0,0.00028020465297968913,0.0,5.605593636715562e-05
nominal,PD+MLP+RTA,46,0.2740759715445559,0.9650106978642923,6.0089813558464105,0.0,0.0,0.0003443346949626381,0.0,4.730792287828629e-05
nominal,PD+MLP+RTA,47,0.37014362798375283,1.128131194509946,23.680769866298483,0.0,0.0,0.0002952905646085937,0.0,0.00013684804669708228
nominal,PD+MLP+RTA,48,0.18240361359457516,0.7797291197074975,6.0020923590933615,0.0,0.0,0.0002134306957072945,0.0,4.719429205662795e-05
nominal,PD+MLP+RTA,49,0.2595972296656464,0.7541058722586788,24.693962563450004,0.0,0.0,0.00020710643234637672,0.0,0.00014919190248908578
nominal,PD+MLP+RTA,50,0.3686911356827603,1.1173427270225855,24.995945862490977,0.0,0.0,0.00023141807032519,0.0,0.00015490117912138796
nominal,PD+MLP+RTA,51,0.3413924200432652,1.0250723096837429,23.266016328520994,0.0,0.0,0.00025988266676608897,0.0,0.0001322509919960277
nominal,PD+MLP+RTA,52,0.1806956554860773,0.7229081120392735,6.959554973667293,0.0,0.0,0.00021994073748502133,0.0,4.499197452534822e-05
nominal,PD+MLP+RTA,53,0.12324346624773495,0.341312769728578,7.428283142948147,0.0,0.0,0.000290086906946431,0.0,4.15575028807889e-05
nominal,PD+MLP+RTA,54,0.3421527841578123,1.0285203588098772,23.128139298103754,0.0,0.0,0.00020788217808673885,0.0,0.00013887785480825636
nominal,PD+MLP+RTA,55,0.27184424525273615,0.7989243537212972,20.708858576661736,0.0,0.0,0.00026225120790773564,0.0,0.00010860715971374724
nominal,PD+MLP+RTA,56,0.25015454382735725,0.7318951348171341,19.130542380776703,0.0,0.0,0.0002182591599820781,0.0,0.00010312040839399998
nominal,PD+MLP+RTA,57,0.31585477978513343,0.9245979783893048,26.72129027028433,0.0,0.0,0.00028156672086713304,0.0,0.0001604563744713708
nominal,PD+MLP+RTA,58,0.1873467940368965,0.5617812972283367,9.434080240928772,0.0,0.0,0.00034730531978355555,0.0,4.550224597440538e-05
nominal,PD+MLP+RTA,59,0.24043432235503018,0.9769523660423947,8.570478514052146,0.0,0.0,0.00027207715259387955,0.0,4.369905895754827e-05
nominal,PD+MLP+RTA,60,0.20447296707235504,0.683864830553639,6.000748916786988,0.0,0.0,0.00032750914777012786,0.0,4.2459594597195985e-05
nominal,PD+MLP+RTA,61,0.2781311192582545,1.04404082628453,8.660107784273524,0.0,0.0,0.00021070094651206434,0.0,5.002053397202729e-05
nominal,PD+MLP+RTA,62,0.08687025548967037,0.3569582283572385,5.998970431946788,0.0,0.0,0.000238306519594334,0.0,4.312043403049873e-05
nominal,PD+MLP+RTA,63,0.2479478892089006,0.7166437255973094,15.786782202764746,0.0,0.0,0.0003270126007433944,0.0,6.95666567867701e-05
nominal,PD+MLP+RTA,64,0.15403785462727315,0.7719545968270132,11.314486602437043,0.0,0.0,0.0002180992430884301,0.0,5.293279008688008e-05
nominal,PD+MLP+RTA,65,0.17008453525645467,0.8182166709456039,7.197836930732131,0.0,0.0,0.0002083305858723895,0.0,5.0960102545342335e-05
nominal,PD+MLP+RTA,66,0.16125338498408184,0.48928003938612985,19.9976237042005,0.0,0.0,0.00023677539166397452,0.0,9.733602533117274e-05
nominal,PD+MLP+RTA,67,0.2192880503245473,0.6529797059871226,16.10241508546532,0.0,0.0,0.00022025646257427579,0.0,7.949678038039503e-05
nominal,PD+MLP+RTA,68,0.3088556031349394,0.9081583166357126,23.64691212718319,0.0,0.0,0.00026967008199173297,0.0,0.00013688774488338683
nominal,PD+MLP+RTA,69,0.19584863583856169,0.7300172011936311,9.254110839703994,0.0,0.0,0.0002360488295557915,0.0,4.477656630883049e-05
nominal,PD+MLP+RTA,70,0.17583586935356824,0.4886615245955288,14.612533311803462,0.0,0.0,0.000294157666485748,0.0,6.226126463134285e-05
nominal,PD+MLP+RTA,71,0.29057511250557216,0.8857007214716988,19.072980033184773,0.0,0.0,0.00027877818392341646,0.0,8.957193105638086e-05
nominal,PD+MLP+RTA,72,0.1494743857132776,0.5198075231257743,5.993954369982089,0.0,0.0,0.00028904727667111203,0.0,4.042426055536207e-05
nominal,PD+MLP+RTA,73,0.06528519493357104,0.27224991184401814,7.036489165290124,0.0,0.0,0.0002361153867369585,0.0,4.565863893675943e-05
nominal,PD+MLP+RTA,74,0.25650052511346155,0.754201794066255,17.79562582077971,0.0,0.0,0.00028194741596606395,0.0,8.628959749439722e-05
nominal,PD+MLP+RTA,75,0.08692980642891744,0.40354952687883877,10.476828953822892,0.0,0.0,0.00021176657630032704,0.0,5.0144570916550234e-05
nominal,PD+MLP+RTA,76,0.12744728091758084,0.36747926158214633,11.09999812218059,0.0,0.0,0.00026355102600304406,0.0,5.0231971038676965e-05
nominal,PD+MLP+RTA,77,0.14249762593240592,0.4039677507678511,17.06740774066644,0.0,0.0,0.00021028083072305363,0.0,8.492160664372406e-05
nominal,PD+MLP+RTA,78,0.2160384754582881,0.6239109032548832,19.268755873762935,0.0,0.0,0.00021236692896301187,0.0,0.00010452378201256293
nominal,PD+MLP+RTA,79,0.21551919490458404,0.6457247613309353,16.356150579976124,0.0,0.0,0.0002723888649127931,0.0,7.221238395634406e-05
nominal,PD+MLP+RTA,80,0.1578651828294951,0.46587744986627566,5.995117171701012,0.0,0.0,0.0003177470734954669,0.0,4.134826820303553e-05
nominal,PD+MLP+RTA,81,0.0929023558927536,0.2515250952236548,9.913995131357483,0.0,0.0,0.0002652445933572866,0.0,4.38977331875129e-05
nominal,PD+MLP+RTA,82,0.2660460466139427,0.849365909855887,10.941452038185686,0.0,0.0,0.00031925332125637765,0.0,5.821694541092286e-05
nominal,PD+MLP+RTA,83,0.11731563272800158,0.522438306584253,5.998956436818731,0.0,0.0,0.00022471887416565772,0.0,4.571171040405938e-05
nominal,PD+MLP+RTA,84,0.16279765789682918,0.7303086949306862,11.149937466391778,0.0,0.0,0.00025835044012671103,0.0,4.977960012275175e-05
nominal,PD+MLP+RTA,85,0.11070601981771573,0.4545536356325275,10.869877877620155,0.0,0.0,0.00020880567869921868,0.0,5.447365394369365e-05
nominal,PD+MLP+RTA,86,0.34413494281736007,1.0112449072763154,28.243065874349117,0.0,0.0,0.0002147156727349943,0.0,0.0001968305536645293
nominal,PD+MLP+RTA,87,0.07724022417262004,0.23552764805537843,9.526484823945319,0.0,0.0,0.00025099411021113204,0.0,4.200860099932077e-05
nominal,PD+MLP+RTA,88,0.24411367054225883,0.7212343345552233,17.365861374796165,0.0,0.0,0.0002779621584582285,0.0,8.187499984408038e-05
nominal,PD+MLP+RTA,89,0.2393675222794905,0.6731821508761298,18.29334624716839,0.0,0.0,0.0003417443474202636,0.0,8.185493359611782e-05
nominal,PD+MLP+RTA,90,0.2603326289127873,0.9943910485956764,7.141372502419317,0.0,0.0,0.00030013674621679485,0.0,4.467078355563253e-05
nominal,PD+MLP+RTA,91,0.2028307212696464,0.8455719419042148,6.622462532196475,0.0,0.0,0.0002499441968277417,0.0,4.128004862349094e-05
nominal,PD+MLP+RTA,92,0.07069030744613991,0.357957588484332,7.032049182470107,0.0,0.0,0.0002159580745817114,0.0,5.1815375451265385e-05
nominal,PD+MLP+RTA,93,0.23083360980742884,0.9558066334008575,6.007033488799913,0.0,0.0,0.00021185185669588626,0.0,4.765462920539513e-05
nominal,PD+MLP+RTA,94,0.1798942816942447,0.574424424811881,5.996729070933443,0.0,0.0,0.0003314299488519218,0.0,4.1809771586256936e-05
nominal,PD+MLP+RTA,95,0.21112002662678542,0.5990661866755133,17.860568752373915,0.0,0.0,0.00030798519970686355,0.0,8.140572048984213e-05
nominal,PD+MLP+RTA,96,0.33655348001238017,0.9993416296531994,25.459851647068472,0.0,0.0,0.00021992225977542385,0.0,0.0001586792143785752
nominal,PD+MLP+RTA,97,0.1771268133581756,0.5376733754289084,5.999863334879128,0.0,0.0,0.00033276698834360625,0.0,4.229337258536597e-05
nominal,PD+MLP+RTA,98,0.18991471428952478,0.5590198870817015,17.39458856231381,0.0,0.0,0.00025202782039079506,0.0,8.24330747191633e-05
nominal,PD+MLP+RTA,99,0.12340144383589222,0.3504195690752703,10.846156224087562,0.0,0.0,0.00026879095246654143,0.0,5.2212695633317836e-05
nominal,PD+CeNN,0,0.302455638824476,0.910179129488473,20.154051714187634,0.0,0.0,0.00025743454679955915,0.0,0.0001082490610270433
nominal,PD+CeNN,1,0.25381121420378294,0.9170156011223244,6.014287313322205,0.0,0.0,0.00028148054306173227,0.0,4.654717062190977e-05
nominal,PD+CeNN,2,0.18865413412926726,0.540910226367678,9.724476577753961,0.0,0.0,0.00033673443564193967,0.0,3.604354366053879e-05
nominal,PD+CeNN,3,0.3174291907723136,0.935020709954733,28.12114145044304,0.0,0.0,0.00027706954240182345,0.0,0.0001871948807668026
nominal,PD+CeNN,4,0.17049099242881138,0.5544881635981713,10.130486665273335,0.0,0.0,0.00031271519280457556,0.0,3.9344892077949076e-05
nominal,PD+CeNN,5,0.22365612620252895,0.7424743686710616,6.539474269256504,0.0,0.0,0.0002884868455292284,0.0,4.4963870669088235e-05
nominal,PD+CeNN,6,0.1755278581107493,0.5758637131318725,10.94197050769427,0.0,0.0,0.0003177765190898687,0.0,4.503971161678531e-05
nominal,PD+CeNN,7,0.3200100850447924,0.9665882159701074,21.343008781697016,0.0,0.0,0.00020731308028448006,0.0,0.00011318555802984299
nominal,PD+CeNN,8,0.14251433076436804,0.4059250323935772,9.867380592476467,0.0,0.0,0.0003002155787996648,0.0,3.3139033175452934e-05
nominal,PD+CeNN,9,0.30345174259950447,0.894468376695685,23.92175971969209,0.0,0.0,0.00024687862433798346,0.0,0.00014136673353201546
nominal,PD+CeNN,10,0.19245289837747176,0.872836744341234,5.9822499598556,0.0,0.0,0.0002113525583766302,0.0,4.846603921858913e-05
nominal,PD+CeNN,11,0.16146979492587948,0.6495974578834524,6.00740242818509,0.0,0.0,0.00023741991094090636,0.0,4.2186382883136646e-05
nominal,PD+CeNN,12,0.26545342835623986,0.7722264202654062,19.04058451123804,0.0,0.0,0.0003214185744394126,0.0,9.770224426529038e-05
nominal,PD+CeNN,13,0.39502213482028864,1.168590599080214,34.730054016089625,0.0,0.0,0.00022567748186744257,0.0,0.0002792351658320855
nominal,PD+CeNN,14,0.3589045183947054,1.062634360779005,24.90621266106912,0.0,0.0,0.0003275266716762956,0.0,0.00016099837700104906
nominal,PD+CeNN,15,0.21212687374093903,0.7496011778746576,7.0239310141737406,0.0,0.0,0.0003386366061596369,0.0,3.725918025771025e-05
nominal,PD+CeNN,16,0.1385211104313706,0.47322733375504283,17.009271730504636,0.0,0.0,0.00020588896301680223,0.0,7.307767790810716e-05
nominal,PD+CeNN,17,0.2567417845962403,0.7564498397443578,22.405474217913792,0.0,0.0,0.00024183960197964805,0.0,0.00011937741767044025
nominal,PD+CeNN,18,0.27677502009917626,0.818091745014713,21.44021232123909,0.0,0.0,0.0002657022750151948,0.0,0.00011673280907127556
nominal,PD+CeNN,19,0.3126139593173795,0.9166978166110265,25.88244138376176,0.0,0.0,0.0002305695268165529,0.0,0.00015975322864933495
nominal,PD+CeNN,20,0.20765568353565583,0.6098292660031289,17.249553433223184,0.0,0.0,0.00023913801351028394,0.0,7.634157310844488e-05
nominal,PD+CeNN,21,0.07645811799800924,0.2025510168782806,10.262922636434894,0.0,0.0,0.00022573835151666166,0.0,3.4406237606620274e-05
nominal,PD+CeNN,22,0.16938544662855723,0.49421170487690175,16.144749757950546,0.0,0.0,0.00020668247005269213,0.0,6.321898062275963e-05
nominal,PD+CeNN,23,0.1667315201660356,0.5005511584654073,20.129496281207228,0.0,0.0,0.00022309896551669836,0.0,9.449248189864453e-05
nominal,PD+CeNN,24,0.20405005919149757,0.6318036166014195,5.997728875042785,0.0,0.0,0.00036179089748788253,0.0,2.638953745262786e-05
nominal,PD+CeNN,25,0.16458057408935153,0.6259285815417109,6.893774339946225,0.0,0.0,0.0002888635654389698,0.0,4.0542011426844774e-05
nominal,PD+CeNN,26,0.2853380465906475,0.8279516080062252,22.78887739041764,0.0,0.0,0.0002843182393808503,0.0,0.00012703867416513086
nominal,PD+CeNN,27,0.23560914102587238,0.6969273373563115,22.98136204730125,0.0,0.0,0.0002383772769108503,0.0,0.0001226727355135215
nominal,PD+CeNN,28,0.42714847362316805,1.2559587241543733,34.62747122242516,0.0,0.0,0.00022128650565546567,0.0,0.0002813894094968454
nominal,PD+CeNN,29,0.28368076504718637,0.8214009080306327,25.603696194610375,0.0,0.0,0.0002059791499987555,0.0,0.0001517002940383411
nominal,PD+CeNN,30,0.28444032222969445,0.9488801900508184,10.307662118491985,0.0,0.0,0.00028789146580689417,0.0,6.112296187897454e-05
nominal,PD+CeNN,31,0.1047271317813011,0.3250382781389775,13.134410955306194,0.0,0.0,0.00021167272349829227,0.0,5.0163052424528274e-05
nominal,PD+CeNN,32,0.20937488524624648,0.5970351728356234,13.31081750680659,0.0,0.0,0.000315569668943537,0.0,5.62996164699599e-05
nominal,PD+CeNN,33,0.2661618887360484,0.7851170528818764,25.772532486826705,0.0,0.0,0.0002241654876258733,0.0,0.0001501875561251939
nominal,PD+CeNN,34,0.08670810454835748,0.2476929588440362,10.174744924918365,0.0,0.0,0.00021843855064945355,0.0,3.432063660059314e-05
nominal,PD+CeNN,35,0.2836823037861716,0.8260766758986704,25.14087954866332,0.0,0.0,0.00021216395769348598,0.0,0.00014592455308537393
nominal,PD+CeNN,36,0.40234836979830174,1.1967111852764838,31.533283588272848,0.0,0.0,0.00021954375589668386,0.0,0.00024008856846677458
nominal,PD+CeNN,37,0.30491267880215683,0.9205695340992923,20.44640051465577,0.0,0.0,0.00024396517064511028,0.0,0.00010750926304742399
nominal,PD+CeNN,38,0.1252630899197923,0.3483497174638155,13.118660505133626,0.0,0.0,0.00021594854716457552,0.0,4.626398482772861e-05
nominal,PD+CeNN,39,0.11653521151741306,0.33110181235927283,10.240024734746518,0.0,0.0,0.0002597855518626701,0.0,3.521227074332905e-05
nominal,PD+CeNN,40,0.1259602794895902,0.3540270916578125,10.412127953235572,0.0,0.0,0.00027573660345141373,0.0,3.7517689019893e-05
nominal,PD+CeNN,41,0.20883224648178386,0.7430432794829027,7.127776491113646,0.0,0.0,0.00024134616509109789,0.0,5.024100360154733e-05
nominal,PD+CeNN,42,0.12233935312734917,0.3517595990990265,14.879926675523585,0.0,0.0,0.000255253711962719,0.0,5.94090398198726e-05
nominal,PD+CeNN,43,0.25071081257833744,0.698371547535886,22.889897019507107,0.0,0.0,0.00033373201157119284,0.0,0.00011795361684606219
nominal,PD+CeNN,44,0.24079007502793884,0.7070933975179311,24.466239982592565,0.0,0.0,0.0002861091717470741,0.0,0.0001355433007548456
nominal,PD+CeNN,45,0.13266309980808735,0.42603258918150355,13.171075288189702,0.0,0.0,0.0002798725089143884,0.0,5.372157303961552e-05
nominal,PD+CeNN,46,0.2742007964760506,0.9650118123813783,6.007471914278312,0.0,0.0,0.00034404290766075154,0.0,3.8583121922633725e-05
nominal,PD+CeNN,47,0.37011173724468066,1.1281460840087227,23.65311822670357,0.0,0.0,0.0002958267009870085,0.0,0.00014826722122335766
nominal,PD+CeNN,48,0.18253597126829862,0.7797272097019083,6.001263655773344,0.0,0.0,0.0002130163066376734,0.0,4.53548541249373e-05
nominal,PD+CeNN,49,0.2597734693693542,0.7542678420453311,24.683411931370042,0.0,0.0,0.00020703783860464694,0.0,0.00013903995134867563
nominal,PD+CeNN,50,0.3688241525979478,1.117427647353487,24.958950277816967,0.0,0.0,0.0002315592944811632,0.0,0.00015557230795698135
nominal,PD+CeNN,51,0.3414398891387891,1.025145164631172,23.239600243604382,0.0,0.0,0.000260212130402651,0.0,0.00013871513514391676
nominal,PD+CeNN,52,0.1807969472564449,0.7229063791341557,6.959121863377176,0.0,0.0,0.00021951227296805638,0.0,4.852484528593188e-05
nominal,PD+CeNN,53,0.12349285525597782,0.34143570677865287,7.417293721233805,0.0,0.0,0.0002900320617576887,0.0,2.780079863441302e-05
nominal,PD+CeNN,54,0.34236871712061223,1.0285731758167698,23.083059697187764,0.0,0.0,0.00020791026927851806,0.0,0.00013083375840200056
nominal,PD+CeNN,55,0.27194610949380027,0.7991230957421886,20.69165455712732,0.0,0.0,0.0002624447452279368,0.0,0.00011059635241534448
nominal,PD+CeNN,56,0.2504261367429323,0.7321029821019229,19.08639944920001,0.0,0.0,0.00021824731004181451,0.0,9.21288296436298e-05
nominal,PD+CeNN,57,0.3158266574025916,0.9247290840620056,26.74346217007168,0.0,0.0,0.000281825116844404,0.0,0.00016553796608171416
nominal,PD+CeNN,58,0.18737618448186272,0.5618304765269894,9.421810626205117,0.0,0.0,0.00034758918715815864,0.0,2.973579733639998e-05
nominal,PD+CeNN,59,0.2407179710714132,0.9769532661782079,8.571014718135421,0.0,0.0,0.0002713721751481803,0.0,5.5945474592974614e-05
nominal,PD+CeNN,60,0.20465471639469981,0.6838661243529512,5.999484882273481,0.0,0.0,0.0003272641557226086,0.0,3.1079973392853956e-05
nominal,PD+CeNN,61,0.2781133499083747,1.0440387949951209,8.704496551868434,0.0,0.0,0.0002103551275524591,0.0,6.080634084142258e-05
nominal,PD+CeNN,62,0.08728618928029785,0.35695719699217565,5.9986758414574055,0.0,0.0,0.00023798831354550432,0.0,3.2498274296786225e-05
nominal,PD+CeNN,63,0.24801820122376986,0.716742901361488,15.771460241929027,0.0,0.0,0.00032736357436882665,0.0,7.280711101310338e-05
nominal,PD+CeNN,64,0.15442967083729,0.7719539917339259,11.31491242474971,0.0,0.0,0.00021758961522908474,0.0,6.25937780922883e-05
nominal,PD+CeNN,65,0.17032964360508693,0.8182149146437654,7.198252931252436,0.0,0.0,0.0002079098496006,0.0,5.096895387491997e-05
nominal,PD+CeNN,66,0.16154757844719606,0.489709706472963,20.00108236527511,0.0,0.0,0.00023663226162797576,0.0,9.154811355100597e-05
nominal,PD+CeNN,67,0.21953791538523904,0.6531004907174688,16.052089477538335,0.0,0.0,0.00022030304690999814,0.0,6.805506059065356e-05
nominal,PD+CeNN,68,0.30893850983694515,0.9083665239958022,23.63804975348819,0.0,0.0,0.00026986563393123074,0.0,0.00014034183735043112
nominal,PD+CeNN,69,0.1959554506000232,0.730016319853013,9.25373559237352,0.0,0.0,0.00023565089150980406,0.0,5.180354881792545e-05
nominal,PD+CeNN,70,0.17608133952344038,0.4889969733182812,14.609772969267343,0.0,0.0,0.0002941724867390038,0.0,5.822417456647865e-05
nominal,PD+CeNN,71,0.29062863260267785,0.8857576044722179,19.044237994475477,0.0,0.0,0.00027917368561589844,0.0,9.401695353044002e-05
nominal,PD+CeNN,72,0.14980070568230563,0.5198087074618455,5.992714548718228,0.0,0.0,0.0002887919731148931,0.0,2.9485777312332617e-05
nominal,PD+CeNN,73,0.06612661150566349,0.27224897435622236,7.016080001770442,0.0,0.0,0.0002358349172970974,0.0,2.912130203118351e-05
nominal,PD+CeNN,74,0.25660527984411946,0.7543624670905451,17.76749982407925,0.0,0.0,0.0002822126380989103,0.0,8.908446451602645e-05
nominal,PD+CeNN,75,0.08734220264499123,0.40354688954930656,10.476423210855243,0.0,0.0,0.00021160328941831772,0.0,3.267498951841189e-05
nominal,PD+CeNN,76,0.1278249698435468,0.3679110699102987,11.053171822123636,0.0,0.0,0.0002635422390774359,0.0,3.7393903105429265e-05
nominal,PD+CeNN,77,0.14290109517869434,0.40427643896485865,17.045125290955408,0.0,0.0,0.00021012204841337986,0.0,6.801237881891878e-05
nominal,PD+CeNN,78,0.2163482750851366,0.6241673380823741,19.232988395132402,0.0,0.0,0.00021227664430347107,0.0,8.861301698183575e-05
nominal,PD+CeNN,79,0.21569735906727933,0.6459260284246374,16.30723082308589,0.0,0.0,0.00027254873418081413,0.0,6.666143839969012e-05
nominal,PD+CeNN,80,0.15810539846843533,0.46592491883205467,5.994593766619098,0.0,0.0,0.0003176049001185848,0.0,2.6780436908872628e-05
nominal,PD+CeNN,81,0.09326874533680626,0.2519011599655084,9.892533928227339,0.0,0.0,0.00026520594487358917,0.0,2.9606479258190748e-05
nominal,PD+CeNN,82,0.2660617066309928,0.8493664441749541,10.940890421057338,0.0,0.0,0.0003189410975584532,0.0,5.9688632164296464e-05
nominal,PD+CeNN,83,0.11759417704664715,0.5224367465076878,5.998424392524122,0.0,0.0,0.0002243286684432722,0.0,3.594238228507134e-05
nominal,PD+CeNN,84,0.1632250058731177,0.7303095575852537,11.174762206393538,0.0,0.0,0.00025779943764381373,0.0,5.711702977883135e-05
nominal,PD+CeNN,85,0.1110203480290267,0.4545511957143807,10.866318215010415,0.0,0.0,0.0002086934759426797,0.0,3.188027267840469e-05
nominal,PD+CeNN,86,0.3442722188610697,1.0113948192813342,28.23066491153087,0.0,0.0,0.00021469794999195402,0.0,0.00018999918768444602
nominal,PD+CeNN,87,0.07764276226129492,0.23552714711319722,9.525954538198654,0.0,0.0,0.00025077084173940375,0.0,3.400371000116937e-05
nominal,PD+CeNN,88,0.24426788597999116,0.7214277605024056,17.32709868140185,0.0,0.0,0.0002781780241374197,0.0,8.135054580790436e-05
nominal,PD+CeNN,89,0.23944667060070418,0.673354875507709,18.308474094295637,0.0,0.0,0.00034195130165596074,0.0,8.265397038478606e-05
nominal,PD+CeNN,90,0.26056362262282184,0.9943923095073841,7.141912335695656,0.0,0.0,0.00029955605493245906,0.0,4.969029021591969e-05
nominal,PD+CeNN,91,0.20313669023882877,0.8455723472983574,6.622957435149583,0.0,0.0,0.00024934072632410163,0.0,4.958914817717812e-05
nominal,PD+CeNN,92,0.07132197074241879,0.35795490888374804,6.981367265905373,0.0,0.0,0.000215699445837983,0.0,2.942833093948481e-05
nominal,PD+CeNN,93,0.23091074407930362,0.9558046355328659,6.005699890534013,0.0,0.0,0.00021150827322984485,0.0,5.298155172342881e-05
nominal,PD+CeNN,94,0.18013180873786167,0.5744258263362714,5.995717257616654,0.0,0.0,0.00033127265075219646,0.0,2.7410213883356667e-05
nominal,PD+CeNN,95,0.21130343268972737,0.5994115108280643,17.86591838091791,0.0,0.0,0.00030803438953752295,0.0,8.093787681902116e-05
nominal,PD+CeNN,96,0.3366930680826512,0.9994716884566356,25.436066390046367,0.0,0.0,0.00021999519266541193,0.0,0.00015525611777612595
nominal,PD+CeNN,97,0.17730388432186636,0.5376937085689245,5.999519574989723,0.0,0.0,0.0003326528279057867,0.0,2.805818876480676e-05
nominal,PD+CeNN,98,0.1901622594022879,0.559380369771116,17.371300512373914,0.0,0.0,0.0002520457158925992,0.0,7.564968930730293e-05
nominal,PD+CeNN,99,0.12383068312752175,0.35100261822207224,10.826358301403957,0.0,0.0,0.00026868699595207566,0.0,3.947107733252315e-05
nominal,PD+CeNN+RTA,0,0.302455638824476,0.910179129488473,20.154051714187634,0.0,0.0,0.00025743454679955915,0.0,0.0001082490610270433
nominal,PD+CeNN+RTA,1,0.25381121420378294,0.9170156011223244,6.014287313322205,0.0,0.0,0.00028148054306173227,0.0,4.654717062190977e-05
nominal,PD+CeNN+RTA,2,0.18865413412926726,0.540910226367678,9.724476577753961,0.0,0.0,0.00033673443564193967,0.0,3.604354366053879e-05
nominal,PD+CeNN+RTA,3,0.3174291907723136,0.935020709954733,28.12114145044304,0.0,0.0,0.00027706954240182345,0.0,0.0001871948807668026
nominal,PD+CeNN+RTA,4,0.17049099242881138,0.5544881635981713,10.130486665273335,0.0,0.0,0.00031271519280457556,0.0,3.9344892077949076e-05
nominal,PD+CeNN+RTA,5,0.22365612620252895,0.7424743686710616,6.539474269256504,0.0,0.0,0.0002884868455292284,0.0,4.4963870669088235e-05
nominal,PD+CeNN+RTA,6,0.1755278581107493,0.5758637131318725,10.94197050769427,0.0,0.0,0.0003177765190898687,0.0,4.503971161678531e-05
nominal,PD+CeNN+RTA,7,0.3200100850447924,0.9665882159701074,21.343008781697016,0.0,0.0,0.00020731308028448006,0.0,0.00011318555802984299
nominal,PD+CeNN+RTA,8,0.14251433076436804,0.4059250323935772,9.867380592476467,0.0,0.0,0.0003002155787996648,0.0,3.3139033175452934e-05
nominal,PD+CeNN+RTA,9,0.30345174259950447,0.894468376695685,23.92175971969209,0.0,0.0,0.00024687862433798346,0.0,0.00014136673353201546
nominal,PD+CeNN+RTA,10,0.19245289837747176,0.872836744341234,5.9822499598556,0.0,0.0,0.0002113525583766302,0.0,4.846603921858913e-05
nominal,PD+CeNN+RTA,11,0.16146979492587948,0.6495974578834524,6.00740242818509,0.0,0.0,0.00023741991094090636,0.0,4.2186382883136646e-05
nominal,PD+CeNN+RTA,12,0.26545342835623986,0.7722264202654062,19.04058451123804,0.0,0.0,0.0003214185744394126,0.0,9.770224426529038e-05
nominal,PD+CeNN+RTA,13,0.39502213482028864,1.168590599080214,34.730054016089625,0.0,0.0,0.00022567748186744257,0.0,0.0002792351658320855
nominal,PD+CeNN+RTA,14,0.3589045183947054,1.062634360779005,24.90621266106912,0.0,0.0,0.0003275266716762956,0.0,0.00016099837700104906
nominal,PD+CeNN+RTA,15,0.21212687374093903,0.7496011778746576,7.0239310141737406,0.0,0.0,0.0003386366061596369,0.0,3.725918025771025e-05
nominal,PD+CeNN+RTA,16,0.1385211104313706,0.47322733375504283,17.009271730504636,0.0,0.0,0.00020588896301680223,0.0,7.307767790810716e-05
nominal,PD+CeNN+RTA,17,0.2567417845962403,0.7564498397443578,22.405474217913792,0.0,0.0,0.00024183960197964805,0.0,0.00011937741767044025
nominal,PD+CeNN+RTA,18,0.27677502009917626,0.818091745014713,21.44021232123909,0.0,0.0,0.0002657022750151948,0.0,0.00011673280907127556
nominal,PD+CeNN+RTA,19,0.3126139593173795,0.9166978166110265,25.88244138376176,0.0,0.0,0.0002305695268165529,0.0,0.00015975322864933495
nominal,PD+CeNN+RTA,20,0.20765568353565583,0.6098292660031289,17.249553433223184,0.0,0.0,0.00023913801351028394,0.0,7.634157310844488e-05
nominal,PD+CeNN+RTA,21,0.07645811799800924,0.2025510168782806,10.262922636434894,0.0,0.0,0.00022573835151666166,0.0,3.4406237606620274e-05
nominal,PD+CeNN+RTA,22,0.16938544662855723,0.49421170487690175,16.144749757950546,0.0,0.0,0.00020668247005269213,0.0,6.321898062275963e-05
nominal,PD+CeNN+RTA,23,0.1667315201660356,0.5005511584654073,20.129496281207228,0.0,0.0,0.00022309896551669836,0.0,9.449248189864453e-05
nominal,PD+CeNN+RTA,24,0.20405005919149757,0.6318036166014195,5.997728875042785,0.0,0.0,0.00036179089748788253,0.0,2.638953745262786e-05
nominal,PD+CeNN+RTA,25,0.16458057408935153,0.6259285815417109,6.893774339946225,0.0,0.0,0.0002888635654389698,0.0,4.0542011426844774e-05
nominal,PD+CeNN+RTA,26,0.2853380465906475,0.8279516080062252,22.78887739041764,0.0,0.0,0.0002843182393808503,0.0,0.00012703867416513086
nominal,PD+CeNN+RTA,27,0.23560914102587238,0.6969273373563115,22.98136204730125,0.0,0.0,0.0002383772769108503,0.0,0.0001226727355135215
nominal,PD+CeNN+RTA,28,0.42714847362316805,1.2559587241543733,34.62747122242516,0.0,0.0,0.00022128650565546567,0.0,0.0002813894094968454
nominal,PD+CeNN+RTA,29,0.28368076504718637,0.8214009080306327,25.603696194610375,0.0,0.0,0.0002059791499987555,0.0,0.0001517002940383411
nominal,PD+CeNN+RTA,30,0.28444032222969445,0.9488801900508184,10.307662118491985,0.0,0.0,0.00028789146580689417,0.0,6.112296187897454e-05
nominal,PD+CeNN+RTA,31,0.1047271317813011,0.3250382781389775,13.134410955306194,0.0,0.0,0.00021167272349829227,0.0,5.0163052424528274e-05
nominal,PD+CeNN+RTA,32,0.20937488524624648,0.5970351728356234,13.31081750680659,0.0,0.0,0.000315569668943537,0.0,5.62996164699599e-05
nominal,PD+CeNN+RTA,33,0.2661618887360484,0.7851170528818764,25.772532486826705,0.0,0.0,0.0002241654876258733,0.0,0.0001501875561251939
nominal,PD+CeNN+RTA,34,0.08670810454835748,0.2476929588440362,10.174744924918365,0.0,0.0,0.00021843855064945355,0.0,3.432063660059314e-05
nominal,PD+CeNN+RTA,35,0.2836823037861716,0.8260766758986704,25.14087954866332,0.0,0.0,0.00021216395769348598,0.0,0.00014592455308537393
nominal,PD+CeNN+RTA,36,0.40234836979830174,1.1967111852764838,31.533283588272848,0.0,0.0,0.00021954375589668386,0.0,0.00024008856846677458
nominal,PD+CeNN+RTA,37,0.30491267880215683,0.9205695340992923,20.44640051465577,0.0,0.0,0.00024396517064511028,0.0,0.00010750926304742399
nominal,PD+CeNN+RTA,38,0.1252630899197923,0.3483497174638155,13.118660505133626,0.0,0.0,0.00021594854716457552,0.0,4.626398482772861e-05
nominal,PD+CeNN+RTA,39,0.11653521151741306,0.33110181235927283,10.240024734746518,0.0,0.0,0.0002597855518626701,0.0,3.521227074332905e-05
nominal,PD+CeNN+RTA,40,0.1259602794895902,0.3540270916578125,10.412127953235572,0.0,0.0,0.00027573660345141373,0.0,3.7517689019893e-05
nominal,PD+CeNN+RTA,41,0.20883224648178386,0.7430432794829027,7.127776491113646,0.0,0.0,0.00024134616509109789,0.0,5.024100360154733e-05
nominal,PD+CeNN+RTA,42,0.12233935312734917,0.3517595990990265,14.879926675523585,0.0,0.0,0.000255253711962719,0.0,5.94090398198726e-05
nominal,PD+CeNN+RTA,43,0.25071081257833744,0.698371547535886,22.889897019507107,0.0,0.0,0.00033373201157119284,0.0,0.00011795361684606219
nominal,PD+CeNN+RTA,44,0.24079007502793884,0.7070933975179311,24.466239982592565,0.0,0.0,0.0002861091717470741,0.0,0.0001355433007548456
nominal,PD+CeNN+RTA,45,0.13266309980808735,0.42603258918150355,13.171075288189702,0.0,0.0,0.0002798725089143884,0.0,5.372157303961552e-05
nominal,PD+CeNN+RTA,46,0.2742007964760506,0.9650118123813783,6.007471914278312,0.0,0.0,0.00034404290766075154,0.0,3.8583121922633725e-05
nominal,PD+CeNN+RTA,47,0.37011173724468066,1.1281460840087227,23.65311822670357,0.0,0.0,0.0002958267009870085,0.0,0.00014826722122335766
nominal,PD+CeNN+RTA,48,0.18253597126829862,0.7797272097019083,6.001263655773344,0.0,0.0,0.0002130163066376734,0.0,4.53548541249373e-05
nominal,PD+CeNN+RTA,49,0.2597734693693542,0.7542678420453311,24.683411931370042,0.0,0.0,0.00020703783860464694,0.0,0.00013903995134867563
nominal,PD+CeNN+RTA,50,0.3688241525979478,1.117427647353487,24.958950277816967,0.0,0.0,0.0002315592944811632,0.0,0.00015557230795698135
nominal,PD+CeNN+RTA,51,0.3414398891387891,1.025145164631172,23.239600243604382,0.0,0.0,0.000260212130402651,0.0,0.00013871513514391676
nominal,PD+CeNN+RTA,52,0.1807969472564449,0.7229063791341557,6.959121863377176,0.0,0.0,0.00021951227296805638,0.0,4.852484528593188e-05
nominal,PD+CeNN+RTA,53,0.12349285525597782,0.34143570677865287,7.417293721233805,0.0,0.0,0.0002900320617576887,0.0,2.780079863441302e-05
nominal,PD+CeNN+RTA,54,0.34236871712061223,1.0285731758167698,23.083059697187764,0.0,0.0,0.00020791026927851806,0.0,0.00013083375840200056
nominal,PD+CeNN+RTA,55,0.27194610949380027,0.7991230957421886,20.69165455712732,0.0,0.0,0.0002624447452279368,0.0,0.00011059635241534448
nominal,PD+CeNN+RTA,56,0.2504261367429323,0.7321029821019229,19.08639944920001,0.0,0.0,0.00021824731004181451,0.0,9.21288296436298e-05
nominal,PD+CeNN+RTA,57,0.3158266574025916,0.9247290840620056,26.74346217007168,0.0,0.0,0.000281825116844404,0.0,0.00016553796608171416
nominal,PD+CeNN+RTA,58,0.18737618448186272,0.5618304765269894,9.421810626205117,0.0,0.0,0.00034758918715815864,0.0,2.973579733639998e-05
nominal,PD+CeNN+RTA,59,0.2407179710714132,0.9769532661782079,8.571014718135421,0.0,0.0,0.0002713721751481803,0.0,5.5945474592974614e-05
nominal,PD+CeNN+RTA,60,0.20465471639469981,0.6838661243529512,5.999484882273481,0.0,0.0,0.0003272641557226086,0.0,3.1079973392853956e-05
nominal,PD+CeNN+RTA,61,0.2781133499083747,1.0440387949951209,8.704496551868434,0.0,0.0,0.0002103551275524591,0.0,6.080634084142258e-05
nominal,PD+CeNN+RTA,62,0.08728618928029785,0.35695719699217565,5.9986758414574055,0.0,0.0,0.00023798831354550432,0.0,3.2498274296786225e-05
nominal,PD+CeNN+RTA,63,0.24801820122376986,0.716742901361488,15.771460241929027,0.0,0.0,0.00032736357436882665,0.0,7.280711101310338e-05
nominal,PD+CeNN+RTA,64,0.15442967083729,0.7719539917339259,11.31491242474971,0.0,0.0,0.00021758961522908474,0.0,6.25937780922883e-05
nominal,PD+CeNN+RTA,65,0.17032964360508693,0.8182149146437654,7.198252931252436,0.0,0.0,0.0002079098496006,0.0,5.096895387491997e-05
nominal,PD+CeNN+RTA,66,0.16154757844719606,0.489709706472963,20.00108236527511,0.0,0.0,0.00023663226162797576,0.0,9.154811355100597e-05
nominal,PD+CeNN+RTA,67,0.21953791538523904,0.6531004907174688,16.052089477538335,0.0,0.0,0.00022030304690999814,0.0,6.805506059065356e-05
nominal,PD+CeNN+RTA,68,0.30893850983694515,0.9083665239958022,23.63804975348819,0.0,0.0,0.00026986563393123074,0.0,0.00014034183735043112
nominal,PD+CeNN+RTA,69,0.1959554506000232,0.730016319853013,9.25373559237352,0.0,0.0,0.00023565089150980406,0.0,5.180354881792545e-05
nominal,PD+CeNN+RTA,70,0.17608133952344038,0.4889969733182812,14.609772969267343,0.0,0.0,0.0002941724867390038,0.0,5.822417456647865e-05
nominal,PD+CeNN+RTA,71,0.29062863260267785,0.8857576044722179,19.044237994475477,0.0,0.0,0.00027917368561589844,0.0,9.401695353044002e-05
nominal,PD+CeNN+RTA,72,0.14980070568230563,0.5198087074618455,5.992714548718228,0.0,0.0,0.0002887919731148931,0.0,2.9485777312332617e-05
nominal,PD+CeNN+RTA,73,0.06612661150566349,0.27224897435622236,7.016080001770442,0.0,0.0,0.0002358349172970974,0.0,2.912130203118351e-05
nominal,PD+CeNN+RTA,74,0.25660527984411946,0.7543624670905451,17.76749982407925,0.0,0.0,0.0002822126380989103,0.0,8.908446451602645e-05
nominal,PD+CeNN+RTA,75,0.08734220264499123,0.40354688954930656,10.476423210855243,0.0,0.0,0.00021160328941831772,0.0,3.267498951841189e-05
nominal,PD+CeNN+RTA,76,0.1278249698435468,0.3679110699102987,11.053171822123636,0.0,0.0,0.0002635422390774359,0.0,3.7393903105429265e-05
nominal,PD+CeNN+RTA,77,0.14290109517869434,0.40427643896485865,17.045125290955408,0.0,0.0,0.00021012204841337986,0.0,6.801237881891878e-05
nominal,PD+CeNN+RTA,78,0.2163482750851366,0.6241673380823741,19.232988395132402,0.0,0.0,0.00021227664430347107,0.0,8.861301698183575e-05
nominal,PD+CeNN+RTA,79,0.21569735906727933,0.6459260284246374,16.30723082308589,0.0,0.0,0.00027254873418081413,0.0,6.666143839969012e-05
nominal,PD+CeNN+RTA,80,0.15810539846843533,0.46592491883205467,5.994593766619098,0.0,0.0,0.0003176049001185848,0.0,2.6780436908872628e-05
nominal,PD+CeNN+RTA,81,0.09326874533680626,0.2519011599655084,9.892533928227339,0.0,0.0,0.00026520594487358917,0.0,2.9606479258190748e-05
nominal,PD+CeNN+RTA,82,0.2660617066309928,0.8493664441749541,10.940890421057338,0.0,0.0,0.0003189410975584532,0.0,5.9688632164296464e-05
nominal,PD+CeNN+RTA,83,0.11759417704664715,0.5224367465076878,5.998424392524122,0.0,0.0,0.0002243286684432722,0.0,3.594238228507134e-05
nominal,PD+CeNN+RTA,84,0.1632250058731177,0.7303095575852537,11.174762206393538,0.0,0.0,0.00025779943764381373,0.0,5.711702977883135e-05
nominal,PD+CeNN+RTA,85,0.1110203480290267,0.4545511957143807,10.866318215010415,0.0,0.0,0.0002086934759426797,0.0,3.188027267840469e-05
nominal,PD+CeNN+RTA,86,0.3442722188610697,1.0113948192813342,28.23066491153087,0.0,0.0,0.00021469794999195402,0.0,0.00018999918768444602
nominal,PD+CeNN+RTA,87,0.07764276226129492,0.23552714711319722,9.525954538198654,0.0,0.0,0.00025077084173940375,0.0,3.400371000116937e-05
nominal,PD+CeNN+RTA,88,0.24426788597999116,0.7214277605024056,17.32709868140185,0.0,0.0,0.0002781780241374197,0.0,8.135054580790436e-05
nominal,PD+CeNN+RTA,89,0.23944667060070418,0.673354875507709,18.308474094295637,0.0,0.0,0.00034195130165596074,0.0,8.265397038478606e-05
nominal,PD+CeNN+RTA,90,0.26056362262282184,0.9943923095073841,7.141912335695656,0.0,0.0,0.00029955605493245906,0.0,4.969029021591969e-05
nominal,PD+CeNN+RTA,91,0.20313669023882877,0.8455723472983574,6.622957435149583,0.0,0.0,0.00024934072632410163,0.0,4.958914817717812e-05
nominal,PD+CeNN+RTA,92,0.07132197074241879,0.35795490888374804,6.981367265905373,0.0,0.0,0.000215699445837983,0.0,2.942833093948481e-05
nominal,PD+CeNN+RTA,93,0.23091074407930362,0.9558046355328659,6.005699890534013,0.0,0.0,0.00021150827322984485,0.0,5.298155172342881e-05
nominal,PD+CeNN+RTA,94,0.18013180873786167,0.5744258263362714,5.995717257616654,0.0,0.0,0.00033127265075219646,0.0,2.7410213883356667e-05
nominal,PD+CeNN+RTA,95,0.21130343268972737,0.5994115108280643,17.86591838091791,0.0,0.0,0.00030803438953752295,0.0,8.093787681902116e-05
nominal,PD+CeNN+RTA,96,0.3366930680826512,0.9994716884566356,25.436066390046367,0.0,0.0,0.00021999519266541193,0.0,0.00015525611777612595
nominal,PD+CeNN+RTA,97,0.17730388432186636,0.5376937085689245,5.999519574989723,0.0,0.0,0.0003326528279057867,0.0,2.805818876480676e-05
nominal,PD+CeNN+RTA,98,0.1901622594022879,0.559380369771116,17.371300512373914,0.0,0.0,0.0002520457158925992,0.0,7.564968930730293e-05
nominal,PD+CeNN+RTA,99,0.12383068312752175,0.35100261822207224,10.826358301403957,0.0,0.0,0.00026868699595207566,0.0,3.947107733252315e-05
nominal,PD+CeNN dropout+RTA,0,0.30245175825626536,0.910179129488473,20.154051714187634,0.0,0.0,0.00025742448329635483,0.0,0.00010823285450677079
nominal,PD+CeNN dropout+RTA,1,0.2537928630948578,0.9170156011223244,5.993617675992583,0.0,0.0,0.00028146786218716263,0.0,4.643650924000458e-05
nominal,PD+CeNN dropout+RTA,2,0.18861275120731766,0.540910226367678,9.724476577753961,0.0,0.0,0.00033682882124785266,0.0,3.51025753852236e-05
nominal,PD+CeNN dropout+RTA,3,0.31738343138369635,0.935020709954733,28.12114145044304,0.0,0.0,0.0002771547677747757,0.0,0.0001870976730269979
nominal,PD+CeNN dropout+RTA,4,0.1704641676829925,0.5544881635981713,10.130486665273335,0.0,0.0,0.00031272385859038547,0.0,3.9179827399874986e-05
nominal,PD+CeNN dropout+RTA,5,0.22364381673765388,0.7424743686710616,6.539474269256504,0.0,0.0,0.0002884730846752391,0.0,4.4925739300977514e-05
nominal,PD+CeNN dropout+RTA,6,0.17548357852188767,0.5758637131318725,10.94197050769427,0.0,0.0,0.0003178526399928426,0.0,4.459581974627048e-05
nominal,PD+CeNN dropout+RTA,7,0.3199875916501618,0.9665882159701074,21.343008781697016,0.0,0.0,0.00020727664879005502,0.0,0.00011308920714441393
nominal,PD+CeNN dropout+RTA,8,0.14248910886770555,0.4059250323935772,9.867380592476467,0.0,0.0,0.0003002192716996458,0.0,3.299319857588537e-05
nominal,PD+CeNN dropout+RTA,9,0.3034255446016957,0.894468376695685,23.92175971969209,0.0,0.0,0.0002469324532516242,0.0,0.00014129712384889796
nominal,PD+CeNN dropout+RTA,10,0.1924355791688724,0.872836744341234,5.9645671230354855,0.0,0.0,0.0002113460255398333,0.0,4.839989066271393e-05
nominal,PD+CeNN dropout+RTA,11,0.1614129568159886,0.6495974578834524,6.0091041419681055,0.0,0.0,0.00023737941888516865,0.0,4.180699889348068e-05
nominal,PD+CeNN dropout+RTA,12,0.2654360184469966,0.7722264202654062,19.04058451123804,0.0,0.0,0.0003214552219062506,0.0,9.762148990155921e-05
nominal,PD+CeNN dropout+RTA,13,0.39493620250728356,1.168590599080214,34.730054016089625,0.0,0.0,0.00022586700721463187,0.0,0.00027890998691963324
nominal,PD+CeNN dropout+RTA,14,0.3589015581228122,1.062634360779005,24.90621266106912,0.0,0.0,0.00032751873425128245,0.0,0.00016097640769940843
nominal,PD+CeNN dropout+RTA,15,0.21207116354058764,0.7496011778746576,7.0239310141737406,0.0,0.0,0.00033859006381775256,0.0,3.6663750273051434e-05
nominal,PD+CeNN dropout+RTA,16,0.13849410199936854,0.47322733375504283,17.009271730504636,0.0,0.0,0.00020590759983322873,0.0,7.299919517820713e-05
nominal,PD+CeNN dropout+RTA,17,0.25673371201991585,0.7564498397443578,22.405474217913792,0.0,0.0,0.00024185316518256724,0.0,0.00011933518326739889
nominal,PD+CeNN dropout+RTA,18,0.27676875023105635,0.818091745014713,21.44021232123909,0.0,0.0,0.0002657054727865205,0.0,0.00011669317850387585
nominal,PD+CeNN dropout+RTA,19,0.31261456593106973,0.9166978166110265,25.88244138376176,0.0,0.0,0.0002305677846125254,0.0,0.0001597344959398552
nominal,PD+CeNN dropout+RTA,20,0.2076388449973362,0.6098292660031289,17.249553433223184,0.0,0.0,0.0002391163767845728,0.0,7.62756027709281e-05
nominal,PD+CeNN dropout+RTA,21,0.07632840906366353,0.2025510168782806,10.262922636434894,0.0,0.0,0.00022583674939130564,0.0,3.350365520817611e-05
nominal,PD+CeNN dropout+RTA,22,0.169370151134795,0.49421170487690175,16.144749757950546,0.0,0.0,0.000206666249988008,0.0,6.315540320460016e-05
nominal,PD+CeNN dropout+RTA,23,0.16669890762962095,0.5005511584654073,20.129496281207228,0.0,0.0,0.0002232234224177615,0.0,9.388853757483655e-05
nominal,PD+CeNN dropout+RTA,24,0.20402387832240468,0.6318036166014195,5.972655231981287,0.0,0.0,0.0003618425672561852,0.0,2.5758203403983157e-05
nominal,PD+CeNN dropout+RTA,25,0.16455464721908208,0.6259285815417109,6.893774339946225,0.0,0.0,0.0002888693806071849,0.0,4.0406357520519475e-05
nominal,PD+CeNN dropout+RTA,26,0.28531981169381293,0.8279516080062252,22.78887739041764,0.0,0.0,0.00028442716716716755,0.0,0.0001265783241988668
nominal,PD+CeNN dropout+RTA,27,0.23556043724071737,0.6969273373563115,22.98136204730125,0.0,0.0,0.00023851725134430512,0.0,0.00012220464667310628
nominal,PD+CeNN dropout+RTA,28,0.42714936925407954,1.2559587241543733,34.62747122242516,0.0,0.0,0.00022127721261047312,0.0,0.00028138073395427547
nominal,PD+CeNN dropout+RTA,29,0.28365813503922044,0.8214009080306327,25.603696194610375,0.0,0.0,0.0002059494353272287,0.0,0.00015163444819678727
nominal,PD+CeNN dropout+RTA,30,0.2844256647176349,0.9488801900508184,10.307662118491985,0.0,0.0,0.0002878793598314846,0.0,6.106751110458052e-05
nominal,PD+CeNN dropout+RTA,31,0.10471083008419711,0.3250382781389775,13.134410955306194,0.0,0.0,0.00021165914517401653,0.0,5.0112351308506215e-05
nominal,PD+CeNN dropout+RTA,32,0.20933952220845672,0.5970351728356234,13.31081750680659,0.0,0.0,0.0003155374922771393,0.0,5.6080305454673164e-05
nominal,PD+CeNN dropout+RTA,33,0.26614264098301993,0.7851170528818764,25.772532486826705,0.0,0.0,0.0002242012754581584,0.0,0.00015014482308284697
nominal,PD+CeNN dropout+RTA,34,0.08660677275498328,0.2476929588440362,10.174744924918365,0.0,0.0,0.0002185290027112959,0.0,3.30181494351312e-05
nominal,PD+CeNN dropout+RTA,35,0.28368171964411376,0.8260766758986704,25.14087954866332,0.0,0.0,0.00021216459975753713,0.0,0.00014589849605692076
nominal,PD+CeNN dropout+RTA,36,0.4023305052663756,1.1967111852764838,31.533283588272848,0.0,0.0,0.00021951119902198737,0.0,0.00024004232888677528
nominal,PD+CeNN dropout+RTA,37,0.3048697850454613,0.9205695340992923,20.44640051465577,0.0,0.0,0.0002440871551594138,0.0,0.000106973432913352
nominal,PD+CeNN dropout+RTA,38,0.12525313346832012,0.3483497174638155,13.118660505133626,0.0,0.0,0.00021593838178619938,0.0,4.6232314283390566e-05
nominal,PD+CeNN dropout+RTA,39,0.11649580837959711,0.33110181235927283,10.240024734746518,0.0,0.0,0.00025976271932969463,0.0,3.499934584172557e-05
nominal,PD+CeNN dropout+RTA,40,0.12589685646664836,0.3540270916578125,10.412127953235572,0.0,0.0,0.0002758161989566037,0.0,3.6350094738221035e-05
nominal,PD+CeNN dropout+RTA,41,0.20880292530771127,0.7430432794829027,7.127776491113646,0.0,0.0,0.0002414200860710012,0.0,4.96426669087719e-05
nominal,PD+CeNN dropout+RTA,42,0.12227417562910732,0.3517595990990265,14.879926675523585,0.0,0.0,0.00025531027048607047,0.0,5.9180324033989825e-05
nominal,PD+CeNN dropout+RTA,43,0.25066868446448903,0.698371547535886,22.889897019507107,0.0,0.0,0.0003338562901412426,0.0,0.0001175154537698458
nominal,PD+CeNN dropout+RTA,44,0.24081143641001043,0.7070933975179311,24.466239982592565,0.0,0.0,0.00028617336411673457,0.0,0.00013519072814673476
nominal,PD+CeNN dropout+RTA,45,0.13262545549134083,0.42603258918150355,13.171075288189702,0.0,0.0,0.0002798880977827012,0.0,5.358425609027187e-05
nominal,PD+CeNN dropout+RTA,46,0.2741923259835695,0.9650118123813783,6.007547398413101,0.0,0.0,0.00034402636278812456,0.0,3.8519692941007256e-05
nominal,PD+CeNN dropout+RTA,47,0.37010827834296944,1.1281460840087227,23.65311822670357,0.0,0.0,0.0002958305383326529,0.0,0.00014823532643382632
nominal,PD+CeNN dropout+RTA,48,0.18250370754605127,0.7797272097019083,5.996891032951976,0.0,0.0,0.00021309734009414947,0.0,4.4712925592868574e-05
nominal,PD+CeNN dropout+RTA,49,0.259730438351575,0.7542678420453311,24.683411931370042,0.0,0.0,0.00020715645675174695,0.0,0.00013865632681595935
nominal,PD+CeNN dropout+RTA,50,0.36880123135093434,1.117427647353487,24.958950277816967,0.0,0.0,0.00023152077014447164,0.0,0.00015548606023710302
nominal,PD+CeNN dropout+RTA,51,0.3414225441846394,1.025145164631172,23.239600243604382,0.0,0.0,0.0002602578075301532,0.0,0.00013864368036044076
nominal,PD+CeNN dropout+RTA,52,0.18078022848973113,0.7229063791341557,6.959121863377176,0.0,0.0,0.00021949869034949682,0.0,4.8477474207076774e-05
nominal,PD+CeNN dropout+RTA,53,0.12346381388442862,0.34143570677865287,7.417293721233805,0.0,0.0,0.000290064283756699,0.0,2.7463894486910066e-05
nominal,PD+CeNN dropout+RTA,54,0.3423203500671954,1.0285731758167698,23.083059697187764,0.0,0.0,0.0002080441567707983,0.0,0.00013037724160841585
nominal,PD+CeNN dropout+RTA,55,0.27194222306471066,0.7991230957421886,20.69165455712732,0.0,0.0,0.00026243452360877567,0.0,0.00011058050861814227
nominal,PD+CeNN dropout+RTA,56,0.2504215074346515,0.7321029821019229,19.08639944920001,0.0,0.0,0.0002182391466143004,0.0,9.209961565252202e-05
nominal,PD+CeNN dropout+RTA,57,0.31580048809331385,0.9247290840620056,26.74346217007168,0.0,0.0,0.00028187778424604385,0.0,0.00016548137055185134
nominal,PD+CeNN dropout+RTA,58,0.1873504118524833,0.5618304765269894,9.421810626205117,0.0,0.0,0.00034760343143952835,0.0,2.9456508620506058e-05
nominal,PD+CeNN dropout+RTA,59,0.24068895268524385,0.9769532661782079,8.571014718135421,0.0,0.0,0.00027140996862123304,0.0,5.570424932828703e-05
nominal,PD+CeNN dropout+RTA,60,0.2046314639473007,0.6838661243529512,5.970612925025106,0.0,0.0,0.00032728630919402535,0.0,3.080071869085075e-05
nominal,PD+CeNN dropout+RTA,61,0.27810660587252967,1.0440387949951209,8.704496551868434,0.0,0.0,0.00021034042780995578,0.0,6.077912916901287e-05
nominal,PD+CeNN dropout+RTA,62,0.08718334946363636,0.35695719699217565,6.00903170444825,0.0,0.0,0.00023802666452532993,0.0,3.1322213600210865e-05
nominal,PD+CeNN dropout+RTA,63,0.24801175288266974,0.716742901361488,15.771460241929027,0.0,0.0,0.00032735511740396566,0.0,7.277876352526989e-05
nominal,PD+CeNN dropout+RTA,64,0.1543398096628818,0.7719539917339259,11.31491242474971,0.0,0.0,0.0002175411902251833,0.0,6.213438373116326e-05
nominal,PD+CeNN dropout+RTA,65,0.17030829590527505,0.8182149146437654,7.198252931252436,0.0,0.0,0.00020790879795943334,0.0,5.08874188360391e-05
nominal,PD+CeNN dropout+RTA,66,0.16154077172434397,0.489709706472963,20.00108236527511,0.0,0.0,0.00023662627763277003,0.0,9.152043168067096e-05
nominal,PD+CeNN dropout+RTA,67,0.219512432475876,0.6531004907174688,16.052089477538335,0.0,0.0,0.00022035104713740705,0.0,6.789490766571957e-05
nominal,PD+CeNN dropout+RTA,68,0.3089300404952312,0.9083665239958022,23.63804975348819,0.0,0.0,0.00026984766961171794,0.0,0.00014031464333540507
nominal,PD+CeNN dropout+RTA,69,0.19592449854479388,0.730016319853013,9.25373559237352,0.0,0.0,0.0002357256872152277,0.0,5.123987217578741e-05
nominal,PD+CeNN dropout+RTA,70,0.17607234278362702,0.4889969733182812,14.609772969267343,0.0,0.0,0.00029416136156047034,0.0,5.818849415225258e-05
nominal,PD+CeNN dropout+RTA,71,0.2905889985156119,0.8857576044722179,19.044237994475477,0.0,0.0,0.0002792716448759608,0.0,9.370360731314423e-05
nominal,PD+CeNN dropout+RTA,72,0.14978506309490727,0.5198087074618455,5.99283382801066,0.0,0.0,0.00028877806272656993,0.0,2.934973641356088e-05
nominal,PD+CeNN dropout+RTA,73,0.06607041040301524,0.27224897435622236,7.016080001770442,0.0,0.0,0.00023583395077426543,0.0,2.8969431632821092e-05
nominal,PD+CeNN dropout+RTA,74,0.25658275865724184,0.7543624670905451,17.76749982407925,0.0,0.0,0.00028218327445498666,0.0,8.898435216966463e-05
nominal,PD+CeNN dropout+RTA,75,0.0872983546248992,0.40354688954930656,10.476423210855243,0.0,0.0,0.00021162025463293595,0.0,3.247283227210259e-05
nominal,PD+CeNN dropout+RTA,76,0.12781489590986433,0.3679110699102987,11.053171822123636,0.0,0.0,0.0002635317557866447,0.0,3.73392865564164e-05
nominal,PD+CeNN dropout+RTA,77,0.14289644611468438,0.40427643896485865,17.045125290955408,0.0,0.0,0.00021011311890440105,0.0,6.799835408770681e-05
nominal,PD+CeNN dropout+RTA,78,0.21629602825460173,0.6241673380823741,19.232988395132402,0.0,0.0,0.00021237785028482083,0.0,8.812895476034855e-05
nominal,PD+CeNN dropout+RTA,79,0.21567714639555477,0.6459260284246374,16.30723082308589,0.0,0.0,0.0002725256544115019,0.0,6.65601644458967e-05
nominal,PD+CeNN dropout+RTA,80,0.15806787645185977,0.46592491883205467,5.971757523416975,0.0,0.0,0.0003176665486219252,0.0,2.605727270273637e-05
nominal,PD+CeNN dropout+RTA,81,0.09322556099501571,0.2519011599655084,9.892533928227339,0.0,0.0,0.0002652426801738635,0.0,2.924141239151068e-05
nominal,PD+CeNN dropout+RTA,82,0.2660247339917759,0.8493664441749541,10.940890421057338,0.0,0.0,0.0003189965396775256,0.0,5.9013596343319614e-05
nominal,PD+CeNN dropout+RTA,83,0.11757183556857721,0.5224367465076878,5.998746683742834,0.0,0.0,0.00022438734071993866,0.0,3.547734661055401e-05
nominal,PD+CeNN dropout+RTA,84,0.16320932064817276,0.7303095575852537,11.174762206393538,0.0,0.0,0.0002577911402253089,0.0,5.706902535198399e-05
nominal,PD+CeNN dropout+RTA,85,0.11097546169136026,0.4545511957143807,10.866318215010415,0.0,0.0,0.00020873191173791854,0.0,3.150487451972607e-05
nominal,PD+CeNN dropout+RTA,86,0.3442109093517495,1.0113948192813342,28.23066491153087,0.0,0.0,0.0002148132836868865,0.0,0.0001898352903024482
nominal,PD+CeNN dropout+RTA,87,0.07760104378150814,0.23552714711319722,9.525954538198654,0.0,0.0,0.00025075050216166235,0.0,3.388604089647704e-05
nominal,PD+CeNN dropout+RTA,88,0.24424984375564177,0.7214277605024056,17.32709868140185,0.0,0.0,0.0002782160095552959,0.0,8.124719244728924e-05
nominal,PD+CeNN dropout+RTA,89,0.2394259303246031,0.673354875507709,18.308474094295637,0.0,0.0,0.00034198957562402556,0.0,8.255351967264622e-05
nominal,PD+CeNN dropout+RTA,90,0.2605455225816527,0.9943923095073841,7.141912335695656,0.0,0.0,0.00029955872915873806,0.0,4.9575048054005516e-05
nominal,PD+CeNN dropout+RTA,91,0.20311788684640875,0.8455723472983574,6.622957435149583,0.0,0.0,0.0002493341095046224,0.0,4.950163337253773e-05
nominal,PD+CeNN dropout+RTA,92,0.07123957642862186,0.35795490888374804,6.981367265905373,0.0,0.0,0.00021574668893965134,0.0,2.896992719594885e-05
nominal,PD+CeNN dropout+RTA,93,0.23089280446690477,0.9558046355328659,6.004586267440452,0.0,0.0,0.0002114878031363413,0.0,5.2846230909441716e-05
nominal,PD+CeNN dropout+RTA,94,0.1801070100076873,0.5744258263362714,5.9704515498063175,0.0,0.0,0.0003312823886176946,0.0,2.7178203670900928e-05
nominal,PD+CeNN dropout+RTA,95,0.2112677003123158,0.5994115108280643,17.86591838091791,0.0,0.0,0.0003081272482470914,0.0,8.042014738752622e-05
nominal,PD+CeNN dropout+RTA,96,0.33669221905941854,0.9994716884566356,25.436066390046367,0.0,0.0,0.0002199892384094027,0.0,0.00015524218402447433
nominal,PD+CeNN dropout+RTA,97,0.1772561659231639,0.5376937085689245,6.001214419546688,0.0,0.0,0.0003327422000470951,0.0,2.6648277050158077e-05
nominal,PD+CeNN dropout+RTA,98,0.19010710721592383,0.559380369771116,17.371300512373914,0.0,0.0,0.0002521652927335354,0.0,7.49021947223835e-05
nominal,PD+CeNN dropout+RTA,99,0.12380983288086017,0.35100261822207224,10.826358301403957,0.0,0.0,0.0002686782668037004,0.0,3.9386573933520465e-05
inertial_shift,PD,0,0.15651480704302229,0.7749096699949192,10.829947021621749,0.0,0.0,0.00019939782585935313,0.0,0.0
inertial_shift,PD,1,0.30741418188577185,0.5953752746870922,17.077346793768662,0.0,0.0,0.000512699702820423,0.0,0.0
inertial_shift,PD,2,0.26838670133191983,0.5909261323134155,8.908861845053385,0.0,0.0,0.00047944766048034243,0.0,0.0
inertial_shift,PD,3,0.17747027905910895,0.5591666049518904,10.148557611038063,0.0,0.0,0.00025797185558466286,0.0,0.0
inertial_shift,PD,4,0.12075519660161989,0.43359594665129286,5.9639805026499495,0.0,0.0,0.00027391192974060466,0.0,0.0
inertial_shift,PD,5,0.2797684583038745,0.34193499720045767,10.548451975992986,0.0,0.0,0.00047823514672147425,0.0,0.0
inertial_shift,PD,6,0.4104183696719059,0.7671646123673118,19.730382461315646,0.0,0.0,0.0007862880241753374,0.0,0.0
inertial_shift,PD,7,0.18847559150901447,0.4759277496219023,11.826791032237578,0.0,0.0,0.00042727253412820106,0.0,0.0
inertial_shift,PD,8,0.2848695514511282,0.8169091656955777,27.044694713718386,0.0,0.0,0.00034992414444152644,0.0,0.0
inertial_shift,PD,9,0.1139546122162354,0.32656317815666336,13.578674407852874,0.0,0.0,0.0002529620063679423,0.0,0.0
inertial_shift,PD,10,0.44064099638852444,1.2050523539302256,32.180486408438306,0.0,0.0,0.00033295347551315753,0.0,0.0
inertial_shift,PD,11,0.20796343359660222,0.7897780450784732,5.971843888897093,0.0,0.0,0.0002726024097565358,0.0,0.0
inertial_shift,PD,12,0.26277218402520597,0.7655624854897425,23.765312532677605,0.0,0.0,0.0003030010199566458,0.0,0.0
inertial_shift,PD,13,0.3501229862177351,0.8711028783502247,22.605428295571343,0.0,0.0,0.0005361592805478858,0.0,0.0
inertial_shift,PD,14,0.2370971120021377,0.6850210057371717,22.62103309494076,0.0,0.0,0.00031763405043332973,0.0,0.0
inertial_shift,PD,15,0.3557865718174109,0.9389494574430886,12.30752849354501,0.0,0.0,0.0006392642381476348,0.0,0.0
inertial_shift,PD,16,0.35143037149381334,0.4299292075355949,7.959988369811151,0.0,0.0,0.0009194429539853699,0.0,0.0
inertial_shift,PD,17,0.3773735329650879,1.0637746136300061,28.487640675743997,0.0,0.0,0.0003924706676714336,0.0,0.0
inertial_shift,PD,18,0.3047241965208532,0.8850348903582904,24.32701239736156,0.0,0.0,0.00020224124232215508,0.0,0.0
inertial_shift,PD,19,0.35129609562772574,0.6160495984724584,6.0157990070720135,0.0,0.0,0.0008263092163522207,0.0,0.0
inertial_shift,PD,20,0.22334517543688112,0.27106254409025343,10.327941203631827,0.0,0.0,0.0004027456396204065,0.0,0.0
inertial_shift,PD,21,0.23443629830947682,0.6377257515383203,5.918860493085321,0.0,0.0,0.00036033230813059265,0.0,0.0
inertial_shift,PD,22,0.47097411677973805,1.1096206543675715,32.11184599920276,0.0,0.0,0.0008997756912055906,0.0,0.0
inertial_shift,PD,23,0.21981455277360482,0.333141315839833,14.930503694161546,0.0,0.0,0.0004118824850784644,0.0,0.0
inertial_shift,PD,24,0.2903747197843427,0.5858915152059927,7.614678162504369,0.0,0.0,0.0006216217467718421,0.0,0.0
inertial_shift,PD,25,0.3247558621966057,0.38932276676329697,18.227659247044947,0.0,0.0,0.0006544511823770341,0.0,0.0
inertial_shift,PD,26,0.25633646037335067,0.31573257176716707,7.418825209235851,0.0,0.0,0.0004840717764206014,0.0,0.0
inertial_shift,PD,27,0.3398445711989195,0.40030291518408556,7.804746700042514,0.0,0.0,0.0009649958566105421,0.0,0.0
inertial_shift,PD,28,0.21477092579859425,0.6836443081388043,5.9602368525314,0.0,0.0,0.00033722887466398964,0.0,0.0
inertial_shift,PD,29,0.18078085235682723,0.3037433764511883,7.756504404555099,0.0,0.0,0.0003473856727060509,0.0,0.0
inertial_shift,PD,30,0.3123782414735318,0.5604408944694077,8.11896661696434,0.0,0.0,0.0006952763676521011,0.0,0.0
inertial_shift,PD,31,0.21707193308236047,0.6294929482142974,5.957772484047274,0.0,0.0,0.00039072287760614783,0.0,0.0
inertial_shift,PD,32,0.31179436276920974,0.9710617235430512,7.695028931875691,0.0,0.0,0.0004212964735422639,0.0,0.0
inertial_shift,PD,33,0.2813083761021782,0.9362148953634261,8.35682673949121,0.0,0.0,0.0003238041920701631,0.0,0.0
inertial_shift,PD,34,0.2640731854770678,0.8693938057868548,5.915943753441982,0.0,0.0,0.00032722254567737563,0.0,0.0
inertial_shift,PD,35,0.23303580918494635,0.6617758580085448,20.946558430205435,0.0,0.0,0.00019780512966616586,0.0,0.0
inertial_shift,PD,36,0.16743780597125923,0.469869162399682,11.683080233287175,0.0,0.0,0.00033178915067397517,0.0,0.0
inertial_shift,PD,37,0.09684651322317443,0.48621485144506066,8.673936854460276,0.0,0.0,0.00020649815886201062,0.0,0.0
inertial_shift,PD,38,0.3674026050029136,1.0703076176738673,23.953568065940427,0.0,0.0,0.00033953055670192506,0.0,0.0
inertial_shift,PD,39,0.1171037335200382,0.2764005723514067,11.747042722526674,0.0,0.0,0.0002677903069525997,0.0,0.0
inertial_shift,PD,40,0.22215205410643601,0.3952243190643586,12.076364517336796,0.0,0.0,0.00046709672765473813,0.0,0.0
inertial_shift,PD,41,0.20032059882897668,0.4817301107009078,14.687839866642916,0.0,0.0,0.0003010744167432757,0.0,0.0
inertial_shift,PD,42,0.3628792661000957,0.7857576846646025,8.515485114022542,0.0,0.0,0.0006529436664286377,0.0,0.0
inertial_shift,PD,43,0.43979717063412205,1.1240893444966265,26.15569685954473,0.0,0.0,0.0003899738262096153,0.0,0.0
inertial_shift,PD,44,0.2960013335915013,0.7965468760070672,20.245852067196846,0.0,0.0,0.00034691044006368197,0.0,0.0
inertial_shift,PD,45,0.3112593188008743,0.6310076450424952,16.704802533867767,0.0,0.0,0.00041327295169321106,0.0,0.0
inertial_shift,PD,46,0.5121902262551477,1.1447394789172713,27.500150552812926,0.0,0.0,0.0010987652554316342,0.0,0.0
inertial_shift,PD,47,0.22374755866318533,0.6000183501807911,15.337870579452167,0.0,0.0,0.00036975695990193664,0.0,0.0
inertial_shift,PD,48,0.2973302286955767,0.7424398887473725,7.773102329931508,0.0,0.0,0.0004168006868991605,0.0,0.0
inertial_shift,PD,49,0.22238922679345655,0.4585341405516402,14.492397298700597,0.0,0.0,0.00044857141412336346,0.0,0.0
inertial_shift,PD,50,0.433636025036363,1.2717167481744898,36.460522884862016,0.0,0.0,0.00022961631464643876,0.0,0.0
inertial_shift,PD,51,0.3043701029425527,0.9237993340215606,21.28670025651586,0.0,0.0,0.0002034396602348595,0.0,0.0
inertial_shift,PD,52,0.4983521045167441,1.1443598917920093,35.10914011420582,0.0,0.0,0.0006519147445038784,0.0,0.0
inertial_shift,PD,53,0.3846407105268917,0.9849315508302294,10.711593439742915,0.0,0.0,0.0006559786059090059,0.0,0.0
inertial_shift,PD,54,0.22764569083220174,0.7946598253778868,10.231127154954923,0.0,0.0,0.0002570118695633429,0.0,0.0
inertial_shift,PD,55,0.38914256086003113,0.9845034099060337,10.277021718623097,0.0,0.0,0.000820541261626654,0.0,0.0
inertial_shift,PD,56,0.42882440724790316,1.129753231171906,26.324996072534944,0.0,0.0,0.00047229083877358736,0.0,0.0
inertial_shift,PD,57,0.3085509775509532,0.7843236371872032,23.54332624356864,0.0,0.0,0.00048160133614795893,0.0,0.0
inertial_shift,PD,58,0.3332069912250588,0.6152486211235892,10.99214060648597,0.0,0.0,0.0005998518964571427,0.0,0.0
inertial_shift,PD,59,0.21246677488890392,0.6081087878665167,16.84734649819749,0.0,0.0,0.0002000302892238571,0.0,0.0
inertial_shift,PD,60,0.28453797041772344,1.003405157097877,5.932777574766994,0.0,0.0,0.0003220898317953725,0.0,0.0
inertial_shift,PD,61,0.366409587585131,0.9585292632308912,10.858920711999522,0.0,0.0,0.000745672943607702,0.0,0.0
inertial_shift,PD,62,0.24968173960495815,0.5100671840402146,11.906739976269508,0.0,0.0,0.00043920241741147125,0.0,0.0
inertial_shift,PD,63,0.3154416011195622,0.7777354983436566,27.132434184416752,0.0,0.0,0.0002490805310638106,0.0,0.0
inertial_shift,PD,64,0.34366664309360057,0.3968221163898434,10.846295136474414,0.0,0.0,0.000922603212713353,0.0,0.0
inertial_shift,PD,65,0.33389382285366837,0.6553784397667554,15.378955216037472,0.0,0.0,0.0007051428358987701,0.0,0.0
inertial_shift,PD,66,0.26810609294628784,0.5129249484991706,11.306471067269163,0.0,0.0,0.0005662348371497796,0.0,0.0
inertial_shift,PD,67,0.3782756910619754,0.8533984522032854,5.92313833604899,0.0,0.0,0.000813290911661857,0.0,0.0
inertial_shift,PD,68,0.31462136561920656,0.4646736561554715,13.961442006284953,0.0,0.0,0.0007651269208577172,0.0,0.0
inertial_shift,PD,69,0.287642498521975,0.5030350872134871,11.98927428144489,0.0,0.0,0.0005380712243426538,0.0,0.0
inertial_shift,PD,70,0.349275754473661,0.9747795253757229,21.978130915837326,0.0,0.0,0.00023417695905499054,0.0,0.0
inertial_shift,PD,71,0.15477679722731158,0.5561688545730736,13.250717962565945,0.0,0.0,0.00029677899876024425,0.0,0.0
inertial_shift,PD,72,0.31524274908250344,0.5877531435591415,23.269708955026726,0.0,0.0,0.0007010802127795471,0.0,0.0
inertial_shift,PD,73,0.3219774637676704,0.7956694104919986,9.669759158997376,0.0,0.0,0.0005948876688674728,0.0,0.0
inertial_shift,PD,74,0.288849821775199,0.6625892246294477,9.487877311992769,0.0,0.0,0.0005377555530242097,0.0,0.0
inertial_shift,PD,75,0.306354874528418,0.8540525143913892,5.979021317196572,0.0,0.0,0.00037957180512286404,0.0,0.0
inertial_shift,PD,76,0.42343724116958104,1.0681896582676038,26.769398411351748,0.0,0.0,0.0006751913794092552,0.0,0.0
inertial_shift,PD,77,0.4411281264227479,1.2838986053173327,36.040260890884824,0.0,0.0,0.00032733103222771294,0.0,0.0
inertial_shift,PD,78,0.39215287920189623,0.6088909700461108,14.617883760071535,0.0,0.0,0.000987539075061416,0.0,0.0
inertial_shift,PD,79,0.36549392202038733,0.7436597689597436,16.455318030747495,0.0,0.0,0.0007811397570867284,0.0,0.0
inertial_shift,PD,80,0.42158299984803255,0.90637921049082,10.27995523587558,0.0,0.0,0.000996930485643618,0.0,0.0
inertial_shift,PD,81,0.3872177356129268,0.6544346785126093,6.030350237781363,0.0,0.0,0.0009596754262988565,0.0,0.0
inertial_shift,PD,82,0.31747152018689107,0.6994708789215724,6.011692620903285,0.0,0.0,0.0007516912278679668,0.0,0.0
inertial_shift,PD,83,0.13648429320353128,0.5863424800968873,5.997098393788428,0.0,0.0,0.00020919393927682666,0.0,0.0
inertial_shift,PD,84,0.29529237976581857,0.4733450410155627,19.145263624799945,0.0,0.0,0.0006838953293296323,0.0,0.0
inertial_shift,PD,85,0.4603669490289401,0.9278854932972427,22.736540252766687,0.0,0.0,0.0010566667341297133,0.0,0.0
inertial_shift,PD,86,0.2385528587206585,0.7858301442875504,5.938781331904827,0.0,0.0,0.0003422911990155784,0.0,0.0
inertial_shift,PD,87,0.22567534954270516,0.5054546160994393,11.909628583359607,0.0,0.0,0.0004437755704023149,0.0,0.0
inertial_shift,PD,88,0.21552830625412006,0.789989854588978,5.943634644872784,0.0,0.0,0.00025528991221195296,0.0,0.0
inertial_shift,PD,89,0.09169625260541545,0.38870931865874236,11.749289518619994,0.0,0.0,0.00020313157398683682,0.0,0.0
inertial_shift,PD,90,0.35237396517208536,0.8221476268443026,23.354360483324992,0.0,0.0,0.0006359764727977182,0.0,0.0
inertial_shift,PD,91,0.29838493450748116,0.3447849253867374,10.169737467778992,0.0,0.0,0.0007885080537880857,0.0,0.0
inertial_shift,PD,92,0.22634256901743088,0.4557772002134747,6.000625017560693,0.0,0.0,0.0005046152254812425,0.0,0.0
inertial_shift,PD,93,0.4132877997936527,1.1419635726396282,28.90214807094304,0.0,0.0,0.00030697461036970465,0.0,0.0
inertial_shift,PD,94,0.16969573259099918,0.42671235208748554,16.814202651027784,0.0,0.0,0.00023589579666643694,0.0,0.0
inertial_shift,PD,95,0.1881264287366122,0.5202432992016034,7.77515628302968,0.0,0.0,0.0003378939039268548,0.0,0.0
inertial_shift,PD,96,0.2615159164969407,1.0343213346757207,6.217768316439898,0.0,0.0,0.0002073348020144765,0.0,0.0
inertial_shift,PD,97,0.2231806353061227,0.549454910938321,20.35923111910927,0.0,0.0,0.00020852057121550137,0.0,0.0
inertial_shift,PD,98,0.1496376171943228,0.3901589999233851,13.149644171685948,0.0,0.0,0.00025072469807470294,0.0,0.0
inertial_shift,PD,99,0.3523714213903894,0.43106786371172773,16.667183170106355,0.0,0.0,0.0007544112791199196,0.0,0.0
inertial_shift,LQR,0,0.1968297642327593,0.7744729302146456,9.421087491790567,0.0,0.005,0.00027555667183961155,0.0,0.0
inertial_shift,LQR,1,0.23672414859692606,0.5647553664737155,19.514274878115028,0.0,0.016666666666666666,0.0010459033563357909,0.0,0.0
inertial_shift,LQR,2,0.1679811782566086,0.5909611060909551,7.763920348240183,0.0,0.0033333333333333335,0.0006528243469418233,0.0,0.0
inertial_shift,LQR,3,0.18646814900807335,0.559899220954401,9.634497054967472,0.0,0.0,0.00034921288761914247,0.0,0.0
inertial_shift,LQR,4,0.1596846782546058,0.43403667326426965,6.588441454140834,0.0,0.006666666666666667,0.0004916355066227989,0.0,0.0
inertial_shift,LQR,5,0.1528352858970856,0.34055307341214813,12.636574160523427,0.0,0.0033333333333333335,0.0004965901859677422,0.0,0.0
inertial_shift,LQR,6,0.29266304447122427,0.7242570334322068,22.495242324318173,0.0,0.018333333333333333,0.0013877752195086879,0.0,0.0
inertial_shift,LQR,7,0.14796132224670072,0.4760145542926066,9.427267605481056,0.0,0.0033333333333333335,0.0005991821849869897,0.0,0.0
inertial_shift,LQR,8,0.3444122120423243,0.8968783158706254,34.498086465285134,0.0,0.025,0.001076561037447641,0.0,0.0
inertial_shift,LQR,9,0.14611389833014898,0.24842148192746785,13.649155711779903,0.0,0.006666666666666667,0.0004933316778250753,0.0,0.0
inertial_shift,LQR,10,0.42719061331040387,1.190354462835785,32.22628449170794,0.0,0.011666666666666667,0.000700524435314894,0.0,0.0
inertial_shift,LQR,11,0.23125631018844245,0.7895840685807947,6.586533420596809,0.0,0.01,0.0006361236901040868,0.0,0.0
inertial_shift,LQR,12,0.30163856755350643,0.7705680478469393,27.67445314555764,0.0,0.021666666666666667,0.0009230923302230896,0.0,0.0
inertial_shift,LQR,13,0.30507422626083563,0.81533164891213,23.01091393184648,0.0,0.015,0.0009365947872733406,0.0,0.0
inertial_shift,LQR,14,0.2805310044446318,0.7085316153962845,28.00117365677988,0.0,0.023333333333333334,0.0010012289057185252,0.0,0.0
inertial_shift,LQR,15,0.28116738575897215,0.9383409874257151,10.925918282075074,0.0,0.005,0.0007420964888098982,0.0,0.0
inertial_shift,LQR,16,0.14504453575845683,0.4038989874922969,10.913044371387375,0.0,0.021666666666666667,0.0015247972917861328,0.0,0.0
inertial_shift,LQR,17,0.35771974715124666,1.0102057911450648,26.888074464632552,0.0,0.006666666666666667,0.0006263186960353907,0.0,0.0
inertial_shift,LQR,18,0.2925467109194605,0.813669000170308,22.524801085735795,0.0,0.0016666666666666668,0.00031701136964870186,0.0,0.0
inertial_shift,LQR,19,0.17404305279726778,0.6151112925847724,9.2905802025216,0.0,0.028333333333333332,0.0016213555122126298,0.0,0.0
inertial_shift,LQR,20,0.1480255496812391,0.24108565380393412,11.971800429876659,0.0,0.006666666666666667,0.0006266741710102999,0.0,0.0
inertial_shift,LQR,21,0.18859294575765903,0.6381131982468429,6.581628659087184,0.0,0.0,0.00043482250681193825,0.0,0.0
inertial_shift,LQR,22,0.40524282224932767,1.1046787520988313,32.02566227815344,0.0,0.015,0.0012887841679509089,0.0,0.0
inertial_shift,LQR,23,0.144333498112346,0.33184076508181376,15.432779359558529,0.0,0.013333333333333334,0.000833556987862726,0.0,0.0
inertial_shift,LQR,24,0.1687797605299532,0.5849241454830085,11.423850637792212,0.0,0.028333333333333332,0.0014127631021621499,0.0,0.0
inertial_shift,LQR,25,0.1422190603412475,0.2302650195443648,15.511722182801178,0.0,0.006666666666666667,0.0008695731777858247,0.0,0.0
inertial_shift,LQR,26,0.13479434825583686,0.29132031260337415,8.197544156604286,0.0,0.0,0.0005425291020985105,0.0,0.0
inertial_shift,LQR,27,0.14107324356797477,0.3645518541011503,7.834725526929978,0.0,0.0016666666666666668,0.0010732932196938615,0.0,0.0
inertial_shift,LQR,28,0.21460175760688177,0.6828052019366222,6.586850697035158,0.0,0.02,0.0010245226411641393,0.0,0.0
inertial_shift,LQR,29,0.14285052281294824,0.304149936732678,7.7700102721943525,0.0,0.006666666666666667,0.0005916698767326267,0.0,0.0
inertial_shift,LQR,30,0.16669191115847948,0.5064172612465013,9.013197539877014,0.0,0.03,0.0015378673897009775,0.0,0.0
inertial_shift,LQR,31,0.18331240371075677,0.628436637014506,6.584373569729694,0.0,0.023333333333333334,0.0011081698282798351,0.0,0.0
inertial_shift,LQR,32,0.31823475712254323,0.9706259946533223,8.450072928262072,0.0,0.02666666666666667,0.0012143801210949615,0.0,0.0
inertial_shift,LQR,33,0.2997239612853961,0.9359884757998941,7.022675052994492,0.0,0.016666666666666666,0.0008405819739331229,0.0,0.0
inertial_shift,LQR,34,0.2506292974711364,0.8692856818960282,6.579418063626601,0.0,0.006666666666666667,0.0006033320431189873,0.0,0.0
inertial_shift,LQR,35,0.22501197134838977,0.572861324053337,19.251185808222175,0.0,0.0,0.00023950597862260726,0.0,0.0
inertial_shift,LQR,36,0.1594867307028051,0.3549650202265433,10.850126216770528,0.0,0.02,0.0009615335314868786,0.0,0.0
inertial_shift,LQR,37,0.15593965852982788,0.48506722220086845,8.691190027998159,0.0,0.0033333333333333335,0.000286963265471815,0.0,0.0
inertial_shift,LQR,38,0.38729085477483277,1.0125482578542724,25.71440097653692,0.0,0.021666666666666667,0.0010233663300201232,0.0,0.0
inertial_shift,LQR,39,0.14167734998220327,0.19542193714763448,11.131152476406987,0.0,0.0,0.0003430928405632859,0.0,0.0
inertial_shift,LQR,40,0.16452119810098081,0.32593307387864345,12.889003690606344,0.0,0.0033333333333333335,0.0006602458295320813,0.0,0.0
inertial_shift,LQR,41,0.1923689126551376,0.43228359372231273,15.975509570794788,0.0,0.013333333333333334,0.0007213135637260434,0.0,0.0
inertial_shift,LQR,42,0.20901756589666082,0.7853348726852546,8.145872648389902,0.0,0.0033333333333333335,0.0006561247933418427,0.0,0.0
inertial_shift,LQR,43,0.35859306021263043,1.0878321100911585,27.27932899047887,0.0,0.0,0.00043796005083074563,0.0,0.0
inertial_shift,LQR,44,0.277621170763341,0.7705771421857915,20.609267939454423,0.0,0.008333333333333333,0.0004841509081519448,0.0,0.0
inertial_shift,LQR,45,0.2276165615007899,0.600759623644273,19.56931675411203,0.0,0.0,0.0004841538024623514,0.0,0.0
inertial_shift,LQR,46,0.37929639436923335,1.0912196459082038,27.1668497908066,0.0,0.008333333333333333,0.0013487341439016463,0.0,0.0
inertial_shift,LQR,47,0.22046939724157985,0.4965795772416899,18.810558113119043,0.0,0.023333333333333334,0.001074126447661989,0.0,0.0
inertial_shift,LQR,48,0.20582384371149842,0.7414661720531137,7.82208833944257,0.0,0.013333333333333334,0.0004835569312039284,0.0,0.0
inertial_shift,LQR,49,0.1731587571298719,0.3663611574536449,14.8975644597403,0.0,0.011666666666666667,0.0008023085677355246,0.0,0.0
inertial_shift,LQR,50,0.4424539615595069,1.244077121644498,34.620029291098206,0.0,0.01,0.0005491660630475265,0.0,0.0
inertial_shift,LQR,51,0.30385125970546734,0.8964682250918606,23.750240233362113,0.0,0.0,0.0002532360577579828,0.0,0.0
inertial_shift,LQR,52,0.43478759196728284,1.1831973030407794,36.15235853319658,0.0,0.015,0.0011276447531573754,0.0,0.0
inertial_shift,LQR,53,0.33032619250104844,0.984423955084948,10.903048621419929,0.0,0.02,0.0013017034328026511,0.0,0.0
inertial_shift,LQR,54,0.2622072593878634,0.7947137579016539,10.313638109295159,0.0,0.011666666666666667,0.0006339010890609899,0.0,0.0
inertial_shift,LQR,55,0.23532093666292545,0.9837399988158635,16.475921906730818,0.0,0.03166666666666667,0.0016906394699907335,0.0,0.0
inertial_shift,LQR,56,0.39825992339715366,1.0813034112157336,26.223647782615824,0.0,0.018333333333333333,0.001052866950443035,0.0,0.0
inertial_shift,LQR,57,0.2986657246676989,0.7716153790398737,26.695120419157703,0.0,0.021666666666666667,0.0010599987610578816,0.0,0.0
inertial_shift,LQR,58,0.16923126741485262,0.6145205576499576,9.323619648395475,0.0,0.0033333333333333335,0.0006163806231409539,0.0,0.0
inertial_shift,LQR,59,0.2190081164948228,0.5645361436296727,19.035060795385576,0.0,0.0,0.00024218827211767462,0.0,0.0
inertial_shift,LQR,60,0.2914498177880757,1.0028520766513627,6.582388988242461,0.0,0.02,0.0009405597274135899,0.0,0.0
inertial_shift,LQR,61,0.22941479948628973,0.9577577691031645,16.57497819235501,0.0,0.03166666666666667,0.00159447883977203,0.0,0.0
inertial_shift,LQR,62,0.153924677242852,0.5101457039664132,10.176567303991657,0.0,0.0033333333333333335,0.0005707350820563722,0.0,0.0
inertial_shift,LQR,63,0.2560398052004674,0.6565358797728172,20.940032630345527,0.0,0.008333333333333333,0.00034260370417365897,0.0,0.0
inertial_shift,LQR,64,0.15235124055653262,0.29704193536873463,10.87304262534807,0.0,0.02,0.001450841176397427,0.0,0.0
inertial_shift,LQR,65,0.22477535599179613,0.5693504025430862,14.776844761614388,0.0,0.016666666666666666,0.0011794706393698944,0.0,0.0
inertial_shift,LQR,66,0.1658909194511278,0.5117541162030611,15.214025761375208,0.0,0.025,0.0012926774240087549,0.0,0.0
inertial_shift,LQR,67,0.2311869710012082,0.8524265914437691,6.5778477118060845,0.0,0.02,0.0014519228017782233,0.0,0.0
inertial_shift,LQR,68,0.16786370933231665,0.3433209515202249,14.701293719199542,0.0,0.01,0.0010885002718809802,0.0,0.0
inertial_shift,LQR,69,0.18628956252699982,0.43040320811754523,12.030343342887631,0.0,0.015,0.001031689910665262,0.0,0.0
inertial_shift,LQR,70,0.318465556842224,0.9578065159998098,23.920465031179685,0.0,0.0016666666666666668,0.00029395700703657983,0.0,0.0
inertial_shift,LQR,71,0.15819117766231489,0.5551223758307655,15.62342976482599,0.0,0.018333333333333333,0.0008434835968552271,0.0,0.0
inertial_shift,LQR,72,0.18670439377449524,0.42138246172717353,17.439226025946102,0.0,0.0016666666666666668,0.0008030585447221602,0.0,0.0
inertial_shift,LQR,73,0.25673777630961675,0.7961828061780937,9.121193022411921,0.0,0.005,0.0008059531922259549,0.0,0.0
inertial_shift,LQR,74,0.2337006423973106,0.661669344788541,9.547454297381787,0.0,0.02,0.00121001953619788,0.0,0.0
inertial_shift,LQR,75,0.23857607741098374,0.853278483692221,6.581987595244007,0.0,0.008333333333333333,0.00043143534351564657,0.0,0.0
inertial_shift,LQR,76,0.3980087747353165,1.0532262155500045,28.885356473205718,0.0,0.021666666666666667,0.001282921217120446,0.0,0.0
inertial_shift,LQR,77,0.5274116391678721,1.4078939936229526,43.979787049072996,0.0,0.025,0.0010242052180595238,0.0,0.0
inertial_shift,LQR,78,0.21352922493715956,0.5119162691848448,15.3010344781376,0.0,0.015,0.001395387744749795,0.0,0.0
inertial_shift,LQR,79,0.2480276597594732,0.5840700108164252,17.393031991743882,0.0,0.028333333333333332,0.0015759038558151679,0.0,0.0
inertial_shift,LQR,80,0.2689441406979496,0.9063388921366606,8.694533462666337,0.0,0.0,0.0010695332726847948,0.0,0.0
inertial_shift,LQR,81,0.21257774952077216,0.6540197798219104,6.59686218967241,0.0,0.02,0.0015164222849259946,0.0,0.0
inertial_shift,LQR,82,0.1975438807986115,0.6994810198165837,6.593833256085733,0.0,0.0,0.0008187694555366843,0.0,0.0
inertial_shift,LQR,83,0.18135711669687288,0.5858562458516399,6.588281006057755,0.0,0.0,0.00024827810493429454,0.0,0.0
inertial_shift,LQR,84,0.17925001191850135,0.47233965788118604,14.629467768103966,0.0,0.011666666666666667,0.0008452682812352734,0.0,0.0
inertial_shift,LQR,85,0.3303098450230082,0.8495184141321066,24.054442344814987,0.0,0.025,0.001683967500980405,0.0,0.0
inertial_shift,LQR,86,0.2251718471094816,0.7852973720062068,6.582162675026674,0.0,0.013333333333333334,0.0007956693315986246,0.0,0.0
inertial_shift,LQR,87,0.17564835463790493,0.4393290518693294,16.077074264333405,0.0,0.025,0.0011997603831078324,0.0,0.0
inertial_shift,LQR,88,0.24509883841463617,0.7899266654169642,6.584775115510849,0.0,0.01,0.0006267728971404981,0.0,0.0
inertial_shift,LQR,89,0.1407559047197392,0.3877726791279835,8.824409592126145,0.0,0.0016666666666666668,0.00025949861245046625,0.0,0.0
inertial_shift,LQR,90,0.3117579888304527,0.7976044653133064,26.86959793272839,0.0,0.025,0.0012865628432238859,0.0,0.0
inertial_shift,LQR,91,0.14891843479233957,0.3303014522042894,11.932320753234311,0.0,0.0033333333333333335,0.0008974693372218554,0.0,0.0
inertial_shift,LQR,92,0.15669633075699416,0.4556780255507619,6.591252550266326,0.0,0.013333333333333334,0.0008885559130856254,0.0,0.0
inertial_shift,LQR,93,0.40863916733934197,1.1272847836678592,29.493861442582656,0.0,0.011666666666666667,0.0007285702344384763,0.0,0.0
inertial_shift,LQR,94,0.16920466727900035,0.3546319037084373,15.864498709014269,0.0,0.0033333333333333335,0.0004070517977840383,0.0,0.0
inertial_shift,LQR,95,0.15622956747361938,0.5196508226609039,7.991120733649554,0.0,0.01,0.0007099577089731588,0.0,0.0
inertial_shift,LQR,96,0.2854461789360926,1.0338059339870291,6.584743412079075,0.0,0.008333333333333333,0.000299072359850969,0.0,0.0
inertial_shift,LQR,97,0.1993838132085399,0.4625734877562976,17.019905163886264,0.0,0.008333333333333333,0.0002948514670428912,0.0,0.0
inertial_shift,LQR,98,0.17201504338778334,0.3669265406082503,14.0458578618464,0.0,0.0,0.00030709449825232996,0.0,0.0
inertial_shift,LQR,99,0.193936897804328,0.4267499229218359,18.75586304544451,0.0,0.015,0.0012494849338384889,0.0,0.0
inertial_shift,LMPC-H40,0,0.14468958622297687,0.7744729302146456,10.125554337242924,0.0,0.02,0.0004823950693067409,0.0,0.0
inertial_shift,LMPC-H40,1,0.17617148962362797,0.5562294770001721,74.75167635034745,0.0,0.06666666666666667,0.0013203018824798725,0.0,0.0
inertial_shift,LMPC-H40,2,0.11072978307242992,0.5909611060909551,8.690767401686651,0.0,0.0033333333333333335,0.0006067893996089763,0.0,0.0
inertial_shift,LMPC-H40,3,0.11367132594361598,0.5586943309931078,8.975005586832843,0.0,0.0016666666666666668,0.0003122333079090117,0.0,0.0
inertial_shift,LMPC-H40,4,0.08498244003626537,0.43400506167534175,5.836613978269956,0.0,0.0016666666666666668,0.00040295946857133824,0.0,0.0
inertial_shift,LMPC-H40,5,0.07496249739223639,0.34055307341214813,13.994580095920274,0.0,0.02,0.0006537092122087551,0.0,0.0
inertial_shift,LMPC-H40,6,0.2613877947615878,0.7310644497729897,108.12655630829565,1.0,0.11333333333333333,0.002572614512730458,0.0,0.0
inertial_shift,LMPC-H40,7,0.08389038064334023,0.47594004725057754,9.025747189595409,0.0,0.0,0.0004824459374583656,0.0,0.0
inertial_shift,LMPC-H40,8,0.29817281143744,0.9727085343754122,114.52450566321123,1.0,0.12,0.0032124218291037184,0.0,0.0
inertial_shift,LMPC-H40,9,0.06430808716460595,0.21387881519754712,16.02604817327582,0.0,0.005,0.00046749605852389723,0.0,0.0
inertial_shift,LMPC-H40,10,0.36911817198416824,1.1935526217481571,52.05663524613292,0.0,0.02,0.000850275639563652,0.0,0.0
inertial_shift,LMPC-H40,11,0.18114186686157932,0.7895840685807947,9.098965947457799,0.0,0.015,0.0007394897077701078,0.0,0.0
inertial_shift,LMPC-H40,12,0.24327669546094333,0.8060283663735277,78.6863734120387,0.0,0.06166666666666667,0.001453819458744692,0.0,0.0
inertial_shift,LMPC-H40,13,0.25904478368715056,0.8145050368816025,35.02320198739061,0.0,0.018333333333333333,0.0010265258142753775,0.0,0.0
inertial_shift,LMPC-H40,14,0.21765980213323072,0.7333339126312932,90.39672467128354,1.0,0.07333333333333333,0.0018149753035866067,0.0,0.0
inertial_shift,LMPC-H40,15,0.22542251168172892,0.9383409874257151,14.239979448725222,0.0,0.018333333333333333,0.0009913676349452357,0.0,0.0
inertial_shift,LMPC-H40,16,0.0836520381801487,0.4038989874922969,13.723329830699301,0.0,0.03,0.0017682744330089195,0.0,0.0
inertial_shift,LMPC-H40,17,0.2714452788674444,0.9551091470137268,38.28373260859584,0.0,0.0033333333333333335,0.0005890248624146931,0.0,0.0
inertial_shift,LMPC-H40,18,0.21481464668406508,0.7734068990925471,31.584911784236084,0.0,0.0016666666666666668,0.00031175059636259463,0.0,0.0
inertial_shift,LMPC-H40,19,0.12040631739997092,0.6151112925847724,21.301904622156563,0.0,0.09,0.0021076275482693877,0.0,0.0
inertial_shift,LMPC-H40,20,0.06880375923177261,0.22707720632850842,14.776822687119909,0.0,0.006666666666666667,0.0006349144725584822,0.0,0.0
inertial_shift,LMPC-H40,21,0.12707665889284023,0.6374403707420808,7.4894574374436775,0.0,0.0016666666666666668,0.0004091874857852312,0.0,0.0
inertial_shift,LMPC-H40,22,0.35503500288410506,1.125203148133328,51.713449345008314,0.0,0.023333333333333334,0.0015084813858892855,0.0,0.0
inertial_shift,LMPC-H40,23,0.08057196359311779,0.33184076508181376,20.614499994421813,0.0,0.03333333333333333,0.001075479531134536,0.0,0.0
inertial_shift,LMPC-H40,24,0.11451740594669121,0.5849241454830085,34.84635443179124,0.0,0.09333333333333334,0.0019016380738319824,0.0,0.0
inertial_shift,LMPC-H40,25,0.06000961380754723,0.19148168502762342,16.996906423713103,0.0,0.005,0.0008988445696295172,0.0,0.0
inertial_shift,LMPC-H40,26,0.043682513345205676,0.2896668088165492,7.1451585501927575,0.0,0.0016666666666666668,0.0005312691898590083,0.0,0.0
inertial_shift,LMPC-H40,27,0.051770351324410345,0.3645478552731443,7.76238262540354,0.0,0.016666666666666666,0.0013096082176562273,0.0,0.0
inertial_shift,LMPC-H40,28,0.18375848758172383,0.6828052019366222,53.06845032952845,0.0,0.09833333333333333,0.001447982356024445,0.0,0.0
inertial_shift,LMPC-H40,29,0.056425876022412266,0.304149936732678,7.7700102721943525,0.0,0.006666666666666667,0.0005982379994877223,0.0,0.0
inertial_shift,LMPC-H40,30,0.10967185468944479,0.5064172612465013,31.76600030430539,0.0,0.11166666666666666,0.0021412143132559943,0.0,0.0
inertial_shift,LMPC-H40,31,0.16380421887619448,0.628436637014506,27.348365738715504,0.0,0.13333333333333333,0.0016905323094741536,0.0,0.0
inertial_shift,LMPC-H40,32,0.2752378936307439,0.9706259946533223,76.74117394206195,0.0,0.08833333333333333,0.0017460083589416738,0.0,0.0
inertial_shift,LMPC-H40,33,0.25280104637477163,0.9359884757998941,20.06298998083888,0.0,0.03,0.001089928057506107,0.0,0.0
inertial_shift,LMPC-H40,34,0.19991667689104692,0.8692856818960282,11.739280278642477,0.0,0.01,0.0006569635007266844,0.0,0.0
inertial_shift,LMPC-H40,35,0.16850379075787733,0.5689489638388616,26.44806176552542,0.0,0.011666666666666667,0.00037766100274365654,0.0,0.0
inertial_shift,LMPC-H40,36,0.08867385648429164,0.3549650202265433,10.689741799333047,0.0,0.06666666666666667,0.001336393353477686,0.0,0.0
inertial_shift,LMPC-H40,37,0.07423582490266073,0.48506722220086845,8.691190027998159,0.0,0.02,0.0005048241398366432,0.0,0.0
inertial_shift,LMPC-H40,38,0.3312245558739282,1.0001419430943534,100.46886571149066,1.0,0.08666666666666667,0.0019303418779788735,0.0,0.0
inertial_shift,LMPC-H40,39,0.05472288841799786,0.1910879535825522,12.973427387964463,0.0,0.005,0.00040703427750111445,0.0,0.0
inertial_shift,LMPC-H40,40,0.08604555986399237,0.2948200354222614,16.889588697739747,0.0,0.0,0.0005496812355314866,0.0,0.0
inertial_shift,LMPC-H40,41,0.1405554949241,0.43217864406281487,22.536544971836978,0.0,0.018333333333333333,0.0009158307455398011,0.0,0.0
inertial_shift,LMPC-H40,42,0.1569779298210517,0.7853348726852546,9.508377912198592,0.0,0.016666666666666666,0.0007998078903346021,0.0,0.0
inertial_shift,LMPC-H40,43,0.29783556534963257,1.0939188685592445,40.13374488713374,0.0,0.01,0.0005861324203091115,0.0,0.0
inertial_shift,LMPC-H40,44,0.23288992688569207,0.7750823126835061,28.92739784249814,0.0,0.025,0.0008272013572118732,0.0,0.0
inertial_shift,LMPC-H40,45,0.16295557079311887,0.5889322124919939,27.30659287985149,0.0,0.005,0.0005027200519482129,0.0,0.0
inertial_shift,LMPC-H40,46,0.30882682228635794,1.0705183577793669,40.81610141974908,0.0,0.008333333333333333,0.0013638719187355265,0.0,0.0
inertial_shift,LMPC-H40,47,0.16918821721373267,0.5174300448392719,62.90866769540645,0.0,0.07666666666666666,0.001490641865857158,0.0,0.0
inertial_shift,LMPC-H40,48,0.14472724218771513,0.7414661720531137,7.82208833944257,0.0,0.03,0.0006804492342932783,0.0,0.0
inertial_shift,LMPC-H40,49,0.11069995122836167,0.35404821572168055,19.96391964383666,0.0,0.015,0.0008362622977085976,0.0,0.0
inertial_shift,LMPC-H40,50,0.36515558674270726,1.2167092688943077,52.89810736335195,0.0,0.013333333333333334,0.0006427324303903764,0.0,0.0
inertial_shift,LMPC-H40,51,0.2480651963078665,0.9019787430308355,34.25238181734798,0.0,0.008333333333333333,0.0004329807073396893,0.0,0.0
inertial_shift,LMPC-H40,52,0.34119966262162643,1.2007317419554056,92.76153465205381,1.0,0.06833333333333333,0.002316052127511374,0.0,0.0
inertial_shift,LMPC-H40,53,0.3029174149198668,0.984423955084948,104.92176382427128,1.0,0.11166666666666666,0.002116876999853272,0.0,0.0
inertial_shift,LMPC-H40,54,0.20903171949649366,0.7947137579016539,16.394214851155382,0.0,0.015,0.0007837044074251814,0.0,0.0
inertial_shift,LMPC-H40,55,0.19868073871717903,0.9837399988158635,52.99647066223902,0.0,0.1,0.0022937370504134795,0.0,0.0
inertial_shift,LMPC-H40,56,0.3363212905185563,1.068533747024061,90.46189057460992,1.0,0.06333333333333334,0.001542881570837225,0.0,0.0
inertial_shift,LMPC-H40,57,0.26074018174398755,0.8107692472786389,46.69587830653309,0.0,0.04,0.0013484617463747513,0.0,0.0
inertial_shift,LMPC-H40,58,0.10611692483069982,0.6145205576499576,9.323619648395475,0.0,0.02,0.0007763852571362788,0.0,0.0
inertial_shift,LMPC-H40,59,0.16343220860119184,0.5660108613786708,25.718222865515486,0.0,0.011666666666666667,0.00041377685193329765,0.0,0.0
inertial_shift,LMPC-H40,60,0.24912164748834104,1.0028520766513627,46.988237301178735,0.0,0.07833333333333334,0.0013069349346923641,0.0,0.0
inertial_shift,LMPC-H40,61,0.19146625836006206,0.9577577691031645,53.41939025553769,0.0,0.09833333333333333,0.002145792907186095,0.0,0.0
inertial_shift,LMPC-H40,62,0.09269860336625783,0.5100811266801464,9.927894910745305,0.0,0.0,0.0004858895145618138,0.0,0.0
inertial_shift,LMPC-H40,63,0.21092134580999106,0.6676000995134027,29.96501945260936,0.0,0.025,0.000573843775147712,0.0,0.0
inertial_shift,LMPC-H40,64,0.06839879272383231,0.29704193536873463,10.87304262534807,0.0,0.02666666666666667,0.0015894638908817392,0.0,0.0
inertial_shift,LMPC-H40,65,0.17741086503215348,0.5624790205793765,19.817804377164048,0.0,0.023333333333333334,0.0012995607504946369,0.0,0.0
inertial_shift,LMPC-H40,66,0.10867597210669327,0.5117541162030611,48.06375823016505,0.0,0.085,0.0017592116482190246,0.0,0.0
inertial_shift,LMPC-H40,67,0.3138185782126949,0.9341460181467538,58.54140195500514,0.0,0.15166666666666667,0.002123399175554247,0.0,0.0
inertial_shift,LMPC-H40,68,0.09963228540366854,0.3226823905639778,18.903288678284678,0.0,0.011666666666666667,0.001056405746713342,0.0,0.0
inertial_shift,LMPC-H40,69,0.12523617881797183,0.43040320811754523,28.00046390648619,0.0,0.06666666666666667,0.0013517963717465048,0.0,0.0
inertial_shift,LMPC-H40,70,0.2758672487329221,0.9696215087998059,33.94402054965348,0.0,0.018333333333333333,0.0005299213805571965,0.0,0.0
inertial_shift,LMPC-H40,71,0.10560600395872609,0.5551223758307655,27.52843119305946,0.0,0.05,0.0011760590839929505,0.0,0.0
inertial_shift,LMPC-H40,72,0.10846228311647471,0.3596756397311791,20.86906170862438,0.0,0.0033333333333333335,0.0008235731556844505,0.0,0.0
inertial_shift,LMPC-H40,73,0.1806917528601007,0.7957915000970321,11.687764179556789,0.0,0.0,0.0006819083706100832,0.0,0.0
inertial_shift,LMPC-H40,74,0.23539411325116708,0.661669344788541,96.34058223968132,1.0,0.11,0.0019520042383098192,0.0,0.0
inertial_shift,LMPC-H40,75,0.18537957853126957,0.853278483692221,7.654780660572433,0.0,0.025,0.0006210295659775,0.0,0.0
inertial_shift,LMPC-H40,76,0.359839124498974,1.085222375260372,54.15713858874502,0.0,0.043333333333333335,0.0016106619737902045,0.0,0.0
inertial_shift,LMPC-H40,77,59.649134538827646,139.83984405354312,179.74105308190167,1.0,0.99,0.026066135133116376,0.0,0.0
inertial_shift,LMPC-H40,78,0.1642411398655417,0.5105273381461087,21.873895171626877,0.0,0.02,0.0014585765713637788,0.0,0.0
inertial_shift,LMPC-H40,79,0.20104394031619716,0.5840700108164252,56.2398479188572,0.0,0.085,0.00206295030543939,0.0,0.0
inertial_shift,LMPC-H40,80,0.20885146146035385,0.905827688572922,12.353862960434588,0.0,0.011666666666666667,0.0012810351432984617,0.0,0.0
inertial_shift,LMPC-H40,81,0.15982286390914774,0.6540197798219104,8.707381613675526,0.0,0.028333333333333332,0.0017570021288082652,0.0,0.0
inertial_shift,LMPC-H40,82,0.1398641576957883,0.6990916291020778,7.622371633368785,0.0,0.01,0.000983614416978367,0.0,0.0
inertial_shift,LMPC-H40,83,0.11427513487749348,0.5855477482151931,5.693037659254129,0.0,0.013333333333333334,0.0004282388301999148,0.0,0.0
inertial_shift,LMPC-H40,84,0.12087505989796793,0.47233965788118604,19.08931448229541,0.0,0.02666666666666667,0.0011912810476512653,0.0,0.0
inertial_shift,LMPC-H40,85,0.29712382108001745,0.8713401908318712,45.45099197735168,0.0,0.04833333333333333,0.0020152828820665216,0.0,0.0
inertial_shift,LMPC-H40,86,0.17492636888573168,0.7852973720062068,15.745810435247568,0.0,0.04666666666666667,0.0010894425853872091,0.0,0.0
inertial_shift,LMPC-H40,87,0.11965019327540394,0.4393290518693294,61.21481810178623,0.0,0.08833333333333333,0.0016685403132423982,0.0,0.0
inertial_shift,LMPC-H40,88,0.19229774063824354,0.7899266654169642,12.069841121317037,0.0,0.015,0.0007187463505715476,0.0,0.0
inertial_shift,LMPC-H40,89,0.05976467731737159,0.38771530645143687,9.936149919894179,0.0,0.016666666666666666,0.0004380800520628836,0.0,0.0
inertial_shift,LMPC-H40,90,0.2682464231534309,0.8352729850865825,60.00169150769218,0.0,0.055,0.0016661136733875823,0.0,0.0
inertial_shift,LMPC-H40,91,0.06717233310053985,0.3303014522042894,13.49125787483689,0.0,0.016666666666666666,0.0011377367818441867,0.0,0.0
inertial_shift,LMPC-H40,92,0.08964814831150394,0.4556780255507619,5.876803812637899,0.0,0.015,0.0009238793416578337,0.0,0.0
inertial_shift,LMPC-H40,93,0.3566178169955337,1.1350626722342787,49.685857362775586,0.0,0.028333333333333332,0.0008871288980642309,0.0,0.0
inertial_shift,LMPC-H40,94,0.08785932257502625,0.2927414235849316,18.873456605964545,0.0,0.0016666666666666668,0.0003442297181860439,0.0,0.0
inertial_shift,LMPC-H40,95,0.09624056586496212,0.5196508226609039,8.687997033926914,0.0,0.015,0.0008767161144722334,0.0,0.0
inertial_shift,LMPC-H40,96,0.2367382536304617,1.0338059339870291,11.790697309529355,0.0,0.023333333333333334,0.0005178726600381084,0.0,0.0
inertial_shift,LMPC-H40,97,0.14688447651449596,0.4625734877562976,23.004295140923993,0.0,0.025,0.0005174753712378915,0.0,0.0
inertial_shift,LMPC-H40,98,0.10659784704631992,0.36647027579902924,18.092204491179885,0.0,0.013333333333333334,0.0005058240529977219,0.0,0.0
inertial_shift,LMPC-H40,99,0.1348375678298504,0.42344441672103966,69.88611839624663,0.0,0.07333333333333333,0.0015051082750161576,0.0,0.0
inertial_shift,PD+MLP+RTA,0,0.15321109119561194,0.7749101127660731,10.427425355904154,0.0,0.0,0.00019848267308328243,0.0,0.0021946226933719365
inertial_shift,PD+MLP+RTA,1,0.2313392989391762,0.6206477733160425,15.660408048115105,0.0,0.0,0.0004782135493671799,0.0,0.012302601131523212
inertial_shift,PD+MLP+RTA,2,0.1431832798016015,0.5909261555082624,7.85540442666336,0.0,0.0,0.0004557247948605166,0.0,0.012565929093484038
inertial_shift,PD+MLP+RTA,3,0.14011533756015981,0.5591671615111109,10.149213393450312,0.0,0.0,0.00024706026596534335,0.0,0.007043678679282226
inertial_shift,PD+MLP+RTA,4,0.10668515070739829,0.43359624064330304,5.979048395942352,0.0,0.0,0.00027999386823470893,0.0,0.0033240755107702665
inertial_shift,PD+MLP+RTA,5,0.13663608758433612,0.3419367789843305,10.54913373202401,0.0,0.0,0.00046453270297607875,0.0,0.012836162312644528
inertial_shift,PD+MLP+RTA,6,0.3122014204459702,0.7852818114409919,17.81947773318203,0.0,0.0,0.0007533684157218024,0.0,0.013321799857850095
inertial_shift,PD+MLP+RTA,7,0.10711320334385495,0.4759277987081354,11.94313327185177,0.0,0.0,0.00044098524160300883,0.0,0.009214804010736294
inertial_shift,PD+MLP+RTA,8,0.2826276288810874,0.813229540719193,26.38715596144083,0.0,0.0,0.0003609176672400157,0.0,0.0024985196071590715
inertial_shift,PD+MLP+RTA,9,0.10899079220574444,0.32271591251946197,13.371406343663255,0.0,0.0,0.00025695972248779167,0.0,0.0018575299606795543
inertial_shift,PD+MLP+RTA,10,0.41766430736205623,1.2157753820521002,30.20349629457156,0.0,0.0,0.00032041810271421506,0.0,0.010612246808710714
inertial_shift,PD+MLP+RTA,11,0.20459498202747992,0.789777947908653,6.028232364346394,0.0,0.0,0.00027724082060722523,0.0,0.001867162427333648
inertial_shift,PD+MLP+RTA,12,0.26370180886291145,0.7649216212418595,23.115518998213066,0.0,0.0,0.0003078492553430153,0.0,0.0009451569551028123
inertial_shift,PD+MLP+RTA,13,0.2933351930975239,0.8576941992534602,24.682622837472138,0.0,0.0,0.0005654166820286015,0.0,0.010574224403268564
inertial_shift,PD+MLP+RTA,14,0.23864906544516895,0.6853504244660863,21.933119246776133,0.0,0.0,0.0003214308783553407,0.0,0.0005908678048193035
inertial_shift,PD+MLP+RTA,15,0.27558297077275473,0.9389502119553567,12.51533833466155,0.0,0.0,0.0006433816868825702,0.0,0.012595991782295904
inertial_shift,PD+MLP+RTA,16,0.19396086422925607,0.40474832402156236,8.96212021732757,0.0,0.0,0.0009488016587955265,0.0,0.013687001725622976
inertial_shift,PD+MLP+RTA,17,0.3564609762116803,1.0596200132138156,28.611673064694926,0.0,0.0,0.00040936665603768965,0.0,0.0073007212172756936
inertial_shift,PD+MLP+RTA,18,0.3039003156864997,0.8872706625863339,23.5370756606182,0.0,0.0,0.00019931408869397943,0.0,0.00393217414046831
inertial_shift,PD+MLP+RTA,19,0.22081716643337057,0.6160491516983956,7.074775357044278,0.0,0.0,0.0008664529920691881,0.0,0.01337067569338758
inertial_shift,PD+MLP+RTA,20,0.11966122467468156,0.29544918248825797,9.68062380355783,0.0,0.0,0.0003769392709732571,0.0,0.011379896369989538
inertial_shift,PD+MLP+RTA,21,0.14718728971204015,0.6377260162151308,5.888875846134584,0.0,0.0,0.000343319547425434,0.0,0.010744006864901005
inertial_shift,PD+MLP+RTA,22,0.3894548861340226,1.1022097632302374,33.20099598382213,0.0,0.0,0.0009592210052475562,0.0,0.013331281528450985
inertial_shift,PD+MLP+RTA,23,0.13065369362931625,0.3331406668628524,13.659310903514097,0.0,0.0,0.0003836025905262461,0.0,0.010966588099832609
inertial_shift,PD+MLP+RTA,24,0.19677394802614276,0.5858909720617158,8.582801507252908,0.0,0.0,0.0006665187473755014,0.0,0.011417061662723417
inertial_shift,PD+MLP+RTA,25,0.17374207157221505,0.30511232943510036,16.33717076799982,0.0,0.0,0.000633832208192208,0.0,0.013327498798295423
inertial_shift,PD+MLP+RTA,26,0.10420516139594842,0.2904212633678203,6.196319942615872,0.0,0.0,0.0004646052977807631,0.0,0.012674286402953917
inertial_shift,PD+MLP+RTA,27,0.16366260808575467,0.36555750621439714,9.386826996598408,0.0,0.0,0.000963544209707096,0.0,0.013777138492218606
inertial_shift,PD+MLP+RTA,28,0.2077983589190786,0.6836437918786401,5.96575752897693,0.0,0.0,0.000316321410174487,0.0,0.0051485435578532066
inertial_shift,PD+MLP+RTA,29,0.08605821006021754,0.3037436771556008,7.757223154304547,0.0,0.0,0.00032329509656743664,0.0,0.009904970847777585
inertial_shift,PD+MLP+RTA,30,0.20278318733265652,0.5415048566485756,9.1572140032509,0.0,0.0,0.0007415237376368672,0.0,0.012389344652400726
inertial_shift,PD+MLP+RTA,31,0.19351074036615232,0.629492307876666,5.950976510259698,0.0,0.0,0.00035719834269629585,0.0,0.0076835734116973056
inertial_shift,PD+MLP+RTA,32,0.29208754725156066,0.9710614825977968,7.635045525602648,0.0,0.0,0.00044794057661938437,0.0,0.006059508926016929
inertial_shift,PD+MLP+RTA,33,0.2721289096408359,0.9362147706242084,8.131536330187169,0.0,0.0,0.0003363226672064386,0.0,0.004011974254765904
inertial_shift,PD+MLP+RTA,34,0.22332683148172625,0.8693937532403008,5.905172044927887,0.0,0.0,0.00030713019902167227,0.0,0.009107761368214111
inertial_shift,PD+MLP+RTA,35,0.22949946073296904,0.6630227913106562,20.311618781003972,0.0,0.0,0.000196252521202821,0.0,0.0039119792248617485
inertial_shift,PD+MLP+RTA,36,0.1593318715028527,0.46380565415114205,11.773767057671844,0.0,0.0,0.00034044392686741215,0.0,0.002378232506058266
inertial_shift,PD+MLP+RTA,37,0.09623245681060379,0.48621644455287855,8.674579213135289,0.0,0.0,0.0002058503554825424,0.0,0.0008973167307166327
inertial_shift,PD+MLP+RTA,38,0.3643060619281499,1.080556031331272,22.837992108472186,0.0,0.0,0.0003165452834813823,0.0,0.006921477348008685
inertial_shift,PD+MLP+RTA,39,0.09843026323495975,0.27062844983996065,12.043425587321986,0.0,0.0,0.0002730431905449044,0.0,0.003849056952444861
inertial_shift,PD+MLP+RTA,40,0.13807568793760738,0.3773436628645118,13.587319680219178,0.0,0.0,0.0004819710581290936,0.0,0.009991802655996881
inertial_shift,PD+MLP+RTA,41,0.17459755188343545,0.5007120370548761,13.978995230278256,0.0,0.0,0.0002808072484968123,0.0,0.007554415313721067
inertial_shift,PD+MLP+RTA,42,0.2209410891303015,0.7857581011045105,8.112039980157695,0.0,0.0,0.0006392347754744214,0.0,0.013352885655712028
inertial_shift,PD+MLP+RTA,43,0.3892210050932084,1.1275853431184237,23.725484498253742,0.0,0.0,0.00038364207887339155,0.0,0.012528861702689641
inertial_shift,PD+MLP+RTA,44,0.2717274400389051,0.7981289188318471,20.316397262644646,0.0,0.0,0.0003502067746938162,0.0,0.007162423059207152
inertial_shift,PD+MLP+RTA,45,0.23087875136911862,0.6366362515201929,15.470375394114093,0.0,0.0,0.00039599350097521967,0.0,0.012297411982568625
inertial_shift,PD+MLP+RTA,46,0.40876115220509907,1.1344593511296,33.19344699547444,0.0,0.0,0.001178820081232433,0.0,0.013652550967204457
inertial_shift,PD+MLP+RTA,47,0.20667496761386742,0.5869065764970166,15.0717122622473,0.0,0.0,0.0003882759202708626,0.0,0.004550575035659951
inertial_shift,PD+MLP+RTA,48,0.1857950682955867,0.7424413157205084,7.773799229638856,0.0,0.0,0.00040840047136967485,0.0,0.012374575763489154
inertial_shift,PD+MLP+RTA,49,0.15279762933459107,0.43485929967134024,15.7520061528423,0.0,0.0,0.00046893792384785146,0.0,0.009307946737384231
inertial_shift,PD+MLP+RTA,50,0.4330985233121438,1.2757887327314992,34.824291647229515,0.0,0.0,0.00022193986480096016,0.0,0.005752858658640978
inertial_shift,PD+MLP+RTA,51,0.30570790947122783,0.9241381171916069,20.967534908315848,0.0,0.0,0.00020310522028558307,0.0,0.0015255381162564334
inertial_shift,PD+MLP+RTA,52,0.4260018438743814,1.1540734454634067,32.222201520925246,0.0,0.0,0.0006501797164090771,0.0,0.013288617916861164
inertial_shift,PD+MLP+RTA,53,0.3030655407985481,0.9849312827580938,10.133544230191907,0.0,0.0,0.0006138925310740505,0.0,0.01282646247212738
inertial_shift,PD+MLP+RTA,54,0.22813731622613392,0.7946598555834703,10.23168359993733,0.0,0.0,0.0002529023588787899,0.0,0.0017220330788855947
inertial_shift,PD+MLP+RTA,55,0.28251695939159094,0.9845031582867243,11.206710165342976,0.0,0.0,0.0008681603840071739,0.0,0.013223344722008057
inertial_shift,PD+MLP+RTA,56,0.39115146231096937,1.1429285544367436,23.16151809638977,0.0,0.0,0.00044540710745343123,0.0,0.012062884466010395
inertial_shift,PD+MLP+RTA,57,0.2650424602951246,0.767800144230865,23.42783179422126,0.0,0.0,0.00051126900676099,0.0,0.009035536626382198
inertial_shift,PD+MLP+RTA,58,0.18050947625467373,0.615249473973993,9.602323184345522,0.0,0.0,0.0005865697712652372,0.0,0.013318335839188145
inertial_shift,PD+MLP+RTA,59,0.20977602376334153,0.6089256388071497,16.51426899300418,0.0,0.0,0.00019748180425738717,0.0,0.003363546763570703
inertial_shift,PD+MLP+RTA,60,0.2791761270797901,1.0034048828953093,5.95342077462147,0.0,0.0,0.00030301195862032863,0.0,0.005219002208704414
inertial_shift,PD+MLP+RTA,61,0.26914116183340564,0.9585289767567778,11.626523041376172,0.0,0.0,0.0007945870689082101,0.0,0.012764621244220578
inertial_shift,PD+MLP+RTA,62,0.12318828412425821,0.5100672343344513,10.5430233963794,0.0,0.0,0.00041842868252850543,0.0,0.012244801312184809
inertial_shift,PD+MLP+RTA,63,0.2720996256539286,0.7673914455928995,25.574596048676984,0.0,0.0,0.00024974141813431417,0.0,0.00990362780974484
inertial_shift,PD+MLP+RTA,64,0.18054156976844477,0.32166947442876254,10.846955372552777,0.0,0.0,0.0009486142473220026,0.0,0.013704792226194792
inertial_shift,PD+MLP+RTA,65,0.2255104259454844,0.6375426004709842,18.447778025031692,0.0,0.0,0.0007396295704393079,0.0,0.01277787703520222
inertial_shift,PD+MLP+RTA,66,0.18057948187712466,0.5129245476746208,11.338689340683374,0.0,0.0,0.0006039651892591042,0.0,0.010831224840244838
inertial_shift,PD+MLP+RTA,67,0.26485922962572434,0.8533978787058926,5.886788141217479,0.0,0.0,0.0007682756888352198,0.0,0.013284895766538688
inertial_shift,PD+MLP+RTA,68,0.1724351143247701,0.423973702205542,14.722384493608283,0.0,0.0,0.0007878848331120321,0.0,0.013300606643672058
inertial_shift,PD+MLP+RTA,69,0.19441720096277204,0.5205811597466119,10.65702138684318,0.0,0.0,0.0005005370151562646,0.0,0.012499162985601166
inertial_shift,PD+MLP+RTA,70,0.32659722512272915,0.9747259199944195,19.777248638275903,0.0,0.0,0.00022925756086424629,0.0,0.008722676707939442
inertial_shift,PD+MLP+RTA,71,0.15088324250546217,0.5561685140004898,12.982266541711882,0.0,0.0,0.00030241979832542465,0.0,0.0017223929891043053
inertial_shift,PD+MLP+RTA,72,0.20924485670571394,0.5811732352361761,23.46024791207624,0.0,0.0,0.0007234575697218808,0.0,0.01283279185109771
inertial_shift,PD+MLP+RTA,73,0.24012327816274395,0.795669795221694,9.883395772742716,0.0,0.0,0.000614951375304355,0.0,0.011973950909368985
inertial_shift,PD+MLP+RTA,74,0.2160056700007498,0.6625886427406174,9.488506857854798,0.0,0.0,0.000493087550875117,0.0,0.011622397273546874
inertial_shift,PD+MLP+RTA,75,0.21881187255553752,0.8540535971849951,5.814741936440653,0.0,0.0,0.0003695980828520579,0.0,0.011801616712859193
inertial_shift,PD+MLP+RTA,76,0.3614551687461298,1.0537801802897684,29.212451310887275,0.0,0.0,0.0007232046788339113,0.0,0.011798731003480487
inertial_shift,PD+MLP+RTA,77,0.4420278337006276,1.2941992070278874,34.18988090668736,0.0,0.0,0.0003110145164188071,0.0,0.0061221076249274985
inertial_shift,PD+MLP+RTA,78,0.2463356963374553,0.5815743876732736,17.552955476027392,0.0,0.0,0.001011823590561458,0.0,0.013751691776876617
inertial_shift,PD+MLP+RTA,79,0.2589893929163572,0.7131738352842706,19.09545047422127,0.0,0.0,0.0008292277168823776,0.0,0.01299283181062058
inertial_shift,PD+MLP+RTA,80,0.29496919510216696,0.9063798425742566,10.56431702463047,0.0,0.0,0.0010041005431460398,0.0,0.01377951252375915
inertial_shift,PD+MLP+RTA,81,0.24217070408972408,0.6544344713533088,6.3561974073540055,0.0,0.0,0.0009832369535727817,0.0,0.013773475468693978
inertial_shift,PD+MLP+RTA,82,0.18153929728783702,0.6994712657201289,6.164730167366664,0.0,0.0,0.0007591295925567699,0.0,0.013376933531752497
inertial_shift,PD+MLP+RTA,83,0.13484966656414302,0.58634347028544,6.017230759650165,0.0,0.0,0.00020757738255682917,0.0,0.0016894458997859915
inertial_shift,PD+MLP+RTA,84,0.18539510206209103,0.4733463798266094,19.293601661397297,0.0,0.0,0.0006862289023633721,0.0,0.012784905021344786
inertial_shift,PD+MLP+RTA,85,0.341915726462716,0.9042481015102575,26.729805020106507,0.0,0.0,0.001111622858008055,0.0,0.01370620514800125
inertial_shift,PD+MLP+RTA,86,0.20494372943764458,0.7858299294988234,5.932098089436396,0.0,0.0,0.00031821631089093655,0.0,0.008354559523891227
inertial_shift,PD+MLP+RTA,87,0.18035170097658726,0.4850561720264579,11.793650672136327,0.0,0.0,0.00047403762942734267,0.0,0.007511182162974873
inertial_shift,PD+MLP+RTA,88,0.21605761385350794,0.7899898180948708,5.975148175008531,0.0,0.0,0.00025141093266876186,0.0,0.001554039554551007
inertial_shift,PD+MLP+RTA,89,0.08959903304747352,0.38871040999914525,11.420277582910616,0.0,0.0,0.0002025852948522254,0.0,0.001633787690051016
inertial_shift,PD+MLP+RTA,90,0.2793895831343134,0.7991029443868172,23.40294286575421,0.0,0.0,0.0006767254136758918,0.0,0.011593871271674232
inertial_shift,PD+MLP+RTA,91,0.13548133688662073,0.3313624167232585,10.338254246360663,0.0,0.0,0.0007907704791707683,0.0,0.013482100360398076
inertial_shift,PD+MLP+RTA,92,0.13022096401462424,0.45577713509753354,6.013897647630953,0.0,0.0,0.0005284278462457007,0.0,0.010451668125872152
inertial_shift,PD+MLP+RTA,93,0.39447631431808167,1.1519641648806496,27.285177332854634,0.0,0.0,0.00029275407931478005,0.0,0.009619453172037344
inertial_shift,PD+MLP+RTA,94,0.1475943522140516,0.4358007974431157,16.13220118636912,0.0,0.0,0.0002278089221641411,0.0,0.006183482365969363
inertial_shift,PD+MLP+RTA,95,0.12881516832906126,0.5202429528560026,7.114436466386716,0.0,0.0,0.00031394386890748466,0.0,0.009051814448493683
inertial_shift,PD+MLP+RTA,96,0.2617139460096331,1.034321927959322,6.0065263913177755,0.0,0.0,0.00020735441644551708,0.0,0.0007355543423200573
inertial_shift,PD+MLP+RTA,97,0.19599936035094617,0.542239150143568,19.464585123997203,0.0,0.0,0.00020714329721797928,0.0,0.007100124845502121
inertial_shift,PD+MLP+RTA,98,0.14009826721840693,0.39047895965763585,13.503429865537191,0.0,0.0,0.0002539840679953495,0.0,0.003182337017576768
inertial_shift,PD+MLP+RTA,99,0.22307340892983513,0.4621676029971836,15.026129187860777,0.0,0.0,0.0007211044152438694,0.0,0.013333611322950363
inertial_shift,PD+CeNN,0,0.15352708545354982,0.7749088375416024,10.430325414154453,0.0,0.0,0.00019815995107878186,0.0,0.0021976048832510215
inertial_shift,PD+CeNN,1,0.22212643566807863,0.6255665159195447,16.098785457130383,0.0,0.0,0.00047202389370254856,0.0,0.015249171679716143
inertial_shift,PD+CeNN,2,0.12337093921245516,0.5909261019607496,8.155361294794345,0.0,0.0,0.00045050957065923317,0.0,0.015754662901907645
inertial_shift,PD+CeNN,3,0.1396773354181748,0.5591659717097172,10.148818133243118,0.0,0.0,0.0002462313272577367,0.0,0.007386206855805257
inertial_shift,PD+CeNN,4,0.10727077975165455,0.4335956387126496,5.983652261664104,0.0,0.0,0.00027948329306774956,0.0,0.003147561785494447
inertial_shift,PD+CeNN,5,0.10783487975806647,0.34193435651091975,10.548710880691642,0.0,0.0,0.0004642897801480538,0.0,0.01629521902687274
inertial_shift,PD+CeNN,6,0.29070131276137573,0.7887112147310452,18.2536611095018,0.0,0.0,0.0007495507125265811,0.0,0.017229035797390827
inertial_shift,PD+CeNN,7,0.10563806423205069,0.4759276715966367,11.992901637321163,0.0,0.0,0.0004419108108671734,0.0,0.009663398503081663
inertial_shift,PD+CeNN,8,0.2828052764939435,0.8137380456533325,26.406720325553888,0.0,0.0,0.00036068643169950056,0.0,0.002360881426874054
inertial_shift,PD+CeNN,9,0.10966823830738782,0.32358758108815217,13.341370096547397,0.0,0.0,0.00025664639461156643,0.0,0.0017241979573128896
inertial_shift,PD+CeNN,10,0.4141210013708496,1.2157945153308043,30.526708631015275,0.0,0.0,0.00032042837841632577,0.0,0.012226130638844198
inertial_shift,PD+CeNN,11,0.2049165174642564,0.7897782570147096,6.028637198920526,0.0,0.0,0.00027658003511261937,0.0,0.0017308971359643163
inertial_shift,PD+CeNN,12,0.263819088160804,0.7652593714192749,23.12588600947012,0.0,0.0,0.00030786693594915207,0.0,0.0008638307697287843
inertial_shift,PD+CeNN,13,0.29117290178180943,0.8564368621734244,25.010521759718074,0.0,0.0,0.0005709296608088849,0.0,0.01159532927222752
inertial_shift,PD+CeNN,14,0.23878301367295468,0.6857292369538156,21.951580584891968,0.0,0.0,0.00032140455321994714,0.0,0.0005249411887961981
inertial_shift,PD+CeNN,15,0.27094052467127305,0.938948479957267,12.413291895446369,0.0,0.0,0.0006461224097368923,0.0,0.014938490164896609
inertial_shift,PD+CeNN,16,0.1660886195592793,0.40474953137328346,9.629051319990873,0.0,0.0,0.0009574632870422861,0.0,0.017046938071463947
inertial_shift,PD+CeNN,17,0.3565737300675425,1.0597324655294147,28.64089064355535,0.0,0.0,0.0004101876597063276,0.0,0.007348383917769325
inertial_shift,PD+CeNN,18,0.30369019323244534,0.8872595094217989,23.57559377320685,0.0,0.0,0.00019983740114856068,0.0,0.003922803513295829
inertial_shift,PD+CeNN,19,0.2033710308573365,0.6160504729751025,7.504794777550525,0.0,0.0,0.0008790607296561478,0.0,0.016412054460598735
inertial_shift,PD+CeNN,20,0.10878527614003401,0.2983349932474641,9.870138299638231,0.0,0.0,0.0003739766684969056,0.0,0.013542674398118008
inertial_shift,PD+CeNN,21,0.14075206436001758,0.6377253188738096,5.991872221394119,0.0,0.0,0.00034071719836406545,0.0,0.012491351721313156
inertial_shift,PD+CeNN,22,0.38159395265932206,1.1001438772889922,34.787787884785374,0.0,0.0,0.0009916571283339383,0.0,0.016562728653871883
inertial_shift,PD+CeNN,23,0.12269009107450839,0.33314237593608415,13.888574395327439,0.0,0.0,0.00037849310880715793,0.0,0.01283512217789094
inertial_shift,PD+CeNN,24,0.1902942733135299,0.5858924371031844,8.826080740143706,0.0,0.0,0.0006774312070674916,0.0,0.012899777116424623
inertial_shift,PD+CeNN,25,0.13232266137687795,0.3007833240664717,16.703997848338236,0.0,0.0,0.0006293927084263218,0.0,0.017220551963234677
inertial_shift,PD+CeNN,26,0.0696248667572875,0.29041987120821644,6.600145965887699,0.0,0.0,0.0004621330140942322,0.0,0.015957437342733662
inertial_shift,PD+CeNN,27,0.12602846670744539,0.36555527175317626,10.121711244141112,0.0,0.0,0.0009642912115179934,0.0,0.017240613734623857
inertial_shift,PD+CeNN,28,0.20797385730133794,0.6836450715079602,5.978440876570157,0.0,0.0,0.00031560031775417744,0.0,0.0052204447374410825
inertial_shift,PD+CeNN,29,0.08068936520805187,0.3037431378081174,7.7566640047998545,0.0,0.0,0.0003206079398480242,0.0,0.01117822413671844
inertial_shift,PD+CeNN,30,0.19262042360361248,0.5397132964337277,9.478054817390758,0.0,0.0,0.0007551119136203339,0.0,0.014585206119629811
inertial_shift,PD+CeNN,31,0.19379957455789798,0.6294938498109055,5.988553010436939,0.0,0.0,0.00035452072734556674,0.0,0.008151609262763681
inertial_shift,PD+CeNN,32,0.29233405992273526,0.9710622657493343,7.634482402954875,0.0,0.0,0.00044803730505148817,0.0,0.005967558161363305
inertial_shift,PD+CeNN,33,0.2724357690858784,0.9362151594463698,8.11434872282092,0.0,0.0,0.0003355938617526202,0.0,0.0038369754762007467
inertial_shift,PD+CeNN,34,0.22233234555060005,0.8693939336155634,5.966817318209884,0.0,0.0,0.000303906696790811,0.0,0.010044126812480493
inertial_shift,PD+CeNN,35,0.22942406675173033,0.6630474547626317,20.336924547882965,0.0,0.0,0.0001965711322368481,0.0,0.0039087159911790825
inertial_shift,PD+CeNN,36,0.1596993346386852,0.464239733348512,11.735944893608922,0.0,0.0,0.000340275166916161,0.0,0.0022367435702641894
inertial_shift,PD+CeNN,37,0.09652356617369683,0.48621371929622803,8.674180948587924,0.0,0.0,0.00020561194967649304,0.0,0.0009327586968805259
inertial_shift,PD+CeNN,38,0.36327381399510433,1.0804199545350277,22.996221415742504,0.0,0.0,0.00031756870237712023,0.0,0.007179160994330912
inertial_shift,PD+CeNN,39,0.09925639213320168,0.271481354113575,12.011179243818367,0.0,0.0,0.00027269413887512204,0.0,0.003666494419590113
inertial_shift,PD+CeNN,40,0.13552731549598715,0.37640152646822744,13.776099235048463,0.0,0.0,0.00048395657216245567,0.0,0.01071781523439219
inertial_shift,PD+CeNN,41,0.1735813941396638,0.5010126334313184,14.10475456215432,0.0,0.0,0.00028067202537189955,0.0,0.00797000145009103
inertial_shift,PD+CeNN,42,0.1871505681675073,0.7857569052059168,8.112404746657012,0.0,0.0,0.0006356892982081933,0.0,0.01730823595721528
inertial_shift,PD+CeNN,43,0.38183593207667915,1.1277810862836204,24.112180413708455,0.0,0.0,0.00038345849704704934,0.0,0.01568980100363715
inertial_shift,PD+CeNN,44,0.27190266976515487,0.7981361205688822,20.27567870762611,0.0,0.0,0.0003504097226315978,0.0,0.007168490817033881
inertial_shift,PD+CeNN,45,0.22080211432646982,0.6369741688525995,15.793492608105465,0.0,0.0,0.0003942712718498026,0.0,0.01524108197166187
inertial_shift,PD+CeNN,46,0.3959972614545034,1.1327435776812707,35.72241736544042,0.0,0.0,0.0012366059666809215,0.0,0.01728932121546322
inertial_shift,PD+CeNN,47,0.2071394747629995,0.587570619972861,15.05026329323432,0.0,0.0,0.00038803071169405735,0.0,0.004388235935774461
inertial_shift,PD+CeNN,48,0.17110902226579225,0.7424383466985338,7.773473822579648,0.0,0.0,0.0004077183783122134,0.0,0.015423262598587334
inertial_shift,PD+CeNN,49,0.15135563530023685,0.43373203590824616,15.885076214785606,0.0,0.0,0.00047108847979227285,0.0,0.009796538474686386
inertial_shift,PD+CeNN,50,0.43211550474439364,1.2753093913799782,34.97950909484463,0.0,0.0,0.00022331871122245467,0.0,0.005850348112716334
inertial_shift,PD+CeNN,51,0.305780944008545,0.9241753488249054,20.940042940444023,0.0,0.0,0.00020334722682287235,0.0,0.0015259471099821698
inertial_shift,PD+CeNN,52,0.4094304057255971,1.1547467610566735,32.53957718350311,0.0,0.0,0.0006491935827896936,0.0,0.017215686722462844
inertial_shift,PD+CeNN,53,0.29445680298990007,0.984932158592639,9.731485281730123,0.0,0.0,0.000602568827589045,0.0,0.01631328116484524
inertial_shift,PD+CeNN,54,0.228198806900407,0.7946597796030804,10.23130067828794,0.0,0.0,0.0002525585256039336,0.0,0.0017265514058297348
inertial_shift,PD+CeNN,55,0.270149998383757,0.9845046310502268,11.686932861099166,0.0,0.0,0.000883955579361965,0.0,0.016157551856679213
inertial_shift,PD+CeNN,56,0.38619355987821685,1.144555295007268,23.575473385736217,0.0,0.0,0.00044127163475171476,0.0,0.01477369942684523
inertial_shift,PD+CeNN,57,0.26422685209945307,0.7668487495406212,23.422910471911262,0.0,0.0,0.0005147230177488397,0.0,0.00946654165645748
inertial_shift,PD+CeNN,58,0.14157100471886683,0.6152474367183941,9.929584971137999,0.0,0.0,0.0005838996311614027,0.0,0.01723847500290812
inertial_shift,PD+CeNN,59,0.2098478700767983,0.6090095247741875,16.501416092993,0.0,0.0,0.00019774541400195532,0.0,0.0033509512683364173
inertial_shift,PD+CeNN,60,0.2793628903334907,1.0034059032844955,5.965570385888303,0.0,0.0,0.00030169592975074643,0.0,0.005303723389729505
inertial_shift,PD+CeNN,61,0.25978132741732973,0.9585304907367762,12.072849279889557,0.0,0.0,0.0008102555895740316,0.0,0.015308051779030246
inertial_shift,PD+CeNN,62,0.10374082883957902,0.5100671115367885,10.760236214165943,0.0,0.0,0.0004135423918810253,0.0,0.01515919980166349
inertial_shift,PD+CeNN,63,0.26863416818865193,0.765702982511811,25.778437476869367,0.0,0.0,0.00025065947219636846,0.0,0.01115924152414507
inertial_shift,PD+CeNN,64,0.15098993601185898,0.3124096356789369,10.846410629225076,0.0,0.0,0.0009557425568421861,0.0,0.017077305045804913
inertial_shift,PD+CeNN,65,0.21522825917768698,0.6347969797203278,19.30798957380487,0.0,0.0,0.0007509035182249113,0.0,0.015317123225844767
inertial_shift,PD+CeNN,66,0.1758622159660158,0.5129258859028427,11.432726874718888,0.0,0.0,0.0006114044913255812,0.0,0.011973988584435364
inertial_shift,PD+CeNN,67,0.24416669293882642,0.8533996626483417,5.918004596437521,0.0,0.0,0.0007565782669711733,0.0,0.017186895389312274
inertial_shift,PD+CeNN,68,0.15319694180741664,0.41677993099451455,15.525986463771927,0.0,0.0,0.000796440969193482,0.0,0.01629346032848529
inertial_shift,PD+CeNN,69,0.18275006992859313,0.5236061329892747,10.883881671142825,0.0,0.0,0.0004951985944719428,0.0,0.015634848850919286
inertial_shift,PD+CeNN,70,0.32523208799894954,0.974708159266335,19.912074940969028,0.0,0.0,0.00022998069062919472,0.0,0.00949228798314253
inertial_shift,PD+CeNN,71,0.1514132775490955,0.5561699163059977,13.002306193635185,0.0,0.0,0.0003018022228333126,0.0,0.0015975532375147
inertial_shift,PD+CeNN,72,0.20044769463642004,0.5802919856348258,23.552381493916947,0.0,0.0,0.000732962710334303,0.0,0.015469432636031353
inertial_shift,PD+CeNN,73,0.23603013048393218,0.7956689291962792,9.788384743069528,0.0,0.0,0.0006200711305812779,0.0,0.013799597556145132
inertial_shift,PD+CeNN,74,0.2125184228253208,0.662589887444453,9.487872022141802,0.0,0.0,0.00048305503020007923,0.0,0.014035652930160885
inertial_shift,PD+CeNN,75,0.2101571332778488,0.8540511407948735,5.954559762209749,0.0,0.0,0.00036775783605568803,0.0,0.01434653933536469
inertial_shift,PD+CeNN,76,0.35745639567279863,1.0509285512256066,29.744953383467216,0.0,0.0,0.0007371542309790264,0.0,0.01360567256611565
inertial_shift,PD+CeNN,77,0.44072852485303393,1.2936045510304426,34.38411030189633,0.0,0.0,0.00031269233790627197,0.0,0.006245615561634876
inertial_shift,PD+CeNN,78,0.22103536171214386,0.5771408626852382,18.84802868439663,0.0,0.0,0.001019719104477571,0.0,0.01725599543423189
inertial_shift,PD+CeNN,79,0.24774950208873972,0.7078750491659535,19.931585656447496,0.0,0.0,0.0008448578975124021,0.0,0.015738729336433437
inertial_shift,PD+CeNN,80,0.2755973727005361,0.9063784077636129,10.484463997986659,0.0,0.0,0.0010091096757227078,0.0,0.01725312257466253
inertial_shift,PD+CeNN,81,0.2176529986423494,0.6544350445334634,6.5246020588135245,0.0,0.0,0.0009899094683726531,0.0,0.017220000428682526
inertial_shift,PD+CeNN,82,0.1644511989176116,0.6994702991723927,6.369142416676812,0.0,0.0,0.0007635716044490782,0.0,0.016400733873255177
inertial_shift,PD+CeNN,83,0.13497715562957985,0.5863414927914565,6.018276918798036,0.0,0.0,0.0002072666120467973,0.0,0.0017024488226672085
inertial_shift,PD+CeNN,84,0.17644663773141592,0.47334388681934947,19.35562315263486,0.0,0.0,0.0006897357826810331,0.0,0.015342113080794834
inertial_shift,PD+CeNN,85,0.3245057267202874,0.8997990276317519,28.630738044555162,0.0,0.0,0.0011378358769254917,0.0,0.0172732990084611
inertial_shift,PD+CeNN,86,0.20462431299228528,0.7858307044884936,5.979923021792713,0.0,0.0,0.0003153761986339736,0.0,0.009019241883870637
inertial_shift,PD+CeNN,87,0.18007846816150888,0.4848011293152028,11.815518460961316,0.0,0.0,0.0004754409797431334,0.0,0.007588125167271675
inertial_shift,PD+CeNN,88,0.21617172403714668,0.789989925160413,5.974343204522371,0.0,0.0,0.0002509941001494972,0.0,0.001563272044030437
inertial_shift,PD+CeNN,89,0.09019070768855593,0.38870814789718766,11.400251585903112,0.0,0.0,0.00020240977239745794,0.0,0.0016430149883122213
inertial_shift,PD+CeNN,90,0.27476172747550454,0.7949420403251727,23.43337186944415,0.0,0.0,0.0006878043724511453,0.0,0.01323163939510062
inertial_shift,PD+CeNN,91,0.10879727448060544,0.33136052901387125,11.179548183013504,0.0,0.0,0.0007934057922230713,0.0,0.016625929400040776
inertial_shift,PD+CeNN,92,0.12629999017001073,0.45577728539750434,6.041414269879249,0.0,0.0,0.000531900056094831,0.0,0.011372451447738416
inertial_shift,PD+CeNN,93,0.3921162014660638,1.1521001769629926,27.55956021746873,0.0,0.0,0.00029261105912564695,0.0,0.010710484461947768
inertial_shift,PD+CeNN,94,0.14702019243804493,0.43552850533590365,16.202945947332104,0.0,0.0,0.0002281032276719488,0.0,0.00635683922067589
inertial_shift,PD+CeNN,95,0.12704963189029642,0.5202438727738042,7.228365633231904,0.0,0.0,0.00031109768632487706,0.0,0.009948500920163812
inertial_shift,PD+CeNN,96,0.26176889184535257,1.0343202598798638,6.004857235065868,0.0,0.0,0.00020694782043027834,0.0,0.0007823762236826477
inertial_shift,PD+CeNN,97,0.19514672990235202,0.5418433599966628,19.554453082646972,0.0,0.0,0.000207586548337318,0.0,0.007435305222160623
inertial_shift,PD+CeNN,98,0.14063498728536286,0.3906211625482991,13.442118110472503,0.0,0.0,0.00025376721887273093,0.0,0.0030061447792462987
inertial_shift,PD+CeNN,99,0.1926444485150414,0.46940498643257367,15.460968511974462,0.0,0.0,0.0007151319293473593,0.0,0.017243002461668214
inertial_shift,PD+CeNN+RTA,0,0.15352708545354982,0.7749088375416024,10.430325414154453,0.0,0.0,0.00019815995107878186,0.0,0.0021976048832510215
inertial_shift,PD+CeNN+RTA,1,0.22212643566807863,0.6255665159195447,16.098785457130383,0.0,0.0,0.00047202389370254856,0.0,0.015249171679716143
inertial_shift,PD+CeNN+RTA,2,0.12337093921245516,0.5909261019607496,8.155361294794345,0.0,0.0,0.00045050957065923317,0.0,0.015754662901907645
inertial_shift,PD+CeNN+RTA,3,0.1396773354181748,0.5591659717097172,10.148818133243118,0.0,0.0,0.0002462313272577367,0.0,0.007386206855805257
inertial_shift,PD+CeNN+RTA,4,0.10727077975165455,0.4335956387126496,5.983652261664104,0.0,0.0,0.00027948329306774956,0.0,0.003147561785494447
inertial_shift,PD+CeNN+RTA,5,0.10783487975806647,0.34193435651091975,10.548710880691642,0.0,0.0,0.0004642897801480538,0.0,0.01629521902687274
inertial_shift,PD+CeNN+RTA,6,0.29070131276137573,0.7887112147310452,18.2536611095018,0.0,0.0,0.0007495507125265811,0.0,0.017229035797390827
inertial_shift,PD+CeNN+RTA,7,0.10563806423205069,0.4759276715966367,11.992901637321163,0.0,0.0,0.0004419108108671734,0.0,0.009663398503081663
inertial_shift,PD+CeNN+RTA,8,0.2828052764939435,0.8137380456533325,26.406720325553888,0.0,0.0,0.00036068643169950056,0.0,0.002360881426874054
inertial_shift,PD+CeNN+RTA,9,0.10966823830738782,0.32358758108815217,13.341370096547397,0.0,0.0,0.00025664639461156643,0.0,0.0017241979573128896
inertial_shift,PD+CeNN+RTA,10,0.4141210013708496,1.2157945153308043,30.526708631015275,0.0,0.0,0.00032042837841632577,0.0,0.012226130638844198
inertial_shift,PD+CeNN+RTA,11,0.2049165174642564,0.7897782570147096,6.028637198920526,0.0,0.0,0.00027658003511261937,0.0,0.0017308971359643163
inertial_shift,PD+CeNN+RTA,12,0.263819088160804,0.7652593714192749,23.12588600947012,0.0,0.0,0.00030786693594915207,0.0,0.0008638307697287843
inertial_shift,PD+CeNN+RTA,13,0.29117290178180943,0.8564368621734244,25.010521759718074,0.0,0.0,0.0005709296608088849,0.0,0.01159532927222752
inertial_shift,PD+CeNN+RTA,14,0.23878301367295468,0.6857292369538156,21.951580584891968,0.0,0.0,0.00032140455321994714,0.0,0.0005249411887961981
inertial_shift,PD+CeNN+RTA,15,0.27094052467127305,0.938948479957267,12.413291895446369,0.0,0.0,0.0006461224097368923,0.0,0.014938490164896609
inertial_shift,PD+CeNN+RTA,16,0.1660886195592793,0.40474953137328346,9.629051319990873,0.0,0.0,0.0009574632870422861,0.0,0.017046938071463947
inertial_shift,PD+CeNN+RTA,17,0.3565737300675425,1.0597324655294147,28.64089064355535,0.0,0.0,0.0004101876597063276,0.0,0.007348383917769325
inertial_shift,PD+CeNN+RTA,18,0.30369019323244534,0.8872595094217989,23.57559377320685,0.0,0.0,0.00019983740114856068,0.0,0.003922803513295829
inertial_shift,PD+CeNN+RTA,19,0.2033710308573365,0.6160504729751025,7.504794777550525,0.0,0.0,0.0008790607296561478,0.0,0.016412054460598735
inertial_shift,PD+CeNN+RTA,20,0.10878527614003401,0.2983349932474641,9.870138299638231,0.0,0.0,0.0003739766684969056,0.0,0.013542674398118008
inertial_shift,PD+CeNN+RTA,21,0.14075206436001758,0.6377253188738096,5.991872221394119,0.0,0.0,0.00034071719836406545,0.0,0.012491351721313156
inertial_shift,PD+CeNN+RTA,22,0.38159395265932206,1.1001438772889922,34.787787884785374,0.0,0.0,0.0009916571283339383,0.0,0.016562728653871883
inertial_shift,PD+CeNN+RTA,23,0.12269009107450839,0.33314237593608415,13.888574395327439,0.0,0.0,0.00037849310880715793,0.0,0.01283512217789094
inertial_shift,PD+CeNN+RTA,24,0.1902942733135299,0.5858924371031844,8.826080740143706,0.0,0.0,0.0006774312070674916,0.0,0.012899777116424623
inertial_shift,PD+CeNN+RTA,25,0.13232266137687795,0.3007833240664717,16.703997848338236,0.0,0.0,0.0006293927084263218,0.0,0.017220551963234677
inertial_shift,PD+CeNN+RTA,26,0.0696248667572875,0.29041987120821644,6.600145965887699,0.0,0.0,0.0004621330140942322,0.0,0.015957437342733662
inertial_shift,PD+CeNN+RTA,27,0.12602846670744539,0.36555527175317626,10.121711244141112,0.0,0.0,0.0009642912115179934,0.0,0.017240613734623857
inertial_shift,PD+CeNN+RTA,28,0.20797385730133794,0.6836450715079602,5.978440876570157,0.0,0.0,0.00031560031775417744,0.0,0.0052204447374410825
inertial_shift,PD+CeNN+RTA,29,0.08068936520805187,0.3037431378081174,7.7566640047998545,0.0,0.0,0.0003206079398480242,0.0,0.01117822413671844
inertial_shift,PD+CeNN+RTA,30,0.19262042360361248,0.5397132964337277,9.478054817390758,0.0,0.0,0.0007551119136203339,0.0,0.014585206119629811
inertial_shift,PD+CeNN+RTA,31,0.19379957455789798,0.6294938498109055,5.988553010436939,0.0,0.0,0.00035452072734556674,0.0,0.008151609262763681
inertial_shift,PD+CeNN+RTA,32,0.29233405992273526,0.9710622657493343,7.634482402954875,0.0,0.0,0.00044803730505148817,0.0,0.005967558161363305
inertial_shift,PD+CeNN+RTA,33,0.2724357690858784,0.9362151594463698,8.11434872282092,0.0,0.0,0.0003355938617526202,0.0,0.0038369754762007467
inertial_shift,PD+CeNN+RTA,34,0.22233234555060005,0.8693939336155634,5.966817318209884,0.0,0.0,0.000303906696790811,0.0,0.010044126812480493
inertial_shift,PD+CeNN+RTA,35,0.22942406675173033,0.6630474547626317,20.336924547882965,0.0,0.0,0.0001965711322368481,0.0,0.0039087159911790825
inertial_shift,PD+CeNN+RTA,36,0.1596993346386852,0.464239733348512,11.735944893608922,0.0,0.0,0.000340275166916161,0.0,0.0022367435702641894
inertial_shift,PD+CeNN+RTA,37,0.09652356617369683,0.48621371929622803,8.674180948587924,0.0,0.0,0.00020561194967649304,0.0,0.0009327586968805259
inertial_shift,PD+CeNN+RTA,38,0.36327381399510433,1.0804199545350277,22.996221415742504,0.0,0.0,0.00031756870237712023,0.0,0.007179160994330912
inertial_shift,PD+CeNN+RTA,39,0.09925639213320168,0.271481354113575,12.011179243818367,0.0,0.0,0.00027269413887512204,0.0,0.003666494419590113
inertial_shift,PD+CeNN+RTA,40,0.13552731549598715,0.37640152646822744,13.776099235048463,0.0,0.0,0.00048395657216245567,0.0,0.01071781523439219
inertial_shift,PD+CeNN+RTA,41,0.1735813941396638,0.5010126334313184,14.10475456215432,0.0,0.0,0.00028067202537189955,0.0,0.00797000145009103
inertial_shift,PD+CeNN+RTA,42,0.1871505681675073,0.7857569052059168,8.112404746657012,0.0,0.0,0.0006356892982081933,0.0,0.01730823595721528
inertial_shift,PD+CeNN+RTA,43,0.38183593207667915,1.1277810862836204,24.112180413708455,0.0,0.0,0.00038345849704704934,0.0,0.01568980100363715
inertial_shift,PD+CeNN+RTA,44,0.27190266976515487,0.7981361205688822,20.27567870762611,0.0,0.0,0.0003504097226315978,0.0,0.007168490817033881
inertial_shift,PD+CeNN+RTA,45,0.22080211432646982,0.6369741688525995,15.793492608105465,0.0,0.0,0.0003942712718498026,0.0,0.01524108197166187
inertial_shift,PD+CeNN+RTA,46,0.3959972614545034,1.1327435776812707,35.72241736544042,0.0,0.0,0.0012366059666809215,0.0,0.01728932121546322
inertial_shift,PD+CeNN+RTA,47,0.2071394747629995,0.587570619972861,15.05026329323432,0.0,0.0,0.00038803071169405735,0.0,0.004388235935774461
inertial_shift,PD+CeNN+RTA,48,0.17110902226579225,0.7424383466985338,7.773473822579648,0.0,0.0,0.0004077183783122134,0.0,0.015423262598587334
inertial_shift,PD+CeNN+RTA,49,0.15135563530023685,0.43373203590824616,15.885076214785606,0.0,0.0,0.00047108847979227285,0.0,0.009796538474686386
inertial_shift,PD+CeNN+RTA,50,0.43211550474439364,1.2753093913799782,34.97950909484463,0.0,0.0,0.00022331871122245467,0.0,0.005850348112716334
inertial_shift,PD+CeNN+RTA,51,0.305780944008545,0.9241753488249054,20.940042940444023,0.0,0.0,0.00020334722682287235,0.0,0.0015259471099821698
inertial_shift,PD+CeNN+RTA,52,0.4094304057255971,1.1547467610566735,32.53957718350311,0.0,0.0,0.0006491935827896936,0.0,0.017215686722462844
inertial_shift,PD+CeNN+RTA,53,0.29445680298990007,0.984932158592639,9.731485281730123,0.0,0.0,0.000602568827589045,0.0,0.01631328116484524
inertial_shift,PD+CeNN+RTA,54,0.228198806900407,0.7946597796030804,10.23130067828794,0.0,0.0,0.0002525585256039336,0.0,0.0017265514058297348
inertial_shift,PD+CeNN+RTA,55,0.270149998383757,0.9845046310502268,11.686932861099166,0.0,0.0,0.000883955579361965,0.0,0.016157551856679213
inertial_shift,PD+CeNN+RTA,56,0.38619355987821685,1.144555295007268,23.575473385736217,0.0,0.0,0.00044127163475171476,0.0,0.01477369942684523
inertial_shift,PD+CeNN+RTA,57,0.26422685209945307,0.7668487495406212,23.422910471911262,0.0,0.0,0.0005147230177488397,0.0,0.00946654165645748
inertial_shift,PD+CeNN+RTA,58,0.14157100471886683,0.6152474367183941,9.929584971137999,0.0,0.0,0.0005838996311614027,0.0,0.01723847500290812
inertial_shift,PD+CeNN+RTA,59,0.2098478700767983,0.6090095247741875,16.501416092993,0.0,0.0,0.00019774541400195532,0.0,0.0033509512683364173
inertial_shift,PD+CeNN+RTA,60,0.2793628903334907,1.0034059032844955,5.965570385888303,0.0,0.0,0.00030169592975074643,0.0,0.005303723389729505
inertial_shift,PD+CeNN+RTA,61,0.25978132741732973,0.9585304907367762,12.072849279889557,0.0,0.0,0.0008102555895740316,0.0,0.015308051779030246
inertial_shift,PD+CeNN+RTA,62,0.10374082883957902,0.5100671115367885,10.760236214165943,0.0,0.0,0.0004135423918810253,0.0,0.01515919980166349
inertial_shift,PD+CeNN+RTA,63,0.26863416818865193,0.765702982511811,25.778437476869367,0.0,0.0,0.00025065947219636846,0.0,0.01115924152414507
inertial_shift,PD+CeNN+RTA,64,0.15098993601185898,0.3124096356789369,10.846410629225076,0.0,0.0,0.0009557425568421861,0.0,0.017077305045804913
inertial_shift,PD+CeNN+RTA,65,0.21522825917768698,0.6347969797203278,19.30798957380487,0.0,0.0,0.0007509035182249113,0.0,0.015317123225844767
inertial_shift,PD+CeNN+RTA,66,0.1758622159660158,0.5129258859028427,11.432726874718888,0.0,0.0,0.0006114044913255812,0.0,0.011973988584435364
inertial_shift,PD+CeNN+RTA,67,0.24416669293882642,0.8533996626483417,5.918004596437521,0.0,0.0,0.0007565782669711733,0.0,0.017186895389312274
inertial_shift,PD+CeNN+RTA,68,0.15319694180741664,0.41677993099451455,15.525986463771927,0.0,0.0,0.000796440969193482,0.0,0.01629346032848529
inertial_shift,PD+CeNN+RTA,69,0.18275006992859313,0.5236061329892747,10.883881671142825,0.0,0.0,0.0004951985944719428,0.0,0.015634848850919286
inertial_shift,PD+CeNN+RTA,70,0.32523208799894954,0.974708159266335,19.912074940969028,0.0,0.0,0.00022998069062919472,0.0,0.00949228798314253
inertial_shift,PD+CeNN+RTA,71,0.1514132775490955,0.5561699163059977,13.002306193635185,0.0,0.0,0.0003018022228333126,0.0,0.0015975532375147
inertial_shift,PD+CeNN+RTA,72,0.20044769463642004,0.5802919856348258,23.552381493916947,0.0,0.0,0.000732962710334303,0.0,0.015469432636031353
inertial_shift,PD+CeNN+RTA,73,0.23603013048393218,0.7956689291962792,9.788384743069528,0.0,0.0,0.0006200711305812779,0.0,0.013799597556145132
inertial_shift,PD+CeNN+RTA,74,0.2125184228253208,0.662589887444453,9.487872022141802,0.0,0.0,0.00048305503020007923,0.0,0.014035652930160885
inertial_shift,PD+CeNN+RTA,75,0.2101571332778488,0.8540511407948735,5.954559762209749,0.0,0.0,0.00036775783605568803,0.0,0.01434653933536469
inertial_shift,PD+CeNN+RTA,76,0.35745639567279863,1.0509285512256066,29.744953383467216,0.0,0.0,0.0007371542309790264,0.0,0.01360567256611565
inertial_shift,PD+CeNN+RTA,77,0.44072852485303393,1.2936045510304426,34.38411030189633,0.0,0.0,0.00031269233790627197,0.0,0.006245615561634876
inertial_shift,PD+CeNN+RTA,78,0.22103536171214386,0.5771408626852382,18.84802868439663,0.0,0.0,0.001019719104477571,0.0,0.01725599543423189
inertial_shift,PD+CeNN+RTA,79,0.24774950208873972,0.7078750491659535,19.931585656447496,0.0,0.0,0.0008448578975124021,0.0,0.015738729336433437
inertial_shift,PD+CeNN+RTA,80,0.2755973727005361,0.9063784077636129,10.484463997986659,0.0,0.0,0.0010091096757227078,0.0,0.01725312257466253
inertial_shift,PD+CeNN+RTA,81,0.2176529986423494,0.6544350445334634,6.5246020588135245,0.0,0.0,0.0009899094683726531,0.0,0.017220000428682526
inertial_shift,PD+CeNN+RTA,82,0.1644511989176116,0.6994702991723927,6.369142416676812,0.0,0.0,0.0007635716044490782,0.0,0.016400733873255177
inertial_shift,PD+CeNN+RTA,83,0.13497715562957985,0.5863414927914565,6.018276918798036,0.0,0.0,0.0002072666120467973,0.0,0.0017024488226672085
inertial_shift,PD+CeNN+RTA,84,0.17644663773141592,0.47334388681934947,19.35562315263486,0.0,0.0,0.0006897357826810331,0.0,0.015342113080794834
inertial_shift,PD+CeNN+RTA,85,0.3245057267202874,0.8997990276317519,28.630738044555162,0.0,0.0,0.0011378358769254917,0.0,0.0172732990084611
inertial_shift,PD+CeNN+RTA,86,0.20462431299228528,0.7858307044884936,5.979923021792713,0.0,0.0,0.0003153761986339736,0.0,0.009019241883870637
inertial_shift,PD+CeNN+RTA,87,0.18007846816150888,0.4848011293152028,11.815518460961316,0.0,0.0,0.0004754409797431334,0.0,0.007588125167271675
inertial_shift,PD+CeNN+RTA,88,0.21617172403714668,0.789989925160413,5.974343204522371,0.0,0.0,0.0002509941001494972,0.0,0.001563272044030437
inertial_shift,PD+CeNN+RTA,89,0.09019070768855593,0.38870814789718766,11.400251585903112,0.0,0.0,0.00020240977239745794,0.0,0.0016430149883122213
inertial_shift,PD+CeNN+RTA,90,0.27476172747550454,0.7949420403251727,23.43337186944415,0.0,0.0,0.0006878043724511453,0.0,0.01323163939510062
inertial_shift,PD+CeNN+RTA,91,0.10879727448060544,0.33136052901387125,11.179548183013504,0.0,0.0,0.0007934057922230713,0.0,0.016625929400040776
inertial_shift,PD+CeNN+RTA,92,0.12629999017001073,0.45577728539750434,6.041414269879249,0.0,0.0,0.000531900056094831,0.0,0.011372451447738416
inertial_shift,PD+CeNN+RTA,93,0.3921162014660638,1.1521001769629926,27.55956021746873,0.0,0.0,0.00029261105912564695,0.0,0.010710484461947768
inertial_shift,PD+CeNN+RTA,94,0.14702019243804493,0.43552850533590365,16.202945947332104,0.0,0.0,0.0002281032276719488,0.0,0.00635683922067589
inertial_shift,PD+CeNN+RTA,95,0.12704963189029642,0.5202438727738042,7.228365633231904,0.0,0.0,0.00031109768632487706,0.0,0.009948500920163812
inertial_shift,PD+CeNN+RTA,96,0.26176889184535257,1.0343202598798638,6.004857235065868,0.0,0.0,0.00020694782043027834,0.0,0.0007823762236826477
inertial_shift,PD+CeNN+RTA,97,0.19514672990235202,0.5418433599966628,19.554453082646972,0.0,0.0,0.000207586548337318,0.0,0.007435305222160623
inertial_shift,PD+CeNN+RTA,98,0.14063498728536286,0.3906211625482991,13.442118110472503,0.0,0.0,0.00025376721887273093,0.0,0.0030061447792462987
inertial_shift,PD+CeNN+RTA,99,0.1926444485150414,0.46940498643257367,15.460968511974462,0.0,0.0,0.0007151319293473593,0.0,0.017243002461668214
inertial_shift,PD+CeNN dropout+RTA,0,0.1539933133500983,0.7749088375416024,10.430325414154453,0.0,0.0,0.00020221641109432724,0.0,0.00205229674584763
inertial_shift,PD+CeNN dropout+RTA,1,0.23000699514185508,0.6255665159195447,16.098785457130383,0.0,0.0,0.0004627453415211455,0.0,0.014460628355204733
inertial_shift,PD+CeNN dropout+RTA,2,0.14926242658568506,0.5909261019607496,8.155361294794345,0.0,0.0,0.0004936024237037235,0.0,0.014540534683335838
inertial_shift,PD+CeNN dropout+RTA,3,0.14527006444657076,0.5591659717097172,10.148818133243118,0.0,0.0,0.0002300999132323251,0.0,0.006750583916107751
inertial_shift,PD+CeNN dropout+RTA,4,0.1081679844741384,0.4335956387126496,5.931843271385304,0.0,0.0,0.00026834116077986594,0.0,0.002915418642824591
inertial_shift,PD+CeNN dropout+RTA,5,0.12978920746088585,0.34193435651091975,10.548710880691642,0.0,0.0,0.0004529127202246149,0.0,0.015325107568229215
inertial_shift,PD+CeNN dropout+RTA,6,0.3091997841060298,0.7887112147310452,18.2536611095018,0.0,0.0,0.0007422314177553427,0.0,0.015987063722299296
inertial_shift,PD+CeNN dropout+RTA,7,0.11155330100417322,0.4759276715966367,11.992901637321163,0.0,0.0,0.0004550289370330839,0.0,0.009327135790638713
inertial_shift,PD+CeNN dropout+RTA,8,0.28314727577963716,0.8137380456533325,26.406720325553888,0.0,0.0,0.00036880654466116833,0.0,0.0021917144814343026
inertial_shift,PD+CeNN dropout+RTA,9,0.10989138409532419,0.32358758108815217,13.341370096547397,0.0,0.0,0.0002550456242629265,0.0,0.0016441447721496092
inertial_shift,PD+CeNN dropout+RTA,10,0.4169933301491748,1.2157945153308043,30.526708631015275,0.0,0.0,0.000340488023977809,0.0,0.011655541864042902
inertial_shift,PD+CeNN dropout+RTA,11,0.20512166499293533,0.7897782570147096,6.009660152531197,0.0,0.0,0.00027932367286620963,0.0,0.0016465281116154608
inertial_shift,PD+CeNN dropout+RTA,12,0.2638730800660927,0.7652593714192749,23.12588600947012,0.0,0.0,0.00031024762500326164,0.0,0.0008136100030256272
inertial_shift,PD+CeNN dropout+RTA,13,0.29547205608944666,0.8564368621734244,25.010521759718074,0.0,0.0,0.000620326825458908,0.0,0.011011519479671359
inertial_shift,PD+CeNN dropout+RTA,14,0.23874039839219124,0.6857292369538156,21.951580584891968,0.0,0.0,0.0003199844774470121,0.0,0.0004931358583529632
inertial_shift,PD+CeNN dropout+RTA,15,0.2853589361838889,0.938948479957267,12.413291895446369,0.0,0.0,0.000740492322008181,0.0,0.013613443560942053
inertial_shift,PD+CeNN dropout+RTA,16,0.1849715144292408,0.40474953137328346,9.629051319990873,0.0,0.0,0.000912826622964244,0.0,0.016160829488422367
inertial_shift,PD+CeNN dropout+RTA,17,0.3579631949071791,1.0597324655294147,28.64089064355535,0.0,0.0,0.0004342643262162983,0.0,0.007007794274155918
inertial_shift,PD+CeNN dropout+RTA,18,0.3042699081049256,0.8872595094217989,23.57559377320685,0.0,0.0,0.00019887859243742178,0.0,0.003653029937454341
inertial_shift,PD+CeNN dropout+RTA,19,0.2198293351694245,0.6160504729751025,7.504794777550525,0.0,0.0,0.0008352098819843018,0.0,0.0153654202223317
inertial_shift,PD+CeNN dropout+RTA,20,0.13578384183769912,0.2983349932474641,9.870138299638231,0.0,0.0,0.00042533094508350686,0.0,0.012348205021425772
inertial_shift,PD+CeNN dropout+RTA,21,0.154696650751487,0.6377253188738096,6.113184884708837,0.0,0.0,0.00038053844968818614,0.0,0.011656257356409842
inertial_shift,PD+CeNN dropout+RTA,22,0.3898251310833887,1.1001438772889922,34.787787884785374,0.0,0.0,0.0009325088354592642,0.0,0.015447289708026139
inertial_shift,PD+CeNN dropout+RTA,23,0.1405055340436768,0.33314237593608415,13.888574395327439,0.0,0.0,0.000360258736472498,0.0,0.011771559237180247
inertial_shift,PD+CeNN dropout+RTA,24,0.20298519385508315,0.5858924371031844,8.826080740143706,0.0,0.0,0.0006287025614340995,0.0,0.011762332489640037
inertial_shift,PD+CeNN dropout+RTA,25,0.1594010220724899,0.3007833240664717,16.703997848338236,0.0,0.0,0.0006487201320552462,0.0,0.01606956547717227
inertial_shift,PD+CeNN dropout+RTA,26,0.1127604447452515,0.29041987120821644,6.600145965887699,0.0,0.0,0.0005156415340493067,0.0,0.01471053954751711
inertial_shift,PD+CeNN dropout+RTA,27,0.17136637850015232,0.36555527175317626,10.121711244141112,0.0,0.0,0.0009064819197134281,0.0,0.01586223431546738
inertial_shift,PD+CeNN dropout+RTA,28,0.20987513137784525,0.6836450715079602,5.931647737910198,0.0,0.0,0.000329569006450516,0.0,0.004848290702621859
inertial_shift,PD+CeNN dropout+RTA,29,0.09514672282969174,0.3037431378081174,7.7566640047998545,0.0,0.0,0.0003056240963742806,0.0,0.01046381548665071
inertial_shift,PD+CeNN dropout+RTA,30,0.20563847281982497,0.5397132964337277,9.478054817390758,0.0,0.0,0.0007536094378295686,0.0,0.013722298541968865
inertial_shift,PD+CeNN dropout+RTA,31,0.1962923127969709,0.6294938498109055,6.052126422609094,0.0,0.0,0.00034639569089739403,0.0,0.007745260291788803
inertial_shift,PD+CeNN dropout+RTA,32,0.2932040062522105,0.9710622657493343,7.634482402954875,0.0,0.0,0.00043195616697689433,0.0,0.005664474867138745
inertial_shift,PD+CeNN dropout+RTA,33,0.2729275006508691,0.9362151594463698,8.11434872282092,0.0,0.0,0.00032441594575360346,0.0,0.003599724820304462
inertial_shift,PD+CeNN dropout+RTA,34,0.22693733889235532,0.8693939336155634,6.090971900701204,0.0,0.0,0.0002894914563994064,0.0,0.009402017407815797
inertial_shift,PD+CeNN dropout+RTA,35,0.22977665528352156,0.6630474547626317,20.336924547882965,0.0,0.0,0.00019454923472842766,0.0,0.003740429150865364
inertial_shift,PD+CeNN dropout+RTA,36,0.1600755871729734,0.464239733348512,11.735944893608922,0.0,0.0,0.0003382760644228605,0.0,0.0021061783037828593
inertial_shift,PD+CeNN dropout+RTA,37,0.0964863372311098,0.48621371929622803,8.674180948587924,0.0,0.0,0.00020437552377540873,0.0,0.0008820111107586742
inertial_shift,PD+CeNN dropout+RTA,38,0.365284330022583,1.0804199545350277,22.996221415742504,0.0,0.0,0.00034281783627629163,0.0,0.006666772513334105
inertial_shift,PD+CeNN dropout+RTA,39,0.10041521952229762,0.271481354113575,12.011179243818367,0.0,0.0,0.000263983912321685,0.0,0.003449622408274719
inertial_shift,PD+CeNN dropout+RTA,40,0.14636702505800106,0.37640152646822744,13.776099235048463,0.0,0.0,0.0004519054383238787,0.0,0.009804246360673093
inertial_shift,PD+CeNN dropout+RTA,41,0.17778459550531325,0.5010126334313184,14.10475456215432,0.0,0.0,0.00027218967898173183,0.0,0.00743156027532176
inertial_shift,PD+CeNN dropout+RTA,42,0.208058812634722,0.7857569052059168,8.112404746657012,0.0,0.0,0.0006314681855483167,0.0,0.016199362882543356
inertial_shift,PD+CeNN dropout+RTA,43,0.39388662313176653,1.1277810862836204,24.112180413708455,0.0,0.0,0.00043224409216998375,0.0,0.014191519828575182
inertial_shift,PD+CeNN dropout+RTA,44,0.27437236986447094,0.7981361205688822,20.27567870762611,0.0,0.0,0.00034960513253053067,0.0,0.006732223993382575
inertial_shift,PD+CeNN dropout+RTA,45,0.23110536635786286,0.6369741688525995,15.793492608105465,0.0,0.0,0.00038025998959359157,0.0,0.014259958371075217
inertial_shift,PD+CeNN dropout+RTA,46,0.41478050790321735,1.1327435776812707,35.72241736544042,0.0,0.0,0.001363775956667636,0.0,0.015768826555832702
inertial_shift,PD+CeNN dropout+RTA,47,0.20786814216196264,0.587570619972861,15.05026329323432,0.0,0.0,0.00037329784050208235,0.0,0.004098305948785631
inertial_shift,PD+CeNN dropout+RTA,48,0.18665642864780935,0.7424383466985338,7.773473822579648,0.0,0.0,0.0004440519542209493,0.0,0.014470027522065413
inertial_shift,PD+CeNN dropout+RTA,49,0.16007684739949632,0.43373203590824616,15.885076214785606,0.0,0.0,0.0004883445529897563,0.0,0.009190468369718322
inertial_shift,PD+CeNN dropout+RTA,50,0.43309697906043565,1.2753093913799782,34.97950909484463,0.0,0.0,0.0002103958211593482,0.0,0.00538677696985224
inertial_shift,PD+CeNN dropout+RTA,51,0.30583845122172887,0.9241753488249054,20.940042940444023,0.0,0.0,0.00020339442106528252,0.0,0.0014227930906121702
inertial_shift,PD+CeNN dropout+RTA,52,0.4165827752843957,1.1547467610566735,32.53957718350311,0.0,0.0,0.0006561838979934783,0.0,0.016304820758948586
inertial_shift,PD+CeNN dropout+RTA,53,0.30268536129909446,0.984932158592639,9.731485281730123,0.0,0.0,0.0005931216944399936,0.0,0.01539365424488354
inertial_shift,PD+CeNN dropout+RTA,54,0.22827897222454727,0.7946597796030804,10.23130067828794,0.0,0.0,0.0002526036086059766,0.0,0.001626950257553389
inertial_shift,PD+CeNN dropout+RTA,55,0.27730446823068555,0.9845046310502268,11.686932861099166,0.0,0.0,0.0008853837796225032,0.0,0.015528009338617484
inertial_shift,PD+CeNN dropout+RTA,56,0.39838094154443277,1.144555295007268,23.575473385736217,0.0,0.0,0.0004935980206158306,0.0,0.0132044448191438
inertial_shift,PD+CeNN dropout+RTA,57,0.26728805755276963,0.7668487495406212,23.422910471911262,0.0,0.0,0.0005071521288328422,0.0,0.009015708574919996
inertial_shift,PD+CeNN dropout+RTA,58,0.17502919761906868,0.6152474367183941,9.929584971137999,0.0,0.0,0.0006374622435989346,0.0,0.015922835977023722
inertial_shift,PD+CeNN dropout+RTA,59,0.21058548056487938,0.6090095247741875,16.501416092993,0.0,0.0,0.00020525626188839225,0.0,0.0031319227673937042
inertial_shift,PD+CeNN dropout+RTA,60,0.2802528835569881,1.0034059032844955,6.018537169261128,0.0,0.0,0.0003134454542101952,0.0,0.0050520344210381865
inertial_shift,PD+CeNN dropout+RTA,61,0.27199880071838295,0.9585304907367762,12.072849279889557,0.0,0.0,0.0007822715654016161,0.0,0.014256939668824086
inertial_shift,PD+CeNN dropout+RTA,62,0.11976619798531414,0.5100671115367885,10.760236214165943,0.0,0.0,0.0004086947160862742,0.0,0.014399829885537093
inertial_shift,PD+CeNN dropout+RTA,63,0.2732932968544777,0.765702982511811,25.778437476869367,0.0,0.0,0.0002521375298448568,0.0,0.010521276309416464
inertial_shift,PD+CeNN dropout+RTA,64,0.1813310631889782,0.3124096356789369,10.846410629225076,0.0,0.0,0.0010645903579503291,0.0,0.015829987770839025
inertial_shift,PD+CeNN dropout+RTA,65,0.22500303523918086,0.6347969797203278,19.30798957380487,0.0,0.0,0.000818835559225885,0.0,0.014565489998558154
inertial_shift,PD+CeNN dropout+RTA,66,0.18405709586821983,0.5129258859028427,11.432726874718888,0.0,0.0,0.0006295207962913836,0.0,0.011394580273272444
inertial_shift,PD+CeNN dropout+RTA,67,0.2635126738878899,0.8533996626483417,5.9896566933491115,0.0,0.0,0.0007777405354171375,0.0,0.01586346229442303
inertial_shift,PD+CeNN dropout+RTA,68,0.18417966029732588,0.41677993099451455,15.525986463771927,0.0,0.0,0.0007274093424463852,0.0,0.014743858546443134
inertial_shift,PD+CeNN dropout+RTA,69,0.19595018034974926,0.5236061329892747,10.883881671142825,0.0,0.0,0.0004999968704623475,0.0,0.014700010369803005
inertial_shift,PD+CeNN dropout+RTA,70,0.32855024189680687,0.974708159266335,19.912074940969028,0.0,0.0,0.00021773756403737303,0.0,0.00883205919887551
inertial_shift,PD+CeNN dropout+RTA,71,0.1517243974346731,0.5561699163059977,13.002306193635185,0.0,0.0,0.0003054992955793763,0.0,0.0015019218428061255
inertial_shift,PD+CeNN dropout+RTA,72,0.20824588677334135,0.5802919856348258,23.552381493916947,0.0,0.0,0.0006960834293480147,0.0,0.014652257353516742
inertial_shift,PD+CeNN dropout+RTA,73,0.24652425531246405,0.7956689291962792,9.788384743069528,0.0,0.0,0.0006714070603850484,0.0,0.012965256631672716
inertial_shift,PD+CeNN dropout+RTA,74,0.22402035799142972,0.662589887444453,9.487872022141802,0.0,0.0,0.0005059919867679506,0.0,0.01312258917149002
inertial_shift,PD+CeNN dropout+RTA,75,0.22341949319356055,0.8540511407948735,6.019774167951331,0.0,0.0,0.0003539505710866985,0.0,0.01324438087696319
inertial_shift,PD+CeNN dropout+RTA,76,0.3636241272401609,1.0509285512256066,29.744953383467216,0.0,0.0,0.0006874441359437932,0.0,0.012572983900268522
inertial_shift,PD+CeNN dropout+RTA,77,0.4416850019383471,1.2936045510304426,34.38411030189633,0.0,0.0,0.00030775701654652866,0.0,0.005838467339497652
inertial_shift,PD+CeNN dropout+RTA,78,0.24911229577499,0.5771408626852382,18.84802868439663,0.0,0.0,0.001081125387430105,0.0,0.015788276398702276
inertial_shift,PD+CeNN dropout+RTA,79,0.2550462890741909,0.7078750491659535,19.931585656447496,0.0,0.0,0.0008953300882906571,0.0,0.01514427759823092
inertial_shift,PD+CeNN dropout+RTA,80,0.2932052666783821,0.9063784077636129,10.484463997986659,0.0,0.0,0.0009735993872792297,0.0,0.016201117592710337
inertial_shift,PD+CeNN dropout+RTA,81,0.25056059554598265,0.6544350445334634,6.2353729279308885,0.0,0.0,0.0009095745489133137,0.0,0.015599357097790449
inertial_shift,PD+CeNN dropout+RTA,82,0.1754594660434045,0.6994702991723927,6.437087016920209,0.0,0.0,0.0007885486986355732,0.0,0.01582028515144575
inertial_shift,PD+CeNN dropout+RTA,83,0.1350743356582759,0.5863414927914565,6.051689494216842,0.0,0.0,0.00020281548059190754,0.0,0.0015925892857885744
inertial_shift,PD+CeNN dropout+RTA,84,0.18908792897363827,0.47334388681934947,19.35562315263486,0.0,0.0,0.0006417162074255144,0.0,0.014379582074688261
inertial_shift,PD+CeNN dropout+RTA,85,0.34050517371501,0.8997990276317519,28.630738044555162,0.0,0.0,0.0011168282347120138,0.0,0.015986008947039852
inertial_shift,PD+CeNN dropout+RTA,86,0.20978450832479675,0.7858307044884936,6.054585356563556,0.0,0.0,0.00031502114891417983,0.0,0.008388781180197723
inertial_shift,PD+CeNN dropout+RTA,87,0.18480148236319482,0.4848011293152028,11.815518460961316,0.0,0.0,0.0004493505321615276,0.0,0.006854018388442641
inertial_shift,PD+CeNN dropout+RTA,88,0.2164232110923488,0.789989925160413,5.982716663380743,0.0,0.0,0.0002568540486999401,0.0,0.0014395083565430455
inertial_shift,PD+CeNN dropout+RTA,89,0.0902613979273444,0.38870814789718766,11.400251585903112,0.0,0.0,0.00020087097048933835,0.0,0.0015651725782622758
inertial_shift,PD+CeNN dropout+RTA,90,0.2842143472797455,0.7949420403251727,23.43337186944415,0.0,0.0,0.0007471629441221671,0.0,0.012356861254801054
inertial_shift,PD+CeNN dropout+RTA,91,0.13440676672849575,0.33136052901387125,11.179548183013504,0.0,0.0,0.0007478494710917113,0.0,0.01566149602106825
inertial_shift,PD+CeNN dropout+RTA,92,0.13992638929247622,0.45577728539750434,5.9546252371654935,0.0,0.0,0.0004979182387252693,0.0,0.010525852014137369
inertial_shift,PD+CeNN dropout+RTA,93,0.39539511721067616,1.1521001769629926,27.55956021746873,0.0,0.0,0.0003264347257980834,0.0,0.010036815134998402
inertial_shift,PD+CeNN dropout+RTA,94,0.1528298460315899,0.43552850533590365,16.202945947332104,0.0,0.0,0.000252976414552097,0.0,0.0057364824496309525
inertial_shift,PD+CeNN dropout+RTA,95,0.14119971130217604,0.5202438727738042,7.228365633231904,0.0,0.0,0.0003451581256150721,0.0,0.009023526686194503
inertial_shift,PD+CeNN dropout+RTA,96,0.26179831915276375,1.0343202598798638,6.00389982498093,0.0,0.0,0.00020889110494328256,0.0,0.0007270596556987868
inertial_shift,PD+CeNN dropout+RTA,97,0.19929488135198473,0.5418433599966628,19.554453082646972,0.0,0.0,0.000227236361949528,0.0,0.006853235713561875
inertial_shift,PD+CeNN dropout+RTA,98,0.1408351596190312,0.3906211625482991,13.442118110472503,0.0,0.0,0.0002463586192413255,0.0,0.0028200536390429088
inertial_shift,PD+CeNN dropout+RTA,99,0.22134216964876127,0.46940498643257367,15.460968511974462,0.0,0.0,0.0007076893796767304,0.0,0.015907282963222677
gusts,PD,0,0.19035182314093763,0.4876460781888113,17.95522167304986,0.0,0.0,0.0002967756683959281,0.0,0.0
gusts,PD,1,0.10945954346366595,0.20628345931770253,10.966541723174336,0.0,0.0,0.00025268938026219056,0.0,0.0
gusts,PD,2,0.2517686737706988,0.726411969020035,21.37072843374926,0.0,0.0,0.00027878220302802987,0.0,0.0
gusts,PD,3,0.1685234091025699,0.4936949907470776,19.85267325166352,0.0,0.0,0.00019811666329330838,0.0,0.0
gusts,PD,4,0.19150437023758704,0.5369192740779153,13.695802872113797,0.0,0.0,0.00038981850954897924,0.0,0.0
gusts,PD,5,0.3924308642182193,1.138983533170954,25.384513469187798,0.0,0.0,0.0001956870200879411,0.0,0.0
gusts,PD,6,0.1518030961212453,0.3133465017003973,14.400272702967978,0.0,0.0,0.0002742337132828704,0.0,0.0
gusts,PD,7,0.19416244965349336,0.5308764456352102,16.294706054320375,0.0,0.0,0.0001850361295756551,0.0,0.0
gusts,PD,8,0.37600910706824,1.103024940612394,33.16315814366193,0.0,0.0,0.0002204728444846064,0.0,0.0
gusts,PD,9,0.1542655885286141,0.4782726214734339,12.873690948821595,0.0,0.0,0.0002101529987260676,0.0,0.0
gusts,PD,10,0.1311435120357855,0.4650961139265006,8.186469551354785,0.0,0.0,0.0002825550834192085,0.0,0.0
gusts,PD,11,0.19097887328350555,0.47955203506763855,11.577283286245379,0.0,0.0,0.0003205522002426878,0.0,0.0
gusts,PD,12,0.11629959758396165,0.33398082679831187,11.765286104426787,0.0,0.0,0.0002297227159332589,0.0,0.0
gusts,PD,13,0.09117280226224382,0.3086667688724277,10.07720284490854,0.0,0.0,0.00023025086278124514,0.0,0.0
gusts,PD,14,0.1706865357246508,0.6477548688138011,5.170638830743084,0.0,0.0,0.00023257469087381517,0.0,0.0
gusts,PD,15,0.08154823135727823,0.1761465313396062,9.057256490851834,0.0,0.0,0.0002594470633943033,0.0,0.0
gusts,PD,16,0.17498985712479245,0.5413330210153534,10.79767053623914,0.0,0.0,0.00034664087926342807,0.0,0.0
gusts,PD,17,0.2993265602562494,0.9932283938933721,9.90304567314333,0.0,0.0,0.00031591174010500733,0.0,0.0
gusts,PD,18,0.12732113668524292,0.5121002027063761,12.074535346401035,0.0,0.0,0.0002344885492547926,0.0,0.0
gusts,PD,19,0.1637419240968721,0.4037959776404852,11.813226121852123,0.0,0.0,0.0003151982687667858,0.0,0.0
gusts,PD,20,0.23871784779849545,0.6804843970523905,23.41206241335227,0.0,0.0,0.0002754311941157857,0.0,0.0
gusts,PD,21,0.1483315992046952,0.43079781475677825,15.22009923470942,0.0,0.0,0.00023620122945025343,0.0,0.0
gusts,PD,22,0.2085958812238234,0.5528528186350607,13.479844013455395,0.0,0.0,0.00032513402837305465,0.0,0.0
gusts,PD,23,0.14732917458209432,0.35892534423305217,12.023900293622898,0.0,0.0,0.0002929781976694043,0.0,0.0
gusts,PD,24,0.19792055439635725,0.6695262183627747,10.792065893904653,0.0,0.0,0.00033279416867583136,0.0,0.0
gusts,PD,25,0.4061843452996007,1.2033390834487159,34.770391099838776,0.0,0.0,0.0002616168417591409,0.0,0.0
gusts,PD,26,0.3285816311981051,0.9571265423730776,22.357947303756518,0.0,0.0,0.0003045487676606007,0.0,0.0
gusts,PD,27,0.20244616372980168,0.5713664799267568,23.246248219039664,0.0,0.0,0.00019366591447616448,0.0,0.0
gusts,PD,28,0.2517774357186345,0.7097149082505628,18.243198340732274,0.0,0.0,0.0002497912455413841,0.0,0.0
gusts,PD,29,0.31769650833115975,0.9256826702426153,26.767388051081987,0.0,0.0,0.000217127311219709,0.0,0.0
gusts,PD,30,0.10072827559262237,0.4654853691472523,10.704997064277544,0.0,0.0,0.0002115154473440722,0.0,0.0
gusts,PD,31,0.1405498772606112,0.28703484569248694,16.55973410074349,0.0,0.0,0.0002701526724482214,0.0,0.0
gusts,PD,32,0.15302839667429813,0.5038826226749757,10.053650758454067,0.0,0.0,0.0002678992680893863,0.0,0.0
gusts,PD,33,0.22654855267251972,0.618396795286101,22.688708586221104,0.0,0.0,0.00024130347576411978,0.0,0.0
gusts,PD,34,0.2971191172220768,0.8378927745309612,26.3088189254977,0.0,0.0,0.00026083272647331283,0.0,0.0
gusts,PD,35,0.2003003682901962,0.6563154975251664,8.523226037014314,0.0,0.0,0.0003228712900127871,0.0,0.0
gusts,PD,36,0.3588381022089463,1.0639672185410507,30.867116669206958,0.0,0.0,0.00020373844177863567,0.0,0.0
gusts,PD,37,0.26528079684743366,0.9281694251259252,9.447481255870851,0.0,0.0,0.00028926234748913445,0.0,0.0
gusts,PD,38,0.33088320442958036,1.0066804314703333,21.326902947843575,0.0,0.0,0.00031993946457286416,0.0,0.0
gusts,PD,39,0.2796798764655011,0.8181165636009095,19.675009516661042,0.0,0.0,0.0002973152826758143,0.0,0.0
gusts,PD,40,0.15914125922521027,0.41060262318800156,20.36653587217699,0.0,0.0,0.0002470242938567383,0.0,0.0
gusts,PD,41,0.13775252654449185,0.38815231306311,15.297154688634192,0.0,0.0,0.0001736633332143146,0.0,0.0
gusts,PD,42,0.21743162406797184,0.774363748634071,12.252277582461796,0.0,0.0,0.0002447678325329959,0.0,0.0
gusts,PD,43,0.14554455594226695,0.4229853300474871,8.427225123444353,0.0,0.0,0.00033949645702103875,0.0,0.0
gusts,PD,44,0.43204524736476335,1.2584364615768264,36.06610967928262,0.0,0.0,0.0002296524499259948,0.0,0.0
gusts,PD,45,0.2363185642346693,0.8906764084002283,6.708458471443136,0.0,0.0,0.0002046374479610051,0.0,0.0
gusts,PD,46,0.13057515939229525,0.424798700483942,10.874105038204856,0.0,0.0,0.00023991138708154318,0.0,0.0
gusts,PD,47,0.1219081875594239,0.3460598053603673,11.87203601636913,0.0,0.0,0.00024554683726018585,0.0,0.0
gusts,PD,48,0.11294952619032655,0.543399892156611,7.6552777548911255,0.0,0.0,0.0002447248533335089,0.0,0.0
gusts,PD,49,0.23451158874700206,0.7529186181355323,10.090305661639004,0.0,0.0,0.00027281158912050165,0.0,0.0
gusts,PD,50,0.33311272653789537,0.9593562108074049,25.424408946392923,0.0,0.0,0.0001854551858778107,0.0,0.0
gusts,PD,51,0.16753946268131928,0.4516979946952717,11.896490372332536,0.0,0.0,0.00032315940829067124,0.0,0.0
gusts,PD,52,0.3405856218207594,1.0119435639423566,24.66137407689495,0.0,0.0,0.00027282610903182154,0.0,0.0
gusts,PD,53,0.18303592864673238,0.5250733293530695,11.43648984333617,0.0,0.0,0.0003326172642595852,0.0,0.0
gusts,PD,54,0.204907858111668,0.5780427432493411,16.177548055724703,0.0,0.0,0.0002880204684063996,0.0,0.0
gusts,PD,55,0.20664030260181457,0.5853133175101747,10.348766694971095,0.0,0.0,0.0003151052915572687,0.0,0.0
gusts,PD,56,0.31945750963961,0.9421188389350365,19.785243770464522,0.0,0.0,0.00028944226226868957,0.0,0.0
gusts,PD,57,0.14897507987666753,0.4056229199516513,18.062748273002526,0.0,0.0,0.0002907194394171164,0.0,0.0
gusts,PD,58,0.2612688615985049,0.6950611215221496,19.76220554237982,0.0,0.0,0.0003102114682560922,0.0,0.0
gusts,PD,59,0.34262612427774247,1.0160702824866394,32.23501395660864,0.0,0.0,0.0002327434864200578,0.0,0.0
gusts,PD,60,0.3021610306651111,0.884437500437958,20.08315678191228,0.0,0.0,0.00019087004563596513,0.0,0.0
gusts,PD,61,0.1879010729683629,0.48029121280303666,14.817366482444255,0.0,0.0,0.0002647808368731613,0.0,0.0
gusts,PD,62,0.09709231491725835,0.48116776554906004,7.467305421669058,0.0,0.0,0.000208643659860818,0.0,0.0
gusts,PD,63,0.15027783620120014,0.509673911657794,10.957556519454817,0.0,0.0,0.00021251681432016587,0.0,0.0
gusts,PD,64,0.2175007180690352,0.6512015501361316,17.34188835216519,0.0,0.0,0.00025556539800348463,0.0,0.0
gusts,PD,65,0.20280892808797163,0.5927060793483095,24.829265283136415,0.0,0.0,0.0002747383978827382,0.0,0.0
gusts,PD,66,0.12128992922576076,0.2802945810216865,8.945651987450942,0.0,0.0,0.00028966476067182156,0.0,0.0
gusts,PD,67,0.16109990129016954,0.4813167303239813,13.280914070154068,0.0,0.0,0.0002689850411330096,0.0,0.0
gusts,PD,68,0.24329950721736096,0.8176662805725885,10.69761155895586,0.0,0.0,0.00021968706063265356,0.0,0.0
gusts,PD,69,0.16719267030770543,0.6948393948291534,11.519680552296505,0.0,0.0,0.00021927675302100408,0.0,0.0
gusts,PD,70,0.44684799221789506,1.3132071853707274,36.696036706934876,0.0,0.0,0.00031656028042356124,0.0,0.0
gusts,PD,71,0.43652923892161305,1.291193305227912,32.69948201584424,0.0,0.0,0.0003521635025485863,0.0,0.0
gusts,PD,72,0.163434140325161,0.47154650084872335,12.79375427435648,0.0,0.0,0.0002605673983552426,0.0,0.0
gusts,PD,73,0.27953003857227715,0.9553143136224482,7.790842025962685,0.0,0.0,0.00035652406121094564,0.0,0.0
gusts,PD,74,0.37056685917182686,1.0593427209191026,28.016747896230207,0.0,0.0,0.00036380079517991796,0.0,0.0
gusts,PD,75,0.2172528585258508,0.6738895865899446,8.202454041395919,0.0,0.0,0.0003389880848762749,0.0,0.0
gusts,PD,76,0.2261325560087611,0.7289968034771752,6.178153410698814,0.0,0.0,0.0003398707737153453,0.0,0.0
gusts,PD,77,0.11448985319024897,0.3266572330216795,13.088192726059516,0.0,0.0,0.000199263752979724,0.0,0.0
gusts,PD,78,0.16144003123249923,0.7033763412014046,6.098021779948712,0.0,0.0,0.0002670347765531085,0.0,0.0
gusts,PD,79,0.1059063698258808,0.3071113044952686,9.24139533627191,0.0,0.0,0.00020800123977507556,0.0,0.0
gusts,PD,80,0.12385170153615925,0.33284915829225137,11.672707569105125,0.0,0.0,0.00031541365048840626,0.0,0.0
gusts,PD,81,0.11199595781935821,0.485148277970203,9.53473528696024,0.0,0.0,0.00020036595146831387,0.0,0.0
gusts,PD,82,0.17145447882728995,0.8276431102929411,9.564484841043653,0.0,0.0,0.00022382094975566014,0.0,0.0
gusts,PD,83,0.32093507727916143,0.8595429936533935,29.68125114120337,0.0,0.0,0.00023596668058220309,0.0,0.0
gusts,PD,84,0.28328388023379253,0.8368664147607762,21.31394244442304,0.0,0.0,0.0002728625972106399,0.0,0.0
gusts,PD,85,0.1861485080908704,0.7105223142352146,8.011144965236547,0.0,0.0,0.00018630660019966188,0.0,0.0
gusts,PD,86,0.19064024529078563,0.5473551433118617,9.322504861769518,0.0,0.0,0.0003407102359933463,0.0,0.0
gusts,PD,87,0.25943249209203817,0.9292059016764088,6.938290493823462,0.0,0.0,0.0002983089695496916,0.0,0.0
gusts,PD,88,0.15178206445141473,0.4854838345911564,6.508141705291772,0.0,0.0,0.0003434672650947481,0.0,0.0
gusts,PD,89,0.19218791208499042,0.5685472922255465,21.245137280219318,0.0,0.0,0.00023836618039424758,0.0,0.0
gusts,PD,90,0.3298731264991622,0.955209492149089,21.32550695162798,0.0,0.0,0.0003281585527910927,0.0,0.0
gusts,PD,91,0.15691550082818892,0.43499853042286124,15.901878427203478,0.0,0.0,0.0003168059211231215,0.0,0.0
gusts,PD,92,0.21442258064567202,0.833334179665449,6.871820692431971,0.0,0.0,0.00028504161968412203,0.0,0.0
gusts,PD,93,0.244357831376697,0.7066149765365852,17.757138978306966,0.0,0.0,0.0002958439044424742,0.0,0.0
gusts,PD,94,0.3164443968050498,0.9034730283944219,29.964493930924284,0.0,0.0,0.00021356566511436612,0.0,0.0
gusts,PD,95,0.14992917019660096,0.4435457257599818,16.162770818268655,0.0,0.0,0.0002587717108283199,0.0,0.0
gusts,PD,96,0.22378304860207252,0.8913927649892059,5.541283379566908,0.0,0.0,0.00021645728415932628,0.0,0.0
gusts,PD,97,0.13364106012650698,0.3368144882447088,14.888918512355005,0.0,0.0,0.0002510858204338356,0.0,0.0
gusts,PD,98,0.20548163215959672,0.6062296685944284,22.844662043984393,0.0,0.0,0.00019638668382337515,0.0,0.0
gusts,PD,99,0.12925030591707998,0.327981490280899,12.44021581856628,0.0,0.0,0.00022585703672607578,0.0,0.0
gusts,LQR,0,0.22874838896938868,0.45373395769780434,20.617553091581282,0.0,0.018333333333333333,0.0008522375969314039,0.0,0.0
gusts,LQR,1,0.1467628484501801,0.27032139090449736,10.674380758477422,0.0,0.013333333333333334,0.0006435008274639227,0.0,0.0
gusts,LQR,2,0.2472151515100806,0.6565422222901629,20.935080571478945,0.0,0.0016666666666666668,0.0003965753702995834,0.0,0.0
gusts,LQR,3,0.1639354818244297,0.3610397051351809,15.09251949976393,0.0,0.0,0.000273874491097764,0.0,0.0
gusts,LQR,4,0.18687437932206316,0.46309732074161225,17.128925761988995,0.0,0.023333333333333334,0.0011146636492346414,0.0,0.0
gusts,LQR,5,0.38793432912737785,1.1204352645408224,26.251640186297063,0.0,0.008333333333333333,0.0003298636865198143,0.0,0.0
gusts,LQR,6,0.19548589615840054,0.355046358315902,13.657036412911925,0.0,0.0,0.0003258825723355232,0.0,0.0
gusts,LQR,7,0.18150178657451627,0.48542680581213976,17.956073239146384,0.0,0.0,0.00023927000403468633,0.0,0.0
gusts,LQR,8,0.35193691890497225,0.9784959827437054,26.476116006363643,0.0,0.0,0.0002778221630069471,0.0,0.0
gusts,LQR,9,0.193241311863119,0.47717675838885204,13.533707253848288,0.0,0.013333333333333334,0.000356904648119838,0.0,0.0
gusts,LQR,10,0.1513322397077668,0.4654381280179653,8.0770316549604,0.0,0.0,0.00034521639935915433,0.0,0.0
gusts,LQR,11,0.17826551804407179,0.4038857781959659,11.884945980426396,0.0,0.023333333333333334,0.0010226956755599956,0.0,0.0
gusts,LQR,12,0.14628932945604517,0.25365399199418986,11.750274562213392,0.0,0.01,0.0005953772099980909,0.0,0.0
gusts,LQR,13,0.17608723278475272,0.3096530691681485,10.725523555279684,0.0,0.0,0.0003259421087493832,0.0,0.0
gusts,LQR,14,0.16705988984172565,0.6474999876915644,5.702988437474289,0.0,0.0,0.0002633902439802841,0.0,0.0
gusts,LQR,15,0.13666642531920467,0.2616167875040331,9.573953890859547,0.0,0.0033333333333333335,0.0003995672048271051,0.0,0.0
gusts,LQR,16,0.16614459601090917,0.540079111585753,14.694417719800173,0.0,0.023333333333333334,0.0010481536544600914,0.0,0.0
gusts,LQR,17,0.32792498431111883,0.9930223759809966,8.742260158350042,0.0,0.016666666666666666,0.0008318496832997094,0.0,0.0
gusts,LQR,18,0.15908978201521942,0.51131618760014,10.989360408346801,0.0,0.0033333333333333335,0.0002896676806952545,0.0,0.0
gusts,LQR,19,0.1836773766260755,0.3512140474895559,12.264541095771404,0.0,0.02,0.0009408108572017373,0.0,0.0
gusts,LQR,20,0.2536389180249829,0.5827345681258645,20.5125367214472,0.0,0.0016666666666666668,0.0004114281423679752,0.0,0.0
gusts,LQR,21,0.16962000191197146,0.3626574120308772,16.08152159957265,0.0,0.011666666666666667,0.0006252832323446389,0.0,0.0
gusts,LQR,22,0.19554438789712295,0.45198092850597305,11.316758644679519,0.0,0.023333333333333334,0.0010609453985963686,0.0,0.0
gusts,LQR,23,0.16436914334063263,0.2931460918287891,13.2536046003047,0.0,0.016666666666666666,0.0008064256484563128,0.0,0.0
gusts,LQR,24,0.22145572742933176,0.6686770201532447,11.236069839155757,0.0,0.02,0.0009745585296088031,0.0,0.0
gusts,LQR,25,0.38118963700434944,1.1052914570449002,28.62672009710784,0.0,0.0016666666666666668,0.00038508082377811147,0.0,0.0
gusts,LQR,26,0.35655036412484603,0.904158941606337,23.18129556370211,0.0,0.018333333333333333,0.0008637322605418239,0.0,0.0
gusts,LQR,27,0.17802194736955157,0.42083071032623637,16.671674405103875,0.0,0.0016666666666666668,0.0002697707239051434,0.0,0.0
gusts,LQR,28,0.2773164739173283,0.643586284239902,20.10225026511482,0.0,0.02,0.0008758419544251506,0.0,0.0
gusts,LQR,29,0.3044308705619785,0.8291210765007612,23.18079194416326,0.0,0.0,0.00029073490904943334,0.0,0.0
gusts,LQR,30,0.19165199226101243,0.4650481050264201,11.475611269867697,0.0,0.0,0.0002814141642926507,0.0,0.0
gusts,LQR,31,0.18980911790169783,0.3186092547339347,13.098965526226541,0.0,0.005,0.00045988652982571554,0.0,0.0
gusts,LQR,32,0.20979725174962505,0.5040181225175964,10.228566153889338,0.0,0.01,0.0005909211088090359,0.0,0.0
gusts,LQR,33,0.23264634149113275,0.5512759227575179,17.255120384458696,0.0,0.008333333333333333,0.0003515462852801814,0.0,0.0
gusts,LQR,34,0.30120002467780077,0.8327993168345895,27.09229689092333,0.0,0.015,0.0006974938029574969,0.0,0.0
gusts,LQR,35,0.2277061360771165,0.6555432623757408,8.967670446372885,0.0,0.021666666666666667,0.0010226232315909743,0.0,0.0
gusts,LQR,36,0.36693321976030907,1.012979874983529,29.10127645510891,0.0,0.008333333333333333,0.0004884282745095256,0.0,0.0
gusts,LQR,37,0.29659850498926343,0.9277376268341283,9.217733898753334,0.0,0.018333333333333333,0.0008890245796377055,0.0,0.0
gusts,LQR,38,0.3312038076747864,0.9340960498824832,18.96673069771964,0.0,0.023333333333333334,0.001029833125554806,0.0,0.0
gusts,LQR,39,0.29409407726423814,0.772828631074413,20.680972021430104,0.0,0.011666666666666667,0.0006584302754170587,0.0,0.0
gusts,LQR,40,0.19657364355242885,0.34408135313931926,14.805349649583691,0.0,0.0016666666666666668,0.0003673462130369122,0.0,0.0
gusts,LQR,41,0.17634352633884937,0.3876349801052816,11.039244282767022,0.0,0.0,0.00024262038934803578,0.0,0.0
gusts,LQR,42,0.2596655367462243,0.7747241401922773,12.460592004727845,0.0,0.0033333333333333335,0.0004001418632288762,0.0,0.0
gusts,LQR,43,0.16001215697237509,0.4127783192056882,8.447006057426952,0.0,0.02,0.0009513987311234849,0.0,0.0
gusts,LQR,44,0.40349940209986135,1.1399660538882261,29.237077585359646,0.0,0.0016666666666666668,0.00032500089931105936,0.0,0.0
gusts,LQR,45,0.24288680920290542,0.8900362388917776,5.904799672469697,0.0,0.005,0.0002828298388588117,0.0,0.0
gusts,LQR,46,0.19789581051178554,0.42363513242215783,12.251772759329528,0.0,0.008333333333333333,0.0003547814079147573,0.0,0.0
gusts,LQR,47,0.15031983107623514,0.2845347930544577,11.777522622634752,0.0,0.006666666666666667,0.0005191999233437075,0.0,0.0
gusts,LQR,48,0.18641502555084608,0.5424718613032012,8.300878637103146,0.0,0.006666666666666667,0.0003390085505292078,0.0,0.0
gusts,LQR,49,0.2775071929088805,0.7528460328577699,10.456711080082789,0.0,0.013333333333333334,0.0006987508504560402,0.0,0.0
gusts,LQR,50,0.3153313910089228,0.8893553165493656,24.080462757664638,0.0,0.0016666666666666668,0.0002909949911831716,0.0,0.0
gusts,LQR,51,0.19016737194244354,0.3342822796718312,14.179681349620457,0.0,0.02,0.0009249140705741782,0.0,0.0
gusts,LQR,52,0.3468910301833266,0.9696938945025132,25.035992063449775,0.0,0.011666666666666667,0.0006182916349012653,0.0,0.0
gusts,LQR,53,0.15422166282834823,0.5238870795135211,15.612989178923689,0.0,0.023333333333333334,0.001014090407494828,0.0,0.0
gusts,LQR,54,0.23848676042295872,0.5331975127883404,17.026299648816217,0.0,0.008333333333333333,0.0005859216913186756,0.0,0.0
gusts,LQR,55,0.2154200117904271,0.56839248075642,10.380161961497015,0.0,0.02666666666666667,0.001123455504520985,0.0,0.0
gusts,LQR,56,0.31525759961796307,0.8650228643941943,19.428108541095668,0.0,0.02,0.0008929489971762297,0.0,0.0
gusts,LQR,57,0.15749749074903685,0.3680418739646568,19.56390805063073,0.0,0.015,0.0007744271862772615,0.0,0.0
gusts,LQR,58,0.282550414095029,0.6593961511290802,21.83425608890228,0.0,0.018333333333333333,0.0008426596941102073,0.0,0.0
gusts,LQR,59,0.3087256086721231,0.883413974938945,24.66190137772764,0.0,0.0016666666666666668,0.00029224980719220095,0.0,0.0
gusts,LQR,60,0.3039138935658934,0.8717499601164662,23.157837155347128,0.0,0.008333333333333333,0.00033043210333651195,0.0,0.0
gusts,LQR,61,0.22199324300410003,0.4159024378380615,14.69026792044132,0.0,0.011666666666666667,0.0006358590528948141,0.0,0.0
gusts,LQR,62,0.16749202928778956,0.48187540800719125,7.444109042274287,0.0,0.0,0.00034400557626816197,0.0,0.0
gusts,LQR,63,0.20563660868563127,0.508653687739902,13.49507229958734,0.0,0.01,0.00033252863832213415,0.0,0.0
gusts,LQR,64,0.24151391624363225,0.5971290876935044,17.647708692791493,0.0,0.011666666666666667,0.0006399107034260195,0.0,0.0
gusts,LQR,65,0.20940842468338972,0.4846377738535919,20.378474123390944,0.0,0.005,0.0004560358195676621,0.0,0.0
gusts,LQR,66,0.14834289886289612,0.28075218916519945,9.29226467773954,0.0,0.013333333333333334,0.0007460993068881036,0.0,0.0
gusts,LQR,67,0.17153621322571902,0.48055086680410064,12.661564504541875,0.0,0.015,0.0007411589552440493,0.0,0.0
gusts,LQR,68,0.23679547232498452,0.8182985774534425,10.506432445078117,0.0,0.0016666666666666668,0.00034941899014253604,0.0,0.0
gusts,LQR,69,0.2090207501807172,0.6940754064199659,11.81151917975666,0.0,0.01,0.0003035459691110432,0.0,0.0
gusts,LQR,70,0.5096224475203416,1.389229496376821,41.334162279235365,0.0,0.021666666666666667,0.0009000220990373614,0.0,0.0
gusts,LQR,71,0.5070201036870055,1.3182320170523196,36.86551214664358,0.0,0.025,0.001039522553675019,0.0,0.0
gusts,LQR,72,0.18847395154998633,0.3702313946800872,13.683676652585898,0.0,0.016666666666666666,0.0007731960365223063,0.0,0.0
gusts,LQR,73,0.29349381288493764,0.9549836281549628,6.980233089398679,0.0,0.02,0.0009144257894901311,0.0,0.0
gusts,LQR,74,0.4347718231245512,1.1041771333766375,34.55057284694923,0.0,0.025,0.0011430268468027903,0.0,0.0
gusts,LQR,75,0.23330839529522823,0.672979770562118,9.167562623413824,0.0,0.023333333333333334,0.001108338202732149,0.0,0.0
gusts,LQR,76,0.19141878180580035,0.7282125029141494,5.69827378355956,0.0,0.025,0.001106097760166884,0.0,0.0
gusts,LQR,77,0.14995147703411166,0.3254386421655713,10.494378315315782,0.0,0.0033333333333333335,0.00027948070133610017,0.0,0.0
gusts,LQR,78,0.19775230246573672,0.7031619518005124,7.492415045891664,0.0,0.006666666666666667,0.0005377671946200117,0.0,0.0
gusts,LQR,79,0.08889925145187601,0.3071593073785973,9.552038417830902,0.0,0.0,0.00023429191226539045,0.0,0.0
gusts,LQR,80,0.15991018090114584,0.24775387533636928,11.212827244133573,0.0,0.011666666666666667,0.0006852833617440458,0.0,0.0
gusts,LQR,81,0.1820115578032339,0.4842747912807264,9.477311831060618,0.0,0.006666666666666667,0.0003023900467105839,0.0,0.0
gusts,LQR,82,0.22630314486999087,0.8274635154157903,9.203480499257502,0.0,0.0,0.0002889887663600205,0.0,0.0
gusts,LQR,83,0.31608337018855237,0.7467994373789796,22.438550168588677,0.0,0.008333333333333333,0.00034572427160043534,0.0,0.0
gusts,LQR,84,0.3015402886578778,0.7544601250283278,17.69364058020799,0.0,0.021666666666666667,0.0009271283488563647,0.0,0.0
gusts,LQR,85,0.2061524249797962,0.7098111887896309,8.980212670651303,0.0,0.0016666666666666668,0.00025665507566068925,0.0,0.0
gusts,LQR,86,0.15452180011760386,0.5399351663582104,12.649376729725708,0.0,0.023333333333333334,0.0010804320768107046,0.0,0.0
gusts,LQR,87,0.2509334743011344,0.9284776557982107,7.256635854897103,0.0,0.02,0.000909240344539264,0.0,0.0
gusts,LQR,88,0.18655813377741143,0.4847063046697178,7.326905860697311,0.0,0.016666666666666666,0.0009101177624900684,0.0,0.0
gusts,LQR,89,0.21729993688877866,0.5121064176611392,20.866566954104353,0.0,0.01,0.0005861266773323573,0.0,0.0
gusts,LQR,90,0.3370968790475199,0.8686288385486755,22.94586113026096,0.0,0.023333333333333334,0.001045923159437111,0.0,0.0
gusts,LQR,91,0.16801429018607802,0.433712368335744,19.347391198328047,0.0,0.02,0.0008959564592148657,0.0,0.0
gusts,LQR,92,0.22684730674180484,0.8329403751569106,5.538280490054145,0.0,0.013333333333333334,0.0007148391200877426,0.0,0.0
gusts,LQR,93,0.2716519625613266,0.6206389969810212,15.853871737867333,0.0,0.018333333333333333,0.0008832413684531365,0.0,0.0
gusts,LQR,94,0.328206238011708,0.8436608591652084,26.779346443849583,0.0,0.008333333333333333,0.0005048129589386164,0.0,0.0
gusts,LQR,95,0.16173257053482226,0.3866129161399943,16.930943061354277,0.0,0.011666666666666667,0.0006554641966939728,0.0,0.0
gusts,LQR,96,0.24488043199599902,0.8914444140114368,6.074474312562101,0.0,0.0,0.0002459455296397514,0.0,0.0
gusts,LQR,97,0.18578214025054698,0.28850207604012845,15.725552975537754,0.0,0.013333333333333334,0.0006878073581041854,0.0,0.0
gusts,LQR,98,0.21437831488848685,0.48940147886668917,18.687419344227877,0.0,0.0016666666666666668,0.0003344279147589091,0.0,0.0
gusts,LQR,99,0.16615086606863913,0.29285815252582464,14.42057032266321,0.0,0.0,0.0002711815702148292,0.0,0.0
gusts,LMPC-H40,0,0.15101042538818465,0.46974876421660955,46.0411302594512,0.0,0.05,0.0011609390390887031,0.0,0.0
gusts,LMPC-H40,1,0.04259932292809263,0.1722305248627,11.142689815854197,0.0,0.016666666666666666,0.0007381873807156305,0.0,0.0
gusts,LMPC-H40,2,0.177426560199534,0.6149878134701184,28.63496032052619,0.0,0.0016666666666666668,0.0003850272457680864,0.0,0.0
gusts,LMPC-H40,3,0.09849749377201802,0.31393053100549345,18.092000730908325,0.0,0.005,0.0003070127984260992,0.0,0.0
gusts,LMPC-H40,4,0.15885009401727374,0.46309732074161225,80.08772398819568,0.0,0.095,0.0016830846250553023,0.0,0.0
gusts,LMPC-H40,5,0.3340567400273494,1.13447791482119,38.43288838990178,0.0,0.023333333333333334,0.0006834030533875456,0.0,0.0
gusts,LMPC-H40,6,0.071284944608447,0.26986315610207157,13.46379374185396,0.0,0.006666666666666667,0.0003945150061204164,0.0,0.0
gusts,LMPC-H40,7,0.1443976555591404,0.47880959925646155,23.894585286452816,0.0,0.008333333333333333,0.00039631498747094056,0.0,0.0
gusts,LMPC-H40,8,0.2780265568187451,0.9689456788894755,38.356363688022626,0.0,0.01,0.00044928896924970366,0.0,0.0
gusts,LMPC-H40,9,0.09845628111652696,0.47717675838885204,12.912006898629597,0.0,0.03,0.0006177693208101864,0.0,0.0
gusts,LMPC-H40,10,0.09471351543339172,0.46474970214636496,8.221307434430946,0.0,0.0033333333333333335,0.000351893856198226,0.0,0.0
gusts,LMPC-H40,11,0.09174473047461892,0.4038857781959659,12.091716795887528,0.0,0.105,0.0015294030057096991,0.0,0.0
gusts,LMPC-H40,12,0.07812080690185912,0.24280619082184315,12.622516779323226,0.0,0.015,0.0007279375178112081,0.0,0.0
gusts,LMPC-H40,13,0.059029903947218396,0.3077585478572996,10.507199963631788,0.0,0.0033333333333333335,0.00031902065529547586,0.0,0.0
gusts,LMPC-H40,14,0.1366768402310381,0.6471772721778091,5.44546827449768,0.0,0.013333333333333334,0.0004337802574703131,0.0,0.0
gusts,LMPC-H40,15,0.04128281603785671,0.1573409676861311,9.667200948081755,0.0,0.0,0.0003032255888702328,0.0,0.0
gusts,LMPC-H40,16,0.1219456796273831,0.540079111585753,62.63064353507764,0.0,0.09166666666666666,0.0015200129713248288,0.0,0.0
gusts,LMPC-H40,17,0.2759308168262374,0.9930223759809966,28.376134775075297,0.0,0.03833333333333333,0.0011007983319236154,0.0,0.0
gusts,LMPC-H40,18,0.0868605360008433,0.51131618760014,10.625281673715339,0.0,0.018333333333333333,0.0004950296187395496,0.0,0.0
gusts,LMPC-H40,19,0.08267514003436162,0.3512140474895559,26.169607101679688,0.0,0.07333333333333333,0.0013222261749560283,0.0,0.0
gusts,LMPC-H40,20,0.1499364516535316,0.5043710547809258,25.626775588673755,0.0,0.0016666666666666668,0.00036264557336161983,0.0,0.0
gusts,LMPC-H40,21,0.11259128920541522,0.3575790988712976,21.73671116422254,0.0,0.016666666666666666,0.0007637968567482895,0.0,0.0
gusts,LMPC-H40,22,0.13353174472342674,0.45198092850597305,33.71077606260655,0.0,0.10166666666666667,0.0015428885390485452,0.0,0.0
gusts,LMPC-H40,23,0.08968991445650239,0.26288760333720673,22.044884687170928,0.0,0.045,0.0011054150288973758,0.0,0.0
gusts,LMPC-H40,24,0.13510737772715803,0.6686770201532447,10.88408673030829,0.0,0.09,0.0014181815048329748,0.0,0.0
gusts,LMPC-H40,25,0.28757945743127367,1.0425235519758462,40.01907113482381,0.0,0.0016666666666666668,0.0004040700670429608,0.0,0.0
gusts,LMPC-H40,26,0.2978898389214877,0.9041836500663383,51.377241103259855,0.0,0.04833333333333333,0.0011538742623241687,0.0,0.0
gusts,LMPC-H40,27,0.1388687435097624,0.4234541605758725,22.849961973274976,0.0,0.016666666666666666,0.0004928933083424725,0.0,0.0
gusts,LMPC-H40,28,0.21039493442413917,0.6459490600154318,60.53705444174287,0.0,0.06166666666666667,0.0011998858779343259,0.0,0.0
gusts,LMPC-H40,29,0.23456030298489075,0.8182033714314743,33.07147843568186,0.0,0.008333333333333333,0.00045229260059285895,0.0,0.0
gusts,LMPC-H40,30,0.08193285849911068,0.46446250896943886,11.27290210857407,0.0,0.013333333333333334,0.00046498309667765376,0.0,0.0
gusts,LMPC-H40,31,0.0626213330511704,0.20440542912424456,12.257721713506932,0.0,0.0,0.0003406404811474975,0.0,0.0
gusts,LMPC-H40,32,0.12408617885913853,0.5040181225175964,10.228566153889338,0.0,0.011666666666666667,0.0006546350362787708,0.0,0.0
gusts,LMPC-H40,33,0.1737491788239196,0.5512759227575179,24.07359575337882,0.0,0.025,0.0006357999527679626,0.0,0.0
gusts,LMPC-H40,34,0.2756924790374506,0.8586018234864803,43.68716492487412,0.0,0.02666666666666667,0.0008982958506504546,0.0,0.0
gusts,LMPC-H40,35,0.17666640796818525,0.6555432623757408,63.40721477563119,0.0,0.09333333333333334,0.001476875675057407,0.0,0.0
gusts,LMPC-H40,36,0.29632367595613596,0.9803756429927847,43.09214247064401,0.0,0.01,0.0005204377226121996,0.0,0.0
gusts,LMPC-H40,37,0.23737558546928592,0.9277376268341283,43.654860127658395,0.0,0.06333333333333334,0.0012392767803347587,0.0,0.0
gusts,LMPC-H40,38,0.2893578549486177,0.9340960498824832,64.61511937053453,0.0,0.08,0.0014215509411849138,0.0,0.0
gusts,LMPC-H40,39,0.24147187396331807,0.7679053483148325,30.96129987938513,0.0,0.015,0.0007255776242711003,0.0,0.0
gusts,LMPC-H40,40,0.07596791082127703,0.20420126782834466,15.487089204435362,0.0,0.0016666666666666668,0.00032545306304359814,0.0,0.0
gusts,LMPC-H40,41,0.0760283878824713,0.38734954589216786,11.44331925405909,0.0,0.013333333333333334,0.0004049259294831617,0.0,0.0
gusts,LMPC-H40,42,0.17308448472491492,0.7743696688065098,11.568553756491696,0.0,0.0,0.0003105760563452829,0.0,0.0
gusts,LMPC-H40,43,0.09161692306815286,0.4127783192056882,23.173888974657103,0.0,0.07166666666666667,0.0013433273916133865,0.0,0.0
gusts,LMPC-H40,44,0.30821964982909583,1.1030141318383124,41.82443205226836,0.0,0.0033333333333333335,0.0004476944539839722,0.0,0.0
gusts,LMPC-H40,45,0.20300255816881535,0.8900362388917776,10.356955458148077,0.0,0.021666666666666667,0.0005078635047641769,0.0,0.0
gusts,LMPC-H40,46,0.092434876668088,0.42363513242215783,14.152257098588725,0.0,0.025,0.0006007509185497648,0.0,0.0
gusts,LMPC-H40,47,0.08601767158421256,0.26506712499838314,14.984735863956413,0.0,0.006666666666666667,0.00047839255036429717,0.0,0.0
gusts,LMPC-H40,48,0.09381884072500724,0.5424718613032012,7.40240833851061,0.0,0.023333333333333334,0.000555432739499248,0.0,0.0
gusts,LMPC-H40,49,0.20617867414557206,0.7528460328577699,17.12315274144498,0.0,0.018333333333333333,0.0008569109615626267,0.0,0.0
gusts,LMPC-H40,50,0.24397802934942678,0.8726362431483593,34.60969285543307,0.0,0.005,0.000401895425565773,0.0,0.0
gusts,LMPC-H40,51,0.11115315145646613,0.32955051847856853,39.669733935847546,0.0,0.06666666666666667,0.0012708556124593749,0.0,0.0
gusts,LMPC-H40,52,0.2992723162894969,0.9647729604759487,38.33821028806706,0.0,0.015,0.0007178566673296314,0.0,0.0
gusts,LMPC-H40,53,0.11047639273811691,0.5238870795135211,57.12277256912334,0.0,0.08666666666666667,0.0014562721917646595,0.0,0.0
gusts,LMPC-H40,54,0.15825552103225937,0.5212292931028283,23.581648309123008,0.0,0.008333333333333333,0.0005661851132256949,0.0,0.0
gusts,LMPC-H40,55,0.18719843740708217,0.56839248075642,74.83634239157553,0.0,0.11166666666666666,0.0017821858295877303,0.0,0.0
gusts,LMPC-H40,56,0.27389542250823096,0.8647012610966829,52.42915454560488,0.0,0.06166666666666667,0.0012313682915352298,0.0,0.0
gusts,LMPC-H40,57,0.12435882232172896,0.39437581920775694,28.226908418782124,0.0,0.023333333333333334,0.0009685493576487067,0.0,0.0
gusts,LMPC-H40,58,0.22216098808499052,0.6800503026190465,49.76084030070808,0.0,0.04833333333333333,0.0011223706271005249,0.0,0.0
gusts,LMPC-H40,59,0.25941464648502627,0.8858216121543812,35.8626511301267,0.0,0.013333333333333334,0.0005206937603998493,0.0,0.0
gusts,LMPC-H40,60,0.26205180382176596,0.8798218695363942,31.815266657453236,0.0,0.025,0.0006591801493102,0.0,0.0
gusts,LMPC-H40,61,0.1320930881797164,0.40880585497157934,19.070443280946492,0.0,0.015,0.0006972187461997467,0.0,0.0
gusts,LMPC-H40,62,0.0883828337608926,0.4806464553908326,7.702719967749732,0.0,0.0016666666666666668,0.0003083602297861978,0.0,0.0
gusts,LMPC-H40,63,0.12089673149057797,0.508653687739902,16.053103574258664,0.0,0.02666666666666667,0.0006150233066328612,0.0,0.0
gusts,LMPC-H40,64,0.18658238392569873,0.5920211004063738,24.724242620588424,0.0,0.015,0.0007607977763506604,0.0,0.0
gusts,LMPC-H40,65,0.11787861991587076,0.37644983241507257,22.9740513602063,0.0,0.0016666666666666668,0.0003743920421281612,0.0,0.0
gusts,LMPC-H40,66,0.05901742670947761,0.2735507668953953,8.66814646069036,0.0,0.025,0.0010061542847538498,0.0,0.0
gusts,LMPC-H40,67,0.09561040979796968,0.48055086680410064,13.17070972826822,0.0,0.02,0.0009661511490986872,0.0,0.0
gusts,LMPC-H40,68,0.18659565042110196,0.8175079221796326,11.687486547118477,0.0,0.0,0.00027237495943042284,0.0,0.0
gusts,LMPC-H40,69,0.13645053108193764,0.6940754064199659,12.055956446721629,0.0,0.025,0.0005520744416769822,0.0,0.0
gusts,LMPC-H40,70,64.65028515184777,148.6428361263485,179.19603508104956,1.0,0.96,0.025460279295818594,0.0,0.0
gusts,LMPC-H40,71,120.96499400359565,303.62250877819446,170.03670338306418,1.0,0.9466666666666667,0.025105039049822135,0.0,0.0
gusts,LMPC-H40,72,0.12685912040636368,0.36929815081807876,18.536091844439003,0.0,0.02666666666666667,0.00100469777633835,0.0,0.0
gusts,LMPC-H40,73,0.25090459315436564,0.9549836281549628,36.962348797227115,0.0,0.055,0.0012297568325782423,0.0,0.0
gusts,LMPC-H40,74,63.082150987033295,147.35345148353917,177.33726947879532,1.0,0.985,0.025804425483478787,0.0,0.0
gusts,LMPC-H40,75,0.1814283762104054,0.672979770562118,51.88473762072884,0.0,0.11,0.0016612903350732163,0.0,0.0
gusts,LMPC-H40,76,0.2022200834334989,0.7282125029141494,51.40533351447721,0.0,0.10666666666666667,0.001622643692010729,0.0,0.0
gusts,LMPC-H40,77,0.07002110242275775,0.3254386421655713,12.197951277606364,0.0,0.018333333333333333,0.0004621757233197484,0.0,0.0
gusts,LMPC-H40,78,0.14669836466683658,0.7031619518005124,9.14588335089454,0.0,0.008333333333333333,0.0005464725694101021,0.0,0.0
gusts,LMPC-H40,79,0.05911530418886494,0.3059835828988953,9.246408911987114,0.0,0.01,0.00035710082379056924,0.0,0.0
gusts,LMPC-H40,80,0.0840187898480234,0.24679614087414561,14.065663414299221,0.0,0.015,0.0007960741765733902,0.0,0.0
gusts,LMPC-H40,81,0.08108168426806046,0.4842747912807264,8.123528605274018,0.0,0.021666666666666667,0.0005118655287538007,0.0,0.0
gusts,LMPC-H40,82,0.16435772357131498,0.8273680170579596,10.232902258706368,0.0,0.013333333333333334,0.0004663545928227205,0.0,0.0
gusts,LMPC-H40,83,0.24341943787067177,0.7584307387936128,32.437956745108416,0.0,0.025,0.0006467987213738046,0.0,0.0
gusts,LMPC-H40,84,0.24302607575730215,0.7543279504524167,59.43449842516041,0.0,0.07166666666666667,0.0013120155855368772,0.0,0.0
gusts,LMPC-H40,85,0.1518345889585761,0.7097555398833514,8.10811633483863,0.0,0.016666666666666666,0.0004549269761144405,0.0,0.0
gusts,LMPC-H40,86,0.1284353188656756,0.5399351663582104,56.000526177226895,0.0,0.10666666666666667,0.0016561178457179544,0.0,0.0
gusts,LMPC-H40,87,0.21227855532414233,0.9284776557982107,17.822940091793487,0.0,0.07833333333333334,0.0013263592894825727,0.0,0.0
gusts,LMPC-H40,88,0.10541451174252967,0.4847063046697178,8.939191683812068,0.0,0.05333333333333334,0.001237190509840237,0.0,0.0
gusts,LMPC-H40,89,0.15501608659511412,0.4949658880390041,29.1003011387595,0.0,0.015,0.0006772496193323396,0.0,0.0
gusts,LMPC-H40,90,0.2958208226414941,0.8592867429224587,89.54353262682719,1.0,0.08333333333333333,0.0017777815531999134,0.0,0.0
gusts,LMPC-H40,91,0.10424571765060989,0.433712368335744,48.7686767888959,0.0,0.06166666666666667,0.0012220813663028408,0.0,0.0
gusts,LMPC-H40,92,0.1854580066576354,0.8329403751569106,6.578556318720879,0.0,0.02,0.0009236138998796761,0.0,0.0
gusts,LMPC-H40,93,0.2021578423813348,0.6134176697323522,36.62529271541127,0.0,0.05333333333333334,0.0011828206221117172,0.0,0.0
gusts,LMPC-H40,94,0.2332226329607593,0.7658315388444602,35.93364685435767,0.0,0.006666666666666667,0.0004669530496675317,0.0,0.0
gusts,LMPC-H40,95,0.11880685634918947,0.38095387365474104,23.247779304130336,0.0,0.016666666666666666,0.0007686832898958519,0.0,0.0
gusts,LMPC-H40,96,0.19714131821081823,0.8912060637680945,13.300744136311781,0.0,0.008333333333333333,0.0003521681633539311,0.0,0.0
gusts,LMPC-H40,97,0.08691737336964202,0.25734888388483596,20.40264174139685,0.0,0.018333333333333333,0.0008067945270272513,0.0,0.0
gusts,LMPC-H40,98,0.12420542981485821,0.41595196589212413,22.636795836734613,0.0,0.0016666666666666668,0.0003022737304991173,0.0,0.0
gusts,LMPC-H40,99,0.091297365644965,0.28388334174624336,17.80424566779555,0.0,0.011666666666666667,0.0004201115842782063,0.0,0.0
gusts,PD+MLP+RTA,0,0.18216460306156557,0.49117394762056293,16.941616281894028,0.0,0.0,0.00029585501603286474,0.0,0.0014732105768271448
gusts,PD+MLP+RTA,1,0.08987810788566408,0.2050611092957198,13.272909334435443,0.0,0.0,0.00025213287915069736,0.0,0.0021159712143195694
gusts,PD+MLP+RTA,2,0.24701429337254335,0.7258280424036113,21.18963694018053,0.0,0.0,0.00028078678615174303,0.0,0.002225194145316731
gusts,PD+MLP+RTA,3,0.16263091836779808,0.49274919915948057,19.568011257456057,0.0,0.0,0.00018998415808636206,0.0,0.0020817362078080336
gusts,PD+MLP+RTA,4,0.19272295253697674,0.538798597044807,13.444478235068436,0.0,0.0,0.0003825764622725376,0.0,0.0021975141771244065
gusts,PD+MLP+RTA,5,0.3828992328673954,1.138983852792698,25.39725311924711,0.0,0.0,0.0002081035944342879,0.0,0.001819588852920278
gusts,PD+MLP+RTA,6,0.1051403435108643,0.2708607526677457,14.388179427027653,0.0,0.0,0.00026157501609749503,0.0,0.002164468208339419
gusts,PD+MLP+RTA,7,0.18150833579533482,0.5312847104678365,15.636123789315896,0.0,0.0,0.0001886847270824627,0.0,0.002156343050928457
gusts,PD+MLP+RTA,8,0.37784273331027984,1.1055950955808442,31.44995281376399,0.0,0.0,0.000223380649763683,0.0,0.0014892496439608033
gusts,PD+MLP+RTA,9,0.12536173104916473,0.47827439601701804,13.775672091361859,0.0,0.0,0.00021953671001155117,0.0,0.0022129791378478585
gusts,PD+MLP+RTA,10,0.10048784883450725,0.4650964124025426,9.565059270159617,0.0,0.0,0.0002714683029951781,0.0,0.0020507350855481395
gusts,PD+MLP+RTA,11,0.1718869406613459,0.47885539429779495,14.47267023727858,0.0,0.0,0.0003227011145590433,0.0,0.0011373380075179803
gusts,PD+MLP+RTA,12,0.11630988772904693,0.33443415322752024,11.805996333893967,0.0,0.0,0.0002405132539824461,0.0,0.0020568227509877293
gusts,PD+MLP+RTA,13,0.08027740606251627,0.3086677209461837,12.591239998624065,0.0,0.0,0.00022803581516331683,0.0,0.0017843605590385928
gusts,PD+MLP+RTA,14,0.14592091357781736,0.6477555161675634,6.049366300197715,0.0,0.0,0.0002320261318001326,0.0,0.0015810081213191184
gusts,PD+MLP+RTA,15,0.07390974500299474,0.1694500668344765,11.580247900941552,0.0,0.0,0.0002550762292409464,0.0,0.0020696637245310795
gusts,PD+MLP+RTA,16,0.17426063022284863,0.5413325554546934,9.81260244612494,0.0,0.0,0.00035415244999173137,0.0,0.0017634615751734551
gusts,PD+MLP+RTA,17,0.2946648539796425,0.9932282838024057,10.699462002778539,0.0,0.0,0.0003120612480521182,0.0,0.001438752457973391
gusts,PD+MLP+RTA,18,0.10863251793401704,0.5121011087486566,12.784945573713218,0.0,0.0,0.00022481161399208713,0.0,0.0015747785750140364
gusts,PD+MLP+RTA,19,0.15666643456521503,0.4035196660286544,12.649334682098718,0.0,0.0,0.00032318060840568234,0.0,0.0014056739323778985
gusts,PD+MLP+RTA,20,0.23573104384475552,0.6808614926313683,23.225772320244868,0.0,0.0,0.000268181873281331,0.0,0.0019286168769423481
gusts,PD+MLP+RTA,21,0.14652796990405598,0.42842224019196373,15.122392068141775,0.0,0.0,0.00023766175861948888,0.0,0.0021582493330220684
gusts,PD+MLP+RTA,22,0.19153334999484173,0.5524775684701118,13.18410411644778,0.0,0.0,0.00033185512868748877,0.0,0.0013331884301814847
gusts,PD+MLP+RTA,23,0.13597377640196923,0.3574751590850859,13.537378586577269,0.0,0.0,0.0002918122646640083,0.0,0.0014999767571430664
gusts,PD+MLP+RTA,24,0.19122542783302268,0.6695258177020292,12.870425582554965,0.0,0.0,0.0003264902595225199,0.0,0.0017489733144285128
gusts,PD+MLP+RTA,25,0.40931424643033815,1.2047786464276173,33.22645157214861,0.0,0.0,0.0002637819199897291,0.0,0.0014523639764978695
gusts,PD+MLP+RTA,26,0.32454370195887927,0.9566180776536095,22.11517242874431,0.0,0.0,0.00030341782412737805,0.0,0.0012331152709012668
gusts,PD+MLP+RTA,27,0.19628838515392924,0.573165494986779,22.90377164070679,0.0,0.0,0.0001986067520898015,0.0,0.0021504538879125105
gusts,PD+MLP+RTA,28,0.24774770012149816,0.7106778939682817,17.4517208911005,0.0,0.0,0.0002731030920985444,0.0,0.00240242673787085
gusts,PD+MLP+RTA,29,0.3205726401263423,0.9270297177173707,25.65486532009477,0.0,0.0,0.0002243158146373545,0.0,0.0014749064467200475
gusts,PD+MLP+RTA,30,0.09881681092021494,0.4654866023900864,12.918060217291423,0.0,0.0,0.0002359920001419926,0.0,0.001945283812430868
gusts,PD+MLP+RTA,31,0.11464807750672999,0.3006875332386927,16.007948914731035,0.0,0.0,0.00027288882093248946,0.0,0.0016818360961692819
gusts,PD+MLP+RTA,32,0.15037511149781038,0.5038827083967353,10.05427393711587,0.0,0.0,0.00027349566239025924,0.0,0.001040450727446937
gusts,PD+MLP+RTA,33,0.22339308506748165,0.6181524727643746,22.43591661200774,0.0,0.0,0.000235264710822027,0.0,0.001965695341303539
gusts,PD+MLP+RTA,34,0.2856899183386961,0.8404340750104073,25.11215914555432,0.0,0.0,0.0002571039433695209,0.0,0.0017855227268517358
gusts,PD+MLP+RTA,35,0.201656104861314,0.6563151310479612,9.935523709887413,0.0,0.0,0.0003167874704586984,0.0,0.00180488201515153
gusts,PD+MLP+RTA,36,0.3591887682447534,1.0636156412792328,30.409000555493677,0.0,0.0,0.00021215112237550317,0.0,0.0018511342862016934
gusts,PD+MLP+RTA,37,0.2645157760220494,0.9281692564990258,10.636402335903998,0.0,0.0,0.00029726299937563635,0.0,0.0015574502768068172
gusts,PD+MLP+RTA,38,0.32976830941468177,1.0062721832488999,21.193491332966488,0.0,0.0,0.0003327342978422549,0.0,0.0022678421245227744
gusts,PD+MLP+RTA,39,0.27999933428727325,0.8184977670096876,19.5858696817778,0.0,0.0,0.00029350866646200407,0.0,0.002018881143715104
gusts,PD+MLP+RTA,40,0.14608007637003936,0.41394512660593985,19.96299547849681,0.0,0.0,0.0002559473064404373,0.0,0.0015615730398022445
gusts,PD+MLP+RTA,41,0.10389144681241831,0.3881530847611309,14.971882322502134,0.0,0.0,0.00018873942999732027,0.0,0.0020696791109738005
gusts,PD+MLP+RTA,42,0.20414267013378387,0.7743639511369976,12.73793562498515,0.0,0.0,0.0002553346851731802,0.0,0.0019852348818670865
gusts,PD+MLP+RTA,43,0.1484416649712093,0.42305668814145186,8.427876078105678,0.0,0.0,0.00033726701350358587,0.0,0.0014160989898953904
gusts,PD+MLP+RTA,44,0.4283699384894718,1.2586368943818422,35.63974595925588,0.0,0.0,0.0002476093794796639,0.0,0.002048349157761986
gusts,PD+MLP+RTA,45,0.22878311177726923,0.8906772695141848,7.647710168710091,0.0,0.0,0.00020122232031205846,0.0,0.0014876359321359153
gusts,PD+MLP+RTA,46,0.12417707507000399,0.4248003651613884,13.329197218517788,0.0,0.0,0.0002478718896238031,0.0,0.002180111986595116
gusts,PD+MLP+RTA,47,0.12087852358070322,0.3433508160899596,13.18959141893198,0.0,0.0,0.0002467656591342057,0.0,0.0014158326736192339
gusts,PD+MLP+RTA,48,0.11676011905770657,0.5434011681546411,8.825178900163769,0.0,0.0,0.00024334057500000538,0.0,0.0018376938842264118
gusts,PD+MLP+RTA,49,0.2275903107638091,0.7529185774973414,10.40471700509109,0.0,0.0,0.0002771439926531253,0.0,0.0016343277186822045
gusts,PD+MLP+RTA,50,0.3267738481512662,0.9604458115718842,24.610352308075615,0.0,0.0,0.00019574249103605527,0.0,0.0017253256150625413
gusts,PD+MLP+RTA,51,0.1660215205358638,0.4529647968179478,11.866901868482094,0.0,0.0,0.00032276215570805906,0.0,0.0013272989711599673
gusts,PD+MLP+RTA,52,0.3365033787059852,1.0114233261531242,24.362806465872882,0.0,0.0,0.00026698554684702683,0.0,0.001504710363713092
gusts,PD+MLP+RTA,53,0.1703750361727634,0.5250726529506217,11.189424048254997,0.0,0.0,0.0003285786378814806,0.0,0.001379571771339763
gusts,PD+MLP+RTA,54,0.20184134039284835,0.578755840872925,15.369161663810873,0.0,0.0,0.00029161674178924794,0.0,0.001943480499787963
gusts,PD+MLP+RTA,55,0.1983051887199417,0.5852604986168913,10.34940984439304,0.0,0.0,0.00031120474311191774,0.0,0.0019745910511594737
gusts,PD+MLP+RTA,56,0.31099608262128003,0.9416772550364907,20.259422572186818,0.0,0.0,0.00028273705543108667,0.0,0.0018818769602451932
gusts,PD+MLP+RTA,57,0.14531362262916794,0.41546124355203234,16.873125188455635,0.0,0.0,0.000293700623292678,0.0,0.0013239040478742515
gusts,PD+MLP+RTA,58,0.2477101940999593,0.6975900051548424,18.549366028015527,0.0,0.0,0.00029763215916326095,0.0,0.001730000197876827
gusts,PD+MLP+RTA,59,0.34510339551086994,1.0180473837342257,30.77730455177046,0.0,0.0,0.00023279789958731683,0.0,0.001524311752979526
gusts,PD+MLP+RTA,60,0.29484480448586137,0.8843965698990953,19.8516276528987,0.0,0.0,0.00020049395513220802,0.0,0.0015197720917805924
gusts,PD+MLP+RTA,61,0.16897449322847163,0.4808548126688998,15.18967559127991,0.0,0.0,0.0002681781708425205,0.0,0.0019733228540234887
gusts,PD+MLP+RTA,62,0.10344621986796351,0.48116826710531746,9.186263676730787,0.0,0.0,0.00021522481988305752,0.0,0.001671728861281338
gusts,PD+MLP+RTA,63,0.14446059608941908,0.5096755901915312,10.928955340347237,0.0,0.0,0.00021006575107406804,0.0,0.0017529121902294137
gusts,PD+MLP+RTA,64,0.22078481153923674,0.6542419034628619,15.977566897932942,0.0,0.0,0.0002564341515502007,0.0,0.0018057698843831802
gusts,PD+MLP+RTA,65,0.20126090744339872,0.5999819496530272,24.07389077426641,0.0,0.0,0.000257364994799124,0.0,0.001971770061062276
gusts,PD+MLP+RTA,66,0.1136028819855251,0.28042806479936294,11.38049333016371,0.0,0.0,0.00027833710825368697,0.0,0.002531025287255877
gusts,PD+MLP+RTA,67,0.13752768487952585,0.4813163382582673,14.567768936847509,0.0,0.0,0.0002700002516680343,0.0,0.0013793785645572442
gusts,PD+MLP+RTA,68,0.23208934431429626,0.817666735645458,10.698238088953754,0.0,0.0,0.00021406026902508576,0.0,0.0014837494124059817
gusts,PD+MLP+RTA,69,0.15047041247594,0.6948404195073984,12.249458380581938,0.0,0.0,0.00020184683889965432,0.0,0.0019655716718089207
gusts,PD+MLP+RTA,70,0.4448706280766019,1.3139657560059812,36.589991522180824,0.0,0.0,0.0003212315768415864,0.0,0.0018133981496301773
gusts,PD+MLP+RTA,71,0.4352453796529844,1.2902182689545603,32.64946882468245,0.0,0.0,0.0003640445484199992,0.0,0.0018227724594746637
gusts,PD+MLP+RTA,72,0.16513157623680716,0.47192891747722776,13.185769700998,0.0,0.0,0.00026971910479662296,0.0,0.001616805425745667
gusts,PD+MLP+RTA,73,0.2766499739482059,0.9553141102576601,9.571522550853194,0.0,0.0,0.00032692711623715415,0.0,0.0027220509467858764
gusts,PD+MLP+RTA,74,0.3661689792784974,1.0601499912437191,28.03800004297389,0.0,0.0,0.00035825483558465677,0.0,0.0018281593327975295
gusts,PD+MLP+RTA,75,0.21634434555300516,0.6738891009881025,11.1046810677403,0.0,0.0,0.00035538885720926044,0.0,0.002007970108915892
gusts,PD+MLP+RTA,76,0.2156309022114214,0.7289963806538088,6.513121085266653,0.0,0.0,0.00034414650588642594,0.0,0.001693951461950702
gusts,PD+MLP+RTA,77,0.10814828328937842,0.32665861281726066,13.42631704496622,0.0,0.0,0.00021298652844384939,0.0,0.0015127666368743248
gusts,PD+MLP+RTA,78,0.16551764308036732,0.7033762351662889,9.837104396440568,0.0,0.0,0.0002746026995875909,0.0,0.0016234498091964582
gusts,PD+MLP+RTA,79,0.05754409575493512,0.3071124422983226,9.242030067229773,0.0,0.0,0.0002072526721118603,0.0,0.0018585543011535794
gusts,PD+MLP+RTA,80,0.12165505176490796,0.33503622357097,12.018202081895497,0.0,0.0,0.00030781944658477326,0.0,0.002489403015877609
gusts,PD+MLP+RTA,81,0.1063658852535474,0.48514933871758453,9.486215852964936,0.0,0.0,0.00021260814956212238,0.0,0.001268024083620879
gusts,PD+MLP+RTA,82,0.1732863719269946,0.827643367296893,9.56382421689319,0.0,0.0,0.0002429758732682174,0.0,0.0018931171060768213
gusts,PD+MLP+RTA,83,0.3052637201216096,0.8624706069622998,28.975767398240112,0.0,0.0,0.00022398552595351835,0.0,0.0018456436033709625
gusts,PD+MLP+RTA,84,0.2796941457147561,0.8360866816194586,19.61340452303741,0.0,0.0,0.0002849227641295822,0.0,0.0020709513731473135
gusts,PD+MLP+RTA,85,0.17728728529062546,0.71052328272085,9.430246816244683,0.0,0.0,0.00019984461386452656,0.0,0.0016184913560492726
gusts,PD+MLP+RTA,86,0.18281753033466153,0.5473282932072646,9.032636302357206,0.0,0.0,0.00035157782595809277,0.0,0.001823874208972321
gusts,PD+MLP+RTA,87,0.25202339157218784,0.9292055942498808,8.728789432892155,0.0,0.0,0.00029424442489129563,0.0,0.0018387252719288894
gusts,PD+MLP+RTA,88,0.15293647919970382,0.48548337463456914,8.722063329669819,0.0,0.0,0.00034446900601628336,0.0,0.0021755948583894753
gusts,PD+MLP+RTA,89,0.19570738608939967,0.569099616657993,21.11376084541242,0.0,0.0,0.0002511205086697159,0.0,0.001186137808178502
gusts,PD+MLP+RTA,90,0.3196029334552077,0.9547795388689763,21.569126255564477,0.0,0.0,0.00032013672977581817,0.0,0.0014969104830077954
gusts,PD+MLP+RTA,91,0.15673367221617968,0.43499795330257246,14.294522458781648,0.0,0.0,0.00030393813089378313,0.0,0.002198944921204378
gusts,PD+MLP+RTA,92,0.21307184503561136,0.833334006605289,7.375705136512678,0.0,0.0,0.00028715861579580164,0.0,0.0018371528617433443
gusts,PD+MLP+RTA,93,0.24188068713847635,0.707263421115581,16.390355837022252,0.0,0.0,0.0002979304437596252,0.0,0.0015237299687093234
gusts,PD+MLP+RTA,94,0.30777549039144764,0.906816853529356,28.509168953268087,0.0,0.0,0.00023014606660407778,0.0,0.0022353821668526243
gusts,PD+MLP+RTA,95,0.1522683176905946,0.44619867450226136,15.496173760342014,0.0,0.0,0.00026464185591079957,0.0,0.0011864598487892329
gusts,PD+MLP+RTA,96,0.2139882850945484,0.891392920624629,6.947494172284632,0.0,0.0,0.00021223105997820785,0.0,0.001796937213415887
gusts,PD+MLP+RTA,97,0.12979958735952057,0.3328707362849836,13.959571574989486,0.0,0.0,0.0002720102753262522,0.0,0.0017925549414328655
gusts,PD+MLP+RTA,98,0.20904885121701197,0.6130853835420631,21.14014836443613,0.0,0.0,0.00020938711577297926,0.0,0.0011704061935605093
gusts,PD+MLP+RTA,99,0.12275087318041218,0.328803396243888,12.653142121085938,0.0,0.0,0.00023368338801258478,0.0,0.0017174764282599302
gusts,PD+CeNN,0,0.18195930350265566,0.4914319660944364,16.98687667386341,0.0,0.0,0.00029584847393937774,0.0,0.0015102565733921061
gusts,PD+CeNN,1,0.09001122402325329,0.20542539620590433,13.39772510572784,0.0,0.0,0.000252709408586101,0.0,0.002225369761525349
gusts,PD+CeNN,2,0.24702142497935653,0.7261426703535911,21.174027284748675,0.0,0.0,0.00028062161864097145,0.0,0.0022063401443985645
gusts,PD+CeNN,3,0.16294540047103928,0.49339223670488,19.54129780789574,0.0,0.0,0.00018982947485000315,0.0,0.0021003594380210825
gusts,PD+CeNN,4,0.1926213994128297,0.5388696715948413,13.43728390702702,0.0,0.0,0.00038298650045204556,0.0,0.002144342452740643
gusts,PD+CeNN,5,0.3832251968765868,1.139027565189217,25.340573149785325,0.0,0.0,0.00020974478562917753,0.0,0.0020347737036088363
gusts,PD+CeNN,6,0.10512596453738768,0.27085875404346266,14.69048389794018,0.0,0.0,0.00026122951803036906,0.0,0.0021482868137958997
gusts,PD+CeNN,7,0.1815946138360197,0.5314952946194544,15.603292577725124,0.0,0.0,0.0001902809130363925,0.0,0.002329705628782064
gusts,PD+CeNN,8,0.37780595423078556,1.1055552459155398,31.53124645216558,0.0,0.0,0.00022385147972529598,0.0,0.0014530517204056493
gusts,PD+CeNN,9,0.1256347928058517,0.4782718867305223,14.170570538567446,0.0,0.0,0.00022207068953797833,0.0,0.002485182505988701
gusts,PD+CeNN,10,0.10079243221964378,0.46509569724200994,9.554365861415832,0.0,0.0,0.0002709909137503364,0.0,0.002066275513180732
gusts,PD+CeNN,11,0.1718915915347431,0.4790169442278609,14.837470184047516,0.0,0.0,0.0003225155395582136,0.0,0.0011127532781889592
gusts,PD+CeNN,12,0.11624182657243279,0.3346276253431886,11.782388098276678,0.0,0.0,0.0002416572556858223,0.0,0.0021409499234622776
gusts,PD+CeNN,13,0.08055697799467773,0.3086660736371949,12.678843004819234,0.0,0.0,0.0002289502023255699,0.0,0.0018576748883570588
gusts,PD+CeNN,14,0.14603976346483408,0.647754050476121,6.33743846482744,0.0,0.0,0.0002312711405864253,0.0,0.0015615210221645959
gusts,PD+CeNN,15,0.07404944926205231,0.17062735346143407,11.618528706930537,0.0,0.0,0.00025474076421931163,0.0,0.002020655458942744
gusts,PD+CeNN,16,0.17452509949061493,0.5413340796570097,9.857766042824025,0.0,0.0,0.0003539024949550005,0.0,0.0017126712365074929
gusts,PD+CeNN,17,0.29473897498771,0.9932286485774093,10.690994302922372,0.0,0.0,0.00031178508943701663,0.0,0.0013872947771142552
gusts,PD+CeNN,18,0.10941292719641589,0.5120990621418704,13.07604060648261,0.0,0.0,0.0002241815768030693,0.0,0.0015611392057011423
gusts,PD+CeNN,19,0.15695799169608102,0.4037358193713762,12.951046848862536,0.0,0.0,0.00032252220949545457,0.0,0.0013661657405930057
gusts,PD+CeNN,20,0.23591606074562765,0.6812387819598525,23.19472170971986,0.0,0.0,0.00026794622687222654,0.0,0.0019180114932465168
gusts,PD+CeNN,21,0.14680334364379047,0.42908147425273596,15.122238154327329,0.0,0.0,0.00023752818474344735,0.0,0.0020789960567696676
gusts,PD+CeNN,22,0.1917490124960402,0.5526411326642184,13.178564157434497,0.0,0.0,0.0003318129908611924,0.0,0.0013462208836977447
gusts,PD+CeNN,23,0.136014765348317,0.3579662694401256,13.698002805349779,0.0,0.0,0.00029196501042749214,0.0,0.0015276475428926193
gusts,PD+CeNN,24,0.1913673261685812,0.6695270724404029,13.007060426456032,0.0,0.0,0.0003264875143064612,0.0,0.0017064935872854398
gusts,PD+CeNN,25,0.40903764664326575,1.2048305210736772,33.28658660686141,0.0,0.0,0.0002639750950079958,0.0,0.0014382445922276781
gusts,PD+CeNN,26,0.32454051145069895,0.9567723826189528,22.080917665598587,0.0,0.0,0.00030372063234887487,0.0,0.0011926713099820769
gusts,PD+CeNN,27,0.196495215033629,0.5734888382696001,22.876029862837363,0.0,0.0,0.00019847546360854073,0.0,0.002154714447285206
gusts,PD+CeNN,28,0.24808684956092192,0.7107833154348067,17.456790162063065,0.0,0.0,0.00027493214544395704,0.0,0.0025939188450575645
gusts,PD+CeNN,29,0.32059815779625883,0.9271843579978777,25.671354215957034,0.0,0.0,0.00022515537055622237,0.0,0.0015463802275693245
gusts,PD+CeNN,30,0.09849076501750106,0.46548432829066116,13.163761899412986,0.0,0.0,0.00023572438878309926,0.0,0.0019733608540717963
gusts,PD+CeNN,31,0.11462687105345978,0.3007385912088445,16.017426505070326,0.0,0.0,0.00027207538482287684,0.0,0.0016248105204546483
gusts,PD+CeNN,32,0.15053412441601222,0.5038825322619828,10.05382915064767,0.0,0.0,0.00027330959592633243,0.0,0.001018633689287122
gusts,PD+CeNN,33,0.22348758697382184,0.6183159243074262,22.396157173090824,0.0,0.0,0.0002350652344785239,0.0,0.0019209627103686153
gusts,PD+CeNN,34,0.2854646771891983,0.8405671355491459,25.152062167948017,0.0,0.0,0.000256805003540621,0.0,0.0017935714142232062
gusts,PD+CeNN,35,0.2014587980114273,0.6563161028336825,9.9304460624506,0.0,0.0,0.00031691103203426924,0.0,0.0017750677649995123
gusts,PD+CeNN,36,0.3592184898386613,1.0638457076794936,30.398945218974415,0.0,0.0,0.00021162874924251376,0.0,0.0018915646106134165
gusts,PD+CeNN,37,0.26475405392301066,0.928169909481581,10.643799187847918,0.0,0.0,0.00029710864286664997,0.0,0.0015509051056599727
gusts,PD+CeNN,38,0.3296937001886165,1.006319551019151,21.158018508547446,0.0,0.0,0.00033280950269210527,0.0,0.002217285220014022
gusts,PD+CeNN,39,0.279975281241633,0.818617555262458,19.546282089988946,0.0,0.0,0.0002945420532423697,0.0,0.002036247268697235
gusts,PD+CeNN,40,0.14586976381538874,0.41432285240583083,19.96542396059761,0.0,0.0,0.00025538594912576324,0.0,0.001540427364761111
gusts,PD+CeNN,41,0.1044787557178271,0.3881512678603077,14.955626394538234,0.0,0.0,0.00019021368317023967,0.0,0.0022821840997550445
gusts,PD+CeNN,42,0.20429080909455832,0.7743634012986821,12.89678785823579,0.0,0.0,0.000254317479337895,0.0,0.001965384311827757
gusts,PD+CeNN,43,0.14818146171017882,0.4231238775006221,8.427259669156198,0.0,0.0,0.0003372854758699582,0.0,0.0013393089085852068
gusts,PD+CeNN,44,0.42854534952298257,1.2588241861476261,35.6262380751017,0.0,0.0,0.00024809203325216604,0.0,0.002152386433335964
gusts,PD+CeNN,45,0.22863541463738982,0.8906752877460555,7.6078866891076755,0.0,0.0,0.00020092910667624013,0.0,0.0014762225758727769
gusts,PD+CeNN,46,0.12506329193416194,0.42479796234377065,13.661466084744033,0.0,0.0,0.0002494293185822548,0.0,0.002291061322968895
gusts,PD+CeNN,47,0.12067411278887138,0.3439804668818329,13.102477744030487,0.0,0.0,0.0002467302028824694,0.0,0.0013976175153319218
gusts,PD+CeNN,48,0.11667173688205273,0.5433986993801729,8.840414028549695,0.0,0.0,0.000243525002537893,0.0,0.0018528298751853546
gusts,PD+CeNN,49,0.22772787814069542,0.7529186890561069,10.487183872148819,0.0,0.0,0.000276551875866445,0.0,0.0015698889820165145
gusts,PD+CeNN,50,0.32714752945163555,0.9605673337212486,24.599749413929544,0.0,0.0,0.00019663904812894834,0.0,0.0017970556368450854
gusts,PD+CeNN,51,0.16619974116593744,0.4532590208016735,11.906342266527288,0.0,0.0,0.0003228077566379347,0.0,0.0012933281001946894
gusts,PD+CeNN,52,0.33665584214171945,1.011560598462662,24.328530168734126,0.0,0.0,0.0002673001277280387,0.0,0.0014439554586083917
gusts,PD+CeNN,53,0.1705081201656217,0.5250744783590306,11.191975390765558,0.0,0.0,0.0003287945982704945,0.0,0.0013125989731013438
gusts,PD+CeNN,54,0.20192866648608043,0.5788977804168333,15.341119109498239,0.0,0.0,0.0002921098322599102,0.0,0.0020040609713903534
gusts,PD+CeNN,55,0.1984997993670142,0.5853119806357747,10.34876572815598,0.0,0.0,0.0003117527233021867,0.0,0.0020482530301061896
gusts,PD+CeNN,56,0.3110080768074816,0.9417452648387307,20.19963811563004,0.0,0.0,0.00028303445523043,0.0,0.0020980444221112672
gusts,PD+CeNN,57,0.14531644779309577,0.4155022866377555,16.93598888675468,0.0,0.0,0.0002933891305868571,0.0,0.0012441709257712337
gusts,PD+CeNN,58,0.24749605277928483,0.697649093180519,18.593320109943516,0.0,0.0,0.0002982401540493994,0.0,0.0017746732860336658
gusts,PD+CeNN,59,0.3449731028455077,1.018113754016375,30.8324033342879,0.0,0.0,0.0002330621874286405,0.0,0.0014928853485060628
gusts,PD+CeNN,60,0.29527598810730094,0.8844100195376715,19.807923198047792,0.0,0.0,0.000200505693311824,0.0,0.0015277914160636305
gusts,PD+CeNN,61,0.16876076499823284,0.48103150646057546,15.58539240910192,0.0,0.0,0.0002685502737400391,0.0,0.002098330536862291
gusts,PD+CeNN,62,0.10351726856629234,0.4811671948654487,9.143915409631424,0.0,0.0,0.0002146036584789102,0.0,0.0016396651703521757
gusts,PD+CeNN,63,0.14518950581227671,0.5096734579009286,10.895720114373466,0.0,0.0,0.00021079034263122863,0.0,0.0017925252270271077
gusts,PD+CeNN,64,0.2205959806266829,0.654150271206716,16.04443325631372,0.0,0.0,0.00025726356728610907,0.0,0.0017807512982429463
gusts,PD+CeNN,65,0.201192144462533,0.5999392099116936,24.10955867116516,0.0,0.0,0.00025771537099623096,0.0,0.0019120419609066931
gusts,PD+CeNN,66,0.1135307056040231,0.2805551232209523,11.383020774364597,0.0,0.0,0.0002787026168282466,0.0,0.0025280463825378976
gusts,PD+CeNN,67,0.13738526671848997,0.4813174274548735,14.784897709215118,0.0,0.0,0.00026959421479015485,0.0,0.001430263048569414
gusts,PD+CeNN,68,0.23187885357843904,0.8176656634574868,10.697847774152663,0.0,0.0,0.00021384623970791694,0.0,0.0014948242486275856
gusts,PD+CeNN,69,0.15029283918440683,0.6948381748882998,12.348649621386848,0.0,0.0,0.00020168112153039346,0.0,0.0019367132047466006
gusts,PD+CeNN,70,0.4449057431078834,1.3140364043635289,36.57991484503013,0.0,0.0,0.0003221772278047583,0.0,0.0018165502130065084
gusts,PD+CeNN,71,0.43531058684755886,1.290367657130953,32.61938550748085,0.0,0.0,0.0003636804488849197,0.0,0.001801838752600713
gusts,PD+CeNN,72,0.16536710625157905,0.4722368196696928,13.141792640640233,0.0,0.0,0.00027002244498317403,0.0,0.0016455740865203709
gusts,PD+CeNN,73,0.2767825355026717,0.9553147323490315,9.658734687024127,0.0,0.0,0.00032683156431576044,0.0,0.002702018717996651
gusts,PD+CeNN,74,0.3661092825472633,1.0602487255003876,28.022664327001493,0.0,0.0,0.000358842796223272,0.0,0.001787291798863632
gusts,PD+CeNN,75,0.21661977447634995,0.6738903126160786,11.203404693191883,0.0,0.0,0.0003550665017182929,0.0,0.001978193499710451
gusts,PD+CeNN,76,0.21544352839427117,0.7289975567928128,6.553849211338039,0.0,0.0,0.00034471089354248986,0.0,0.0016797683257211112
gusts,PD+CeNN,77,0.10842846138245285,0.3266560460195412,13.542371812301818,0.0,0.0,0.0002130324926643897,0.0,0.0015506812048481768
gusts,PD+CeNN,78,0.16564631334972935,0.7033765753989676,9.73853192422166,0.0,0.0,0.00027380951468071853,0.0,0.001565183045217595
gusts,PD+CeNN,79,0.05813377977211792,0.3071104494436561,9.241651018842878,0.0,0.0,0.00020706927904600965,0.0,0.0018520130279792745
gusts,PD+CeNN,80,0.12180123382408316,0.3353168182601444,12.001520230471028,0.0,0.0,0.0003083701317716096,0.0,0.0024221523857592886
gusts,PD+CeNN,81,0.10678973048572796,0.4851470976406318,9.576460557197672,0.0,0.0,0.00021227286211377292,0.0,0.0012545359689907852
gusts,PD+CeNN,82,0.17356341578237433,0.8276425936811076,9.564216680655388,0.0,0.0,0.00024177539503823222,0.0,0.001813043133213422
gusts,PD+CeNN,83,0.3047755589007551,0.8624504658690987,28.97061047584294,0.0,0.0,0.00022367137341541054,0.0,0.0018390652203311199
gusts,PD+CeNN,84,0.2797221915968331,0.8361681540030034,19.698024464544737,0.0,0.0,0.0002863188641874716,0.0,0.002168421097536851
gusts,PD+CeNN,85,0.1771883100136652,0.7105212644515182,9.475478792522985,0.0,0.0,0.00019890060248576113,0.0,0.0015588530488637358
gusts,PD+CeNN,86,0.18312458512856897,0.5473597561628903,9.024803073113505,0.0,0.0,0.0003524558692422134,0.0,0.0018468628658820055
gusts,PD+CeNN,87,0.2523059899497257,0.9292068647665369,8.70252385371606,0.0,0.0,0.0002940679516715791,0.0,0.0019579263372512127
gusts,PD+CeNN,88,0.15331120978929122,0.4854843829631711,8.862924877498694,0.0,0.0,0.0003447684027762484,0.0,0.0021678727752175585
gusts,PD+CeNN,89,0.195895937679429,0.5695473666949795,21.092140849464148,0.0,0.0,0.0002514004297562025,0.0,0.0012155277535164607
gusts,PD+CeNN,90,0.3197141383080744,0.9548823218304393,21.511991841620564,0.0,0.0,0.0003208459979444366,0.0,0.0014753287131238071
gusts,PD+CeNN,91,0.15694520971744724,0.43499977415841656,14.387499936305,0.0,0.0,0.00030406819626517165,0.0,0.0021698247605435286
gusts,PD+CeNN,92,0.21327359931829246,0.833334643057409,7.356906499323351,0.0,0.0,0.00028683222337560555,0.0,0.0017657676639485558
gusts,PD+CeNN,93,0.2419879888806943,0.7073448466342428,16.44449590427982,0.0,0.0,0.0002994041005076579,0.0,0.0015290616595355349
gusts,PD+CeNN,94,0.30782226428112813,0.9068943350111122,28.57425815055,0.0,0.0,0.00023369443890297202,0.0,0.0025669663252961385
gusts,PD+CeNN,95,0.15234248050194885,0.4466730958011247,15.492508542615093,0.0,0.0,0.000264222561165395,0.0,0.0011270044939708317
gusts,PD+CeNN,96,0.21424045197355135,0.8913924370162275,6.926939928862888,0.0,0.0,0.00021222673113935887,0.0,0.0017736806856995543
gusts,PD+CeNN,97,0.13049628901483323,0.3338983626810389,13.971310093776886,0.0,0.0,0.0002720574827928839,0.0,0.0018336816042754031
gusts,PD+CeNN,98,0.20890819133514674,0.6130169476429637,21.213613618463302,0.0,0.0,0.0002087141403284059,0.0,0.0011382876252292984
gusts,PD+CeNN,99,0.12307444768999387,0.329008464254319,12.613322499730314,0.0,0.0,0.000233298662258118,0.0,0.0016596070281260189
gusts,PD+CeNN+RTA,0,0.18195930350265566,0.4914319660944364,16.98687667386341,0.0,0.0,0.00029584847393937774,0.0,0.0015102565733921061
gusts,PD+CeNN+RTA,1,0.09001122402325329,0.20542539620590433,13.39772510572784,0.0,0.0,0.000252709408586101,0.0,0.002225369761525349
gusts,PD+CeNN+RTA,2,0.24702142497935653,0.7261426703535911,21.174027284748675,0.0,0.0,0.00028062161864097145,0.0,0.0022063401443985645
gusts,PD+CeNN+RTA,3,0.16294540047103928,0.49339223670488,19.54129780789574,0.0,0.0,0.00018982947485000315,0.0,0.0021003594380210825
gusts,PD+CeNN+RTA,4,0.1926213994128297,0.5388696715948413,13.43728390702702,0.0,0.0,0.00038298650045204556,0.0,0.002144342452740643
gusts,PD+CeNN+RTA,5,0.3832251968765868,1.139027565189217,25.340573149785325,0.0,0.0,0.00020974478562917753,0.0,0.0020347737036088363
gusts,PD+CeNN+RTA,6,0.10512596453738768,0.27085875404346266,14.69048389794018,0.0,0.0,0.00026122951803036906,0.0,0.0021482868137958997
gusts,PD+CeNN+RTA,7,0.1815946138360197,0.5314952946194544,15.603292577725124,0.0,0.0,0.0001902809130363925,0.0,0.002329705628782064
gusts,PD+CeNN+RTA,8,0.37780595423078556,1.1055552459155398,31.53124645216558,0.0,0.0,0.00022385147972529598,0.0,0.0014530517204056493
gusts,PD+CeNN+RTA,9,0.1256347928058517,0.4782718867305223,14.170570538567446,0.0,0.0,0.00022207068953797833,0.0,0.002485182505988701
gusts,PD+CeNN+RTA,10,0.10079243221964378,0.46509569724200994,9.554365861415832,0.0,0.0,0.0002709909137503364,0.0,0.002066275513180732
gusts,PD+CeNN+RTA,11,0.1718915915347431,0.4790169442278609,14.837470184047516,0.0,0.0,0.0003225155395582136,0.0,0.0011127532781889592
gusts,PD+CeNN+RTA,12,0.11624182657243279,0.3346276253431886,11.782388098276678,0.0,0.0,0.0002416572556858223,0.0,0.0021409499234622776
gusts,PD+CeNN+RTA,13,0.08055697799467773,0.3086660736371949,12.678843004819234,0.0,0.0,0.0002289502023255699,0.0,0.0018576748883570588
gusts,PD+CeNN+RTA,14,0.14603976346483408,0.647754050476121,6.33743846482744,0.0,0.0,0.0002312711405864253,0.0,0.0015615210221645959
gusts,PD+CeNN+RTA,15,0.07404944926205231,0.17062735346143407,11.618528706930537,0.0,0.0,0.00025474076421931163,0.0,0.002020655458942744
gusts,PD+CeNN+RTA,16,0.17452509949061493,0.5413340796570097,9.857766042824025,0.0,0.0,0.0003539024949550005,0.0,0.0017126712365074929
gusts,PD+CeNN+RTA,17,0.29473897498771,0.9932286485774093,10.690994302922372,0.0,0.0,0.00031178508943701663,0.0,0.0013872947771142552
gusts,PD+CeNN+RTA,18,0.10941292719641589,0.5120990621418704,13.07604060648261,0.0,0.0,0.0002241815768030693,0.0,0.0015611392057011423
gusts,PD+CeNN+RTA,19,0.15695799169608102,0.4037358193713762,12.951046848862536,0.0,0.0,0.00032252220949545457,0.0,0.0013661657405930057
gusts,PD+CeNN+RTA,20,0.23591606074562765,0.6812387819598525,23.19472170971986,0.0,0.0,0.00026794622687222654,0.0,0.0019180114932465168
gusts,PD+CeNN+RTA,21,0.14680334364379047,0.42908147425273596,15.122238154327329,0.0,0.0,0.00023752818474344735,0.0,0.0020789960567696676
gusts,PD+CeNN+RTA,22,0.1917490124960402,0.5526411326642184,13.178564157434497,0.0,0.0,0.0003318129908611924,0.0,0.0013462208836977447
gusts,PD+CeNN+RTA,23,0.136014765348317,0.3579662694401256,13.698002805349779,0.0,0.0,0.00029196501042749214,0.0,0.0015276475428926193
gusts,PD+CeNN+RTA,24,0.1913673261685812,0.6695270724404029,13.007060426456032,0.0,0.0,0.0003264875143064612,0.0,0.0017064935872854398
gusts,PD+CeNN+RTA,25,0.40903764664326575,1.2048305210736772,33.28658660686141,0.0,0.0,0.0002639750950079958,0.0,0.0014382445922276781
gusts,PD+CeNN+RTA,26,0.32454051145069895,0.9567723826189528,22.080917665598587,0.0,0.0,0.00030372063234887487,0.0,0.0011926713099820769
gusts,PD+CeNN+RTA,27,0.196495215033629,0.5734888382696001,22.876029862837363,0.0,0.0,0.00019847546360854073,0.0,0.002154714447285206
gusts,PD+CeNN+RTA,28,0.24808684956092192,0.7107833154348067,17.456790162063065,0.0,0.0,0.00027493214544395704,0.0,0.0025939188450575645
gusts,PD+CeNN+RTA,29,0.32059815779625883,0.9271843579978777,25.671354215957034,0.0,0.0,0.00022515537055622237,0.0,0.0015463802275693245
gusts,PD+CeNN+RTA,30,0.09849076501750106,0.46548432829066116,13.163761899412986,0.0,0.0,0.00023572438878309926,0.0,0.0019733608540717963
gusts,PD+CeNN+RTA,31,0.11462687105345978,0.3007385912088445,16.017426505070326,0.0,0.0,0.00027207538482287684,0.0,0.0016248105204546483
gusts,PD+CeNN+RTA,32,0.15053412441601222,0.5038825322619828,10.05382915064767,0.0,0.0,0.00027330959592633243,0.0,0.001018633689287122
gusts,PD+CeNN+RTA,33,0.22348758697382184,0.6183159243074262,22.396157173090824,0.0,0.0,0.0002350652344785239,0.0,0.0019209627103686153
gusts,PD+CeNN+RTA,34,0.2854646771891983,0.8405671355491459,25.152062167948017,0.0,0.0,0.000256805003540621,0.0,0.0017935714142232062
gusts,PD+CeNN+RTA,35,0.2014587980114273,0.6563161028336825,9.9304460624506,0.0,0.0,0.00031691103203426924,0.0,0.0017750677649995123
gusts,PD+CeNN+RTA,36,0.3592184898386613,1.0638457076794936,30.398945218974415,0.0,0.0,0.00021162874924251376,0.0,0.0018915646106134165
gusts,PD+CeNN+RTA,37,0.26475405392301066,0.928169909481581,10.643799187847918,0.0,0.0,0.00029710864286664997,0.0,0.0015509051056599727
gusts,PD+CeNN+RTA,38,0.3296937001886165,1.006319551019151,21.158018508547446,0.0,0.0,0.00033280950269210527,0.0,0.002217285220014022
gusts,PD+CeNN+RTA,39,0.279975281241633,0.818617555262458,19.546282089988946,0.0,0.0,0.0002945420532423697,0.0,0.002036247268697235
gusts,PD+CeNN+RTA,40,0.14586976381538874,0.41432285240583083,19.96542396059761,0.0,0.0,0.00025538594912576324,0.0,0.001540427364761111
gusts,PD+CeNN+RTA,41,0.1044787557178271,0.3881512678603077,14.955626394538234,0.0,0.0,0.00019021368317023967,0.0,0.0022821840997550445
gusts,PD+CeNN+RTA,42,0.20429080909455832,0.7743634012986821,12.89678785823579,0.0,0.0,0.000254317479337895,0.0,0.001965384311827757
gusts,PD+CeNN+RTA,43,0.14818146171017882,0.4231238775006221,8.427259669156198,0.0,0.0,0.0003372854758699582,0.0,0.0013393089085852068
gusts,PD+CeNN+RTA,44,0.42854534952298257,1.2588241861476261,35.6262380751017,0.0,0.0,0.00024809203325216604,0.0,0.002152386433335964
gusts,PD+CeNN+RTA,45,0.22863541463738982,0.8906752877460555,7.6078866891076755,0.0,0.0,0.00020092910667624013,0.0,0.0014762225758727769
gusts,PD+CeNN+RTA,46,0.12506329193416194,0.42479796234377065,13.661466084744033,0.0,0.0,0.0002494293185822548,0.0,0.002291061322968895
gusts,PD+CeNN+RTA,47,0.12067411278887138,0.3439804668818329,13.102477744030487,0.0,0.0,0.0002467302028824694,0.0,0.0013976175153319218
gusts,PD+CeNN+RTA,48,0.11667173688205273,0.5433986993801729,8.840414028549695,0.0,0.0,0.000243525002537893,0.0,0.0018528298751853546
gusts,PD+CeNN+RTA,49,0.22772787814069542,0.7529186890561069,10.487183872148819,0.0,0.0,0.000276551875866445,0.0,0.0015698889820165145
gusts,PD+CeNN+RTA,50,0.32714752945163555,0.9605673337212486,24.599749413929544,0.0,0.0,0.00019663904812894834,0.0,0.0017970556368450854
gusts,PD+CeNN+RTA,51,0.16619974116593744,0.4532590208016735,11.906342266527288,0.0,0.0,0.0003228077566379347,0.0,0.0012933281001946894
gusts,PD+CeNN+RTA,52,0.33665584214171945,1.011560598462662,24.328530168734126,0.0,0.0,0.0002673001277280387,0.0,0.0014439554586083917
gusts,PD+CeNN+RTA,53,0.1705081201656217,0.5250744783590306,11.191975390765558,0.0,0.0,0.0003287945982704945,0.0,0.0013125989731013438
gusts,PD+CeNN+RTA,54,0.20192866648608043,0.5788977804168333,15.341119109498239,0.0,0.0,0.0002921098322599102,0.0,0.0020040609713903534
gusts,PD+CeNN+RTA,55,0.1984997993670142,0.5853119806357747,10.34876572815598,0.0,0.0,0.0003117527233021867,0.0,0.0020482530301061896
gusts,PD+CeNN+RTA,56,0.3110080768074816,0.9417452648387307,20.19963811563004,0.0,0.0,0.00028303445523043,0.0,0.0020980444221112672
gusts,PD+CeNN+RTA,57,0.14531644779309577,0.4155022866377555,16.93598888675468,0.0,0.0,0.0002933891305868571,0.0,0.0012441709257712337
gusts,PD+CeNN+RTA,58,0.24749605277928483,0.697649093180519,18.593320109943516,0.0,0.0,0.0002982401540493994,0.0,0.0017746732860336658
gusts,PD+CeNN+RTA,59,0.3449731028455077,1.018113754016375,30.8324033342879,0.0,0.0,0.0002330621874286405,0.0,0.0014928853485060628
gusts,PD+CeNN+RTA,60,0.29527598810730094,0.8844100195376715,19.807923198047792,0.0,0.0,0.000200505693311824,0.0,0.0015277914160636305
gusts,PD+CeNN+RTA,61,0.16876076499823284,0.48103150646057546,15.58539240910192,0.0,0.0,0.0002685502737400391,0.0,0.002098330536862291
gusts,PD+CeNN+RTA,62,0.10351726856629234,0.4811671948654487,9.143915409631424,0.0,0.0,0.0002146036584789102,0.0,0.0016396651703521757
gusts,PD+CeNN+RTA,63,0.14518950581227671,0.5096734579009286,10.895720114373466,0.0,0.0,0.00021079034263122863,0.0,0.0017925252270271077
gusts,PD+CeNN+RTA,64,0.2205959806266829,0.654150271206716,16.04443325631372,0.0,0.0,0.00025726356728610907,0.0,0.0017807512982429463
gusts,PD+CeNN+RTA,65,0.201192144462533,0.5999392099116936,24.10955867116516,0.0,0.0,0.00025771537099623096,0.0,0.0019120419609066931
gusts,PD+CeNN+RTA,66,0.1135307056040231,0.2805551232209523,11.383020774364597,0.0,0.0,0.0002787026168282466,0.0,0.0025280463825378976
gusts,PD+CeNN+RTA,67,0.13738526671848997,0.4813174274548735,14.784897709215118,0.0,0.0,0.00026959421479015485,0.0,0.001430263048569414
gusts,PD+CeNN+RTA,68,0.23187885357843904,0.8176656634574868,10.697847774152663,0.0,0.0,0.00021384623970791694,0.0,0.0014948242486275856
gusts,PD+CeNN+RTA,69,0.15029283918440683,0.6948381748882998,12.348649621386848,0.0,0.0,0.00020168112153039346,0.0,0.0019367132047466006
gusts,PD+CeNN+RTA,70,0.4449057431078834,1.3140364043635289,36.57991484503013,0.0,0.0,0.0003221772278047583,0.0,0.0018165502130065084
gusts,PD+CeNN+RTA,71,0.43531058684755886,1.290367657130953,32.61938550748085,0.0,0.0,0.0003636804488849197,0.0,0.001801838752600713
gusts,PD+CeNN+RTA,72,0.16536710625157905,0.4722368196696928,13.141792640640233,0.0,0.0,0.00027002244498317403,0.0,0.0016455740865203709
gusts,PD+CeNN+RTA,73,0.2767825355026717,0.9553147323490315,9.658734687024127,0.0,0.0,0.00032683156431576044,0.0,0.002702018717996651
gusts,PD+CeNN+RTA,74,0.3661092825472633,1.0602487255003876,28.022664327001493,0.0,0.0,0.000358842796223272,0.0,0.001787291798863632
gusts,PD+CeNN+RTA,75,0.21661977447634995,0.6738903126160786,11.203404693191883,0.0,0.0,0.0003550665017182929,0.0,0.001978193499710451
gusts,PD+CeNN+RTA,76,0.21544352839427117,0.7289975567928128,6.553849211338039,0.0,0.0,0.00034471089354248986,0.0,0.0016797683257211112
gusts,PD+CeNN+RTA,77,0.10842846138245285,0.3266560460195412,13.542371812301818,0.0,0.0,0.0002130324926643897,0.0,0.0015506812048481768
gusts,PD+CeNN+RTA,78,0.16564631334972935,0.7033765753989676,9.73853192422166,0.0,0.0,0.00027380951468071853,0.0,0.001565183045217595
gusts,PD+CeNN+RTA,79,0.05813377977211792,0.3071104494436561,9.241651018842878,0.0,0.0,0.00020706927904600965,0.0,0.0018520130279792745
gusts,PD+CeNN+RTA,80,0.12180123382408316,0.3353168182601444,12.001520230471028,0.0,0.0,0.0003083701317716096,0.0,0.0024221523857592886
gusts,PD+CeNN+RTA,81,0.10678973048572796,0.4851470976406318,9.576460557197672,0.0,0.0,0.00021227286211377292,0.0,0.0012545359689907852
gusts,PD+CeNN+RTA,82,0.17356341578237433,0.8276425936811076,9.564216680655388,0.0,0.0,0.00024177539503823222,0.0,0.001813043133213422
gusts,PD+CeNN+RTA,83,0.3047755589007551,0.8624504658690987,28.97061047584294,0.0,0.0,0.00022367137341541054,0.0,0.0018390652203311199
gusts,PD+CeNN+RTA,84,0.2797221915968331,0.8361681540030034,19.698024464544737,0.0,0.0,0.0002863188641874716,0.0,0.002168421097536851
gusts,PD+CeNN+RTA,85,0.1771883100136652,0.7105212644515182,9.475478792522985,0.0,0.0,0.00019890060248576113,0.0,0.0015588530488637358
gusts,PD+CeNN+RTA,86,0.18312458512856897,0.5473597561628903,9.024803073113505,0.0,0.0,0.0003524558692422134,0.0,0.0018468628658820055
gusts,PD+CeNN+RTA,87,0.2523059899497257,0.9292068647665369,8.70252385371606,0.0,0.0,0.0002940679516715791,0.0,0.0019579263372512127
gusts,PD+CeNN+RTA,88,0.15331120978929122,0.4854843829631711,8.862924877498694,0.0,0.0,0.0003447684027762484,0.0,0.0021678727752175585
gusts,PD+CeNN+RTA,89,0.195895937679429,0.5695473666949795,21.092140849464148,0.0,0.0,0.0002514004297562025,0.0,0.0012155277535164607
gusts,PD+CeNN+RTA,90,0.3197141383080744,0.9548823218304393,21.511991841620564,0.0,0.0,0.0003208459979444366,0.0,0.0014753287131238071
gusts,PD+CeNN+RTA,91,0.15694520971744724,0.43499977415841656,14.387499936305,0.0,0.0,0.00030406819626517165,0.0,0.0021698247605435286
gusts,PD+CeNN+RTA,92,0.21327359931829246,0.833334643057409,7.356906499323351,0.0,0.0,0.00028683222337560555,0.0,0.0017657676639485558
gusts,PD+CeNN+RTA,93,0.2419879888806943,0.7073448466342428,16.44449590427982,0.0,0.0,0.0002994041005076579,0.0,0.0015290616595355349
gusts,PD+CeNN+RTA,94,0.30782226428112813,0.9068943350111122,28.57425815055,0.0,0.0,0.00023369443890297202,0.0,0.0025669663252961385
gusts,PD+CeNN+RTA,95,0.15234248050194885,0.4466730958011247,15.492508542615093,0.0,0.0,0.000264222561165395,0.0,0.0011270044939708317
gusts,PD+CeNN+RTA,96,0.21424045197355135,0.8913924370162275,6.926939928862888,0.0,0.0,0.00021222673113935887,0.0,0.0017736806856995543
gusts,PD+CeNN+RTA,97,0.13049628901483323,0.3338983626810389,13.971310093776886,0.0,0.0,0.0002720574827928839,0.0,0.0018336816042754031
gusts,PD+CeNN+RTA,98,0.20890819133514674,0.6130169476429637,21.213613618463302,0.0,0.0,0.0002087141403284059,0.0,0.0011382876252292984
gusts,PD+CeNN+RTA,99,0.12307444768999387,0.329008464254319,12.613322499730314,0.0,0.0,0.000233298662258118,0.0,0.0016596070281260189
gusts,PD+CeNN dropout+RTA,0,0.1834249355335412,0.4914319660944364,16.98687667386341,0.0,0.0,0.0002939303291926185,0.0,0.0012226858242226954
gusts,PD+CeNN dropout+RTA,1,0.09105640979375501,0.20542539620590433,13.190990341595404,0.0,0.0,0.0002446139481980533,0.0,0.0017599117868528661
gusts,PD+CeNN dropout+RTA,2,0.24523921447688543,0.7261426703535911,21.174027284748675,0.0,0.0,0.0002843504943090353,0.0,0.0020672653433070304
gusts,PD+CeNN dropout+RTA,3,0.16433263808427054,0.49339223670488,19.54129780789574,0.0,0.0,0.00019043747942897057,0.0,0.001765157962287392
gusts,PD+CeNN dropout+RTA,4,0.1911851470481683,0.5388696715948413,13.43728390702702,0.0,0.0,0.0003781865197340304,0.0,0.0017962430991780318
gusts,PD+CeNN dropout+RTA,5,0.3845339247708554,1.139027565189217,25.340573149785325,0.0,0.0,0.00020949663105475418,0.0,0.0020121301658369245
gusts,PD+CeNN dropout+RTA,6,0.10734224700749445,0.27085875404346266,13.871215355670994,0.0,0.0,0.0002604623433221896,0.0,0.0020867295819883224
gusts,PD+CeNN dropout+RTA,7,0.18375433600542251,0.5314952946194544,15.603292577725124,0.0,0.0,0.0001919081965632203,0.0,0.0021435079949025768
gusts,PD+CeNN dropout+RTA,8,0.3782763753582887,1.1055552459155398,31.53124645216558,0.0,0.0,0.00022069333757371578,0.0,0.0012772734127736783
gusts,PD+CeNN dropout+RTA,9,0.12653081984176454,0.4782718867305223,14.109754555537977,0.0,0.0,0.00022570606668739483,0.0,0.002445740835763586
gusts,PD+CeNN dropout+RTA,10,0.10320790962242403,0.46509569724200994,9.554365861415832,0.0,0.0,0.00027490089960768025,0.0,0.0020049261134175043
gusts,PD+CeNN dropout+RTA,11,0.17582084705352619,0.4790169442278609,11.149495898377573,0.0,0.0,0.0003192611708712424,0.0,0.0009012782288803771
gusts,PD+CeNN dropout+RTA,12,0.11478447734363,0.3346276253431886,11.782388098276678,0.0,0.0,0.00023654827411600894,0.0,0.0020241559777551413
gusts,PD+CeNN dropout+RTA,13,0.08349497905160252,0.3086660736371949,12.10590292505778,0.0,0.0,0.0002274797697115225,0.0,0.0015976066451129781
gusts,PD+CeNN dropout+RTA,14,0.15717116199473735,0.647754050476121,6.529102507690888,0.0,0.0,0.00023968258398772248,0.0,0.0012302964547647058
gusts,PD+CeNN dropout+RTA,15,0.0808390575198847,0.17062735346143407,11.618528706930537,0.0,0.0,0.00025963820325918273,0.0,0.0018072639735482385
gusts,PD+CeNN dropout+RTA,16,0.1713592337177171,0.5413340796570097,9.857766042824025,0.0,0.0,0.00034835389320417103,0.0,0.0012992037458162964
gusts,PD+CeNN dropout+RTA,17,0.2953734217206507,0.9932286485774093,10.690994302922372,0.0,0.0,0.00031379407536928633,0.0,0.0013086908981804958
gusts,PD+CeNN dropout+RTA,18,0.110986440266442,0.5120990621418704,13.76680164044782,0.0,0.0,0.00022809713342412033,0.0,0.001510790380091334
gusts,PD+CeNN dropout+RTA,19,0.1609304893966853,0.4037358193713762,9.463432220097545,0.0,0.0,0.0003190289139140415,0.0,0.0012400221671314555
gusts,PD+CeNN dropout+RTA,20,0.23386546266205935,0.6812387819598525,23.19472170971986,0.0,0.0,0.0002750847805295357,0.0,0.0015305716831103594
gusts,PD+CeNN dropout+RTA,21,0.1473742654081003,0.42908147425273596,15.122238154327329,0.0,0.0,0.00023638830302608613,0.0,0.00199177773795906
gusts,PD+CeNN dropout+RTA,22,0.19255862102725974,0.5526411326642184,13.178564157434497,0.0,0.0,0.0003328349461962201,0.0,0.0013041968661618153
gusts,PD+CeNN dropout+RTA,23,0.14564402739134769,0.3579662694401256,12.114179500704465,0.0,0.0,0.0002935451766572028,0.0,0.0011086565218269477
gusts,PD+CeNN dropout+RTA,24,0.19181693004443556,0.6695270724404029,13.254518003628547,0.0,0.0,0.00032641787227378013,0.0,0.0016863866516608934
gusts,PD+CeNN dropout+RTA,25,0.4092393817745348,1.2048305210736772,33.28658660686141,0.0,0.0,0.00026019906390158657,0.0,0.0013380049172465732
gusts,PD+CeNN dropout+RTA,26,0.32429258934228417,0.9567723826189528,22.080917665598587,0.0,0.0,0.00030435746740579565,0.0,0.00110048300724756
gusts,PD+CeNN dropout+RTA,27,0.19984457690160565,0.5734888382696001,22.876029862837363,0.0,0.0,0.00020220034310332527,0.0,0.0013889421071717977
gusts,PD+CeNN dropout+RTA,28,0.24734463525693173,0.7107833154348067,17.456790162063065,0.0,0.0,0.00027557078098216337,0.0,0.0025875984105227447
gusts,PD+CeNN dropout+RTA,29,0.32225142790671607,0.9271843579978777,25.671354215957034,0.0,0.0,0.00021835449124549614,0.0,0.0008858368662550953
gusts,PD+CeNN dropout+RTA,30,0.09776004980300072,0.46548432829066116,12.0521767874963,0.0,0.0,0.00023469445956713774,0.0,0.001833955643530286
gusts,PD+CeNN dropout+RTA,31,0.13068266189981612,0.3007385912088445,16.017426505070326,0.0,0.0,0.00027264255330331947,0.0,0.001523483011486978
gusts,PD+CeNN dropout+RTA,32,0.15142884713903448,0.5038825322619828,10.05382915064767,0.0,0.0,0.00027324389011530774,0.0,0.0010041479685154767
gusts,PD+CeNN dropout+RTA,33,0.22280874655347851,0.6183159243074262,22.396157173090824,0.0,0.0,0.00023479552221536906,0.0,0.001916949866351295
gusts,PD+CeNN dropout+RTA,34,0.28563820861497974,0.8405671355491459,25.152062167948017,0.0,0.0,0.00026050197080341526,0.0,0.0017155689024773073
gusts,PD+CeNN dropout+RTA,35,0.20197942600992172,0.6563161028336825,8.523305725454467,0.0,0.0,0.0003180828858328547,0.0,0.0012465868524336567
gusts,PD+CeNN dropout+RTA,36,0.3588389850533624,1.0638457076794936,30.398945218974415,0.0,0.0,0.00020646954846181387,0.0,0.001739643986773534
gusts,PD+CeNN dropout+RTA,37,0.2647735382838598,0.928169909481581,10.643799187847918,0.0,0.0,0.00029407390708256135,0.0,0.0014152254360542663
gusts,PD+CeNN dropout+RTA,38,0.32945553084970164,1.006319551019151,21.158018508547446,0.0,0.0,0.00033692942065782436,0.0,0.0017733504933006247
gusts,PD+CeNN dropout+RTA,39,0.27894342739002287,0.818617555262458,19.546282089988946,0.0,0.0,0.0002985554517891618,0.0,0.0019956229023774096
gusts,PD+CeNN dropout+RTA,40,0.14221532361331224,0.41432285240583083,19.96542396059761,0.0,0.0,0.00024882146743408437,0.0,0.0013163056937675593
gusts,PD+CeNN dropout+RTA,41,0.1143733399393001,0.3881512678603077,14.955626394538234,0.0,0.0,0.0001939230000981562,0.0,0.0021245033390258823
gusts,PD+CeNN dropout+RTA,42,0.20237386972032026,0.7743634012986821,13.275360546110768,0.0,0.0,0.0002460839604628249,0.0,0.0015943043198256817
gusts,PD+CeNN dropout+RTA,43,0.14883513043834956,0.4231238775006221,8.427259669156198,0.0,0.0,0.00033900203100244365,0.0,0.001235898607081145
gusts,PD+CeNN dropout+RTA,44,0.42848140132183515,1.2588241861476261,35.6262380751017,0.0,0.0,0.0002444741837068649,0.0,0.002075969563221192
gusts,PD+CeNN dropout+RTA,45,0.22993636404659054,0.8906752877460555,6.8467188048926495,0.0,0.0,0.00020186417918823432,0.0,0.001169523312543224
gusts,PD+CeNN dropout+RTA,46,0.1264311676840087,0.42479796234377065,14.615647784157023,0.0,0.0,0.00024855367356350737,0.0,0.0021527254635719437
gusts,PD+CeNN dropout+RTA,47,0.11855219371541456,0.3439804668818329,13.102477744030487,0.0,0.0,0.0002494439031141598,0.0,0.001271812701791043
gusts,PD+CeNN dropout+RTA,48,0.11287397062257024,0.5433986993801729,8.840414028549695,0.0,0.0,0.0002461040997775596,0.0,0.0017980583721108009
gusts,PD+CeNN dropout+RTA,49,0.22768618809827834,0.7529186890561069,10.633906755111086,0.0,0.0,0.00026808693048667947,0.0,0.0010806737815602936
gusts,PD+CeNN dropout+RTA,50,0.3287036582801013,0.9605673337212486,24.599749413929544,0.0,0.0,0.0001987239666292994,0.0,0.0017413534933015408
gusts,PD+CeNN dropout+RTA,51,0.168309629301172,0.4532590208016735,11.836299443903222,0.0,0.0,0.0003226678650511461,0.0,0.0011084389744856604
gusts,PD+CeNN dropout+RTA,52,0.33789033958929676,1.011560598462662,24.328530168734126,0.0,0.0,0.00027079081323904753,0.0,0.0013482887531351443
gusts,PD+CeNN dropout+RTA,53,0.1706087992899837,0.5250744783590306,11.191975390765558,0.0,0.0,0.0003307429263528084,0.0,0.0011588033225513562
gusts,PD+CeNN dropout+RTA,54,0.20015388676723603,0.5788977804168333,15.341119109498239,0.0,0.0,0.0002943126297139354,0.0,0.0019742959708809182
gusts,PD+CeNN dropout+RTA,55,0.19874104815798965,0.5853119806357747,10.34876572815598,0.0,0.0,0.00031455816175430146,0.0,0.0020154706054663443
gusts,PD+CeNN dropout+RTA,56,0.31104548710308416,0.9417452648387307,20.19963811563004,0.0,0.0,0.0002835038957225014,0.0,0.002087593615999331
gusts,PD+CeNN dropout+RTA,57,0.14727956152445673,0.4155022866377555,16.93598888675468,0.0,0.0,0.0002943931378637226,0.0,0.0011717352194467868
gusts,PD+CeNN dropout+RTA,58,0.25094330107985635,0.697649093180519,18.593320109943516,0.0,0.0,0.00030514701198913893,0.0,0.0015479378645239833
gusts,PD+CeNN dropout+RTA,59,0.3452679327308262,1.018113754016375,30.8324033342879,0.0,0.0,0.0002312622146022031,0.0,0.0014632452390577657
gusts,PD+CeNN dropout+RTA,60,0.29702725043828176,0.8844100195376715,19.807923198047792,0.0,0.0,0.00020120941047859994,0.0,0.0015016538415761438
gusts,PD+CeNN dropout+RTA,61,0.16934152749296297,0.48103150646057546,16.03692092780437,0.0,0.0,0.0002717187308915656,0.0,0.0020301912228759844
gusts,PD+CeNN dropout+RTA,62,0.10328692336979965,0.4811671948654487,8.98440561720749,0.0,0.0,0.0002128257881324416,0.0,0.0015916576331655378
gusts,PD+CeNN dropout+RTA,63,0.14522648232804566,0.5096734579009286,10.895720114373466,0.0,0.0,0.00021111493183725548,0.0,0.0017771919134989733
gusts,PD+CeNN dropout+RTA,64,0.22071551520703633,0.654150271206716,16.04443325631372,0.0,0.0,0.0002586662588374051,0.0,0.0017471394374157518
gusts,PD+CeNN dropout+RTA,65,0.2014086258190332,0.5999392099116936,24.10955867116516,0.0,0.0,0.000257564384443589,0.0,0.0018981854199734362
gusts,PD+CeNN dropout+RTA,66,0.11585475056846516,0.2805551232209523,11.383020774364597,0.0,0.0,0.0002885573205753257,0.0,0.00186713846308348
gusts,PD+CeNN dropout+RTA,67,0.13989081673199863,0.4813174274548735,14.08521216468542,0.0,0.0,0.00026873326586675635,0.0,0.0013429829814814622
gusts,PD+CeNN dropout+RTA,68,0.2320170264317986,0.8176656634574868,10.697847774152663,0.0,0.0,0.0002176475139890514,0.0,0.001368330279929805
gusts,PD+CeNN dropout+RTA,69,0.15801234583721546,0.6948381748882998,12.348649621386848,0.0,0.0,0.00020523589089932053,0.0,0.0013681440972549992
gusts,PD+CeNN dropout+RTA,70,0.44461302971133126,1.3140364043635289,36.57991484503013,0.0,0.0,0.0003245272698975799,0.0,0.0017710008101048766
gusts,PD+CeNN dropout+RTA,71,0.43508368120878027,1.290367657130953,32.61938550748085,0.0,0.0,0.0003631512446417436,0.0,0.0017875450355437738
gusts,PD+CeNN dropout+RTA,72,0.16481777551332938,0.4722368196696928,13.141792640640233,0.0,0.0,0.00026973897569301173,0.0,0.0016000509259951317
gusts,PD+CeNN dropout+RTA,73,0.2777268149493688,0.9553147323490315,9.658734687024127,0.0,0.0,0.0003285658765504168,0.0,0.0026817440031486704
gusts,PD+CeNN dropout+RTA,74,0.3662844133036013,1.0602487255003876,28.022664327001493,0.0,0.0,0.0003616285887602937,0.0,0.001717395476631206
gusts,PD+CeNN dropout+RTA,75,0.2168759540761273,0.6738903126160786,10.813898872751974,0.0,0.0,0.00035153069792311976,0.0,0.0019168827961575994
gusts,PD+CeNN dropout+RTA,76,0.21617780506554862,0.7289975567928128,6.553849211338039,0.0,0.0,0.00034649794251538624,0.0,0.001549138213939849
gusts,PD+CeNN dropout+RTA,77,0.11155741125500997,0.3266560460195412,12.175631449657313,0.0,0.0,0.0002087718251812507,0.0,0.0012903604215799196
gusts,PD+CeNN dropout+RTA,78,0.1637936549676358,0.7033765753989676,7.242918839341326,0.0,0.0,0.00026937647842554787,0.0,0.0013711734621869567
gusts,PD+CeNN dropout+RTA,79,0.06685659403254245,0.3071104494436561,9.241651018842878,0.0,0.0,0.0002092004329057869,0.0,0.0017869827707018575
gusts,PD+CeNN dropout+RTA,80,0.11811180383852565,0.3353168182601444,12.001520230471028,0.0,0.0,0.0003085108958958228,0.0,0.0023859480031048997
gusts,PD+CeNN dropout+RTA,81,0.1132461991522728,0.4851470976406318,10.174730272897193,0.0,0.0,0.00021112212332447206,0.0,0.0010483567511797274
gusts,PD+CeNN dropout+RTA,82,0.17309144972412704,0.8276425936811076,9.564216680655388,0.0,0.0,0.00023439446929089317,0.0,0.001550858255804528
gusts,PD+CeNN dropout+RTA,83,0.31314316967156586,0.8624504658690987,28.97061047584294,0.0,0.0,0.00022870641497311657,0.0,0.0017961406739022594
gusts,PD+CeNN dropout+RTA,84,0.28156137035387224,0.8361681540030034,19.698024464544737,0.0,0.0,0.0002801634962916534,0.0,0.0014949592411776726
gusts,PD+CeNN dropout+RTA,85,0.17768106787412338,0.7105212644515182,7.701882242417619,0.0,0.0,0.0001978829739540701,0.0,0.0015326535232787861
gusts,PD+CeNN dropout+RTA,86,0.1833391356383394,0.5473597561628903,9.024803073113505,0.0,0.0,0.00035062860264120627,0.0,0.001783322732479476
gusts,PD+CeNN dropout+RTA,87,0.2520950105025628,0.9292068647665369,7.343634174782008,0.0,0.0,0.00029607549250613876,0.0,0.0019307812447930794
gusts,PD+CeNN dropout+RTA,88,0.15330785060531882,0.4854843829631711,8.881207911914947,0.0,0.0,0.0003466449473451643,0.0,0.0021214122390975877
gusts,PD+CeNN dropout+RTA,89,0.1976387916101664,0.5695473666949795,21.092140849464148,0.0,0.0,0.0002508521233864278,0.0,0.0012110164122233714
gusts,PD+CeNN dropout+RTA,90,0.32107643815829057,0.9548823218304393,21.511991841620564,0.0,0.0,0.00032179610732021625,0.0,0.0013888069406266326
gusts,PD+CeNN dropout+RTA,91,0.15555135777057377,0.43499977415841656,14.387499936305,0.0,0.0,0.00030694258013217184,0.0,0.0021111848531948866
gusts,PD+CeNN dropout+RTA,92,0.21396723231728984,0.833334643057409,6.6142640488604805,0.0,0.0,0.0002851205206052133,0.0,0.0017360562539761979
gusts,PD+CeNN dropout+RTA,93,0.2441977222876433,0.7073448466342428,16.44449590427982,0.0,0.0,0.0002996246251446193,0.0,0.0014825163980553414
gusts,PD+CeNN dropout+RTA,94,0.3124846377344136,0.9068943350111122,28.57425815055,0.0,0.0,0.00021861008141064713,0.0,0.0011294568350126706
gusts,PD+CeNN dropout+RTA,95,0.14917454818909878,0.4466730958011247,15.492508542615093,0.0,0.0,0.00026141263435925256,0.0,0.0009127543294469172
gusts,PD+CeNN dropout+RTA,96,0.2204097169003663,0.8913924370162275,7.0213297135221096,0.0,0.0,0.00021186563549075092,0.0,0.0015546959056629344
gusts,PD+CeNN dropout+RTA,97,0.12930937511465668,0.3338983626810389,13.971310093776886,0.0,0.0,0.00027142606732176016,0.0,0.0017913836817422992
gusts,PD+CeNN dropout+RTA,98,0.20994711865257168,0.6130169476429637,21.213613618463302,0.0,0.0,0.00020762716032714373,0.0,0.001047322573274226
gusts,PD+CeNN dropout+RTA,99,0.12054612287543555,0.329008464254319,12.613322499730314,0.0,0.0,0.0002266360358629471,0.0,0.001414339953370094
sensor_noise,PD,0,0.18862499338079278,0.5603727666956544,20.580946821687515,0.0,0.0,0.00022867896103991042,0.0,0.0
sensor_noise,PD,1,0.3699968315577252,1.0978218716194859,32.49091965158737,0.0,0.0,0.00021609866165649808,0.0,0.0
sensor_noise,PD,2,0.19339252856613834,0.799044512161117,10.788607713271885,0.0,0.0,0.00027951973662465677,0.0,0.0
sensor_noise,PD,3,0.4228357235492716,1.2562637681925681,36.59122451728752,0.0,0.0,0.00024360867280822832,0.0,0.0
sensor_noise,PD,4,0.25125496588582025,0.9813750391417552,7.273866519147692,0.0,0.0,0.0002813984233012111,0.0,0.0
sensor_noise,PD,5,0.41330550803112476,1.2349527511855927,29.555986154212984,0.0,0.0,0.00034644613113738734,0.0,0.0
sensor_noise,PD,6,0.17814982090784473,0.525686523500401,10.36963807209438,0.0,0.0,0.0003174975553010899,0.0,0.0
sensor_noise,PD,7,0.2809252445069303,0.8282613021174376,25.222775833362693,0.0,0.0,0.0002494151142581718,0.0,0.0
sensor_noise,PD,8,0.37881949873802706,1.13186073306051,33.362302611399485,0.0,0.0,0.0002761659630615224,0.0,0.0
sensor_noise,PD,9,0.12032662627680174,0.42742731460264743,10.255775986373498,0.0,0.0,0.00021068864099042518,0.0,0.0
sensor_noise,PD,10,0.20069399542056882,0.9009478474931653,8.79832024921451,0.0,0.0,0.00021780832338603808,0.0,0.0
sensor_noise,PD,11,0.11813476519108194,0.3276956286716681,7.994603168934977,0.0,0.0,0.00027907166112216725,0.0,0.0
sensor_noise,PD,12,0.15835587978845825,0.43793428333439055,13.921667357679377,0.0,0.0,0.0002064949280107711,0.0,0.0
sensor_noise,PD,13,0.175706529012315,0.5128784222787044,17.64103996891383,0.0,0.0,0.00026359939780789507,0.0,0.0
sensor_noise,PD,14,0.22837668308277684,0.6692116745288594,18.539433815301695,0.0,0.0,0.0002180297544981535,0.0,0.0
sensor_noise,PD,15,0.12262321479149581,0.530874574511088,5.8327313366339055,0.0,0.0,0.00023593920396229888,0.0,0.0
sensor_noise,PD,16,0.22120871288700333,0.6568658838706252,17.525034395183575,0.0,0.0,0.00021590777107001428,0.0,0.0
sensor_noise,PD,17,0.14825334145504387,0.4341798027302961,12.633323550849566,0.0,0.0,0.0002355323060719697,0.0,0.0
sensor_noise,PD,18,0.09529953083975871,0.2734486414754375,15.225511172477008,0.0,0.0,0.00024321015157050712,0.0,0.0
sensor_noise,PD,19,0.15121791479233287,0.42694477184007446,18.794791641813024,0.0,0.0,0.0002727988675777144,0.0,0.0
sensor_noise,PD,20,0.3711453435247189,1.1150085303929447,26.8309915170751,0.0,0.0,0.00023626788688464333,0.0,0.0
sensor_noise,PD,21,0.23867385244565748,0.9084760952694838,6.124687065386081,0.0,0.0,0.0002778679777632382,0.0,0.0
sensor_noise,PD,22,0.25857326214381915,0.7491153276591068,18.999871851965118,0.0,0.0,0.00033435851283135425,0.0,0.0
sensor_noise,PD,23,0.3660124743729842,1.0879589342297484,30.327145422414485,0.0,0.0,0.00026900246802563996,0.0,0.0
sensor_noise,PD,24,0.21326873564462293,0.746111040440557,6.031391779315548,0.0,0.0,0.00032559975785340876,0.0,0.0
sensor_noise,PD,25,0.09932976243025952,0.3324368008826603,9.866516556530442,0.0,0.0,0.00021741147180731802,0.0,0.0
sensor_noise,PD,26,0.3474770660223348,1.0171404283006324,26.825256980967264,0.0,0.0,0.00033746474205393473,0.0,0.0
sensor_noise,PD,27,0.19299514971070658,0.7413503575660497,6.006218255741267,0.0,0.0,0.00028245350080742244,0.0,0.0
sensor_noise,PD,28,0.18786552571214174,0.614474739283041,6.4960028104806185,0.0,0.0,0.000332036300641851,0.0,0.0
sensor_noise,PD,29,0.3493534400267174,1.0619036396347419,22.81510309354371,0.0,0.0,0.00031323770210414263,0.0,0.0
sensor_noise,PD,30,0.21726949123370018,0.6404704895870735,16.19417938176172,0.0,0.0,0.00021518738332541735,0.0,0.0
sensor_noise,PD,31,0.2424795135011197,0.7237298775856246,18.241320084648237,0.0,0.0,0.00024441066545663226,0.0,0.0
sensor_noise,PD,32,0.23866314576751077,0.7078490657673293,18.37863064038301,0.0,0.0,0.00021125634014133027,0.0,0.0
sensor_noise,PD,33,0.1720368921472372,0.49375149743376384,18.23924044075097,0.0,0.0,0.0002121507169308201,0.0,0.0
sensor_noise,PD,34,0.3429747143987264,1.0206286362697579,24.88352582014213,0.0,0.0,0.00021603331346034733,0.0,0.0
sensor_noise,PD,35,0.06473434262861971,0.25018656476782747,9.941827010398725,0.0,0.0,0.00024168054164910787,0.0,0.0
sensor_noise,PD,36,0.18835525401704706,0.618678785568661,9.044876727144915,0.0,0.0,0.0003403504418404539,0.0,0.0
sensor_noise,PD,37,0.24444395051792334,0.7189633523673913,23.271907864334015,0.0,0.0,0.00021900952888080709,0.0,0.0
sensor_noise,PD,38,0.1172950784822694,0.5212749437443516,14.456624958655821,0.0,0.0,0.00020800040790773888,0.0,0.0
sensor_noise,PD,39,0.1394789097080654,0.38774966185821985,16.293829614964324,0.0,0.0,0.0002082996132950941,0.0,0.0
sensor_noise,PD,40,0.12511319628398376,0.5083889177302744,6.894530848513368,0.0,0.0,0.0002644027527151009,0.0,0.0
sensor_noise,PD,41,0.12516555257392303,0.5440659799352066,8.038719605876896,0.0,0.0,0.0002244546557449434,0.0,0.0
sensor_noise,PD,42,0.4462759543757349,1.3305817679098626,37.711249803059445,0.0,0.0,0.0002845498630019691,0.0,0.0
sensor_noise,PD,43,0.41324714543376706,1.2333005487355646,34.764880509216354,0.0,0.0,0.00024074167455151793,0.0,0.0
sensor_noise,PD,44,0.17151355232047247,0.511450866980245,14.640521460555263,0.0,0.0,0.00020600586819743375,0.0,0.0
sensor_noise,PD,45,0.09599352680256133,0.44890573831521574,9.526233346540625,0.0,0.0,0.00021310487307564852,0.0,0.0
sensor_noise,PD,46,0.23903834924715883,0.7083674502183462,25.362242083394385,0.0,0.0,0.0002658701993403876,0.0,0.0
sensor_noise,PD,47,0.19293832931019433,0.7436872655960187,5.858289740869929,0.0,0.0,0.00027268812678002706,0.0,0.0
sensor_noise,PD,48,0.2715479243914033,0.9751134280191947,10.98442985716194,0.0,0.0,0.00023628821409204932,0.0,0.0
sensor_noise,PD,49,0.1540875914899338,0.44471337885232476,12.325521426369152,0.0,0.0,0.00028092757286516973,0.0,0.0
sensor_noise,PD,50,0.25363434603731255,0.728400267586207,21.617261012630582,0.0,0.0,0.0003250505605811165,0.0,0.0
sensor_noise,PD,51,0.08513412140838345,0.37098414467426505,9.152261977579917,0.0,0.0,0.0002336407252830515,0.0,0.0
sensor_noise,PD,52,0.1686342762884945,0.6031010776334296,8.052855499009716,0.0,0.0,0.00030662504071415664,0.0,0.0
sensor_noise,PD,53,0.42294209927785775,1.250945848712146,37.661028236963325,0.0,0.0,0.00024253992214151804,0.0,0.0
sensor_noise,PD,54,0.09963367382921766,0.35573346919015925,15.200935648549326,0.0,0.0,0.00021115851516022527,0.0,0.0
sensor_noise,PD,55,0.2566979332288595,0.7675440309532721,17.03248580888957,0.0,0.0,0.0003067227721616146,0.0,0.0
sensor_noise,PD,56,0.3185571528174115,0.9611344338130133,21.898695858987054,0.0,0.0,0.00020805250280761062,0.0,0.0
sensor_noise,PD,57,0.1284284451864196,0.33316138152728336,14.557198637564552,0.0,0.0,0.0002771244244841329,0.0,0.0
sensor_noise,PD,58,0.18027165342494286,0.5317140514115017,20.93505324282095,0.0,0.0,0.00026128251080260556,0.0,0.0
sensor_noise,PD,59,0.21781449425834254,0.6369966388257625,15.140181752518759,0.0,0.0,0.0003057154939452931,0.0,0.0
sensor_noise,PD,60,0.17899868054351153,0.4949368503785768,16.120148286863046,0.0,0.0,0.00020542570434630913,0.0,0.0
sensor_noise,PD,61,0.17217638825175396,0.5007187252331734,16.116685026632908,0.0,0.0,0.0002701739279709898,0.0,0.0
sensor_noise,PD,62,0.2579614012257952,0.8948946595337586,6.112612165130531,0.0,0.0,0.00031467341472186976,0.0,0.0
sensor_noise,PD,63,0.16847845272442832,0.8005865615042936,8.042391748175843,0.0,0.0,0.00021902129850699944,0.0,0.0
sensor_noise,PD,64,0.27271178504204613,0.8474805997935985,18.18062529844673,0.0,0.0,0.0003092816465093313,0.0,0.0
sensor_noise,PD,65,0.13674766596582036,0.4547456713444036,13.462047371063361,0.0,0.0,0.00020589641897374901,0.0,0.0
sensor_noise,PD,66,0.18650868299044687,0.5705755564314775,7.70161689987928,0.0,0.0,0.00034296073940248846,0.0,0.0
sensor_noise,PD,67,0.2866286944133855,0.8480945703268619,18.726542319339263,0.0,0.0,0.00033060077846365884,0.0,0.0
sensor_noise,PD,68,0.10076505904374325,0.2815023083295476,11.86531992988703,0.0,0.0,0.00022846735657310418,0.0,0.0
sensor_noise,PD,69,0.24092759348016105,0.818496985965227,9.21200468283234,0.0,0.0,0.0002977360196336764,0.0,0.0
sensor_noise,PD,70,0.12443923933564444,0.352436837732508,15.63937882527331,0.0,0.0,0.000265037353215436,0.0,0.0
sensor_noise,PD,71,0.08467901895491613,0.44512863699138905,6.217715793702273,0.0,0.0,0.00022105117894676303,0.0,0.0
sensor_noise,PD,72,0.36370791771733235,1.1144197876657695,25.473095359218963,0.0,0.0,0.00023652574336431074,0.0,0.0
sensor_noise,PD,73,0.1453907463961164,0.42289735326201355,17.229286304462413,0.0,0.0,0.0002105061401236925,0.0,0.0
sensor_noise,PD,74,0.34578503957792617,1.0629988676360447,23.213522092307677,0.0,0.0,0.00022976453197377368,0.0,0.0
sensor_noise,PD,75,0.15271644040897012,0.7315982028161337,6.175626473186773,0.0,0.0,0.00021642707699613646,0.0,0.0
sensor_noise,PD,76,0.15870051376865027,0.44352276262378687,20.085486744040473,0.0,0.0,0.00020971103771323852,0.0,0.0
sensor_noise,PD,77,0.21679106443686866,0.832132927491857,5.651185122906947,0.0,0.0,0.00024237244042492976,0.0,0.0
sensor_noise,PD,78,0.358179333164074,1.065481902934322,28.97897356752282,0.0,0.0,0.0002344715778989923,0.0,0.0
sensor_noise,PD,79,0.2711069288255402,0.7964817822247797,28.089765294044053,0.0,0.0,0.0002081630407268325,0.0,0.0
sensor_noise,PD,80,0.36499231561216744,1.0909622273153785,31.575848783823975,0.0,0.0,0.00026466708833988234,0.0,0.0
sensor_noise,PD,81,0.12672087535753634,0.6111766671645572,11.266558788292045,0.0,0.0,0.00024168232132281559,0.0,0.0
sensor_noise,PD,82,0.2841408466770966,0.8483025772587577,20.435665327349668,0.0,0.0,0.00027608627246587087,0.0,0.0
sensor_noise,PD,83,0.24909821263259113,0.7397800853779992,24.65060353067523,0.0,0.0,0.0002769426021232457,0.0,0.0
sensor_noise,PD,84,0.22786617226599729,0.9941298903909908,11.198543760965805,0.0,0.0,0.00022432393561854855,0.0,0.0
sensor_noise,PD,85,0.23124808800900415,0.6873576018372662,16.989045514587314,0.0,0.0,0.000272390914574732,0.0,0.0
sensor_noise,PD,86,0.33778000463806596,1.0104062393319457,31.751540816370188,0.0,0.0,0.0002498072881552443,0.0,0.0
sensor_noise,PD,87,0.35996591836997277,1.0689790548519302,28.992302032795177,0.0,0.0,0.0002325262239615361,0.0,0.0
sensor_noise,PD,88,0.1952194409380091,0.5963847857627024,23.821255839700502,0.0,0.0,0.00024096842657773626,0.0,0.0
sensor_noise,PD,89,0.323285759742521,0.9772944585414408,22.770351501770335,0.0,0.0,0.00025468029971516156,0.0,0.0
sensor_noise,PD,90,0.1303987268389576,0.5986188779006648,7.9791720664100545,0.0,0.0,0.00021452610164849394,0.0,0.0
sensor_noise,PD,91,0.18682174820601968,0.4983575026532278,16.338712405760788,0.0,0.0,0.00032943212368014566,0.0,0.0
sensor_noise,PD,92,0.18205025479884673,0.5258866440808273,12.022664527006373,0.0,0.0,0.0003102168978156697,0.0,0.0
sensor_noise,PD,93,0.38191705985423585,1.1268499074609108,31.094298108735654,0.0,0.0,0.0002224252980148408,0.0,0.0
sensor_noise,PD,94,0.11428224958162199,0.5812237588245948,6.172412568965833,0.0,0.0,0.0002206702690805155,0.0,0.0
sensor_noise,PD,95,0.251905486784241,0.8120597331019289,11.252513223080365,0.0,0.0,0.00030381520202456096,0.0,0.0
sensor_noise,PD,96,0.15860193139049125,0.4705903866750171,18.18953144136017,0.0,0.0,0.00022437322128552464,0.0,0.0
sensor_noise,PD,97,0.2793555182131057,0.8344626915596941,26.995029917065427,0.0,0.0,0.0002646121139117984,0.0,0.0
sensor_noise,PD,98,0.2586236368371553,0.7429545037469015,22.6818832519552,0.0,0.0,0.0003182589012005726,0.0,0.0
sensor_noise,PD,99,0.23463219292028703,0.8524661256425774,6.802712530587761,0.0,0.0,0.00034855880310781853,0.0,0.0
sensor_noise,LQR,0,0.19973012176478874,0.46725749149619694,17.156910921329743,0.0,0.01,0.001183130729845503,0.0,0.0
sensor_noise,LQR,1,0.3506953158771136,1.0035943033876003,26.74030969906782,0.0,0.005,0.0011378326313792016,0.0,0.0
sensor_noise,LQR,2,0.20515674922073007,0.7984070323522111,10.831373695585144,0.0,0.02,0.0014597337550491794,0.0,0.0
sensor_noise,LQR,3,0.381700725022786,1.1184654051402665,28.87392403691808,0.0,0.008333333333333333,0.0010587946517057456,0.0,0.0
sensor_noise,LQR,4,0.25877991083373997,0.9808516402820756,7.086924676841976,0.0,0.028333333333333332,0.001567255171725585,0.0,0.0
sensor_noise,LQR,5,0.4785401102858054,1.2445676539125323,34.561745401336125,0.0,0.04,0.0017724355665921336,0.0,0.0
sensor_noise,LQR,6,0.17380073136448773,0.44668377190150566,9.966956053467506,0.0,0.023333333333333334,0.0017076798639181982,0.0,0.0
sensor_noise,LQR,7,0.3022563823145363,0.8015662022737813,25.34191096298435,0.0,0.016666666666666666,0.0014406543028816115,0.0,0.0
sensor_noise,LQR,8,0.4198439951770753,1.150244734462615,33.904157497465064,0.0,0.023333333333333334,0.0015192958831300952,0.0,0.0
sensor_noise,LQR,9,0.15759767844451794,0.4262669698140975,11.650045479152991,0.0,0.015,0.0010831150971276355,0.0,0.0
sensor_noise,LQR,10,0.2383408708305501,0.900804794709496,8.74598913875028,0.0,0.006666666666666667,0.0009938079686105984,0.0,0.0
sensor_noise,LQR,11,0.13863838985100893,0.2363413891904113,7.9547473088607195,0.0,0.02666666666666667,0.001633679207274919,0.0,0.0
sensor_noise,LQR,12,0.18399247151630085,0.43334613516182746,14.547915318021715,0.0,0.005,0.0011031614049158295,0.0,0.0
sensor_noise,LQR,13,0.19910760246552892,0.4591581112830715,18.557367570419416,0.0,0.016666666666666666,0.0014073725167661963,0.0,0.0
sensor_noise,LQR,14,0.23204839123746365,0.6134887775689591,18.9776150296374,0.0,0.008333333333333333,0.0010231230805636776,0.0,0.0
sensor_noise,LQR,15,0.17291422426065636,0.5315201791880481,6.593610976076046,0.0,0.0016666666666666668,0.0011578183677787095,0.0,0.0
sensor_noise,LQR,16,0.23161178135213986,0.6185562863919057,19.201916359678822,0.0,0.013333333333333334,0.0011358531388105948,0.0,0.0
sensor_noise,LQR,17,0.1828399885964509,0.41084809612518663,14.71869318006766,0.0,0.016666666666666666,0.0011713777460852315,0.0,0.0
sensor_noise,LQR,18,0.13713597458508453,0.2023351768537724,13.539424911988519,0.0,0.015,0.0012747813906492523,0.0,0.0
sensor_noise,LQR,19,0.18195381377099082,0.4005482631502148,20.58081184406437,0.0,0.03333333333333333,0.0014875647401058343,0.0,0.0
sensor_noise,LQR,20,0.3741808222973719,1.076610919238439,26.636930863240092,0.0,0.013333333333333334,0.0012692938918185167,0.0,0.0
sensor_noise,LQR,21,0.25555176562992477,0.90801562603107,6.768661516939124,0.0,0.023333333333333334,0.0015574183503705124,0.0,0.0
sensor_noise,LQR,22,0.28304083901501015,0.6756444138953793,23.082222341799447,0.0,0.03666666666666667,0.0017819503957387712,0.0,0.0
sensor_noise,LQR,23,0.39986849059377816,1.0817594920628673,31.28629385368743,0.0,0.021666666666666667,0.0014256619328643267,0.0,0.0
sensor_noise,LQR,24,0.21028346387639468,0.7452248547525331,6.759933802113933,0.0,0.03666666666666667,0.0017432263865038856,0.0,0.0
sensor_noise,LQR,25,0.15092232663201838,0.331754750835071,12.671776876552373,0.0,0.006666666666666667,0.0010540997406402431,0.0,0.0
sensor_noise,LQR,26,0.4086956966872692,1.0486461442473927,33.291498611686045,0.0,0.04,0.0018776754078823484,0.0,0.0
sensor_noise,LQR,27,0.2105933743873646,0.740845207028976,6.915611935923507,0.0,0.021666666666666667,0.0015291730286281498,0.0,0.0
sensor_noise,LQR,28,0.17218406328068497,0.6134229183048565,8.584246925388335,0.0,0.02666666666666667,0.0015986177508801054,0.0,0.0
sensor_noise,LQR,29,0.36504995962425446,0.9880238303287852,22.416919232031578,0.0,0.04,0.0016071821045593741,0.0,0.0
sensor_noise,LQR,30,0.2281174273318946,0.6135854199482641,18.789599323580113,0.0,0.0033333333333333335,0.0010407773211675558,0.0,0.0
sensor_noise,LQR,31,0.2576295378402144,0.6861488916299211,19.521486538720552,0.0,0.02,0.001325691889293253,0.0,0.0
sensor_noise,LQR,32,0.24934736292575976,0.6786248774285868,20.98467088268617,0.0,0.01,0.0009747246863592966,0.0,0.0
sensor_noise,LQR,33,0.18469631455909294,0.39254630514522554,15.016894712954374,0.0,0.006666666666666667,0.0010469615696309985,0.0,0.0
sensor_noise,LQR,34,0.3277741832373302,0.9647780175849038,26.213854651770028,0.0,0.015,0.0010420171672595674,0.0,0.0
sensor_noise,LQR,35,0.1359226035234769,0.2513946741042788,9.95155829774154,0.0,0.011666666666666667,0.0011063725968384795,0.0,0.0
sensor_noise,LQR,36,0.17068167061519976,0.617471739362925,12.342783058223368,0.0,0.04666666666666667,0.0018642775702453845,0.0,0.0
sensor_noise,LQR,37,0.23747338514903535,0.6151877656172572,20.078412113967115,0.0,0.0,0.0009995939539123816,0.0,0.0
sensor_noise,LQR,38,0.15764898979514747,0.5203343768254673,10.530344385746876,0.0,0.028333333333333332,0.0011669927168760452,0.0,0.0
sensor_noise,LQR,39,0.16234237591469483,0.3864527400483413,12.354316750709668,0.0,0.008333333333333333,0.001001395753141109,0.0,0.0
sensor_noise,LQR,40,0.1533895215892482,0.5078739714281778,7.560991508921738,0.0,0.018333333333333333,0.0013663918269072003,0.0,0.0
sensor_noise,LQR,41,0.17588157742602512,0.5435296325564057,7.615136655713217,0.0,0.011666666666666667,0.001068439251204317,0.0,0.0
sensor_noise,LQR,42,0.4715960477183361,1.3204317139639832,37.705303396801014,0.0,0.023333333333333334,0.001379473854474157,0.0,0.0
sensor_noise,LQR,43,0.38558000037227963,1.1253400126561774,29.097216937746097,0.0,0.011666666666666667,0.0010824529705127331,0.0,0.0
sensor_noise,LQR,44,0.1909612695219859,0.5104108572457771,14.069013264827161,0.0,0.016666666666666666,0.0011004159873109804,0.0,0.0
sensor_noise,LQR,45,0.15251308787139153,0.4477455315389357,10.995496329907034,0.0,0.01,0.0010643326082394506,0.0,0.0
sensor_noise,LQR,46,0.2734915251092213,0.7086742208690254,26.745859051606438,0.0,0.021666666666666667,0.0015527570511246445,0.0,0.0
sensor_noise,LQR,47,0.21529587712194517,0.7433585042106303,6.732364372714061,0.0,0.04,0.0015049609278213914,0.0,0.0
sensor_noise,LQR,48,0.2886714778482018,0.9756312304133995,9.119615884287377,0.0,0.015,0.0011160162663579481,0.0,0.0
sensor_noise,LQR,49,0.1667347322054797,0.331626971015897,13.429041133479487,0.0,0.03,0.0015014652902589397,0.0,0.0
sensor_noise,LQR,50,0.2884542848767047,0.7115790906639686,26.908960763474838,0.0,0.045,0.001827765213942701,0.0,0.0
sensor_noise,LQR,51,0.14008187296206667,0.3712988248589359,8.115230058358595,0.0,0.01,0.0010272920318645192,0.0,0.0
sensor_noise,LQR,52,0.16775053317991603,0.6021447047475357,11.098333034536722,0.0,0.03833333333333333,0.0017281950955082047,0.0,0.0
sensor_noise,LQR,53,0.4050419417136309,1.1549743237554064,30.000977910108254,0.0,0.016666666666666666,0.0011069626593459491,0.0,0.0
sensor_noise,LQR,54,0.14056889249550383,0.35484784248519846,10.782729770842838,0.0,0.008333333333333333,0.0009778382357767752,0.0,0.0
sensor_noise,LQR,55,0.2649872531260238,0.6756207106176212,17.167493936583035,0.0,0.03166666666666667,0.001611440813202705,0.0,0.0
sensor_noise,LQR,56,0.3181484830276939,0.9416286814382819,24.04767780348275,0.0,0.008333333333333333,0.000995690370501795,0.0,0.0
sensor_noise,LQR,57,0.1501360664559076,0.308714599916023,16.70118677544469,0.0,0.03333333333333333,0.00146099983039265,0.0,0.0
sensor_noise,LQR,58,0.20667627132020644,0.4935512287777128,21.946642365725992,0.0,0.018333333333333333,0.0013782343648446032,0.0,0.0
sensor_noise,LQR,59,0.22605594769783383,0.5248910852200289,15.112852503414842,0.0,0.025,0.0014827312981599136,0.0,0.0
sensor_noise,LQR,60,0.19542375893582814,0.4938143519217983,14.616189489773998,0.0,0.016666666666666666,0.0010810504326653476,0.0,0.0
sensor_noise,LQR,61,0.19062858723651516,0.4232785863199807,17.535440986909133,0.0,0.03666666666666667,0.0015657098079189804,0.0,0.0
sensor_noise,LQR,62,0.27526637959998557,0.8943922108365504,6.973492776055307,0.0,0.03166666666666667,0.0016572577556292463,0.0,0.0
sensor_noise,LQR,63,0.20892272905417753,0.8003956640112662,7.133859835470147,0.0,0.0033333333333333335,0.0010634169613619653,0.0,0.0
sensor_noise,LQR,64,0.2691449002972399,0.7882255041793287,15.158798679827205,0.0,0.028333333333333332,0.001674295991504846,0.0,0.0
sensor_noise,LQR,65,0.16356646349001328,0.4535393842277279,11.964609455082847,0.0,0.013333333333333334,0.0009719872183364118,0.0,0.0
sensor_noise,LQR,66,0.1790700999356234,0.5548307686050734,7.699766527059151,0.0,0.045,0.0019119656971703328,0.0,0.0
sensor_noise,LQR,67,0.29682702745778483,0.7535041400067418,20.129417885625532,0.0,0.04,0.0018076579368759434,0.0,0.0
sensor_noise,LQR,68,0.15146709148214008,0.25869106164601174,14.261371866531137,0.0,0.0,0.0010880163855981463,0.0,0.0
sensor_noise,LQR,69,0.2741518419218539,0.8182671439882673,9.284739078373873,0.0,0.028333333333333332,0.0016528379185900117,0.0,0.0
sensor_noise,LQR,70,0.1546567276938309,0.29193943702806247,16.017726213077584,0.0,0.025,0.0014594682213462417,0.0,0.0
sensor_noise,LQR,71,0.1488244477779436,0.4450861383759701,6.599532616064692,0.0,0.005,0.0010788608407514206,0.0,0.0
sensor_noise,LQR,72,0.3643424137284159,1.0807134572955228,27.208500707233746,0.0,0.011666666666666667,0.001148855511309532,0.0,0.0
sensor_noise,LQR,73,0.16637839574642554,0.3144919393743294,14.31173454169967,0.0,0.016666666666666666,0.0010153379796462377,0.0,0.0
sensor_noise,LQR,74,0.3459350698891341,1.0365151302670437,25.49698583764264,0.0,0.0033333333333333335,0.0009569969598460746,0.0,0.0
sensor_noise,LQR,75,0.19967471007060886,0.7314010074815112,6.628271165031377,0.0,0.005,0.0010824085124266436,0.0,0.0
sensor_noise,LQR,76,0.1698409840467513,0.3871425950059037,14.808651527983253,0.0,0.008333333333333333,0.0010134010818536974,0.0,0.0
sensor_noise,LQR,77,0.24911203552307068,0.8322246734219121,6.392285084467886,0.0,0.02,0.0012719516120093851,0.0,0.0
sensor_noise,LQR,78,0.3624658062902272,1.0139275697911527,27.15928635789211,0.0,0.01,0.0011881156605279453,0.0,0.0
sensor_noise,LQR,79,0.2587532288461022,0.6730550958040672,21.504831297707174,0.0,0.025,0.0009736306825714021,0.0,0.0
sensor_noise,LQR,80,0.39208448918991495,1.076214658544447,31.54197322389274,0.0,0.018333333333333333,0.0013942663639492012,0.0,0.0
sensor_noise,LQR,81,0.16759894405165204,0.6109474377926456,9.706026874595688,0.0,0.016666666666666666,0.0012269442346415703,0.0,0.0
sensor_noise,LQR,82,0.298930925866388,0.7906533248722523,20.32892853695024,0.0,0.03333333333333333,0.0015886424488788004,0.0,0.0
sensor_noise,LQR,83,0.28216830572425156,0.7287893048931091,26.640714495887043,0.0,0.03,0.0014642720525439444,0.0,0.0
sensor_noise,LQR,84,0.2589302007522521,0.9941455596508433,11.163582911015574,0.0,0.006666666666666667,0.0009609116437437347,0.0,0.0
sensor_noise,LQR,85,0.24520302209414543,0.6172733082616525,17.704065921396804,0.0,0.018333333333333333,0.0014477964430722986,0.0,0.0
sensor_noise,LQR,86,0.3470385124651587,0.9542750685074286,28.53876758820885,0.0,0.025,0.0014422332918372532,0.0,0.0
sensor_noise,LQR,87,0.35688623968587974,1.013224370710532,26.90342517840666,0.0,0.011666666666666667,0.0011395439448359105,0.0,0.0
sensor_noise,LQR,88,0.20846003728435217,0.5098122949218582,21.039798736095086,0.0,0.023333333333333334,0.001320222806633436,0.0,0.0
sensor_noise,LQR,89,0.33422615557406543,0.9366661701866932,23.381490128601694,0.0,0.025,0.0013569596523529603,0.0,0.0
sensor_noise,LQR,90,0.17633111952508854,0.5976467719981693,8.011581005002455,0.0,0.013333333333333334,0.0011195147012317997,0.0,0.0
sensor_noise,LQR,91,0.19910757325122502,0.4855865706506951,22.4785286777957,0.0,0.028333333333333332,0.001722326207670774,0.0,0.0
sensor_noise,LQR,92,0.18103839519086584,0.4094466889845029,12.983421051440711,0.0,0.03666666666666667,0.0016731823429586435,0.0,0.0
sensor_noise,LQR,93,0.351941906213861,1.0218057245920074,25.255536351974545,0.0,0.0033333333333333335,0.0009713129853783142,0.0,0.0
sensor_noise,LQR,94,0.1691519904587015,0.5812890863144307,6.678223246704699,0.0,0.008333333333333333,0.0010780103817093851,0.0,0.0
sensor_noise,LQR,95,0.2926161850652401,0.8118837629863586,11.344221963714306,0.0,0.03666666666666667,0.0015755681452025055,0.0,0.0
sensor_noise,LQR,96,0.1769178951613401,0.38087319436379147,16.479907753001264,0.0,0.005,0.0011418583117766411,0.0,0.0
sensor_noise,LQR,97,0.3032894169578613,0.8045294130233368,27.266421184214654,0.0,0.021666666666666667,0.0014507777686190262,0.0,0.0
sensor_noise,LQR,98,0.2992294048839731,0.7554845778402673,28.01115163718521,0.0,0.04,0.0017807100974626192,0.0,0.0
sensor_noise,LQR,99,0.21369423872820884,0.8515609454271008,10.177327558905153,0.0,0.04,0.001772829011988239,0.0,0.0
sensor_noise,LMPC-H40,0,0.11552269626104249,0.38521386421778686,20.546855562622163,0.0,0.075,0.002356573637293465,0.0,0.0
sensor_noise,LMPC-H40,1,0.2979711051649174,1.0150654559525187,39.102250099922266,0.0,0.08166666666666667,0.0028868950360681988,0.0,0.0
sensor_noise,LMPC-H40,2,0.16014295339926393,0.7984070323522111,12.708297622657351,0.0,0.115,0.0029153210467165688,0.0,0.0
sensor_noise,LMPC-H40,3,0.32271919204531413,1.1297670428798594,43.94688143229857,0.0,0.09166666666666666,0.002870681339771257,0.0,0.0
sensor_noise,LMPC-H40,4,0.21849567804604372,0.9808516402820756,10.723284779251065,0.0,0.13833333333333334,0.0028664460588630003,0.0,0.0
sensor_noise,LMPC-H40,5,96.66350222064284,242.37443605618904,114.59078295416721,1.0,0.955,0.024784488350939767,0.0,0.0
sensor_noise,LMPC-H40,6,0.11077451268445411,0.44668377190150566,11.830058662153093,0.0,0.17166666666666666,0.003407001942832873,0.0,0.0
sensor_noise,LMPC-H40,7,0.24742061049956032,0.7982715823816557,41.1515607735798,0.0,0.09666666666666666,0.002878904710747576,0.0,0.0
sensor_noise,LMPC-H40,8,0.3661147296214745,1.1668707213892915,55.60782919185818,0.0,0.09333333333333334,0.0031376356725208976,0.0,0.0
sensor_noise,LMPC-H40,9,0.09014133077280334,0.4262669698140975,14.030995679084334,0.0,0.10166666666666667,0.0025134454337237375,0.0,0.0
sensor_noise,LMPC-H40,10,0.18978492889427087,0.900731303626985,12.096359687819875,0.0,0.08166666666666667,0.002498713428012394,0.0,0.0
sensor_noise,LMPC-H40,11,0.054434873736108405,0.2363413891904113,9.591081284275015,0.0,0.12666666666666668,0.0032729035492360253,0.0,0.0
sensor_noise,LMPC-H40,12,0.12480617892923865,0.43334613516182746,18.264313382896866,0.0,0.09333333333333334,0.002567436189663515,0.0,0.0
sensor_noise,LMPC-H40,13,0.14718060353765453,0.4629137555108045,27.04897013260592,0.0,0.09166666666666666,0.0029009819232395082,0.0,0.0
sensor_noise,LMPC-H40,14,0.16822432978642743,0.6001721992987512,26.695676922555833,0.0,0.06,0.002261655649757031,0.0,0.0
sensor_noise,LMPC-H40,15,0.1045484303437583,0.5305834315393005,5.924133869537539,0.0,0.07666666666666666,0.0026921639407989097,0.0,0.0
sensor_noise,LMPC-H40,16,0.1723472134690097,0.6163690633108662,27.153870686014578,0.0,0.08,0.0024677307759699424,0.0,0.0
sensor_noise,LMPC-H40,17,0.10891677848596794,0.39022446215593254,20.507121677717464,0.0,0.08666666666666667,0.00240482060471607,0.0,0.0
sensor_noise,LMPC-H40,18,0.05316987519001851,0.19944853462321646,15.152714200835915,0.0,0.08166666666666667,0.002619301170875825,0.0,0.0
sensor_noise,LMPC-H40,19,0.13038616288882326,0.41752138157553564,33.73532871128901,0.0,0.1,0.0028357288051499728,0.0,0.0
sensor_noise,LMPC-H40,20,0.29866883688655516,1.0454493248743064,39.89312242156463,0.0,0.07333333333333333,0.0024630187568491684,0.0,0.0
sensor_noise,LMPC-H40,21,0.21010567911323963,0.90801562603107,11.064763016206939,0.0,0.11333333333333333,0.0030999746136907568,0.0,0.0
sensor_noise,LMPC-H40,22,0.24298136337589593,0.7036101388364449,103.35866938981854,1.0,0.15333333333333332,0.004173165574633183,0.0,0.0
sensor_noise,LMPC-H40,23,0.3527118852424381,1.107488884253007,54.917193144475156,0.0,0.10333333333333333,0.00280671037182605,0.0,0.0
sensor_noise,LMPC-H40,24,0.1872078985183042,0.7452248547525331,37.76278163470716,0.0,0.155,0.003400036874364297,0.0,0.0
sensor_noise,LMPC-H40,25,0.07529376744714154,0.3311360546085204,14.488797804808385,0.0,0.08333333333333333,0.002612022568441247,0.0,0.0
sensor_noise,LMPC-H40,26,57.14458104519687,136.08882752423733,178.3019982404309,1.0,0.9883333333333333,0.025854481320594265,0.0,0.0
sensor_noise,LMPC-H40,27,0.15906855445959028,0.740845207028976,9.701364273607732,0.0,0.12333333333333334,0.0030745847008133336,0.0,0.0
sensor_noise,LMPC-H40,28,0.11749369430441234,0.6134229183048565,30.306027738725742,0.0,0.13833333333333334,0.0030834629498523655,0.0,0.0
sensor_noise,LMPC-H40,29,0.31525155299973656,0.9879847120285679,74.61908955420567,0.0,0.135,0.0029840074166557168,0.0,0.0
sensor_noise,LMPC-H40,30,0.178254155088869,0.6173156876614299,25.6169787777664,0.0,0.085,0.002587652281301512,0.0,0.0
sensor_noise,LMPC-H40,31,0.19981262020649043,0.6725693179531805,28.582403159470125,0.0,0.08666666666666667,0.0026232369755313425,0.0,0.0
sensor_noise,LMPC-H40,32,0.20168772337725563,0.6898874402701263,28.2088470294786,0.0,0.08333333333333333,0.0022325475866188803,0.0,0.0
sensor_noise,LMPC-H40,33,0.12125548248713663,0.3863426130194014,20.358034702217054,0.0,0.06333333333333334,0.002676104242441656,0.0,0.0
sensor_noise,LMPC-H40,34,0.26817197932360554,0.969723710299869,38.29027093151628,0.0,0.06,0.0025736843700381222,0.0,0.0
sensor_noise,LMPC-H40,35,0.03824977109054061,0.25044143809841607,9.875623329609448,0.0,0.08333333333333333,0.002039492141605509,0.0,0.0
sensor_noise,LMPC-H40,36,0.13449870253555496,0.617471739362925,51.295681247637596,0.0,0.165,0.0036502661572013293,0.0,0.0
sensor_noise,LMPC-H40,37,0.1705889418992708,0.5868891503894345,27.043973542088633,0.0,0.06333333333333334,0.002202191030046363,0.0,0.0
sensor_noise,LMPC-H40,38,0.08325175536032946,0.5203343768254673,11.980956288670203,0.0,0.09833333333333333,0.0025830434833150205,0.0,0.0
sensor_noise,LMPC-H40,39,0.09632897286507688,0.3864527400483413,16.35381232919971,0.0,0.07666666666666666,0.002489566478964487,0.0,0.0
sensor_noise,LMPC-H40,40,0.09437754754649419,0.5078739714281778,8.344614250356411,0.0,0.10166666666666667,0.00262537349633876,0.0,0.0
sensor_noise,LMPC-H40,41,0.10399398343195501,0.5432439385479892,8.253244790010852,0.0,0.09166666666666666,0.0024743921677817227,0.0,0.0
sensor_noise,LMPC-H40,42,0.40072424244289795,1.3243077554036755,60.400730098301835,0.0,0.07833333333333334,0.0028947438386731955,0.0,0.0
sensor_noise,LMPC-H40,43,0.3030407694080478,1.0947705414114393,42.25468670923201,0.0,0.08,0.0025050400847713727,0.0,0.0
sensor_noise,LMPC-H40,44,0.13756548098768434,0.5104108572457771,18.548140000980364,0.0,0.09166666666666666,0.002663375941518042,0.0,0.0
sensor_noise,LMPC-H40,45,0.06934262701427285,0.4477455315389357,11.656951726060907,0.0,0.07,0.002647627511748652,0.0,0.0
sensor_noise,LMPC-H40,46,0.22198730725855523,0.7258104452635761,49.86246048435483,0.0,0.125,0.003183741075410393,0.0,0.0
sensor_noise,LMPC-H40,47,0.1648180865893048,0.7433585042106303,8.282512545762119,0.0,0.11833333333333333,0.0028466344868004283,0.0,0.0
sensor_noise,LMPC-H40,48,0.22159852794910892,0.9746534123161875,13.278856184698189,0.0,0.08333333333333333,0.002400281289314485,0.0,0.0
sensor_noise,LMPC-H40,49,0.10989397028241076,0.3270945042001608,20.32901621175134,0.0,0.10666666666666667,0.0028416194467492657,0.0,0.0
sensor_noise,LMPC-H40,50,0.24320292092355425,0.772484972959474,96.47147621587467,1.0,0.165,0.003884166331253763,0.0,0.0
sensor_noise,LMPC-H40,51,0.0626307949462333,0.3712868014457095,7.498512670217409,0.0,0.06333333333333334,0.0021470170114439554,0.0,0.0
sensor_noise,LMPC-H40,52,0.11014975421357144,0.6021447047475357,22.88355553104092,0.0,0.125,0.0032356453850602017,0.0,0.0
sensor_noise,LMPC-H40,53,0.35571758717040497,1.1778034487222466,45.36188749142943,0.0,0.09333333333333334,0.002768398042707354,0.0,0.0
sensor_noise,LMPC-H40,54,0.06327188840468784,0.35465032988357614,13.345043047965692,0.0,0.06666666666666667,0.0024401004973522563,0.0,0.0
sensor_noise,LMPC-H40,55,0.21946208755836166,0.6756207106176212,46.71061564476114,0.0,0.14666666666666667,0.0030063144200033797,0.0,0.0
sensor_noise,LMPC-H40,56,0.27736163761956445,0.9548795927436238,34.35057643778598,0.0,0.08333333333333333,0.0025306486851240126,0.0,0.0
sensor_noise,LMPC-H40,57,0.09926395271066789,0.308714599916023,23.817306802215512,0.0,0.10666666666666667,0.002769007031444965,0.0,0.0
sensor_noise,LMPC-H40,58,0.16032961566363035,0.514277872058788,33.01078031484987,0.0,0.07833333333333334,0.0027383579475651278,0.0,0.0
sensor_noise,LMPC-H40,59,0.17499646694998194,0.5248910852200289,40.22000750731816,0.0,0.12,0.002883436147969596,0.0,0.0
sensor_noise,LMPC-H40,60,0.13652392020540344,0.4938143519217983,19.137393318099186,0.0,0.09666666666666666,0.002572184324965263,0.0,0.0
sensor_noise,LMPC-H40,61,0.1367286232739356,0.4285045843375334,28.233813638995812,0.0,0.11833333333333333,0.0031148461987356288,0.0,0.0
sensor_noise,LMPC-H40,62,0.22807193663709507,0.8943922108365504,47.419755181701504,0.0,0.12666666666666668,0.003054801933473275,0.0,0.0
sensor_noise,LMPC-H40,63,0.16001762914425718,0.8002982938323601,10.7954184577172,0.0,0.08,0.002520665668853069,0.0,0.0
sensor_noise,LMPC-H40,64,0.22625136743336646,0.7882255041793287,37.89876370953705,0.0,0.15833333333333333,0.003312970391129275,0.0,0.0
sensor_noise,LMPC-H40,65,0.10038000857412603,0.4535393842277279,14.783533176451854,0.0,0.08,0.002345078389720688,0.0,0.0
sensor_noise,LMPC-H40,66,0.14089273566967248,0.5548307686050734,41.87390444365652,0.0,0.175,0.003604449063200385,0.0,0.0
sensor_noise,LMPC-H40,67,0.2619936409515792,0.7535041400067418,95.89504148709696,1.0,0.145,0.0040641553548754,0.0,0.0
sensor_noise,LMPC-H40,68,0.07061261445290154,0.23891215491384843,17.788263059990136,0.0,0.06,0.002346275589152417,0.0,0.0
sensor_noise,LMPC-H40,69,0.22446785248071807,0.8182671439882673,26.369518899477978,0.0,0.13,0.0032765699799355862,0.0,0.0
sensor_noise,LMPC-H40,70,0.09676857088445168,0.30676352844217136,22.116293296113557,0.0,0.10833333333333334,0.0028886408401527204,0.0,0.0
sensor_noise,LMPC-H40,71,0.07529724014206979,0.4444660630557177,6.541220234921203,0.0,0.08333333333333333,0.0024646938360689628,0.0,0.0
sensor_noise,LMPC-H40,72,0.2784410088511149,1.0535929953487773,41.28798385085883,0.0,0.056666666666666664,0.002396412484524522,0.0,0.0
sensor_noise,LMPC-H40,73,0.09349177974647643,0.29998182134773105,18.332011055125697,0.0,0.08666666666666667,0.0023184577284626516,0.0,0.0
sensor_noise,LMPC-H40,74,0.27107034012344033,1.0229807244265914,38.80651787198064,0.0,0.055,0.002082424873123137,0.0,0.0
sensor_noise,LMPC-H40,75,0.14234297868464735,0.7310602483019458,7.68345605255328,0.0,0.08666666666666667,0.002782170447478726,0.0,0.0
sensor_noise,LMPC-H40,76,0.10868907240062767,0.3871425950059037,19.828022973794805,0.0,0.085,0.0023787438497178005,0.0,0.0
sensor_noise,LMPC-H40,77,0.1881773092878714,0.8322246734219121,13.131302309502479,0.0,0.09,0.002512725104862173,0.0,0.0
sensor_noise,LMPC-H40,78,0.28357642355459783,0.9730970986845138,39.30821669491727,0.0,0.06166666666666667,0.002353803011014947,0.0,0.0
sensor_noise,LMPC-H40,79,0.20613540944603112,0.6744550777908844,30.514706436720203,0.0,0.075,0.0023594248420336084,0.0,0.0
sensor_noise,LMPC-H40,80,0.33941528884756245,1.0838036334783345,49.77982695519332,0.0,0.07166666666666667,0.0028597811966272943,0.0,0.0
sensor_noise,LMPC-H40,81,0.1139388099495152,0.6109474377926456,11.15377006577101,0.0,0.07333333333333333,0.0025128002896347324,0.0,0.0
sensor_noise,LMPC-H40,82,0.26041599283967076,0.791463635430565,33.08537190168132,0.0,0.11166666666666666,0.0031055056069673914,0.0,0.0
sensor_noise,LMPC-H40,83,0.23576025502706427,0.7562340021459509,50.64994874669872,0.0,0.10666666666666667,0.00277048887138152,0.0,0.0
sensor_noise,LMPC-H40,84,0.2126304541405754,0.9941044862815714,16.513276110268475,0.0,0.06333333333333334,0.0022843482531782113,0.0,0.0
sensor_noise,LMPC-H40,85,0.20027724993785948,0.6084774137566811,27.531356842961806,0.0,0.09833333333333333,0.002948820698508911,0.0,0.0
sensor_noise,LMPC-H40,86,0.26267210554157966,0.8844810846804579,39.21486950897147,0.0,0.09833333333333333,0.0028748469231584567,0.0,0.0
sensor_noise,LMPC-H40,87,0.2649779274681872,0.9462091604031363,37.45119536719629,0.0,0.07166666666666667,0.002284144115713035,0.0,0.0
sensor_noise,LMPC-H40,88,0.13520624937278158,0.4425279482194353,26.501841857308754,0.0,0.09333333333333334,0.002543437432892689,0.0,0.0
sensor_noise,LMPC-H40,89,0.2795593842688795,0.9268537920797105,35.60981286493209,0.0,0.09333333333333334,0.0027084144196868215,0.0,0.0
sensor_noise,LMPC-H40,90,0.10547277552627674,0.5976467719981693,8.011581005002455,0.0,0.09333333333333334,0.0026161016465952903,0.0,0.0
sensor_noise,LMPC-H40,91,0.1471510970261855,0.4855865706506951,80.67716645465013,0.0,0.125,0.00345179257414001,0.0,0.0
sensor_noise,LMPC-H40,92,0.1240392849776621,0.4094466889845029,39.64843047587027,0.0,0.13,0.0030324811556032903,0.0,0.0
sensor_noise,LMPC-H40,93,0.2933245156211932,1.0245282113308585,37.97462490467796,0.0,0.07333333333333333,0.0024489412990317642,0.0,0.0
sensor_noise,LMPC-H40,94,0.10659221732976074,0.5807196686244094,7.329791409078785,0.0,0.07833333333333334,0.0024914034007647735,0.0,0.0
sensor_noise,LMPC-H40,95,0.2339702366331499,0.8118837629863586,39.57867513758739,0.0,0.12,0.0029861856376326,0.0,0.0
sensor_noise,LMPC-H40,96,0.09087465986314969,0.307619600305805,19.306846400379182,0.0,0.08166666666666667,0.0024896147970901667,0.0,0.0
sensor_noise,LMPC-H40,97,0.24979318323743685,0.7999232992478205,42.099861457504154,0.0,0.10333333333333333,0.0029423050647896087,0.0,0.0
sensor_noise,LMPC-H40,98,0.2540804101946625,0.8151265870438892,98.31524262426768,1.0,0.145,0.004157130253647631,0.0,0.0
sensor_noise,LMPC-H40,99,0.1733648894973305,0.8515609454271008,33.92240318373346,0.0,0.175,0.003510817519383458,0.0,0.0
sensor_noise,PD+MLP+RTA,0,0.18715013873232622,0.5589695955289449,20.4733802575585,0.0,0.0,0.00025470132070910627,0.0,0.004705475051122421
sensor_noise,PD+MLP+RTA,1,0.3718717979300507,1.0987851926533843,32.09482957268358,0.0,0.0,0.00025208597826074274,0.0,0.004869545417507245
sensor_noise,PD+MLP+RTA,2,0.19921132424391474,0.7990441826962823,10.78795123465698,0.0,0.0,0.00031703073722659736,0.0,0.005026188515073679
sensor_noise,PD+MLP+RTA,3,0.4234546180412453,1.2543697844419655,36.009842584926794,0.0,0.0,0.00027511439854065737,0.0,0.004804229052822368
sensor_noise,PD+MLP+RTA,4,0.25080835795095907,0.981374804251744,9.753543660455225,0.0,0.0,0.00030811241876895087,0.0,0.004905272626892043
sensor_noise,PD+MLP+RTA,5,0.420007345220022,1.2377510531945048,27.497577535609334,0.0,0.0,0.00037777442750520316,0.0,0.004671541441464346
sensor_noise,PD+MLP+RTA,6,0.17924068169362603,0.5253987243908945,12.478287241830479,0.0,0.0,0.000336692129728507,0.0,0.004928624681096136
sensor_noise,PD+MLP+RTA,7,0.28734975621300424,0.834945187120669,24.62753999862034,0.0,0.0,0.0002938138891594024,0.0,0.004904524549826738
sensor_noise,PD+MLP+RTA,8,0.38719783643785954,1.14374828298325,32.56163465711856,0.0,0.0,0.0003005325862451929,0.0,0.004854839098012097
sensor_noise,PD+MLP+RTA,9,0.12192923079854644,0.4274289409869305,10.62827467046306,0.0,0.0,0.0002508637897161609,0.0,0.0049821112708929235
sensor_noise,PD+MLP+RTA,10,0.20296657260369017,0.9009480443493291,8.79768314961801,0.0,0.0,0.0002544824316634572,0.0,0.004951240246885209
sensor_noise,PD+MLP+RTA,11,0.11893105637727845,0.3264199386482562,9.508874099921522,0.0,0.0,0.0003104165908024269,0.0,0.004730214497643291
sensor_noise,PD+MLP+RTA,12,0.1649339832835568,0.4382681915169305,13.79217749239759,0.0,0.0,0.0002404284133174397,0.0,0.0049650169808322904
sensor_noise,PD+MLP+RTA,13,0.18172171123186523,0.5261844201735942,16.804901272345365,0.0,0.0,0.00029469726702478717,0.0,0.0047380257822552865
sensor_noise,PD+MLP+RTA,14,0.22880478760751627,0.6662996624140978,18.009126902648674,0.0,0.0,0.00025217541813953655,0.0,0.004894850886922796
sensor_noise,PD+MLP+RTA,15,0.12078451960015077,0.530874992202153,5.83336227623179,0.0,0.0,0.00026400423466917003,0.0,0.004860932274375038
sensor_noise,PD+MLP+RTA,16,0.2232642365334603,0.6576933870496424,17.21560067899123,0.0,0.0,0.0002456593749475972,0.0,0.005001991847895395
sensor_noise,PD+MLP+RTA,17,0.1527833869701764,0.43993564850498623,12.438470435761332,0.0,0.0,0.00026065152270012893,0.0,0.004745982486005179
sensor_noise,PD+MLP+RTA,18,0.09914647548426402,0.28016125314675816,15.62522898188833,0.0,0.0,0.0002777658491154264,0.0,0.004902685316689191
sensor_noise,PD+MLP+RTA,19,0.15626999198166464,0.42784048071446434,18.202024073838587,0.0,0.0,0.0003020592910457171,0.0,0.004815314436655984
sensor_noise,PD+MLP+RTA,20,0.37479366556638194,1.114120795823265,26.19949257849239,0.0,0.0,0.00027027081649010055,0.0,0.00486131807650387
sensor_noise,PD+MLP+RTA,21,0.24192375111859324,0.9084758811005083,6.213400136357635,0.0,0.0,0.0003018427184186103,0.0,0.004745446681678627
sensor_noise,PD+MLP+RTA,22,0.26083052903784887,0.7507445093165535,18.48228161634881,0.0,0.0,0.00036598512329548833,0.0,0.00468191795231134
sensor_noise,PD+MLP+RTA,23,0.37193046308954064,1.0928521234192725,29.82256615211786,0.0,0.0,0.00030951233960563833,0.0,0.004908780565579683
sensor_noise,PD+MLP+RTA,24,0.2158729038651687,0.7461107094489425,6.410025948352788,0.0,0.0,0.0003592067571953472,0.0,0.005002614049861807
sensor_noise,PD+MLP+RTA,25,0.10089936162245175,0.33243839171672135,12.37437180323598,0.0,0.0,0.0002430193164454112,0.0,0.004542099922308972
sensor_noise,PD+MLP+RTA,26,0.34814549710585296,1.0139947782998113,26.495088677355273,0.0,0.0,0.0003792481513439539,0.0,0.004783107794432416
sensor_noise,PD+MLP+RTA,27,0.1914263641835633,0.7413501012443477,8.508942752568442,0.0,0.0,0.00032153618135981034,0.0,0.004849772919534059
sensor_noise,PD+MLP+RTA,28,0.18877215197342748,0.6144741290756442,7.3751583419788,0.0,0.0,0.00036897575816823784,0.0,0.004898879134301467
sensor_noise,PD+MLP+RTA,29,0.3496403268372031,1.0603183256075555,23.48566935858631,0.0,0.0,0.0003607807562293668,0.0,0.004925444820126801
sensor_noise,PD+MLP+RTA,30,0.2150073206533826,0.6384026106497503,16.940189184526442,0.0,0.0,0.00023766959599473924,0.0,0.00477854569351641
sensor_noise,PD+MLP+RTA,31,0.24229935024616445,0.7256513093331913,17.850250061529515,0.0,0.0,0.00027462722729812563,0.0,0.0047468012641835545
sensor_noise,PD+MLP+RTA,32,0.2408120057387472,0.7066457882837556,18.02524858269262,0.0,0.0,0.0002606242270581085,0.0,0.004845464347166785
sensor_noise,PD+MLP+RTA,33,0.17782233563296168,0.5047636780863844,17.342519748488915,0.0,0.0,0.0002479345294013627,0.0,0.004759247470288974
sensor_noise,PD+MLP+RTA,34,0.3479796402491545,1.0206414057003217,23.820156498171475,0.0,0.0,0.0002532181796029725,0.0,0.004878208001372005
sensor_noise,PD+MLP+RTA,35,0.07153646237531525,0.25018748344282365,9.942505799573354,0.0,0.0,0.0002732501440049153,0.0,0.004959228180568996
sensor_noise,PD+MLP+RTA,36,0.18967489477051178,0.6186783631416287,9.801477018232227,0.0,0.0,0.0003818270872291965,0.0,0.004893353148375135
sensor_noise,PD+MLP+RTA,37,0.245396640520107,0.7210843057594614,22.935718997806937,0.0,0.0,0.0002521934114775922,0.0,0.004873220405798724
sensor_noise,PD+MLP+RTA,38,0.11805390826244622,0.5212762134772204,15.107816404717177,0.0,0.0,0.0002373530273234068,0.0,0.004911140495269347
sensor_noise,PD+MLP+RTA,39,0.1426961481742467,0.38775133503434306,15.144379775238027,0.0,0.0,0.0002408225611156165,0.0,0.004790664606711278
sensor_noise,PD+MLP+RTA,40,0.12877040569591716,0.5083886827793217,7.436862364209418,0.0,0.0,0.0003083832899500269,0.0,0.004815547042893136
sensor_noise,PD+MLP+RTA,41,0.12829501065348453,0.5440669789603635,8.039386091939885,0.0,0.0,0.0002735486711817211,0.0,0.004874326215703244
sensor_noise,PD+MLP+RTA,42,0.4485692811792964,1.332945059971957,37.743898929535824,0.0,0.0,0.0003396731814695636,0.0,0.005066558805868492
sensor_noise,PD+MLP+RTA,43,0.41734286116377967,1.2337954799324091,34.6719584760875,0.0,0.0,0.0002661501486441714,0.0,0.004650489266524044
sensor_noise,PD+MLP+RTA,44,0.1720735180759837,0.5114523993309356,14.490136975312328,0.0,0.0,0.0002418443018251824,0.0,0.004870395374135238
sensor_noise,PD+MLP+RTA,45,0.10095329459483295,0.44890741286488284,9.44652081669693,0.0,0.0,0.0002530015497416527,0.0,0.004647574194732353
sensor_noise,PD+MLP+RTA,46,0.2425789293149767,0.7103932396620005,24.852175075629376,0.0,0.0,0.0003012992251572589,0.0,0.00476409415632577
sensor_noise,PD+MLP+RTA,47,0.19760225524015615,0.7436870717228921,7.09049027548748,0.0,0.0,0.0003131829958785369,0.0,0.00490363832117965
sensor_noise,PD+MLP+RTA,48,0.2741580552902573,0.9751139005702513,11.075370043021925,0.0,0.0,0.00026841568750816133,0.0,0.004651771913195859
sensor_noise,PD+MLP+RTA,49,0.15486556140367014,0.4438719361063563,13.226742371438492,0.0,0.0,0.0003032519234803362,0.0,0.004854999390548256
sensor_noise,PD+MLP+RTA,50,0.25751243076421304,0.7305263938779809,21.27966092584448,0.0,0.0,0.00037910623652062214,0.0,0.0050955811123701965
sensor_noise,PD+MLP+RTA,51,0.08110710747263726,0.3709843201238738,9.809271340943878,0.0,0.0,0.00026019205581782797,0.0,0.004660977786200889
sensor_noise,PD+MLP+RTA,52,0.16762531495936722,0.6031006059402029,7.570605731994978,0.0,0.0,0.00034743368437089114,0.0,0.004883015418903439
sensor_noise,PD+MLP+RTA,53,0.4246627931884749,1.251243428169237,37.605914926338514,0.0,0.0,0.00028262948059451385,0.0,0.0049150548041561395
sensor_noise,PD+MLP+RTA,54,0.10429216687099283,0.3557345962363511,14.833851567056339,0.0,0.0,0.00024500005533711943,0.0,0.004761837443230574
sensor_noise,PD+MLP+RTA,55,0.2586676939465732,0.7679135614880058,16.8202999721383,0.0,0.0,0.0003468737674181647,0.0,0.004656452986064837
sensor_noise,PD+MLP+RTA,56,0.3189636104536216,0.9602817775889195,22.057400621388584,0.0,0.0,0.00023594805240595586,0.0,0.004712445829074949
sensor_noise,PD+MLP+RTA,57,0.1273055757701463,0.3219764529780337,14.555275232573765,0.0,0.0,0.0003160231746163303,0.0,0.004772696208085131
sensor_noise,PD+MLP+RTA,58,0.18246836634014996,0.5274924602683055,20.033815750047943,0.0,0.0,0.00030148577124116673,0.0,0.0049221556937679815
sensor_noise,PD+MLP+RTA,59,0.21938359980229885,0.6380111225117422,17.217407632702372,0.0,0.0,0.0003458823484739705,0.0,0.004724614582262207
sensor_noise,PD+MLP+RTA,60,0.1818236102335379,0.49493848549928354,15.629673904529982,0.0,0.0,0.00023798798089843872,0.0,0.00476366035714791
sensor_noise,PD+MLP+RTA,61,0.16910897064012792,0.49277222571611107,16.158660910504317,0.0,0.0,0.0003177973871734696,0.0,0.004910495121391046
sensor_noise,PD+MLP+RTA,62,0.2594590227491582,0.8948944068478446,6.567189314461572,0.0,0.0,0.0003543046284809775,0.0,0.004717935374241921
sensor_noise,PD+MLP+RTA,63,0.17440402069167288,0.8005868212244315,7.981748060439142,0.0,0.0,0.00026625481420058966,0.0,0.004995578231582533
sensor_noise,PD+MLP+RTA,64,0.27528365053456194,0.849803263897215,19.05000840771092,0.0,0.0,0.0003402086165107356,0.0,0.004641924077118028
sensor_noise,PD+MLP+RTA,65,0.1357658029929449,0.45474748350076044,14.03658843767212,0.0,0.0,0.00023992321102586298,0.0,0.004617131272140322
sensor_noise,PD+MLP+RTA,66,0.18584802989687005,0.569854243040372,7.702219993595538,0.0,0.0,0.0003833522718294786,0.0,0.004783451867832097
sensor_noise,PD+MLP+RTA,67,0.28697214430264617,0.8438276809889598,17.39816712124566,0.0,0.0,0.00037880968159498436,0.0,0.00482248288364486
sensor_noise,PD+MLP+RTA,68,0.10306552686310186,0.28026402729999683,12.227323649941644,0.0,0.0,0.00026233927821161834,0.0,0.004763895802348406
sensor_noise,PD+MLP+RTA,69,0.24080097975986392,0.8184968535627819,9.212617501542308,0.0,0.0,0.00034862923264952946,0.0,0.004840500755183653
sensor_noise,PD+MLP+RTA,70,0.12880336298720108,0.3550359468251929,14.668162723708972,0.0,0.0,0.00029849737359144586,0.0,0.0047168344840609515
sensor_noise,PD+MLP+RTA,71,0.0859255133247236,0.4451293036313327,5.573278277386422,0.0,0.0,0.0002647754826373448,0.0,0.004805190298970172
sensor_noise,PD+MLP+RTA,72,0.3615328030312917,1.1136704202950463,25.782793735774355,0.0,0.0,0.0002812541963023394,0.0,0.0049313945545757685
sensor_noise,PD+MLP+RTA,73,0.14487957349876832,0.41567292020467383,17.368084150027446,0.0,0.0,0.0002465552917435244,0.0,0.00486484268027285
sensor_noise,PD+MLP+RTA,74,0.3465825230880296,1.0623133711274175,24.11575065363993,0.0,0.0,0.0002668334511101242,0.0,0.004999523226411021
sensor_noise,PD+MLP+RTA,75,0.15642216145342278,0.731598848728046,6.55348847193872,0.0,0.0,0.00026635126609529365,0.0,0.004960775354943914
sensor_noise,PD+MLP+RTA,76,0.1619869602710689,0.44160476378940833,19.913410839360854,0.0,0.0,0.00024968109832493546,0.0,0.004632672377609858
sensor_noise,PD+MLP+RTA,77,0.21779769780623104,0.8321329827356856,7.439682446096543,0.0,0.0,0.0002889935644928247,0.0,0.005073101454241183
sensor_noise,PD+MLP+RTA,78,0.3577701544830175,1.065209080937546,29.021656046228305,0.0,0.0,0.00026662517398856405,0.0,0.004910375205452843
sensor_noise,PD+MLP+RTA,79,0.2787577514998685,0.8060301486720898,26.108454810583265,0.0,0.0,0.00024725478463189947,0.0,0.005051676583870578
sensor_noise,PD+MLP+RTA,80,0.3714810761272249,1.0975177383943189,31.164450845651334,0.0,0.0,0.0002898288839982087,0.0,0.004820171125718263
sensor_noise,PD+MLP+RTA,81,0.13160954411443856,0.6111765796451438,11.830856132839024,0.0,0.0,0.00027168249933106497,0.0,0.004888787998509554
sensor_noise,PD+MLP+RTA,82,0.28183969163771044,0.8446563075962171,19.68274765090392,0.0,0.0,0.00031510373175946537,0.0,0.004739458954768202
sensor_noise,PD+MLP+RTA,83,0.24652228826286512,0.7375364516415756,25.190048531727598,0.0,0.0,0.00032211129137740905,0.0,0.004706162619886981
sensor_noise,PD+MLP+RTA,84,0.22842493174077258,0.9941299131597173,11.197921583809425,0.0,0.0,0.0002702166957950596,0.0,0.004821249342683017
sensor_noise,PD+MLP+RTA,85,0.23560326170865256,0.6943564823603707,17.01380864070229,0.0,0.0,0.0002957112504084087,0.0,0.004656965938386302
sensor_noise,PD+MLP+RTA,86,0.34250383761002234,1.0159078610493404,30.895114813883158,0.0,0.0,0.0002888078412157315,0.0,0.0047254940705774365
sensor_noise,PD+MLP+RTA,87,0.36707985792071823,1.074844689159858,27.928322242846466,0.0,0.0,0.0002651559361378742,0.0,0.004944810187047985
sensor_noise,PD+MLP+RTA,88,0.19275062772557555,0.5910891380605064,24.34438482917518,0.0,0.0,0.00028307938061112963,0.0,0.0048803602432492795
sensor_noise,PD+MLP+RTA,89,0.32668968950392185,0.9775124572722002,22.25064514773508,0.0,0.0,0.0002912759279384191,0.0,0.0046895421606487925
sensor_noise,PD+MLP+RTA,90,0.13121816507827314,0.5986203395626337,7.979833588329376,0.0,0.0,0.0002449216389351021,0.0,0.0048702852532432886
sensor_noise,PD+MLP+RTA,91,0.19337662549071147,0.5002961418410046,17.30724166814861,0.0,0.0,0.00035617183727302426,0.0,0.004925125458190564
sensor_noise,PD+MLP+RTA,92,0.18359691465571118,0.5245269564264426,11.96873913289568,0.0,0.0,0.00035992572349515336,0.0,0.004852386692760973
sensor_noise,PD+MLP+RTA,93,0.3890650572214507,1.1356407824019963,31.05245506760642,0.0,0.0,0.0002528284844815052,0.0,0.004867544631428475
sensor_noise,PD+MLP+RTA,94,0.11597847987380118,0.5812242720110247,6.430312087301996,0.0,0.0,0.0002503457874343601,0.0,0.005015561746041607
sensor_noise,PD+MLP+RTA,95,0.25115637131463603,0.8120596119325677,11.253146321670421,0.0,0.0,0.000343431806659242,0.0,0.004949406763972985
sensor_noise,PD+MLP+RTA,96,0.15810412564992635,0.4672806152170041,17.942073504841208,0.0,0.0,0.00026538381556921915,0.0,0.004825955983048219
sensor_noise,PD+MLP+RTA,97,0.2829452783369061,0.8332378215269265,26.143929900047144,0.0,0.0,0.00030496114940726474,0.0,0.004960479970562021
sensor_noise,PD+MLP+RTA,98,0.26168492063214005,0.7371584355482659,21.62930605955101,0.0,0.0,0.00035655741510089514,0.0,0.004770140487396313
sensor_noise,PD+MLP+RTA,99,0.23854057695011505,0.852465706168206,7.211431908890871,0.0,0.0,0.00038035754731439075,0.0,0.005001757792293058
sensor_noise,PD+CeNN,0,0.1865585443489916,0.558411919121659,20.530624378210362,0.0,0.0,0.00025605918091921054,0.0,0.004870408162539631
sensor_noise,PD+CeNN,1,0.3714058497024392,1.098592686458079,32.146684059439686,0.0,0.0,0.0002547727042112556,0.0,0.005090362895647543
sensor_noise,PD+CeNN,2,0.19922811032595364,0.799045360261479,10.788550129004959,0.0,0.0,0.0003190369072809099,0.0,0.005292376046763692
sensor_noise,PD+CeNN,3,0.4231006719006924,1.2540628501391586,36.056982124458564,0.0,0.0,0.0002791430728606052,0.0,0.00504054766900851
sensor_noise,PD+CeNN,4,0.2505915725296442,0.981375758929529,9.905381749221155,0.0,0.0,0.00030973753509868783,0.0,0.0051294686469045185
sensor_noise,PD+CeNN,5,0.4193798102788513,1.2372740982048631,27.544738852548264,0.0,0.0,0.0003823306969923121,0.0,0.004884476390451155
sensor_noise,PD+CeNN,6,0.17869651275726398,0.5251910989083157,12.667041482804084,0.0,0.0,0.0003395083728802083,0.0,0.005192301895013343
sensor_noise,PD+CeNN,7,0.2869796612331922,0.8345074822179875,24.6963801215479,0.0,0.0,0.0002982739244048173,0.0,0.005134531935526239
sensor_noise,PD+CeNN,8,0.3865164101918172,1.1433629281424778,32.71068191068794,0.0,0.0,0.0003037982164781358,0.0,0.00507300374301503
sensor_noise,PD+CeNN,9,0.12092808257726279,0.4274264009123375,10.657550633148547,0.0,0.0,0.0002542736753429629,0.0,0.005240860691007646
sensor_noise,PD+CeNN,10,0.202645465913969,0.9009474272195392,8.798068539563273,0.0,0.0,0.00025690551423973845,0.0,0.005163988687583519
sensor_noise,PD+CeNN,11,0.11855155811663716,0.3267856189752638,9.677477044632221,0.0,0.0,0.0003134315650727054,0.0,0.0049799479026564845
sensor_noise,PD+CeNN,12,0.1644804799598633,0.43818148201251644,13.824386003753482,0.0,0.0,0.0002424353384327563,0.0,0.005188089959967241
sensor_noise,PD+CeNN,13,0.18074645199551756,0.5253044919367734,16.925589830769486,0.0,0.0,0.00029813803290788343,0.0,0.004958151077078525
sensor_noise,PD+CeNN,14,0.22796350258686499,0.6653148819465787,18.155102341111803,0.0,0.0,0.00025485340638088015,0.0,0.005127360455327575
sensor_noise,PD+CeNN,15,0.12046327012092274,0.530874031568629,5.83297565916856,0.0,0.0,0.0002660683584733577,0.0,0.005072971945437123
sensor_noise,PD+CeNN,16,0.22293215400859256,0.6576892147375926,17.360370793467965,0.0,0.0,0.00024752968931568523,0.0,0.005237156700720841
sensor_noise,PD+CeNN,17,0.15238887610053597,0.43959711443231597,12.536971075112454,0.0,0.0,0.00026270258392909786,0.0,0.004951881189380032
sensor_noise,PD+CeNN,18,0.09779834031706462,0.2792523223440277,15.681352352808085,0.0,0.0,0.00028074560790877475,0.0,0.005169625744975943
sensor_noise,PD+CeNN,19,0.15524141955497764,0.4262854766846149,18.295106366651567,0.0,0.0,0.0003047012365929828,0.0,0.0050569946454120055
sensor_noise,PD+CeNN,20,0.37434410710241794,1.113882687880975,26.23639749731448,0.0,0.0,0.0002737185670197751,0.0,0.0051107148446353935
sensor_noise,PD+CeNN,21,0.24176787807133324,0.908476670458572,6.237537160355373,0.0,0.0,0.0003044443158766425,0.0,0.005040976912255398
sensor_noise,PD+CeNN,22,0.2605511600605568,0.7510583627260364,18.539067763066786,0.0,0.0,0.00036812836935315766,0.0,0.0048668785721494605
sensor_noise,PD+CeNN,23,0.3712302627360707,1.0924613997634947,29.941858119191302,0.0,0.0,0.0003133694854377854,0.0,0.005116222038219115
sensor_noise,PD+CeNN,24,0.21541636532455477,0.7461118913529287,6.422750202745721,0.0,0.0,0.00036138132966129953,0.0,0.005252015131682341
sensor_noise,PD+CeNN,25,0.10006040446234954,0.33243610279118063,12.603958766883519,0.0,0.0,0.000244936796581519,0.0,0.004757572714758855
sensor_noise,PD+CeNN,26,0.34776842582776457,1.0135491847440457,26.567676095547675,0.0,0.0,0.00038404102418782086,0.0,0.005039864800355297
sensor_noise,PD+CeNN,27,0.19098142753276107,0.7413509302945047,8.625567504424243,0.0,0.0,0.00032476095723070274,0.0,0.005111422890044366
sensor_noise,PD+CeNN,28,0.18848411241693405,0.614475756697501,7.450829552033548,0.0,0.0,0.00037325777354146964,0.0,0.005221786320736503
sensor_noise,PD+CeNN,29,0.34903255670173433,1.060174036134439,23.61730693551814,0.0,0.0,0.00036582944186661114,0.0,0.005188375731674476
sensor_noise,PD+CeNN,30,0.2144874987680015,0.6381841991826612,17.01680810433655,0.0,0.0,0.00024005217731873488,0.0,0.005026112838268329
sensor_noise,PD+CeNN,31,0.24176688473878882,0.7255639395517496,17.891310341253313,0.0,0.0,0.00027746417396876414,0.0,0.004989487766493582
sensor_noise,PD+CeNN,32,0.24041300317149036,0.7065198332533403,18.10882253043771,0.0,0.0,0.0002660954122325169,0.0,0.0051205244700718204
sensor_noise,PD+CeNN,33,0.1772444001568827,0.504665393020479,17.414176618416022,0.0,0.0,0.0002502330136845372,0.0,0.004959112704788963
sensor_noise,PD+CeNN,34,0.34749042618841713,1.0204617375953997,23.886867684364677,0.0,0.0,0.0002572803777565034,0.0,0.0051151681939440525
sensor_noise,PD+CeNN,35,0.0709362671384295,0.25018594141723144,9.942015341913594,0.0,0.0,0.00027716034349581424,0.0,0.005263439121231724
sensor_noise,PD+CeNN,36,0.18942353650955565,0.6186798583484208,9.94756611339732,0.0,0.0,0.00038486693716279944,0.0,0.005145995631258356
sensor_noise,PD+CeNN,37,0.24491147975480115,0.7207536493236923,23.0177491106832,0.0,0.0,0.0002553490670515454,0.0,0.0050970651111424065
sensor_noise,PD+CeNN,38,0.11749160806179115,0.5212734783616113,15.207298112975156,0.0,0.0,0.00023950840560834014,0.0,0.005120688967345797
sensor_noise,PD+CeNN,39,0.14198353317365092,0.3877484335065997,15.21999778510983,0.0,0.0,0.00024393510410550064,0.0,0.005058744186653324
sensor_noise,PD+CeNN,40,0.12762558777433206,0.5083893660167214,7.587769000378175,0.0,0.0,0.00031321440240231506,0.0,0.005033296025355896
sensor_noise,PD+CeNN,41,0.128091399402565,0.544065058581523,8.03898615429351,0.0,0.0,0.0002765659854680776,0.0,0.0051086388188434214
sensor_noise,PD+CeNN,42,0.4479486113110607,1.3327542991253112,37.850512846566126,0.0,0.0,0.00034362742215774197,0.0,0.005247353867790841
sensor_noise,PD+CeNN,43,0.4167044151594897,1.2334946872991106,34.76654826379069,0.0,0.0,0.0002686625857692153,0.0,0.004768588108433479
sensor_noise,PD+CeNN,44,0.171701664802944,0.5114501569372711,14.53145860821157,0.0,0.0,0.0002455749844709234,0.0,0.005162071172680842
sensor_noise,PD+CeNN,45,0.10018650165342526,0.4489047124815382,9.442738631593159,0.0,0.0,0.0002564691580720082,0.0,0.00485551388891474
sensor_noise,PD+CeNN,46,0.2421340907126425,0.7097565922505511,24.89340551374409,0.0,0.0,0.0003044443950673484,0.0,0.004993543320171067
sensor_noise,PD+CeNN,47,0.19687635996602385,0.743687624795477,7.156639237570672,0.0,0.0,0.00031542875556229153,0.0,0.005109622010168943
sensor_noise,PD+CeNN,48,0.27390394905524523,0.9751126827229731,11.050959718312857,0.0,0.0,0.0002713521215716318,0.0,0.004912854111151783
sensor_noise,PD+CeNN,49,0.1542800170299558,0.4437601896505044,13.37912809356512,0.0,0.0,0.00030492826617281945,0.0,0.005067097677804514
sensor_noise,PD+CeNN,50,0.2565718262757984,0.7298705527998018,21.42877457410109,0.0,0.0,0.00038370042316688803,0.0,0.005372216064993618
sensor_noise,PD+CeNN,51,0.07983838285040783,0.37098388744908434,9.871514775827643,0.0,0.0,0.000262279284405916,0.0,0.004929496296462676
sensor_noise,PD+CeNN,52,0.16725565103857992,0.6031020322514677,7.719669096801497,0.0,0.0,0.0003513901759770408,0.0,0.005151169059309892
sensor_noise,PD+CeNN,53,0.42406462116503096,1.2509947102659267,37.68983879846285,0.0,0.0,0.0002865774870262726,0.0,0.005091828622626672
sensor_noise,PD+CeNN,54,0.10340034268776191,0.35573221627877527,14.892743710548304,0.0,0.0,0.0002475666484448916,0.0,0.004961632310290855
sensor_noise,PD+CeNN,55,0.25804119144243354,0.7676609264629636,16.909120937428465,0.0,0.0,0.0003504397706411844,0.0,0.0048759335059475216
sensor_noise,PD+CeNN,56,0.3187605557880016,0.9602482901086902,22.054632124939182,0.0,0.0,0.00023921070518852038,0.0,0.004973358142005102
sensor_noise,PD+CeNN,57,0.126558645081734,0.3215781448085805,14.632365025086862,0.0,0.0,0.00032035627533830765,0.0,0.005066635977974534
sensor_noise,PD+CeNN,58,0.18183064352112713,0.5270660077982448,20.0881856455597,0.0,0.0,0.0003045055135522301,0.0,0.005168164544518286
sensor_noise,PD+CeNN,59,0.21899986366123628,0.6378531956542262,17.27901055827093,0.0,0.0,0.00034848382855510963,0.0,0.004896489267679826
sensor_noise,PD+CeNN,60,0.1811368439146161,0.4949361667462056,15.681358450900387,0.0,0.0,0.00024078830520897932,0.0,0.005019728150555378
sensor_noise,PD+CeNN,61,0.16851735220149433,0.49210680745112173,16.204427015043983,0.0,0.0,0.0003207698873640701,0.0,0.0051239381740059535
sensor_noise,PD+CeNN,62,0.25930489380984867,0.8948952354753174,6.575566765292724,0.0,0.0,0.00035794022744419727,0.0,0.004978884419069588
sensor_noise,PD+CeNN,63,0.17407287103859537,0.8005860368193842,7.977594517081059,0.0,0.0,0.00026882507260224815,0.0,0.005218250103660029
sensor_noise,PD+CeNN,64,0.27514945544024466,0.8499124344665427,19.272507694275305,0.0,0.0,0.0003427691210966423,0.0,0.004817296018235562
sensor_noise,PD+CeNN,65,0.13507919725344217,0.45474450075108774,14.122643014081797,0.0,0.0,0.00024237976091175654,0.0,0.00485389535695988
sensor_noise,PD+CeNN,66,0.18550848094149097,0.569819790878239,7.70163374884455,0.0,0.0,0.0003869557504477579,0.0,0.004998099858040845
sensor_noise,PD+CeNN,67,0.2862643235181252,0.8435875290426416,17.450998861366404,0.0,0.0,0.0003829493876631276,0.0,0.005023607931603374
sensor_noise,PD+CeNN,68,0.10221564260598283,0.28007745742181184,12.308489127582101,0.0,0.0,0.0002649075402301406,0.0,0.005007911334299221
sensor_noise,PD+CeNN,69,0.24070063138312198,0.8184972321051086,9.21210020711334,0.0,0.0,0.0003524066371927337,0.0,0.005060534664813916
sensor_noise,PD+CeNN,70,0.12831453506671917,0.3547832221348068,14.66916380951287,0.0,0.0,0.0003000031677689778,0.0,0.004944643183306679
sensor_noise,PD+CeNN,71,0.08547510361300223,0.44512788546694043,5.630081903376275,0.0,0.0,0.0002682027165732458,0.0,0.005059783771454175
sensor_noise,PD+CeNN,72,0.36091018293395255,1.1136114415058154,25.89582800820813,0.0,0.0,0.00028491932207420125,0.0,0.005145468980311275
sensor_noise,PD+CeNN,73,0.14436951221959826,0.41510498809672136,17.414777781284652,0.0,0.0,0.0002495992998695659,0.0,0.005100007129665825
sensor_noise,PD+CeNN,74,0.3461418766070554,1.0621333607341956,24.353163901032186,0.0,0.0,0.00027025572598026923,0.0,0.005261074129605716
sensor_noise,PD+CeNN,75,0.1558942730779239,0.7315973386536025,6.634792886850918,0.0,0.0,0.00027119781128848646,0.0,0.005219762296651498
sensor_noise,PD+CeNN,76,0.16092599615923067,0.44085299157429325,19.979017269878725,0.0,0.0,0.00025139629208756266,0.0,0.0048069390254600825
sensor_noise,PD+CeNN,77,0.21762707230807674,0.8321328340933354,7.478988710937721,0.0,0.0,0.000292751288676878,0.0,0.005344250753766778
sensor_noise,PD+CeNN,78,0.35726281349526817,1.0650360321377363,29.119008470707634,0.0,0.0,0.0002699418648251924,0.0,0.005147007613817986
sensor_noise,PD+CeNN,79,0.27811900674644263,0.8055491082377544,26.18806463610801,0.0,0.0,0.0002501877504855517,0.0,0.00525722661814182
sensor_noise,PD+CeNN,80,0.3707054343533783,1.09683386917931,31.29919043106227,0.0,0.0,0.0002938284257688886,0.0,0.0049955637245990715
sensor_noise,PD+CeNN,81,0.13104118748759985,0.6111769106117735,11.941826787556064,0.0,0.0,0.00027404491348101813,0.0,0.00515310998583392
sensor_noise,PD+CeNN,82,0.28130649781057965,0.8443432828433628,19.809747365139824,0.0,0.0,0.0003183828050301744,0.0,0.004937702500394704
sensor_noise,PD+CeNN,83,0.24586465465374008,0.7368429119112779,25.33962725153318,0.0,0.0,0.0003272566882697035,0.0,0.004987398850131658
sensor_noise,PD+CeNN,84,0.2283082562086481,0.9941298416226223,11.198329035380134,0.0,0.0,0.0002732079278513876,0.0,0.005058950651751612
sensor_noise,PD+CeNN,85,0.23498574190459834,0.6940027268898037,17.08509134565694,0.0,0.0,0.0002989986647804757,0.0,0.004857010770357605
sensor_noise,PD+CeNN,86,0.34212086018139976,1.0158446611607779,30.999490145965527,0.0,0.0,0.00029183137556298207,0.0,0.004916701050208566
sensor_noise,PD+CeNN,87,0.36691839420841743,1.0750874281810727,28.00957925805891,0.0,0.0,0.0002692524439312143,0.0,0.00521416377412525
sensor_noise,PD+CeNN,88,0.19180435223828782,0.5896553470729731,24.434810466039572,0.0,0.0,0.0002859956487572158,0.0,0.005115414869509894
sensor_noise,PD+CeNN,89,0.3262051105906361,0.9774721478660026,22.322670125242848,0.0,0.0,0.00029608996360566014,0.0,0.004951020734276618
sensor_noise,PD+CeNN,90,0.13130425788245786,0.5986176518595407,7.979472351209099,0.0,0.0,0.0002474125427778356,0.0,0.005127832072248542
sensor_noise,PD+CeNN,91,0.19232473381613657,0.5003627418029413,17.49537991432594,0.0,0.0,0.00035921506664978543,0.0,0.005165742483352753
sensor_noise,PD+CeNN,92,0.18280842325242774,0.5240661962097943,12.130518702029455,0.0,0.0,0.0003638716061502848,0.0,0.005055336037798103
sensor_noise,PD+CeNN,93,0.38874073679317944,1.1358088761296627,31.16243872129687,0.0,0.0,0.00025686069820990247,0.0,0.0050976000625528395
sensor_noise,PD+CeNN,94,0.11511300306846493,0.581223046474058,6.4460409452335705,0.0,0.0,0.0002534318344503573,0.0,0.005242607961569688
sensor_noise,PD+CeNN,95,0.25084630397073693,0.8120599177039097,11.252600504940016,0.0,0.0,0.00034654916841238184,0.0,0.005206725069397228
sensor_noise,PD+CeNN,96,0.15731944414613483,0.46661434671584695,18.01841687638657,0.0,0.0,0.00026765874296582525,0.0,0.005018486126436515
sensor_noise,PD+CeNN,97,0.28233676360266796,0.8327879071111374,26.219719169956406,0.0,0.0,0.0003095095313186589,0.0,0.005239153817321607
sensor_noise,PD+CeNN,98,0.2607542389396782,0.7357691802158158,21.69586683391092,0.0,0.0,0.000361377277609608,0.0,0.005027066586482939
sensor_noise,PD+CeNN,99,0.23814887920902617,0.8524673213865036,7.345846174395043,0.0,0.0,0.0003822409884240601,0.0,0.005269646264482459
sensor_noise,PD+CeNN+RTA,0,0.1865585443489916,0.558411919121659,20.530624378210362,0.0,0.0,0.00025605918091921054,0.0,0.004870408162539631
sensor_noise,PD+CeNN+RTA,1,0.3714058497024392,1.098592686458079,32.146684059439686,0.0,0.0,0.0002547727042112556,0.0,0.005090362895647543
sensor_noise,PD+CeNN+RTA,2,0.19922811032595364,0.799045360261479,10.788550129004959,0.0,0.0,0.0003190369072809099,0.0,0.005292376046763692
sensor_noise,PD+CeNN+RTA,3,0.4231006719006924,1.2540628501391586,36.056982124458564,0.0,0.0,0.0002791430728606052,0.0,0.00504054766900851
sensor_noise,PD+CeNN+RTA,4,0.2505915725296442,0.981375758929529,9.905381749221155,0.0,0.0,0.00030973753509868783,0.0,0.0051294686469045185
sensor_noise,PD+CeNN+RTA,5,0.4193798102788513,1.2372740982048631,27.544738852548264,0.0,0.0,0.0003823306969923121,0.0,0.004884476390451155
sensor_noise,PD+CeNN+RTA,6,0.17869651275726398,0.5251910989083157,12.667041482804084,0.0,0.0,0.0003395083728802083,0.0,0.005192301895013343
sensor_noise,PD+CeNN+RTA,7,0.2869796612331922,0.8345074822179875,24.6963801215479,0.0,0.0,0.0002982739244048173,0.0,0.005134531935526239
sensor_noise,PD+CeNN+RTA,8,0.3865164101918172,1.1433629281424778,32.71068191068794,0.0,0.0,0.0003037982164781358,0.0,0.00507300374301503
sensor_noise,PD+CeNN+RTA,9,0.12092808257726279,0.4274264009123375,10.657550633148547,0.0,0.0,0.0002542736753429629,0.0,0.005240860691007646
sensor_noise,PD+CeNN+RTA,10,0.202645465913969,0.9009474272195392,8.798068539563273,0.0,0.0,0.00025690551423973845,0.0,0.005163988687583519
sensor_noise,PD+CeNN+RTA,11,0.11855155811663716,0.3267856189752638,9.677477044632221,0.0,0.0,0.0003134315650727054,0.0,0.0049799479026564845
sensor_noise,PD+CeNN+RTA,12,0.1644804799598633,0.43818148201251644,13.824386003753482,0.0,0.0,0.0002424353384327563,0.0,0.005188089959967241
sensor_noise,PD+CeNN+RTA,13,0.18074645199551756,0.5253044919367734,16.925589830769486,0.0,0.0,0.00029813803290788343,0.0,0.004958151077078525
sensor_noise,PD+CeNN+RTA,14,0.22796350258686499,0.6653148819465787,18.155102341111803,0.0,0.0,0.00025485340638088015,0.0,0.005127360455327575
sensor_noise,PD+CeNN+RTA,15,0.12046327012092274,0.530874031568629,5.83297565916856,0.0,0.0,0.0002660683584733577,0.0,0.005072971945437123
sensor_noise,PD+CeNN+RTA,16,0.22293215400859256,0.6576892147375926,17.360370793467965,0.0,0.0,0.00024752968931568523,0.0,0.005237156700720841
sensor_noise,PD+CeNN+RTA,17,0.15238887610053597,0.43959711443231597,12.536971075112454,0.0,0.0,0.00026270258392909786,0.0,0.004951881189380032
sensor_noise,PD+CeNN+RTA,18,0.09779834031706462,0.2792523223440277,15.681352352808085,0.0,0.0,0.00028074560790877475,0.0,0.005169625744975943
sensor_noise,PD+CeNN+RTA,19,0.15524141955497764,0.4262854766846149,18.295106366651567,0.0,0.0,0.0003047012365929828,0.0,0.0050569946454120055
sensor_noise,PD+CeNN+RTA,20,0.37434410710241794,1.113882687880975,26.23639749731448,0.0,0.0,0.0002737185670197751,0.0,0.0051107148446353935
sensor_noise,PD+CeNN+RTA,21,0.24176787807133324,0.908476670458572,6.237537160355373,0.0,0.0,0.0003044443158766425,0.0,0.005040976912255398
sensor_noise,PD+CeNN+RTA,22,0.2605511600605568,0.7510583627260364,18.539067763066786,0.0,0.0,0.00036812836935315766,0.0,0.0048668785721494605
sensor_noise,PD+CeNN+RTA,23,0.3712302627360707,1.0924613997634947,29.941858119191302,0.0,0.0,0.0003133694854377854,0.0,0.005116222038219115
sensor_noise,PD+CeNN+RTA,24,0.21541636532455477,0.7461118913529287,6.422750202745721,0.0,0.0,0.00036138132966129953,0.0,0.005252015131682341
sensor_noise,PD+CeNN+RTA,25,0.10006040446234954,0.33243610279118063,12.603958766883519,0.0,0.0,0.000244936796581519,0.0,0.004757572714758855
sensor_noise,PD+CeNN+RTA,26,0.34776842582776457,1.0135491847440457,26.567676095547675,0.0,0.0,0.00038404102418782086,0.0,0.005039864800355297
sensor_noise,PD+CeNN+RTA,27,0.19098142753276107,0.7413509302945047,8.625567504424243,0.0,0.0,0.00032476095723070274,0.0,0.005111422890044366
sensor_noise,PD+CeNN+RTA,28,0.18848411241693405,0.614475756697501,7.450829552033548,0.0,0.0,0.00037325777354146964,0.0,0.005221786320736503
sensor_noise,PD+CeNN+RTA,29,0.34903255670173433,1.060174036134439,23.61730693551814,0.0,0.0,0.00036582944186661114,0.0,0.005188375731674476
sensor_noise,PD+CeNN+RTA,30,0.2144874987680015,0.6381841991826612,17.01680810433655,0.0,0.0,0.00024005217731873488,0.0,0.005026112838268329
sensor_noise,PD+CeNN+RTA,31,0.24176688473878882,0.7255639395517496,17.891310341253313,0.0,0.0,0.00027746417396876414,0.0,0.004989487766493582
sensor_noise,PD+CeNN+RTA,32,0.24041300317149036,0.7065198332533403,18.10882253043771,0.0,0.0,0.0002660954122325169,0.0,0.0051205244700718204
sensor_noise,PD+CeNN+RTA,33,0.1772444001568827,0.504665393020479,17.414176618416022,0.0,0.0,0.0002502330136845372,0.0,0.004959112704788963
sensor_noise,PD+CeNN+RTA,34,0.34749042618841713,1.0204617375953997,23.886867684364677,0.0,0.0,0.0002572803777565034,0.0,0.0051151681939440525
sensor_noise,PD+CeNN+RTA,35,0.0709362671384295,0.25018594141723144,9.942015341913594,0.0,0.0,0.00027716034349581424,0.0,0.005263439121231724
sensor_noise,PD+CeNN+RTA,36,0.18942353650955565,0.6186798583484208,9.94756611339732,0.0,0.0,0.00038486693716279944,0.0,0.005145995631258356
sensor_noise,PD+CeNN+RTA,37,0.24491147975480115,0.7207536493236923,23.0177491106832,0.0,0.0,0.0002553490670515454,0.0,0.0050970651111424065
sensor_noise,PD+CeNN+RTA,38,0.11749160806179115,0.5212734783616113,15.207298112975156,0.0,0.0,0.00023950840560834014,0.0,0.005120688967345797
sensor_noise,PD+CeNN+RTA,39,0.14198353317365092,0.3877484335065997,15.21999778510983,0.0,0.0,0.00024393510410550064,0.0,0.005058744186653324
sensor_noise,PD+CeNN+RTA,40,0.12762558777433206,0.5083893660167214,7.587769000378175,0.0,0.0,0.00031321440240231506,0.0,0.005033296025355896
sensor_noise,PD+CeNN+RTA,41,0.128091399402565,0.544065058581523,8.03898615429351,0.0,0.0,0.0002765659854680776,0.0,0.0051086388188434214
sensor_noise,PD+CeNN+RTA,42,0.4479486113110607,1.3327542991253112,37.850512846566126,0.0,0.0,0.00034362742215774197,0.0,0.005247353867790841
sensor_noise,PD+CeNN+RTA,43,0.4167044151594897,1.2334946872991106,34.76654826379069,0.0,0.0,0.0002686625857692153,0.0,0.004768588108433479
sensor_noise,PD+CeNN+RTA,44,0.171701664802944,0.5114501569372711,14.53145860821157,0.0,0.0,0.0002455749844709234,0.0,0.005162071172680842
sensor_noise,PD+CeNN+RTA,45,0.10018650165342526,0.4489047124815382,9.442738631593159,0.0,0.0,0.0002564691580720082,0.0,0.00485551388891474
sensor_noise,PD+CeNN+RTA,46,0.2421340907126425,0.7097565922505511,24.89340551374409,0.0,0.0,0.0003044443950673484,0.0,0.004993543320171067
sensor_noise,PD+CeNN+RTA,47,0.19687635996602385,0.743687624795477,7.156639237570672,0.0,0.0,0.00031542875556229153,0.0,0.005109622010168943
sensor_noise,PD+CeNN+RTA,48,0.27390394905524523,0.9751126827229731,11.050959718312857,0.0,0.0,0.0002713521215716318,0.0,0.004912854111151783
sensor_noise,PD+CeNN+RTA,49,0.1542800170299558,0.4437601896505044,13.37912809356512,0.0,0.0,0.00030492826617281945,0.0,0.005067097677804514
sensor_noise,PD+CeNN+RTA,50,0.2565718262757984,0.7298705527998018,21.42877457410109,0.0,0.0,0.00038370042316688803,0.0,0.005372216064993618
sensor_noise,PD+CeNN+RTA,51,0.07983838285040783,0.37098388744908434,9.871514775827643,0.0,0.0,0.000262279284405916,0.0,0.004929496296462676
sensor_noise,PD+CeNN+RTA,52,0.16725565103857992,0.6031020322514677,7.719669096801497,0.0,0.0,0.0003513901759770408,0.0,0.005151169059309892
sensor_noise,PD+CeNN+RTA,53,0.42406462116503096,1.2509947102659267,37.68983879846285,0.0,0.0,0.0002865774870262726,0.0,0.005091828622626672
sensor_noise,PD+CeNN+RTA,54,0.10340034268776191,0.35573221627877527,14.892743710548304,0.0,0.0,0.0002475666484448916,0.0,0.004961632310290855
sensor_noise,PD+CeNN+RTA,55,0.25804119144243354,0.7676609264629636,16.909120937428465,0.0,0.0,0.0003504397706411844,0.0,0.0048759335059475216
sensor_noise,PD+CeNN+RTA,56,0.3187605557880016,0.9602482901086902,22.054632124939182,0.0,0.0,0.00023921070518852038,0.0,0.004973358142005102
sensor_noise,PD+CeNN+RTA,57,0.126558645081734,0.3215781448085805,14.632365025086862,0.0,0.0,0.00032035627533830765,0.0,0.005066635977974534
sensor_noise,PD+CeNN+RTA,58,0.18183064352112713,0.5270660077982448,20.0881856455597,0.0,0.0,0.0003045055135522301,0.0,0.005168164544518286
sensor_noise,PD+CeNN+RTA,59,0.21899986366123628,0.6378531956542262,17.27901055827093,0.0,0.0,0.00034848382855510963,0.0,0.004896489267679826
sensor_noise,PD+CeNN+RTA,60,0.1811368439146161,0.4949361667462056,15.681358450900387,0.0,0.0,0.00024078830520897932,0.0,0.005019728150555378
sensor_noise,PD+CeNN+RTA,61,0.16851735220149433,0.49210680745112173,16.204427015043983,0.0,0.0,0.0003207698873640701,0.0,0.0051239381740059535
sensor_noise,PD+CeNN+RTA,62,0.25930489380984867,0.8948952354753174,6.575566765292724,0.0,0.0,0.00035794022744419727,0.0,0.004978884419069588
sensor_noise,PD+CeNN+RTA,63,0.17407287103859537,0.8005860368193842,7.977594517081059,0.0,0.0,0.00026882507260224815,0.0,0.005218250103660029
sensor_noise,PD+CeNN+RTA,64,0.27514945544024466,0.8499124344665427,19.272507694275305,0.0,0.0,0.0003427691210966423,0.0,0.004817296018235562
sensor_noise,PD+CeNN+RTA,65,0.13507919725344217,0.45474450075108774,14.122643014081797,0.0,0.0,0.00024237976091175654,0.0,0.00485389535695988
sensor_noise,PD+CeNN+RTA,66,0.18550848094149097,0.569819790878239,7.70163374884455,0.0,0.0,0.0003869557504477579,0.0,0.004998099858040845
sensor_noise,PD+CeNN+RTA,67,0.2862643235181252,0.8435875290426416,17.450998861366404,0.0,0.0,0.0003829493876631276,0.0,0.005023607931603374
sensor_noise,PD+CeNN+RTA,68,0.10221564260598283,0.28007745742181184,12.308489127582101,0.0,0.0,0.0002649075402301406,0.0,0.005007911334299221
sensor_noise,PD+CeNN+RTA,69,0.24070063138312198,0.8184972321051086,9.21210020711334,0.0,0.0,0.0003524066371927337,0.0,0.005060534664813916
sensor_noise,PD+CeNN+RTA,70,0.12831453506671917,0.3547832221348068,14.66916380951287,0.0,0.0,0.0003000031677689778,0.0,0.004944643183306679
sensor_noise,PD+CeNN+RTA,71,0.08547510361300223,0.44512788546694043,5.630081903376275,0.0,0.0,0.0002682027165732458,0.0,0.005059783771454175
sensor_noise,PD+CeNN+RTA,72,0.36091018293395255,1.1136114415058154,25.89582800820813,0.0,0.0,0.00028491932207420125,0.0,0.005145468980311275
sensor_noise,PD+CeNN+RTA,73,0.14436951221959826,0.41510498809672136,17.414777781284652,0.0,0.0,0.0002495992998695659,0.0,0.005100007129665825
sensor_noise,PD+CeNN+RTA,74,0.3461418766070554,1.0621333607341956,24.353163901032186,0.0,0.0,0.00027025572598026923,0.0,0.005261074129605716
sensor_noise,PD+CeNN+RTA,75,0.1558942730779239,0.7315973386536025,6.634792886850918,0.0,0.0,0.00027119781128848646,0.0,0.005219762296651498
sensor_noise,PD+CeNN+RTA,76,0.16092599615923067,0.44085299157429325,19.979017269878725,0.0,0.0,0.00025139629208756266,0.0,0.0048069390254600825
sensor_noise,PD+CeNN+RTA,77,0.21762707230807674,0.8321328340933354,7.478988710937721,0.0,0.0,0.000292751288676878,0.0,0.005344250753766778
sensor_noise,PD+CeNN+RTA,78,0.35726281349526817,1.0650360321377363,29.119008470707634,0.0,0.0,0.0002699418648251924,0.0,0.005147007613817986
sensor_noise,PD+CeNN+RTA,79,0.27811900674644263,0.8055491082377544,26.18806463610801,0.0,0.0,0.0002501877504855517,0.0,0.00525722661814182
sensor_noise,PD+CeNN+RTA,80,0.3707054343533783,1.09683386917931,31.29919043106227,0.0,0.0,0.0002938284257688886,0.0,0.0049955637245990715
sensor_noise,PD+CeNN+RTA,81,0.13104118748759985,0.6111769106117735,11.941826787556064,0.0,0.0,0.00027404491348101813,0.0,0.00515310998583392
sensor_noise,PD+CeNN+RTA,82,0.28130649781057965,0.8443432828433628,19.809747365139824,0.0,0.0,0.0003183828050301744,0.0,0.004937702500394704
sensor_noise,PD+CeNN+RTA,83,0.24586465465374008,0.7368429119112779,25.33962725153318,0.0,0.0,0.0003272566882697035,0.0,0.004987398850131658
sensor_noise,PD+CeNN+RTA,84,0.2283082562086481,0.9941298416226223,11.198329035380134,0.0,0.0,0.0002732079278513876,0.0,0.005058950651751612
sensor_noise,PD+CeNN+RTA,85,0.23498574190459834,0.6940027268898037,17.08509134565694,0.0,0.0,0.0002989986647804757,0.0,0.004857010770357605
sensor_noise,PD+CeNN+RTA,86,0.34212086018139976,1.0158446611607779,30.999490145965527,0.0,0.0,0.00029183137556298207,0.0,0.004916701050208566
sensor_noise,PD+CeNN+RTA,87,0.36691839420841743,1.0750874281810727,28.00957925805891,0.0,0.0,0.0002692524439312143,0.0,0.00521416377412525
sensor_noise,PD+CeNN+RTA,88,0.19180435223828782,0.5896553470729731,24.434810466039572,0.0,0.0,0.0002859956487572158,0.0,0.005115414869509894
sensor_noise,PD+CeNN+RTA,89,0.3262051105906361,0.9774721478660026,22.322670125242848,0.0,0.0,0.00029608996360566014,0.0,0.004951020734276618
sensor_noise,PD+CeNN+RTA,90,0.13130425788245786,0.5986176518595407,7.979472351209099,0.0,0.0,0.0002474125427778356,0.0,0.005127832072248542
sensor_noise,PD+CeNN+RTA,91,0.19232473381613657,0.5003627418029413,17.49537991432594,0.0,0.0,0.00035921506664978543,0.0,0.005165742483352753
sensor_noise,PD+CeNN+RTA,92,0.18280842325242774,0.5240661962097943,12.130518702029455,0.0,0.0,0.0003638716061502848,0.0,0.005055336037798103
sensor_noise,PD+CeNN+RTA,93,0.38874073679317944,1.1358088761296627,31.16243872129687,0.0,0.0,0.00025686069820990247,0.0,0.0050976000625528395
sensor_noise,PD+CeNN+RTA,94,0.11511300306846493,0.581223046474058,6.4460409452335705,0.0,0.0,0.0002534318344503573,0.0,0.005242607961569688
sensor_noise,PD+CeNN+RTA,95,0.25084630397073693,0.8120599177039097,11.252600504940016,0.0,0.0,0.00034654916841238184,0.0,0.005206725069397228
sensor_noise,PD+CeNN+RTA,96,0.15731944414613483,0.46661434671584695,18.01841687638657,0.0,0.0,0.00026765874296582525,0.0,0.005018486126436515
sensor_noise,PD+CeNN+RTA,97,0.28233676360266796,0.8327879071111374,26.219719169956406,0.0,0.0,0.0003095095313186589,0.0,0.005239153817321607
sensor_noise,PD+CeNN+RTA,98,0.2607542389396782,0.7357691802158158,21.69586683391092,0.0,0.0,0.000361377277609608,0.0,0.005027066586482939
sensor_noise,PD+CeNN+RTA,99,0.23814887920902617,0.8524673213865036,7.345846174395043,0.0,0.0,0.0003822409884240601,0.0,0.005269646264482459
sensor_noise,PD+CeNN dropout+RTA,0,0.18694189114186013,0.558411919121659,20.530624378210362,0.0,0.0,0.000251256854536673,0.0,0.004404415217108988
sensor_noise,PD+CeNN dropout+RTA,1,0.3709679845642588,1.098592686458079,32.146684059439686,0.0,0.0,0.00025195002391154405,0.0,0.004660278419529233
sensor_noise,PD+CeNN dropout+RTA,2,0.19939568116798279,0.799045360261479,10.788550129004959,0.0,0.0,0.00031309158160832095,0.0,0.004968837977495196
sensor_noise,PD+CeNN dropout+RTA,3,0.42302294463345375,1.2540628501391586,36.056982124458564,0.0,0.0,0.0002721232633014485,0.0,0.004591708936388213
sensor_noise,PD+CeNN dropout+RTA,4,0.250493172239093,0.981375758929529,9.905381749221155,0.0,0.0,0.00030577517561142573,0.0,0.004799380652003551
sensor_noise,PD+CeNN dropout+RTA,5,0.4197161467107628,1.2372740982048631,27.544738852548264,0.0,0.0,0.0003744541360181958,0.0,0.004454494637890539
sensor_noise,PD+CeNN dropout+RTA,6,0.17743481419822976,0.5251910989083157,12.667041482804084,0.0,0.0,0.0003409538895161631,0.0,0.004864240822064662
sensor_noise,PD+CeNN dropout+RTA,7,0.2865963962398955,0.8345074822179875,24.6963801215479,0.0,0.0,0.000287145365375755,0.0,0.004642260378927447
sensor_noise,PD+CeNN dropout+RTA,8,0.3860665233424977,1.1433629281424778,32.71068191068794,0.0,0.0,0.00030040920604437103,0.0,0.004750915963701619
sensor_noise,PD+CeNN dropout+RTA,9,0.12108480345986644,0.4274264009123375,10.657550633148547,0.0,0.0,0.00024504351978494465,0.0,0.004775398211250476
sensor_noise,PD+CeNN dropout+RTA,10,0.20317730764513042,0.9009474272195392,8.798068539563273,0.0,0.0,0.00025031680319996866,0.0,0.004732679785572665
sensor_noise,PD+CeNN dropout+RTA,11,0.11766852001942218,0.3267856189752638,9.677477044632221,0.0,0.0,0.00030809147434431033,0.0,0.0046083224079804235
sensor_noise,PD+CeNN dropout+RTA,12,0.1618193220628836,0.43818148201251644,13.824386003753482,0.0,0.0,0.00023213786077249513,0.0,0.004642768925258476
sensor_noise,PD+CeNN dropout+RTA,13,0.1820840728720215,0.5253044919367734,16.925589830769486,0.0,0.0,0.00029181780724084176,0.0,0.004570274869862573
sensor_noise,PD+CeNN dropout+RTA,14,0.22790217005234206,0.6653148819465787,18.155102341111803,0.0,0.0,0.0002507215981303581,0.0,0.004869278584987251
sensor_noise,PD+CeNN dropout+RTA,15,0.12206694112565972,0.530874031568629,6.38346581953571,0.0,0.0,0.0002634819032949744,0.0,0.004787086076688331
sensor_noise,PD+CeNN dropout+RTA,16,0.2230332498702605,0.6576892147375926,17.360370793467965,0.0,0.0,0.00024958474632113316,0.0,0.004908668286744118
sensor_noise,PD+CeNN dropout+RTA,17,0.15154231311725777,0.43959711443231597,12.536971075112454,0.0,0.0,0.00026320962942254764,0.0,0.004579143828471093
sensor_noise,PD+CeNN dropout+RTA,18,0.09845010924673123,0.2792523223440277,15.681352352808085,0.0,0.0,0.00027425732220779015,0.0,0.004791215534645118
sensor_noise,PD+CeNN dropout+RTA,19,0.1562932443885407,0.4262854766846149,18.295106366651567,0.0,0.0,0.0003012946786668857,0.0,0.004678993286753066
sensor_noise,PD+CeNN dropout+RTA,20,0.37331082683087013,1.113882687880975,26.23639749731448,0.0,0.0,0.0002689705211376443,0.0,0.004760848355148474
sensor_noise,PD+CeNN dropout+RTA,21,0.2412244032754964,0.908476670458572,5.618895384463962,0.0,0.0,0.0002972122187932839,0.0,0.0045972311476813075
sensor_noise,PD+CeNN dropout+RTA,22,0.2606780800979509,0.7510583627260364,18.539067763066786,0.0,0.0,0.00036433346176605275,0.0,0.004569997756027609
sensor_noise,PD+CeNN dropout+RTA,23,0.3704342356719372,1.0924613997634947,29.941858119191302,0.0,0.0,0.00030381659130720106,0.0,0.004742123309564599
sensor_noise,PD+CeNN dropout+RTA,24,0.21584982606687653,0.7461118913529287,6.215235516816786,0.0,0.0,0.0003582765325882861,0.0,0.004872672390759423
sensor_noise,PD+CeNN dropout+RTA,25,0.10048358323814786,0.33243610279118063,12.603958766883519,0.0,0.0,0.00024082974510602988,0.0,0.004353577362379767
sensor_noise,PD+CeNN dropout+RTA,26,0.3481564444289174,1.0135491847440457,26.567676095547675,0.0,0.0,0.00038241407105857984,0.0,0.004771123056338239
sensor_noise,PD+CeNN dropout+RTA,27,0.19023163563402867,0.7413509302945047,6.658027932047329,0.0,0.0,0.0003174791805349849,0.0,0.004671798667444055
sensor_noise,PD+CeNN dropout+RTA,28,0.1879682571269308,0.614475756697501,7.597063262876,0.0,0.0,0.00036821668860612095,0.0,0.004914666529306303
sensor_noise,PD+CeNN dropout+RTA,29,0.348440024974015,1.060174036134439,23.61730693551814,0.0,0.0,0.0003585823062697952,0.0,0.004856562878589184
sensor_noise,PD+CeNN dropout+RTA,30,0.2142334480273519,0.6381841991826612,17.01680810433655,0.0,0.0,0.00023567644056686683,0.0,0.004594542000490996
sensor_noise,PD+CeNN dropout+RTA,31,0.241882517589497,0.7255639395517496,17.891310341253313,0.0,0.0,0.0002755779697114647,0.0,0.004699128418036538
sensor_noise,PD+CeNN dropout+RTA,32,0.24037157834457562,0.7065198332533403,18.10882253043771,0.0,0.0,0.0002556050914935403,0.0,0.004686883365670878
sensor_noise,PD+CeNN dropout+RTA,33,0.17741375050345456,0.504665393020479,17.414176618416022,0.0,0.0,0.0002470538934784617,0.0,0.0046411453602806
sensor_noise,PD+CeNN dropout+RTA,34,0.3469230968242222,1.0204617375953997,23.886867684364677,0.0,0.0,0.0002511107762568639,0.0,0.0046746154963303
sensor_noise,PD+CeNN dropout+RTA,35,0.06693893237387617,0.25018594141723144,9.942015341913594,0.0,0.0,0.00027353072262800856,0.0,0.004944847595176037
sensor_noise,PD+CeNN dropout+RTA,36,0.18984182370829306,0.6186798583484208,9.94756611339732,0.0,0.0,0.00037664505765565553,0.0,0.00479206626852497
sensor_noise,PD+CeNN dropout+RTA,37,0.24511761184479702,0.7207536493236923,23.0177491106832,0.0,0.0,0.00025377036308199546,0.0,0.004689135068219726
sensor_noise,PD+CeNN dropout+RTA,38,0.11595644424532067,0.5212734783616113,15.207298112975156,0.0,0.0,0.00023286614982252697,0.0,0.004722981856312659
sensor_noise,PD+CeNN dropout+RTA,39,0.1422123929462504,0.3877484335065997,15.21999778510983,0.0,0.0,0.00024009823210056,0.0,0.004665697021536361
sensor_noise,PD+CeNN dropout+RTA,40,0.12816543805423214,0.5083893660167214,7.587769000378175,0.0,0.0,0.0003088008584789104,0.0,0.004701243496547623
sensor_noise,PD+CeNN dropout+RTA,41,0.12788701851497955,0.544065058581523,8.03898615429351,0.0,0.0,0.0002691524594032276,0.0,0.004820616594934669
sensor_noise,PD+CeNN dropout+RTA,42,0.44809327857765835,1.3327542991253112,37.850512846566126,0.0,0.0,0.00032955504176748925,0.0,0.004757729461963258
sensor_noise,PD+CeNN dropout+RTA,43,0.41676480075883676,1.2334946872991106,34.76654826379069,0.0,0.0,0.0002665570033520647,0.0,0.0045343132189533805
sensor_noise,PD+CeNN dropout+RTA,44,0.17118111175944487,0.5114501569372711,14.53145860821157,0.0,0.0,0.00024363106018605036,0.0,0.004773118537708005
sensor_noise,PD+CeNN dropout+RTA,45,0.10091625332178839,0.4489047124815382,9.442738631593159,0.0,0.0,0.000244329882273532,0.0,0.004349380285808843
sensor_noise,PD+CeNN dropout+RTA,46,0.24300309225703307,0.7097565922505511,24.89340551374409,0.0,0.0,0.0002989047340569067,0.0,0.004704000661877858
sensor_noise,PD+CeNN dropout+RTA,47,0.19764518032123277,0.743687624795477,6.9142330422896965,0.0,0.0,0.00031102798305636316,0.0,0.004819348145803829
sensor_noise,PD+CeNN dropout+RTA,48,0.2742579961064059,0.9751126827229731,11.050959718312857,0.0,0.0,0.00026754943013449384,0.0,0.004511027206895792
sensor_noise,PD+CeNN dropout+RTA,49,0.15324088747434766,0.4437601896505044,13.37912809356512,0.0,0.0,0.0003064354764492062,0.0,0.004781635650465479
sensor_noise,PD+CeNN dropout+RTA,50,0.25693274398841676,0.7298705527998018,21.42877457410109,0.0,0.0,0.0003770061584569887,0.0,0.004968688584661435
sensor_noise,PD+CeNN dropout+RTA,51,0.0808104269528221,0.37098388744908434,9.871514775827643,0.0,0.0,0.0002543995779247956,0.0,0.00448855017481305
sensor_noise,PD+CeNN dropout+RTA,52,0.1666387484674377,0.6031020322514677,7.719669096801497,0.0,0.0,0.0003460087408611207,0.0,0.004771528787145947
sensor_noise,PD+CeNN dropout+RTA,53,0.4240252083902443,1.2509947102659267,37.68983879846285,0.0,0.0,0.0002873441702644012,0.0,0.0047426736660570725
sensor_noise,PD+CeNN dropout+RTA,54,0.10301952658869876,0.35573221627877527,14.892743710548304,0.0,0.0,0.00024102348217627982,0.0,0.004600790946113541
sensor_noise,PD+CeNN dropout+RTA,55,0.2575971303912493,0.7676609264629636,16.909120937428465,0.0,0.0,0.00034378701834337377,0.0,0.004568455128342855
sensor_noise,PD+CeNN dropout+RTA,56,0.3181417168448234,0.9602482901086902,22.054632124939182,0.0,0.0,0.00023501243492321546,0.0,0.0045469016109401985
sensor_noise,PD+CeNN dropout+RTA,57,0.12645377772511246,0.3215781448085805,14.632365025086862,0.0,0.0,0.00031407414814131076,0.0,0.004519898547334338
sensor_noise,PD+CeNN dropout+RTA,58,0.1830835854093949,0.5270660077982448,20.0881856455597,0.0,0.0,0.0002944312481294533,0.0,0.004635686378448636
sensor_noise,PD+CeNN dropout+RTA,59,0.21841705888438118,0.6378531956542262,17.27901055827093,0.0,0.0,0.0003432468917272752,0.0,0.004586493037155091
sensor_noise,PD+CeNN dropout+RTA,60,0.18164726106458937,0.4949361667462056,15.681358450900387,0.0,0.0,0.00023740262379150353,0.0,0.004411181363372816
sensor_noise,PD+CeNN dropout+RTA,61,0.16933012990814206,0.49210680745112173,16.204427015043983,0.0,0.0,0.00031362476961481803,0.0,0.004686195685175072
sensor_noise,PD+CeNN dropout+RTA,62,0.2593259843710638,0.8948952354753174,6.6848313798966315,0.0,0.0,0.0003538125076121612,0.0,0.004620213715713032
sensor_noise,PD+CeNN dropout+RTA,63,0.1738642439228011,0.8005860368193842,7.977594517081059,0.0,0.0,0.00026601755172723726,0.0,0.004907504871219176
sensor_noise,PD+CeNN dropout+RTA,64,0.2752805939464899,0.8499124344665427,19.272507694275305,0.0,0.0,0.00033691301041358925,0.0,0.0044578110947352265
sensor_noise,PD+CeNN dropout+RTA,65,0.13222316623575361,0.45474450075108774,14.122643014081797,0.0,0.0,0.00023767980178187714,0.0,0.004486373419446867
sensor_noise,PD+CeNN dropout+RTA,66,0.186243883229827,0.569819790878239,7.70163374884455,0.0,0.0,0.00038273917884704546,0.0,0.0047678387409299606
sensor_noise,PD+CeNN dropout+RTA,67,0.286090134065215,0.8435875290426416,17.450998861366404,0.0,0.0,0.0003773033522141476,0.0,0.00481883771557907
sensor_noise,PD+CeNN dropout+RTA,68,0.10054563068213711,0.28007745742181184,12.308489127582101,0.0,0.0,0.00025563231733806733,0.0,0.004500510517671481
sensor_noise,PD+CeNN dropout+RTA,69,0.24040378718525662,0.8184972321051086,9.21210020711334,0.0,0.0,0.00033991692878484553,0.0,0.0045165561332130505
sensor_noise,PD+CeNN dropout+RTA,70,0.12718758594822524,0.3547832221348068,14.66916380951287,0.0,0.0,0.0002901269634135322,0.0,0.004419223689846236
sensor_noise,PD+CeNN dropout+RTA,71,0.08537613875779151,0.44512788546694043,5.74355140727165,0.0,0.0,0.0002617529677485946,0.0,0.004614226868013037
sensor_noise,PD+CeNN dropout+RTA,72,0.36095444277442584,1.1136114415058154,25.89582800820813,0.0,0.0,0.0002791628324220724,0.0,0.004802102775491123
sensor_noise,PD+CeNN dropout+RTA,73,0.14498450951574415,0.41510498809672136,17.414777781284652,0.0,0.0,0.00024403236838267987,0.0,0.00478263854477863
sensor_noise,PD+CeNN dropout+RTA,74,0.34571546388629587,1.0621333607341956,24.353163901032186,0.0,0.0,0.0002700821497307861,0.0,0.004939254011400903
sensor_noise,PD+CeNN dropout+RTA,75,0.1557513355986199,0.7315973386536025,6.634792886850918,0.0,0.0,0.00026618440900987755,0.0,0.004921109242885227
sensor_noise,PD+CeNN dropout+RTA,76,0.16155761239360872,0.44085299157429325,19.979017269878725,0.0,0.0,0.00024558028601394497,0.0,0.004547521055112401
sensor_noise,PD+CeNN dropout+RTA,77,0.21781178000417079,0.8321328340933354,6.068898973096148,0.0,0.0,0.0002863692258191151,0.0,0.004931325711015352
sensor_noise,PD+CeNN dropout+RTA,78,0.3575989596494815,1.0650360321377363,29.119008470707634,0.0,0.0,0.00026626225637280766,0.0,0.004790571446034238
sensor_noise,PD+CeNN dropout+RTA,79,0.27798339966257224,0.8055491082377544,26.18806463610801,0.0,0.0,0.0002442588056948159,0.0,0.004866553498518385
sensor_noise,PD+CeNN dropout+RTA,80,0.37071024897302174,1.09683386917931,31.29919043106227,0.0,0.0,0.0002916796765451006,0.0,0.004786105727527801
sensor_noise,PD+CeNN dropout+RTA,81,0.13294411834209438,0.6111769106117735,11.941826787556064,0.0,0.0,0.0002719103473095807,0.0,0.004767093249096192
sensor_noise,PD+CeNN dropout+RTA,82,0.2810418275880446,0.8443432828433628,19.809747365139824,0.0,0.0,0.00031385901200866196,0.0,0.00465747166692997
sensor_noise,PD+CeNN dropout+RTA,83,0.24592527066456973,0.7368429119112779,25.33962725153318,0.0,0.0,0.00031897533814725866,0.0,0.004606786047097726
sensor_noise,PD+CeNN dropout+RTA,84,0.2288293665232639,0.9941298416226223,11.198329035380134,0.0,0.0,0.0002664191595438651,0.0,0.004675860339028744
sensor_noise,PD+CeNN dropout+RTA,85,0.23540593583105987,0.6940027268898037,17.08509134565694,0.0,0.0,0.000296162784604492,0.0,0.0046332910732855325
sensor_noise,PD+CeNN dropout+RTA,86,0.3423298745159514,1.0158446611607779,30.999490145965527,0.0,0.0,0.0002853403490775496,0.0,0.004516020867520236
sensor_noise,PD+CeNN dropout+RTA,87,0.36672547516343074,1.0750874281810727,28.00957925805891,0.0,0.0,0.0002606064853713155,0.0,0.004886878303710794
sensor_noise,PD+CeNN dropout+RTA,88,0.19172302420324563,0.5896553470729731,24.434810466039572,0.0,0.0,0.0002757857122893958,0.0,0.004675990247223192
sensor_noise,PD+CeNN dropout+RTA,89,0.32587954157877014,0.9774721478660026,22.322670125242848,0.0,0.0,0.0002842889537191179,0.0,0.0045007063212985305
sensor_noise,PD+CeNN dropout+RTA,90,0.13377708565004118,0.5986176518595407,7.979472351209099,0.0,0.0,0.0002444280873436816,0.0,0.004873968179393097
sensor_noise,PD+CeNN dropout+RTA,91,0.19007556640520548,0.5003627418029413,17.49537991432594,0.0,0.0,0.00035933925229728584,0.0,0.004876328998477005
sensor_noise,PD+CeNN dropout+RTA,92,0.18278673505646906,0.5240661962097943,12.130518702029455,0.0,0.0,0.00035361706009818546,0.0,0.004663996940428599
sensor_noise,PD+CeNN dropout+RTA,93,0.38780983106269845,1.1358088761296627,31.16243872129687,0.0,0.0,0.0002494430973266274,0.0,0.004712118040480178
sensor_noise,PD+CeNN dropout+RTA,94,0.11463031940720529,0.581223046474058,6.729283778097948,0.0,0.0,0.0002515345053007861,0.0,0.004892238519614235
sensor_noise,PD+CeNN dropout+RTA,95,0.25059736107815694,0.8120599177039097,11.252600504940016,0.0,0.0,0.00034270575793186994,0.0,0.004952923036230159
sensor_noise,PD+CeNN dropout+RTA,96,0.15745351925288834,0.46661434671584695,18.01841687638657,0.0,0.0,0.000265171920894812,0.0,0.004760802285924509
sensor_noise,PD+CeNN dropout+RTA,97,0.28182758370270566,0.8327879071111374,26.219719169956406,0.0,0.0,0.0003040935705685195,0.0,0.004976957819167032
sensor_noise,PD+CeNN dropout+RTA,98,0.2610795304876051,0.7357691802158158,21.69586683391092,0.0,0.0,0.00035526125780056074,0.0,0.004553127300905291
sensor_noise,PD+CeNN dropout+RTA,99,0.2377883548814979,0.8524673213865036,7.345846174395043,0.0,0.0,0.0003730185826307996,0.0,0.004963456559551249
compound,PD,0,0.4738975172274771,1.1846970845638316,35.925542329174974,0.0,0.0,0.000847236195351321,0.0,0.0
compound,PD,1,0.22301756225927583,0.3400234625586375,13.38710965585493,0.0,0.0,0.00039350311059097823,0.0,0.0
compound,PD,2,0.3211421286939902,0.8541350488047158,22.810763346983297,0.0,0.0,0.00038227396452735645,0.0,0.0
compound,PD,3,0.17126655968615437,0.7563327310014069,8.386696841706675,0.0,0.0,0.00023170449803658626,0.0,0.0
compound,PD,4,0.2886770810917414,0.8062858006875554,25.98682592518585,0.0,0.0,0.0002617638425405475,0.0,0.0
compound,PD,5,0.36987639899229785,0.9142309994936717,23.454209996525687,0.0,0.0,0.0006039869638953371,0.0,0.0
compound,PD,6,0.37800229214677616,0.7444264355965231,21.86015435865681,0.0,0.0,0.0008522423708260135,0.0,0.0
compound,PD,7,0.3658429690629852,1.073255934252909,20.383218965239116,0.0,0.0,0.00037363110970442016,0.0,0.0
compound,PD,8,0.4206077730378948,0.7850650870111914,19.62300695648717,0.0,0.0,0.0010829301962097645,0.0,0.0
compound,PD,9,0.31739076311066955,0.8268573976386763,27.587918813122137,0.0,0.0,0.00028015003465218776,0.0,0.0
compound,PD,10,0.5131507566229467,0.9885935364545135,25.429501950618974,0.0,0.0,0.0006720364400580101,0.0,0.0
compound,PD,11,0.41379509840646883,1.1711243438881394,33.820033231516426,0.0,0.0,0.00025533140674352636,0.0,0.0
compound,PD,12,0.4383158965717865,0.7676620762057951,23.911499600839615,0.0,0.0,0.0010790853645467127,0.0,0.0
compound,PD,13,0.32853418031531934,0.5827610978906552,20.849633788276634,0.0,0.0,0.00032761550624996097,0.0,0.0
compound,PD,14,0.28218565247460997,0.6258441060382194,20.2600334854209,0.0,0.0,0.0004322851567317216,0.0,0.0
compound,PD,15,0.2668927563915528,0.37142452769820894,11.611929887076329,0.0,0.0,0.00048473537668042104,0.0,0.0
compound,PD,16,0.428420613017869,1.031043365257122,30.269326344533596,0.0,0.0,0.0006255247649151166,0.0,0.0
compound,PD,17,0.2649213220072588,0.4990924183771249,7.816010646498014,0.0,0.0,0.0006034173447476372,0.0,0.0
compound,PD,18,0.19059890671758034,0.4342980313330826,15.350311432713898,0.0,0.0,0.00029212771807791304,0.0,0.0
compound,PD,19,0.3395068178852334,0.8286492357266918,15.915177372373378,0.0,0.0,0.00042485867520580627,0.0,0.0
compound,PD,20,0.3421841870489374,0.5351748146881438,19.90365823568192,0.0,0.0,0.0005128100029480036,0.0,0.0
compound,PD,21,0.3569292620757562,0.6382505564210438,9.361499279909093,0.0,0.0,0.0006895296938838855,0.0,0.0
compound,PD,22,0.21186468064594158,0.5977308824262334,13.97039385169496,0.0,0.0,0.0002509569659134849,0.0,0.0
compound,PD,23,0.28712607458483863,0.4622486902143752,16.841221749005605,0.0,0.0,0.0005000171993247922,0.0,0.0
compound,PD,24,0.4294826572762365,0.9270459114321863,15.817386266608498,0.0,0.0,0.0006806779105975959,0.0,0.0
compound,PD,25,0.2072964256472697,0.664335756170243,10.217830485550675,0.0,0.0,0.0003226925854766482,0.0,0.0
compound,PD,26,0.32475625421950777,0.769541736072343,25.001652582322965,0.0,0.0,0.00032160326626748365,0.0,0.0
compound,PD,27,0.30059930071628493,0.5420636001187578,13.687279055525531,0.0,0.0,0.0006172529214387223,0.0,0.0
compound,PD,28,0.2083374895382901,0.6541702250134899,9.043933285264943,0.0,0.0,0.0004402356791295421,0.0,0.0
compound,PD,29,0.297602424086191,0.5314560266300249,12.482201644288232,0.0,0.0,0.0006356802585520457,0.0,0.0
compound,PD,30,0.42653302712206076,0.9081875366936244,31.287658089241926,0.0,0.0,0.0005011873483038837,0.0,0.0
compound,PD,31,0.24665753363621806,0.8438169040833765,10.581919558535436,0.0,0.0,0.0003595532972534548,0.0,0.0
compound,PD,32,0.271458080855395,0.8095911972034473,20.481102857612733,0.0,0.0,0.00017733319096205406,0.0,0.0
compound,PD,33,0.15797290100256842,0.3892567221876158,15.367158892547785,0.0,0.0,0.0002618032818614195,0.0,0.0
compound,PD,34,0.2797128462723651,0.8310937277595759,8.046381040324368,0.0,0.0,0.00045660224652207724,0.0,0.0
compound,PD,35,0.3793415517284682,1.0592380545344942,24.04538117808609,0.0,0.0,0.000247106182495711,0.0,0.0
compound,PD,36,0.4054222482177897,0.8435446357478741,20.27381891738471,0.0,0.0,0.0008164337603630566,0.0,0.0
compound,PD,37,0.39014076017754074,1.068799495734025,10.047562897852766,0.0,0.0,0.00036107723846741423,0.0,0.0
compound,PD,38,0.25552603578684446,0.4156214260384125,15.781638539406018,0.0,0.0,0.00047010828881337654,0.0,0.0
compound,PD,39,0.4078342125934736,0.7221678254269426,24.314858526714115,0.0,0.0,0.0010131891515411263,0.0,0.0
compound,PD,40,0.2846345137417459,0.4864879571643182,15.058526269522396,0.0,0.0,0.0006190955939866271,0.0,0.0
compound,PD,41,0.2280768372757104,0.5851893510841611,7.946648668222393,0.0,0.0,0.00046069812008899756,0.0,0.0
compound,PD,42,0.18126252340001225,0.49807120998752125,12.411022375094634,0.0,0.0,0.0003446673812411311,0.0,0.0
compound,PD,43,0.2294856211095286,0.6687890406174788,9.030495997277242,0.0,0.0,0.0003847877317383004,0.0,0.0
compound,PD,44,0.2066204804663101,0.5012283701706693,17.150593112814228,0.0,0.0,0.00031629445800549226,0.0,0.0
compound,PD,45,0.3533348652454456,0.6492061408893572,17.97277604239164,0.0,0.0,0.0006841027762818638,0.0,0.0
compound,PD,46,0.5324475770839312,1.1774435535164476,27.78043061982998,0.0,0.0,0.0011719522847561522,0.0,0.0
compound,PD,47,0.36169875923199873,0.9660827842774623,30.80540750674559,0.0,0.0,0.000249735730112728,0.0,0.0
compound,PD,48,0.2871441020830676,0.4542913222738975,13.664787883850689,0.0,0.0,0.0006667804525669682,0.0,0.0
compound,PD,49,0.2826762736484573,0.7597079267072103,18.85767455332004,0.0,0.0,0.00023844917059339337,0.0,0.0
compound,PD,50,0.22211095784653928,0.6621878927027058,12.210524328045988,0.0,0.0,0.00036084419018122534,0.0,0.0
compound,PD,51,0.22341151586720823,0.6902423030915844,11.751482109351887,0.0,0.0,0.00036673421582694287,0.0,0.0
compound,PD,52,0.36688578438325303,0.6997643852933546,8.996399488011624,0.0,0.0,0.0008233063272037634,0.0,0.0
compound,PD,53,0.1598667179031851,0.41277478907661597,13.181849048486464,0.0,0.0,0.00025081009600266737,0.0,0.0
compound,PD,54,0.4342292620450373,1.0201634221495706,21.856768290668608,0.0,0.0,0.0008324538635386914,0.0,0.0
compound,PD,55,0.25211921079418936,0.4026260577849439,15.657384681423286,0.0,0.0,0.00047865525703318616,0.0,0.0
compound,PD,56,0.300828214326679,0.8697199284424821,25.758448204812453,0.0,0.0,0.0002820534828835439,0.0,0.0
compound,PD,57,0.4004388823969314,1.1498271804466214,29.7586119046235,0.0,0.0,0.000183726885569889,0.0,0.0
compound,PD,58,0.3784927967642189,0.7913573804788564,19.352264427981225,0.0,0.0,0.0007093187798914147,0.0,0.0
compound,PD,59,0.18233620953308952,0.3437361236239694,17.835024109161957,0.0,0.0,0.000367164109210788,0.0,0.0
compound,PD,60,0.309570942216097,0.8590912112289498,28.532353390409398,0.0,0.0,0.00026312446989831774,0.0,0.0
compound,PD,61,0.34622499275055335,0.7230896291168684,17.049547451036087,0.0,0.0,0.000539900807915691,0.0,0.0
compound,PD,62,0.36538019756504503,0.7474022840619035,10.942942392341278,0.0,0.0,0.0007148882804253594,0.0,0.0
compound,PD,63,0.30603354122698967,0.6409184925065585,21.940815836568298,0.0,0.0,0.0005219986693432688,0.0,0.0
compound,PD,64,0.30324056012952766,0.685887277378607,11.199438867687435,0.0,0.0,0.0005562167332905727,0.0,0.0
compound,PD,65,0.3452141549152722,0.41201979191228355,12.959090943862167,0.0,0.0,0.0008790905529409878,0.0,0.0
compound,PD,66,0.5118757077731539,1.143585482177868,32.376386680248466,0.0,0.0,0.0011720988430853282,0.0,0.0
compound,PD,67,0.2833106096439354,0.7480723006544834,18.617577900486097,0.0,0.0,0.0004678464760534351,0.0,0.0
compound,PD,68,0.2962403131147577,0.8208514773825418,27.484169422016343,0.0,0.0,0.00016955140016667022,0.0,0.0
compound,PD,69,0.20821051932087414,0.790371754123664,7.148556465584787,0.0,0.0,0.0003478104419830477,0.0,0.0
compound,PD,70,0.25289454570160014,0.3315018223551996,10.43545090948705,0.0,0.0,0.0005670879079057533,0.0,0.0
compound,PD,71,0.42500867805268305,1.198313875319018,25.521226396696086,0.0,0.0,0.0003851403215395332,0.0,0.0
compound,PD,72,0.3736058984106644,0.6345408154052911,14.90640542699875,0.0,0.0,0.000738300484596033,0.0,0.0
compound,PD,73,0.27969642986577753,0.6458865633948203,18.750607725168237,0.0,0.0,0.0004994421229688999,0.0,0.0
compound,PD,74,0.3356859532362355,0.4467440987875623,9.437472651389916,0.0,0.0,0.0007053715177450297,0.0,0.0
compound,PD,75,0.3521472101624523,1.0087147369299552,24.150493275532558,0.0,0.0,0.0003084358049236452,0.0,0.0
compound,PD,76,0.448605408774704,1.0028243400611054,31.72159092633817,0.0,0.0,0.0004827217076689258,0.0,0.0
compound,PD,77,0.32450617986220176,0.7978812581037491,7.495060613123489,0.0,0.0,0.0005674932606052595,0.0,0.0
compound,PD,78,0.44641305341303894,0.7953633135914201,23.15197877303312,0.0,0.0,0.0010415067986712415,0.0,0.0
compound,PD,79,0.43331891037707876,0.9678804888054628,27.057567821716397,0.0,0.0,0.00046129514596551866,0.0,0.0
compound,PD,80,0.3323756401526253,0.9191567338901794,10.884062472106592,0.0,0.0,0.0005219244494813403,0.0,0.0
compound,PD,81,0.5278289123222245,1.2885362610654618,34.49198286968359,0.0,0.0,0.0009801002697775577,0.0,0.0
compound,PD,82,0.35378288376102257,0.5974127123799239,10.618645631815367,0.0,0.0,0.0007970894609606633,0.0,0.0
compound,PD,83,0.2426564172170004,0.4528912042952862,19.054921061531065,0.0,0.0,0.0005024579729104118,0.0,0.0
compound,PD,84,0.3410042062912278,0.5764383977147072,16.454041678321573,0.0,0.0,0.0007240816202667855,0.0,0.0
compound,PD,85,0.26602178486828554,0.5354309527140474,14.841026279849148,0.0,0.0,0.0004459058707082331,0.0,0.0
compound,PD,86,0.36634062619529245,0.9798717415495364,23.05861872364532,0.0,0.0,0.00026621137732963426,0.0,0.0
compound,PD,87,0.4510088403002886,1.0009203100543154,25.20955470661564,0.0,0.0,0.0009655298914603309,0.0,0.0
compound,PD,88,0.18202342446929645,0.2744241675270826,14.598427533608092,0.0,0.0,0.0003166727494514524,0.0,0.0
compound,PD,89,0.25471245319934976,0.7600417580569431,11.1207899616153,0.0,0.0,0.00025062749542782654,0.0,0.0
compound,PD,90,0.24506552147213898,0.7127767285482149,17.373722087484794,0.0,0.0,0.0003082591972743187,0.0,0.0
compound,PD,91,0.2604391353340635,0.8177157102716333,9.210576630807042,0.0,0.0,0.0003643397660269792,0.0,0.0
compound,PD,92,0.36188258471229745,0.9471439675992529,27.533621953170925,0.0,0.0,0.0003179877016984173,0.0,0.0
compound,PD,93,0.35910453951449767,0.8649347081727087,19.501294443263507,0.0,0.0,0.0005780248852092595,0.0,0.0
compound,PD,94,0.23322282406489195,0.4708070571455172,14.765040980467356,0.0,0.0,0.00043475705710351633,0.0,0.0
compound,PD,95,0.35415217240550506,0.6149017648472427,10.075944517570036,0.0,0.0,0.0009152472724506309,0.0,0.0
compound,PD,96,0.4073833390169174,0.9742324707242157,27.292459111283826,0.0,0.0,0.0006204460892122673,0.0,0.0
compound,PD,97,0.3208374704044333,0.8740296476807555,20.266238553721234,0.0,0.0,0.00029907161088361896,0.0,0.0
compound,PD,98,0.3290979925937833,0.45672595338272265,13.706550846175464,0.0,0.0,0.0008192754862638038,0.0,0.0
compound,PD,99,0.345062535725852,0.7213461080929289,22.27625225969593,0.0,0.0,0.00045412598961091675,0.0,0.0
compound,LQR,0,0.4220681467897129,1.1424996386291022,34.04989850504201,0.0,0.011666666666666667,0.0019187371641873488,0.0,0.0
compound,LQR,1,0.18260375328228404,0.3022015240361211,13.587477520349426,0.0,0.043333333333333335,0.00152373852582791,0.0,0.0
compound,LQR,2,0.29104852593659447,0.8083612815050141,22.30186477036518,0.0,0.006666666666666667,0.001157133181848264,0.0,0.0
compound,LQR,3,0.20812631595739428,0.7564413548801354,8.132160150323823,0.0,0.006666666666666667,0.0011094148514299476,0.0,0.0
compound,LQR,4,0.33427447492189455,0.8777474136911092,32.20462654626404,0.0,0.04666666666666667,0.0017411773585523356,0.0,0.0
compound,LQR,5,0.3177008085145408,0.8623347529511427,23.551585039330273,0.0,0.006666666666666667,0.0014650113050377806,0.0,0.0
compound,LQR,6,0.281563020662588,0.6822690589505747,23.91712349233573,0.0,0.021666666666666667,0.0020249002625483715,0.0,0.0
compound,LQR,7,0.3643508851063661,1.0038990778352588,20.54986029310628,0.0,0.03333333333333333,0.0018448358575423537,0.0,0.0
compound,LQR,8,0.29403052333446056,0.727931507492044,26.953922295732394,0.0,0.035,0.0025791980600127955,0.0,0.0
compound,LQR,9,0.3344404236945624,0.8440176300316823,29.742869739966046,0.0,0.028333333333333332,0.0014610705171867297,0.0,0.0
compound,LQR,10,0.35983167456690085,0.9304653679904603,25.025537324305393,0.0,0.06833333333333333,0.0014976811775203407,0.0,0.0
compound,LQR,11,0.4299501997970755,1.2100848070809356,35.64414042220908,0.0,0.03333333333333333,0.0014094200278704039,0.0,0.0
compound,LQR,12,0.23514945571057919,0.6505194360621211,20.472530584882357,0.0,0.0,0.001861261096418979,0.0,0.0
compound,LQR,13,0.26174997874685724,0.449819374196459,16.423140105315234,0.0,0.015,0.0011751844362788695,0.0,0.0
compound,LQR,14,0.2541956447574834,0.5353026611138119,18.163139545719073,0.0,0.005,0.0014077305008968885,0.0,0.0
compound,LQR,15,0.16217846165527422,0.32129350582439214,12.10585453552867,0.0,0.03833333333333333,0.001627930420206508,0.0,0.0
compound,LQR,16,0.3125695767757127,0.921991359723975,24.333584782253773,0.0,0.0016666666666666668,0.0014477370620479678,0.0,0.0
compound,LQR,17,0.1853482616786284,0.4987582485052442,7.838917612922468,0.0,0.02,0.0019266249610187846,0.0,0.0
compound,LQR,18,0.17908391204560642,0.40316289809701494,15.230073574723766,0.0,0.005,0.0012152957109330662,0.0,0.0
compound,LQR,19,0.28882441219778376,0.7698010397945406,15.619703034939555,0.0,0.045,0.001746557135057271,0.0,0.0
compound,LQR,20,0.19029978271718526,0.509857398822672,20.396836118127084,0.0,0.03833333333333333,0.0016554669671340536,0.0,0.0
compound,LQR,21,0.18997221963001365,0.637762506400654,9.426291036982919,0.0,0.056666666666666664,0.001739302642857955,0.0,0.0
compound,LQR,22,0.21923755517636925,0.5969484974882352,16.09244871030234,0.0,0.015,0.0011374268704414207,0.0,0.0
compound,LQR,23,0.20071350312927513,0.4610672693285062,12.24597353574162,0.0,0.02666666666666667,0.0011817334139761185,0.0,0.0
compound,LQR,24,0.2805578857622533,0.9262318168622508,15.23800693536159,0.0,0.06,0.001561687292349852,0.0,0.0
compound,LQR,25,0.21928040406161625,0.6634333434959626,11.138014125412989,0.0,0.043333333333333335,0.0017532021155645262,0.0,0.0
compound,LQR,26,0.3020159227242863,0.7109011357949283,22.418570594300938,0.0,0.023333333333333334,0.0013880452903625058,0.0,0.0
compound,LQR,27,0.19317326310538968,0.528040519372793,19.645790008324393,0.0,0.04,0.002146269875314452,0.0,0.0
compound,LQR,28,0.19785044152199055,0.654080328181339,9.328591724431817,0.0,0.0,0.001108659922055239,0.0,0.0
compound,LQR,29,0.1924190386063052,0.37597555135197547,12.744837434058022,0.0,0.021666666666666667,0.001948288311201144,0.0,0.0
compound,LQR,30,0.3051474544773726,0.7819341164328515,24.92048306602646,0.0,0.03833333333333333,0.0012446654599410916,0.0,0.0
compound,LQR,31,0.2157802744370876,0.8433512983698717,10.085572607443535,0.0,0.03333333333333333,0.001364681173165595,0.0,0.0
compound,LQR,32,0.2749944712487027,0.7875580278520167,22.197546976911095,0.0,0.01,0.0009685425857767192,0.0,0.0
compound,LQR,33,0.1892379683940259,0.38950731825562274,15.533844972824133,0.0,0.015,0.0012337573022200765,0.0,0.0
compound,LQR,34,0.22794357525626624,0.8302508194360505,6.8550240207244935,0.0,0.06333333333333334,0.0018816088347722267,0.0,0.0
compound,LQR,35,0.3431769727712459,1.0348497018106226,26.709666404572122,0.0,0.005,0.0010052657904374334,0.0,0.0
compound,LQR,36,0.2911968863891331,0.7222596178322472,23.07426295186409,0.0,0.03833333333333333,0.002308828702628047,0.0,0.0
compound,LQR,37,0.3018107850416246,1.0680965623171434,7.169246152583404,0.0,0.03666666666666667,0.0012572758031315098,0.0,0.0
compound,LQR,38,0.17759156443813373,0.3784025729865746,15.215397665332562,0.0,0.055,0.0014709802560203085,0.0,0.0
compound,LQR,39,0.2376856432452695,0.5939947504668325,20.997634126478015,0.0,0.0033333333333333335,0.0018525760250411338,0.0,0.0
compound,LQR,40,0.19047395132008038,0.48571936612073235,14.3787962461406,0.0,0.018333333333333333,0.0018448231644445981,0.0,0.0
compound,LQR,41,0.189708341415831,0.5847441228351292,7.86861991378774,0.0,0.025,0.0016525894439068027,0.0,0.0
compound,LQR,42,0.179167596587075,0.4970453021124415,12.893574954990802,0.0,0.008333333333333333,0.0012536973875189035,0.0,0.0
compound,LQR,43,0.22177971477007416,0.6690410548108221,9.375832788287816,0.0,0.0033333333333333335,0.001138018348735336,0.0,0.0
compound,LQR,44,0.1858986375210104,0.4125718337982218,14.959328820476903,0.0,0.03166666666666667,0.0016064001305783119,0.0,0.0
compound,LQR,45,0.24173425953988328,0.5685083867263233,18.461046775836248,0.0,0.0016666666666666668,0.0015435094598576307,0.0,0.0
compound,LQR,46,0.4372823467871164,1.1389826738667765,28.44472557809972,0.0,0.023333333333333334,0.002529703606767244,0.0,0.0
compound,LQR,47,0.3326107847636091,0.8496392242109742,25.05151016505169,0.0,0.01,0.0011987595385226921,0.0,0.0
compound,LQR,48,0.21049149527834232,0.3355795100264662,13.811351996268582,0.0,0.025,0.002117193032433116,0.0,0.0
compound,LQR,49,0.2970129755439746,0.7229026560209737,19.28990453772956,0.0,0.02,0.0013607878008393042,0.0,0.0
compound,LQR,50,0.19090253570043728,0.662009896584626,12.379317712196078,0.0,0.0,0.0010843342032622787,0.0,0.0
compound,LQR,51,0.24030954292660003,0.6895181386947647,12.176536769929285,0.0,0.03833333333333333,0.001606102093209764,0.0,0.0
compound,LQR,52,0.19693140986759178,0.7003235418547612,9.062567368168256,0.0,0.0033333333333333335,0.001727832930634651,0.0,0.0
compound,LQR,53,0.1497264613968046,0.34286483555363517,14.444790744733394,0.0,0.013333333333333334,0.0012823977011705763,0.0,0.0
compound,LQR,54,0.3663373542439787,0.938770225765558,21.6954279061364,0.0,0.02666666666666667,0.002120607454782641,0.0,0.0
compound,LQR,55,0.21084403861712162,0.40237260198824465,15.07729978012911,0.0,0.058333333333333334,0.001590526892078364,0.0,0.0
compound,LQR,56,0.30478667462984566,0.8108177724083299,23.470651908867385,0.0,0.01,0.001268939547031456,0.0,0.0
compound,LQR,57,0.36354677314081824,1.0697766498432904,27.488859941570606,0.0,0.011666666666666667,0.0011112182166251538,0.0,0.0
compound,LQR,58,0.2931199438842065,0.7074322005851265,18.50492851066588,0.0,0.016666666666666666,0.0018971234740061723,0.0,0.0
compound,LQR,59,0.21258923387343123,0.38597592096505656,17.21152941890044,0.0,0.0033333333333333335,0.0010522058502957844,0.0,0.0
compound,LQR,60,0.27576771912430975,0.7139465627020106,22.203930805622324,0.0,0.0016666666666666668,0.0010782276637442629,0.0,0.0
compound,LQR,61,0.2623865954962369,0.6472267284727222,18.100266917151874,0.0,0.058333333333333334,0.0019022878320935602,0.0,0.0
compound,LQR,62,0.2685865055271324,0.7469755430299347,11.129533218823667,0.0,0.03666666666666667,0.0023071732255231844,0.0,0.0
compound,LQR,63,0.24226583631914306,0.5377459965864986,18.28815530396031,0.0,0.0016666666666666668,0.0013264841455711911,0.0,0.0
compound,LQR,64,0.20734059919533881,0.685606422209335,10.793530260413899,0.0,0.043333333333333335,0.0016418886350602162,0.0,0.0
compound,LQR,65,0.2084016279651519,0.38522380194124245,12.584820563717958,0.0,0.0033333333333333335,0.0017009238407920794,0.0,0.0
compound,LQR,66,0.3862337177487131,1.0752262782845985,29.63539466391745,0.0,0.01,0.002109311805806689,0.0,0.0
compound,LQR,67,0.26953916523100374,0.6730112699695696,18.919063286527447,0.0,0.028333333333333332,0.0017123855047919542,0.0,0.0
compound,LQR,68,0.23519716542308508,0.6825134968125323,20.82519909312041,0.0,0.0016666666666666668,0.0008575024126951668,0.0,0.0
compound,LQR,69,0.19678954537070473,0.7897959325905981,6.385912751957581,0.0,0.005,0.0011076165440942218,0.0,0.0
compound,LQR,70,0.15547250189599465,0.2781677969209831,11.993958581462106,0.0,0.015,0.001777940051866047,0.0,0.0
compound,LQR,71,0.4435269061219073,1.154587436047409,28.027509912834013,0.0,0.04666666666666667,0.0019344528420597903,0.0,0.0
compound,LQR,72,0.23908089256127832,0.5630640031092978,16.40989469033994,0.0,0.075,0.0020147149284299886,0.0,0.0
compound,LQR,73,0.2757579586754185,0.6346367259044807,26.701614920169597,0.0,0.035,0.002068133825955434,0.0,0.0
compound,LQR,74,0.15817461576348474,0.27687008523373685,9.186968634246327,0.0,0.06333333333333334,0.0019151349026803846,0.0,0.0
compound,LQR,75,0.35162160659473823,0.9738766047483549,24.84788014675646,0.0,0.015,0.0012042787270713684,0.0,0.0
compound,LQR,76,0.4002163949182456,1.000641832600785,31.83565649021121,0.0,0.07166666666666667,0.0017016966774677878,0.0,0.0
compound,LQR,77,0.21182954795243253,0.7977690925541678,8.123141831405778,0.0,0.043333333333333335,0.0015219227761608816,0.0,0.0
compound,LQR,78,0.2952501154998583,0.7250507292956737,23.219231046539345,0.0,0.013333333333333334,0.002141058925154955,0.0,0.0
compound,LQR,79,0.3426215254582059,0.9334293766587889,27.13075331717432,0.0,0.03833333333333333,0.0015724270572123795,0.0,0.0
compound,LQR,80,0.28354853301402055,0.9196379170363211,10.137955503725117,0.0,0.006666666666666667,0.0013831084063085407,0.0,0.0
compound,LQR,81,0.5492795705706619,1.415674476989773,42.563073410510285,0.0,0.03333333333333333,0.0024187705164521373,0.0,0.0
compound,LQR,82,0.21297622464933452,0.530412177212618,10.630875365953884,0.0,0.04,0.002465970738411774,0.0,0.0
compound,LQR,83,0.20651969499112008,0.3335122189176636,15.331174600931941,0.0,0.01,0.0014322560223619506,0.0,0.0
compound,LQR,84,0.2280889788131913,0.4784795167431215,18.352252670474137,0.0,0.018333333333333333,0.0019402116543861992,0.0,0.0
compound,LQR,85,0.23508371783840545,0.49730309900964065,16.504912549423953,0.0,0.03666666666666667,0.001608179203620689,0.0,0.0
compound,LQR,86,0.31429515584081164,0.9537419805814263,25.302215675585188,0.0,0.013333333333333334,0.0011478734112672728,0.0,0.0
compound,LQR,87,0.3442479400997903,0.9423435469427188,24.968571966589597,0.0,0.018333333333333333,0.0019847208417383246,0.0,0.0
compound,LQR,88,0.1295281216978993,0.26060295229738156,10.707301184764665,0.0,0.02,0.0010920113878520655,0.0,0.0
compound,LQR,89,0.2215837349555907,0.760274537499363,10.150388818701021,0.0,0.0033333333333333335,0.0009935232902569741,0.0,0.0
compound,LQR,90,0.2552071515419232,0.6380620488658162,14.832834147333092,0.0,0.043333333333333335,0.001708894660409537,0.0,0.0
compound,LQR,91,0.22840831336125003,0.8169968926540285,9.636091902940874,0.0,0.051666666666666666,0.0016813814189889664,0.0,0.0
compound,LQR,92,0.37613268199696726,0.9484541616431857,29.52416664029541,0.0,0.051666666666666666,0.0015656351807498395,0.0,0.0
compound,LQR,93,0.31991831636712525,0.765581880602845,22.16240130646769,0.0,0.035,0.0020556299393941374,0.0,0.0
compound,LQR,94,0.21867625056065965,0.4649573781436564,14.47422813633022,0.0,0.05333333333333334,0.0017499885588963082,0.0,0.0
compound,LQR,95,0.201376016764407,0.6142393968510069,10.39222698862129,0.0,0.006666666666666667,0.001761093659613964,0.0,0.0
compound,LQR,96,0.298920700273434,0.9211267590326857,24.269580172981524,0.0,0.0016666666666666668,0.0013536453508729963,0.0,0.0
compound,LQR,97,0.32892864051550563,0.8438050598617669,21.87047005616319,0.0,0.018333333333333333,0.0011436462492796042,0.0,0.0
compound,LQR,98,0.1747994872229803,0.3930952751766551,17.40387430191946,0.0,0.02666666666666667,0.0020646555019681765,0.0,0.0
compound,LQR,99,0.2678012947129742,0.7113331256066513,23.515793748275204,0.0,0.055,0.00173652000034919,0.0,0.0
compound,LMPC-H40,0,0.34073377458086934,1.1197021357997257,51.30696116701478,0.0,0.04833333333333333,0.003465607798953032,0.0,0.0
compound,LMPC-H40,1,0.09534740649669127,0.28534473416680345,17.77216354774268,0.0,0.16,0.0027055019277564467,0.0,0.0
compound,LMPC-H40,2,0.25120315300383306,0.8232321939551229,31.885332984286887,0.0,0.06,0.002660893947616315,0.0,0.0
compound,LMPC-H40,3,0.15441080836313728,0.7562447922148057,10.44962758408257,0.0,0.051666666666666666,0.0024455274727854014,0.0,0.0
compound,LMPC-H40,4,0.287149526922719,0.9284855744880308,107.48900590422166,1.0,0.16833333333333333,0.004691191524817231,0.0,0.0
compound,LMPC-H40,5,0.24316317862781545,0.8314050757494464,34.01551237289641,0.0,0.02666666666666667,0.002634475097569144,0.0,0.0
compound,LMPC-H40,6,0.23442849942115415,0.7078650587620089,39.753527878951196,0.0,0.07333333333333333,0.0034133390329433625,0.0,0.0
compound,LMPC-H40,7,0.3302303420020345,1.0038990778352588,80.04403076824244,0.0,0.16166666666666665,0.003416143518344464,0.0,0.0
compound,LMPC-H40,8,0.2701630131933322,0.8252505067306765,97.07200659615917,1.0,0.135,0.005181502531331799,0.0,0.0
compound,LMPC-H40,9,0.28212445831851596,0.9025528478065974,58.56716127751425,0.0,0.12333333333333334,0.002840536100606898,0.0,0.0
compound,LMPC-H40,10,0.2934680722210345,0.9494603928722639,36.151339241389614,0.0,0.20666666666666667,0.002611719736790102,0.0,0.0
compound,LMPC-H40,11,76.90845043169344,172.1011624015148,179.33654049649573,1.0,0.9433333333333334,0.024984589359572394,0.0,0.0
compound,LMPC-H40,12,0.19584286908336113,0.6459280631506968,28.89765721714991,0.0,0.03833333333333333,0.0032460836335922055,0.0,0.0
compound,LMPC-H40,13,0.15818236687680962,0.45375595281574266,22.76690150968276,0.0,0.15,0.0026494472791569156,0.0,0.0
compound,LMPC-H40,14,0.16637942790210256,0.5337846505500708,24.76420913722619,0.0,0.06333333333333334,0.0032004617292022966,0.0,0.0
compound,LMPC-H40,15,0.08829316793074246,0.25976748634962343,15.933855143919798,0.0,0.17333333333333334,0.00294730658055845,0.0,0.0
compound,LMPC-H40,16,0.26770125739017364,0.9214319544878906,36.19911290095958,0.0,0.041666666666666664,0.0031938769422761356,0.0,0.0
compound,LMPC-H40,17,0.12239122516794673,0.4987582485052442,7.838917612922468,0.0,0.08333333333333333,0.0036181622853578474,0.0,0.0
compound,LMPC-H40,18,0.11801988126242142,0.38544463795923367,20.61376288619755,0.0,0.056666666666666664,0.002565673125963519,0.0,0.0
compound,LMPC-H40,19,0.24900939532147678,0.7698010397945406,71.24557356933218,0.0,0.17666666666666667,0.0029749564490132024,0.0,0.0
compound,LMPC-H40,20,0.16752042267751188,0.5220219171011402,38.41740473253077,0.0,0.21833333333333332,0.0027948765351440306,0.0,0.0
compound,LMPC-H40,21,0.13917812088664255,0.637762506400654,12.841276445183484,0.0,0.20166666666666666,0.002987146371627611,0.0,0.0
compound,LMPC-H40,22,0.1646272010604265,0.5969484974882352,22.32492036322423,0.0,0.08166666666666667,0.0025737399782048277,0.0,0.0
compound,LMPC-H40,23,0.08618780512758106,0.4610672693285062,14.587211287800757,0.0,0.13833333333333334,0.0024240285663312657,0.0,0.0
compound,LMPC-H40,24,0.22170793786186607,0.9262318168622508,15.851781125495172,0.0,0.2,0.002677691111384763,0.0,0.0
compound,LMPC-H40,25,0.14471310821235916,0.6634333434959626,14.973199172963081,0.0,0.18833333333333332,0.0032824791021095114,0.0,0.0
compound,LMPC-H40,26,0.19768579821088403,0.6502467534171655,30.330672054834146,0.0,0.11333333333333333,0.0025927069611099323,0.0,0.0
compound,LMPC-H40,27,0.1510690474463344,0.528040519372793,78.30559000692423,0.0,0.11833333333333333,0.004075260559685962,0.0,0.0
compound,LMPC-H40,28,0.12979724238421936,0.653779139233104,10.592336646344972,0.0,0.043333333333333335,0.002399491723589189,0.0,0.0
compound,LMPC-H40,29,0.13771705212446586,0.37414818562627533,19.775257128278632,0.0,0.08833333333333333,0.003472426079696882,0.0,0.0
compound,LMPC-H40,30,0.2040224487532631,0.6911738413480167,31.248255945561972,0.0,0.14833333333333334,0.0022506459158983705,0.0,0.0
compound,LMPC-H40,31,0.18293141633985843,0.8433512983698717,15.018093310897742,0.0,0.11166666666666666,0.0025246047790237875,0.0,0.0
compound,LMPC-H40,32,0.2298828706105467,0.7967181850590085,31.346210357834394,0.0,0.075,0.0023512623084549896,0.0,0.0
compound,LMPC-H40,33,0.09850578099997329,0.38950731825562274,15.52247818293388,0.0,0.07333333333333333,0.002467065723407375,0.0,0.0
compound,LMPC-H40,34,0.2323418902239609,0.8302508194360505,45.670549636849735,0.0,0.215,0.003489283204957033,0.0,0.0
compound,LMPC-H40,35,0.29862801446698267,1.0533243347226533,38.61301554368969,0.0,0.115,0.002320163321669336,0.0,0.0
compound,LMPC-H40,36,0.2616388257579224,0.7535053288691423,85.44019658513712,1.0,0.11333333333333333,0.004524189100955711,0.0,0.0
compound,LMPC-H40,37,0.2628400129143298,1.0680965623171434,14.16992691806746,0.0,0.16,0.0025590779896038644,0.0,0.0
compound,LMPC-H40,38,0.0773799962525385,0.313792710348779,15.890695297057297,0.0,0.16833333333333333,0.0025399911716348597,0.0,0.0
compound,LMPC-H40,39,0.15406021958582428,0.5143764291085505,26.14759405370662,0.0,0.013333333333333334,0.003043625250796432,0.0,0.0
compound,LMPC-H40,40,0.10377140247776483,0.48571936612073235,15.38565151726039,0.0,0.075,0.0032186405410050754,0.0,0.0
compound,LMPC-H40,41,0.12129784292269442,0.5847441228351292,7.599187932123458,0.0,0.10833333333333334,0.0029415749590156618,0.0,0.0
compound,LMPC-H40,42,0.08726820016325885,0.4970453021124415,12.776391804118239,0.0,0.08,0.002766210639579515,0.0,0.0
compound,LMPC-H40,43,0.1471385328432056,0.66830702298029,8.888556408284595,0.0,0.03833333333333333,0.0024831843789018125,0.0,0.0
compound,LMPC-H40,44,0.149770982138925,0.41783744424306285,22.463271446712298,0.0,0.12166666666666667,0.0030293031089569846,0.0,0.0
compound,LMPC-H40,45,0.16232208681188595,0.5492875610521861,25.680858901281656,0.0,0.03333333333333333,0.0029533517342500365,0.0,0.0
compound,LMPC-H40,46,0.39504095965195807,1.1640522497865164,47.655041505671704,0.0,0.07666666666666666,0.00428588065478725,0.0,0.0
compound,LMPC-H40,47,0.22508092896638704,0.769340785165856,32.82949562663801,0.0,0.09166666666666666,0.0022624509599497213,0.0,0.0
compound,LMPC-H40,48,0.10471862136538655,0.2980560717090259,19.730929029707553,0.0,0.09333333333333334,0.0038907162012808594,0.0,0.0
compound,LMPC-H40,49,0.2206950263141876,0.7142162644306657,28.86338387305293,0.0,0.105,0.0024734359085389107,0.0,0.0
compound,LMPC-H40,50,0.1340109126756688,0.6618087527500923,12.725766370605939,0.0,0.05333333333333334,0.002553660700614878,0.0,0.0
compound,LMPC-H40,51,0.15808986428423452,0.6895181386947647,23.24544760411951,0.0,0.14833333333333334,0.0029611300179352507,0.0,0.0
compound,LMPC-H40,52,0.1528541546785359,0.6997562350262599,10.198560655917047,0.0,0.028333333333333332,0.002840620629851728,0.0,0.0
compound,LMPC-H40,53,0.100886621721078,0.31856984376955494,18.808878631629653,0.0,0.09333333333333334,0.0026649501158618138,0.0,0.0
compound,LMPC-H40,54,0.3211826130365095,0.9343243714852848,54.30476358641257,0.0,0.08,0.0035625163916554576,0.0,0.0
compound,LMPC-H40,55,0.10381191899103537,0.40237260198824465,15.613216789271275,0.0,0.16666666666666666,0.0027298645793650284,0.0,0.0
compound,LMPC-H40,56,0.2222750420706067,0.7471260327553787,32.134881782145136,0.0,0.06333333333333334,0.0024988898948327823,0.0,0.0
compound,LMPC-H40,57,0.29497843382510913,1.0593885567056753,39.85710299392645,0.0,0.09,0.0025290067352049497,0.0,0.0
compound,LMPC-H40,58,0.2263405942833512,0.6975570628662927,27.306134423672795,0.0,0.06833333333333333,0.0034097663338086303,0.0,0.0
compound,LMPC-H40,59,0.10427411808913963,0.25935551641045623,17.591119780686075,0.0,0.06166666666666667,0.002421517491913798,0.0,0.0
compound,LMPC-H40,60,0.20441553387879585,0.682140106938297,29.977096569254822,0.0,0.04,0.0025541009211758024,0.0,0.0
compound,LMPC-H40,61,0.2069961164139982,0.6472029354512218,64.9806017140963,0.0,0.21833333333333332,0.0032696471091746416,0.0,0.0
compound,LMPC-H40,62,0.23137954244774608,0.7469755430299347,70.74165980296023,0.0,0.135,0.004132375600614203,0.0,0.0
compound,LMPC-H40,63,0.16583366420381354,0.5337863113256421,25.388371189416123,0.0,0.035,0.0027385691066993487,0.0,0.0
compound,LMPC-H40,64,0.1373642970439661,0.685606422209335,11.312436151507171,0.0,0.19833333333333333,0.002789178645265944,0.0,0.0
compound,LMPC-H40,65,0.07562430605815061,0.38522380194124245,12.249820183222319,0.0,0.05333333333333334,0.0032769076465751943,0.0,0.0
compound,LMPC-H40,66,0.29107331460347396,1.0028609893209073,40.92975637795244,0.0,0.035,0.003436991459994815,0.0,0.0
compound,LMPC-H40,67,0.21923167163450383,0.662294346205677,32.24636169888691,0.0,0.1,0.002995428345031855,0.0,0.0
compound,LMPC-H40,68,0.20071131188483154,0.6685145340571335,29.35691299482136,0.0,0.065,0.0023228175865989795,0.0,0.0
compound,LMPC-H40,69,0.1634004408131055,0.7897627422565336,10.894875195542994,0.0,0.08,0.0026306814203433736,0.0,0.0
compound,LMPC-H40,70,0.07074561284289259,0.26629645029797516,13.609673537804543,0.0,0.07166666666666667,0.0032940455076370706,0.0,0.0
compound,LMPC-H40,71,0.3763390623516625,1.1483600981835023,110.11113750823353,1.0,0.19833333333333333,0.004317618960781011,0.0,0.0
compound,LMPC-H40,72,0.19091662360876763,0.55983439322971,33.44457687849186,0.0,0.2783333333333333,0.003358218219428797,0.0,0.0
compound,LMPC-H40,73,0.2199261725484083,0.6739728276000594,106.14642793672309,1.0,0.13,0.004532811199623396,0.0,0.0
compound,LMPC-H40,74,0.059454163818331726,0.27687008523373685,16.870854663086988,0.0,0.23666666666666666,0.003131155055461403,0.0,0.0
compound,LMPC-H40,75,0.2854359453952428,0.9582809686540751,37.713342807192745,0.0,0.056666666666666664,0.0024583426086181564,0.0,0.0
compound,LMPC-H40,76,0.30117867226077055,0.9950472368174879,64.64955388210036,0.0,0.17333333333333334,0.0028411057248671277,0.0,0.0
compound,LMPC-H40,77,0.16887194340554879,0.7977713230760944,10.356160467915238,0.0,0.16,0.0025372653378124693,0.0,0.0
compound,LMPC-H40,78,0.23117963990360957,0.720643170774816,36.21138373940043,0.0,0.058333333333333334,0.003462925707948498,0.0,0.0
compound,LMPC-H40,79,0.27311480994351606,0.905858509454234,40.37165730052351,0.0,0.17166666666666666,0.002682072519806085,0.0,0.0
compound,LMPC-H40,80,0.21319889732803318,0.9195192665419717,13.279802474920954,0.0,0.051666666666666666,0.0025278777518545877,0.0,0.0
compound,LMPC-H40,81,71.8010328005169,157.7338459671125,179.73526258372885,1.0,0.955,0.025435578130184204,0.0,0.0
compound,LMPC-H40,82,0.1260297684746904,0.530412177212618,40.511577456125615,0.0,0.15333333333333332,0.0044965787772717515,0.0,0.0
compound,LMPC-H40,83,0.08097577595280281,0.22266483511848717,15.697693412972002,0.0,0.051666666666666666,0.0025590663708208844,0.0,0.0
compound,LMPC-H40,84,0.17921882816385393,0.5108097547990531,28.679172190939873,0.0,0.07833333333333334,0.003377458823222952,0.0,0.0
compound,LMPC-H40,85,0.1555208498154152,0.4864568223363715,22.821346257670534,0.0,0.165,0.002782151844665892,0.0,0.0
compound,LMPC-H40,86,0.28401575631459,0.9741586224094299,35.39184581495519,0.0,0.14,0.002607858405303563,0.0,0.0
compound,LMPC-H40,87,0.2953403308469228,0.9370608463879244,38.61086115195068,0.0,0.04,0.003356605356659319,0.0,0.0
compound,LMPC-H40,88,0.05812855259926768,0.23626252204064443,11.119229425699638,0.0,0.11833333333333333,0.0021887171937450337,0.0,0.0
compound,LMPC-H40,89,0.17952832387314904,0.7593525722055464,11.2204071679615,0.0,0.095,0.0023171482939422653,0.0,0.0
compound,LMPC-H40,90,0.2002677039087754,0.6380620488658162,48.10417024376072,0.0,0.15,0.0032340781313379766,0.0,0.0
compound,LMPC-H40,91,0.1934882661155836,0.8169968926540285,23.47181027461051,0.0,0.185,0.003159134371644583,0.0,0.0
compound,LMPC-H40,92,0.2934613200671904,0.9704624872480522,83.63444977131087,0.0,0.14,0.003019844958928883,0.0,0.0
compound,LMPC-H40,93,0.26748480271471325,0.7686300852141053,80.9829422070898,0.0,0.12166666666666667,0.0038159959715091717,0.0,0.0
compound,LMPC-H40,94,0.15764663178924598,0.4649573781436564,62.02929565399809,0.0,0.18666666666666668,0.0031839719568807876,0.0,0.0
compound,LMPC-H40,95,0.12383188171018483,0.6142393968510069,11.273142355394027,0.0,0.045,0.00323776779037418,0.0,0.0
compound,LMPC-H40,96,0.2700282144359445,0.9328291818461939,35.37645160063297,0.0,0.04833333333333333,0.002888256660850538,0.0,0.0
compound,LMPC-H40,97,0.23857837922970412,0.8289815089108513,32.49116489252154,0.0,0.08833333333333333,0.002187172725604039,0.0,0.0
compound,LMPC-H40,98,0.11673676548843354,0.3930952751766551,25.123646436557166,0.0,0.07166666666666667,0.0034895315637893123,0.0,0.0
compound,LMPC-H40,99,0.23436038868546694,0.7139360014167568,41.281801160000555,0.0,0.19166666666666668,0.0029933676406504045,0.0,0.0
compound,PD+MLP+RTA,0,0.4426879496091376,1.1879887141942194,35.69352611550056,0.0,0.0,0.0009198447830512887,0.0,0.00748337379836176
compound,PD+MLP+RTA,1,0.18003218058803105,0.35188114922738567,14.102188170386016,0.0,0.0,0.00042506265152867577,0.0,0.006173387856227567
compound,PD+MLP+RTA,2,0.3086924905133908,0.8577662431889543,21.528105493704523,0.0,0.0,0.0004000062541919044,0.0,0.005940218697776299
compound,PD+MLP+RTA,3,0.16939571117373695,0.7563328042631985,10.234463533382723,0.0,0.0,0.0002811460328288841,0.0,0.004998705670884618
compound,PD+MLP+RTA,4,0.2937519729869908,0.8198509548970553,24.807195772749942,0.0,0.0,0.00030944000321282645,0.0,0.004858416323669362
compound,PD+MLP+RTA,5,0.3343985061684174,0.9113309508835696,23.453634770182088,0.0,0.0,0.000661507456666801,0.0,0.006931729675370339
compound,PD+MLP+RTA,6,0.31111187102882765,0.7330001514677447,22.511673673716135,0.0,0.0,0.0008833456889155109,0.0,0.007994425337622795
compound,PD+MLP+RTA,7,0.35774327683217705,1.068922468920242,21.095646788338485,0.0,0.0,0.00042098086336005006,0.0,0.005103530258428481
compound,PD+MLP+RTA,8,0.3521479353388981,0.7740750194817563,20.79460456979575,0.0,0.0,0.0011369994563985091,0.0,0.008318663399451694
compound,PD+MLP+RTA,9,0.3023320426017116,0.8244089629311543,27.3471587946,0.0,0.0,0.0003078612130247276,0.0,0.005332806017509545
compound,PD+MLP+RTA,10,0.4418160763062806,0.9858408735989601,24.20213879650216,0.0,0.0,0.0006946609725085964,0.0,0.008631610401736581
compound,PD+MLP+RTA,11,0.4001414317052628,1.1730176222840443,33.10765622538364,0.0,0.0,0.0002771154101078006,0.0,0.005789174083139372
compound,PD+MLP+RTA,12,0.36606041597208144,0.7652446446772011,25.771834423677845,0.0,0.0,0.0011751617436290183,0.0,0.008567579800213838
compound,PD+MLP+RTA,13,0.27728253277248693,0.586787628872145,19.387603270998145,0.0,0.0,0.0003552111063888988,0.0,0.00707063800639859
compound,PD+MLP+RTA,14,0.253387500972843,0.6347564339197178,20.180219207147076,0.0,0.0,0.0004715072291206099,0.0,0.006100513561375273
compound,PD+MLP+RTA,15,0.20256997311077635,0.3530709620399902,12.848627220333643,0.0,0.0,0.0004817390088451856,0.0,0.007279742594526815
compound,PD+MLP+RTA,16,0.3936124345202598,1.0354740772782896,31.777138846902368,0.0,0.0,0.0006713925678276728,0.0,0.006796727702269881
compound,PD+MLP+RTA,17,0.21091457937359678,0.4990922444621463,8.379523271728944,0.0,0.0,0.0006612897895135577,0.0,0.006839522770208521
compound,PD+MLP+RTA,18,0.1665879953618598,0.43015244980354184,16.391610861942738,0.0,0.0,0.000337204330877044,0.0,0.004835974310678563
compound,PD+MLP+RTA,19,0.31172535766625137,0.8359154989816364,14.713193493364315,0.0,0.0,0.00043574389347780036,0.0,0.006736827494994446
compound,PD+MLP+RTA,20,0.26989131625362484,0.5512832080204585,19.222685262838628,0.0,0.0,0.0005162319603412599,0.0,0.008149962889499008
compound,PD+MLP+RTA,21,0.26909940590404174,0.638250290042718,9.261747209194542,0.0,0.0,0.0006904274796105834,0.0,0.008168948429579345
compound,PD+MLP+RTA,22,0.19999194841234166,0.5977321424913857,16.00957856936339,0.0,0.0,0.00028088348824432057,0.0,0.005236328804564109
compound,PD+MLP+RTA,23,0.20533573424507545,0.46225022502449936,16.255345315708368,0.0,0.0,0.0005134898638196404,0.0,0.007744883721554013
compound,PD+MLP+RTA,24,0.34697753576092766,0.9270469721647666,15.822438395293233,0.0,0.0,0.0006996700744265877,0.0,0.008441624565931257
compound,PD+MLP+RTA,25,0.19907796627026902,0.6643353482594367,10.820848482435906,0.0,0.0,0.0003519470601221429,0.0,0.0047365423795138
compound,PD+MLP+RTA,26,0.2991030254137619,0.7755423903590523,24.048032048686647,0.0,0.0,0.00033807129523923503,0.0,0.0065090293645958955
compound,PD+MLP+RTA,27,0.2563176307215659,0.5396023868378781,13.857550544570868,0.0,0.0,0.0006760090717152201,0.0,0.006692293707209743
compound,PD+MLP+RTA,28,0.16525898498217842,0.6541706345591455,9.876425067916733,0.0,0.0,0.0004903460353787883,0.0,0.006249267215759921
compound,PD+MLP+RTA,29,0.23730520078852257,0.514863179615317,13.891424630149796,0.0,0.0,0.0006739538227319114,0.0,0.006682632229723817
compound,PD+MLP+RTA,30,0.3642678033317703,0.9027735778005408,30.728476940289596,0.0,0.0,0.0005110491155199907,0.0,0.008156173740983843
compound,PD+MLP+RTA,31,0.21699240967628444,0.8438166779033743,10.284856730412029,0.0,0.0,0.00036993607615179235,0.0,0.006287612802885514
compound,PD+MLP+RTA,32,0.2729412121714291,0.809985386094006,20.601823827108177,0.0,0.0,0.00021514155317746045,0.0,0.004750327977718888
compound,PD+MLP+RTA,33,0.13404902729974583,0.3892568712576776,16.252680973898915,0.0,0.0,0.0002934849131932163,0.0,0.004725212897344483
compound,PD+MLP+RTA,34,0.24503458836847292,0.8310934272866518,6.600040036651825,0.0,0.0,0.0004755769362294861,0.0,0.006420226022823523
compound,PD+MLP+RTA,35,0.3664288675094501,1.0593909081740198,24.014959166928534,0.0,0.0,0.0002686777769987218,0.0,0.005868148027155147
compound,PD+MLP+RTA,36,0.34206020913218904,0.827104817523129,22.486309327881102,0.0,0.0,0.0008769567296801179,0.0,0.008053993446346046
compound,PD+MLP+RTA,37,0.33623941664021734,1.0688004315740114,10.039333722916487,0.0,0.0,0.00038420272099532875,0.0,0.007207974652083046
compound,PD+MLP+RTA,38,0.20028068408228383,0.3708525902895991,15.951674332924489,0.0,0.0,0.00047350898073344723,0.0,0.0069930740736942375
compound,PD+MLP+RTA,39,0.3290394051056276,0.7080235599495273,26.00994267730017,0.0,0.0,0.001084262496612286,0.0,0.008435459613335243
compound,PD+MLP+RTA,40,0.22389880970251752,0.4864875809935946,17.90634071874692,0.0,0.0,0.00066556602327316,0.0,0.007161715566153399
compound,PD+MLP+RTA,41,0.19531561930141259,0.5851891557825615,6.894450639095128,0.0,0.0,0.0005021044647864667,0.0,0.006097715092576023
compound,PD+MLP+RTA,42,0.14122568900518634,0.49807274447930183,12.818947499163606,0.0,0.0,0.0003747752522746585,0.0,0.005360955613521908
compound,PD+MLP+RTA,43,0.2062168753969344,0.6687894972649913,10.472478213697359,0.0,0.0,0.0004374751217197151,0.0,0.005943041954776305
compound,PD+MLP+RTA,44,0.1881669653311614,0.5084489680430769,16.995717418963167,0.0,0.0,0.0003611963982824005,0.0,0.0050879278555278
compound,PD+MLP+RTA,45,0.2833249017134708,0.636920678641819,19.67703640336851,0.0,0.0,0.0007380472129340945,0.0,0.007681657120505043
compound,PD+MLP+RTA,46,0.467401452397747,1.1691311971918468,27.954954936972005,0.0,0.0,0.001240023514833435,0.0,0.008575007840351059
compound,PD+MLP+RTA,47,0.3436735688027976,0.9578918181835709,30.047688767427978,0.0,0.0,0.00027747453593206554,0.0,0.005447465894021178
compound,PD+MLP+RTA,48,0.22059366194293284,0.4226928918466298,14.473395217025153,0.0,0.0,0.0007205259245085275,0.0,0.006996890631752372
compound,PD+MLP+RTA,49,0.27042138056382264,0.7573862761091544,18.57254879386878,0.0,0.0,0.0002794765643084136,0.0,0.005135638406147837
compound,PD+MLP+RTA,50,0.17902233289877345,0.6621882724412806,13.03807495848371,0.0,0.0,0.0003994188399522544,0.0,0.00590869487460681
compound,PD+MLP+RTA,51,0.20581106118006282,0.6902419843857162,12.657298391828691,0.0,0.0,0.00039159651264798246,0.0,0.005470999849279876
compound,PD+MLP+RTA,52,0.2838019671153889,0.6997647393846936,9.127234802078814,0.0,0.0,0.0008627439287612774,0.0,0.008066862113628576
compound,PD+MLP+RTA,53,0.14749118028356373,0.41045091241464615,13.20176130103376,0.0,0.0,0.0002914782103142043,0.0,0.004940890279308253
compound,PD+MLP+RTA,54,0.38116432715630294,1.0134547490355907,24.099384737066305,0.0,0.0,0.0008748693218483015,0.0,0.008031854997217931
compound,PD+MLP+RTA,55,0.19273956651637894,0.4026258989205822,16.007046072319245,0.0,0.0,0.000487225876329437,0.0,0.006546932069209946
compound,PD+MLP+RTA,56,0.30579953658567227,0.8753992403224237,24.612653467237255,0.0,0.0,0.00031413600563175647,0.0,0.005012248053043795
compound,PD+MLP+RTA,57,0.39888590688742964,1.1517660054209962,28.523456522424027,0.0,0.0,0.0002176600525514356,0.0,0.005323025458520524
compound,PD+MLP+RTA,58,0.31170523110633386,0.7842171570604365,21.220240415123587,0.0,0.0,0.0007617799620974835,0.0,0.007857404052306694
compound,PD+MLP+RTA,59,0.15673405032028812,0.29881260377175944,16.611768572298047,0.0,0.0,0.00039727243208151044,0.0,0.0053079318541077135
compound,PD+MLP+RTA,60,0.30415681538989475,0.8645814611274871,28.288793575280213,0.0,0.0,0.00029835863448008363,0.0,0.005151226840101585
compound,PD+MLP+RTA,61,0.3031339435279629,0.7327008616325231,16.33630790248293,0.0,0.0,0.0005316011937504569,0.0,0.007507476903470831
compound,PD+MLP+RTA,62,0.304368826175044,0.747401989409276,10.943590746019714,0.0,0.0,0.000761244541400036,0.0,0.007748347653390394
compound,PD+MLP+RTA,63,0.2667418890293075,0.6447646999988814,21.358398169364328,0.0,0.0,0.0005534840800022538,0.0,0.006478170489218993
compound,PD+MLP+RTA,64,0.23702567333210003,0.6858870981031647,11.51815877306986,0.0,0.0,0.0005610300633209237,0.0,0.0073500270075199615
compound,PD+MLP+RTA,65,0.246457009802848,0.3862473846455086,11.61703543253495,0.0,0.0,0.0008928749072319379,0.0,0.008152230594677446
compound,PD+MLP+RTA,66,0.4530703847912308,1.1358883417701993,35.23138163498312,0.0,0.0,0.0012919627191834407,0.0,0.008292399131727102
compound,PD+MLP+RTA,67,0.26668338479378567,0.741651301280802,17.958768755890056,0.0,0.0,0.0004965307949235263,0.0,0.005731981853790423
compound,PD+MLP+RTA,68,0.28751370182596814,0.822372952765011,27.113448979597653,0.0,0.0,0.00021310932755227354,0.0,0.004907683620697776
compound,PD+MLP+RTA,69,0.19013004136503941,0.7903724764932655,7.512529906360878,0.0,0.0,0.00037214966037952944,0.0,0.005416606671607109
compound,PD+MLP+RTA,70,0.18809982894022026,0.3049104383152266,11.712023649347177,0.0,0.0,0.0006222247326551719,0.0,0.006996537411169158
compound,PD+MLP+RTA,71,0.41507614711010676,1.2010672093182442,24.939279768716684,0.0,0.0,0.0004014095825468106,0.0,0.005713634642168509
compound,PD+MLP+RTA,72,0.3108040303807501,0.6481734689721669,14.011369793279533,0.0,0.0,0.0007242525449960866,0.0,0.0085798860196237
compound,PD+MLP+RTA,73,0.2557058252057731,0.6414528794172775,18.58026730204967,0.0,0.0,0.0005692938879884094,0.0,0.0060212419926830895
compound,PD+MLP+RTA,74,0.24940584140742872,0.31845191013067553,9.359138558483016,0.0,0.0,0.0007097227367677541,0.0,0.008118342247721165
compound,PD+MLP+RTA,75,0.34525904578696126,1.0086299057736154,23.170052820169722,0.0,0.0,0.00032673030570583343,0.0,0.004929150316097447
compound,PD+MLP+RTA,76,0.40129034645121847,1.0046029176048326,30.583467760146384,0.0,0.0,0.000511758170636917,0.0,0.007214825798867893
compound,PD+MLP+RTA,77,0.2523790803319948,0.7978812033769523,9.973702923677376,0.0,0.0,0.0005775533817288635,0.0,0.007902706037316265
compound,PD+MLP+RTA,78,0.36416187654797805,0.7810692339717016,25.993712295509972,0.0,0.0,0.001107256263639828,0.0,0.008652360364732685
compound,PD+MLP+RTA,79,0.3853195709154129,0.9766505743325906,26.53180027520983,0.0,0.0,0.0004797385638881618,0.0,0.00759053285383081
compound,PD+MLP+RTA,80,0.2945368235033247,0.9191570784242209,10.449582656318565,0.0,0.0,0.0005508633852370675,0.0,0.007065891135906708
compound,PD+MLP+RTA,81,0.4819738665193753,1.28657191052035,33.94090969482579,0.0,0.0,0.0010108841101204608,0.0,0.007852000717014859
compound,PD+MLP+RTA,82,0.2828584943215057,0.5898651095978887,11.315693130839039,0.0,0.0,0.0008525252524995456,0.0,0.007641282415683992
compound,PD+MLP+RTA,83,0.1851467588590954,0.42958603644254556,19.349704742477353,0.0,0.0,0.0005463163922709243,0.0,0.006696336799268618
compound,PD+MLP+RTA,84,0.27565678048895664,0.5713376614483868,16.008023332927657,0.0,0.0,0.0007756074350399432,0.0,0.007426151450854848
compound,PD+MLP+RTA,85,0.23030246307166147,0.547322067655585,13.780328242237692,0.0,0.0,0.0004676180772269347,0.0,0.0065177866957644316
compound,PD+MLP+RTA,86,0.3418425515081312,0.9796669749564578,21.843651685101833,0.0,0.0,0.0002989363343551166,0.0,0.006216964659042694
compound,PD+MLP+RTA,87,0.39194088422463286,0.9944444951528705,26.613559522236418,0.0,0.0,0.0010064291097887875,0.0,0.007706141000019617
compound,PD+MLP+RTA,88,0.13367211264924483,0.25852581514005685,15.247541311178896,0.0,0.0,0.0003414929419052136,0.0,0.006233921031075003
compound,PD+MLP+RTA,89,0.23373010910997785,0.760042460987728,11.121393317488268,0.0,0.0,0.00027962597151638365,0.0,0.0054828889199427236
compound,PD+MLP+RTA,90,0.2440545758684755,0.7152319715142554,15.532567665316671,0.0,0.0,0.00034220715587508104,0.0,0.004878431509138457
compound,PD+MLP+RTA,91,0.23459190786622558,0.817715362263127,9.672538177223833,0.0,0.0,0.0003861104834186391,0.0,0.005830393408033894
compound,PD+MLP+RTA,92,0.34251952422951737,0.9526777527490639,25.206543964927445,0.0,0.0,0.0003496170295370721,0.0,0.006141988510247567
compound,PD+MLP+RTA,93,0.324880314308427,0.8580474627398125,20.794486671459374,0.0,0.0,0.0006470648697356095,0.0,0.006662216627511805
compound,PD+MLP+RTA,94,0.19929663361328304,0.4716223398356775,14.249689175506184,0.0,0.0,0.0004516478537633492,0.0,0.005798772187104092
compound,PD+MLP+RTA,95,0.26290845572846056,0.6149025410154143,12.264856287336032,0.0,0.0,0.0009476639161583929,0.0,0.008396906615070818
compound,PD+MLP+RTA,96,0.3657012334255998,0.9709208745152291,27.47884062216806,0.0,0.0,0.0006464019068393479,0.0,0.00649280950312301
compound,PD+MLP+RTA,97,0.3071111768980052,0.8776157607201728,20.031845249777934,0.0,0.0,0.00032742525758380715,0.0,0.005810258707933355
compound,PD+MLP+RTA,98,0.24445429539353256,0.39398870502197947,14.71783341337418,0.0,0.0,0.0009053354829879701,0.0,0.008317102858203163
compound,PD+MLP+RTA,99,0.29439993413300625,0.7320194686851432,20.72263124785114,0.0,0.0,0.00048649599335027854,0.0,0.006899015156054417
compound,PD+CeNN,0,0.439204371162914,1.1881307120041185,35.74285796025802,0.0,0.0,0.0009353734671959235,0.0,0.008488725872703197
compound,PD+CeNN,1,0.17574527903595208,0.3522727765796248,14.220861004586311,0.0,0.0,0.00042999350324099834,0.0,0.006795304134608608
compound,PD+CeNN,2,0.3077864014956098,0.8579922237470814,21.504681290734755,0.0,0.0,0.00040202012554158787,0.0,0.00640635428612384
compound,PD+CeNN,3,0.16927316847831816,0.7563325906062933,10.365628775298656,0.0,0.0,0.0002840566347966576,0.0,0.005248937450905016
compound,PD+CeNN,4,0.29292470901246714,0.8195325048811373,24.94098028377887,0.0,0.0,0.00031435324371783906,0.0,0.005081631710006335
compound,PD+CeNN,5,0.33175106047796726,0.9110133319319267,23.47852395550926,0.0,0.0,0.0006712253949761214,0.0,0.007690863162269392
compound,PD+CeNN,6,0.3033320937942515,0.7309680453199017,22.7153691741446,0.0,0.0,0.0008915344060924,0.0,0.009085488869475864
compound,PD+CeNN,7,0.35701299355875943,1.0685135682014701,21.16428516882881,0.0,0.0,0.000426112608797809,0.0,0.005388045717634603
compound,PD+CeNN,8,0.3442592296994546,0.771093196270046,20.96789711843706,0.0,0.0,0.0011529010646441989,0.0,0.009452706747322591
compound,PD+CeNN,9,0.29992144324909603,0.8234229257612649,27.50162008388541,0.0,0.0,0.0003141153726570227,0.0,0.0057740241174448325
compound,PD+CeNN,10,0.42705768493041385,0.9850246885453063,24.395983074687113,0.0,0.0,0.0007037713033069858,0.0,0.010378182560667701
compound,PD+CeNN,11,0.3990862776946401,1.1729990905132786,33.58769381593839,0.0,0.0,0.00028047416353806646,0.0,0.006219040098400543
compound,PD+CeNN,12,0.35718542421075794,0.7646339671056521,26.474143154585878,0.0,0.0,0.0012016735377353193,0.0,0.00987869109530969
compound,PD+CeNN,13,0.2684152838553125,0.5856312823554658,19.5195745718301,0.0,0.0,0.0003621682864069099,0.0,0.00821803674540247
compound,PD+CeNN,14,0.25041355617386335,0.6349556246659571,20.309166468568673,0.0,0.0,0.0004762149392441168,0.0,0.006622196918294725
compound,PD+CeNN,15,0.19448679702010124,0.35628213932018993,12.956596442869296,0.0,0.0,0.0004862056477279626,0.0,0.00842044544382409
compound,PD+CeNN,16,0.3898394178398382,1.035723539819064,32.08337399664703,0.0,0.0,0.0006812216561595533,0.0,0.007595436217606692
compound,PD+CeNN,17,0.20636949830070855,0.4990926588730692,8.524653780381946,0.0,0.0,0.0006715144678772177,0.0,0.007609212088570675
compound,PD+CeNN,18,0.16471979395604502,0.43002350827439084,16.54070524709498,0.0,0.0,0.00034022703721890777,0.0,0.0051257782738578
compound,PD+CeNN,19,0.3070364168771289,0.8356415153122767,14.919987905418411,0.0,0.0,0.00044425799565196895,0.0,0.0076053802635172064
compound,PD+CeNN,20,0.25962043795584605,0.5509721710004809,19.398377244642855,0.0,0.0,0.0005229692602011385,0.0,0.00931297495904516
compound,PD+CeNN,21,0.2512121675456412,0.6382510800976633,9.253351495682276,0.0,0.0,0.0006971664804045723,0.0,0.009758223787089166
compound,PD+CeNN,22,0.19807996093330082,0.5977307182628138,16.152848398224762,0.0,0.0,0.00028547983066991474,0.0,0.005605420080105481
compound,PD+CeNN,23,0.19363380459430965,0.4622472050965402,16.451095444166523,0.0,0.0,0.0005203717287033722,0.0,0.008879709577942338
compound,PD+CeNN,24,0.33362137743727466,0.9270445217728311,15.922436882762025,0.0,0.0,0.0007099516667834782,0.0,0.009949583489562845
compound,PD+CeNN,25,0.19730199625752656,0.6643366798266221,10.854140357615917,0.0,0.0,0.0003567618450312808,0.0,0.005055661566178522
compound,PD+CeNN,26,0.295699938384257,0.7753122981702818,24.3950178913747,0.0,0.0,0.0003423198973915549,0.0,0.0071709587175271565
compound,PD+CeNN,27,0.25242825719972345,0.5394753065325247,13.927067558050027,0.0,0.0,0.0006864283730530848,0.0,0.007427958156116224
compound,PD+CeNN,28,0.16235749441161493,0.6541696146882414,9.905110450764466,0.0,0.0,0.0004967514512117867,0.0,0.006780462005357167
compound,PD+CeNN,29,0.2308539157923112,0.5135979897832259,14.010810322399816,0.0,0.0,0.0006812530988107175,0.0,0.007455292186908517
compound,PD+CeNN,30,0.35241922029766876,0.9007644382587847,31.081904755275634,0.0,0.0,0.0005201063584137893,0.0,0.009715027045574698
compound,PD+CeNN,31,0.2139337220145334,0.8438174924798058,10.414545441967762,0.0,0.0,0.00037150591914830933,0.0,0.006851887983222004
compound,PD+CeNN,32,0.2725269413915357,0.80990486487526,20.72974541203854,0.0,0.0,0.00021843163984810334,0.0,0.004980018484108906
compound,PD+CeNN,33,0.1307912049642928,0.3892565654558292,16.40493529887,0.0,0.0,0.0002976887458840071,0.0,0.005058821728344234
compound,PD+CeNN,34,0.24282830332030256,0.8310946449577642,6.541164118888495,0.0,0.0,0.0004781955093793901,0.0,0.0070168961880888794
compound,PD+CeNN,35,0.36512831058536416,1.0593532017783602,24.19493945337177,0.0,0.0,0.0002718336051050083,0.0,0.006321131539315474
compound,PD+CeNN,36,0.33558536013280926,0.8255023584642459,22.765227598613233,0.0,0.0,0.0008906158664415883,0.0,0.009109960366424122
compound,PD+CeNN,37,0.33229867316017697,1.0687980628982625,10.088214764799481,0.0,0.0,0.0003895694845895612,0.0,0.008033907899366359
compound,PD+CeNN,38,0.1907218855590032,0.3595407895408745,16.167775782197268,0.0,0.0,0.0004778568766594305,0.0,0.00793285888333203
compound,PD+CeNN,39,0.3191831092499217,0.7063066213090521,26.381346391896262,0.0,0.0,0.0011075551613346586,0.0,0.009725254877111398
compound,PD+CeNN,40,0.21624491034010707,0.4864886719471011,18.50150121677172,0.0,0.0,0.0006743194905924953,0.0,0.008045911789984192
compound,PD+CeNN,41,0.192799399715675,0.585189730539368,7.126412583879918,0.0,0.0,0.0005066512804245566,0.0,0.006574956479301972
compound,PD+CeNN,42,0.13704053439397276,0.49807006488046396,13.041158153353779,0.0,0.0,0.00037830937934231387,0.0,0.005764773673668913
compound,PD+CeNN,43,0.203896529206377,0.6687884210591494,10.810404417972654,0.0,0.0,0.0004440974865960683,0.0,0.00642931825845387
compound,PD+CeNN,44,0.1882825849747153,0.5078614060917175,17.118415554902466,0.0,0.0,0.0003650235810365211,0.0,0.005269120177229308
compound,PD+CeNN,45,0.2751167646063295,0.6351436522927969,20.099773484232927,0.0,0.0,0.0007522499470591419,0.0,0.008711075326566576
compound,PD+CeNN,46,0.45929177107816316,1.1680210261297812,27.947348184410814,0.0,0.0,0.001257232013238999,0.0,0.009862771378861306
compound,PD+CeNN,47,0.3410827190388674,0.9569451263572217,30.15712661393409,0.0,0.0,0.0002832462007408634,0.0,0.00588928759267702
compound,PD+CeNN,48,0.2143720054517383,0.4196072548924112,14.609738657369803,0.0,0.0,0.0007280091243763682,0.0,0.007829409228131462
compound,PD+CeNN,49,0.2687111458132555,0.7572536490973288,18.628235021190566,0.0,0.0,0.000284064071220726,0.0,0.005490627665411839
compound,PD+CeNN,50,0.17479625978584723,0.6621872802896481,12.966319653978129,0.0,0.0,0.0004049402981641826,0.0,0.006418045904244451
compound,PD+CeNN,51,0.2048818981277048,0.6902430063581765,12.717362823744402,0.0,0.0,0.00039491660804719564,0.0,0.005860183852644422
compound,PD+CeNN,52,0.27497240721858107,0.6997638946415988,9.597601739868384,0.0,0.0,0.0008716688589094725,0.0,0.009113337083187208
compound,PD+CeNN,53,0.14658394788011886,0.4102320065332474,13.22972541056999,0.0,0.0,0.0002948276176441387,0.0,0.005221914907721275
compound,PD+CeNN,54,0.37541716621626653,1.012746879501073,24.42950907039659,0.0,0.0,0.0008857371668565707,0.0,0.009105045052511451
compound,PD+CeNN,55,0.18833608895892895,0.40262621216832967,16.27097840204148,0.0,0.0,0.0004911636763475847,0.0,0.0072521894607063585
compound,PD+CeNN,56,0.30485144413861814,0.8748684970508921,25.031598462401842,0.0,0.0,0.00031880990073416724,0.0,0.005298506320639552
compound,PD+CeNN,57,0.39762950472075254,1.1516292859899337,28.591339911226807,0.0,0.0,0.00022274910963561204,0.0,0.005847298463990772
compound,PD+CeNN,58,0.30372905135604494,0.7830863656691764,21.69125601935757,0.0,0.0,0.0007760825039607979,0.0,0.008916446642993946
compound,PD+CeNN,59,0.15381695963998013,0.2894579515738621,16.564981182259334,0.0,0.0,0.000400718411754457,0.0,0.005699366014718993
compound,PD+CeNN,60,0.30257218618311654,0.8643563907575773,28.3419743058893,0.0,0.0,0.00030184575662455383,0.0,0.0054485295574785925
compound,PD+CeNN,61,0.29546856004861566,0.7338982120316278,16.59332606395422,0.0,0.0,0.0005372610538104559,0.0,0.008686909559394463
compound,PD+CeNN,62,0.2983497663878452,0.7474026685082559,10.94297702984683,0.0,0.0,0.0007709004879530484,0.0,0.008714624637753313
compound,PD+CeNN,63,0.2630508204856054,0.6448009849431355,21.365985199121546,0.0,0.0,0.0005577962345323736,0.0,0.0070979837577713435
compound,PD+CeNN,64,0.22710295516822376,0.6858876129805528,11.436694999448045,0.0,0.0,0.0005649495829718268,0.0,0.008395195973287348
compound,PD+CeNN,65,0.23233243009031362,0.38624517888619164,11.507429680059442,0.0,0.0,0.0008990828998521673,0.0,0.009270469517608862
compound,PD+CeNN,66,0.4463002395507796,1.1353092014307853,36.13882230287828,0.0,0.0,0.0013259514847456125,0.0,0.009530188395671175
compound,PD+CeNN,67,0.2651124291942769,0.7411497602896805,17.970446020496674,0.0,0.0,0.000500704529927745,0.0,0.006198204652653101
compound,PD+CeNN,68,0.2864123654669857,0.8218457136289831,27.170670737757792,0.0,0.0,0.00021716300732424685,0.0,0.005184616180591761
compound,PD+CeNN,69,0.1887731696681586,0.790370781544529,7.641351810834791,0.0,0.0,0.00037440163644271,0.0,0.005775102394367629
compound,PD+CeNN,70,0.18086691079033834,0.30094873174233205,12.018737570018892,0.0,0.0,0.0006303293149547103,0.0,0.00777780789582333
compound,PD+CeNN,71,0.4134226208411658,1.200934087616572,25.106959305557467,0.0,0.0,0.00040476479208699875,0.0,0.006193159241096558
compound,PD+CeNN,72,0.2982216712601974,0.6492923160807542,14.267552831486093,0.0,0.0,0.0007277449433657537,0.0,0.010144295521744178
compound,PD+CeNN,73,0.253724988828328,0.6409152893297336,18.828541413617504,0.0,0.0,0.0005789147158577156,0.0,0.006583637388849376
compound,PD+CeNN,74,0.23497358710328695,0.30897918316537765,9.586503234016922,0.0,0.0,0.0007154442602486605,0.0,0.009481069851877544
compound,PD+CeNN,75,0.3444516059654,1.0085018274351194,23.20650676113641,0.0,0.0,0.0003284119198737549,0.0,0.0051361608299055495
compound,PD+CeNN,76,0.393109544797435,1.0033512796785846,30.736958864717277,0.0,0.0,0.000519449137719133,0.0,0.008434335767127961
compound,PD+CeNN,77,0.24398558943519474,0.7978813972440527,10.067867366972653,0.0,0.0,0.0005847162787953516,0.0,0.009072485873237827
compound,PD+CeNN,78,0.3522404088054242,0.7789285200959848,26.632950109267025,0.0,0.0,0.0011236998371542105,0.0,0.009988923972468365
compound,PD+CeNN,79,0.3768028142162788,0.9769429226339562,26.816675484663932,0.0,0.0,0.0004883975045088746,0.0,0.008823860115276567
compound,PD+CeNN,80,0.29109146461228713,0.9191562094888154,10.428606858255453,0.0,0.0,0.0005560360723946675,0.0,0.007800217544563612
compound,PD+CeNN,81,0.47580250165792043,1.2859054561307302,34.02336965066638,0.0,0.0,0.00102057107179374,0.0,0.008937903945759466
compound,PD+CeNN,82,0.2744721366278848,0.5891259421566004,11.698362936345678,0.0,0.0,0.0008657434785400649,0.0,0.008702835228775624
compound,PD+CeNN,83,0.17906528094976473,0.4269890451793706,19.45820034077775,0.0,0.0,0.0005537403958851716,0.0,0.0073950757349454015
compound,PD+CeNN,84,0.2670203715133094,0.5697364292468062,16.011348231290455,0.0,0.0,0.0007830177424824951,0.0,0.008367125637190005
compound,PD+CeNN,85,0.2262818883467745,0.547481617421385,13.936423718619691,0.0,0.0,0.0004729466381080342,0.0,0.007180977555276386
compound,PD+CeNN,86,0.3390033090657229,0.9796140685515923,21.908180192479474,0.0,0.0,0.0003083341048261633,0.0,0.006983596295294711
compound,PD+CeNN,87,0.3856494014587483,0.9934432461341222,26.833150674963775,0.0,0.0,0.001015724610754498,0.0,0.00868168599794397
compound,PD+CeNN,88,0.13021648447664197,0.2558300076360697,15.428275894908886,0.0,0.0,0.0003454918848188736,0.0,0.006782124789494037
compound,PD+CeNN,89,0.23198363795760907,0.7600408992881109,11.121032564520346,0.0,0.0,0.00028104038519249366,0.0,0.005883243837368709
compound,PD+CeNN,90,0.24314521087465618,0.715034428870253,15.605288910141972,0.0,0.0,0.00034762156012218203,0.0,0.005157350778065631
compound,PD+CeNN,91,0.2327132190294707,0.8177166023278463,9.63979471775169,0.0,0.0,0.00038684981612628226,0.0,0.006290515083219237
compound,PD+CeNN,92,0.3400443113861498,0.9526308992982658,25.34594908808672,0.0,0.0,0.00035559378350957945,0.0,0.0066628378232502705
compound,PD+CeNN,93,0.32159063517847886,0.8572196421848883,21.24412292945776,0.0,0.0,0.0006582391516394108,0.0,0.0073534059727355435
compound,PD+CeNN,94,0.19531468256933915,0.47163638074123737,14.298543672760815,0.0,0.0,0.0004546224703353626,0.0,0.006195511828590247
compound,PD+CeNN,95,0.2505540940097711,0.6149008745965839,12.72623918591903,0.0,0.0,0.000961009996724423,0.0,0.009707820509754769
compound,PD+CeNN,96,0.3621372133922167,0.970514134714724,27.523353178691774,0.0,0.0,0.0006503774472170197,0.0,0.007089825250035143
compound,PD+CeNN,97,0.30594968146116186,0.877573171804056,20.155184203447394,0.0,0.0,0.00033324115423979906,0.0,0.00630886053100487
compound,PD+CeNN,98,0.2340571594525086,0.3939901028429682,15.262039024708447,0.0,0.0,0.00092473340541682,0.0,0.009495859534085375
compound,PD+CeNN,99,0.28886212861844746,0.7315751049872954,20.878508956262646,0.0,0.0,0.0004947659368222785,0.0,0.007774169165905138
compound,PD+CeNN+RTA,0,0.439204371162914,1.1881307120041185,35.74285796025802,0.0,0.0,0.0009353734671959235,0.0,0.008488725872703197
compound,PD+CeNN+RTA,1,0.17574527903595208,0.3522727765796248,14.220861004586311,0.0,0.0,0.00042999350324099834,0.0,0.006795304134608608
compound,PD+CeNN+RTA,2,0.3077864014956098,0.8579922237470814,21.504681290734755,0.0,0.0,0.00040202012554158787,0.0,0.00640635428612384
compound,PD+CeNN+RTA,3,0.16927316847831816,0.7563325906062933,10.365628775298656,0.0,0.0,0.0002840566347966576,0.0,0.005248937450905016
compound,PD+CeNN+RTA,4,0.29292470901246714,0.8195325048811373,24.94098028377887,0.0,0.0,0.00031435324371783906,0.0,0.005081631710006335
compound,PD+CeNN+RTA,5,0.33175106047796726,0.9110133319319267,23.47852395550926,0.0,0.0,0.0006712253949761214,0.0,0.007690863162269392
compound,PD+CeNN+RTA,6,0.3033320937942515,0.7309680453199017,22.7153691741446,0.0,0.0,0.0008915344060924,0.0,0.009085488869475864
compound,PD+CeNN+RTA,7,0.35701299355875943,1.0685135682014701,21.16428516882881,0.0,0.0,0.000426112608797809,0.0,0.005388045717634603
compound,PD+CeNN+RTA,8,0.3442592296994546,0.771093196270046,20.96789711843706,0.0,0.0,0.0011529010646441989,0.0,0.009452706747322591
compound,PD+CeNN+RTA,9,0.29992144324909603,0.8234229257612649,27.50162008388541,0.0,0.0,0.0003141153726570227,0.0,0.0057740241174448325
compound,PD+CeNN+RTA,10,0.42705768493041385,0.9850246885453063,24.395983074687113,0.0,0.0,0.0007037713033069858,0.0,0.010378182560667701
compound,PD+CeNN+RTA,11,0.3990862776946401,1.1729990905132786,33.58769381593839,0.0,0.0,0.00028047416353806646,0.0,0.006219040098400543
compound,PD+CeNN+RTA,12,0.35718542421075794,0.7646339671056521,26.474143154585878,0.0,0.0,0.0012016735377353193,0.0,0.00987869109530969
compound,PD+CeNN+RTA,13,0.2684152838553125,0.5856312823554658,19.5195745718301,0.0,0.0,0.0003621682864069099,0.0,0.00821803674540247
compound,PD+CeNN+RTA,14,0.25041355617386335,0.6349556246659571,20.309166468568673,0.0,0.0,0.0004762149392441168,0.0,0.006622196918294725
compound,PD+CeNN+RTA,15,0.19448679702010124,0.35628213932018993,12.956596442869296,0.0,0.0,0.0004862056477279626,0.0,0.00842044544382409
compound,PD+CeNN+RTA,16,0.3898394178398382,1.035723539819064,32.08337399664703,0.0,0.0,0.0006812216561595533,0.0,0.007595436217606692
compound,PD+CeNN+RTA,17,0.20636949830070855,0.4990926588730692,8.524653780381946,0.0,0.0,0.0006715144678772177,0.0,0.007609212088570675
compound,PD+CeNN+RTA,18,0.16471979395604502,0.43002350827439084,16.54070524709498,0.0,0.0,0.00034022703721890777,0.0,0.0051257782738578
compound,PD+CeNN+RTA,19,0.3070364168771289,0.8356415153122767,14.919987905418411,0.0,0.0,0.00044425799565196895,0.0,0.0076053802635172064
compound,PD+CeNN+RTA,20,0.25962043795584605,0.5509721710004809,19.398377244642855,0.0,0.0,0.0005229692602011385,0.0,0.00931297495904516
compound,PD+CeNN+RTA,21,0.2512121675456412,0.6382510800976633,9.253351495682276,0.0,0.0,0.0006971664804045723,0.0,0.009758223787089166
compound,PD+CeNN+RTA,22,0.19807996093330082,0.5977307182628138,16.152848398224762,0.0,0.0,0.00028547983066991474,0.0,0.005605420080105481
compound,PD+CeNN+RTA,23,0.19363380459430965,0.4622472050965402,16.451095444166523,0.0,0.0,0.0005203717287033722,0.0,0.008879709577942338
compound,PD+CeNN+RTA,24,0.33362137743727466,0.9270445217728311,15.922436882762025,0.0,0.0,0.0007099516667834782,0.0,0.009949583489562845
compound,PD+CeNN+RTA,25,0.19730199625752656,0.6643366798266221,10.854140357615917,0.0,0.0,0.0003567618450312808,0.0,0.005055661566178522
compound,PD+CeNN+RTA,26,0.295699938384257,0.7753122981702818,24.3950178913747,0.0,0.0,0.0003423198973915549,0.0,0.0071709587175271565
compound,PD+CeNN+RTA,27,0.25242825719972345,0.5394753065325247,13.927067558050027,0.0,0.0,0.0006864283730530848,0.0,0.007427958156116224
compound,PD+CeNN+RTA,28,0.16235749441161493,0.6541696146882414,9.905110450764466,0.0,0.0,0.0004967514512117867,0.0,0.006780462005357167
compound,PD+CeNN+RTA,29,0.2308539157923112,0.5135979897832259,14.010810322399816,0.0,0.0,0.0006812530988107175,0.0,0.007455292186908517
compound,PD+CeNN+RTA,30,0.35241922029766876,0.9007644382587847,31.081904755275634,0.0,0.0,0.0005201063584137893,0.0,0.009715027045574698
compound,PD+CeNN+RTA,31,0.2139337220145334,0.8438174924798058,10.414545441967762,0.0,0.0,0.00037150591914830933,0.0,0.006851887983222004
compound,PD+CeNN+RTA,32,0.2725269413915357,0.80990486487526,20.72974541203854,0.0,0.0,0.00021843163984810334,0.0,0.004980018484108906
compound,PD+CeNN+RTA,33,0.1307912049642928,0.3892565654558292,16.40493529887,0.0,0.0,0.0002976887458840071,0.0,0.005058821728344234
compound,PD+CeNN+RTA,34,0.24282830332030256,0.8310946449577642,6.541164118888495,0.0,0.0,0.0004781955093793901,0.0,0.0070168961880888794
compound,PD+CeNN+RTA,35,0.36512831058536416,1.0593532017783602,24.19493945337177,0.0,0.0,0.0002718336051050083,0.0,0.006321131539315474
compound,PD+CeNN+RTA,36,0.33558536013280926,0.8255023584642459,22.765227598613233,0.0,0.0,0.0008906158664415883,0.0,0.009109960366424122
compound,PD+CeNN+RTA,37,0.33229867316017697,1.0687980628982625,10.088214764799481,0.0,0.0,0.0003895694845895612,0.0,0.008033907899366359
compound,PD+CeNN+RTA,38,0.1907218855590032,0.3595407895408745,16.167775782197268,0.0,0.0,0.0004778568766594305,0.0,0.00793285888333203
compound,PD+CeNN+RTA,39,0.3191831092499217,0.7063066213090521,26.381346391896262,0.0,0.0,0.0011075551613346586,0.0,0.009725254877111398
compound,PD+CeNN+RTA,40,0.21624491034010707,0.4864886719471011,18.50150121677172,0.0,0.0,0.0006743194905924953,0.0,0.008045911789984192
compound,PD+CeNN+RTA,41,0.192799399715675,0.585189730539368,7.126412583879918,0.0,0.0,0.0005066512804245566,0.0,0.006574956479301972
compound,PD+CeNN+RTA,42,0.13704053439397276,0.49807006488046396,13.041158153353779,0.0,0.0,0.00037830937934231387,0.0,0.005764773673668913
compound,PD+CeNN+RTA,43,0.203896529206377,0.6687884210591494,10.810404417972654,0.0,0.0,0.0004440974865960683,0.0,0.00642931825845387
compound,PD+CeNN+RTA,44,0.1882825849747153,0.5078614060917175,17.118415554902466,0.0,0.0,0.0003650235810365211,0.0,0.005269120177229308
compound,PD+CeNN+RTA,45,0.2751167646063295,0.6351436522927969,20.099773484232927,0.0,0.0,0.0007522499470591419,0.0,0.008711075326566576
compound,PD+CeNN+RTA,46,0.45929177107816316,1.1680210261297812,27.947348184410814,0.0,0.0,0.001257232013238999,0.0,0.009862771378861306
compound,PD+CeNN+RTA,47,0.3410827190388674,0.9569451263572217,30.15712661393409,0.0,0.0,0.0002832462007408634,0.0,0.00588928759267702
compound,PD+CeNN+RTA,48,0.2143720054517383,0.4196072548924112,14.609738657369803,0.0,0.0,0.0007280091243763682,0.0,0.007829409228131462
compound,PD+CeNN+RTA,49,0.2687111458132555,0.7572536490973288,18.628235021190566,0.0,0.0,0.000284064071220726,0.0,0.005490627665411839
compound,PD+CeNN+RTA,50,0.17479625978584723,0.6621872802896481,12.966319653978129,0.0,0.0,0.0004049402981641826,0.0,0.006418045904244451
compound,PD+CeNN+RTA,51,0.2048818981277048,0.6902430063581765,12.717362823744402,0.0,0.0,0.00039491660804719564,0.0,0.005860183852644422
compound,PD+CeNN+RTA,52,0.27497240721858107,0.6997638946415988,9.597601739868384,0.0,0.0,0.0008716688589094725,0.0,0.009113337083187208
compound,PD+CeNN+RTA,53,0.14658394788011886,0.4102320065332474,13.22972541056999,0.0,0.0,0.0002948276176441387,0.0,0.005221914907721275
compound,PD+CeNN+RTA,54,0.37541716621626653,1.012746879501073,24.42950907039659,0.0,0.0,0.0008857371668565707,0.0,0.009105045052511451
compound,PD+CeNN+RTA,55,0.18833608895892895,0.40262621216832967,16.27097840204148,0.0,0.0,0.0004911636763475847,0.0,0.0072521894607063585
compound,PD+CeNN+RTA,56,0.30485144413861814,0.8748684970508921,25.031598462401842,0.0,0.0,0.00031880990073416724,0.0,0.005298506320639552
compound,PD+CeNN+RTA,57,0.39762950472075254,1.1516292859899337,28.591339911226807,0.0,0.0,0.00022274910963561204,0.0,0.005847298463990772
compound,PD+CeNN+RTA,58,0.30372905135604494,0.7830863656691764,21.69125601935757,0.0,0.0,0.0007760825039607979,0.0,0.008916446642993946
compound,PD+CeNN+RTA,59,0.15381695963998013,0.2894579515738621,16.564981182259334,0.0,0.0,0.000400718411754457,0.0,0.005699366014718993
compound,PD+CeNN+RTA,60,0.30257218618311654,0.8643563907575773,28.3419743058893,0.0,0.0,0.00030184575662455383,0.0,0.0054485295574785925
compound,PD+CeNN+RTA,61,0.29546856004861566,0.7338982120316278,16.59332606395422,0.0,0.0,0.0005372610538104559,0.0,0.008686909559394463
compound,PD+CeNN+RTA,62,0.2983497663878452,0.7474026685082559,10.94297702984683,0.0,0.0,0.0007709004879530484,0.0,0.008714624637753313
compound,PD+CeNN+RTA,63,0.2630508204856054,0.6448009849431355,21.365985199121546,0.0,0.0,0.0005577962345323736,0.0,0.0070979837577713435
compound,PD+CeNN+RTA,64,0.22710295516822376,0.6858876129805528,11.436694999448045,0.0,0.0,0.0005649495829718268,0.0,0.008395195973287348
compound,PD+CeNN+RTA,65,0.23233243009031362,0.38624517888619164,11.507429680059442,0.0,0.0,0.0008990828998521673,0.0,0.009270469517608862
compound,PD+CeNN+RTA,66,0.4463002395507796,1.1353092014307853,36.13882230287828,0.0,0.0,0.0013259514847456125,0.0,0.009530188395671175
compound,PD+CeNN+RTA,67,0.2651124291942769,0.7411497602896805,17.970446020496674,0.0,0.0,0.000500704529927745,0.0,0.006198204652653101
compound,PD+CeNN+RTA,68,0.2864123654669857,0.8218457136289831,27.170670737757792,0.0,0.0,0.00021716300732424685,0.0,0.005184616180591761
compound,PD+CeNN+RTA,69,0.1887731696681586,0.790370781544529,7.641351810834791,0.0,0.0,0.00037440163644271,0.0,0.005775102394367629
compound,PD+CeNN+RTA,70,0.18086691079033834,0.30094873174233205,12.018737570018892,0.0,0.0,0.0006303293149547103,0.0,0.00777780789582333
compound,PD+CeNN+RTA,71,0.4134226208411658,1.200934087616572,25.106959305557467,0.0,0.0,0.00040476479208699875,0.0,0.006193159241096558
compound,PD+CeNN+RTA,72,0.2982216712601974,0.6492923160807542,14.267552831486093,0.0,0.0,0.0007277449433657537,0.0,0.010144295521744178
compound,PD+CeNN+RTA,73,0.253724988828328,0.6409152893297336,18.828541413617504,0.0,0.0,0.0005789147158577156,0.0,0.006583637388849376
compound,PD+CeNN+RTA,74,0.23497358710328695,0.30897918316537765,9.586503234016922,0.0,0.0,0.0007154442602486605,0.0,0.009481069851877544
compound,PD+CeNN+RTA,75,0.3444516059654,1.0085018274351194,23.20650676113641,0.0,0.0,0.0003284119198737549,0.0,0.0051361608299055495
compound,PD+CeNN+RTA,76,0.393109544797435,1.0033512796785846,30.736958864717277,0.0,0.0,0.000519449137719133,0.0,0.008434335767127961
compound,PD+CeNN+RTA,77,0.24398558943519474,0.7978813972440527,10.067867366972653,0.0,0.0,0.0005847162787953516,0.0,0.009072485873237827
compound,PD+CeNN+RTA,78,0.3522404088054242,0.7789285200959848,26.632950109267025,0.0,0.0,0.0011236998371542105,0.0,0.009988923972468365
compound,PD+CeNN+RTA,79,0.3768028142162788,0.9769429226339562,26.816675484663932,0.0,0.0,0.0004883975045088746,0.0,0.008823860115276567
compound,PD+CeNN+RTA,80,0.29109146461228713,0.9191562094888154,10.428606858255453,0.0,0.0,0.0005560360723946675,0.0,0.007800217544563612
compound,PD+CeNN+RTA,81,0.47580250165792043,1.2859054561307302,34.02336965066638,0.0,0.0,0.00102057107179374,0.0,0.008937903945759466
compound,PD+CeNN+RTA,82,0.2744721366278848,0.5891259421566004,11.698362936345678,0.0,0.0,0.0008657434785400649,0.0,0.008702835228775624
compound,PD+CeNN+RTA,83,0.17906528094976473,0.4269890451793706,19.45820034077775,0.0,0.0,0.0005537403958851716,0.0,0.0073950757349454015
compound,PD+CeNN+RTA,84,0.2670203715133094,0.5697364292468062,16.011348231290455,0.0,0.0,0.0007830177424824951,0.0,0.008367125637190005
compound,PD+CeNN+RTA,85,0.2262818883467745,0.547481617421385,13.936423718619691,0.0,0.0,0.0004729466381080342,0.0,0.007180977555276386
compound,PD+CeNN+RTA,86,0.3390033090657229,0.9796140685515923,21.908180192479474,0.0,0.0,0.0003083341048261633,0.0,0.006983596295294711
compound,PD+CeNN+RTA,87,0.3856494014587483,0.9934432461341222,26.833150674963775,0.0,0.0,0.001015724610754498,0.0,0.00868168599794397
compound,PD+CeNN+RTA,88,0.13021648447664197,0.2558300076360697,15.428275894908886,0.0,0.0,0.0003454918848188736,0.0,0.006782124789494037
compound,PD+CeNN+RTA,89,0.23198363795760907,0.7600408992881109,11.121032564520346,0.0,0.0,0.00028104038519249366,0.0,0.005883243837368709
compound,PD+CeNN+RTA,90,0.24314521087465618,0.715034428870253,15.605288910141972,0.0,0.0,0.00034762156012218203,0.0,0.005157350778065631
compound,PD+CeNN+RTA,91,0.2327132190294707,0.8177166023278463,9.63979471775169,0.0,0.0,0.00038684981612628226,0.0,0.006290515083219237
compound,PD+CeNN+RTA,92,0.3400443113861498,0.9526308992982658,25.34594908808672,0.0,0.0,0.00035559378350957945,0.0,0.0066628378232502705
compound,PD+CeNN+RTA,93,0.32159063517847886,0.8572196421848883,21.24412292945776,0.0,0.0,0.0006582391516394108,0.0,0.0073534059727355435
compound,PD+CeNN+RTA,94,0.19531468256933915,0.47163638074123737,14.298543672760815,0.0,0.0,0.0004546224703353626,0.0,0.006195511828590247
compound,PD+CeNN+RTA,95,0.2505540940097711,0.6149008745965839,12.72623918591903,0.0,0.0,0.000961009996724423,0.0,0.009707820509754769
compound,PD+CeNN+RTA,96,0.3621372133922167,0.970514134714724,27.523353178691774,0.0,0.0,0.0006503774472170197,0.0,0.007089825250035143
compound,PD+CeNN+RTA,97,0.30594968146116186,0.877573171804056,20.155184203447394,0.0,0.0,0.00033324115423979906,0.0,0.00630886053100487
compound,PD+CeNN+RTA,98,0.2340571594525086,0.3939901028429682,15.262039024708447,0.0,0.0,0.00092473340541682,0.0,0.009495859534085375
compound,PD+CeNN+RTA,99,0.28886212861844746,0.7315751049872954,20.878508956262646,0.0,0.0,0.0004947659368222785,0.0,0.007774169165905138
compound,PD+CeNN dropout+RTA,0,0.44419114464936216,1.1881307120041185,35.74285796025802,0.0,0.0,0.0009597275384641481,0.0,0.008057665872556087
compound,PD+CeNN dropout+RTA,1,0.18724612782158567,0.3522727765796248,13.668833384802417,0.0,0.0,0.0004137769298986126,0.0,0.006155148467235041
compound,PD+CeNN dropout+RTA,2,0.3091865489309764,0.8579922237470814,21.504681290734755,0.0,0.0,0.0003944710168288782,0.0,0.006038944321781874
compound,PD+CeNN dropout+RTA,3,0.16915713208856759,0.7563325906062933,9.29947811855378,0.0,0.0,0.0002785927057593721,0.0,0.004986170438609095
compound,PD+CeNN dropout+RTA,4,0.2939245231419118,0.8195325048811373,24.94098028377887,0.0,0.0,0.00030659659574000314,0.0,0.004662420662296604
compound,PD+CeNN dropout+RTA,5,0.3388721130368946,0.9110133319319267,23.47852395550926,0.0,0.0,0.0006447741747604391,0.0,0.007072217982835274
compound,PD+CeNN dropout+RTA,6,0.31320776684704255,0.7309680453199017,22.7153691741446,0.0,0.0,0.000882763488383688,0.0,0.008608492190778834
compound,PD+CeNN dropout+RTA,7,0.3594024720274834,1.0685135682014701,21.16428516882881,0.0,0.0,0.00042158950586421726,0.0,0.004913501058557585
compound,PD+CeNN dropout+RTA,8,0.35251024720881285,0.771093196270046,20.96789711843706,0.0,0.0,0.0011296908128795604,0.0,0.00890897763239447
compound,PD+CeNN dropout+RTA,9,0.30276815947131924,0.8234229257612649,27.50162008388541,0.0,0.0,0.0003041364709714468,0.0,0.005455094397735878
compound,PD+CeNN dropout+RTA,10,0.44474621170521866,0.9850246885453063,24.395983074687113,0.0,0.0,0.0007162268661929326,0.0,0.009648048227416661
compound,PD+CeNN dropout+RTA,11,0.4009750996996809,1.1729990905132786,33.58769381593839,0.0,0.0,0.00026745436737512346,0.0,0.00578629421156663
compound,PD+CeNN dropout+RTA,12,0.3667030902702349,0.7646339671056521,26.474143154585878,0.0,0.0,0.001167205800048549,0.0,0.009280037190232175
compound,PD+CeNN dropout+RTA,13,0.2741706288478876,0.5856312823554658,19.5195745718301,0.0,0.0,0.0003584751807350634,0.0,0.007927999937587457
compound,PD+CeNN dropout+RTA,14,0.2557590238138539,0.6349556246659571,20.309166468568673,0.0,0.0,0.000482654499547947,0.0,0.006248770607926395
compound,PD+CeNN dropout+RTA,15,0.20396320762725642,0.35628213932018993,12.895360437448819,0.0,0.0,0.0004978716416713126,0.0,0.007988947351852103
compound,PD+CeNN dropout+RTA,16,0.39390615000478113,1.035723539819064,32.08337399664703,0.0,0.0,0.0006592845141323154,0.0,0.007076140819210289
compound,PD+CeNN dropout+RTA,17,0.21509671577897072,0.4990926588730692,8.419733539561532,0.0,0.0,0.0006765005071650016,0.0,0.007064388153886601
compound,PD+CeNN dropout+RTA,18,0.1654388990061987,0.43002350827439084,16.54070524709498,0.0,0.0,0.0003385699940981049,0.0,0.004906023237490355
compound,PD+CeNN dropout+RTA,19,0.3171911553392798,0.8356415153122767,14.919987905418411,0.0,0.0,0.0004340582303957616,0.0,0.006966028858264444
compound,PD+CeNN dropout+RTA,20,0.267530581208257,0.5509721710004809,19.398377244642855,0.0,0.0,0.0005128404076288733,0.0,0.00888239448541995
compound,PD+CeNN dropout+RTA,21,0.27225648768165833,0.6382510800976633,9.813077666956291,0.0,0.0,0.0007123798159653762,0.0,0.008827963275509146
compound,PD+CeNN dropout+RTA,22,0.19784076923975355,0.5977307182628138,16.152848398224762,0.0,0.0,0.000278452258771326,0.0,0.005302994097325494
compound,PD+CeNN dropout+RTA,23,0.21019978688526367,0.4622472050965402,16.451095444166523,0.0,0.0,0.0005398260705546291,0.0,0.008191993693758448
compound,PD+CeNN dropout+RTA,24,0.3422646779834177,0.9270445217728311,15.732754879352086,0.0,0.0,0.0007001090356392375,0.0,0.009509719777619184
compound,PD+CeNN dropout+RTA,25,0.19928930142713985,0.6643366798266221,12.053151934799732,0.0,0.0,0.000353272491202267,0.0,0.004767402769488865
compound,PD+CeNN dropout+RTA,26,0.2990417579033732,0.7753122981702818,24.3950178913747,0.0,0.0,0.00033311150872975155,0.0,0.006815783551867335
compound,PD+CeNN dropout+RTA,27,0.260513085573579,0.5394753065325247,13.927067558050027,0.0,0.0,0.0006903614717798461,0.0,0.007013802957102013
compound,PD+CeNN dropout+RTA,28,0.16532438743515432,0.6541696146882414,9.905110450764466,0.0,0.0,0.00048652426382761644,0.0,0.006498181279233991
compound,PD+CeNN dropout+RTA,29,0.23466985470206994,0.5135979897832259,14.010810322399816,0.0,0.0,0.0006680942668391399,0.0,0.0071453641400504135
compound,PD+CeNN dropout+RTA,30,0.360327994379749,0.9007644382587847,31.081904755275634,0.0,0.0,0.0005337555054551171,0.0,0.009183798724759764
compound,PD+CeNN dropout+RTA,31,0.22107644508081312,0.8438174924798058,10.414545441967762,0.0,0.0,0.0003682523869620409,0.0,0.006279034460159464
compound,PD+CeNN dropout+RTA,32,0.2726675797956138,0.80990486487526,20.72974541203854,0.0,0.0,0.00021247596711465103,0.0,0.004706473953082573
compound,PD+CeNN dropout+RTA,33,0.15265179861498787,0.3892565654558292,15.926919490829414,0.0,0.0,0.000290861839936274,0.0,0.004538392473620975
compound,PD+CeNN dropout+RTA,34,0.2519141467971874,0.8310946449577642,7.943731157958798,0.0,0.0,0.0004899305670721933,0.0,0.006334658853820554
compound,PD+CeNN dropout+RTA,35,0.3675120810368188,1.0593532017783602,24.19493945337177,0.0,0.0,0.00027714179722281685,0.0,0.005895795273230039
compound,PD+CeNN dropout+RTA,36,0.34576325083913895,0.8255023584642459,22.765227598613233,0.0,0.0,0.0008536364936970048,0.0,0.008254003816653909
compound,PD+CeNN dropout+RTA,37,0.3439349261716008,1.0687980628982625,11.481879456971,0.0,0.0,0.0003873038663474231,0.0,0.007810709265396115
compound,PD+CeNN dropout+RTA,38,0.21012056103211574,0.4173257923335541,15.518708253601382,0.0,0.0,0.0004645889074349671,0.0,0.0072223890907656615
compound,PD+CeNN dropout+RTA,39,0.3364898745021342,0.7063066213090521,26.381346391896262,0.0,0.0,0.001164068184109436,0.0,0.008749133688923395
compound,PD+CeNN dropout+RTA,40,0.2221639272841787,0.4864886719471011,18.08021272103726,0.0,0.0,0.0006597440588569626,0.0,0.007711939126742709
compound,PD+CeNN dropout+RTA,41,0.19986911235985189,0.585189730539368,7.126412583879918,0.0,0.0,0.0005099573024183453,0.0,0.006104355233648048
compound,PD+CeNN dropout+RTA,42,0.1473665087826975,0.49807006488046396,11.295527654930158,0.0,0.0,0.0003867247124104978,0.0,0.005295261252128169
compound,PD+CeNN dropout+RTA,43,0.2066139242399704,0.6687884210591494,10.75990242923449,0.0,0.0,0.0004362443269084401,0.0,0.006188862407836477
compound,PD+CeNN dropout+RTA,44,0.1867423201948333,0.5078614060917175,17.118415554902466,0.0,0.0,0.00034894404176397315,0.0,0.004767749734480174
compound,PD+CeNN dropout+RTA,45,0.28480619287163433,0.6351436522927969,20.099773484232927,0.0,0.0,0.0007271577725753421,0.0,0.008056811086812613
compound,PD+CeNN dropout+RTA,46,0.4659441940302165,1.1680210261297812,27.947348184410814,0.0,0.0,0.0012225897656750542,0.0,0.009338182420812937
compound,PD+CeNN dropout+RTA,47,0.34725601255653576,0.9569451263572217,30.15712661393409,0.0,0.0,0.0002779998371108455,0.0,0.005379090744897456
compound,PD+CeNN dropout+RTA,48,0.22153063701540338,0.4196072548924112,14.609738657369803,0.0,0.0,0.0007460401545983509,0.0,0.00750558422875836
compound,PD+CeNN dropout+RTA,49,0.26874025857602163,0.7572536490973288,18.628235021190566,0.0,0.0,0.00027231521880224783,0.0,0.005139844303909108
compound,PD+CeNN dropout+RTA,50,0.18345973666030058,0.6621872802896481,12.053199066352088,0.0,0.0,0.0003803407553160919,0.0,0.005929797870634863
compound,PD+CeNN dropout+RTA,51,0.20996088529515916,0.6902430063581765,12.933463408978712,0.0,0.0,0.00038750621248076066,0.0,0.005395280627118753
compound,PD+CeNN dropout+RTA,52,0.29308990629886694,0.6997638946415988,10.031753826258411,0.0,0.0,0.0008374860410827817,0.0,0.008181248886103437
compound,PD+CeNN dropout+RTA,53,0.14680688631800282,0.4102320065332474,13.22972541056999,0.0,0.0,0.0002891277730328042,0.0,0.004822216272681747
compound,PD+CeNN dropout+RTA,54,0.3885181932891742,1.012746879501073,24.42950907039659,0.0,0.0,0.0008311614702835119,0.0,0.007861899703669618
compound,PD+CeNN dropout+RTA,55,0.20325303939931927,0.40262621216832967,14.471966872422083,0.0,0.0,0.00048000843590639055,0.0,0.006510206080656662
compound,PD+CeNN dropout+RTA,56,0.3044241276281877,0.8748684970508921,25.031598462401842,0.0,0.0,0.0003125302200545441,0.0,0.004933332924125656
compound,PD+CeNN dropout+RTA,57,0.3993309103123849,1.1516292859899337,28.591339911226807,0.0,0.0,0.00022439850853901323,0.0,0.005223711815529954
compound,PD+CeNN dropout+RTA,58,0.31257002805263256,0.7830863656691764,21.69125601935757,0.0,0.0,0.0008064480710842224,0.0,0.00835222895523657
compound,PD+CeNN dropout+RTA,59,0.17389503993493607,0.3637056815513966,15.549907391173837,0.0,0.0,0.00040102458348698273,0.0,0.005312422572275259
compound,PD+CeNN dropout+RTA,60,0.3029971504117072,0.8643563907575773,28.3419743058893,0.0,0.0,0.0002965069258951164,0.0,0.004943547418741728
compound,PD+CeNN dropout+RTA,61,0.30741091496360223,0.7338982120316278,16.59332606395422,0.0,0.0,0.0005505722785772508,0.0,0.007957400278465875
compound,PD+CeNN dropout+RTA,62,0.30755179187953385,0.7474026685082559,10.94297702984683,0.0,0.0,0.0008028773945514908,0.0,0.008150900398812338
compound,PD+CeNN dropout+RTA,63,0.26991765646691407,0.6448009849431355,21.365985199121546,0.0,0.0,0.0005605988613194061,0.0,0.006743822472136673
compound,PD+CeNN dropout+RTA,64,0.24387648996052572,0.6858876129805528,12.105586286603485,0.0,0.0,0.000581792484022536,0.0,0.007576946897356988
compound,PD+CeNN dropout+RTA,65,0.25300902248851115,0.38624517888619164,12.782497860855132,0.0,0.0,0.0009163049803304493,0.0,0.008804455591063864
compound,PD+CeNN dropout+RTA,66,0.45615096802692323,1.1353092014307853,36.13882230287828,0.0,0.0,0.0013706237320963918,0.0,0.009072403492636414
compound,PD+CeNN dropout+RTA,67,0.2660200051144194,0.7411497602896805,17.970446020496674,0.0,0.0,0.0004893405014333612,0.0,0.005613902404924896
compound,PD+CeNN dropout+RTA,68,0.28981549309302884,0.8218457136289831,27.170670737757792,0.0,0.0,0.00021592941167676813,0.0,0.004768367912822263
compound,PD+CeNN dropout+RTA,69,0.19128442924100414,0.790370781544529,7.641351810834791,0.0,0.0,0.00037206044704888143,0.0,0.0052900163745666605
compound,PD+CeNN dropout+RTA,70,0.18656169340992138,0.30094873174233205,12.018737570018892,0.0,0.0,0.000624389077676706,0.0,0.007482183633390287
compound,PD+CeNN dropout+RTA,71,0.4154252833312816,1.200934087616572,25.106959305557467,0.0,0.0,0.0003903850951062131,0.0,0.0057304700883096605
compound,PD+CeNN dropout+RTA,72,0.30782897086335476,0.6492923160807542,14.267552831486093,0.0,0.0,0.000716546319794929,0.0,0.009643386533081364
compound,PD+CeNN dropout+RTA,73,0.2627632715540647,0.6409152893297336,18.828541413617504,0.0,0.0,0.0005575430891706433,0.0,0.005765361641939084
compound,PD+CeNN dropout+RTA,74,0.24920145077317382,0.3222577120432554,9.465481502465291,0.0,0.0,0.0007251747950515609,0.0,0.009041824398213565
compound,PD+CeNN dropout+RTA,75,0.3441247067858607,1.0085018274351194,23.20650676113641,0.0,0.0,0.000320173068759661,0.0,0.004830330866838141
compound,PD+CeNN dropout+RTA,76,0.39898639452660645,1.0033512796785846,30.736958864717277,0.0,0.0,0.0005218016457494128,0.0,0.008047954828717618
compound,PD+CeNN dropout+RTA,77,0.2561409846444594,0.7978813972440527,10.067867366972653,0.0,0.0,0.0005696675015564049,0.0,0.00841435875231269
compound,PD+CeNN dropout+RTA,78,0.3729324202993203,0.7789285200959848,26.632950109267025,0.0,0.0,0.0011675015362107954,0.0,0.009087440311880966
compound,PD+CeNN dropout+RTA,79,0.3856138431654992,0.9769429226339562,26.816675484663932,0.0,0.0,0.00048057097791280183,0.0,0.008211738938805327
compound,PD+CeNN dropout+RTA,80,0.2952759082660108,0.9191562094888154,10.592233625409035,0.0,0.0,0.0005455888155517713,0.0,0.0075116303039768455
compound,PD+CeNN dropout+RTA,81,0.48465519164127424,1.2859054561307302,34.02336965066638,0.0,0.0,0.0009829750440114476,0.0,0.008142535524180363
compound,PD+CeNN dropout+RTA,82,0.28611465414135645,0.5891259421566004,11.698362936345678,0.0,0.0,0.000848753757101926,0.0,0.008365720733940934
compound,PD+CeNN dropout+RTA,83,0.1851514326833435,0.4269890451793706,19.45820034077775,0.0,0.0,0.0005395996276144642,0.0,0.006916856017785908
compound,PD+CeNN dropout+RTA,84,0.2737387627336776,0.5697364292468062,16.011348231290455,0.0,0.0,0.0007604556673409134,0.0,0.0077573788078208195
compound,PD+CeNN dropout+RTA,85,0.23394504267444996,0.547481617421385,13.936423718619691,0.0,0.0,0.0004876625952868896,0.0,0.0065210622738799415
compound,PD+CeNN dropout+RTA,86,0.34240627992071176,0.9796140685515923,21.908180192479474,0.0,0.0,0.0003049233405264702,0.0,0.006576101523676378
compound,PD+CeNN dropout+RTA,87,0.3937754178159868,0.9934432461341222,26.833150674963775,0.0,0.0,0.0009957143186894424,0.0,0.007976765709734594
compound,PD+CeNN dropout+RTA,88,0.13993122259899776,0.2558300076360697,15.428275894908886,0.0,0.0,0.0003454270961151221,0.0,0.006315154844147446
compound,PD+CeNN dropout+RTA,89,0.23556042749438982,0.7600408992881109,11.121032564520346,0.0,0.0,0.00027838567063453946,0.0,0.00535612989884111
compound,PD+CeNN dropout+RTA,90,0.24730356900534223,0.715034428870253,15.605288910141972,0.0,0.0,0.0003401831379440504,0.0,0.004658020807274537
compound,PD+CeNN dropout+RTA,91,0.23867035953170285,0.8177166023278463,10.008060401465873,0.0,0.0,0.00037829420434657443,0.0,0.006011124686253871
compound,PD+CeNN dropout+RTA,92,0.34739154514271087,0.9526308992982658,25.34594908808672,0.0,0.0,0.00034276733609675634,0.0,0.006031408237478518
compound,PD+CeNN dropout+RTA,93,0.3264578144232906,0.8572196421848883,21.24412292945776,0.0,0.0,0.0006372856215766409,0.0,0.0068196724463888995
compound,PD+CeNN dropout+RTA,94,0.2038095204898189,0.47163638074123737,13.427291854729598,0.0,0.0,0.0004409206633274707,0.0,0.005659563480062759
compound,PD+CeNN dropout+RTA,95,0.2664651603306238,0.6149008745965839,11.755207208024801,0.0,0.0,0.0010044500587896973,0.0,0.00897840434426263
compound,PD+CeNN dropout+RTA,96,0.36527157395289855,0.970514134714724,27.523353178691774,0.0,0.0,0.0006334732390139601,0.0,0.006697273013310467
compound,PD+CeNN dropout+RTA,97,0.30916411463684185,0.877573171804056,20.155184203447394,0.0,0.0,0.000321554226309519,0.0,0.005761700484675676
compound,PD+CeNN dropout+RTA,98,0.2481363557247671,0.3939901028429682,13.720122885309545,0.0,0.0,0.0009607092209126966,0.0,0.009004146779775686
compound,PD+CeNN dropout+RTA,99,0.2964085328311219,0.7315751049872954,20.878508956262646,0.0,0.0,0.0005005553212715014,0.0,0.007269624582063952
