Scenario,Controller,SeedIndex,rmse_m,p95_error_m,max_error_m,excursion_gt0p5_pct,excursion_gt1m_pct,saturation_pct,filter_active_pct,filter_infeasible_pct,hocbf_set_invalid_pct,filter_correction_mean,I_authority_scale_mean
model20,CurrentOnly-AE-CeNN-494,11000,0.0236232057644058,0.0328616139252882,0.0337684008997866,0.0,0.0,0.0,0.0,0.0,0.0,0.0,0.2090615998309092
model20,CurrentOnly-AE-CeNN-494,11001,0.017085383296165,0.0236405892877199,0.0244480901227089,0.0,0.0,0.0,0.0,0.0,0.0,0.0,0.0499229223529549
model20,CurrentOnly-AE-CeNN-494,11002,0.0142574344234607,0.0193720999568868,0.0201533087148354,0.0,0.0,0.0,0.0,0.0,0.0,0.0,0.0
model20,CurrentOnly-AE-CeNN-494,11003,0.0171020991032499,0.0234325303332469,0.0242752164956048,0.0,0.0,0.0,0.0,0.0,0.0,0.0,0.2100169032294765
model20,CurrentOnly-AE-CeNN-494,11004,0.0206285744012369,0.0281731674759037,0.0290202505615636,0.0,0.0,0.0,0.0,0.0,0.0,0.0,0.0653847057925516
model20,CurrentOnly-AE-CeNN-494,11005,0.0276595027622879,0.037505703926791,0.0383232133361184,0.0,0.0,0.0,0.0,0.0,0.0,0.0,0.5567113009960952
model20,CurrentOnly-AE-CeNN-494,11006,0.0135656079863687,0.0201517778653711,0.0209378427154637,0.0,0.0,0.0,0.0,0.0,0.0,0.0,0.0006702020435305
model20,CurrentOnly-AE-CeNN-494,11007,0.0136837651766491,0.0202038396787503,0.0207550216897874,0.0,0.0,0.0,0.0,0.0,0.0,0.0,0.0013490529131639
model20,CurrentOnly-AE-CeNN-494,11008,0.0125569125709144,0.0186438537779512,0.0189406661069635,0.0,0.0,0.0,0.0,0.0,0.0,0.0,0.0
model20,CurrentOnly-AE-CeNN-494,11009,0.0114240397057114,0.0164371623277134,0.0171525717396066,0.0,0.0,0.0,0.0,0.0,0.0,0.0,0.0
model20,CurrentOnly-AE-CeNN-494,11010,0.0231482075138848,0.0315205350864591,0.0327666721649676,0.0,0.0,0.0,0.0,0.0,0.0,0.0,0.8813584030991709
model20,CurrentOnly-AE-CeNN-494,11011,0.0166151869303068,0.0218101912938198,0.0229061359488189,0.0,0.0,0.0,0.0,0.0,0.0,0.0,0.039971323048249
model20,CurrentOnly-AE-CeNN-494,11012,0.0119661689969501,0.0179903615759795,0.0187194156020717,0.0,0.0,0.0,0.0,0.0,0.0,0.0,0.0034576025212034
model20,CurrentOnly-AE-CeNN-494,11013,0.0099748139316676,0.0131180470048186,0.0136371212000284,0.0,0.0,0.0,0.0,0.0,0.0,0.0,0.0
model20,CurrentOnly-AE-CeNN-494,11014,0.0112363602788783,0.0162190258998204,0.020127380075595,0.0,0.0,0.0,0.0,0.0,0.0,0.0,0.0024360862540607
model20,CurrentOnly-AE-CeNN-494,11015,0.0119345290363508,0.0154169892128781,0.0161782811076516,0.0,0.0,0.0,0.0,0.0,0.0,0.0,0.0
model20,CurrentOnly-AE-CeNN-494,11016,0.0143249682011965,0.020731165270863,0.0216652443805512,0.0,0.0,0.0,0.0,0.0,0.0,0.0,0.0006872583472476
model20,CurrentOnly-AE-CeNN-494,11017,0.0105393977688865,0.0134294925482895,0.0143178556932364,0.0,0.0,0.0,0.0,0.0,0.0,0.0,0.0
model20,CurrentOnly-AE-CeNN-494,11018,0.015738387497253,0.0222463933831656,0.0227166542289748,0.0,0.0,0.0,0.0,0.0,0.0,0.0,0.0015857340498065
model20,CurrentOnly-AE-CeNN-494,11019,0.0143941427476311,0.0199138511768442,0.0201887593646325,0.0,0.0,0.0,0.0,0.0,0.0,0.0,0.0
model20,CurrentOnly-AE-CeNN-494,11020,0.0190437689544094,0.0263203321502995,0.0268154576284112,0.0,0.0,0.0,0.0,0.0,0.0,0.0,0.0189287365671954
model20,CurrentOnly-AE-CeNN-494,11021,0.0109633960131923,0.014131103836918,0.0147368545618408,0.0,0.0,0.0,0.0,0.0,0.0,0.0,0.0011687973915348
model20,CurrentOnly-AE-CeNN-494,11022,0.0213388474869819,0.0301186820986553,0.0316640751833652,0.0,0.0,0.0,0.0,0.0,0.0,0.0,0.1329637054452398
model20,CurrentOnly-AE-CeNN-494,11023,0.0113063479276769,0.0147269352194758,0.0151241750230728,0.0,0.0,0.0,0.0,0.0,0.0,0.0,0.0
model20,CurrentOnly-AE-CeNN-494,11024,0.0173915332200692,0.0241652625575981,0.0250213185845601,0.0,0.0,0.0,0.0,0.0,0.0,0.0,0.2596386141506051
model20,CurrentOnly-AE-CeNN-494,11025,0.0145973187473287,0.0216199817591059,0.0223789423154292,0.0,0.0,0.0,0.0,0.0,0.0,0.0,0.0076812718187121
model20,CurrentOnly-AE-CeNN-494,11026,0.0096436002024161,0.0132148508743761,0.0149502724088502,0.0,0.0,0.0,0.0,0.0,0.0,0.0,0.0
model20,CurrentOnly-AE-CeNN-494,11027,0.0176441629450467,0.0235786985548949,0.0240962932542127,0.0,0.0,0.0,0.0,0.0,0.0,0.0,0.0006391680187804
model20,CurrentOnly-AE-CeNN-494,11028,0.0088511259867629,0.0109811156769686,0.0111444298222817,0.0,0.0,0.0,0.0,0.0,0.0,0.0,0.0012226791190705
model20,CurrentOnly-AE-CeNN-494,11029,0.0111948986025719,0.0158922249443637,0.0165857689939857,0.0,0.0,0.0,0.0,0.0,0.0,0.0,0.0
model20,CurrentOnly-AE-CeNN-494,11030,0.0116449188144334,0.0160124423190819,0.0167562414137177,0.0,0.0,0.0,0.0,0.0,0.0,0.0,0.0
model20,CurrentOnly-AE-CeNN-494,11031,0.0103433612219492,0.0135642886776966,0.0144619453824108,0.0,0.0,0.0,0.0,0.0,0.0,0.0,0.0
model20,CurrentOnly-AE-CeNN-494,11032,0.0144945653161661,0.0203563321145913,0.0210169858625908,0.0,0.0,0.0,0.0,0.0,0.0,0.0,0.0563489828201544
model20,CurrentOnly-AE-CeNN-494,11033,0.018686357271342,0.0252077372315115,0.0258465770544034,0.0,0.0,0.0,0.0,0.0,0.0,0.0,0.0062843965647803
model20,CurrentOnly-AE-CeNN-494,11034,0.009134005749422,0.0123799419275972,0.0132061871500592,0.0,0.0,0.0,0.0,0.0,0.0,0.0,0.0007806706023367
model20,CurrentOnly-AE-CeNN-494,11035,0.0160855114681039,0.0216887582798922,0.0223100505543837,0.0,0.0,0.0,0.0,0.0,0.0,0.0,0.1307342242723832
model20,CurrentOnly-AE-CeNN-494,11036,0.0085339462055078,0.0110280930330415,0.0142054834660743,0.0,0.0,0.0,0.0,0.0,0.0,0.0,0.0
model20,CurrentOnly-AE-CeNN-494,11037,0.013562344173507,0.0180528842830881,0.0182681403912029,0.0,0.0,0.0,0.0,0.0,0.0,0.0,0.0039408528627778
model20,CurrentOnly-AE-CeNN-494,11038,0.0104950273755558,0.0144748592924454,0.0218820177321001,0.0,0.0,0.0,0.0,0.0,0.0,0.0,0.0
model20,CurrentOnly-AE-CeNN-494,11039,0.018874862935697,0.0251030380841044,0.0255741896853176,0.0,0.0,0.0,0.0,0.0,0.0,0.0,0.0017953508307136
model20,CurrentOnly-AE-CeNN-494,11040,0.0144683101666717,0.0200545819417682,0.0213489615578157,0.0,0.0,0.0,0.0,0.0,0.0,0.0,0.0190194595901944
model20,CurrentOnly-AE-CeNN-494,11041,0.0093743534764106,0.0122652083252734,0.0155958141070647,0.0,0.0,0.0,0.0,0.0,0.0,0.0,0.0
model20,CurrentOnly-AE-CeNN-494,11042,0.0170369228608375,0.0231632635846602,0.02460647675373,0.0,0.0,0.0,0.0,0.0,0.0,0.0,0.0007852555392016
model20,CurrentOnly-AE-CeNN-494,11043,0.0155080527590402,0.0213347564905081,0.0220015870671263,0.0,0.0,0.0,0.0,0.0,0.0,0.0,0.0004624509024456
model20,CurrentOnly-AE-CeNN-494,11044,0.0251834854623396,0.0341850686027523,0.035226850787321,0.0,0.0,0.0,0.0,0.0,0.0,0.0,0.3229574661772721
model20,CurrentOnly-AE-CeNN-494,11045,0.014565980160649,0.0201004497083116,0.0217424701630303,0.0,0.0,0.0,0.0,0.0,0.0,0.0,0.0065570350657611
model20,CurrentOnly-AE-CeNN-494,11046,0.0127210928041802,0.0175358933685461,0.017831826095161,0.0,0.0,0.0,0.0,0.0,0.0,0.0,0.0
model20,CurrentOnly-AE-CeNN-494,11047,0.0159443858340218,0.0230835471235824,0.023386388156089,0.0,0.0,0.0,0.0,0.0,0.0,0.0,0.0903942374636232
model20,CurrentOnly-AE-CeNN-494,11048,0.0097535190905502,0.0142590775279811,0.0148669253016904,0.0,0.0,0.0,0.0,0.0,0.0,0.0,0.0
model20,CurrentOnly-AE-CeNN-494,11049,0.0084282511210022,0.0108020592034169,0.011338912738717,0.0,0.0,0.0,0.0,0.0,0.0,0.0,0.0
model20,CurrentOnly-AE-CeNN-494,11050,0.0103772107249567,0.015386751469261,0.0160052530980353,0.0,0.0,0.0,0.0,0.0,0.0,0.0,0.0
model20,CurrentOnly-AE-CeNN-494,11051,0.0167723414988672,0.0233360202011333,0.0243105879899097,0.0,0.0,0.0,0.0,0.0,0.0,0.0,0.0973584100187016
model20,CurrentOnly-AE-CeNN-494,11052,0.0144878267287098,0.0201189279873335,0.0203386698896956,0.0,0.0,0.0,0.0,0.0,0.0,0.0,0.0
model20,CurrentOnly-AE-CeNN-494,11053,0.0090204392639027,0.0114429537426358,0.0142809723887553,0.0,0.0,0.0,0.0,0.0,0.0,0.0,0.0007174704049879
model20,CurrentOnly-AE-CeNN-494,11054,0.0118758138608615,0.0174256601174189,0.017749958948241,0.0,0.0,0.0,0.0,0.0,0.0,0.0,0.0034495989906688
model20,CurrentOnly-AE-CeNN-494,11055,0.0123658364894757,0.0167621907854475,0.0171539608157681,0.0,0.0,0.0,0.0,0.0,0.0,0.0,0.0
model20,CurrentOnly-AE-CeNN-494,11056,0.0150870749656596,0.0221111171538604,0.0224903961201089,0.0,0.0,0.0,0.0,0.0,0.0,0.0,0.0
model20,CurrentOnly-AE-CeNN-494,11057,0.0133601869457286,0.0178436142584597,0.0182020554354366,0.0,0.0,0.0,0.0,0.0,0.0,0.0,0.0
model20,CurrentOnly-AE-CeNN-494,11058,0.0084221762707432,0.0112833784372676,0.0116254033713631,0.0,0.0,0.0,0.0,0.0,0.0,0.0,0.0
model20,CurrentOnly-AE-CeNN-494,11059,0.0203839114447856,0.0278957375920701,0.0286576930096439,0.0,0.0,0.0,0.0,0.0,0.0,0.0,0.0204249213987266
model20,CurrentOnly-AE-CeNN-494,11060,0.0148750944753625,0.0198956624370939,0.020920140739044,0.0,0.0,0.0,0.0,0.0,0.0,0.0,0.0105250504211247
model20,CurrentOnly-AE-CeNN-494,11061,0.0153554768779388,0.0211571831526394,0.0216943559625107,0.0,0.0,0.0,0.0,0.0,0.0,0.0,0.0015413837157077
model20,CurrentOnly-AE-CeNN-494,11062,0.0145345415760594,0.0206370732482253,0.0214727341899349,0.0,0.0,0.0,0.0,0.0,0.0,0.0,0.050129447790976
model20,CurrentOnly-AE-CeNN-494,11063,0.0094630671387599,0.0121148352782957,0.0157618031531304,0.0,0.0,0.0,0.0,0.0,0.0,0.0,0.0
model20,CurrentOnly-AE-CeNN-494,11064,0.0190210411278001,0.0266130440446894,0.0274995575592071,0.0,0.0,0.0,0.0,0.0,0.0,0.0,0.2319209490175085
model20,CurrentOnly-AE-CeNN-494,11065,0.0129008478816805,0.0166016110094402,0.0169025715251166,0.0,0.0,0.0,0.0,0.0,0.0,0.0,0.0
model20,CurrentOnly-AE-CeNN-494,11066,0.0097632481977667,0.0143744660021184,0.0147531178118591,0.0,0.0,0.0,0.0,0.0,0.0,0.0,0.0
model20,CurrentOnly-AE-CeNN-494,11067,0.0120840899438093,0.0173678629759628,0.0179003104913389,0.0,0.0,0.0,0.0,0.0,0.0,0.0,0.0
model20,CurrentOnly-AE-CeNN-494,11068,0.0178797599913702,0.0232231980253376,0.0242204026210108,0.0,0.0,0.0,0.0,0.0,0.0,0.0,0.2528379291092309
model20,CurrentOnly-AE-CeNN-494,11069,0.0151970023928883,0.0198460204267006,0.0206718113015457,0.0,0.0,0.0,0.0,0.0,0.0,0.0,0.0004923917753122
model20,CurrentOnly-AE-CeNN-494,11070,0.0129190690823228,0.0182946095230715,0.0188873905981372,0.0,0.0,0.0,0.0,0.0,0.0,0.0,0.0
model20,CurrentOnly-AE-CeNN-494,11071,0.0100254571998251,0.0137028961714107,0.0140544922888435,0.0,0.0,0.0,0.0,0.0,0.0,0.0,0.0
model20,CurrentOnly-AE-CeNN-494,11072,0.0161682971015381,0.0226781743583567,0.0236518650577681,0.0,0.0,0.0,0.0,0.0,0.0,0.0,0.0005715962268404
model20,CurrentOnly-AE-CeNN-494,11073,0.0175928211553946,0.0233044512363096,0.0240155368987883,0.0,0.0,0.0,0.0,0.0,0.0,0.0,0.0
model20,CurrentOnly-AE-CeNN-494,11074,0.0105168581146965,0.0145786445957838,0.0150871365601143,0.0,0.0,0.0,0.0,0.0,0.0,0.0,0.0
model20,CurrentOnly-AE-CeNN-494,11075,0.0170281518394838,0.0241293360971216,0.0248123625581072,0.0,0.0,0.0,0.0,0.0,0.0,0.0,0.1635575935624456
model20,CurrentOnly-AE-CeNN-494,11076,0.0173608931760618,0.0238536521822096,0.0244637549784771,0.0,0.0,0.0,0.0,0.0,0.0,0.0,0.0051533688898034
model20,CurrentOnly-AE-CeNN-494,11077,0.0104241773741258,0.0139524050953828,0.0143186281502904,0.0,0.0,0.0,0.0,0.0,0.0,0.0,0.0
model20,CurrentOnly-AE-CeNN-494,11078,0.0225016777182653,0.0322810023049935,0.0329728707622578,0.0,0.0,0.0,0.0,0.0,0.0,0.0,0.1949868455299141
model20,CurrentOnly-AE-CeNN-494,11079,0.0236941449903031,0.0316941219446703,0.0337404128079561,0.0,0.0,0.0,0.0,0.0,0.0,0.0,0.2033758866683945
model20,CurrentOnly-AE-CeNN-494,11080,0.0080249963721288,0.0110020163071496,0.0122874766585096,0.0,0.0,0.0,0.0,0.0,0.0,0.0,0.0
model20,CurrentOnly-AE-CeNN-494,11081,0.0160833786160475,0.0221164124797205,0.0223436621225182,0.0,0.0,0.0,0.0,0.0,0.0,0.0,0.0028430833202889
model20,CurrentOnly-AE-CeNN-494,11082,0.0133437771473659,0.0180357435650124,0.0185417615428219,0.0,0.0,0.0,0.0,0.0,0.0,0.0,0.0
model20,CurrentOnly-AE-CeNN-494,11083,0.0142170815918501,0.0193176164421167,0.0197227411470396,0.0,0.0,0.0,0.0,0.0,0.0,0.0,0.077181389034314
model20,CurrentOnly-AE-CeNN-494,11084,0.0105728054578066,0.0144413050755076,0.0148101259740386,0.0,0.0,0.0,0.0,0.0,0.0,0.0,0.0
model20,CurrentOnly-AE-CeNN-494,11085,0.0231061338006263,0.0309725649518745,0.0322441182580595,0.0,0.0,0.0,0.0,0.0,0.0,0.0,0.8312637874707733
model20,CurrentOnly-AE-CeNN-494,11086,0.0158412497726238,0.0219093487358921,0.0222742524559037,0.0,0.0,0.0,0.0,0.0,0.0,0.0,0.0
model20,CurrentOnly-AE-CeNN-494,11087,0.0140297325804986,0.0195472706659877,0.0202601954710809,0.0,0.0,0.0,0.0,0.0,0.0,0.0,0.0006698174747846
model20,CurrentOnly-AE-CeNN-494,11088,0.0157686598447117,0.0212183830609026,0.0215341828311885,0.0,0.0,0.0,0.0,0.0,0.0,0.0,0.0401449148280147
model20,CurrentOnly-AE-CeNN-494,11089,0.0080724599477443,0.0106596148126941,0.0111270015050795,0.0,0.0,0.0,0.0,0.0,0.0,0.0,0.0
model20,CurrentOnly-AE-CeNN-494,11090,0.0142922138554864,0.0195033851964959,0.0201008875276647,0.0,0.0,0.0,0.0,0.0,0.0,0.0,0.035948641562649
model20,CurrentOnly-AE-CeNN-494,11091,0.0091665223951751,0.0125906269164588,0.0141030052873067,0.0,0.0,0.0,0.0,0.0,0.0,0.0,0.0
model20,CurrentOnly-AE-CeNN-494,11092,0.0200798370872571,0.02629669944646,0.0269891058543564,0.0,0.0,0.0,0.0,0.0,0.0,0.0,0.5486700589768573
model20,CurrentOnly-AE-CeNN-494,11093,0.0086379994329956,0.011513059008859,0.012251502174823,0.0,0.0,0.0,0.0,0.0,0.0,0.0,0.0
model20,CurrentOnly-AE-CeNN-494,11094,0.0086099373581535,0.0115105902234276,0.0118090652658088,0.0,0.0,0.0,0.0,0.0,0.0,0.0,0.0
model20,CurrentOnly-AE-CeNN-494,11095,0.0088428499585687,0.0132642646366252,0.0137477869652123,0.0,0.0,0.0,0.0,0.0,0.0,0.0,0.0
model20,CurrentOnly-AE-CeNN-494,11096,0.0103312080171632,0.0160605100432665,0.0167639543972029,0.0,0.0,0.0,0.0,0.0,0.0,0.0,0.0
model20,CurrentOnly-AE-CeNN-494,11097,0.0127114999060581,0.0174352604779805,0.0183393291731306,0.0,0.0,0.0,0.0,0.0,0.0,0.0,0.0005141230435316
model20,CurrentOnly-AE-CeNN-494,11098,0.0103584155775744,0.0144109945328587,0.014884793255079,0.0,0.0,0.0,0.0,0.0,0.0,0.0,0.0017938345448121
model20,CurrentOnly-AE-CeNN-494,11099,0.0140183776917048,0.0204423555565544,0.0212666219124052,0.0,0.0,0.0,0.0,0.0,0.0,0.0,0.0072833009304312
model20,I-RiskGovernor-unfiltered,11000,0.023588713248381,0.0326901726622388,0.0335967595566461,0.0,0.0,0.0,0.0,0.0,0.0,0.0,0.2065792334888314
model20,I-RiskGovernor-unfiltered,11001,0.0170733019815425,0.0235776420271694,0.0243838680893528,0.0,0.0,0.0,0.0,0.0,0.0,0.0,0.0493970419120461
model20,I-RiskGovernor-unfiltered,11002,0.0142574344234607,0.0193720999568868,0.0201533087148354,0.0,0.0,0.0,0.0,0.0,0.0,0.0,0.0
model20,I-RiskGovernor-unfiltered,11003,0.0170569672569537,0.023379028232417,0.0242153563798592,0.0,0.0,0.0,0.0,0.0,0.0,0.0,0.2090048010987337
model20,I-RiskGovernor-unfiltered,11004,0.020624873492377,0.0281494617423594,0.0290082860489419,0.0,0.0,0.0,0.0,0.0,0.0,0.0,0.0654573108918857
model20,I-RiskGovernor-unfiltered,11005,0.0275419590063952,0.0372737450346114,0.0380979492989052,0.0,0.0,0.0,0.0,0.0,0.0,0.0,0.5446972016616471
model20,I-RiskGovernor-unfiltered,11006,0.0135653693578272,0.0201517778653711,0.0209378427154637,0.0,0.0,0.0,0.0,0.0,0.0,0.0,0.0006702020435305
model20,I-RiskGovernor-unfiltered,11007,0.0136839601968995,0.0202038401105515,0.0207550217752827,0.0,0.0,0.0,0.0,0.0,0.0,0.0,0.0013676637354007
model20,I-RiskGovernor-unfiltered,11008,0.0125583512017109,0.0186438480850431,0.0189406608086392,0.0,0.0,0.0,0.0,0.0,0.0,0.0,0.0
model20,I-RiskGovernor-unfiltered,11009,0.011422915114239,0.0164371628357139,0.0171525719651963,0.0,0.0,0.0,0.0,0.0,0.0,0.0,0.0
model20,I-RiskGovernor-unfiltered,11010,0.0230068055507226,0.0314186881806136,0.032658610593134,0.0,0.0,0.0,0.0,0.0,0.0,0.0,0.8787672252420357
model20,I-RiskGovernor-unfiltered,11011,0.0165939006293001,0.0217880664135784,0.0228281911763307,0.0,0.0,0.0,0.0,0.0,0.0,0.0,0.0399270512014311
model20,I-RiskGovernor-unfiltered,11012,0.0119649924124375,0.0179901602222345,0.0187194156020717,0.0,0.0,0.0,0.0,0.0,0.0,0.0,0.0034589192911963
model20,I-RiskGovernor-unfiltered,11013,0.0099749120302221,0.0131180470054749,0.0136371209472708,0.0,0.0,0.0,0.0,0.0,0.0,0.0,0.0
model20,I-RiskGovernor-unfiltered,11014,0.0112360951015286,0.01620970362708,0.0200957651628264,0.0,0.0,0.0,0.0,0.0,0.0,0.0,0.0024357475921366
model20,I-RiskGovernor-unfiltered,11015,0.0119345370570785,0.0154169892127927,0.0161782811070396,0.0,0.0,0.0,0.0,0.0,0.0,0.0,0.0
model20,I-RiskGovernor-unfiltered,11016,0.0143248994514045,0.0207311551104545,0.0216652386805625,0.0,0.0,0.0,0.0,0.0,0.0,0.0,0.0006872582868807
model20,I-RiskGovernor-unfiltered,11017,0.0105372761714107,0.0134294925551253,0.0143178556980455,0.0,0.0,0.0,0.0,0.0,0.0,0.0,0.0
model20,I-RiskGovernor-unfiltered,11018,0.0157405817067441,0.0222476572805652,0.0227306644357388,0.0,0.0,0.0,0.0,0.0,0.0,0.0,0.0015857696954514
model20,I-RiskGovernor-unfiltered,11019,0.0143941427476311,0.0199138511768442,0.0201887593646325,0.0,0.0,0.0,0.0,0.0,0.0,0.0,0.0
model20,I-RiskGovernor-unfiltered,11020,0.0190503028901326,0.0263331184713712,0.0268522576101585,0.0,0.0,0.0,0.0,0.0,0.0,0.0,0.0189407661724691
model20,I-RiskGovernor-unfiltered,11021,0.0109625702349249,0.014131113465926,0.0147368589735156,0.0,0.0,0.0,0.0,0.0,0.0,0.0,0.0011674245911155
model20,I-RiskGovernor-unfiltered,11022,0.0213169365419478,0.0300949554996027,0.0316003809494864,0.0,0.0,0.0,0.0,0.0,0.0,0.0,0.1329970891360948
model20,I-RiskGovernor-unfiltered,11023,0.0113063582590745,0.0147269151028788,0.015124139783684,0.0,0.0,0.0,0.0,0.0,0.0,0.0,0.0
model20,I-RiskGovernor-unfiltered,11024,0.0173223472021629,0.0240564739466886,0.0247875420564244,0.0,0.0,0.0,0.0,0.0,0.0,0.0,0.2559117912849391
model20,I-RiskGovernor-unfiltered,11025,0.0145936476252218,0.0216196148931215,0.0223783747861275,0.0,0.0,0.0,0.0,0.0,0.0,0.0,0.0076804985745029
model20,I-RiskGovernor-unfiltered,11026,0.0096460566159244,0.013214850869417,0.0150015841519861,0.0,0.0,0.0,0.0,0.0,0.0,0.0,0.0
model20,I-RiskGovernor-unfiltered,11027,0.0176426395815968,0.0235782371172976,0.0240925993276592,0.0,0.0,0.0,0.0,0.0,0.0,0.0,0.0006388980898863
model20,I-RiskGovernor-unfiltered,11028,0.0088506377832611,0.0109809748946944,0.0111445473724506,0.0,0.0,0.0,0.0,0.0,0.0,0.0,0.0012226910729031
model20,I-RiskGovernor-unfiltered,11029,0.0111942588119952,0.015892224952847,0.0165857690094882,0.0,0.0,0.0,0.0,0.0,0.0,0.0,0.0
model20,I-RiskGovernor-unfiltered,11030,0.0116466579237612,0.0160124423180086,0.0167572629913736,0.0,0.0,0.0,0.0,0.0,0.0,0.0,0.0
model20,I-RiskGovernor-unfiltered,11031,0.0103396757856821,0.0135642863028898,0.0144619361966407,0.0,0.0,0.0,0.0,0.0,0.0,0.0,0.0
model20,I-RiskGovernor-unfiltered,11032,0.0144852066640693,0.0203557966648707,0.0210153993051118,0.0,0.0,0.0,0.0,0.0,0.0,0.0,0.0563317252548112
model20,I-RiskGovernor-unfiltered,11033,0.0186837742907007,0.025206466395131,0.0258463648628642,0.0,0.0,0.0,0.0,0.0,0.0,0.0,0.0062894424802334
model20,I-RiskGovernor-unfiltered,11034,0.009135527568193,0.0123880080125181,0.0132123488317904,0.0,0.0,0.0,0.0,0.0,0.0,0.0,0.0007806706446869
model20,I-RiskGovernor-unfiltered,11035,0.0160729383953514,0.0216683232355438,0.0222575018517848,0.0,0.0,0.0,0.0,0.0,0.0,0.0,0.1307323407861896
model20,I-RiskGovernor-unfiltered,11036,0.008533916370888,0.0110280927591558,0.0142050217022884,0.0,0.0,0.0,0.0,0.0,0.0,0.0,0.0
model20,I-RiskGovernor-unfiltered,11037,0.0135618909484879,0.0180555482435651,0.0182610015247466,0.0,0.0,0.0,0.0,0.0,0.0,0.0,0.003940537727305
model20,I-RiskGovernor-unfiltered,11038,0.0104943513283713,0.0144811544900092,0.021846676717851,0.0,0.0,0.0,0.0,0.0,0.0,0.0,0.0
model20,I-RiskGovernor-unfiltered,11039,0.0188758308779499,0.0251028424900133,0.025573084043826,0.0,0.0,0.0,0.0,0.0,0.0,0.0,0.0017953540411296
model20,I-RiskGovernor-unfiltered,11040,0.0144789979087755,0.0200561824808293,0.0213529503763642,0.0,0.0,0.0,0.0,0.0,0.0,0.0,0.0198913975597424
model20,I-RiskGovernor-unfiltered,11041,0.0093728778958078,0.0122652085941454,0.0155480755120159,0.0,0.0,0.0,0.0,0.0,0.0,0.0,0.0
model20,I-RiskGovernor-unfiltered,11042,0.0170382466761493,0.0231601568742172,0.0246064337566548,0.0,0.0,0.0,0.0,0.0,0.0,0.0,0.000785463331378
model20,I-RiskGovernor-unfiltered,11043,0.015508562368725,0.0213347533527331,0.0220016308289827,0.0,0.0,0.0,0.0,0.0,0.0,0.0,0.0004624509008412
model20,I-RiskGovernor-unfiltered,11044,0.0251419641820499,0.0340814345672506,0.0351076089155617,0.0,0.0,0.0,0.0,0.0,0.0,0.0,0.3253319388078783
model20,I-RiskGovernor-unfiltered,11045,0.0145624785823365,0.0200989046761559,0.0217379412541805,0.0,0.0,0.0,0.0,0.0,0.0,0.0,0.006593026335839
model20,I-RiskGovernor-unfiltered,11046,0.0127176596668964,0.0175357693768672,0.0178283677259013,0.0,0.0,0.0,0.0,0.0,0.0,0.0,0.0
model20,I-RiskGovernor-unfiltered,11047,0.0159145911195654,0.0230408382075563,0.0233457745059935,0.0,0.0,0.0,0.0,0.0,0.0,0.0,0.0907607968226587
model20,I-RiskGovernor-unfiltered,11048,0.0097511969529512,0.0142590738085136,0.0148669259230869,0.0,0.0,0.0,0.0,0.0,0.0,0.0,0.0
model20,I-RiskGovernor-unfiltered,11049,0.0084268637322882,0.0108020592093863,0.0113389127504436,0.0,0.0,0.0,0.0,0.0,0.0,0.0,0.0
model20,I-RiskGovernor-unfiltered,11050,0.0103764962081827,0.0153867514560906,0.0160052530807921,0.0,0.0,0.0,0.0,0.0,0.0,0.0,0.0
model20,I-RiskGovernor-unfiltered,11051,0.0167447954919401,0.0233140185066233,0.0242940240763442,0.0,0.0,0.0,0.0,0.0,0.0,0.0,0.0967596926271856
model20,I-RiskGovernor-unfiltered,11052,0.0144878267287098,0.0201189279873335,0.0203386698896956,0.0,0.0,0.0,0.0,0.0,0.0,0.0,0.0
model20,I-RiskGovernor-unfiltered,11053,0.0090178486393741,0.0114429537113925,0.0142195322122707,0.0,0.0,0.0,0.0,0.0,0.0,0.0,0.0007177075428356
model20,I-RiskGovernor-unfiltered,11054,0.0118764529203489,0.0174256601174384,0.0177499594141331,0.0,0.0,0.0,0.0,0.0,0.0,0.0,0.0034690059384265
model20,I-RiskGovernor-unfiltered,11055,0.0123648684595581,0.0167621914516686,0.017153961527201,0.0,0.0,0.0,0.0,0.0,0.0,0.0,0.0
model20,I-RiskGovernor-unfiltered,11056,0.0150870749656596,0.0221111171538604,0.0224903961201089,0.0,0.0,0.0,0.0,0.0,0.0,0.0,0.0
model20,I-RiskGovernor-unfiltered,11057,0.0133579122510983,0.017841735394801,0.0182013975592277,0.0,0.0,0.0,0.0,0.0,0.0,0.0,0.0
model20,I-RiskGovernor-unfiltered,11058,0.0084221762707432,0.0112833784372676,0.0116254033713631,0.0,0.0,0.0,0.0,0.0,0.0,0.0,0.0
model20,I-RiskGovernor-unfiltered,11059,0.0203853960742314,0.0278980609002573,0.0286575261162923,0.0,0.0,0.0,0.0,0.0,0.0,0.0,0.0204214256629288
model20,I-RiskGovernor-unfiltered,11060,0.0148628018383378,0.0198652775974484,0.0208906408799057,0.0,0.0,0.0,0.0,0.0,0.0,0.0,0.010512941333246
model20,I-RiskGovernor-unfiltered,11061,0.0153480480323037,0.0211487012489986,0.0216893679102472,0.0,0.0,0.0,0.0,0.0,0.0,0.0,0.0015274862966831
model20,I-RiskGovernor-unfiltered,11062,0.0145330908815189,0.0206219471399024,0.0213898897251596,0.0,0.0,0.0,0.0,0.0,0.0,0.0,0.0496761449452056
model20,I-RiskGovernor-unfiltered,11063,0.0094622945629791,0.0121147038944666,0.0157490182978299,0.0,0.0,0.0,0.0,0.0,0.0,0.0,0.0
model20,I-RiskGovernor-unfiltered,11064,0.0189480159023152,0.0265816134210798,0.0274336732167608,0.0,0.0,0.0,0.0,0.0,0.0,0.0,0.2250976238340057
model20,I-RiskGovernor-unfiltered,11065,0.0129008478816805,0.0166016110094402,0.0169025715251166,0.0,0.0,0.0,0.0,0.0,0.0,0.0,0.0
model20,I-RiskGovernor-unfiltered,11066,0.0097619522547251,0.0143744621615349,0.0147531178014826,0.0,0.0,0.0,0.0,0.0,0.0,0.0,0.0
model20,I-RiskGovernor-unfiltered,11067,0.0120837631503192,0.0173678630123085,0.0179003105610716,0.0,0.0,0.0,0.0,0.0,0.0,0.0,0.0
model20,I-RiskGovernor-unfiltered,11068,0.0178504301028164,0.0231915425117391,0.0242076089226057,0.0,0.0,0.0,0.0,0.0,0.0,0.0,0.252445291744002
model20,I-RiskGovernor-unfiltered,11069,0.0151990867204577,0.0198452392491205,0.0206718112978571,0.0,0.0,0.0,0.0,0.0,0.0,0.0,0.0004922776975122
model20,I-RiskGovernor-unfiltered,11070,0.0129190690823228,0.0182946095230715,0.0188873905981372,0.0,0.0,0.0,0.0,0.0,0.0,0.0,0.0
model20,I-RiskGovernor-unfiltered,11071,0.0100254571998251,0.0137028961714107,0.0140544922888435,0.0,0.0,0.0,0.0,0.0,0.0,0.0,0.0
model20,I-RiskGovernor-unfiltered,11072,0.0161668182939755,0.0226706502398875,0.0236518568915918,0.0,0.0,0.0,0.0,0.0,0.0,0.0,0.0005715839595202
model20,I-RiskGovernor-unfiltered,11073,0.0175928211553946,0.0233044512363096,0.0240155368987883,0.0,0.0,0.0,0.0,0.0,0.0,0.0,0.0
model20,I-RiskGovernor-unfiltered,11074,0.0105163432123014,0.01457864460164,0.0150871365680568,0.0,0.0,0.0,0.0,0.0,0.0,0.0,0.0
model20,I-RiskGovernor-unfiltered,11075,0.017000831001309,0.0241119993678674,0.0248364728670372,0.0,0.0,0.0,0.0,0.0,0.0,0.0,0.1644158099537602
model20,I-RiskGovernor-unfiltered,11076,0.0173646378510784,0.0238455484273076,0.0244533130522259,0.0,0.0,0.0,0.0,0.0,0.0,0.0,0.0051570722299923
model20,I-RiskGovernor-unfiltered,11077,0.010424127274498,0.0139523701810669,0.0143174448967205,0.0,0.0,0.0,0.0,0.0,0.0,0.0,0.0
model20,I-RiskGovernor-unfiltered,11078,0.0224634349883362,0.032186683824315,0.0329054853773891,0.0,0.0,0.0,0.0,0.0,0.0,0.0,0.1936576135530725
model20,I-RiskGovernor-unfiltered,11079,0.0236454173947599,0.031533462609336,0.0336462358386051,0.0,0.0,0.0,0.0,0.0,0.0,0.0,0.2013773388774034
model20,I-RiskGovernor-unfiltered,11080,0.0080265053546027,0.0110020162814372,0.0122874766128068,0.0,0.0,0.0,0.0,0.0,0.0,0.0,0.0
model20,I-RiskGovernor-unfiltered,11081,0.0160831035712887,0.0221164494489871,0.0223437292326508,0.0,0.0,0.0,0.0,0.0,0.0,0.0,0.0028406800131835
model20,I-RiskGovernor-unfiltered,11082,0.0133438126678426,0.0180352280094639,0.0185411832734739,0.0,0.0,0.0,0.0,0.0,0.0,0.0,0.0
model20,I-RiskGovernor-unfiltered,11083,0.014203117098309,0.0193287293015265,0.0197207601908489,0.0,0.0,0.0,0.0,0.0,0.0,0.0,0.073118266434967
model20,I-RiskGovernor-unfiltered,11084,0.0105728054578066,0.0144413050755076,0.0148101259740386,0.0,0.0,0.0,0.0,0.0,0.0,0.0,0.0
model20,I-RiskGovernor-unfiltered,11085,0.0229758036901747,0.0307998422195358,0.0321263744665146,0.0,0.0,0.0,0.0,0.0,0.0,0.0,0.8128350885704955
model20,I-RiskGovernor-unfiltered,11086,0.0158409515476294,0.0219093225879766,0.0222740548137651,0.0,0.0,0.0,0.0,0.0,0.0,0.0,0.0
model20,I-RiskGovernor-unfiltered,11087,0.0140289600102323,0.0195461581177251,0.0202585788876596,0.0,0.0,0.0,0.0,0.0,0.0,0.0,0.0006698174703831
model20,I-RiskGovernor-unfiltered,11088,0.0157390076934127,0.0210930130335189,0.0213954777903802,0.0,0.0,0.0,0.0,0.0,0.0,0.0,0.0395199783410436
model20,I-RiskGovernor-unfiltered,11089,0.0080732652097891,0.0106595579512207,0.0111270122803548,0.0,0.0,0.0,0.0,0.0,0.0,0.0,0.0
model20,I-RiskGovernor-unfiltered,11090,0.0142772588305001,0.0194833863365374,0.0200779669708261,0.0,0.0,0.0,0.0,0.0,0.0,0.0,0.0359234293838357
model20,I-RiskGovernor-unfiltered,11091,0.0091657688866067,0.0125906027738249,0.0139862012876064,0.0,0.0,0.0,0.0,0.0,0.0,0.0,0.0
model20,I-RiskGovernor-unfiltered,11092,0.0199608977709238,0.0260612812229428,0.0267459419937563,0.0,0.0,0.0,0.0,0.0,0.0,0.0,0.5358816927153517
model20,I-RiskGovernor-unfiltered,11093,0.0086379014125888,0.0115130227530146,0.0122515021747687,0.0,0.0,0.0,0.0,0.0,0.0,0.0,0.0
model20,I-RiskGovernor-unfiltered,11094,0.0086099373581535,0.0115105902234276,0.0118090652658088,0.0,0.0,0.0,0.0,0.0,0.0,0.0,0.0
model20,I-RiskGovernor-unfiltered,11095,0.0088428499585687,0.0132642646366252,0.0137477869652123,0.0,0.0,0.0,0.0,0.0,0.0,0.0,0.0
model20,I-RiskGovernor-unfiltered,11096,0.0103285656731373,0.0160605099770986,0.0167639543729417,0.0,0.0,0.0,0.0,0.0,0.0,0.0,0.0
model20,I-RiskGovernor-unfiltered,11097,0.0127136140299189,0.0174352604233215,0.0183393291702172,0.0,0.0,0.0,0.0,0.0,0.0,0.0,0.0005358579791325
model20,I-RiskGovernor-unfiltered,11098,0.0103653386499317,0.0144113676800865,0.0148847931152231,0.0,0.0,0.0,0.0,0.0,0.0,0.0,0.0017938035151107
model20,I-RiskGovernor-unfiltered,11099,0.0140161448947431,0.0204526821973164,0.0212686424710972,0.0,0.0,0.0,0.0,0.0,0.0,0.0,0.00723363005068
model20,J-PredictiveProjection,11000,0.023588713248381,0.0326901726622388,0.0335967595566461,0.0,0.0,0.0,0.0,0.0,0.0,0.0,0.2065792334888314
model20,J-PredictiveProjection,11001,0.0170733019815425,0.0235776420271694,0.0243838680893528,0.0,0.0,0.0,0.0,0.0,0.0,0.0,0.0493970419120461
model20,J-PredictiveProjection,11002,0.0142574344234607,0.0193720999568868,0.0201533087148354,0.0,0.0,0.0,0.0,0.0,0.0,0.0,0.0
model20,J-PredictiveProjection,11003,0.0170569672569537,0.023379028232417,0.0242153563798592,0.0,0.0,0.0,0.0,0.0,0.0,0.0,0.2090048010987337
model20,J-PredictiveProjection,11004,0.020624873492377,0.0281494617423594,0.0290082860489419,0.0,0.0,0.0,0.0,0.0,0.0,0.0,0.0654573108918857
model20,J-PredictiveProjection,11005,0.0275419590063952,0.0372737450346114,0.0380979492989052,0.0,0.0,0.0,0.0,0.0,0.0,0.0,0.5446972016616471
model20,J-PredictiveProjection,11006,0.0135653693578272,0.0201517778653711,0.0209378427154637,0.0,0.0,0.0,0.0,0.0,0.0,0.0,0.0006702020435305
model20,J-PredictiveProjection,11007,0.0136839601968995,0.0202038401105515,0.0207550217752827,0.0,0.0,0.0,0.0,0.0,0.0,0.0,0.0013676637354007
model20,J-PredictiveProjection,11008,0.0125583512017109,0.0186438480850431,0.0189406608086392,0.0,0.0,0.0,0.0,0.0,0.0,0.0,0.0
model20,J-PredictiveProjection,11009,0.011422915114239,0.0164371628357139,0.0171525719651963,0.0,0.0,0.0,0.0,0.0,0.0,0.0,0.0
model20,J-PredictiveProjection,11010,0.0230068055507226,0.0314186881806136,0.032658610593134,0.0,0.0,0.0,0.0,0.0,0.0,0.0,0.8787672252420357
model20,J-PredictiveProjection,11011,0.0165939006293001,0.0217880664135784,0.0228281911763307,0.0,0.0,0.0,0.0,0.0,0.0,0.0,0.0399270512014311
model20,J-PredictiveProjection,11012,0.0119649924124375,0.0179901602222345,0.0187194156020717,0.0,0.0,0.0,0.0,0.0,0.0,0.0,0.0034589192911963
model20,J-PredictiveProjection,11013,0.0099749120302221,0.0131180470054749,0.0136371209472708,0.0,0.0,0.0,0.0,0.0,0.0,0.0,0.0
model20,J-PredictiveProjection,11014,0.0112360951015286,0.01620970362708,0.0200957651628264,0.0,0.0,0.0,0.0,0.0,0.0,0.0,0.0024357475921366
model20,J-PredictiveProjection,11015,0.0119345370570785,0.0154169892127927,0.0161782811070396,0.0,0.0,0.0,0.0,0.0,0.0,0.0,0.0
model20,J-PredictiveProjection,11016,0.0143248994514045,0.0207311551104545,0.0216652386805625,0.0,0.0,0.0,0.0,0.0,0.0,0.0,0.0006872582868807
model20,J-PredictiveProjection,11017,0.0105372761714107,0.0134294925551253,0.0143178556980455,0.0,0.0,0.0,0.0,0.0,0.0,0.0,0.0
model20,J-PredictiveProjection,11018,0.0157405817067441,0.0222476572805652,0.0227306644357388,0.0,0.0,0.0,0.0,0.0,0.0,0.0,0.0015857696954514
model20,J-PredictiveProjection,11019,0.0143941427476311,0.0199138511768442,0.0201887593646325,0.0,0.0,0.0,0.0,0.0,0.0,0.0,0.0
model20,J-PredictiveProjection,11020,0.0190503028901326,0.0263331184713712,0.0268522576101585,0.0,0.0,0.0,0.0,0.0,0.0,0.0,0.0189407661724691
model20,J-PredictiveProjection,11021,0.0109625702349249,0.014131113465926,0.0147368589735156,0.0,0.0,0.0,0.0,0.0,0.0,0.0,0.0011674245911155
model20,J-PredictiveProjection,11022,0.0213169365419478,0.0300949554996027,0.0316003809494864,0.0,0.0,0.0,0.0,0.0,0.0,0.0,0.1329970891360948
model20,J-PredictiveProjection,11023,0.0113063582590745,0.0147269151028788,0.015124139783684,0.0,0.0,0.0,0.0,0.0,0.0,0.0,0.0
model20,J-PredictiveProjection,11024,0.0173223472021629,0.0240564739466886,0.0247875420564244,0.0,0.0,0.0,0.0,0.0,0.0,0.0,0.2559117912849391
model20,J-PredictiveProjection,11025,0.0145936476252218,0.0216196148931215,0.0223783747861275,0.0,0.0,0.0,0.0,0.0,0.0,0.0,0.0076804985745029
model20,J-PredictiveProjection,11026,0.0096460566159244,0.013214850869417,0.0150015841519861,0.0,0.0,0.0,0.0,0.0,0.0,0.0,0.0
model20,J-PredictiveProjection,11027,0.0176426395815968,0.0235782371172976,0.0240925993276592,0.0,0.0,0.0,0.0,0.0,0.0,0.0,0.0006388980898863
model20,J-PredictiveProjection,11028,0.0088506377832611,0.0109809748946944,0.0111445473724506,0.0,0.0,0.0,0.0,0.0,0.0,0.0,0.0012226910729031
model20,J-PredictiveProjection,11029,0.0111942588119952,0.015892224952847,0.0165857690094882,0.0,0.0,0.0,0.0,0.0,0.0,0.0,0.0
model20,J-PredictiveProjection,11030,0.0116466579237612,0.0160124423180086,0.0167572629913736,0.0,0.0,0.0,0.0,0.0,0.0,0.0,0.0
model20,J-PredictiveProjection,11031,0.0103396757856821,0.0135642863028898,0.0144619361966407,0.0,0.0,0.0,0.0,0.0,0.0,0.0,0.0
model20,J-PredictiveProjection,11032,0.0144852066640693,0.0203557966648707,0.0210153993051118,0.0,0.0,0.0,0.0,0.0,0.0,0.0,0.0563317252548112
model20,J-PredictiveProjection,11033,0.0186837742907007,0.025206466395131,0.0258463648628642,0.0,0.0,0.0,0.0,0.0,0.0,0.0,0.0062894424802334
model20,J-PredictiveProjection,11034,0.009135527568193,0.0123880080125181,0.0132123488317904,0.0,0.0,0.0,0.0,0.0,0.0,0.0,0.0007806706446869
model20,J-PredictiveProjection,11035,0.0160729383953514,0.0216683232355438,0.0222575018517848,0.0,0.0,0.0,0.0,0.0,0.0,0.0,0.1307323407861896
model20,J-PredictiveProjection,11036,0.008533916370888,0.0110280927591558,0.0142050217022884,0.0,0.0,0.0,0.0,0.0,0.0,0.0,0.0
model20,J-PredictiveProjection,11037,0.0135618909484879,0.0180555482435651,0.0182610015247466,0.0,0.0,0.0,0.0,0.0,0.0,0.0,0.003940537727305
model20,J-PredictiveProjection,11038,0.0104943513283713,0.0144811544900092,0.021846676717851,0.0,0.0,0.0,0.0,0.0,0.0,0.0,0.0
model20,J-PredictiveProjection,11039,0.0188758308779499,0.0251028424900133,0.025573084043826,0.0,0.0,0.0,0.0,0.0,0.0,0.0,0.0017953540411296
model20,J-PredictiveProjection,11040,0.0144789979087755,0.0200561824808293,0.0213529503763642,0.0,0.0,0.0,0.0,0.0,0.0,0.0,0.0198913975597424
model20,J-PredictiveProjection,11041,0.0093728778958078,0.0122652085941454,0.0155480755120159,0.0,0.0,0.0,0.0,0.0,0.0,0.0,0.0
model20,J-PredictiveProjection,11042,0.0170382466761493,0.0231601568742172,0.0246064337566548,0.0,0.0,0.0,0.0,0.0,0.0,0.0,0.000785463331378
model20,J-PredictiveProjection,11043,0.015508562368725,0.0213347533527331,0.0220016308289827,0.0,0.0,0.0,0.0,0.0,0.0,0.0,0.0004624509008412
model20,J-PredictiveProjection,11044,0.0251419641820499,0.0340814345672506,0.0351076089155617,0.0,0.0,0.0,0.0,0.0,0.0,0.0,0.3253319388078783
model20,J-PredictiveProjection,11045,0.0145624785823365,0.0200989046761559,0.0217379412541805,0.0,0.0,0.0,0.0,0.0,0.0,0.0,0.006593026335839
model20,J-PredictiveProjection,11046,0.0127176596668964,0.0175357693768672,0.0178283677259013,0.0,0.0,0.0,0.0,0.0,0.0,0.0,0.0
model20,J-PredictiveProjection,11047,0.0159145911195654,0.0230408382075563,0.0233457745059935,0.0,0.0,0.0,0.0,0.0,0.0,0.0,0.0907607968226587
model20,J-PredictiveProjection,11048,0.0097511969529512,0.0142590738085136,0.0148669259230869,0.0,0.0,0.0,0.0,0.0,0.0,0.0,0.0
model20,J-PredictiveProjection,11049,0.0084268637322882,0.0108020592093863,0.0113389127504436,0.0,0.0,0.0,0.0,0.0,0.0,0.0,0.0
model20,J-PredictiveProjection,11050,0.0103764962081827,0.0153867514560906,0.0160052530807921,0.0,0.0,0.0,0.0,0.0,0.0,0.0,0.0
model20,J-PredictiveProjection,11051,0.0167447954919401,0.0233140185066233,0.0242940240763442,0.0,0.0,0.0,0.0,0.0,0.0,0.0,0.0967596926271856
model20,J-PredictiveProjection,11052,0.0144878267287098,0.0201189279873335,0.0203386698896956,0.0,0.0,0.0,0.0,0.0,0.0,0.0,0.0
model20,J-PredictiveProjection,11053,0.0090178486393741,0.0114429537113925,0.0142195322122707,0.0,0.0,0.0,0.0,0.0,0.0,0.0,0.0007177075428356
model20,J-PredictiveProjection,11054,0.0118764529203489,0.0174256601174384,0.0177499594141331,0.0,0.0,0.0,0.0,0.0,0.0,0.0,0.0034690059384265
model20,J-PredictiveProjection,11055,0.0123648684595581,0.0167621914516686,0.017153961527201,0.0,0.0,0.0,0.0,0.0,0.0,0.0,0.0
model20,J-PredictiveProjection,11056,0.0150870749656596,0.0221111171538604,0.0224903961201089,0.0,0.0,0.0,0.0,0.0,0.0,0.0,0.0
model20,J-PredictiveProjection,11057,0.0133579122510983,0.017841735394801,0.0182013975592277,0.0,0.0,0.0,0.0,0.0,0.0,0.0,0.0
model20,J-PredictiveProjection,11058,0.0084221762707432,0.0112833784372676,0.0116254033713631,0.0,0.0,0.0,0.0,0.0,0.0,0.0,0.0
model20,J-PredictiveProjection,11059,0.0203853960742314,0.0278980609002573,0.0286575261162923,0.0,0.0,0.0,0.0,0.0,0.0,0.0,0.0204214256629288
model20,J-PredictiveProjection,11060,0.0148628018383378,0.0198652775974484,0.0208906408799057,0.0,0.0,0.0,0.0,0.0,0.0,0.0,0.010512941333246
model20,J-PredictiveProjection,11061,0.0153480480323037,0.0211487012489986,0.0216893679102472,0.0,0.0,0.0,0.0,0.0,0.0,0.0,0.0015274862966831
model20,J-PredictiveProjection,11062,0.0145330908815189,0.0206219471399024,0.0213898897251596,0.0,0.0,0.0,0.0,0.0,0.0,0.0,0.0496761449452056
model20,J-PredictiveProjection,11063,0.0094622945629791,0.0121147038944666,0.0157490182978299,0.0,0.0,0.0,0.0,0.0,0.0,0.0,0.0
model20,J-PredictiveProjection,11064,0.0189480159023152,0.0265816134210798,0.0274336732167608,0.0,0.0,0.0,0.0,0.0,0.0,0.0,0.2250976238340057
model20,J-PredictiveProjection,11065,0.0129008478816805,0.0166016110094402,0.0169025715251166,0.0,0.0,0.0,0.0,0.0,0.0,0.0,0.0
model20,J-PredictiveProjection,11066,0.0097619522547251,0.0143744621615349,0.0147531178014826,0.0,0.0,0.0,0.0,0.0,0.0,0.0,0.0
model20,J-PredictiveProjection,11067,0.0120837631503192,0.0173678630123085,0.0179003105610716,0.0,0.0,0.0,0.0,0.0,0.0,0.0,0.0
model20,J-PredictiveProjection,11068,0.0178504301028164,0.0231915425117391,0.0242076089226057,0.0,0.0,0.0,0.0,0.0,0.0,0.0,0.252445291744002
model20,J-PredictiveProjection,11069,0.0151990867204577,0.0198452392491205,0.0206718112978571,0.0,0.0,0.0,0.0,0.0,0.0,0.0,0.0004922776975122
model20,J-PredictiveProjection,11070,0.0129190690823228,0.0182946095230715,0.0188873905981372,0.0,0.0,0.0,0.0,0.0,0.0,0.0,0.0
model20,J-PredictiveProjection,11071,0.0100254571998251,0.0137028961714107,0.0140544922888435,0.0,0.0,0.0,0.0,0.0,0.0,0.0,0.0
model20,J-PredictiveProjection,11072,0.0161668182939755,0.0226706502398875,0.0236518568915918,0.0,0.0,0.0,0.0,0.0,0.0,0.0,0.0005715839595202
model20,J-PredictiveProjection,11073,0.0175928211553946,0.0233044512363096,0.0240155368987883,0.0,0.0,0.0,0.0,0.0,0.0,0.0,0.0
model20,J-PredictiveProjection,11074,0.0105163432123014,0.01457864460164,0.0150871365680568,0.0,0.0,0.0,0.0,0.0,0.0,0.0,0.0
model20,J-PredictiveProjection,11075,0.017000831001309,0.0241119993678674,0.0248364728670372,0.0,0.0,0.0,0.0,0.0,0.0,0.0,0.1644158099537602
model20,J-PredictiveProjection,11076,0.0173646378510784,0.0238455484273076,0.0244533130522259,0.0,0.0,0.0,0.0,0.0,0.0,0.0,0.0051570722299923
model20,J-PredictiveProjection,11077,0.010424127274498,0.0139523701810669,0.0143174448967205,0.0,0.0,0.0,0.0,0.0,0.0,0.0,0.0
model20,J-PredictiveProjection,11078,0.0224634349883362,0.032186683824315,0.0329054853773891,0.0,0.0,0.0,0.0,0.0,0.0,0.0,0.1936576135530725
model20,J-PredictiveProjection,11079,0.0236454173947599,0.031533462609336,0.0336462358386051,0.0,0.0,0.0,0.0,0.0,0.0,0.0,0.2013773388774034
model20,J-PredictiveProjection,11080,0.0080265053546027,0.0110020162814372,0.0122874766128068,0.0,0.0,0.0,0.0,0.0,0.0,0.0,0.0
model20,J-PredictiveProjection,11081,0.0160831035712887,0.0221164494489871,0.0223437292326508,0.0,0.0,0.0,0.0,0.0,0.0,0.0,0.0028406800131835
model20,J-PredictiveProjection,11082,0.0133438126678426,0.0180352280094639,0.0185411832734739,0.0,0.0,0.0,0.0,0.0,0.0,0.0,0.0
model20,J-PredictiveProjection,11083,0.014203117098309,0.0193287293015265,0.0197207601908489,0.0,0.0,0.0,0.0,0.0,0.0,0.0,0.073118266434967
model20,J-PredictiveProjection,11084,0.0105728054578066,0.0144413050755076,0.0148101259740386,0.0,0.0,0.0,0.0,0.0,0.0,0.0,0.0
model20,J-PredictiveProjection,11085,0.0229758036901747,0.0307998422195358,0.0321263744665146,0.0,0.0,0.0,0.0,0.0,0.0,0.0,0.8128350885704955
model20,J-PredictiveProjection,11086,0.0158409515476294,0.0219093225879766,0.0222740548137651,0.0,0.0,0.0,0.0,0.0,0.0,0.0,0.0
model20,J-PredictiveProjection,11087,0.0140289600102323,0.0195461581177251,0.0202585788876596,0.0,0.0,0.0,0.0,0.0,0.0,0.0,0.0006698174703831
model20,J-PredictiveProjection,11088,0.0157390076934127,0.0210930130335189,0.0213954777903802,0.0,0.0,0.0,0.0,0.0,0.0,0.0,0.0395199783410436
model20,J-PredictiveProjection,11089,0.0080732652097891,0.0106595579512207,0.0111270122803548,0.0,0.0,0.0,0.0,0.0,0.0,0.0,0.0
model20,J-PredictiveProjection,11090,0.0142772588305001,0.0194833863365374,0.0200779669708261,0.0,0.0,0.0,0.0,0.0,0.0,0.0,0.0359234293838357
model20,J-PredictiveProjection,11091,0.0091657688866067,0.0125906027738249,0.0139862012876064,0.0,0.0,0.0,0.0,0.0,0.0,0.0,0.0
model20,J-PredictiveProjection,11092,0.0199608977709238,0.0260612812229428,0.0267459419937563,0.0,0.0,0.0,0.0,0.0,0.0,0.0,0.5358816927153517
model20,J-PredictiveProjection,11093,0.0086379014125888,0.0115130227530146,0.0122515021747687,0.0,0.0,0.0,0.0,0.0,0.0,0.0,0.0
model20,J-PredictiveProjection,11094,0.0086099373581535,0.0115105902234276,0.0118090652658088,0.0,0.0,0.0,0.0,0.0,0.0,0.0,0.0
model20,J-PredictiveProjection,11095,0.0088428499585687,0.0132642646366252,0.0137477869652123,0.0,0.0,0.0,0.0,0.0,0.0,0.0,0.0
model20,J-PredictiveProjection,11096,0.0103285656731373,0.0160605099770986,0.0167639543729417,0.0,0.0,0.0,0.0,0.0,0.0,0.0,0.0
model20,J-PredictiveProjection,11097,0.0127136140299189,0.0174352604233215,0.0183393291702172,0.0,0.0,0.0,0.0,0.0,0.0,0.0,0.0005358579791325
model20,J-PredictiveProjection,11098,0.0103653386499317,0.0144113676800865,0.0148847931152231,0.0,0.0,0.0,0.0,0.0,0.0,0.0,0.0017938035151107
model20,J-PredictiveProjection,11099,0.0140161448947431,0.0204526821973164,0.0212686424710972,0.0,0.0,0.0,0.0,0.0,0.0,0.0,0.00723363005068
model20,K-RobustHOCBF-Filter,11000,0.023588713248381,0.0326901726622388,0.0335967595566461,0.0,0.0,0.0,0.0,0.0,0.0,0.0,0.2065792334888314
model20,K-RobustHOCBF-Filter,11001,0.0170733019815425,0.0235776420271694,0.0243838680893528,0.0,0.0,0.0,0.0,0.0,0.0,0.0,0.0493970419120461
model20,K-RobustHOCBF-Filter,11002,0.0142574344234607,0.0193720999568868,0.0201533087148354,0.0,0.0,0.0,0.0,0.0,0.0,0.0,0.0
model20,K-RobustHOCBF-Filter,11003,0.0170569672569537,0.023379028232417,0.0242153563798592,0.0,0.0,0.0,0.0,0.0,0.0,0.0,0.2090048010987337
model20,K-RobustHOCBF-Filter,11004,0.020624873492377,0.0281494617423594,0.0290082860489419,0.0,0.0,0.0,0.0,0.0,0.0,0.0,0.0654573108918857
model20,K-RobustHOCBF-Filter,11005,0.0275419590063952,0.0372737450346114,0.0380979492989052,0.0,0.0,0.0,0.0,0.0,0.0,0.0,0.5446972016616471
model20,K-RobustHOCBF-Filter,11006,0.0135653693578272,0.0201517778653711,0.0209378427154637,0.0,0.0,0.0,0.0,0.0,0.0,0.0,0.0006702020435305
model20,K-RobustHOCBF-Filter,11007,0.0136839601968995,0.0202038401105515,0.0207550217752827,0.0,0.0,0.0,0.0,0.0,0.0,0.0,0.0013676637354007
model20,K-RobustHOCBF-Filter,11008,0.0125583512017109,0.0186438480850431,0.0189406608086392,0.0,0.0,0.0,0.0,0.0,0.0,0.0,0.0
model20,K-RobustHOCBF-Filter,11009,0.011422915114239,0.0164371628357139,0.0171525719651963,0.0,0.0,0.0,0.0,0.0,0.0,0.0,0.0
model20,K-RobustHOCBF-Filter,11010,0.0230068055507226,0.0314186881806136,0.032658610593134,0.0,0.0,0.0,0.0,0.0,0.0,0.0,0.8787672252420357
model20,K-RobustHOCBF-Filter,11011,0.0165939006293001,0.0217880664135784,0.0228281911763307,0.0,0.0,0.0,0.0,0.0,0.0,0.0,0.0399270512014311
model20,K-RobustHOCBF-Filter,11012,0.0119649924124375,0.0179901602222345,0.0187194156020717,0.0,0.0,0.0,0.0,0.0,0.0,0.0,0.0034589192911963
model20,K-RobustHOCBF-Filter,11013,0.0099749120302221,0.0131180470054749,0.0136371209472708,0.0,0.0,0.0,0.0,0.0,0.0,0.0,0.0
model20,K-RobustHOCBF-Filter,11014,0.0112360951015286,0.01620970362708,0.0200957651628264,0.0,0.0,0.0,0.0,0.0,0.0,0.0,0.0024357475921366
model20,K-RobustHOCBF-Filter,11015,0.0119345370570785,0.0154169892127927,0.0161782811070396,0.0,0.0,0.0,0.0,0.0,0.0,0.0,0.0
model20,K-RobustHOCBF-Filter,11016,0.0143248994514045,0.0207311551104545,0.0216652386805625,0.0,0.0,0.0,0.0,0.0,0.0,0.0,0.0006872582868807
model20,K-RobustHOCBF-Filter,11017,0.0105372761714107,0.0134294925551253,0.0143178556980455,0.0,0.0,0.0,0.0,0.0,0.0,0.0,0.0
model20,K-RobustHOCBF-Filter,11018,0.0157405817067441,0.0222476572805652,0.0227306644357388,0.0,0.0,0.0,0.0,0.0,0.0,0.0,0.0015857696954514
model20,K-RobustHOCBF-Filter,11019,0.0143941427476311,0.0199138511768442,0.0201887593646325,0.0,0.0,0.0,0.0,0.0,0.0,0.0,0.0
model20,K-RobustHOCBF-Filter,11020,0.0190503028901326,0.0263331184713712,0.0268522576101585,0.0,0.0,0.0,0.0,0.0,0.0,0.0,0.0189407661724691
model20,K-RobustHOCBF-Filter,11021,0.0109625702349249,0.014131113465926,0.0147368589735156,0.0,0.0,0.0,0.0,0.0,0.0,0.0,0.0011674245911155
model20,K-RobustHOCBF-Filter,11022,0.0213169365419478,0.0300949554996027,0.0316003809494864,0.0,0.0,0.0,0.0,0.0,0.0,0.0,0.1329970891360948
model20,K-RobustHOCBF-Filter,11023,0.0113063582590745,0.0147269151028788,0.015124139783684,0.0,0.0,0.0,0.0,0.0,0.0,0.0,0.0
model20,K-RobustHOCBF-Filter,11024,0.0173223472021629,0.0240564739466886,0.0247875420564244,0.0,0.0,0.0,0.0,0.0,0.0,0.0,0.2559117912849391
model20,K-RobustHOCBF-Filter,11025,0.0145936476252218,0.0216196148931215,0.0223783747861275,0.0,0.0,0.0,0.0,0.0,0.0,0.0,0.0076804985745029
model20,K-RobustHOCBF-Filter,11026,0.0096460566159244,0.013214850869417,0.0150015841519861,0.0,0.0,0.0,0.0,0.0,0.0,0.0,0.0
model20,K-RobustHOCBF-Filter,11027,0.0176426395815968,0.0235782371172976,0.0240925993276592,0.0,0.0,0.0,0.0,0.0,0.0,0.0,0.0006388980898863
model20,K-RobustHOCBF-Filter,11028,0.0088506377832611,0.0109809748946944,0.0111445473724506,0.0,0.0,0.0,0.0,0.0,0.0,0.0,0.0012226910729031
model20,K-RobustHOCBF-Filter,11029,0.0111942588119952,0.015892224952847,0.0165857690094882,0.0,0.0,0.0,0.0,0.0,0.0,0.0,0.0
model20,K-RobustHOCBF-Filter,11030,0.0116466579237612,0.0160124423180086,0.0167572629913736,0.0,0.0,0.0,0.0,0.0,0.0,0.0,0.0
model20,K-RobustHOCBF-Filter,11031,0.0103396757856821,0.0135642863028898,0.0144619361966407,0.0,0.0,0.0,0.0,0.0,0.0,0.0,0.0
model20,K-RobustHOCBF-Filter,11032,0.0144852066640693,0.0203557966648707,0.0210153993051118,0.0,0.0,0.0,0.0,0.0,0.0,0.0,0.0563317252548112
model20,K-RobustHOCBF-Filter,11033,0.0186837742907007,0.025206466395131,0.0258463648628642,0.0,0.0,0.0,0.0,0.0,0.0,0.0,0.0062894424802334
model20,K-RobustHOCBF-Filter,11034,0.009135527568193,0.0123880080125181,0.0132123488317904,0.0,0.0,0.0,0.0,0.0,0.0,0.0,0.0007806706446869
model20,K-RobustHOCBF-Filter,11035,0.0160729383953514,0.0216683232355438,0.0222575018517848,0.0,0.0,0.0,0.0,0.0,0.0,0.0,0.1307323407861896
model20,K-RobustHOCBF-Filter,11036,0.008533916370888,0.0110280927591558,0.0142050217022884,0.0,0.0,0.0,0.0,0.0,0.0,0.0,0.0
model20,K-RobustHOCBF-Filter,11037,0.0135618909484879,0.0180555482435651,0.0182610015247466,0.0,0.0,0.0,0.0,0.0,0.0,0.0,0.003940537727305
model20,K-RobustHOCBF-Filter,11038,0.0104943513283713,0.0144811544900092,0.021846676717851,0.0,0.0,0.0,0.0,0.0,0.0,0.0,0.0
model20,K-RobustHOCBF-Filter,11039,0.0188758308779499,0.0251028424900133,0.025573084043826,0.0,0.0,0.0,0.0,0.0,0.0,0.0,0.0017953540411296
model20,K-RobustHOCBF-Filter,11040,0.0144789979087755,0.0200561824808293,0.0213529503763642,0.0,0.0,0.0,0.0,0.0,0.0,0.0,0.0198913975597424
model20,K-RobustHOCBF-Filter,11041,0.0093728778958078,0.0122652085941454,0.0155480755120159,0.0,0.0,0.0,0.0,0.0,0.0,0.0,0.0
model20,K-RobustHOCBF-Filter,11042,0.0170382466761493,0.0231601568742172,0.0246064337566548,0.0,0.0,0.0,0.0,0.0,0.0,0.0,0.000785463331378
model20,K-RobustHOCBF-Filter,11043,0.015508562368725,0.0213347533527331,0.0220016308289827,0.0,0.0,0.0,0.0,0.0,0.0,0.0,0.0004624509008412
model20,K-RobustHOCBF-Filter,11044,0.0251419641820499,0.0340814345672506,0.0351076089155617,0.0,0.0,0.0,0.0,0.0,0.0,0.0,0.3253319388078783
model20,K-RobustHOCBF-Filter,11045,0.0145624785823365,0.0200989046761559,0.0217379412541805,0.0,0.0,0.0,0.0,0.0,0.0,0.0,0.006593026335839
model20,K-RobustHOCBF-Filter,11046,0.0127176596668964,0.0175357693768672,0.0178283677259013,0.0,0.0,0.0,0.0,0.0,0.0,0.0,0.0
model20,K-RobustHOCBF-Filter,11047,0.0159145911195654,0.0230408382075563,0.0233457745059935,0.0,0.0,0.0,0.0,0.0,0.0,0.0,0.0907607968226587
model20,K-RobustHOCBF-Filter,11048,0.0097511969529512,0.0142590738085136,0.0148669259230869,0.0,0.0,0.0,0.0,0.0,0.0,0.0,0.0
model20,K-RobustHOCBF-Filter,11049,0.0084268637322882,0.0108020592093863,0.0113389127504436,0.0,0.0,0.0,0.0,0.0,0.0,0.0,0.0
model20,K-RobustHOCBF-Filter,11050,0.0103764962081827,0.0153867514560906,0.0160052530807921,0.0,0.0,0.0,0.0,0.0,0.0,0.0,0.0
model20,K-RobustHOCBF-Filter,11051,0.0167447954919401,0.0233140185066233,0.0242940240763442,0.0,0.0,0.0,0.0,0.0,0.0,0.0,0.0967596926271856
model20,K-RobustHOCBF-Filter,11052,0.0144878267287098,0.0201189279873335,0.0203386698896956,0.0,0.0,0.0,0.0,0.0,0.0,0.0,0.0
model20,K-RobustHOCBF-Filter,11053,0.0090178486393741,0.0114429537113925,0.0142195322122707,0.0,0.0,0.0,0.0,0.0,0.0,0.0,0.0007177075428356
model20,K-RobustHOCBF-Filter,11054,0.0118764529203489,0.0174256601174384,0.0177499594141331,0.0,0.0,0.0,0.0,0.0,0.0,0.0,0.0034690059384265
model20,K-RobustHOCBF-Filter,11055,0.0123648684595581,0.0167621914516686,0.017153961527201,0.0,0.0,0.0,0.0,0.0,0.0,0.0,0.0
model20,K-RobustHOCBF-Filter,11056,0.0150870749656596,0.0221111171538604,0.0224903961201089,0.0,0.0,0.0,0.0,0.0,0.0,0.0,0.0
model20,K-RobustHOCBF-Filter,11057,0.0133579122510983,0.017841735394801,0.0182013975592277,0.0,0.0,0.0,0.0,0.0,0.0,0.0,0.0
model20,K-RobustHOCBF-Filter,11058,0.0084221762707432,0.0112833784372676,0.0116254033713631,0.0,0.0,0.0,0.0,0.0,0.0,0.0,0.0
model20,K-RobustHOCBF-Filter,11059,0.0203853960742314,0.0278980609002573,0.0286575261162923,0.0,0.0,0.0,0.0,0.0,0.0,0.0,0.0204214256629288
model20,K-RobustHOCBF-Filter,11060,0.0148628018383378,0.0198652775974484,0.0208906408799057,0.0,0.0,0.0,0.0,0.0,0.0,0.0,0.010512941333246
model20,K-RobustHOCBF-Filter,11061,0.0153480480323037,0.0211487012489986,0.0216893679102472,0.0,0.0,0.0,0.0,0.0,0.0,0.0,0.0015274862966831
model20,K-RobustHOCBF-Filter,11062,0.0145330908815189,0.0206219471399024,0.0213898897251596,0.0,0.0,0.0,0.0,0.0,0.0,0.0,0.0496761449452056
model20,K-RobustHOCBF-Filter,11063,0.0094622945629791,0.0121147038944666,0.0157490182978299,0.0,0.0,0.0,0.0,0.0,0.0,0.0,0.0
model20,K-RobustHOCBF-Filter,11064,0.0189480159023152,0.0265816134210798,0.0274336732167608,0.0,0.0,0.0,0.0,0.0,0.0,0.0,0.2250976238340057
model20,K-RobustHOCBF-Filter,11065,0.0129008478816805,0.0166016110094402,0.0169025715251166,0.0,0.0,0.0,0.0,0.0,0.0,0.0,0.0
model20,K-RobustHOCBF-Filter,11066,0.0097619522547251,0.0143744621615349,0.0147531178014826,0.0,0.0,0.0,0.0,0.0,0.0,0.0,0.0
model20,K-RobustHOCBF-Filter,11067,0.0120837631503192,0.0173678630123085,0.0179003105610716,0.0,0.0,0.0,0.0,0.0,0.0,0.0,0.0
model20,K-RobustHOCBF-Filter,11068,0.0178504301028164,0.0231915425117391,0.0242076089226057,0.0,0.0,0.0,0.0,0.0,0.0,0.0,0.252445291744002
model20,K-RobustHOCBF-Filter,11069,0.0151990867204577,0.0198452392491205,0.0206718112978571,0.0,0.0,0.0,0.0,0.0,0.0,0.0,0.0004922776975122
model20,K-RobustHOCBF-Filter,11070,0.0129190690823228,0.0182946095230715,0.0188873905981372,0.0,0.0,0.0,0.0,0.0,0.0,0.0,0.0
model20,K-RobustHOCBF-Filter,11071,0.0100254571998251,0.0137028961714107,0.0140544922888435,0.0,0.0,0.0,0.0,0.0,0.0,0.0,0.0
model20,K-RobustHOCBF-Filter,11072,0.0161668182939755,0.0226706502398875,0.0236518568915918,0.0,0.0,0.0,0.0,0.0,0.0,0.0,0.0005715839595202
model20,K-RobustHOCBF-Filter,11073,0.0175928211553946,0.0233044512363096,0.0240155368987883,0.0,0.0,0.0,0.0,0.0,0.0,0.0,0.0
model20,K-RobustHOCBF-Filter,11074,0.0105163432123014,0.01457864460164,0.0150871365680568,0.0,0.0,0.0,0.0,0.0,0.0,0.0,0.0
model20,K-RobustHOCBF-Filter,11075,0.017000831001309,0.0241119993678674,0.0248364728670372,0.0,0.0,0.0,0.0,0.0,0.0,0.0,0.1644158099537602
model20,K-RobustHOCBF-Filter,11076,0.0173646378510784,0.0238455484273076,0.0244533130522259,0.0,0.0,0.0,0.0,0.0,0.0,0.0,0.0051570722299923
model20,K-RobustHOCBF-Filter,11077,0.010424127274498,0.0139523701810669,0.0143174448967205,0.0,0.0,0.0,0.0,0.0,0.0,0.0,0.0
model20,K-RobustHOCBF-Filter,11078,0.0224634349883362,0.032186683824315,0.0329054853773891,0.0,0.0,0.0,0.0,0.0,0.0,0.0,0.1936576135530725
model20,K-RobustHOCBF-Filter,11079,0.0236454173947599,0.031533462609336,0.0336462358386051,0.0,0.0,0.0,0.0,0.0,0.0,0.0,0.2013773388774034
model20,K-RobustHOCBF-Filter,11080,0.0080265053546027,0.0110020162814372,0.0122874766128068,0.0,0.0,0.0,0.0,0.0,0.0,0.0,0.0
model20,K-RobustHOCBF-Filter,11081,0.0160831035712887,0.0221164494489871,0.0223437292326508,0.0,0.0,0.0,0.0,0.0,0.0,0.0,0.0028406800131835
model20,K-RobustHOCBF-Filter,11082,0.0133438126678426,0.0180352280094639,0.0185411832734739,0.0,0.0,0.0,0.0,0.0,0.0,0.0,0.0
model20,K-RobustHOCBF-Filter,11083,0.014203117098309,0.0193287293015265,0.0197207601908489,0.0,0.0,0.0,0.0,0.0,0.0,0.0,0.073118266434967
model20,K-RobustHOCBF-Filter,11084,0.0105728054578066,0.0144413050755076,0.0148101259740386,0.0,0.0,0.0,0.0,0.0,0.0,0.0,0.0
model20,K-RobustHOCBF-Filter,11085,0.0229758036901747,0.0307998422195358,0.0321263744665146,0.0,0.0,0.0,0.0,0.0,0.0,0.0,0.8128350885704955
model20,K-RobustHOCBF-Filter,11086,0.0158409515476294,0.0219093225879766,0.0222740548137651,0.0,0.0,0.0,0.0,0.0,0.0,0.0,0.0
model20,K-RobustHOCBF-Filter,11087,0.0140289600102323,0.0195461581177251,0.0202585788876596,0.0,0.0,0.0,0.0,0.0,0.0,0.0,0.0006698174703831
model20,K-RobustHOCBF-Filter,11088,0.0157390076934127,0.0210930130335189,0.0213954777903802,0.0,0.0,0.0,0.0,0.0,0.0,0.0,0.0395199783410436
model20,K-RobustHOCBF-Filter,11089,0.0080732652097891,0.0106595579512207,0.0111270122803548,0.0,0.0,0.0,0.0,0.0,0.0,0.0,0.0
model20,K-RobustHOCBF-Filter,11090,0.0142772588305001,0.0194833863365374,0.0200779669708261,0.0,0.0,0.0,0.0,0.0,0.0,0.0,0.0359234293838357
model20,K-RobustHOCBF-Filter,11091,0.0091657688866067,0.0125906027738249,0.0139862012876064,0.0,0.0,0.0,0.0,0.0,0.0,0.0,0.0
model20,K-RobustHOCBF-Filter,11092,0.0199608977709238,0.0260612812229428,0.0267459419937563,0.0,0.0,0.0,0.0,0.0,0.0,0.0,0.5358816927153517
model20,K-RobustHOCBF-Filter,11093,0.0086379014125888,0.0115130227530146,0.0122515021747687,0.0,0.0,0.0,0.0,0.0,0.0,0.0,0.0
model20,K-RobustHOCBF-Filter,11094,0.0086099373581535,0.0115105902234276,0.0118090652658088,0.0,0.0,0.0,0.0,0.0,0.0,0.0,0.0
model20,K-RobustHOCBF-Filter,11095,0.0088428499585687,0.0132642646366252,0.0137477869652123,0.0,0.0,0.0,0.0,0.0,0.0,0.0,0.0
model20,K-RobustHOCBF-Filter,11096,0.0103285656731373,0.0160605099770986,0.0167639543729417,0.0,0.0,0.0,0.0,0.0,0.0,0.0,0.0
model20,K-RobustHOCBF-Filter,11097,0.0127136140299189,0.0174352604233215,0.0183393291702172,0.0,0.0,0.0,0.0,0.0,0.0,0.0,0.0005358579791325
model20,K-RobustHOCBF-Filter,11098,0.0103653386499317,0.0144113676800865,0.0148847931152231,0.0,0.0,0.0,0.0,0.0,0.0,0.0,0.0017938035151107
model20,K-RobustHOCBF-Filter,11099,0.0140161448947431,0.0204526821973164,0.0212686424710972,0.0,0.0,0.0,0.0,0.0,0.0,0.0,0.00723363005068
nominal,CurrentOnly-AE-CeNN-494,11000,0.0094940350550882,0.0125583948207618,0.012907368788958,0.0,0.0,0.0,0.0,0.0,0.0,0.0,0.0
nominal,CurrentOnly-AE-CeNN-494,11001,0.0098761379706063,0.0125132263913126,0.0132371083850959,0.0,0.0,0.0,0.0,0.0,0.0,0.0,0.0
nominal,CurrentOnly-AE-CeNN-494,11002,0.0100101285587187,0.0126424580526653,0.0150236998738512,0.0,0.0,0.0,0.0,0.0,0.0,0.0,0.0
nominal,CurrentOnly-AE-CeNN-494,11003,0.0098138045561986,0.0124344718780241,0.0130246508393223,0.0,0.0,0.0,0.0,0.0,0.0,0.0,0.0
nominal,CurrentOnly-AE-CeNN-494,11004,0.0094672263990198,0.0123081531852923,0.0128631105931379,0.0,0.0,0.0,0.0,0.0,0.0,0.0,0.0
nominal,CurrentOnly-AE-CeNN-494,11005,0.0089956868540899,0.0122965762882373,0.0127830854408678,0.0,0.0,0.0,0.0,0.0,0.0,0.0,0.0
nominal,CurrentOnly-AE-CeNN-494,11006,0.0097963475361112,0.0123372674759078,0.0138958143421885,0.0,0.0,0.0,0.0,0.0,0.0,0.0,0.0
nominal,CurrentOnly-AE-CeNN-494,11007,0.0098596800788894,0.0128414690551814,0.0166318469145783,0.0,0.0,0.0,0.0,0.0,0.0,0.0,0.0
nominal,CurrentOnly-AE-CeNN-494,11008,0.0098010502280773,0.0129346377680035,0.0147351052563542,0.0,0.0,0.0,0.0,0.0,0.0,0.0,0.0
nominal,CurrentOnly-AE-CeNN-494,11009,0.010496910264448,0.0144548807035141,0.0149080427060711,0.0,0.0,0.0,0.0,0.0,0.0,0.0,0.0
nominal,CurrentOnly-AE-CeNN-494,11010,0.0092867333776745,0.0117305309115392,0.0122449693442734,0.0,0.0,0.0,0.0,0.0,0.0,0.0,0.0006213331737732
nominal,CurrentOnly-AE-CeNN-494,11011,0.0098438820860082,0.0129630479069343,0.013386614689898,0.0,0.0,0.0,0.0,0.0,0.0,0.0,0.0
nominal,CurrentOnly-AE-CeNN-494,11012,0.0099091114924364,0.013134080955029,0.013561014290332,0.0,0.0,0.0,0.0,0.0,0.0,0.0,0.0
nominal,CurrentOnly-AE-CeNN-494,11013,0.0094746678921913,0.0125348706609798,0.0132128212083091,0.0,0.0,0.0,0.0,0.0,0.0,0.0,0.0
nominal,CurrentOnly-AE-CeNN-494,11014,0.0100654987768473,0.0127751990363347,0.0180885103347485,0.0,0.0,0.0,0.0,0.0,0.0,0.0,0.0
nominal,CurrentOnly-AE-CeNN-494,11015,0.0096216389794886,0.0120901556829432,0.0125296963107894,0.0,0.0,0.0,0.0,0.0,0.0,0.0,0.0008061214530119
nominal,CurrentOnly-AE-CeNN-494,11016,0.0099840625883634,0.0132143994503899,0.0135038928655904,0.0,0.0,0.0,0.0,0.0,0.0,0.0,0.0
nominal,CurrentOnly-AE-CeNN-494,11017,0.0104625600964092,0.0133887258764157,0.0138810965269741,0.0,0.0,0.0,0.0,0.0,0.0,0.0,0.0
nominal,CurrentOnly-AE-CeNN-494,11018,0.0098924482259918,0.012727105679551,0.0144480382618027,0.0,0.0,0.0,0.0,0.0,0.0,0.0,0.0
nominal,CurrentOnly-AE-CeNN-494,11019,0.0093999343118305,0.012275177737345,0.0126720758227364,0.0,0.0,0.0,0.0,0.0,0.0,0.0,0.0
nominal,CurrentOnly-AE-CeNN-494,11020,0.0098257789333811,0.012738474352291,0.0133234223283942,0.0,0.0,0.0,0.0,0.0,0.0,0.0,0.0
nominal,CurrentOnly-AE-CeNN-494,11021,0.0090848648335184,0.0117843510637251,0.0121371987089548,0.0,0.0,0.0,0.0,0.0,0.0,0.0,0.0008012457274243
nominal,CurrentOnly-AE-CeNN-494,11022,0.009772895480841,0.0128513547164004,0.0133917979202298,0.0,0.0,0.0,0.0,0.0,0.0,0.0,0.0
nominal,CurrentOnly-AE-CeNN-494,11023,0.0099302178276701,0.0134538225415162,0.014010841702247,0.0,0.0,0.0,0.0,0.0,0.0,0.0,0.0
nominal,CurrentOnly-AE-CeNN-494,11024,0.0094833529272943,0.0122541114318515,0.0125412056691285,0.0,0.0,0.0,0.0,0.0,0.0,0.0,0.0
nominal,CurrentOnly-AE-CeNN-494,11025,0.0095913058011098,0.0128809444283587,0.0134923718718105,0.0,0.0,0.0,0.0,0.0,0.0,0.0,0.0
nominal,CurrentOnly-AE-CeNN-494,11026,0.0097225465585392,0.0130132310244693,0.0136258866314217,0.0,0.0,0.0,0.0,0.0,0.0,0.0,0.0007444584525779
nominal,CurrentOnly-AE-CeNN-494,11027,0.0095917125543681,0.0121548069552901,0.0131574605046263,0.0,0.0,0.0,0.0,0.0,0.0,0.0,0.0
nominal,CurrentOnly-AE-CeNN-494,11028,0.0093926539215932,0.0114775827616899,0.0153197589852434,0.0,0.0,0.0,0.0,0.0,0.0,0.0,0.0010601111526323
nominal,CurrentOnly-AE-CeNN-494,11029,0.009668849159194,0.0123263683367474,0.012786916482249,0.0,0.0,0.0,0.0,0.0,0.0,0.0,0.0
nominal,CurrentOnly-AE-CeNN-494,11030,0.009496192299031,0.0117151158578831,0.0118972324271389,0.0,0.0,0.0,0.0,0.0,0.0,0.0,0.0
nominal,CurrentOnly-AE-CeNN-494,11031,0.0096855867536417,0.0118878390084213,0.0120105850755368,0.0,0.0,0.0,0.0,0.0,0.0,0.0,0.0
nominal,CurrentOnly-AE-CeNN-494,11032,0.0097283876553898,0.0124513859572865,0.0131420110298597,0.0,0.0,0.0,0.0,0.0,0.0,0.0,0.0
nominal,CurrentOnly-AE-CeNN-494,11033,0.0106552329820257,0.0133284503042001,0.015133790244109,0.0,0.0,0.0,0.0,0.0,0.0,0.0,0.0
nominal,CurrentOnly-AE-CeNN-494,11034,0.0096039804387152,0.0129509966293311,0.0136686787688552,0.0,0.0,0.0,0.0,0.0,0.0,0.0,0.0
nominal,CurrentOnly-AE-CeNN-494,11035,0.0100234982514356,0.0130146438535285,0.0132006737722024,0.0,0.0,0.0,0.0,0.0,0.0,0.0,0.0
nominal,CurrentOnly-AE-CeNN-494,11036,0.0097958952472341,0.0128209215952822,0.0134926055012602,0.0,0.0,0.0,0.0,0.0,0.0,0.0,0.0
nominal,CurrentOnly-AE-CeNN-494,11037,0.0091371357825724,0.0118805640690053,0.0120266509391592,0.0,0.0,0.0,0.0,0.0,0.0,0.0,0.0
nominal,CurrentOnly-AE-CeNN-494,11038,0.0091563402752033,0.0115203453538122,0.011849643430152,0.0,0.0,0.0,0.0,0.0,0.0,0.0,0.0
nominal,CurrentOnly-AE-CeNN-494,11039,0.0097569579999867,0.0130011835567631,0.0141338282032007,0.0,0.0,0.0,0.0,0.0,0.0,0.0,0.0
nominal,CurrentOnly-AE-CeNN-494,11040,0.0096191724327337,0.0125308490765668,0.013675819742128,0.0,0.0,0.0,0.0,0.0,0.0,0.0,0.0008661791293265
nominal,CurrentOnly-AE-CeNN-494,11041,0.0091847969612288,0.012103699771657,0.0126387018476505,0.0,0.0,0.0,0.0,0.0,0.0,0.0,0.0
nominal,CurrentOnly-AE-CeNN-494,11042,0.0095872195139969,0.0123168680794985,0.0128704538991082,0.0,0.0,0.0,0.0,0.0,0.0,0.0,0.0
nominal,CurrentOnly-AE-CeNN-494,11043,0.0095247957000167,0.0124373968456314,0.0126534966119592,0.0,0.0,0.0,0.0,0.0,0.0,0.0,0.0
nominal,CurrentOnly-AE-CeNN-494,11044,0.0098542576238914,0.0125676427438678,0.0152257371505635,0.0,0.0,0.0,0.0,0.0,0.0,0.0,0.0
nominal,CurrentOnly-AE-CeNN-494,11045,0.0104065817526937,0.0135718887208846,0.014422028662617,0.0,0.0,0.0,0.0,0.0,0.0,0.0,0.0
nominal,CurrentOnly-AE-CeNN-494,11046,0.0096703327687946,0.0132472573228119,0.0140105968568062,0.0,0.0,0.0,0.0,0.0,0.0,0.0,0.0
nominal,CurrentOnly-AE-CeNN-494,11047,0.0100120358621627,0.0127812558965088,0.0133508242075294,0.0,0.0,0.0,0.0,0.0,0.0,0.0,0.0
nominal,CurrentOnly-AE-CeNN-494,11048,0.0098661380598303,0.0133451637520729,0.0137673783557346,0.0,0.0,0.0,0.0,0.0,0.0,0.0,0.0
nominal,CurrentOnly-AE-CeNN-494,11049,0.0093125880884846,0.0127313214993744,0.0134841675376121,0.0,0.0,0.0,0.0,0.0,0.0,0.0,0.0
nominal,CurrentOnly-AE-CeNN-494,11050,0.0094737070892944,0.0126212966064937,0.013228365871877,0.0,0.0,0.0,0.0,0.0,0.0,0.0,0.0
nominal,CurrentOnly-AE-CeNN-494,11051,0.0098108290030472,0.0133652783374493,0.0136787915012803,0.0,0.0,0.0,0.0,0.0,0.0,0.0,0.0
nominal,CurrentOnly-AE-CeNN-494,11052,0.0090478096783611,0.0119763427507555,0.0144383864108362,0.0,0.0,0.0,0.0,0.0,0.0,0.0,0.0
nominal,CurrentOnly-AE-CeNN-494,11053,0.0091937825828939,0.0117993711992894,0.012146575839351,0.0,0.0,0.0,0.0,0.0,0.0,0.0,0.0
nominal,CurrentOnly-AE-CeNN-494,11054,0.0095772997940792,0.0120887899999928,0.0127361517464913,0.0,0.0,0.0,0.0,0.0,0.0,0.0,0.0
nominal,CurrentOnly-AE-CeNN-494,11055,0.0101532685430924,0.0128727062278597,0.0134284533447709,0.0,0.0,0.0,0.0,0.0,0.0,0.0,0.0
nominal,CurrentOnly-AE-CeNN-494,11056,0.0101293939328573,0.0122632756262715,0.0143652673477412,0.0,0.0,0.0,0.0,0.0,0.0,0.0,0.0
nominal,CurrentOnly-AE-CeNN-494,11057,0.009803713015943,0.0134652903974273,0.0143721488246081,0.0,0.0,0.0,0.0,0.0,0.0,0.0,0.0
nominal,CurrentOnly-AE-CeNN-494,11058,0.0097751656287416,0.0123763634658199,0.0139659720037622,0.0,0.0,0.0,0.0,0.0,0.0,0.0,0.0
nominal,CurrentOnly-AE-CeNN-494,11059,0.0103348743403107,0.013915008175509,0.014307725061173,0.0,0.0,0.0,0.0,0.0,0.0,0.0,0.0
nominal,CurrentOnly-AE-CeNN-494,11060,0.0089928169177011,0.0114781287435231,0.0123096226176053,0.0,0.0,0.0,0.0,0.0,0.0,0.0,0.0
nominal,CurrentOnly-AE-CeNN-494,11061,0.0097925385662194,0.0128441688321085,0.0170925962413183,0.0,0.0,0.0,0.0,0.0,0.0,0.0,0.0022686046506186
nominal,CurrentOnly-AE-CeNN-494,11062,0.009901607863967,0.0132460288224237,0.0160463434459153,0.0,0.0,0.0,0.0,0.0,0.0,0.0,0.0020818591541626
nominal,CurrentOnly-AE-CeNN-494,11063,0.0096392442578057,0.0127104026768498,0.0134204941896228,0.0,0.0,0.0,0.0,0.0,0.0,0.0,0.0
nominal,CurrentOnly-AE-CeNN-494,11064,0.0098446096048229,0.0135906319270631,0.0142995975253193,0.0,0.0,0.0,0.0,0.0,0.0,0.0,0.0
nominal,CurrentOnly-AE-CeNN-494,11065,0.0099765737975653,0.0129381233990671,0.0136240649404915,0.0,0.0,0.0,0.0,0.0,0.0,0.0,0.0
nominal,CurrentOnly-AE-CeNN-494,11066,0.0092383425991184,0.01187198762175,0.0121453766367863,0.0,0.0,0.0,0.0,0.0,0.0,0.0,0.0
nominal,CurrentOnly-AE-CeNN-494,11067,0.0097158408964364,0.0124298583666734,0.0136211431601659,0.0,0.0,0.0,0.0,0.0,0.0,0.0,0.0
nominal,CurrentOnly-AE-CeNN-494,11068,0.009579074883653,0.0129407027210455,0.0135078520950396,0.0,0.0,0.0,0.0,0.0,0.0,0.0,0.0
nominal,CurrentOnly-AE-CeNN-494,11069,0.0097552567294588,0.0131202460392227,0.0134360062185595,0.0,0.0,0.0,0.0,0.0,0.0,0.0,0.0
nominal,CurrentOnly-AE-CeNN-494,11070,0.0105115433923574,0.0133638047418897,0.0163351934631958,0.0,0.0,0.0,0.0,0.0,0.0,0.0,0.0
nominal,CurrentOnly-AE-CeNN-494,11071,0.0099201808077166,0.0131630234964567,0.0133512705697845,0.0,0.0,0.0,0.0,0.0,0.0,0.0,0.0
nominal,CurrentOnly-AE-CeNN-494,11072,0.0095639121591351,0.0122211793159642,0.0126621189547844,0.0,0.0,0.0,0.0,0.0,0.0,0.0,0.0
nominal,CurrentOnly-AE-CeNN-494,11073,0.0096925287203918,0.0127945049901988,0.0138793846192073,0.0,0.0,0.0,0.0,0.0,0.0,0.0,0.0
nominal,CurrentOnly-AE-CeNN-494,11074,0.0095903139978363,0.012111485950435,0.012187213467677,0.0,0.0,0.0,0.0,0.0,0.0,0.0,0.0
nominal,CurrentOnly-AE-CeNN-494,11075,0.0097763521103746,0.013123884858526,0.0142407739498996,0.0,0.0,0.0,0.0,0.0,0.0,0.0,0.0
nominal,CurrentOnly-AE-CeNN-494,11076,0.0088544780776468,0.011314207396892,0.0114586164383897,0.0,0.0,0.0,0.0,0.0,0.0,0.0,0.0008184961470144
nominal,CurrentOnly-AE-CeNN-494,11077,0.0100887353794724,0.013248871774448,0.0139418084075625,0.0,0.0,0.0,0.0,0.0,0.0,0.0,0.0
nominal,CurrentOnly-AE-CeNN-494,11078,0.009868502745607,0.0131380266690765,0.0139653003796495,0.0,0.0,0.0,0.0,0.0,0.0,0.0,0.0
nominal,CurrentOnly-AE-CeNN-494,11079,0.0093520272855387,0.0120430991666074,0.0128286142478922,0.0,0.0,0.0,0.0,0.0,0.0,0.0,0.0
nominal,CurrentOnly-AE-CeNN-494,11080,0.0100500660940488,0.0128322993318042,0.0131144119847413,0.0,0.0,0.0,0.0,0.0,0.0,0.0,0.0
nominal,CurrentOnly-AE-CeNN-494,11081,0.0095065293211409,0.0124055451741005,0.0129925232278046,0.0,0.0,0.0,0.0,0.0,0.0,0.0,0.0
nominal,CurrentOnly-AE-CeNN-494,11082,0.0096592306689877,0.0130373801315725,0.0144991926095047,0.0,0.0,0.0,0.0,0.0,0.0,0.0,0.0
nominal,CurrentOnly-AE-CeNN-494,11083,0.0097168956098748,0.0128464536858406,0.0134901776809976,0.0,0.0,0.0,0.0,0.0,0.0,0.0,0.0
nominal,CurrentOnly-AE-CeNN-494,11084,0.0100338857908827,0.0133325040801309,0.016015528948375,0.0,0.0,0.0,0.0,0.0,0.0,0.0,0.0
nominal,CurrentOnly-AE-CeNN-494,11085,0.0098167808313288,0.0134492672049961,0.0140521359019922,0.0,0.0,0.0,0.0,0.0,0.0,0.0,0.0
nominal,CurrentOnly-AE-CeNN-494,11086,0.0093844512879222,0.0118945052288302,0.0125588083201441,0.0,0.0,0.0,0.0,0.0,0.0,0.0,0.0
nominal,CurrentOnly-AE-CeNN-494,11087,0.0093488441807615,0.0120697976571331,0.0122902356242617,0.0,0.0,0.0,0.0,0.0,0.0,0.0,0.0
nominal,CurrentOnly-AE-CeNN-494,11088,0.0098620724489163,0.0130679248025478,0.0131716106971226,0.0,0.0,0.0,0.0,0.0,0.0,0.0,0.0
nominal,CurrentOnly-AE-CeNN-494,11089,0.0095845166001352,0.0124147824130935,0.0127444416252163,0.0,0.0,0.0,0.0,0.0,0.0,0.0,0.0
nominal,CurrentOnly-AE-CeNN-494,11090,0.0095483684116617,0.0125203004256446,0.013310425179375,0.0,0.0,0.0,0.0,0.0,0.0,0.0,0.0
nominal,CurrentOnly-AE-CeNN-494,11091,0.009425272920651,0.012674130491063,0.0130769352467301,0.0,0.0,0.0,0.0,0.0,0.0,0.0,0.0
nominal,CurrentOnly-AE-CeNN-494,11092,0.0096722527626721,0.0125838762236934,0.0142813742489725,0.0,0.0,0.0,0.0,0.0,0.0,0.0,0.0
nominal,CurrentOnly-AE-CeNN-494,11093,0.0095940662648407,0.0133134121304918,0.0135727370337006,0.0,0.0,0.0,0.0,0.0,0.0,0.0,0.0
nominal,CurrentOnly-AE-CeNN-494,11094,0.0095720447713489,0.0123710045503634,0.0125267887913828,0.0,0.0,0.0,0.0,0.0,0.0,0.0,0.0
nominal,CurrentOnly-AE-CeNN-494,11095,0.0100843563673889,0.0140432034951686,0.0145016035124099,0.0,0.0,0.0,0.0,0.0,0.0,0.0,0.0
nominal,CurrentOnly-AE-CeNN-494,11096,0.01008232921873,0.013033284916846,0.0139660164584079,0.0,0.0,0.0,0.0,0.0,0.0,0.0,0.0
nominal,CurrentOnly-AE-CeNN-494,11097,0.0103493808256415,0.0151974817170743,0.0158683568429863,0.0,0.0,0.0,0.0,0.0,0.0,0.0,0.0
nominal,CurrentOnly-AE-CeNN-494,11098,0.0097264216092754,0.0125438015238845,0.0128511172417244,0.0,0.0,0.0,0.0,0.0,0.0,0.0,0.0
nominal,CurrentOnly-AE-CeNN-494,11099,0.0091831787067215,0.0117791982406758,0.0123121298253577,0.0,0.0,0.0,0.0,0.0,0.0,0.0,0.0
nominal,I-RiskGovernor-unfiltered,11000,0.0094938886714501,0.012558394825736,0.0129073687926359,0.0,0.0,0.0,0.0,0.0,0.0,0.0,0.0
nominal,I-RiskGovernor-unfiltered,11001,0.0098760874033425,0.0125132263782142,0.0132371083777193,0.0,0.0,0.0,0.0,0.0,0.0,0.0,0.0
nominal,I-RiskGovernor-unfiltered,11002,0.0100082115220545,0.0126424580293687,0.0149537105602963,0.0,0.0,0.0,0.0,0.0,0.0,0.0,0.0
nominal,I-RiskGovernor-unfiltered,11003,0.0098135396395944,0.0124344040246281,0.0130246508407559,0.0,0.0,0.0,0.0,0.0,0.0,0.0,0.0
nominal,I-RiskGovernor-unfiltered,11004,0.0094671569689343,0.0123081531808329,0.0128631105853961,0.0,0.0,0.0,0.0,0.0,0.0,0.0,0.0
nominal,I-RiskGovernor-unfiltered,11005,0.0089956327247872,0.0122965799036065,0.0127830810441407,0.0,0.0,0.0,0.0,0.0,0.0,0.0,0.0
nominal,I-RiskGovernor-unfiltered,11006,0.0097928968126024,0.0123318343797605,0.0138237163380228,0.0,0.0,0.0,0.0,0.0,0.0,0.0,0.0
nominal,I-RiskGovernor-unfiltered,11007,0.0098518230540524,0.0128393130174892,0.016442085914956,0.0,0.0,0.0,0.0,0.0,0.0,0.0,0.0
nominal,I-RiskGovernor-unfiltered,11008,0.0097914330312631,0.012929159332678,0.014581012823183,0.0,0.0,0.0,0.0,0.0,0.0,0.0,0.0
nominal,I-RiskGovernor-unfiltered,11009,0.0104965258733066,0.0144548807021488,0.0149080427023743,0.0,0.0,0.0,0.0,0.0,0.0,0.0,0.0
nominal,I-RiskGovernor-unfiltered,11010,0.0092871356901409,0.0117314119793142,0.0122461585347272,0.0,0.0,0.0,0.0,0.0,0.0,0.0,0.0006213331830691
nominal,I-RiskGovernor-unfiltered,11011,0.0098438454406977,0.0129630479051632,0.0133866146878123,0.0,0.0,0.0,0.0,0.0,0.0,0.0,0.0
nominal,I-RiskGovernor-unfiltered,11012,0.009909962261681,0.0131340809212752,0.0135610142716641,0.0,0.0,0.0,0.0,0.0,0.0,0.0,0.0
nominal,I-RiskGovernor-unfiltered,11013,0.0094721055998656,0.0125348706992148,0.0132128212375955,0.0,0.0,0.0,0.0,0.0,0.0,0.0,0.0
nominal,I-RiskGovernor-unfiltered,11014,0.0100647654693119,0.0127751877359255,0.018068778530051,0.0,0.0,0.0,0.0,0.0,0.0,0.0,0.0
nominal,I-RiskGovernor-unfiltered,11015,0.0096206895237251,0.0120896207360947,0.0125293650018061,0.0,0.0,0.0,0.0,0.0,0.0,0.0,0.0008061214529768
nominal,I-RiskGovernor-unfiltered,11016,0.0099849056146584,0.0132143993751119,0.0135038928266843,0.0,0.0,0.0,0.0,0.0,0.0,0.0,0.0
nominal,I-RiskGovernor-unfiltered,11017,0.010464870037676,0.0133887258074508,0.0138810962981507,0.0,0.0,0.0,0.0,0.0,0.0,0.0,0.0
nominal,I-RiskGovernor-unfiltered,11018,0.0098926385265361,0.0127131187431807,0.0144288878304572,0.0,0.0,0.0,0.0,0.0,0.0,0.0,0.0
nominal,I-RiskGovernor-unfiltered,11019,0.0093979585007442,0.0122751777706197,0.0126720758605402,0.0,0.0,0.0,0.0,0.0,0.0,0.0,0.0
nominal,I-RiskGovernor-unfiltered,11020,0.0098252998462908,0.0127384848174557,0.013323424080327,0.0,0.0,0.0,0.0,0.0,0.0,0.0,0.0
nominal,I-RiskGovernor-unfiltered,11021,0.0090819765686726,0.0117832378651546,0.0121366686694903,0.0,0.0,0.0,0.0,0.0,0.0,0.0,0.000801245727489
nominal,I-RiskGovernor-unfiltered,11022,0.0097663672555293,0.012851354670164,0.0133917979012853,0.0,0.0,0.0,0.0,0.0,0.0,0.0,0.0
nominal,I-RiskGovernor-unfiltered,11023,0.0099302178276701,0.0134538225415162,0.014010841702247,0.0,0.0,0.0,0.0,0.0,0.0,0.0,0.0
nominal,I-RiskGovernor-unfiltered,11024,0.0094839281190456,0.0122539379600378,0.0125412056515105,0.0,0.0,0.0,0.0,0.0,0.0,0.0,0.0
nominal,I-RiskGovernor-unfiltered,11025,0.0095897186067458,0.0128807581928423,0.0134925528056124,0.0,0.0,0.0,0.0,0.0,0.0,0.0,0.0
nominal,I-RiskGovernor-unfiltered,11026,0.0097224343332648,0.0130131900017225,0.0136258137871028,0.0,0.0,0.0,0.0,0.0,0.0,0.0,0.0007444584537157
nominal,I-RiskGovernor-unfiltered,11027,0.0095904907879105,0.0121548069432487,0.0131574604875296,0.0,0.0,0.0,0.0,0.0,0.0,0.0,0.0
nominal,I-RiskGovernor-unfiltered,11028,0.0093804067806786,0.011472345945547,0.015084009079126,0.0,0.0,0.0,0.0,0.0,0.0,0.0,0.001064205677217
nominal,I-RiskGovernor-unfiltered,11029,0.009668849159194,0.0123263683367474,0.012786916482249,0.0,0.0,0.0,0.0,0.0,0.0,0.0,0.0
nominal,I-RiskGovernor-unfiltered,11030,0.0094961590750143,0.0117151158576871,0.0118971930121395,0.0,0.0,0.0,0.0,0.0,0.0,0.0,0.0
nominal,I-RiskGovernor-unfiltered,11031,0.0096855867536417,0.0118878390084213,0.0120105850755368,0.0,0.0,0.0,0.0,0.0,0.0,0.0,0.0
nominal,I-RiskGovernor-unfiltered,11032,0.0097297922189387,0.0124513859429992,0.0131420109841576,0.0,0.0,0.0,0.0,0.0,0.0,0.0,0.0
nominal,I-RiskGovernor-unfiltered,11033,0.0106541902950237,0.0133284541570371,0.0151214398653735,0.0,0.0,0.0,0.0,0.0,0.0,0.0,0.0
nominal,I-RiskGovernor-unfiltered,11034,0.0096039804387152,0.0129509966293311,0.0136686787688552,0.0,0.0,0.0,0.0,0.0,0.0,0.0,0.0
nominal,I-RiskGovernor-unfiltered,11035,0.0100234982514356,0.0130146438535285,0.0132006737722024,0.0,0.0,0.0,0.0,0.0,0.0,0.0,0.0
nominal,I-RiskGovernor-unfiltered,11036,0.0097959671028214,0.0128208571365602,0.0134926055019285,0.0,0.0,0.0,0.0,0.0,0.0,0.0,0.0
nominal,I-RiskGovernor-unfiltered,11037,0.0091371357825724,0.0118805640690053,0.0120266509391592,0.0,0.0,0.0,0.0,0.0,0.0,0.0,0.0
nominal,I-RiskGovernor-unfiltered,11038,0.0091546240640525,0.0115203487388241,0.0118496434591545,0.0,0.0,0.0,0.0,0.0,0.0,0.0,0.0
nominal,I-RiskGovernor-unfiltered,11039,0.0097570109127932,0.013001183540693,0.0141338281905502,0.0,0.0,0.0,0.0,0.0,0.0,0.0,0.0
nominal,I-RiskGovernor-unfiltered,11040,0.0096190756920475,0.0125308490765668,0.013675819742128,0.0,0.0,0.0,0.0,0.0,0.0,0.0,0.0008661791293265
nominal,I-RiskGovernor-unfiltered,11041,0.0091847969612288,0.012103699771657,0.0126387018476505,0.0,0.0,0.0,0.0,0.0,0.0,0.0,0.0
nominal,I-RiskGovernor-unfiltered,11042,0.0095872195139969,0.0123168680794985,0.0128704538991082,0.0,0.0,0.0,0.0,0.0,0.0,0.0,0.0
nominal,I-RiskGovernor-unfiltered,11043,0.0095258867401749,0.0124374139822027,0.0126532987050149,0.0,0.0,0.0,0.0,0.0,0.0,0.0,0.0
nominal,I-RiskGovernor-unfiltered,11044,0.0098552212835071,0.0125674668420308,0.015238264777692,0.0,0.0,0.0,0.0,0.0,0.0,0.0,0.0
nominal,I-RiskGovernor-unfiltered,11045,0.0104047601424834,0.0135718887116747,0.0144220286414733,0.0,0.0,0.0,0.0,0.0,0.0,0.0,0.0
nominal,I-RiskGovernor-unfiltered,11046,0.0096695426433874,0.0132472572675996,0.0140105968149675,0.0,0.0,0.0,0.0,0.0,0.0,0.0,0.0
nominal,I-RiskGovernor-unfiltered,11047,0.0100120358621627,0.0127812558965088,0.0133508242075294,0.0,0.0,0.0,0.0,0.0,0.0,0.0,0.0
nominal,I-RiskGovernor-unfiltered,11048,0.0098663841485208,0.0133451637431315,0.0137673783441736,0.0,0.0,0.0,0.0,0.0,0.0,0.0,0.0
nominal,I-RiskGovernor-unfiltered,11049,0.0093125234083772,0.012731321499893,0.0134841675368465,0.0,0.0,0.0,0.0,0.0,0.0,0.0,0.0
nominal,I-RiskGovernor-unfiltered,11050,0.009474689510391,0.012621261147086,0.0132276570694833,0.0,0.0,0.0,0.0,0.0,0.0,0.0,0.0
nominal,I-RiskGovernor-unfiltered,11051,0.0098108290030472,0.0133652783374493,0.0136787915012803,0.0,0.0,0.0,0.0,0.0,0.0,0.0,0.0
nominal,I-RiskGovernor-unfiltered,11052,0.0090476896660677,0.0119761057355615,0.0145540805656261,0.0,0.0,0.0,0.0,0.0,0.0,0.0,0.0
nominal,I-RiskGovernor-unfiltered,11053,0.0092061631506225,0.0117978287500171,0.0121439637935989,0.0,0.0,0.0,0.0,0.0,0.0,0.0,0.0
nominal,I-RiskGovernor-unfiltered,11054,0.0095772997940792,0.0120887899999928,0.0127361517464913,0.0,0.0,0.0,0.0,0.0,0.0,0.0,0.0
nominal,I-RiskGovernor-unfiltered,11055,0.0101462300357774,0.0128674821203499,0.0131701361840075,0.0,0.0,0.0,0.0,0.0,0.0,0.0,0.0
nominal,I-RiskGovernor-unfiltered,11056,0.0101292208050588,0.0122632753505506,0.0143523624383346,0.0,0.0,0.0,0.0,0.0,0.0,0.0,0.0
nominal,I-RiskGovernor-unfiltered,11057,0.0098036868604665,0.0134652903960708,0.0143721488175864,0.0,0.0,0.0,0.0,0.0,0.0,0.0,0.0
nominal,I-RiskGovernor-unfiltered,11058,0.0097725087908409,0.0123763572352118,0.0138434877614842,0.0,0.0,0.0,0.0,0.0,0.0,0.0,0.0
nominal,I-RiskGovernor-unfiltered,11059,0.0103350712485624,0.0139150081721263,0.0143077250526232,0.0,0.0,0.0,0.0,0.0,0.0,0.0,0.0
nominal,I-RiskGovernor-unfiltered,11060,0.0089928169177011,0.0114781287435231,0.0123096226176053,0.0,0.0,0.0,0.0,0.0,0.0,0.0,0.0
nominal,I-RiskGovernor-unfiltered,11061,0.0097864889667837,0.012844184224201,0.0171000069313586,0.0,0.0,0.0,0.0,0.0,0.0,0.0,0.002294683856654
nominal,I-RiskGovernor-unfiltered,11062,0.0098990438400213,0.0132298462156821,0.0159427196398356,0.0,0.0,0.0,0.0,0.0,0.0,0.0,0.0020841673079444
nominal,I-RiskGovernor-unfiltered,11063,0.009639234724411,0.0127104026768248,0.0134204938823714,0.0,0.0,0.0,0.0,0.0,0.0,0.0,0.0
nominal,I-RiskGovernor-unfiltered,11064,0.0098446594483497,0.0135906318796686,0.0142995974933979,0.0,0.0,0.0,0.0,0.0,0.0,0.0,0.0
nominal,I-RiskGovernor-unfiltered,11065,0.0099762330485451,0.0129380543789256,0.0136240652772052,0.0,0.0,0.0,0.0,0.0,0.0,0.0,0.0
nominal,I-RiskGovernor-unfiltered,11066,0.0092336852227714,0.0118709325113277,0.0121454652350242,0.0,0.0,0.0,0.0,0.0,0.0,0.0,0.0
nominal,I-RiskGovernor-unfiltered,11067,0.0097152864632987,0.0124298568193751,0.0136211412064616,0.0,0.0,0.0,0.0,0.0,0.0,0.0,0.0
nominal,I-RiskGovernor-unfiltered,11068,0.0095693762700461,0.0129407026586757,0.013507852110901,0.0,0.0,0.0,0.0,0.0,0.0,0.0,0.0
nominal,I-RiskGovernor-unfiltered,11069,0.0097552567294588,0.0131202460392227,0.0134360062185595,0.0,0.0,0.0,0.0,0.0,0.0,0.0,0.0
nominal,I-RiskGovernor-unfiltered,11070,0.0104933845492083,0.0133393680160112,0.016099438039011,0.0,0.0,0.0,0.0,0.0,0.0,0.0,0.0
nominal,I-RiskGovernor-unfiltered,11071,0.0099211103155203,0.0131623337317413,0.0133512705378728,0.0,0.0,0.0,0.0,0.0,0.0,0.0,0.0
nominal,I-RiskGovernor-unfiltered,11072,0.009563538496634,0.0122211019579869,0.0126621110292628,0.0,0.0,0.0,0.0,0.0,0.0,0.0,0.0
nominal,I-RiskGovernor-unfiltered,11073,0.0096914938790555,0.0127945049899101,0.0138793846263305,0.0,0.0,0.0,0.0,0.0,0.0,0.0,0.0
nominal,I-RiskGovernor-unfiltered,11074,0.0095904413833078,0.0121114815762985,0.0121871818670349,0.0,0.0,0.0,0.0,0.0,0.0,0.0,0.0
nominal,I-RiskGovernor-unfiltered,11075,0.0097761736933063,0.013123884858782,0.0142407739510802,0.0,0.0,0.0,0.0,0.0,0.0,0.0,0.0
nominal,I-RiskGovernor-unfiltered,11076,0.0088595748311957,0.0113141478450056,0.0114543529752238,0.0,0.0,0.0,0.0,0.0,0.0,0.0,0.0008281249585455
nominal,I-RiskGovernor-unfiltered,11077,0.0100866738870071,0.0132488722503001,0.0139418082870976,0.0,0.0,0.0,0.0,0.0,0.0,0.0,0.0
nominal,I-RiskGovernor-unfiltered,11078,0.0098703723449889,0.0131380266374942,0.0139653003429818,0.0,0.0,0.0,0.0,0.0,0.0,0.0,0.0
nominal,I-RiskGovernor-unfiltered,11079,0.0093520272855387,0.0120430991666074,0.0128286142478922,0.0,0.0,0.0,0.0,0.0,0.0,0.0,0.0
nominal,I-RiskGovernor-unfiltered,11080,0.0100509561403726,0.012832299335476,0.0131144119960044,0.0,0.0,0.0,0.0,0.0,0.0,0.0,0.0
nominal,I-RiskGovernor-unfiltered,11081,0.0095083176996015,0.0124052640279475,0.0129922880135197,0.0,0.0,0.0,0.0,0.0,0.0,0.0,0.0
nominal,I-RiskGovernor-unfiltered,11082,0.0096565355163016,0.0130373801396501,0.0144800264679663,0.0,0.0,0.0,0.0,0.0,0.0,0.0,0.0
nominal,I-RiskGovernor-unfiltered,11083,0.0097168956098748,0.0128464536858406,0.0134901776809976,0.0,0.0,0.0,0.0,0.0,0.0,0.0,0.0
nominal,I-RiskGovernor-unfiltered,11084,0.0100360124318331,0.0133325040630074,0.0160755385991103,0.0,0.0,0.0,0.0,0.0,0.0,0.0,0.0
nominal,I-RiskGovernor-unfiltered,11085,0.009816329980401,0.0134492672185337,0.0140521359173197,0.0,0.0,0.0,0.0,0.0,0.0,0.0,0.0
nominal,I-RiskGovernor-unfiltered,11086,0.0093846342173354,0.0118945174985019,0.0125588083074871,0.0,0.0,0.0,0.0,0.0,0.0,0.0,0.0
nominal,I-RiskGovernor-unfiltered,11087,0.0093485872374259,0.0120697948217904,0.0122902356343983,0.0,0.0,0.0,0.0,0.0,0.0,0.0,0.0
nominal,I-RiskGovernor-unfiltered,11088,0.0098624443822136,0.0130679247685405,0.0131716106961212,0.0,0.0,0.0,0.0,0.0,0.0,0.0,0.0
nominal,I-RiskGovernor-unfiltered,11089,0.0095845172608614,0.0124147824146991,0.0127444418506036,0.0,0.0,0.0,0.0,0.0,0.0,0.0,0.0
nominal,I-RiskGovernor-unfiltered,11090,0.0095480561656852,0.0125203015681295,0.0133104203380731,0.0,0.0,0.0,0.0,0.0,0.0,0.0,0.0
nominal,I-RiskGovernor-unfiltered,11091,0.0094249891518168,0.012674130494809,0.0130769352509809,0.0,0.0,0.0,0.0,0.0,0.0,0.0,0.0
nominal,I-RiskGovernor-unfiltered,11092,0.0096636989949627,0.0125838761079667,0.0140928509582249,0.0,0.0,0.0,0.0,0.0,0.0,0.0,0.0
nominal,I-RiskGovernor-unfiltered,11093,0.0095938715531212,0.0133132581129852,0.0135726407074851,0.0,0.0,0.0,0.0,0.0,0.0,0.0,0.0
nominal,I-RiskGovernor-unfiltered,11094,0.0095720447713489,0.0123710045503634,0.0125267887913828,0.0,0.0,0.0,0.0,0.0,0.0,0.0,0.0
nominal,I-RiskGovernor-unfiltered,11095,0.0100843563673889,0.0140432034951686,0.0145016035124099,0.0,0.0,0.0,0.0,0.0,0.0,0.0,0.0
nominal,I-RiskGovernor-unfiltered,11096,0.01008232921873,0.013033284916846,0.0139660164584079,0.0,0.0,0.0,0.0,0.0,0.0,0.0,0.0
nominal,I-RiskGovernor-unfiltered,11097,0.0103516031188085,0.0151974816164551,0.015868356811487,0.0,0.0,0.0,0.0,0.0,0.0,0.0,0.0
nominal,I-RiskGovernor-unfiltered,11098,0.0097264216092754,0.0125438015238845,0.0128511172417244,0.0,0.0,0.0,0.0,0.0,0.0,0.0,0.0
nominal,I-RiskGovernor-unfiltered,11099,0.0091841582406391,0.0117791982625776,0.0123121297751744,0.0,0.0,0.0,0.0,0.0,0.0,0.0,0.0
nominal,J-PredictiveProjection,11000,0.0094938886714501,0.012558394825736,0.0129073687926359,0.0,0.0,0.0,0.0,0.0,0.0,0.0,0.0
nominal,J-PredictiveProjection,11001,0.0098760874033425,0.0125132263782142,0.0132371083777193,0.0,0.0,0.0,0.0,0.0,0.0,0.0,0.0
nominal,J-PredictiveProjection,11002,0.0100082115220545,0.0126424580293687,0.0149537105602963,0.0,0.0,0.0,0.0,0.0,0.0,0.0,0.0
nominal,J-PredictiveProjection,11003,0.0098135396395944,0.0124344040246281,0.0130246508407559,0.0,0.0,0.0,0.0,0.0,0.0,0.0,0.0
nominal,J-PredictiveProjection,11004,0.0094671569689343,0.0123081531808329,0.0128631105853961,0.0,0.0,0.0,0.0,0.0,0.0,0.0,0.0
nominal,J-PredictiveProjection,11005,0.0089956327247872,0.0122965799036065,0.0127830810441407,0.0,0.0,0.0,0.0,0.0,0.0,0.0,0.0
nominal,J-PredictiveProjection,11006,0.0097928968126024,0.0123318343797605,0.0138237163380228,0.0,0.0,0.0,0.0,0.0,0.0,0.0,0.0
nominal,J-PredictiveProjection,11007,0.0098518230540524,0.0128393130174892,0.016442085914956,0.0,0.0,0.0,0.0,0.0,0.0,0.0,0.0
nominal,J-PredictiveProjection,11008,0.0097914330312631,0.012929159332678,0.014581012823183,0.0,0.0,0.0,0.0,0.0,0.0,0.0,0.0
nominal,J-PredictiveProjection,11009,0.0104965258733066,0.0144548807021488,0.0149080427023743,0.0,0.0,0.0,0.0,0.0,0.0,0.0,0.0
nominal,J-PredictiveProjection,11010,0.0092871356901409,0.0117314119793142,0.0122461585347272,0.0,0.0,0.0,0.0,0.0,0.0,0.0,0.0006213331830691
nominal,J-PredictiveProjection,11011,0.0098438454406977,0.0129630479051632,0.0133866146878123,0.0,0.0,0.0,0.0,0.0,0.0,0.0,0.0
nominal,J-PredictiveProjection,11012,0.009909962261681,0.0131340809212752,0.0135610142716641,0.0,0.0,0.0,0.0,0.0,0.0,0.0,0.0
nominal,J-PredictiveProjection,11013,0.0094721055998656,0.0125348706992148,0.0132128212375955,0.0,0.0,0.0,0.0,0.0,0.0,0.0,0.0
nominal,J-PredictiveProjection,11014,0.0100647654693119,0.0127751877359255,0.018068778530051,0.0,0.0,0.0,0.0,0.0,0.0,0.0,0.0
nominal,J-PredictiveProjection,11015,0.0096206895237251,0.0120896207360947,0.0125293650018061,0.0,0.0,0.0,0.0,0.0,0.0,0.0,0.0008061214529768
nominal,J-PredictiveProjection,11016,0.0099849056146584,0.0132143993751119,0.0135038928266843,0.0,0.0,0.0,0.0,0.0,0.0,0.0,0.0
nominal,J-PredictiveProjection,11017,0.010464870037676,0.0133887258074508,0.0138810962981507,0.0,0.0,0.0,0.0,0.0,0.0,0.0,0.0
nominal,J-PredictiveProjection,11018,0.0098926385265361,0.0127131187431807,0.0144288878304572,0.0,0.0,0.0,0.0,0.0,0.0,0.0,0.0
nominal,J-PredictiveProjection,11019,0.0093979585007442,0.0122751777706197,0.0126720758605402,0.0,0.0,0.0,0.0,0.0,0.0,0.0,0.0
nominal,J-PredictiveProjection,11020,0.0098252998462908,0.0127384848174557,0.013323424080327,0.0,0.0,0.0,0.0,0.0,0.0,0.0,0.0
nominal,J-PredictiveProjection,11021,0.0090819765686726,0.0117832378651546,0.0121366686694903,0.0,0.0,0.0,0.0,0.0,0.0,0.0,0.000801245727489
nominal,J-PredictiveProjection,11022,0.0097663672555293,0.012851354670164,0.0133917979012853,0.0,0.0,0.0,0.0,0.0,0.0,0.0,0.0
nominal,J-PredictiveProjection,11023,0.0099302178276701,0.0134538225415162,0.014010841702247,0.0,0.0,0.0,0.0,0.0,0.0,0.0,0.0
nominal,J-PredictiveProjection,11024,0.0094839281190456,0.0122539379600378,0.0125412056515105,0.0,0.0,0.0,0.0,0.0,0.0,0.0,0.0
nominal,J-PredictiveProjection,11025,0.0095897186067458,0.0128807581928423,0.0134925528056124,0.0,0.0,0.0,0.0,0.0,0.0,0.0,0.0
nominal,J-PredictiveProjection,11026,0.0097224343332648,0.0130131900017225,0.0136258137871028,0.0,0.0,0.0,0.0,0.0,0.0,0.0,0.0007444584537157
nominal,J-PredictiveProjection,11027,0.0095904907879105,0.0121548069432487,0.0131574604875296,0.0,0.0,0.0,0.0,0.0,0.0,0.0,0.0
nominal,J-PredictiveProjection,11028,0.0093804067806786,0.011472345945547,0.015084009079126,0.0,0.0,0.0,0.0,0.0,0.0,0.0,0.001064205677217
nominal,J-PredictiveProjection,11029,0.009668849159194,0.0123263683367474,0.012786916482249,0.0,0.0,0.0,0.0,0.0,0.0,0.0,0.0
nominal,J-PredictiveProjection,11030,0.0094961590750143,0.0117151158576871,0.0118971930121395,0.0,0.0,0.0,0.0,0.0,0.0,0.0,0.0
nominal,J-PredictiveProjection,11031,0.0096855867536417,0.0118878390084213,0.0120105850755368,0.0,0.0,0.0,0.0,0.0,0.0,0.0,0.0
nominal,J-PredictiveProjection,11032,0.0097297922189387,0.0124513859429992,0.0131420109841576,0.0,0.0,0.0,0.0,0.0,0.0,0.0,0.0
nominal,J-PredictiveProjection,11033,0.0106541902950237,0.0133284541570371,0.0151214398653735,0.0,0.0,0.0,0.0,0.0,0.0,0.0,0.0
nominal,J-PredictiveProjection,11034,0.0096039804387152,0.0129509966293311,0.0136686787688552,0.0,0.0,0.0,0.0,0.0,0.0,0.0,0.0
nominal,J-PredictiveProjection,11035,0.0100234982514356,0.0130146438535285,0.0132006737722024,0.0,0.0,0.0,0.0,0.0,0.0,0.0,0.0
nominal,J-PredictiveProjection,11036,0.0097959671028214,0.0128208571365602,0.0134926055019285,0.0,0.0,0.0,0.0,0.0,0.0,0.0,0.0
nominal,J-PredictiveProjection,11037,0.0091371357825724,0.0118805640690053,0.0120266509391592,0.0,0.0,0.0,0.0,0.0,0.0,0.0,0.0
nominal,J-PredictiveProjection,11038,0.0091546240640525,0.0115203487388241,0.0118496434591545,0.0,0.0,0.0,0.0,0.0,0.0,0.0,0.0
nominal,J-PredictiveProjection,11039,0.0097570109127932,0.013001183540693,0.0141338281905502,0.0,0.0,0.0,0.0,0.0,0.0,0.0,0.0
nominal,J-PredictiveProjection,11040,0.0096190756920475,0.0125308490765668,0.013675819742128,0.0,0.0,0.0,0.0,0.0,0.0,0.0,0.0008661791293265
nominal,J-PredictiveProjection,11041,0.0091847969612288,0.012103699771657,0.0126387018476505,0.0,0.0,0.0,0.0,0.0,0.0,0.0,0.0
nominal,J-PredictiveProjection,11042,0.0095872195139969,0.0123168680794985,0.0128704538991082,0.0,0.0,0.0,0.0,0.0,0.0,0.0,0.0
nominal,J-PredictiveProjection,11043,0.0095258867401749,0.0124374139822027,0.0126532987050149,0.0,0.0,0.0,0.0,0.0,0.0,0.0,0.0
nominal,J-PredictiveProjection,11044,0.0098552212835071,0.0125674668420308,0.015238264777692,0.0,0.0,0.0,0.0,0.0,0.0,0.0,0.0
nominal,J-PredictiveProjection,11045,0.0104047601424834,0.0135718887116747,0.0144220286414733,0.0,0.0,0.0,0.0,0.0,0.0,0.0,0.0
nominal,J-PredictiveProjection,11046,0.0096695426433874,0.0132472572675996,0.0140105968149675,0.0,0.0,0.0,0.0,0.0,0.0,0.0,0.0
nominal,J-PredictiveProjection,11047,0.0100120358621627,0.0127812558965088,0.0133508242075294,0.0,0.0,0.0,0.0,0.0,0.0,0.0,0.0
nominal,J-PredictiveProjection,11048,0.0098663841485208,0.0133451637431315,0.0137673783441736,0.0,0.0,0.0,0.0,0.0,0.0,0.0,0.0
nominal,J-PredictiveProjection,11049,0.0093125234083772,0.012731321499893,0.0134841675368465,0.0,0.0,0.0,0.0,0.0,0.0,0.0,0.0
nominal,J-PredictiveProjection,11050,0.009474689510391,0.012621261147086,0.0132276570694833,0.0,0.0,0.0,0.0,0.0,0.0,0.0,0.0
nominal,J-PredictiveProjection,11051,0.0098108290030472,0.0133652783374493,0.0136787915012803,0.0,0.0,0.0,0.0,0.0,0.0,0.0,0.0
nominal,J-PredictiveProjection,11052,0.0090476896660677,0.0119761057355615,0.0145540805656261,0.0,0.0,0.0,0.0,0.0,0.0,0.0,0.0
nominal,J-PredictiveProjection,11053,0.0092061631506225,0.0117978287500171,0.0121439637935989,0.0,0.0,0.0,0.0,0.0,0.0,0.0,0.0
nominal,J-PredictiveProjection,11054,0.0095772997940792,0.0120887899999928,0.0127361517464913,0.0,0.0,0.0,0.0,0.0,0.0,0.0,0.0
nominal,J-PredictiveProjection,11055,0.0101462300357774,0.0128674821203499,0.0131701361840075,0.0,0.0,0.0,0.0,0.0,0.0,0.0,0.0
nominal,J-PredictiveProjection,11056,0.0101292208050588,0.0122632753505506,0.0143523624383346,0.0,0.0,0.0,0.0,0.0,0.0,0.0,0.0
nominal,J-PredictiveProjection,11057,0.0098036868604665,0.0134652903960708,0.0143721488175864,0.0,0.0,0.0,0.0,0.0,0.0,0.0,0.0
nominal,J-PredictiveProjection,11058,0.0097725087908409,0.0123763572352118,0.0138434877614842,0.0,0.0,0.0,0.0,0.0,0.0,0.0,0.0
nominal,J-PredictiveProjection,11059,0.0103350712485624,0.0139150081721263,0.0143077250526232,0.0,0.0,0.0,0.0,0.0,0.0,0.0,0.0
nominal,J-PredictiveProjection,11060,0.0089928169177011,0.0114781287435231,0.0123096226176053,0.0,0.0,0.0,0.0,0.0,0.0,0.0,0.0
nominal,J-PredictiveProjection,11061,0.0097864889667837,0.012844184224201,0.0171000069313586,0.0,0.0,0.0,0.0,0.0,0.0,0.0,0.002294683856654
nominal,J-PredictiveProjection,11062,0.0098990438400213,0.0132298462156821,0.0159427196398356,0.0,0.0,0.0,0.0,0.0,0.0,0.0,0.0020841673079444
nominal,J-PredictiveProjection,11063,0.009639234724411,0.0127104026768248,0.0134204938823714,0.0,0.0,0.0,0.0,0.0,0.0,0.0,0.0
nominal,J-PredictiveProjection,11064,0.0098446594483497,0.0135906318796686,0.0142995974933979,0.0,0.0,0.0,0.0,0.0,0.0,0.0,0.0
nominal,J-PredictiveProjection,11065,0.0099762330485451,0.0129380543789256,0.0136240652772052,0.0,0.0,0.0,0.0,0.0,0.0,0.0,0.0
nominal,J-PredictiveProjection,11066,0.0092336852227714,0.0118709325113277,0.0121454652350242,0.0,0.0,0.0,0.0,0.0,0.0,0.0,0.0
nominal,J-PredictiveProjection,11067,0.0097152864632987,0.0124298568193751,0.0136211412064616,0.0,0.0,0.0,0.0,0.0,0.0,0.0,0.0
nominal,J-PredictiveProjection,11068,0.0095693762700461,0.0129407026586757,0.013507852110901,0.0,0.0,0.0,0.0,0.0,0.0,0.0,0.0
nominal,J-PredictiveProjection,11069,0.0097552567294588,0.0131202460392227,0.0134360062185595,0.0,0.0,0.0,0.0,0.0,0.0,0.0,0.0
nominal,J-PredictiveProjection,11070,0.0104933845492083,0.0133393680160112,0.016099438039011,0.0,0.0,0.0,0.0,0.0,0.0,0.0,0.0
nominal,J-PredictiveProjection,11071,0.0099211103155203,0.0131623337317413,0.0133512705378728,0.0,0.0,0.0,0.0,0.0,0.0,0.0,0.0
nominal,J-PredictiveProjection,11072,0.009563538496634,0.0122211019579869,0.0126621110292628,0.0,0.0,0.0,0.0,0.0,0.0,0.0,0.0
nominal,J-PredictiveProjection,11073,0.0096914938790555,0.0127945049899101,0.0138793846263305,0.0,0.0,0.0,0.0,0.0,0.0,0.0,0.0
nominal,J-PredictiveProjection,11074,0.0095904413833078,0.0121114815762985,0.0121871818670349,0.0,0.0,0.0,0.0,0.0,0.0,0.0,0.0
nominal,J-PredictiveProjection,11075,0.0097761736933063,0.013123884858782,0.0142407739510802,0.0,0.0,0.0,0.0,0.0,0.0,0.0,0.0
nominal,J-PredictiveProjection,11076,0.0088595748311957,0.0113141478450056,0.0114543529752238,0.0,0.0,0.0,0.0,0.0,0.0,0.0,0.0008281249585455
nominal,J-PredictiveProjection,11077,0.0100866738870071,0.0132488722503001,0.0139418082870976,0.0,0.0,0.0,0.0,0.0,0.0,0.0,0.0
nominal,J-PredictiveProjection,11078,0.0098703723449889,0.0131380266374942,0.0139653003429818,0.0,0.0,0.0,0.0,0.0,0.0,0.0,0.0
nominal,J-PredictiveProjection,11079,0.0093520272855387,0.0120430991666074,0.0128286142478922,0.0,0.0,0.0,0.0,0.0,0.0,0.0,0.0
nominal,J-PredictiveProjection,11080,0.0100509561403726,0.012832299335476,0.0131144119960044,0.0,0.0,0.0,0.0,0.0,0.0,0.0,0.0
nominal,J-PredictiveProjection,11081,0.0095083176996015,0.0124052640279475,0.0129922880135197,0.0,0.0,0.0,0.0,0.0,0.0,0.0,0.0
nominal,J-PredictiveProjection,11082,0.0096565355163016,0.0130373801396501,0.0144800264679663,0.0,0.0,0.0,0.0,0.0,0.0,0.0,0.0
nominal,J-PredictiveProjection,11083,0.0097168956098748,0.0128464536858406,0.0134901776809976,0.0,0.0,0.0,0.0,0.0,0.0,0.0,0.0
nominal,J-PredictiveProjection,11084,0.0100360124318331,0.0133325040630074,0.0160755385991103,0.0,0.0,0.0,0.0,0.0,0.0,0.0,0.0
nominal,J-PredictiveProjection,11085,0.009816329980401,0.0134492672185337,0.0140521359173197,0.0,0.0,0.0,0.0,0.0,0.0,0.0,0.0
nominal,J-PredictiveProjection,11086,0.0093846342173354,0.0118945174985019,0.0125588083074871,0.0,0.0,0.0,0.0,0.0,0.0,0.0,0.0
nominal,J-PredictiveProjection,11087,0.0093485872374259,0.0120697948217904,0.0122902356343983,0.0,0.0,0.0,0.0,0.0,0.0,0.0,0.0
nominal,J-PredictiveProjection,11088,0.0098624443822136,0.0130679247685405,0.0131716106961212,0.0,0.0,0.0,0.0,0.0,0.0,0.0,0.0
nominal,J-PredictiveProjection,11089,0.0095845172608614,0.0124147824146991,0.0127444418506036,0.0,0.0,0.0,0.0,0.0,0.0,0.0,0.0
nominal,J-PredictiveProjection,11090,0.0095480561656852,0.0125203015681295,0.0133104203380731,0.0,0.0,0.0,0.0,0.0,0.0,0.0,0.0
nominal,J-PredictiveProjection,11091,0.0094249891518168,0.012674130494809,0.0130769352509809,0.0,0.0,0.0,0.0,0.0,0.0,0.0,0.0
nominal,J-PredictiveProjection,11092,0.0096636989949627,0.0125838761079667,0.0140928509582249,0.0,0.0,0.0,0.0,0.0,0.0,0.0,0.0
nominal,J-PredictiveProjection,11093,0.0095938715531212,0.0133132581129852,0.0135726407074851,0.0,0.0,0.0,0.0,0.0,0.0,0.0,0.0
nominal,J-PredictiveProjection,11094,0.0095720447713489,0.0123710045503634,0.0125267887913828,0.0,0.0,0.0,0.0,0.0,0.0,0.0,0.0
nominal,J-PredictiveProjection,11095,0.0100843563673889,0.0140432034951686,0.0145016035124099,0.0,0.0,0.0,0.0,0.0,0.0,0.0,0.0
nominal,J-PredictiveProjection,11096,0.01008232921873,0.013033284916846,0.0139660164584079,0.0,0.0,0.0,0.0,0.0,0.0,0.0,0.0
nominal,J-PredictiveProjection,11097,0.0103516031188085,0.0151974816164551,0.015868356811487,0.0,0.0,0.0,0.0,0.0,0.0,0.0,0.0
nominal,J-PredictiveProjection,11098,0.0097264216092754,0.0125438015238845,0.0128511172417244,0.0,0.0,0.0,0.0,0.0,0.0,0.0,0.0
nominal,J-PredictiveProjection,11099,0.0091841582406391,0.0117791982625776,0.0123121297751744,0.0,0.0,0.0,0.0,0.0,0.0,0.0,0.0
nominal,K-RobustHOCBF-Filter,11000,0.0094938886714501,0.012558394825736,0.0129073687926359,0.0,0.0,0.0,0.0,0.0,0.0,0.0,0.0
nominal,K-RobustHOCBF-Filter,11001,0.0098760874033425,0.0125132263782142,0.0132371083777193,0.0,0.0,0.0,0.0,0.0,0.0,0.0,0.0
nominal,K-RobustHOCBF-Filter,11002,0.0100082115220545,0.0126424580293687,0.0149537105602963,0.0,0.0,0.0,0.0,0.0,0.0,0.0,0.0
nominal,K-RobustHOCBF-Filter,11003,0.0098135396395944,0.0124344040246281,0.0130246508407559,0.0,0.0,0.0,0.0,0.0,0.0,0.0,0.0
nominal,K-RobustHOCBF-Filter,11004,0.0094671569689343,0.0123081531808329,0.0128631105853961,0.0,0.0,0.0,0.0,0.0,0.0,0.0,0.0
nominal,K-RobustHOCBF-Filter,11005,0.0089956327247872,0.0122965799036065,0.0127830810441407,0.0,0.0,0.0,0.0,0.0,0.0,0.0,0.0
nominal,K-RobustHOCBF-Filter,11006,0.0097928968126024,0.0123318343797605,0.0138237163380228,0.0,0.0,0.0,0.0,0.0,0.0,0.0,0.0
nominal,K-RobustHOCBF-Filter,11007,0.0098518230540524,0.0128393130174892,0.016442085914956,0.0,0.0,0.0,0.0,0.0,0.0,0.0,0.0
nominal,K-RobustHOCBF-Filter,11008,0.0097914330312631,0.012929159332678,0.014581012823183,0.0,0.0,0.0,0.0,0.0,0.0,0.0,0.0
nominal,K-RobustHOCBF-Filter,11009,0.0104965258733066,0.0144548807021488,0.0149080427023743,0.0,0.0,0.0,0.0,0.0,0.0,0.0,0.0
nominal,K-RobustHOCBF-Filter,11010,0.0092871356901409,0.0117314119793142,0.0122461585347272,0.0,0.0,0.0,0.0,0.0,0.0,0.0,0.0006213331830691
nominal,K-RobustHOCBF-Filter,11011,0.0098438454406977,0.0129630479051632,0.0133866146878123,0.0,0.0,0.0,0.0,0.0,0.0,0.0,0.0
nominal,K-RobustHOCBF-Filter,11012,0.009909962261681,0.0131340809212752,0.0135610142716641,0.0,0.0,0.0,0.0,0.0,0.0,0.0,0.0
nominal,K-RobustHOCBF-Filter,11013,0.0094721055998656,0.0125348706992148,0.0132128212375955,0.0,0.0,0.0,0.0,0.0,0.0,0.0,0.0
nominal,K-RobustHOCBF-Filter,11014,0.0100647654693119,0.0127751877359255,0.018068778530051,0.0,0.0,0.0,0.0,0.0,0.0,0.0,0.0
nominal,K-RobustHOCBF-Filter,11015,0.0096206895237251,0.0120896207360947,0.0125293650018061,0.0,0.0,0.0,0.0,0.0,0.0,0.0,0.0008061214529768
nominal,K-RobustHOCBF-Filter,11016,0.0099849056146584,0.0132143993751119,0.0135038928266843,0.0,0.0,0.0,0.0,0.0,0.0,0.0,0.0
nominal,K-RobustHOCBF-Filter,11017,0.010464870037676,0.0133887258074508,0.0138810962981507,0.0,0.0,0.0,0.0,0.0,0.0,0.0,0.0
nominal,K-RobustHOCBF-Filter,11018,0.0098926385265361,0.0127131187431807,0.0144288878304572,0.0,0.0,0.0,0.0,0.0,0.0,0.0,0.0
nominal,K-RobustHOCBF-Filter,11019,0.0093979585007442,0.0122751777706197,0.0126720758605402,0.0,0.0,0.0,0.0,0.0,0.0,0.0,0.0
nominal,K-RobustHOCBF-Filter,11020,0.0098252998462908,0.0127384848174557,0.013323424080327,0.0,0.0,0.0,0.0,0.0,0.0,0.0,0.0
nominal,K-RobustHOCBF-Filter,11021,0.0090819765686726,0.0117832378651546,0.0121366686694903,0.0,0.0,0.0,0.0,0.0,0.0,0.0,0.000801245727489
nominal,K-RobustHOCBF-Filter,11022,0.0097663672555293,0.012851354670164,0.0133917979012853,0.0,0.0,0.0,0.0,0.0,0.0,0.0,0.0
nominal,K-RobustHOCBF-Filter,11023,0.0099302178276701,0.0134538225415162,0.014010841702247,0.0,0.0,0.0,0.0,0.0,0.0,0.0,0.0
nominal,K-RobustHOCBF-Filter,11024,0.0094839281190456,0.0122539379600378,0.0125412056515105,0.0,0.0,0.0,0.0,0.0,0.0,0.0,0.0
nominal,K-RobustHOCBF-Filter,11025,0.0095897186067458,0.0128807581928423,0.0134925528056124,0.0,0.0,0.0,0.0,0.0,0.0,0.0,0.0
nominal,K-RobustHOCBF-Filter,11026,0.0097224343332648,0.0130131900017225,0.0136258137871028,0.0,0.0,0.0,0.0,0.0,0.0,0.0,0.0007444584537157
nominal,K-RobustHOCBF-Filter,11027,0.0095904907879105,0.0121548069432487,0.0131574604875296,0.0,0.0,0.0,0.0,0.0,0.0,0.0,0.0
nominal,K-RobustHOCBF-Filter,11028,0.0093804067806786,0.011472345945547,0.015084009079126,0.0,0.0,0.0,0.0,0.0,0.0,0.0,0.001064205677217
nominal,K-RobustHOCBF-Filter,11029,0.009668849159194,0.0123263683367474,0.012786916482249,0.0,0.0,0.0,0.0,0.0,0.0,0.0,0.0
nominal,K-RobustHOCBF-Filter,11030,0.0094961590750143,0.0117151158576871,0.0118971930121395,0.0,0.0,0.0,0.0,0.0,0.0,0.0,0.0
nominal,K-RobustHOCBF-Filter,11031,0.0096855867536417,0.0118878390084213,0.0120105850755368,0.0,0.0,0.0,0.0,0.0,0.0,0.0,0.0
nominal,K-RobustHOCBF-Filter,11032,0.0097297922189387,0.0124513859429992,0.0131420109841576,0.0,0.0,0.0,0.0,0.0,0.0,0.0,0.0
nominal,K-RobustHOCBF-Filter,11033,0.0106541902950237,0.0133284541570371,0.0151214398653735,0.0,0.0,0.0,0.0,0.0,0.0,0.0,0.0
nominal,K-RobustHOCBF-Filter,11034,0.0096039804387152,0.0129509966293311,0.0136686787688552,0.0,0.0,0.0,0.0,0.0,0.0,0.0,0.0
nominal,K-RobustHOCBF-Filter,11035,0.0100234982514356,0.0130146438535285,0.0132006737722024,0.0,0.0,0.0,0.0,0.0,0.0,0.0,0.0
nominal,K-RobustHOCBF-Filter,11036,0.0097959671028214,0.0128208571365602,0.0134926055019285,0.0,0.0,0.0,0.0,0.0,0.0,0.0,0.0
nominal,K-RobustHOCBF-Filter,11037,0.0091371357825724,0.0118805640690053,0.0120266509391592,0.0,0.0,0.0,0.0,0.0,0.0,0.0,0.0
nominal,K-RobustHOCBF-Filter,11038,0.0091546240640525,0.0115203487388241,0.0118496434591545,0.0,0.0,0.0,0.0,0.0,0.0,0.0,0.0
nominal,K-RobustHOCBF-Filter,11039,0.0097570109127932,0.013001183540693,0.0141338281905502,0.0,0.0,0.0,0.0,0.0,0.0,0.0,0.0
nominal,K-RobustHOCBF-Filter,11040,0.0096190756920475,0.0125308490765668,0.013675819742128,0.0,0.0,0.0,0.0,0.0,0.0,0.0,0.0008661791293265
nominal,K-RobustHOCBF-Filter,11041,0.0091847969612288,0.012103699771657,0.0126387018476505,0.0,0.0,0.0,0.0,0.0,0.0,0.0,0.0
nominal,K-RobustHOCBF-Filter,11042,0.0095872195139969,0.0123168680794985,0.0128704538991082,0.0,0.0,0.0,0.0,0.0,0.0,0.0,0.0
nominal,K-RobustHOCBF-Filter,11043,0.0095258867401749,0.0124374139822027,0.0126532987050149,0.0,0.0,0.0,0.0,0.0,0.0,0.0,0.0
nominal,K-RobustHOCBF-Filter,11044,0.0098552212835071,0.0125674668420308,0.015238264777692,0.0,0.0,0.0,0.0,0.0,0.0,0.0,0.0
nominal,K-RobustHOCBF-Filter,11045,0.0104047601424834,0.0135718887116747,0.0144220286414733,0.0,0.0,0.0,0.0,0.0,0.0,0.0,0.0
nominal,K-RobustHOCBF-Filter,11046,0.0096695426433874,0.0132472572675996,0.0140105968149675,0.0,0.0,0.0,0.0,0.0,0.0,0.0,0.0
nominal,K-RobustHOCBF-Filter,11047,0.0100120358621627,0.0127812558965088,0.0133508242075294,0.0,0.0,0.0,0.0,0.0,0.0,0.0,0.0
nominal,K-RobustHOCBF-Filter,11048,0.0098663841485208,0.0133451637431315,0.0137673783441736,0.0,0.0,0.0,0.0,0.0,0.0,0.0,0.0
nominal,K-RobustHOCBF-Filter,11049,0.0093125234083772,0.012731321499893,0.0134841675368465,0.0,0.0,0.0,0.0,0.0,0.0,0.0,0.0
nominal,K-RobustHOCBF-Filter,11050,0.009474689510391,0.012621261147086,0.0132276570694833,0.0,0.0,0.0,0.0,0.0,0.0,0.0,0.0
nominal,K-RobustHOCBF-Filter,11051,0.0098108290030472,0.0133652783374493,0.0136787915012803,0.0,0.0,0.0,0.0,0.0,0.0,0.0,0.0
nominal,K-RobustHOCBF-Filter,11052,0.0090476896660677,0.0119761057355615,0.0145540805656261,0.0,0.0,0.0,0.0,0.0,0.0,0.0,0.0
nominal,K-RobustHOCBF-Filter,11053,0.0092061631506225,0.0117978287500171,0.0121439637935989,0.0,0.0,0.0,0.0,0.0,0.0,0.0,0.0
nominal,K-RobustHOCBF-Filter,11054,0.0095772997940792,0.0120887899999928,0.0127361517464913,0.0,0.0,0.0,0.0,0.0,0.0,0.0,0.0
nominal,K-RobustHOCBF-Filter,11055,0.0101462300357774,0.0128674821203499,0.0131701361840075,0.0,0.0,0.0,0.0,0.0,0.0,0.0,0.0
nominal,K-RobustHOCBF-Filter,11056,0.0101292208050588,0.0122632753505506,0.0143523624383346,0.0,0.0,0.0,0.0,0.0,0.0,0.0,0.0
nominal,K-RobustHOCBF-Filter,11057,0.0098036868604665,0.0134652903960708,0.0143721488175864,0.0,0.0,0.0,0.0,0.0,0.0,0.0,0.0
nominal,K-RobustHOCBF-Filter,11058,0.0097725087908409,0.0123763572352118,0.0138434877614842,0.0,0.0,0.0,0.0,0.0,0.0,0.0,0.0
nominal,K-RobustHOCBF-Filter,11059,0.0103350712485624,0.0139150081721263,0.0143077250526232,0.0,0.0,0.0,0.0,0.0,0.0,0.0,0.0
nominal,K-RobustHOCBF-Filter,11060,0.0089928169177011,0.0114781287435231,0.0123096226176053,0.0,0.0,0.0,0.0,0.0,0.0,0.0,0.0
nominal,K-RobustHOCBF-Filter,11061,0.0097864889667837,0.012844184224201,0.0171000069313586,0.0,0.0,0.0,0.0,0.0,0.0,0.0,0.002294683856654
nominal,K-RobustHOCBF-Filter,11062,0.0098990438400213,0.0132298462156821,0.0159427196398356,0.0,0.0,0.0,0.0,0.0,0.0,0.0,0.0020841673079444
nominal,K-RobustHOCBF-Filter,11063,0.009639234724411,0.0127104026768248,0.0134204938823714,0.0,0.0,0.0,0.0,0.0,0.0,0.0,0.0
nominal,K-RobustHOCBF-Filter,11064,0.0098446594483497,0.0135906318796686,0.0142995974933979,0.0,0.0,0.0,0.0,0.0,0.0,0.0,0.0
nominal,K-RobustHOCBF-Filter,11065,0.0099762330485451,0.0129380543789256,0.0136240652772052,0.0,0.0,0.0,0.0,0.0,0.0,0.0,0.0
nominal,K-RobustHOCBF-Filter,11066,0.0092336852227714,0.0118709325113277,0.0121454652350242,0.0,0.0,0.0,0.0,0.0,0.0,0.0,0.0
nominal,K-RobustHOCBF-Filter,11067,0.0097152864632987,0.0124298568193751,0.0136211412064616,0.0,0.0,0.0,0.0,0.0,0.0,0.0,0.0
nominal,K-RobustHOCBF-Filter,11068,0.0095693762700461,0.0129407026586757,0.013507852110901,0.0,0.0,0.0,0.0,0.0,0.0,0.0,0.0
nominal,K-RobustHOCBF-Filter,11069,0.0097552567294588,0.0131202460392227,0.0134360062185595,0.0,0.0,0.0,0.0,0.0,0.0,0.0,0.0
nominal,K-RobustHOCBF-Filter,11070,0.0104933845492083,0.0133393680160112,0.016099438039011,0.0,0.0,0.0,0.0,0.0,0.0,0.0,0.0
nominal,K-RobustHOCBF-Filter,11071,0.0099211103155203,0.0131623337317413,0.0133512705378728,0.0,0.0,0.0,0.0,0.0,0.0,0.0,0.0
nominal,K-RobustHOCBF-Filter,11072,0.009563538496634,0.0122211019579869,0.0126621110292628,0.0,0.0,0.0,0.0,0.0,0.0,0.0,0.0
nominal,K-RobustHOCBF-Filter,11073,0.0096914938790555,0.0127945049899101,0.0138793846263305,0.0,0.0,0.0,0.0,0.0,0.0,0.0,0.0
nominal,K-RobustHOCBF-Filter,11074,0.0095904413833078,0.0121114815762985,0.0121871818670349,0.0,0.0,0.0,0.0,0.0,0.0,0.0,0.0
nominal,K-RobustHOCBF-Filter,11075,0.0097761736933063,0.013123884858782,0.0142407739510802,0.0,0.0,0.0,0.0,0.0,0.0,0.0,0.0
nominal,K-RobustHOCBF-Filter,11076,0.0088595748311957,0.0113141478450056,0.0114543529752238,0.0,0.0,0.0,0.0,0.0,0.0,0.0,0.0008281249585455
nominal,K-RobustHOCBF-Filter,11077,0.0100866738870071,0.0132488722503001,0.0139418082870976,0.0,0.0,0.0,0.0,0.0,0.0,0.0,0.0
nominal,K-RobustHOCBF-Filter,11078,0.0098703723449889,0.0131380266374942,0.0139653003429818,0.0,0.0,0.0,0.0,0.0,0.0,0.0,0.0
nominal,K-RobustHOCBF-Filter,11079,0.0093520272855387,0.0120430991666074,0.0128286142478922,0.0,0.0,0.0,0.0,0.0,0.0,0.0,0.0
nominal,K-RobustHOCBF-Filter,11080,0.0100509561403726,0.012832299335476,0.0131144119960044,0.0,0.0,0.0,0.0,0.0,0.0,0.0,0.0
nominal,K-RobustHOCBF-Filter,11081,0.0095083176996015,0.0124052640279475,0.0129922880135197,0.0,0.0,0.0,0.0,0.0,0.0,0.0,0.0
nominal,K-RobustHOCBF-Filter,11082,0.0096565355163016,0.0130373801396501,0.0144800264679663,0.0,0.0,0.0,0.0,0.0,0.0,0.0,0.0
nominal,K-RobustHOCBF-Filter,11083,0.0097168956098748,0.0128464536858406,0.0134901776809976,0.0,0.0,0.0,0.0,0.0,0.0,0.0,0.0
nominal,K-RobustHOCBF-Filter,11084,0.0100360124318331,0.0133325040630074,0.0160755385991103,0.0,0.0,0.0,0.0,0.0,0.0,0.0,0.0
nominal,K-RobustHOCBF-Filter,11085,0.009816329980401,0.0134492672185337,0.0140521359173197,0.0,0.0,0.0,0.0,0.0,0.0,0.0,0.0
nominal,K-RobustHOCBF-Filter,11086,0.0093846342173354,0.0118945174985019,0.0125588083074871,0.0,0.0,0.0,0.0,0.0,0.0,0.0,0.0
nominal,K-RobustHOCBF-Filter,11087,0.0093485872374259,0.0120697948217904,0.0122902356343983,0.0,0.0,0.0,0.0,0.0,0.0,0.0,0.0
nominal,K-RobustHOCBF-Filter,11088,0.0098624443822136,0.0130679247685405,0.0131716106961212,0.0,0.0,0.0,0.0,0.0,0.0,0.0,0.0
nominal,K-RobustHOCBF-Filter,11089,0.0095845172608614,0.0124147824146991,0.0127444418506036,0.0,0.0,0.0,0.0,0.0,0.0,0.0,0.0
nominal,K-RobustHOCBF-Filter,11090,0.0095480561656852,0.0125203015681295,0.0133104203380731,0.0,0.0,0.0,0.0,0.0,0.0,0.0,0.0
nominal,K-RobustHOCBF-Filter,11091,0.0094249891518168,0.012674130494809,0.0130769352509809,0.0,0.0,0.0,0.0,0.0,0.0,0.0,0.0
nominal,K-RobustHOCBF-Filter,11092,0.0096636989949627,0.0125838761079667,0.0140928509582249,0.0,0.0,0.0,0.0,0.0,0.0,0.0,0.0
nominal,K-RobustHOCBF-Filter,11093,0.0095938715531212,0.0133132581129852,0.0135726407074851,0.0,0.0,0.0,0.0,0.0,0.0,0.0,0.0
nominal,K-RobustHOCBF-Filter,11094,0.0095720447713489,0.0123710045503634,0.0125267887913828,0.0,0.0,0.0,0.0,0.0,0.0,0.0,0.0
nominal,K-RobustHOCBF-Filter,11095,0.0100843563673889,0.0140432034951686,0.0145016035124099,0.0,0.0,0.0,0.0,0.0,0.0,0.0,0.0
nominal,K-RobustHOCBF-Filter,11096,0.01008232921873,0.013033284916846,0.0139660164584079,0.0,0.0,0.0,0.0,0.0,0.0,0.0,0.0
nominal,K-RobustHOCBF-Filter,11097,0.0103516031188085,0.0151974816164551,0.015868356811487,0.0,0.0,0.0,0.0,0.0,0.0,0.0,0.0
nominal,K-RobustHOCBF-Filter,11098,0.0097264216092754,0.0125438015238845,0.0128511172417244,0.0,0.0,0.0,0.0,0.0,0.0,0.0,0.0
nominal,K-RobustHOCBF-Filter,11099,0.0091841582406391,0.0117791982625776,0.0123121297751744,0.0,0.0,0.0,0.0,0.0,0.0,0.0,0.0
compound,CurrentOnly-AE-CeNN-494,11000,0.1194868848489381,0.2189383088787686,0.2338501444617173,0.0,0.0,0.0,0.0,0.0,0.0,0.0,0.9858000385489462
compound,CurrentOnly-AE-CeNN-494,11001,0.099452787321196,0.1738096542787166,0.1862560146144957,0.0,0.0,0.0,0.0,0.0,0.0,0.0,0.9758385610568304
compound,CurrentOnly-AE-CeNN-494,11002,0.1247986202190716,0.2195949776282931,0.2259616087586894,0.0,0.0,0.0,0.0,0.0,0.0,0.0,0.9606420277263196
compound,CurrentOnly-AE-CeNN-494,11003,0.119935409783295,0.2250523601821593,0.2375859897327843,0.0,0.0,0.0,0.0,0.0,0.0,0.0,0.9477415001879332
compound,CurrentOnly-AE-CeNN-494,11004,0.0970503899849803,0.1559545396000691,0.1589005703345328,0.0,0.0,0.0,0.0,0.0,0.0,0.0,0.9838310984358668
compound,CurrentOnly-AE-CeNN-494,11005,0.1030832676566968,0.181258822996133,0.195163244710671,0.0,0.0,0.0,0.0,0.0,0.0,0.0,0.972136574678205
compound,CurrentOnly-AE-CeNN-494,11006,0.1049798151731402,0.1487199074354898,0.1529335960670129,0.0,0.0,0.0,0.0,0.0,0.0,0.0,0.9890709608692972
compound,CurrentOnly-AE-CeNN-494,11007,0.1156031651540792,0.2081468160656318,0.2200824871203552,0.0,0.0,0.0,0.0,0.0,0.0,0.0,0.9660570557846844
compound,CurrentOnly-AE-CeNN-494,11008,0.1114273495251225,0.1757655363875052,0.1810237606284542,0.0,0.0,0.0,0.0,0.0,0.0,0.0,0.9771725491815346
compound,CurrentOnly-AE-CeNN-494,11009,0.109225969814795,0.1696045006539145,0.1785518096432558,0.0,0.0,0.0,0.0,0.0,0.0,0.0,0.9801825681896128
compound,CurrentOnly-AE-CeNN-494,11010,0.0914634977307031,0.1242505479892817,0.1325083682938295,0.0,0.0,0.0,0.0,0.0,0.0,0.0,0.987151985977335
compound,CurrentOnly-AE-CeNN-494,11011,0.1101289671417212,0.1980300214355432,0.2088551775350832,0.0,0.0,0.0,0.0,0.0,0.0,0.0,0.974101982878494
compound,CurrentOnly-AE-CeNN-494,11012,0.1227434312803238,0.2178214558381647,0.2341228418058946,0.0,0.0,0.0,0.0,0.0,0.0,0.0,0.969055875553326
compound,CurrentOnly-AE-CeNN-494,11013,0.0980186724111315,0.1445749121762624,0.1533977910107332,0.0,0.0,0.0,0.0,0.0,0.0,0.0,0.9905681561949026
compound,CurrentOnly-AE-CeNN-494,11014,0.1269938209111206,0.2161034160472438,0.2335831731256115,0.0,0.0,0.0,0.0,0.0,0.0,0.0,0.9651704444781604
compound,CurrentOnly-AE-CeNN-494,11015,0.114039441372599,0.1917556109664828,0.2011520029894257,0.0,0.0,0.0,0.0,0.0,0.0,0.0,0.9667273267694958
compound,CurrentOnly-AE-CeNN-494,11016,0.1072113100545754,0.2163358720516928,0.2325907006827751,0.0,0.0,0.0,0.0,0.0,0.0,0.0,0.9621217872497022
compound,CurrentOnly-AE-CeNN-494,11017,0.1182775180545615,0.2158033320798383,0.2319162572509421,0.0,0.0,0.0,0.0,0.0,0.0,0.0,0.9796808789699551
compound,CurrentOnly-AE-CeNN-494,11018,0.1138694480480708,0.2019663267203751,0.2104210767933357,0.0,0.0,0.0,0.0,0.0,0.0,0.0,0.9773183716630096
compound,CurrentOnly-AE-CeNN-494,11019,0.0698308974807779,0.1056599638477369,0.1099508940880613,0.0,0.0,0.0,0.0,0.0,0.0,0.0,0.984930932519831
compound,CurrentOnly-AE-CeNN-494,11020,0.1103944323652886,0.1580352481148913,0.1634103163384935,0.0,0.0,0.0,0.0,0.0,0.0,0.0,0.9716104034483316
compound,CurrentOnly-AE-CeNN-494,11021,0.1435999377056103,0.2523484170546755,0.2676764544191354,0.0,0.0,0.0,0.0,0.0,0.0,0.0,0.9485315873070388
compound,CurrentOnly-AE-CeNN-494,11022,0.1281050185945891,0.2153169057425001,0.228914373184834,0.0,0.0,0.0,0.0,0.0,0.0,0.0,0.9602937777299104
compound,CurrentOnly-AE-CeNN-494,11023,0.0711030623816186,0.108845218854515,0.1122063792340991,0.0,0.0,0.0,0.0,0.0,0.0,0.0,0.9833824051881018
compound,CurrentOnly-AE-CeNN-494,11024,0.1104649160774221,0.1637910259200308,0.1797470063297578,0.0,0.0,0.0,0.0,0.0,0.0,0.0,0.9794589802569896
compound,CurrentOnly-AE-CeNN-494,11025,0.1311407873294486,0.2377470101435826,0.2589021267745623,0.0,0.0,0.0,0.0,0.0,0.0,0.0,0.973051756184248
compound,CurrentOnly-AE-CeNN-494,11026,0.1279797437595257,0.2018076382475944,0.2193372045111002,0.0,0.0,0.0,0.0,0.0,0.0,0.0,0.9685498986226356
compound,CurrentOnly-AE-CeNN-494,11027,0.1098613569507533,0.1655722941403623,0.1764157487454422,0.0,0.0,0.0,0.0,0.0,0.0,0.0,0.9726206567931452
compound,CurrentOnly-AE-CeNN-494,11028,0.0918196392867051,0.1524360906263597,0.1576377216336328,0.0,0.0,0.0,0.0,0.0,0.0,0.0,0.9763071762967828
compound,CurrentOnly-AE-CeNN-494,11029,0.0891894195366865,0.1447078018637055,0.157794232451879,0.0,0.0,0.0,0.0,0.0,0.0,0.0,0.9893801050932162
compound,CurrentOnly-AE-CeNN-494,11030,0.0903833667792408,0.132721408763643,0.1391247975945601,0.0,0.0,0.0,0.0,0.0,0.0,0.0,0.9972491314346332
compound,CurrentOnly-AE-CeNN-494,11031,0.1292642262114089,0.2178070586819367,0.2264735695178401,0.0,0.0,0.0,0.0,0.0,0.0,0.0,0.9806057631314488
compound,CurrentOnly-AE-CeNN-494,11032,0.1075023020890708,0.1523520334526467,0.1581531061730799,0.0,0.0,0.0,0.0,0.0,0.0,0.0,0.9838005366377286
compound,CurrentOnly-AE-CeNN-494,11033,0.0675816737208122,0.0870111602548384,0.1026593728618844,0.0,0.0,0.0,0.0,0.0,0.0,0.0,0.989176066474641
compound,CurrentOnly-AE-CeNN-494,11034,0.1041826854144511,0.1698689937559644,0.1743279786029969,0.0,0.0,0.0,0.0,0.0,0.0,0.0,0.9746685445082108
compound,CurrentOnly-AE-CeNN-494,11035,0.0955083471553685,0.1327480266655092,0.1411483470270654,0.0,0.0,0.0,0.0,0.0,0.0,0.0,0.9947558295488408
compound,CurrentOnly-AE-CeNN-494,11036,0.1115092556892584,0.1794587838790052,0.1858310260366234,0.0,0.0,0.0,0.0,0.0,0.0,0.0,0.973850086551438
compound,CurrentOnly-AE-CeNN-494,11037,0.1353574565819849,0.2259191428898135,0.2306762319283872,0.0,0.0,0.0,0.0,0.0,0.0,0.0,0.948145833200147
compound,CurrentOnly-AE-CeNN-494,11038,0.103832759282822,0.1529619375967369,0.1595390475269056,0.0,0.0,0.0,0.0,0.0,0.0,0.0,0.9871501670562088
compound,CurrentOnly-AE-CeNN-494,11039,0.1098508304110917,0.1693048598432914,0.1758665407439717,0.0,0.0,0.0,0.0,0.0,0.0,0.0,0.9854267999945916
compound,CurrentOnly-AE-CeNN-494,11040,0.1000339937297316,0.1467198699133411,0.1547530734001653,0.0,0.0,0.0,0.0,0.0,0.0,0.0,0.9786580691107624
compound,CurrentOnly-AE-CeNN-494,11041,0.1260730260708719,0.2001662729609543,0.2181246590957103,0.0,0.0,0.0,0.0,0.0,0.0,0.0,0.9741701210066916
compound,CurrentOnly-AE-CeNN-494,11042,0.1190190408247258,0.1739200960236295,0.1889334181059437,0.0,0.0,0.0,0.0,0.0,0.0,0.0,0.9660768564041612
compound,CurrentOnly-AE-CeNN-494,11043,0.1217255569978813,0.1711140607330689,0.178088592586679,0.0,0.0,0.0,0.0,0.0,0.0,0.0,0.9812000290023412
compound,CurrentOnly-AE-CeNN-494,11044,0.1115699768524781,0.2422073803990896,0.2548410252540634,0.0,0.0,0.0,0.0,0.0,0.0,0.0,0.9689237381247732
compound,CurrentOnly-AE-CeNN-494,11045,0.1150360088449064,0.1708452021072162,0.1824256122442601,0.0,0.0,0.0,0.0,0.0,0.0,0.0,0.975567536298038
compound,CurrentOnly-AE-CeNN-494,11046,0.1286552805117144,0.2432158239414822,0.2574897848185796,0.0,0.0,0.0,0.0,0.0,0.0,0.0,0.9386696664652744
compound,CurrentOnly-AE-CeNN-494,11047,0.10252963925941,0.1846345838015122,0.193683625047907,0.0,0.0,0.0,0.0,0.0,0.0,0.0,0.981497613290085
compound,CurrentOnly-AE-CeNN-494,11048,0.0737432435250133,0.114861032003351,0.1195014600938909,0.0,0.0,0.0,0.0,0.0,0.0,0.0,0.985821406159758
compound,CurrentOnly-AE-CeNN-494,11049,0.0901837480367629,0.1432132747430308,0.1536391630614574,0.0,0.0,0.0,0.0,0.0,0.0,0.0,0.9835770932003888
compound,CurrentOnly-AE-CeNN-494,11050,0.1304038100524229,0.2243679210116919,0.2410286548230821,0.0,0.0,0.0,0.0,0.0,0.0,0.0,0.9632984000366724
compound,CurrentOnly-AE-CeNN-494,11051,0.1071527121396213,0.1746975271183277,0.1874247814700833,0.0,0.0,0.0,0.0,0.0,0.0,0.0,0.9908386879178744
compound,CurrentOnly-AE-CeNN-494,11052,0.0925209027000895,0.1490114184287612,0.1610993664398245,0.0,0.0,0.0,0.0,0.0,0.0,0.0,0.9687798194942994
compound,CurrentOnly-AE-CeNN-494,11053,0.1293479378816178,0.2204462472916624,0.2247837261148268,0.0,0.0,0.0,0.0,0.0,0.0,0.0,0.9631682860731742
compound,CurrentOnly-AE-CeNN-494,11054,0.1094006015627716,0.1395958406892066,0.147279922129589,0.0,0.0,0.0,0.0,0.0,0.0,0.0,0.9864701379207976
compound,CurrentOnly-AE-CeNN-494,11055,0.0990212283418143,0.1645219333628882,0.1760941144877257,0.0,0.0,0.0,0.0,0.0,0.0,0.0,0.9845434122367108
compound,CurrentOnly-AE-CeNN-494,11056,0.1221200815810387,0.1962530451531828,0.2017837182129764,0.0,0.0,0.0,0.0,0.0,0.0,0.0,0.9676105446381484
compound,CurrentOnly-AE-CeNN-494,11057,0.1285712052681579,0.2023646789419658,0.2127939878414771,0.0,0.0,0.0,0.0,0.0,0.0,0.0,0.9685070009207696
compound,CurrentOnly-AE-CeNN-494,11058,0.1131814650235422,0.2189063285564771,0.2373625990959842,0.0,0.0,0.0,0.0,0.0,0.0,0.0,0.980277314158132
compound,CurrentOnly-AE-CeNN-494,11059,0.1233259774543566,0.1930157880429484,0.2019935164431054,0.0,0.0,0.0,0.0,0.0,0.0,0.0,0.9703691896360528
compound,CurrentOnly-AE-CeNN-494,11060,0.0958591952003575,0.1755993194983212,0.1863020957740081,0.0,0.0,0.0,0.0,0.0,0.0,0.0,0.9914658256611376
compound,CurrentOnly-AE-CeNN-494,11061,0.1005688773564979,0.1757350648964129,0.1855217963280694,0.0,0.0,0.0,0.0,0.0,0.0,0.0,0.9812795446213042
compound,CurrentOnly-AE-CeNN-494,11062,0.1297813191540349,0.2434081260433232,0.2594798552978034,0.0,0.0,0.0,0.0,0.0,0.0,0.0,0.9643634060230868
compound,CurrentOnly-AE-CeNN-494,11063,0.1163413427555358,0.2225348891858603,0.237528648143323,0.0,0.0,0.0,0.0,0.0,0.0,0.0,0.9676728583597056
compound,CurrentOnly-AE-CeNN-494,11064,0.1001051327697835,0.1495477748097183,0.1606754867283661,0.0,0.0,0.0,0.0,0.0,0.0,0.0,0.9941283997829524
compound,CurrentOnly-AE-CeNN-494,11065,0.0898090077030713,0.1261012116902376,0.1349763853233643,0.0,0.0,0.0,0.0,0.0,0.0,0.0,0.9812084681270048
compound,CurrentOnly-AE-CeNN-494,11066,0.0916778593096534,0.159699494902191,0.1728951352642634,0.0,0.0,0.0,0.0,0.0,0.0,0.0,0.9834387787151262
compound,CurrentOnly-AE-CeNN-494,11067,0.0922548666984412,0.1401922582357078,0.14763655418074,0.0,0.0,0.0,0.0,0.0,0.0,0.0,0.977730801731874
compound,CurrentOnly-AE-CeNN-494,11068,0.1162786518026448,0.2106230975344181,0.2263671150095991,0.0,0.0,0.0,0.0,0.0,0.0,0.0,0.9571555143802792
compound,CurrentOnly-AE-CeNN-494,11069,0.1327280776614457,0.2332675198126826,0.238166087586009,0.0,0.0,0.0,0.0,0.0,0.0,0.0,0.9551666116019386
compound,CurrentOnly-AE-CeNN-494,11070,0.1077978001836186,0.183618075722216,0.1920793924944452,0.0,0.0,0.0,0.0,0.0,0.0,0.0,0.98673434745256
compound,CurrentOnly-AE-CeNN-494,11071,0.0714693074073857,0.0908991359790867,0.0967750063304953,0.0,0.0,0.0,0.0,0.0,0.0,0.0,0.9757361298599992
compound,CurrentOnly-AE-CeNN-494,11072,0.112337968931301,0.198015012919396,0.2062685623961581,0.0,0.0,0.0,0.0,0.0,0.0,0.0,0.979116076585445
compound,CurrentOnly-AE-CeNN-494,11073,0.0721272473144153,0.1020400236519772,0.1079962085008997,0.0,0.0,0.0,0.0,0.0,0.0,0.0,0.9839478726528198
compound,CurrentOnly-AE-CeNN-494,11074,0.1161076213055036,0.1696412692591923,0.1741026874830684,0.0,0.0,0.0,0.0,0.0,0.0,0.0,0.972957932887047
compound,CurrentOnly-AE-CeNN-494,11075,0.1053159203681009,0.18069309424634,0.1873406683783398,0.0,0.0,0.0,0.0,0.0,0.0,0.0,0.9754111760254136
compound,CurrentOnly-AE-CeNN-494,11076,0.099878849970466,0.1594292586395607,0.1683897638703837,0.0,0.0,0.0,0.0,0.0,0.0,0.0,0.986750862910244
compound,CurrentOnly-AE-CeNN-494,11077,0.1012352604890898,0.1801432762722524,0.1935352968671054,0.0,0.0,0.0,0.0,0.0,0.0,0.0,0.9746085102228104
compound,CurrentOnly-AE-CeNN-494,11078,0.0895379700855221,0.1184053646182406,0.1244541146675526,0.0,0.0,0.0,0.0,0.0,0.0,0.0,0.9851772894062928
compound,CurrentOnly-AE-CeNN-494,11079,0.1274115503277559,0.2200164030861278,0.2333481090377265,0.0,0.0,0.0,0.0,0.0,0.0,0.0,0.9629603351729932
compound,CurrentOnly-AE-CeNN-494,11080,0.1183369428201306,0.2058612322703724,0.2211165184226823,0.0,0.0,0.0,0.0,0.0,0.0,0.0,0.9641815130443512
compound,CurrentOnly-AE-CeNN-494,11081,0.1269727418110288,0.1807360943831327,0.1868111200337609,0.0,0.0,0.0,0.0,0.0,0.0,0.0,0.9719910774611684
compound,CurrentOnly-AE-CeNN-494,11082,0.1292402041129645,0.1901899602066585,0.2013390588845786,0.0,0.0,0.0,0.0,0.0,0.0,0.0,0.9752120476402724
compound,CurrentOnly-AE-CeNN-494,11083,0.1336157356428626,0.2134972581344359,0.2216919715236993,0.0,0.0,0.0,0.0,0.0,0.0,0.0,0.9509297045150248
compound,CurrentOnly-AE-CeNN-494,11084,0.1033603271466037,0.1726040542154281,0.1744986170793058,0.0,0.0,0.0,0.0,0.0,0.0,0.0,0.9701819590046992
compound,CurrentOnly-AE-CeNN-494,11085,0.1140140013438388,0.1705715976355816,0.1783819513491492,0.0,0.0,0.0,0.0,0.0,0.0,0.0,0.9868682029822168
compound,CurrentOnly-AE-CeNN-494,11086,0.1184903487585385,0.1958955185542104,0.2071583432879071,0.0,0.0,0.0,0.0,0.0,0.0,0.0,0.9721358033716682
compound,CurrentOnly-AE-CeNN-494,11087,0.1307411031708984,0.2117483135146431,0.2252020815989427,0.0,0.0,0.0,0.0,0.0,0.0,0.0,0.97105591301064
compound,CurrentOnly-AE-CeNN-494,11088,0.1149653205075244,0.2013752306115138,0.2124999908433004,0.0,0.0,0.0,0.0,0.0,0.0,0.0,0.9865373009343228
compound,CurrentOnly-AE-CeNN-494,11089,0.0945174082742653,0.1285161265858641,0.1347062786172995,0.0,0.0,0.0,0.0,0.0,0.0,0.0,0.9891241379674024
compound,CurrentOnly-AE-CeNN-494,11090,0.1140529178062473,0.1885159663112516,0.2026758057536042,0.0,0.0,0.0,0.0,0.0,0.0,0.0,0.9736649575753876
compound,CurrentOnly-AE-CeNN-494,11091,0.1117182881558618,0.1501535800514142,0.1559516596766874,0.0,0.0,0.0,0.0,0.0,0.0,0.0,0.9842396582604231
compound,CurrentOnly-AE-CeNN-494,11092,0.0984344590632801,0.1306099508422619,0.1340591832711548,0.0,0.0,0.0,0.0,0.0,0.0,0.0,0.989719292122106
compound,CurrentOnly-AE-CeNN-494,11093,0.1230414889806292,0.1875576392073056,0.2001738371876832,0.0,0.0,0.0,0.0,0.0,0.0,0.0,0.9557245011453852
compound,CurrentOnly-AE-CeNN-494,11094,0.0870913658939709,0.1209470514314297,0.1235095787921409,0.0,0.0,0.0,0.0,0.0,0.0,0.0,0.9859051625381928
compound,CurrentOnly-AE-CeNN-494,11095,0.1072632379705052,0.1932347263306455,0.2047083234057881,0.0,0.0,0.0,0.0,0.0,0.0,0.0,0.9668503976950308
compound,CurrentOnly-AE-CeNN-494,11096,0.0911641961189798,0.146737885289444,0.1521921848358108,0.0,0.0,0.0,0.0,0.0,0.0,0.0,0.9727829693545538
compound,CurrentOnly-AE-CeNN-494,11097,0.1298256732174408,0.1882924711607683,0.1903760586334758,0.0,0.0,0.0,0.0,0.0,0.0,0.0,0.9657136004136192
compound,CurrentOnly-AE-CeNN-494,11098,0.1018700915258521,0.1915416393338765,0.1996381208130244,0.0,0.0,0.0,0.0,0.0,0.0,0.0,0.9847327263787768
compound,CurrentOnly-AE-CeNN-494,11099,0.0989906255829155,0.1414165594874233,0.1487756762590331,0.0,0.0,0.0,0.0,0.0,0.0,0.0,0.9783905823293058
compound,I-RiskGovernor-unfiltered,11000,0.1187213106079125,0.2181413911104487,0.2331052111074151,0.0,0.0,0.0,0.0,0.0,0.0,0.0,0.9859054319852376
compound,I-RiskGovernor-unfiltered,11001,0.0987663196975444,0.1731651276090204,0.1856512772980144,0.0,0.0,0.0,0.0,0.0,0.0,0.0,0.9760544792660956
compound,I-RiskGovernor-unfiltered,11002,0.1244868642483939,0.2191795026051886,0.225549842971535,0.0,0.0,0.0,0.0,0.0,0.0,0.0,0.960580325355357
compound,I-RiskGovernor-unfiltered,11003,0.1196155571106846,0.2250816227686927,0.237636078927925,0.0,0.0,0.0,0.0,0.0,0.0,0.0,0.947196210955332
compound,I-RiskGovernor-unfiltered,11004,0.0967987581638262,0.155655493456185,0.1586943277651287,0.0,0.0,0.0,0.0,0.0,0.0,0.0,0.9835059685323853
compound,I-RiskGovernor-unfiltered,11005,0.1026700331025391,0.1810915319744382,0.1949897287013814,0.0,0.0,0.0,0.0,0.0,0.0,0.0,0.972317735766502
compound,I-RiskGovernor-unfiltered,11006,0.104586134131098,0.1478762895590154,0.152065311716746,0.0,0.0,0.0,0.0,0.0,0.0,0.0,0.989224381816145
compound,I-RiskGovernor-unfiltered,11007,0.1153450007443443,0.2078237706910721,0.219787805112465,0.0,0.0,0.0,0.0,0.0,0.0,0.0,0.9654260958512711
compound,I-RiskGovernor-unfiltered,11008,0.1108215967745599,0.1747848103962614,0.1801282779932471,0.0,0.0,0.0,0.0,0.0,0.0,0.0,0.9773937148774448
compound,I-RiskGovernor-unfiltered,11009,0.1087467536494482,0.168743802228493,0.1777661270516205,0.0,0.0,0.0,0.0,0.0,0.0,0.0,0.9797777101054082
compound,I-RiskGovernor-unfiltered,11010,0.0911618119045967,0.1242218797992831,0.1324559509155658,0.0,0.0,0.0,0.0,0.0,0.0,0.0,0.9873887884475436
compound,I-RiskGovernor-unfiltered,11011,0.1095593843438988,0.1975397812600921,0.2083510036267657,0.0,0.0,0.0,0.0,0.0,0.0,0.0,0.9737134395120844
compound,I-RiskGovernor-unfiltered,11012,0.1221586982186971,0.2173203391281868,0.2336160767472806,0.0,0.0,0.0,0.0,0.0,0.0,0.0,0.9690857180257892
compound,I-RiskGovernor-unfiltered,11013,0.097801394413835,0.1444292903970016,0.153187372367077,0.0,0.0,0.0,0.0,0.0,0.0,0.0,0.9904932929776754
compound,I-RiskGovernor-unfiltered,11014,0.1265525976503488,0.2154298642457885,0.2329082322179397,0.0,0.0,0.0,0.0,0.0,0.0,0.0,0.9650753512817576
compound,I-RiskGovernor-unfiltered,11015,0.1132699056206094,0.1911049602693032,0.2005590550794936,0.0,0.0,0.0,0.0,0.0,0.0,0.0,0.966684840126342
compound,I-RiskGovernor-unfiltered,11016,0.1069340068059168,0.2162932402508198,0.2324888865994192,0.0,0.0,0.0,0.0,0.0,0.0,0.0,0.9621245919553014
compound,I-RiskGovernor-unfiltered,11017,0.1178477982215717,0.2157214244468124,0.2318599600465437,0.0,0.0,0.0,0.0,0.0,0.0,0.0,0.980125838761198
compound,I-RiskGovernor-unfiltered,11018,0.1134443197597938,0.2016763005849969,0.2101645381537891,0.0,0.0,0.0,0.0,0.0,0.0,0.0,0.9770902696845956
compound,I-RiskGovernor-unfiltered,11019,0.0697284609317692,0.1057183483623033,0.1100292910484188,0.0,0.0,0.0,0.0,0.0,0.0,0.0,0.9847163723510988
compound,I-RiskGovernor-unfiltered,11020,0.1099691855908445,0.1574465475248738,0.1628303813246939,0.0,0.0,0.0,0.0,0.0,0.0,0.0,0.971424687679534
compound,I-RiskGovernor-unfiltered,11021,0.1433493852446452,0.2519484544186589,0.2672802228402069,0.0,0.0,0.0,0.0,0.0,0.0,0.0,0.9485109390718696
compound,I-RiskGovernor-unfiltered,11022,0.1278413403014121,0.2152877379269993,0.2289015257009926,0.0,0.0,0.0,0.0,0.0,0.0,0.0,0.9601815968827077
compound,I-RiskGovernor-unfiltered,11023,0.071033768030548,0.1086339062016082,0.1119781140560098,0.0,0.0,0.0,0.0,0.0,0.0,0.0,0.9835182381545752
compound,I-RiskGovernor-unfiltered,11024,0.1100743039843996,0.1632970840494524,0.1791822455063387,0.0,0.0,0.0,0.0,0.0,0.0,0.0,0.9794865957226024
compound,I-RiskGovernor-unfiltered,11025,0.1305600157701819,0.2372412866220019,0.2584208098307712,0.0,0.0,0.0,0.0,0.0,0.0,0.0,0.9726358573248846
compound,I-RiskGovernor-unfiltered,11026,0.1273824639365615,0.2015422243377858,0.2191296465952439,0.0,0.0,0.0,0.0,0.0,0.0,0.0,0.968215830253468
compound,I-RiskGovernor-unfiltered,11027,0.1093186872851496,0.1651217758331941,0.1760342785661122,0.0,0.0,0.0,0.0,0.0,0.0,0.0,0.9729315454975648
compound,I-RiskGovernor-unfiltered,11028,0.0914334674918495,0.1519379704457223,0.1569639175492983,0.0,0.0,0.0,0.0,0.0,0.0,0.0,0.9763125637222516
compound,I-RiskGovernor-unfiltered,11029,0.0889590411287037,0.1444519171855834,0.1575247971487097,0.0,0.0,0.0,0.0,0.0,0.0,0.0,0.989312182906693
compound,I-RiskGovernor-unfiltered,11030,0.089865126506971,0.1323895693835148,0.1388188596536076,0.0,0.0,0.0,0.0,0.0,0.0,0.0,0.9971381007978556
compound,I-RiskGovernor-unfiltered,11031,0.1287323673438433,0.217284731150846,0.225939076078239,0.0,0.0,0.0,0.0,0.0,0.0,0.0,0.9804187868021051
compound,I-RiskGovernor-unfiltered,11032,0.1067734771628406,0.1518423665234494,0.1571739837563948,0.0,0.0,0.0,0.0,0.0,0.0,0.0,0.9836472447324228
compound,I-RiskGovernor-unfiltered,11033,0.066987985381672,0.0861403297118452,0.1016905534975397,0.0,0.0,0.0,0.0,0.0,0.0,0.0,0.989008628387933
compound,I-RiskGovernor-unfiltered,11034,0.1033569726589132,0.169376182718647,0.1739061707947235,0.0,0.0,0.0,0.0,0.0,0.0,0.0,0.9744389256073666
compound,I-RiskGovernor-unfiltered,11035,0.0951679241330419,0.1320029552839091,0.1404185920572294,0.0,0.0,0.0,0.0,0.0,0.0,0.0,0.9944831169484468
compound,I-RiskGovernor-unfiltered,11036,0.1109266596316938,0.1785758070315203,0.1848789556788558,0.0,0.0,0.0,0.0,0.0,0.0,0.0,0.9739346732520976
compound,I-RiskGovernor-unfiltered,11037,0.1348590536464821,0.2255528867487113,0.2302677410753233,0.0,0.0,0.0,0.0,0.0,0.0,0.0,0.9482624532153467
compound,I-RiskGovernor-unfiltered,11038,0.1034445301032924,0.1526347536327997,0.1591785959916514,0.0,0.0,0.0,0.0,0.0,0.0,0.0,0.9867639375656684
compound,I-RiskGovernor-unfiltered,11039,0.1096214900166789,0.1687645068333993,0.1753510637192797,0.0,0.0,0.0,0.0,0.0,0.0,0.0,0.9851418274668172
compound,I-RiskGovernor-unfiltered,11040,0.0998451038571146,0.1465917078112962,0.1546245731620717,0.0,0.0,0.0,0.0,0.0,0.0,0.0,0.9788582435600856
compound,I-RiskGovernor-unfiltered,11041,0.1258608019424172,0.1998746128811173,0.217818983736205,0.0,0.0,0.0,0.0,0.0,0.0,0.0,0.9741369697111284
compound,I-RiskGovernor-unfiltered,11042,0.1187636215374722,0.1736077544467276,0.1887357646703121,0.0,0.0,0.0,0.0,0.0,0.0,0.0,0.966176042847601
compound,I-RiskGovernor-unfiltered,11043,0.1212695674847028,0.1707198074292115,0.1773411571319725,0.0,0.0,0.0,0.0,0.0,0.0,0.0,0.9809245581889324
compound,I-RiskGovernor-unfiltered,11044,0.1113357406424883,0.2421420632571052,0.2548074869211245,0.0,0.0,0.0,0.0,0.0,0.0,0.0,0.9684433676738036
compound,I-RiskGovernor-unfiltered,11045,0.1144800925934581,0.1704947060361754,0.1819854564297182,0.0,0.0,0.0,0.0,0.0,0.0,0.0,0.9753619736844475
compound,I-RiskGovernor-unfiltered,11046,0.1282017465569286,0.2429457624479486,0.2571710277161641,0.0,0.0,0.0,0.0,0.0,0.0,0.0,0.938357496581094
compound,I-RiskGovernor-unfiltered,11047,0.1017997512504284,0.183883867034578,0.1930039494180832,0.0,0.0,0.0,0.0,0.0,0.0,0.0,0.9815552552018616
compound,I-RiskGovernor-unfiltered,11048,0.073489991812907,0.1148378288960758,0.1194886147115119,0.0,0.0,0.0,0.0,0.0,0.0,0.0,0.98574193411489
compound,I-RiskGovernor-unfiltered,11049,0.0896380453870675,0.1423686808291577,0.152841765787582,0.0,0.0,0.0,0.0,0.0,0.0,0.0,0.9832653012869116
compound,I-RiskGovernor-unfiltered,11050,0.1299324572744752,0.2239401667155035,0.2405610343449772,0.0,0.0,0.0,0.0,0.0,0.0,0.0,0.9630459562887652
compound,I-RiskGovernor-unfiltered,11051,0.1063653840429716,0.1736799969167523,0.1864002152734909,0.0,0.0,0.0,0.0,0.0,0.0,0.0,0.9909449716172524
compound,I-RiskGovernor-unfiltered,11052,0.0922052015345672,0.1490701144749374,0.1611985192878694,0.0,0.0,0.0,0.0,0.0,0.0,0.0,0.9689129637637416
compound,I-RiskGovernor-unfiltered,11053,0.1290076225729133,0.2201058115378128,0.2244848315123649,0.0,0.0,0.0,0.0,0.0,0.0,0.0,0.9634246088058028
compound,I-RiskGovernor-unfiltered,11054,0.1086740202624695,0.1390873751088474,0.1462536741981835,0.0,0.0,0.0,0.0,0.0,0.0,0.0,0.986722609962097
compound,I-RiskGovernor-unfiltered,11055,0.0985535090899622,0.1644422473451579,0.1759623192718856,0.0,0.0,0.0,0.0,0.0,0.0,0.0,0.9845190385476318
compound,I-RiskGovernor-unfiltered,11056,0.1217211334010061,0.1960094603029392,0.2010768828082109,0.0,0.0,0.0,0.0,0.0,0.0,0.0,0.9677096917305884
compound,I-RiskGovernor-unfiltered,11057,0.1281951248486023,0.2020331108841671,0.212440673015712,0.0,0.0,0.0,0.0,0.0,0.0,0.0,0.9687456793220028
compound,I-RiskGovernor-unfiltered,11058,0.1128856970506008,0.2188084833498948,0.2373146880037569,0.0,0.0,0.0,0.0,0.0,0.0,0.0,0.9802729933015154
compound,I-RiskGovernor-unfiltered,11059,0.1229512927568607,0.1927243944896799,0.2013020865970876,0.0,0.0,0.0,0.0,0.0,0.0,0.0,0.9704796399823248
compound,I-RiskGovernor-unfiltered,11060,0.0954047040377515,0.175110929167029,0.1858445663277173,0.0,0.0,0.0,0.0,0.0,0.0,0.0,0.9913267806923832
compound,I-RiskGovernor-unfiltered,11061,0.1001917304036663,0.1755587857821417,0.1853646634523151,0.0,0.0,0.0,0.0,0.0,0.0,0.0,0.9811813504828556
compound,I-RiskGovernor-unfiltered,11062,0.1292572518758381,0.2429734781499831,0.2590560362867347,0.0,0.0,0.0,0.0,0.0,0.0,0.0,0.9639188341577172
compound,I-RiskGovernor-unfiltered,11063,0.1155836564768375,0.2217356104587358,0.236725374410174,0.0,0.0,0.0,0.0,0.0,0.0,0.0,0.9677975952736196
compound,I-RiskGovernor-unfiltered,11064,0.0997504071711969,0.1492385805204483,0.1603150439426578,0.0,0.0,0.0,0.0,0.0,0.0,0.0,0.9940264244018376
compound,I-RiskGovernor-unfiltered,11065,0.0894237165525819,0.125896659832125,0.1347742728074362,0.0,0.0,0.0,0.0,0.0,0.0,0.0,0.9812073664335472
compound,I-RiskGovernor-unfiltered,11066,0.0912852464964224,0.1592145557817472,0.1723947309315352,0.0,0.0,0.0,0.0,0.0,0.0,0.0,0.9832899805248896
compound,I-RiskGovernor-unfiltered,11067,0.0920048903783401,0.1396176683347876,0.1469821955919175,0.0,0.0,0.0,0.0,0.0,0.0,0.0,0.9771316913957973
compound,I-RiskGovernor-unfiltered,11068,0.1158093028021162,0.2100913039947734,0.2258843004361264,0.0,0.0,0.0,0.0,0.0,0.0,0.0,0.9564482692606164
compound,I-RiskGovernor-unfiltered,11069,0.1324065578307166,0.2330734187700179,0.237985116477383,0.0,0.0,0.0,0.0,0.0,0.0,0.0,0.9550525240166656
compound,I-RiskGovernor-unfiltered,11070,0.1074685084600302,0.1835926251505788,0.1920598683217004,0.0,0.0,0.0,0.0,0.0,0.0,0.0,0.9867782162002768
compound,I-RiskGovernor-unfiltered,11071,0.0710506101546811,0.0902221630343813,0.0959785370458068,0.0,0.0,0.0,0.0,0.0,0.0,0.0,0.9757089764011048
compound,I-RiskGovernor-unfiltered,11072,0.111857122832632,0.1975233468476658,0.2057886683879682,0.0,0.0,0.0,0.0,0.0,0.0,0.0,0.9793439750377916
compound,I-RiskGovernor-unfiltered,11073,0.0718921333505183,0.1013494510119096,0.107300589606372,0.0,0.0,0.0,0.0,0.0,0.0,0.0,0.9841410246509796
compound,I-RiskGovernor-unfiltered,11074,0.1156510757549833,0.1695114349916806,0.1739574277899703,0.0,0.0,0.0,0.0,0.0,0.0,0.0,0.9735884946607852
compound,I-RiskGovernor-unfiltered,11075,0.104683626635821,0.1798733759235864,0.1865539711908005,0.0,0.0,0.0,0.0,0.0,0.0,0.0,0.9756293527223304
compound,I-RiskGovernor-unfiltered,11076,0.0992764049397436,0.1588103839643687,0.1678191473726455,0.0,0.0,0.0,0.0,0.0,0.0,0.0,0.9867861730434264
compound,I-RiskGovernor-unfiltered,11077,0.100738978924867,0.179420565104241,0.1929044303233485,0.0,0.0,0.0,0.0,0.0,0.0,0.0,0.9741776039428856
compound,I-RiskGovernor-unfiltered,11078,0.0888927686937819,0.1175083510079927,0.123499700489981,0.0,0.0,0.0,0.0,0.0,0.0,0.0,0.9853355543216452
compound,I-RiskGovernor-unfiltered,11079,0.1265948453493988,0.2194653732392106,0.232744120679216,0.0,0.0,0.0,0.0,0.0,0.0,0.0,0.9626243940606702
compound,I-RiskGovernor-unfiltered,11080,0.1180144073247859,0.2057518175091905,0.2209529222282749,0.0,0.0,0.0,0.0,0.0,0.0,0.0,0.9637618017711544
compound,I-RiskGovernor-unfiltered,11081,0.1263262390551802,0.1801846935395678,0.1861744638377332,0.0,0.0,0.0,0.0,0.0,0.0,0.0,0.971969496652998
compound,I-RiskGovernor-unfiltered,11082,0.1288284575595971,0.1895272954217557,0.200591488833683,0.0,0.0,0.0,0.0,0.0,0.0,0.0,0.9755123271585894
compound,I-RiskGovernor-unfiltered,11083,0.1331945989119975,0.2131773305557534,0.2213227547299946,0.0,0.0,0.0,0.0,0.0,0.0,0.0,0.9507603965132402
compound,I-RiskGovernor-unfiltered,11084,0.1030760235549192,0.1719621216661015,0.1738500601899992,0.0,0.0,0.0,0.0,0.0,0.0,0.0,0.9702448451431206
compound,I-RiskGovernor-unfiltered,11085,0.1134138634030376,0.1699133062613982,0.1777514433749473,0.0,0.0,0.0,0.0,0.0,0.0,0.0,0.9867462248385912
compound,I-RiskGovernor-unfiltered,11086,0.1181466922273722,0.1957843235931698,0.2069827793098427,0.0,0.0,0.0,0.0,0.0,0.0,0.0,0.9720263545277816
compound,I-RiskGovernor-unfiltered,11087,0.1302277320225444,0.2117145169636008,0.2251248256117927,0.0,0.0,0.0,0.0,0.0,0.0,0.0,0.9716036738975472
compound,I-RiskGovernor-unfiltered,11088,0.1143427526199619,0.2004243399403966,0.2115989605837904,0.0,0.0,0.0,0.0,0.0,0.0,0.0,0.9865092688406694
compound,I-RiskGovernor-unfiltered,11089,0.0942903088370625,0.1282199492286215,0.1343003217072197,0.0,0.0,0.0,0.0,0.0,0.0,0.0,0.989123808182226
compound,I-RiskGovernor-unfiltered,11090,0.1131225839408676,0.1876184717559236,0.2017878655144414,0.0,0.0,0.0,0.0,0.0,0.0,0.0,0.9735981277502112
compound,I-RiskGovernor-unfiltered,11091,0.1112368931116702,0.1497746897551037,0.1555997845690555,0.0,0.0,0.0,0.0,0.0,0.0,0.0,0.9842375185040296
compound,I-RiskGovernor-unfiltered,11092,0.0979398084765647,0.130087146181073,0.1336057518235684,0.0,0.0,0.0,0.0,0.0,0.0,0.0,0.9897615289784824
compound,I-RiskGovernor-unfiltered,11093,0.1222675179920349,0.1867426451161275,0.1993486879239792,0.0,0.0,0.0,0.0,0.0,0.0,0.0,0.9555211315444888
compound,I-RiskGovernor-unfiltered,11094,0.0867091952214512,0.1204987909339276,0.1230969229127978,0.0,0.0,0.0,0.0,0.0,0.0,0.0,0.9856579252626848
compound,I-RiskGovernor-unfiltered,11095,0.1066882943658786,0.1927630167617462,0.2042553678992191,0.0,0.0,0.0,0.0,0.0,0.0,0.0,0.9667063207226992
compound,I-RiskGovernor-unfiltered,11096,0.0908414277785624,0.1465168342958757,0.1519264703034108,0.0,0.0,0.0,0.0,0.0,0.0,0.0,0.9726922574559724
compound,I-RiskGovernor-unfiltered,11097,0.1296583038206688,0.1881684433253288,0.1902700141367359,0.0,0.0,0.0,0.0,0.0,0.0,0.0,0.96523284545176
compound,I-RiskGovernor-unfiltered,11098,0.1011664571906204,0.1908563420883201,0.1989762930520443,0.0,0.0,0.0,0.0,0.0,0.0,0.0,0.9847921754935758
compound,I-RiskGovernor-unfiltered,11099,0.0988073597987783,0.141017872473652,0.148411769154328,0.0,0.0,0.0,0.0,0.0,0.0,0.0,0.9787337994016372
compound,J-PredictiveProjection,11000,0.1187213106079125,0.2181413911104487,0.2331052111074151,0.0,0.0,0.0,0.0,0.0,0.0,0.0,0.9859054319852376
compound,J-PredictiveProjection,11001,0.0987663196975444,0.1731651276090204,0.1856512772980144,0.0,0.0,0.0,0.0,0.0,0.0,0.0,0.9760544792660956
compound,J-PredictiveProjection,11002,0.1244868642483939,0.2191795026051886,0.225549842971535,0.0,0.0,0.0,0.0,0.0,0.0,0.0,0.960580325355357
compound,J-PredictiveProjection,11003,0.1196155571106846,0.2250816227686927,0.237636078927925,0.0,0.0,0.0,0.0,0.0,0.0,0.0,0.947196210955332
compound,J-PredictiveProjection,11004,0.0967987581638262,0.155655493456185,0.1586943277651287,0.0,0.0,0.0,0.0,0.0,0.0,0.0,0.9835059685323853
compound,J-PredictiveProjection,11005,0.1026700331025391,0.1810915319744382,0.1949897287013814,0.0,0.0,0.0,0.0,0.0,0.0,0.0,0.972317735766502
compound,J-PredictiveProjection,11006,0.104586134131098,0.1478762895590154,0.152065311716746,0.0,0.0,0.0,0.0,0.0,0.0,0.0,0.989224381816145
compound,J-PredictiveProjection,11007,0.1153450007443443,0.2078237706910721,0.219787805112465,0.0,0.0,0.0,0.0,0.0,0.0,0.0,0.9654260958512711
compound,J-PredictiveProjection,11008,0.1108215967745599,0.1747848103962614,0.1801282779932471,0.0,0.0,0.0,0.0,0.0,0.0,0.0,0.9773937148774448
compound,J-PredictiveProjection,11009,0.1087467536494482,0.168743802228493,0.1777661270516205,0.0,0.0,0.0,0.0,0.0,0.0,0.0,0.9797777101054082
compound,J-PredictiveProjection,11010,0.0911618119045967,0.1242218797992831,0.1324559509155658,0.0,0.0,0.0,0.0,0.0,0.0,0.0,0.9873887884475436
compound,J-PredictiveProjection,11011,0.1095593843438988,0.1975397812600921,0.2083510036267657,0.0,0.0,0.0,0.0,0.0,0.0,0.0,0.9737134395120844
compound,J-PredictiveProjection,11012,0.1221586982186971,0.2173203391281868,0.2336160767472806,0.0,0.0,0.0,0.0,0.0,0.0,0.0,0.9690857180257892
compound,J-PredictiveProjection,11013,0.097801394413835,0.1444292903970016,0.153187372367077,0.0,0.0,0.0,0.0,0.0,0.0,0.0,0.9904932929776754
compound,J-PredictiveProjection,11014,0.1265525976503488,0.2154298642457885,0.2329082322179397,0.0,0.0,0.0,0.0,0.0,0.0,0.0,0.9650753512817576
compound,J-PredictiveProjection,11015,0.1132699056206094,0.1911049602693032,0.2005590550794936,0.0,0.0,0.0,0.0,0.0,0.0,0.0,0.966684840126342
compound,J-PredictiveProjection,11016,0.1069340068059168,0.2162932402508198,0.2324888865994192,0.0,0.0,0.0,0.0,0.0,0.0,0.0,0.9621245919553014
compound,J-PredictiveProjection,11017,0.1178477982215717,0.2157214244468124,0.2318599600465437,0.0,0.0,0.0,0.0,0.0,0.0,0.0,0.980125838761198
compound,J-PredictiveProjection,11018,0.1134443197597938,0.2016763005849969,0.2101645381537891,0.0,0.0,0.0,0.0,0.0,0.0,0.0,0.9770902696845956
compound,J-PredictiveProjection,11019,0.0697284609317692,0.1057183483623033,0.1100292910484188,0.0,0.0,0.0,0.0,0.0,0.0,0.0,0.9847163723510988
compound,J-PredictiveProjection,11020,0.1099691855908445,0.1574465475248738,0.1628303813246939,0.0,0.0,0.0,0.0,0.0,0.0,0.0,0.971424687679534
compound,J-PredictiveProjection,11021,0.1433493852446452,0.2519484544186589,0.2672802228402069,0.0,0.0,0.0,0.0,0.0,0.0,0.0,0.9485109390718696
compound,J-PredictiveProjection,11022,0.1278413403014121,0.2152877379269993,0.2289015257009926,0.0,0.0,0.0,0.0,0.0,0.0,0.0,0.9601815968827077
compound,J-PredictiveProjection,11023,0.071033768030548,0.1086339062016082,0.1119781140560098,0.0,0.0,0.0,0.0,0.0,0.0,0.0,0.9835182381545752
compound,J-PredictiveProjection,11024,0.1100743039843996,0.1632970840494524,0.1791822455063387,0.0,0.0,0.0,0.0,0.0,0.0,0.0,0.9794865957226024
compound,J-PredictiveProjection,11025,0.1305600157701819,0.2372412866220019,0.2584208098307712,0.0,0.0,0.0,0.0,0.0,0.0,0.0,0.9726358573248846
compound,J-PredictiveProjection,11026,0.1273824639365615,0.2015422243377858,0.2191296465952439,0.0,0.0,0.0,0.0,0.0,0.0,0.0,0.968215830253468
compound,J-PredictiveProjection,11027,0.1093186872851496,0.1651217758331941,0.1760342785661122,0.0,0.0,0.0,0.0,0.0,0.0,0.0,0.9729315454975648
compound,J-PredictiveProjection,11028,0.0914334674918495,0.1519379704457223,0.1569639175492983,0.0,0.0,0.0,0.0,0.0,0.0,0.0,0.9763125637222516
compound,J-PredictiveProjection,11029,0.0889590411287037,0.1444519171855834,0.1575247971487097,0.0,0.0,0.0,0.0,0.0,0.0,0.0,0.989312182906693
compound,J-PredictiveProjection,11030,0.089865126506971,0.1323895693835148,0.1388188596536076,0.0,0.0,0.0,0.0,0.0,0.0,0.0,0.9971381007978556
compound,J-PredictiveProjection,11031,0.1287323673438433,0.217284731150846,0.225939076078239,0.0,0.0,0.0,0.0,0.0,0.0,0.0,0.9804187868021051
compound,J-PredictiveProjection,11032,0.1067734771628406,0.1518423665234494,0.1571739837563948,0.0,0.0,0.0,0.0,0.0,0.0,0.0,0.9836472447324228
compound,J-PredictiveProjection,11033,0.066987985381672,0.0861403297118452,0.1016905534975397,0.0,0.0,0.0,0.0,0.0,0.0,0.0,0.989008628387933
compound,J-PredictiveProjection,11034,0.1033569726589132,0.169376182718647,0.1739061707947235,0.0,0.0,0.0,0.0,0.0,0.0,0.0,0.9744389256073666
compound,J-PredictiveProjection,11035,0.0951679241330419,0.1320029552839091,0.1404185920572294,0.0,0.0,0.0,0.0,0.0,0.0,0.0,0.9944831169484468
compound,J-PredictiveProjection,11036,0.1109266596316938,0.1785758070315203,0.1848789556788558,0.0,0.0,0.0,0.0,0.0,0.0,0.0,0.9739346732520976
compound,J-PredictiveProjection,11037,0.1348590536464821,0.2255528867487113,0.2302677410753233,0.0,0.0,0.0,0.0,0.0,0.0,0.0,0.9482624532153467
compound,J-PredictiveProjection,11038,0.1034445301032924,0.1526347536327997,0.1591785959916514,0.0,0.0,0.0,0.0,0.0,0.0,0.0,0.9867639375656684
compound,J-PredictiveProjection,11039,0.1096214900166789,0.1687645068333993,0.1753510637192797,0.0,0.0,0.0,0.0,0.0,0.0,0.0,0.9851418274668172
compound,J-PredictiveProjection,11040,0.0998451038571146,0.1465917078112962,0.1546245731620717,0.0,0.0,0.0,0.0,0.0,0.0,0.0,0.9788582435600856
compound,J-PredictiveProjection,11041,0.1258608019424172,0.1998746128811173,0.217818983736205,0.0,0.0,0.0,0.0,0.0,0.0,0.0,0.9741369697111284
compound,J-PredictiveProjection,11042,0.1187636215374722,0.1736077544467276,0.1887357646703121,0.0,0.0,0.0,0.0,0.0,0.0,0.0,0.966176042847601
compound,J-PredictiveProjection,11043,0.1212695674847028,0.1707198074292115,0.1773411571319725,0.0,0.0,0.0,0.0,0.0,0.0,0.0,0.9809245581889324
compound,J-PredictiveProjection,11044,0.1113357406424883,0.2421420632571052,0.2548074869211245,0.0,0.0,0.0,0.0,0.0,0.0,0.0,0.9684433676738036
compound,J-PredictiveProjection,11045,0.1144800925934581,0.1704947060361754,0.1819854564297182,0.0,0.0,0.0,0.0,0.0,0.0,0.0,0.9753619736844475
compound,J-PredictiveProjection,11046,0.1282017465569286,0.2429457624479486,0.2571710277161641,0.0,0.0,0.0,0.0,0.0,0.0,0.0,0.938357496581094
compound,J-PredictiveProjection,11047,0.1017997512504284,0.183883867034578,0.1930039494180832,0.0,0.0,0.0,0.0,0.0,0.0,0.0,0.9815552552018616
compound,J-PredictiveProjection,11048,0.073489991812907,0.1148378288960758,0.1194886147115119,0.0,0.0,0.0,0.0,0.0,0.0,0.0,0.98574193411489
compound,J-PredictiveProjection,11049,0.0896380453870675,0.1423686808291577,0.152841765787582,0.0,0.0,0.0,0.0,0.0,0.0,0.0,0.9832653012869116
compound,J-PredictiveProjection,11050,0.1299324572744752,0.2239401667155035,0.2405610343449772,0.0,0.0,0.0,0.0,0.0,0.0,0.0,0.9630459562887652
compound,J-PredictiveProjection,11051,0.1063653840429716,0.1736799969167523,0.1864002152734909,0.0,0.0,0.0,0.0,0.0,0.0,0.0,0.9909449716172524
compound,J-PredictiveProjection,11052,0.0922052015345672,0.1490701144749374,0.1611985192878694,0.0,0.0,0.0,0.0,0.0,0.0,0.0,0.9689129637637416
compound,J-PredictiveProjection,11053,0.1290076225729133,0.2201058115378128,0.2244848315123649,0.0,0.0,0.0,0.0,0.0,0.0,0.0,0.9634246088058028
compound,J-PredictiveProjection,11054,0.1086740202624695,0.1390873751088474,0.1462536741981835,0.0,0.0,0.0,0.0,0.0,0.0,0.0,0.986722609962097
compound,J-PredictiveProjection,11055,0.0985535090899622,0.1644422473451579,0.1759623192718856,0.0,0.0,0.0,0.0,0.0,0.0,0.0,0.9845190385476318
compound,J-PredictiveProjection,11056,0.1217211334010061,0.1960094603029392,0.2010768828082109,0.0,0.0,0.0,0.0,0.0,0.0,0.0,0.9677096917305884
compound,J-PredictiveProjection,11057,0.1281951248486023,0.2020331108841671,0.212440673015712,0.0,0.0,0.0,0.0,0.0,0.0,0.0,0.9687456793220028
compound,J-PredictiveProjection,11058,0.1128856970506008,0.2188084833498948,0.2373146880037569,0.0,0.0,0.0,0.0,0.0,0.0,0.0,0.9802729933015154
compound,J-PredictiveProjection,11059,0.1229512927568607,0.1927243944896799,0.2013020865970876,0.0,0.0,0.0,0.0,0.0,0.0,0.0,0.9704796399823248
compound,J-PredictiveProjection,11060,0.0954047040377515,0.175110929167029,0.1858445663277173,0.0,0.0,0.0,0.0,0.0,0.0,0.0,0.9913267806923832
compound,J-PredictiveProjection,11061,0.1001917304036663,0.1755587857821417,0.1853646634523151,0.0,0.0,0.0,0.0,0.0,0.0,0.0,0.9811813504828556
compound,J-PredictiveProjection,11062,0.1292572518758381,0.2429734781499831,0.2590560362867347,0.0,0.0,0.0,0.0,0.0,0.0,0.0,0.9639188341577172
compound,J-PredictiveProjection,11063,0.1155836564768375,0.2217356104587358,0.236725374410174,0.0,0.0,0.0,0.0,0.0,0.0,0.0,0.9677975952736196
compound,J-PredictiveProjection,11064,0.0997504071711969,0.1492385805204483,0.1603150439426578,0.0,0.0,0.0,0.0,0.0,0.0,0.0,0.9940264244018376
compound,J-PredictiveProjection,11065,0.0894237165525819,0.125896659832125,0.1347742728074362,0.0,0.0,0.0,0.0,0.0,0.0,0.0,0.9812073664335472
compound,J-PredictiveProjection,11066,0.0912852464964224,0.1592145557817472,0.1723947309315352,0.0,0.0,0.0,0.0,0.0,0.0,0.0,0.9832899805248896
compound,J-PredictiveProjection,11067,0.0920048903783401,0.1396176683347876,0.1469821955919175,0.0,0.0,0.0,0.0,0.0,0.0,0.0,0.9771316913957973
compound,J-PredictiveProjection,11068,0.1158093028021162,0.2100913039947734,0.2258843004361264,0.0,0.0,0.0,0.0,0.0,0.0,0.0,0.9564482692606164
compound,J-PredictiveProjection,11069,0.1324065578307166,0.2330734187700179,0.237985116477383,0.0,0.0,0.0,0.0,0.0,0.0,0.0,0.9550525240166656
compound,J-PredictiveProjection,11070,0.1074685084600302,0.1835926251505788,0.1920598683217004,0.0,0.0,0.0,0.0,0.0,0.0,0.0,0.9867782162002768
compound,J-PredictiveProjection,11071,0.0710506101546811,0.0902221630343813,0.0959785370458068,0.0,0.0,0.0,0.0,0.0,0.0,0.0,0.9757089764011048
compound,J-PredictiveProjection,11072,0.111857122832632,0.1975233468476658,0.2057886683879682,0.0,0.0,0.0,0.0,0.0,0.0,0.0,0.9793439750377916
compound,J-PredictiveProjection,11073,0.0718921333505183,0.1013494510119096,0.107300589606372,0.0,0.0,0.0,0.0,0.0,0.0,0.0,0.9841410246509796
compound,J-PredictiveProjection,11074,0.1156510757549833,0.1695114349916806,0.1739574277899703,0.0,0.0,0.0,0.0,0.0,0.0,0.0,0.9735884946607852
compound,J-PredictiveProjection,11075,0.104683626635821,0.1798733759235864,0.1865539711908005,0.0,0.0,0.0,0.0,0.0,0.0,0.0,0.9756293527223304
compound,J-PredictiveProjection,11076,0.0992764049397436,0.1588103839643687,0.1678191473726455,0.0,0.0,0.0,0.0,0.0,0.0,0.0,0.9867861730434264
compound,J-PredictiveProjection,11077,0.100738978924867,0.179420565104241,0.1929044303233485,0.0,0.0,0.0,0.0,0.0,0.0,0.0,0.9741776039428856
compound,J-PredictiveProjection,11078,0.0888927686937819,0.1175083510079927,0.123499700489981,0.0,0.0,0.0,0.0,0.0,0.0,0.0,0.9853355543216452
compound,J-PredictiveProjection,11079,0.1265948453493988,0.2194653732392106,0.232744120679216,0.0,0.0,0.0,0.0,0.0,0.0,0.0,0.9626243940606702
compound,J-PredictiveProjection,11080,0.1180144073247859,0.2057518175091905,0.2209529222282749,0.0,0.0,0.0,0.0,0.0,0.0,0.0,0.9637618017711544
compound,J-PredictiveProjection,11081,0.1263262390551802,0.1801846935395678,0.1861744638377332,0.0,0.0,0.0,0.0,0.0,0.0,0.0,0.971969496652998
compound,J-PredictiveProjection,11082,0.1288284575595971,0.1895272954217557,0.200591488833683,0.0,0.0,0.0,0.0,0.0,0.0,0.0,0.9755123271585894
compound,J-PredictiveProjection,11083,0.1331945989119975,0.2131773305557534,0.2213227547299946,0.0,0.0,0.0,0.0,0.0,0.0,0.0,0.9507603965132402
compound,J-PredictiveProjection,11084,0.1030760235549192,0.1719621216661015,0.1738500601899992,0.0,0.0,0.0,0.0,0.0,0.0,0.0,0.9702448451431206
compound,J-PredictiveProjection,11085,0.1134138634030376,0.1699133062613982,0.1777514433749473,0.0,0.0,0.0,0.0,0.0,0.0,0.0,0.9867462248385912
compound,J-PredictiveProjection,11086,0.1181466922273722,0.1957843235931698,0.2069827793098427,0.0,0.0,0.0,0.0,0.0,0.0,0.0,0.9720263545277816
compound,J-PredictiveProjection,11087,0.1302277320225444,0.2117145169636008,0.2251248256117927,0.0,0.0,0.0,0.0,0.0,0.0,0.0,0.9716036738975472
compound,J-PredictiveProjection,11088,0.1143427526199619,0.2004243399403966,0.2115989605837904,0.0,0.0,0.0,0.0,0.0,0.0,0.0,0.9865092688406694
compound,J-PredictiveProjection,11089,0.0942903088370625,0.1282199492286215,0.1343003217072197,0.0,0.0,0.0,0.0,0.0,0.0,0.0,0.989123808182226
compound,J-PredictiveProjection,11090,0.1131225839408676,0.1876184717559236,0.2017878655144414,0.0,0.0,0.0,0.0,0.0,0.0,0.0,0.9735981277502112
compound,J-PredictiveProjection,11091,0.1112368931116702,0.1497746897551037,0.1555997845690555,0.0,0.0,0.0,0.0,0.0,0.0,0.0,0.9842375185040296
compound,J-PredictiveProjection,11092,0.0979398084765647,0.130087146181073,0.1336057518235684,0.0,0.0,0.0,0.0,0.0,0.0,0.0,0.9897615289784824
compound,J-PredictiveProjection,11093,0.1222675179920349,0.1867426451161275,0.1993486879239792,0.0,0.0,0.0,0.0,0.0,0.0,0.0,0.9555211315444888
compound,J-PredictiveProjection,11094,0.0867091952214512,0.1204987909339276,0.1230969229127978,0.0,0.0,0.0,0.0,0.0,0.0,0.0,0.9856579252626848
compound,J-PredictiveProjection,11095,0.1066882943658786,0.1927630167617462,0.2042553678992191,0.0,0.0,0.0,0.0,0.0,0.0,0.0,0.9667063207226992
compound,J-PredictiveProjection,11096,0.0908414277785624,0.1465168342958757,0.1519264703034108,0.0,0.0,0.0,0.0,0.0,0.0,0.0,0.9726922574559724
compound,J-PredictiveProjection,11097,0.1296583038206688,0.1881684433253288,0.1902700141367359,0.0,0.0,0.0,0.0,0.0,0.0,0.0,0.96523284545176
compound,J-PredictiveProjection,11098,0.1011664571906204,0.1908563420883201,0.1989762930520443,0.0,0.0,0.0,0.0,0.0,0.0,0.0,0.9847921754935758
compound,J-PredictiveProjection,11099,0.0988073597987783,0.141017872473652,0.148411769154328,0.0,0.0,0.0,0.0,0.0,0.0,0.0,0.9787337994016372
compound,K-RobustHOCBF-Filter,11000,0.1187213106079125,0.2181413911104487,0.2331052111074151,0.0,0.0,0.0,0.0,0.0,0.0,0.0,0.9859054319852376
compound,K-RobustHOCBF-Filter,11001,0.0987663196975444,0.1731651276090204,0.1856512772980144,0.0,0.0,0.0,0.0,0.0,0.0,0.0,0.9760544792660956
compound,K-RobustHOCBF-Filter,11002,0.1244868642483939,0.2191795026051886,0.225549842971535,0.0,0.0,0.0,0.0,0.0,0.0,0.0,0.960580325355357
compound,K-RobustHOCBF-Filter,11003,0.1196155571106846,0.2250816227686927,0.237636078927925,0.0,0.0,0.0,0.0,0.0,0.0,0.0,0.947196210955332
compound,K-RobustHOCBF-Filter,11004,0.0967987581638262,0.155655493456185,0.1586943277651287,0.0,0.0,0.0,0.0,0.0,0.0,0.0,0.9835059685323853
compound,K-RobustHOCBF-Filter,11005,0.1026700331025391,0.1810915319744382,0.1949897287013814,0.0,0.0,0.0,0.0,0.0,0.0,0.0,0.972317735766502
compound,K-RobustHOCBF-Filter,11006,0.104586134131098,0.1478762895590154,0.152065311716746,0.0,0.0,0.0,0.0,0.0,0.0,0.0,0.989224381816145
compound,K-RobustHOCBF-Filter,11007,0.1153450007443443,0.2078237706910721,0.219787805112465,0.0,0.0,0.0,0.0,0.0,0.0,0.0,0.9654260958512711
compound,K-RobustHOCBF-Filter,11008,0.1108215967745599,0.1747848103962614,0.1801282779932471,0.0,0.0,0.0,0.0,0.0,0.0,0.0,0.9773937148774448
compound,K-RobustHOCBF-Filter,11009,0.1087467536494482,0.168743802228493,0.1777661270516205,0.0,0.0,0.0,0.0,0.0,0.0,0.0,0.9797777101054082
compound,K-RobustHOCBF-Filter,11010,0.0911618119045967,0.1242218797992831,0.1324559509155658,0.0,0.0,0.0,0.0,0.0,0.0,0.0,0.9873887884475436
compound,K-RobustHOCBF-Filter,11011,0.1095593843438988,0.1975397812600921,0.2083510036267657,0.0,0.0,0.0,0.0,0.0,0.0,0.0,0.9737134395120844
compound,K-RobustHOCBF-Filter,11012,0.1221586982186971,0.2173203391281868,0.2336160767472806,0.0,0.0,0.0,0.0,0.0,0.0,0.0,0.9690857180257892
compound,K-RobustHOCBF-Filter,11013,0.097801394413835,0.1444292903970016,0.153187372367077,0.0,0.0,0.0,0.0,0.0,0.0,0.0,0.9904932929776754
compound,K-RobustHOCBF-Filter,11014,0.1265525976503488,0.2154298642457885,0.2329082322179397,0.0,0.0,0.0,0.0,0.0,0.0,0.0,0.9650753512817576
compound,K-RobustHOCBF-Filter,11015,0.1132699056206094,0.1911049602693032,0.2005590550794936,0.0,0.0,0.0,0.0,0.0,0.0,0.0,0.966684840126342
compound,K-RobustHOCBF-Filter,11016,0.1069340068059168,0.2162932402508198,0.2324888865994192,0.0,0.0,0.0,0.0,0.0,0.0,0.0,0.9621245919553014
compound,K-RobustHOCBF-Filter,11017,0.1178477982215717,0.2157214244468124,0.2318599600465437,0.0,0.0,0.0,0.0,0.0,0.0,0.0,0.980125838761198
compound,K-RobustHOCBF-Filter,11018,0.1134443197597938,0.2016763005849969,0.2101645381537891,0.0,0.0,0.0,0.0,0.0,0.0,0.0,0.9770902696845956
compound,K-RobustHOCBF-Filter,11019,0.0697284609317692,0.1057183483623033,0.1100292910484188,0.0,0.0,0.0,0.0,0.0,0.0,0.0,0.9847163723510988
compound,K-RobustHOCBF-Filter,11020,0.1099691855908445,0.1574465475248738,0.1628303813246939,0.0,0.0,0.0,0.0,0.0,0.0,0.0,0.971424687679534
compound,K-RobustHOCBF-Filter,11021,0.1433493852446452,0.2519484544186589,0.2672802228402069,0.0,0.0,0.0,0.0,0.0,0.0,0.0,0.9485109390718696
compound,K-RobustHOCBF-Filter,11022,0.1278413403014121,0.2152877379269993,0.2289015257009926,0.0,0.0,0.0,0.0,0.0,0.0,0.0,0.9601815968827077
compound,K-RobustHOCBF-Filter,11023,0.071033768030548,0.1086339062016082,0.1119781140560098,0.0,0.0,0.0,0.0,0.0,0.0,0.0,0.9835182381545752
compound,K-RobustHOCBF-Filter,11024,0.1100743039843996,0.1632970840494524,0.1791822455063387,0.0,0.0,0.0,0.0,0.0,0.0,0.0,0.9794865957226024
compound,K-RobustHOCBF-Filter,11025,0.1305600157701819,0.2372412866220019,0.2584208098307712,0.0,0.0,0.0,0.0,0.0,0.0,0.0,0.9726358573248846
compound,K-RobustHOCBF-Filter,11026,0.1273824639365615,0.2015422243377858,0.2191296465952439,0.0,0.0,0.0,0.0,0.0,0.0,0.0,0.968215830253468
compound,K-RobustHOCBF-Filter,11027,0.1093186872851496,0.1651217758331941,0.1760342785661122,0.0,0.0,0.0,0.0,0.0,0.0,0.0,0.9729315454975648
compound,K-RobustHOCBF-Filter,11028,0.0914334674918495,0.1519379704457223,0.1569639175492983,0.0,0.0,0.0,0.0,0.0,0.0,0.0,0.9763125637222516
compound,K-RobustHOCBF-Filter,11029,0.0889590411287037,0.1444519171855834,0.1575247971487097,0.0,0.0,0.0,0.0,0.0,0.0,0.0,0.989312182906693
compound,K-RobustHOCBF-Filter,11030,0.089865126506971,0.1323895693835148,0.1388188596536076,0.0,0.0,0.0,0.0,0.0,0.0,0.0,0.9971381007978556
compound,K-RobustHOCBF-Filter,11031,0.1287323673438433,0.217284731150846,0.225939076078239,0.0,0.0,0.0,0.0,0.0,0.0,0.0,0.9804187868021051
compound,K-RobustHOCBF-Filter,11032,0.1067734771628406,0.1518423665234494,0.1571739837563948,0.0,0.0,0.0,0.0,0.0,0.0,0.0,0.9836472447324228
compound,K-RobustHOCBF-Filter,11033,0.066987985381672,0.0861403297118452,0.1016905534975397,0.0,0.0,0.0,0.0,0.0,0.0,0.0,0.989008628387933
compound,K-RobustHOCBF-Filter,11034,0.1033569726589132,0.169376182718647,0.1739061707947235,0.0,0.0,0.0,0.0,0.0,0.0,0.0,0.9744389256073666
compound,K-RobustHOCBF-Filter,11035,0.0951679241330419,0.1320029552839091,0.1404185920572294,0.0,0.0,0.0,0.0,0.0,0.0,0.0,0.9944831169484468
compound,K-RobustHOCBF-Filter,11036,0.1109266596316938,0.1785758070315203,0.1848789556788558,0.0,0.0,0.0,0.0,0.0,0.0,0.0,0.9739346732520976
compound,K-RobustHOCBF-Filter,11037,0.1348590536464821,0.2255528867487113,0.2302677410753233,0.0,0.0,0.0,0.0,0.0,0.0,0.0,0.9482624532153467
compound,K-RobustHOCBF-Filter,11038,0.1034445301032924,0.1526347536327997,0.1591785959916514,0.0,0.0,0.0,0.0,0.0,0.0,0.0,0.9867639375656684
compound,K-RobustHOCBF-Filter,11039,0.1096214900166789,0.1687645068333993,0.1753510637192797,0.0,0.0,0.0,0.0,0.0,0.0,0.0,0.9851418274668172
compound,K-RobustHOCBF-Filter,11040,0.0998451038571146,0.1465917078112962,0.1546245731620717,0.0,0.0,0.0,0.0,0.0,0.0,0.0,0.9788582435600856
compound,K-RobustHOCBF-Filter,11041,0.1258608019424172,0.1998746128811173,0.217818983736205,0.0,0.0,0.0,0.0,0.0,0.0,0.0,0.9741369697111284
compound,K-RobustHOCBF-Filter,11042,0.1187636215374722,0.1736077544467276,0.1887357646703121,0.0,0.0,0.0,0.0,0.0,0.0,0.0,0.966176042847601
compound,K-RobustHOCBF-Filter,11043,0.1212695674847028,0.1707198074292115,0.1773411571319725,0.0,0.0,0.0,0.0,0.0,0.0,0.0,0.9809245581889324
compound,K-RobustHOCBF-Filter,11044,0.1113357406424883,0.2421420632571052,0.2548074869211245,0.0,0.0,0.0,0.0,0.0,0.0,0.0,0.9684433676738036
compound,K-RobustHOCBF-Filter,11045,0.1144800925934581,0.1704947060361754,0.1819854564297182,0.0,0.0,0.0,0.0,0.0,0.0,0.0,0.9753619736844475
compound,K-RobustHOCBF-Filter,11046,0.1282017465569286,0.2429457624479486,0.2571710277161641,0.0,0.0,0.0,0.0,0.0,0.0,0.0,0.938357496581094
compound,K-RobustHOCBF-Filter,11047,0.1017997512504284,0.183883867034578,0.1930039494180832,0.0,0.0,0.0,0.0,0.0,0.0,0.0,0.9815552552018616
compound,K-RobustHOCBF-Filter,11048,0.073489991812907,0.1148378288960758,0.1194886147115119,0.0,0.0,0.0,0.0,0.0,0.0,0.0,0.98574193411489
compound,K-RobustHOCBF-Filter,11049,0.0896380453870675,0.1423686808291577,0.152841765787582,0.0,0.0,0.0,0.0,0.0,0.0,0.0,0.9832653012869116
compound,K-RobustHOCBF-Filter,11050,0.1299324572744752,0.2239401667155035,0.2405610343449772,0.0,0.0,0.0,0.0,0.0,0.0,0.0,0.9630459562887652
compound,K-RobustHOCBF-Filter,11051,0.1063653840429716,0.1736799969167523,0.1864002152734909,0.0,0.0,0.0,0.0,0.0,0.0,0.0,0.9909449716172524
compound,K-RobustHOCBF-Filter,11052,0.0922052015345672,0.1490701144749374,0.1611985192878694,0.0,0.0,0.0,0.0,0.0,0.0,0.0,0.9689129637637416
compound,K-RobustHOCBF-Filter,11053,0.1290076225729133,0.2201058115378128,0.2244848315123649,0.0,0.0,0.0,0.0,0.0,0.0,0.0,0.9634246088058028
compound,K-RobustHOCBF-Filter,11054,0.1086740202624695,0.1390873751088474,0.1462536741981835,0.0,0.0,0.0,0.0,0.0,0.0,0.0,0.986722609962097
compound,K-RobustHOCBF-Filter,11055,0.0985535090899622,0.1644422473451579,0.1759623192718856,0.0,0.0,0.0,0.0,0.0,0.0,0.0,0.9845190385476318
compound,K-RobustHOCBF-Filter,11056,0.1217211334010061,0.1960094603029392,0.2010768828082109,0.0,0.0,0.0,0.0,0.0,0.0,0.0,0.9677096917305884
compound,K-RobustHOCBF-Filter,11057,0.1281951248486023,0.2020331108841671,0.212440673015712,0.0,0.0,0.0,0.0,0.0,0.0,0.0,0.9687456793220028
compound,K-RobustHOCBF-Filter,11058,0.1128856970506008,0.2188084833498948,0.2373146880037569,0.0,0.0,0.0,0.0,0.0,0.0,0.0,0.9802729933015154
compound,K-RobustHOCBF-Filter,11059,0.1229512927568607,0.1927243944896799,0.2013020865970876,0.0,0.0,0.0,0.0,0.0,0.0,0.0,0.9704796399823248
compound,K-RobustHOCBF-Filter,11060,0.0954047040377515,0.175110929167029,0.1858445663277173,0.0,0.0,0.0,0.0,0.0,0.0,0.0,0.9913267806923832
compound,K-RobustHOCBF-Filter,11061,0.1001917304036663,0.1755587857821417,0.1853646634523151,0.0,0.0,0.0,0.0,0.0,0.0,0.0,0.9811813504828556
compound,K-RobustHOCBF-Filter,11062,0.1292572518758381,0.2429734781499831,0.2590560362867347,0.0,0.0,0.0,0.0,0.0,0.0,0.0,0.9639188341577172
compound,K-RobustHOCBF-Filter,11063,0.1155836564768375,0.2217356104587358,0.236725374410174,0.0,0.0,0.0,0.0,0.0,0.0,0.0,0.9677975952736196
compound,K-RobustHOCBF-Filter,11064,0.0997504071711969,0.1492385805204483,0.1603150439426578,0.0,0.0,0.0,0.0,0.0,0.0,0.0,0.9940264244018376
compound,K-RobustHOCBF-Filter,11065,0.0894237165525819,0.125896659832125,0.1347742728074362,0.0,0.0,0.0,0.0,0.0,0.0,0.0,0.9812073664335472
compound,K-RobustHOCBF-Filter,11066,0.0912852464964224,0.1592145557817472,0.1723947309315352,0.0,0.0,0.0,0.0,0.0,0.0,0.0,0.9832899805248896
compound,K-RobustHOCBF-Filter,11067,0.0920048903783401,0.1396176683347876,0.1469821955919175,0.0,0.0,0.0,0.0,0.0,0.0,0.0,0.9771316913957973
compound,K-RobustHOCBF-Filter,11068,0.1158093028021162,0.2100913039947734,0.2258843004361264,0.0,0.0,0.0,0.0,0.0,0.0,0.0,0.9564482692606164
compound,K-RobustHOCBF-Filter,11069,0.1324065578307166,0.2330734187700179,0.237985116477383,0.0,0.0,0.0,0.0,0.0,0.0,0.0,0.9550525240166656
compound,K-RobustHOCBF-Filter,11070,0.1074685084600302,0.1835926251505788,0.1920598683217004,0.0,0.0,0.0,0.0,0.0,0.0,0.0,0.9867782162002768
compound,K-RobustHOCBF-Filter,11071,0.0710506101546811,0.0902221630343813,0.0959785370458068,0.0,0.0,0.0,0.0,0.0,0.0,0.0,0.9757089764011048
compound,K-RobustHOCBF-Filter,11072,0.111857122832632,0.1975233468476658,0.2057886683879682,0.0,0.0,0.0,0.0,0.0,0.0,0.0,0.9793439750377916
compound,K-RobustHOCBF-Filter,11073,0.0718921333505183,0.1013494510119096,0.107300589606372,0.0,0.0,0.0,0.0,0.0,0.0,0.0,0.9841410246509796
compound,K-RobustHOCBF-Filter,11074,0.1156510757549833,0.1695114349916806,0.1739574277899703,0.0,0.0,0.0,0.0,0.0,0.0,0.0,0.9735884946607852
compound,K-RobustHOCBF-Filter,11075,0.104683626635821,0.1798733759235864,0.1865539711908005,0.0,0.0,0.0,0.0,0.0,0.0,0.0,0.9756293527223304
compound,K-RobustHOCBF-Filter,11076,0.0992764049397436,0.1588103839643687,0.1678191473726455,0.0,0.0,0.0,0.0,0.0,0.0,0.0,0.9867861730434264
compound,K-RobustHOCBF-Filter,11077,0.100738978924867,0.179420565104241,0.1929044303233485,0.0,0.0,0.0,0.0,0.0,0.0,0.0,0.9741776039428856
compound,K-RobustHOCBF-Filter,11078,0.0888927686937819,0.1175083510079927,0.123499700489981,0.0,0.0,0.0,0.0,0.0,0.0,0.0,0.9853355543216452
compound,K-RobustHOCBF-Filter,11079,0.1265948453493988,0.2194653732392106,0.232744120679216,0.0,0.0,0.0,0.0,0.0,0.0,0.0,0.9626243940606702
compound,K-RobustHOCBF-Filter,11080,0.1180144073247859,0.2057518175091905,0.2209529222282749,0.0,0.0,0.0,0.0,0.0,0.0,0.0,0.9637618017711544
compound,K-RobustHOCBF-Filter,11081,0.1263262390551802,0.1801846935395678,0.1861744638377332,0.0,0.0,0.0,0.0,0.0,0.0,0.0,0.971969496652998
compound,K-RobustHOCBF-Filter,11082,0.1288284575595971,0.1895272954217557,0.200591488833683,0.0,0.0,0.0,0.0,0.0,0.0,0.0,0.9755123271585894
compound,K-RobustHOCBF-Filter,11083,0.1331945989119975,0.2131773305557534,0.2213227547299946,0.0,0.0,0.0,0.0,0.0,0.0,0.0,0.9507603965132402
compound,K-RobustHOCBF-Filter,11084,0.1030760235549192,0.1719621216661015,0.1738500601899992,0.0,0.0,0.0,0.0,0.0,0.0,0.0,0.9702448451431206
compound,K-RobustHOCBF-Filter,11085,0.1134138634030376,0.1699133062613982,0.1777514433749473,0.0,0.0,0.0,0.0,0.0,0.0,0.0,0.9867462248385912
compound,K-RobustHOCBF-Filter,11086,0.1181466922273722,0.1957843235931698,0.2069827793098427,0.0,0.0,0.0,0.0,0.0,0.0,0.0,0.9720263545277816
compound,K-RobustHOCBF-Filter,11087,0.1302277320225444,0.2117145169636008,0.2251248256117927,0.0,0.0,0.0,0.0,0.0,0.0,0.0,0.9716036738975472
compound,K-RobustHOCBF-Filter,11088,0.1143427526199619,0.2004243399403966,0.2115989605837904,0.0,0.0,0.0,0.0,0.0,0.0,0.0,0.9865092688406694
compound,K-RobustHOCBF-Filter,11089,0.0942903088370625,0.1282199492286215,0.1343003217072197,0.0,0.0,0.0,0.0,0.0,0.0,0.0,0.989123808182226
compound,K-RobustHOCBF-Filter,11090,0.1131225839408676,0.1876184717559236,0.2017878655144414,0.0,0.0,0.0,0.0,0.0,0.0,0.0,0.9735981277502112
compound,K-RobustHOCBF-Filter,11091,0.1112368931116702,0.1497746897551037,0.1555997845690555,0.0,0.0,0.0,0.0,0.0,0.0,0.0,0.9842375185040296
compound,K-RobustHOCBF-Filter,11092,0.0979398084765647,0.130087146181073,0.1336057518235684,0.0,0.0,0.0,0.0,0.0,0.0,0.0,0.9897615289784824
compound,K-RobustHOCBF-Filter,11093,0.1222675179920349,0.1867426451161275,0.1993486879239792,0.0,0.0,0.0,0.0,0.0,0.0,0.0,0.9555211315444888
compound,K-RobustHOCBF-Filter,11094,0.0867091952214512,0.1204987909339276,0.1230969229127978,0.0,0.0,0.0,0.0,0.0,0.0,0.0,0.9856579252626848
compound,K-RobustHOCBF-Filter,11095,0.1066882943658786,0.1927630167617462,0.2042553678992191,0.0,0.0,0.0,0.0,0.0,0.0,0.0,0.9667063207226992
compound,K-RobustHOCBF-Filter,11096,0.0908414277785624,0.1465168342958757,0.1519264703034108,0.0,0.0,0.0,0.0,0.0,0.0,0.0,0.9726922574559724
compound,K-RobustHOCBF-Filter,11097,0.1296583038206688,0.1881684433253288,0.1902700141367359,0.0,0.0,0.0,0.0,0.0,0.0,0.0,0.96523284545176
compound,K-RobustHOCBF-Filter,11098,0.1011664571906204,0.1908563420883201,0.1989762930520443,0.0,0.0,0.0,0.0,0.0,0.0,0.0,0.9847921754935758
compound,K-RobustHOCBF-Filter,11099,0.0988073597987783,0.141017872473652,0.148411769154328,0.0,0.0,0.0,0.0,0.0,0.0,0.0,0.9787337994016372
payload50,CurrentOnly-AE-CeNN-494,11000,0.041498700725952,0.056090076457812,0.0581210939631661,0.0,0.0,0.0,0.0,0.0,0.0,0.0,0.9999973710505186
payload50,CurrentOnly-AE-CeNN-494,11001,0.0396686378978862,0.0528924636375901,0.0540209378748455,0.0,0.0,0.0,0.0,0.0,0.0,0.0,0.9999855027626596
payload50,CurrentOnly-AE-CeNN-494,11002,0.0286496821951057,0.0389563818213218,0.0400636638004699,0.0,0.0,0.0,0.0,0.0,0.0,0.0,0.9953791866176628
payload50,CurrentOnly-AE-CeNN-494,11003,0.0376669986803064,0.0516013587058794,0.0531868278361165,0.0,0.0,0.0,0.0,0.0,0.0,0.0,0.9999160821856246
payload50,CurrentOnly-AE-CeNN-494,11004,0.027188728000264,0.0372421662998895,0.0379991573054881,0.0,0.0,0.0,0.0,0.0,0.0,0.0,0.9568153417576232
payload50,CurrentOnly-AE-CeNN-494,11005,0.0305403087438381,0.0403804269517868,0.0415788996007737,0.0,0.0,0.0,0.0,0.0,0.0,0.0,0.9977928080317918
payload50,CurrentOnly-AE-CeNN-494,11006,0.0307537527394453,0.0424116784440641,0.0437786402168663,0.0,0.0,0.0,0.0,0.0,0.0,0.0,0.996433442774846
payload50,CurrentOnly-AE-CeNN-494,11007,0.0370816751527034,0.0498538962090526,0.0515654754289691,0.0,0.0,0.0,0.0,0.0,0.0,0.0,0.9999130815940191
payload50,CurrentOnly-AE-CeNN-494,11008,0.0291534522733004,0.0392894025397175,0.0408530474049924,0.0,0.0,0.0,0.0,0.0,0.0,0.0,0.989765021965218
payload50,CurrentOnly-AE-CeNN-494,11009,0.0351418533911403,0.0464549246605594,0.0479247901030157,0.0,0.0,0.0,0.0,0.0,0.0,0.0,0.9995825957058118
payload50,CurrentOnly-AE-CeNN-494,11010,0.0281764423999582,0.0379738427071395,0.0386535320032788,0.0,0.0,0.0,0.0,0.0,0.0,0.0,0.9573991153903826
payload50,CurrentOnly-AE-CeNN-494,11011,0.0278654338143239,0.0396012688800999,0.0401641842268437,0.0,0.0,0.0,0.0,0.0,0.0,0.0,0.969561932019182
payload50,CurrentOnly-AE-CeNN-494,11012,0.0396046937012314,0.0501437086171167,0.0517767070367357,0.0,0.0,0.0,0.0,0.0,0.0,0.0,0.9999532204076584
payload50,CurrentOnly-AE-CeNN-494,11013,0.0285837871545582,0.0391721515984109,0.0405495035736089,0.0,0.0,0.0,0.0,0.0,0.0,0.0,0.9496034489920736
payload50,CurrentOnly-AE-CeNN-494,11014,0.0409574143949483,0.0518313405349231,0.0528076546463659,0.0,0.0,0.0,0.0,0.0,0.0,0.0,0.9999843229655172
payload50,CurrentOnly-AE-CeNN-494,11015,0.0319382895083637,0.0430489579936562,0.0438825296964204,0.0,0.0,0.0,0.0,0.0,0.0,0.0,0.9992118542337748
payload50,CurrentOnly-AE-CeNN-494,11016,0.0330137021613852,0.0442132176152037,0.0449869979730574,0.0,0.0,0.0,0.0,0.0,0.0,0.0,0.998519468832884
payload50,CurrentOnly-AE-CeNN-494,11017,0.0315588522954529,0.0416264612881802,0.0430343398913675,0.0,0.0,0.0,0.0,0.0,0.0,0.0,0.9989839408655292
payload50,CurrentOnly-AE-CeNN-494,11018,0.0299251598977087,0.0409356330587715,0.0418036386958157,0.0,0.0,0.0,0.0,0.0,0.0,0.0,0.9835622503043516
payload50,CurrentOnly-AE-CeNN-494,11019,0.0268943174176728,0.0355766315715522,0.036844756288349,0.0,0.0,0.0,0.0,0.0,0.0,0.0,0.971783727627356
payload50,CurrentOnly-AE-CeNN-494,11020,0.0384308129185437,0.0517308882482791,0.0536535121713023,0.0,0.0,0.0,0.0,0.0,0.0,0.0,0.999929994502452
payload50,CurrentOnly-AE-CeNN-494,11021,0.034950880874567,0.0445610493906979,0.0459351016948118,0.0,0.0,0.0,0.0,0.0,0.0,0.0,0.999399904109394
payload50,CurrentOnly-AE-CeNN-494,11022,0.0292896333703354,0.0403693803893296,0.0415049008352009,0.0,0.0,0.0,0.0,0.0,0.0,0.0,0.983985988882572
payload50,CurrentOnly-AE-CeNN-494,11023,0.0276031383601415,0.0370701512218996,0.0382010496754486,0.0,0.0,0.0,0.0,0.0,0.0,0.0,0.9910491543755072
payload50,CurrentOnly-AE-CeNN-494,11024,0.026230932469298,0.0358993331311702,0.0371587173892404,0.0,0.0,0.0,0.0,0.0,0.0,0.0,0.9515537715288612
payload50,CurrentOnly-AE-CeNN-494,11025,0.0316258703249767,0.0423898687778828,0.0435628757112026,0.0,0.0,0.0,0.0,0.0,0.0,0.0,0.9951829408340512
payload50,CurrentOnly-AE-CeNN-494,11026,0.0307682971025342,0.0411631828367711,0.0425109408289045,0.0,0.0,0.0,0.0,0.0,0.0,0.0,0.9952629842474732
payload50,CurrentOnly-AE-CeNN-494,11027,0.0332256813720662,0.0428622008918813,0.0437980608752656,0.0,0.0,0.0,0.0,0.0,0.0,0.0,0.9993419765029276
payload50,CurrentOnly-AE-CeNN-494,11028,0.0373778918162462,0.0487579523086701,0.0499708960997825,0.0,0.0,0.0,0.0,0.0,0.0,0.0,0.9999186493444078
payload50,CurrentOnly-AE-CeNN-494,11029,0.0334250778679715,0.0441668414845683,0.0457314891774288,0.0,0.0,0.0,0.0,0.0,0.0,0.0,0.9991106467311895
payload50,CurrentOnly-AE-CeNN-494,11030,0.0351388407350901,0.045805954777325,0.0470283809649871,0.0,0.0,0.0,0.0,0.0,0.0,0.0,0.999878908946233
payload50,CurrentOnly-AE-CeNN-494,11031,0.0332861933986941,0.0458823758526137,0.0478852051414196,0.0,0.0,0.0,0.0,0.0,0.0,0.0,0.99876686889162
payload50,CurrentOnly-AE-CeNN-494,11032,0.028631864487927,0.0385661284342118,0.0400559466218739,0.0,0.0,0.0,0.0,0.0,0.0,0.0,0.9850230879781012
payload50,CurrentOnly-AE-CeNN-494,11033,0.0404132858174622,0.0544174387961953,0.0566067663235453,0.0,0.0,0.0,0.0,0.0,0.0,0.0,0.9999717784474949
payload50,CurrentOnly-AE-CeNN-494,11034,0.0332500147642803,0.0450901495795683,0.0467748827824523,0.0,0.0,0.0,0.0,0.0,0.0,0.0,0.9996375477308636
payload50,CurrentOnly-AE-CeNN-494,11035,0.0376875809067586,0.0495395413862237,0.0510718523269144,0.0,0.0,0.0,0.0,0.0,0.0,0.0,0.9997244435392628
payload50,CurrentOnly-AE-CeNN-494,11036,0.0398618810210164,0.0535401779871593,0.0557844276592763,0.0,0.0,0.0,0.0,0.0,0.0,0.0,0.9999587832180176
payload50,CurrentOnly-AE-CeNN-494,11037,0.0410007759831798,0.0545116858057569,0.0561177867266096,0.0,0.0,0.0,0.0,0.0,0.0,0.0,0.9999964229931544
payload50,CurrentOnly-AE-CeNN-494,11038,0.0292433233273326,0.0385962908820918,0.0398441655865054,0.0,0.0,0.0,0.0,0.0,0.0,0.0,0.9765367513987034
payload50,CurrentOnly-AE-CeNN-494,11039,0.0411243762128729,0.0546885787152611,0.0565737020631541,0.0,0.0,0.0,0.0,0.0,0.0,0.0,0.9999986749684852
payload50,CurrentOnly-AE-CeNN-494,11040,0.0303888466789128,0.0415924855014871,0.0427420208037719,0.0,0.0,0.0,0.0,0.0,0.0,0.0,0.9954181541665978
payload50,CurrentOnly-AE-CeNN-494,11041,0.0380434372092823,0.0511092040998256,0.0537254886821404,0.0,0.0,0.0,0.0,0.0,0.0,0.0,0.999975009014473
payload50,CurrentOnly-AE-CeNN-494,11042,0.026890408888458,0.0359862798433908,0.0372510153853379,0.0,0.0,0.0,0.0,0.0,0.0,0.0,0.9566921134217838
payload50,CurrentOnly-AE-CeNN-494,11043,0.0277876238142966,0.0375040677385,0.0384237791814465,0.0,0.0,0.0,0.0,0.0,0.0,0.0,0.9778405296937612
payload50,CurrentOnly-AE-CeNN-494,11044,0.0289840349878654,0.0380241363307513,0.0393770083007882,0.0,0.0,0.0,0.0,0.0,0.0,0.0,0.9828526991107286
payload50,CurrentOnly-AE-CeNN-494,11045,0.0360252247873728,0.0481362556071421,0.0490837071673118,0.0,0.0,0.0,0.0,0.0,0.0,0.0,0.999847074012627
payload50,CurrentOnly-AE-CeNN-494,11046,0.0276975794422481,0.0364645358388278,0.0373173010573545,0.0,0.0,0.0,0.0,0.0,0.0,0.0,0.9593828346424748
payload50,CurrentOnly-AE-CeNN-494,11047,0.0333700282807957,0.0433979829139458,0.0446109901968818,0.0,0.0,0.0,0.0,0.0,0.0,0.0,0.999089309859676
payload50,CurrentOnly-AE-CeNN-494,11048,0.0422131202787075,0.0574672846640584,0.0597402665868255,0.0,0.0,0.0,0.0,0.0,0.0,0.0,0.9999963291223188
payload50,CurrentOnly-AE-CeNN-494,11049,0.0409444698616409,0.0560324108137201,0.0580352783174735,0.0,0.0,0.0,0.0,0.0,0.0,0.0,0.9999876483437244
payload50,CurrentOnly-AE-CeNN-494,11050,0.0301902544920638,0.041211188813461,0.0425929920097807,0.0,0.0,0.0,0.0,0.0,0.0,0.0,0.9975925435068068
payload50,CurrentOnly-AE-CeNN-494,11051,0.0298565676110384,0.041510534788165,0.0425211126261217,0.0,0.0,0.0,0.0,0.0,0.0,0.0,0.9903240727723096
payload50,CurrentOnly-AE-CeNN-494,11052,0.0313226253446038,0.0399046174350146,0.0411299073833639,0.0,0.0,0.0,0.0,0.0,0.0,0.0,0.9993481934826658
payload50,CurrentOnly-AE-CeNN-494,11053,0.0314573858820133,0.0407364950792769,0.0415786802736294,0.0,0.0,0.0,0.0,0.0,0.0,0.0,0.9993314882026368
payload50,CurrentOnly-AE-CeNN-494,11054,0.0368931432589588,0.050015720364159,0.0516199361729147,0.0,0.0,0.0,0.0,0.0,0.0,0.0,0.9999594073327664
payload50,CurrentOnly-AE-CeNN-494,11055,0.0283688354000167,0.0378926820880676,0.0389294831911658,0.0,0.0,0.0,0.0,0.0,0.0,0.0,0.9859495777697712
payload50,CurrentOnly-AE-CeNN-494,11056,0.038537818956554,0.0529015240517331,0.0541257800703748,0.0,0.0,0.0,0.0,0.0,0.0,0.0,0.9996761664125644
payload50,CurrentOnly-AE-CeNN-494,11057,0.0382567805142944,0.049811706115805,0.0510599771810882,0.0,0.0,0.0,0.0,0.0,0.0,0.0,0.9998734491179496
payload50,CurrentOnly-AE-CeNN-494,11058,0.0347570553632861,0.0475049622117727,0.0488245168982939,0.0,0.0,0.0,0.0,0.0,0.0,0.0,0.9997024848783252
payload50,CurrentOnly-AE-CeNN-494,11059,0.0363566163263083,0.0496821635444629,0.0509130727899787,0.0,0.0,0.0,0.0,0.0,0.0,0.0,0.9998747930258732
payload50,CurrentOnly-AE-CeNN-494,11060,0.0348747033908646,0.0486421602238942,0.0506171448205088,0.0,0.0,0.0,0.0,0.0,0.0,0.0,0.9992841436759384
payload50,CurrentOnly-AE-CeNN-494,11061,0.0269743841327184,0.0359204161066987,0.0372088976913761,0.0,0.0,0.0,0.0,0.0,0.0,0.0,0.9528812269948712
payload50,CurrentOnly-AE-CeNN-494,11062,0.0337389695308408,0.0448577884984731,0.0463078768998706,0.0,0.0,0.0,0.0,0.0,0.0,0.0,0.9991341143881868
payload50,CurrentOnly-AE-CeNN-494,11063,0.0350549249587299,0.0470557276932306,0.0487295460697154,0.0,0.0,0.0,0.0,0.0,0.0,0.0,0.9997099573014534
payload50,CurrentOnly-AE-CeNN-494,11064,0.0299000682082642,0.0407185792858879,0.0422096924573599,0.0,0.0,0.0,0.0,0.0,0.0,0.0,0.9959499690233582
payload50,CurrentOnly-AE-CeNN-494,11065,0.040476961654198,0.055193947672293,0.0571693696763192,0.0,0.0,0.0,0.0,0.0,0.0,0.0,0.9999626344196808
payload50,CurrentOnly-AE-CeNN-494,11066,0.0284864890284648,0.038893032778,0.0397904141223911,0.0,0.0,0.0,0.0,0.0,0.0,0.0,0.9658352134361804
payload50,CurrentOnly-AE-CeNN-494,11067,0.0330228703235167,0.0453252886953993,0.0468437444910801,0.0,0.0,0.0,0.0,0.0,0.0,0.0,0.9993944896922808
payload50,CurrentOnly-AE-CeNN-494,11068,0.037569121015266,0.0503567145153025,0.0522002520625735,0.0,0.0,0.0,0.0,0.0,0.0,0.0,0.9999585746402748
payload50,CurrentOnly-AE-CeNN-494,11069,0.0302370014105941,0.0425247727469307,0.0441788162495595,0.0,0.0,0.0,0.0,0.0,0.0,0.0,0.983112779360424
payload50,CurrentOnly-AE-CeNN-494,11070,0.0355985746465862,0.0469565442714989,0.0482913974288513,0.0,0.0,0.0,0.0,0.0,0.0,0.0,0.9998670433196258
payload50,CurrentOnly-AE-CeNN-494,11071,0.0366932382152966,0.0503915499598027,0.0516554599779089,0.0,0.0,0.0,0.0,0.0,0.0,0.0,0.9997420828805668
payload50,CurrentOnly-AE-CeNN-494,11072,0.0396758926301283,0.0512341858428649,0.0527626017919152,0.0,0.0,0.0,0.0,0.0,0.0,0.0,0.9999818552135328
payload50,CurrentOnly-AE-CeNN-494,11073,0.0330212781504715,0.0437382213635105,0.0449907119645954,0.0,0.0,0.0,0.0,0.0,0.0,0.0,0.9966002539098276
payload50,CurrentOnly-AE-CeNN-494,11074,0.0407082808546616,0.0539825959521643,0.0555426918747274,0.0,0.0,0.0,0.0,0.0,0.0,0.0,0.9999960869699612
payload50,CurrentOnly-AE-CeNN-494,11075,0.0324459808046949,0.0438037742154016,0.0454646434707092,0.0,0.0,0.0,0.0,0.0,0.0,0.0,0.9941347525915888
payload50,CurrentOnly-AE-CeNN-494,11076,0.0394835036688436,0.053320632975129,0.0549008629620392,0.0,0.0,0.0,0.0,0.0,0.0,0.0,0.9999790855214034
payload50,CurrentOnly-AE-CeNN-494,11077,0.0307539941578111,0.0387294905861386,0.0398992577444506,0.0,0.0,0.0,0.0,0.0,0.0,0.0,0.9987379684865436
payload50,CurrentOnly-AE-CeNN-494,11078,0.0319374965650775,0.040991574004653,0.0424325143639306,0.0,0.0,0.0,0.0,0.0,0.0,0.0,0.9983515237189902
payload50,CurrentOnly-AE-CeNN-494,11079,0.0377451359316983,0.0506101159820177,0.0524563219695833,0.0,0.0,0.0,0.0,0.0,0.0,0.0,0.9999305359251316
payload50,CurrentOnly-AE-CeNN-494,11080,0.0398217852448107,0.0513556224707508,0.0526021136589114,0.0,0.0,0.0,0.0,0.0,0.0,0.0,0.9999344592348453
payload50,CurrentOnly-AE-CeNN-494,11081,0.0316563797520605,0.0426249398427515,0.0439875575923982,0.0,0.0,0.0,0.0,0.0,0.0,0.0,0.9956899905651642
payload50,CurrentOnly-AE-CeNN-494,11082,0.0368633406758327,0.0506905809805958,0.0520157858390241,0.0,0.0,0.0,0.0,0.0,0.0,0.0,0.999646520782758
payload50,CurrentOnly-AE-CeNN-494,11083,0.0276029940838325,0.0365230324485207,0.037634219552545,0.0,0.0,0.0,0.0,0.0,0.0,0.0,0.9663627712735612
payload50,CurrentOnly-AE-CeNN-494,11084,0.0282564134148886,0.0375792753789604,0.0384003675311641,0.0,0.0,0.0,0.0,0.0,0.0,0.0,0.9495369657601156
payload50,CurrentOnly-AE-CeNN-494,11085,0.0337756709347523,0.0445867452172657,0.0462988660047951,0.0,0.0,0.0,0.0,0.0,0.0,0.0,0.9992741720606856
payload50,CurrentOnly-AE-CeNN-494,11086,0.0280272720437373,0.0366495828850501,0.0377311828361639,0.0,0.0,0.0,0.0,0.0,0.0,0.0,0.9755032683774816
payload50,CurrentOnly-AE-CeNN-494,11087,0.0357571919297102,0.04850383337623,0.0502406939502162,0.0,0.0,0.0,0.0,0.0,0.0,0.0,0.999781759855054
payload50,CurrentOnly-AE-CeNN-494,11088,0.0303415098240708,0.0400137570040678,0.0409806675446671,0.0,0.0,0.0,0.0,0.0,0.0,0.0,0.9942754176571684
payload50,CurrentOnly-AE-CeNN-494,11089,0.0281471870832028,0.0374347226605038,0.0388943155141894,0.0,0.0,0.0,0.0,0.0,0.0,0.0,0.9714435732528548
payload50,CurrentOnly-AE-CeNN-494,11090,0.0307841497204335,0.0418879497485159,0.0430667534259148,0.0,0.0,0.0,0.0,0.0,0.0,0.0,0.9979041177884956
payload50,CurrentOnly-AE-CeNN-494,11091,0.0272845173025054,0.0384216917075858,0.0394716356469946,0.0,0.0,0.0,0.0,0.0,0.0,0.0,0.9665361137379788
payload50,CurrentOnly-AE-CeNN-494,11092,0.0381191673359507,0.0502372426857968,0.0513021107842891,0.0,0.0,0.0,0.0,0.0,0.0,0.0,0.9999607036132898
payload50,CurrentOnly-AE-CeNN-494,11093,0.0360629878183648,0.0474818793328338,0.0492875836477309,0.0,0.0,0.0,0.0,0.0,0.0,0.0,0.9996585705913692
payload50,CurrentOnly-AE-CeNN-494,11094,0.0264567489989413,0.0366939820540539,0.0376531273591936,0.0,0.0,0.0,0.0,0.0,0.0,0.0,0.9395043425099308
payload50,CurrentOnly-AE-CeNN-494,11095,0.0298987822830328,0.0396640420179927,0.0405296559553304,0.0,0.0,0.0,0.0,0.0,0.0,0.0,0.9951130419259772
payload50,CurrentOnly-AE-CeNN-494,11096,0.040921649067616,0.053524270397601,0.0550156623199079,0.0,0.0,0.0,0.0,0.0,0.0,0.0,0.9999958728960902
payload50,CurrentOnly-AE-CeNN-494,11097,0.0294806213021876,0.0394946188171008,0.0410534791953127,0.0,0.0,0.0,0.0,0.0,0.0,0.0,0.984258411810774
payload50,CurrentOnly-AE-CeNN-494,11098,0.0327493023277811,0.0449906839724789,0.04640307629211,0.0,0.0,0.0,0.0,0.0,0.0,0.0,0.9982587053401962
payload50,CurrentOnly-AE-CeNN-494,11099,0.0410183646161938,0.0523121142925524,0.0536743003257544,0.0,0.0,0.0,0.0,0.0,0.0,0.0,0.999997059994392
payload50,I-RiskGovernor-unfiltered,11000,0.0411900523219681,0.0558834343317781,0.0578958272107588,0.0,0.0,0.0,0.0,0.0,0.0,0.0,0.9999968357370312
payload50,I-RiskGovernor-unfiltered,11001,0.0393508509268332,0.0526051260313682,0.0537573696022544,0.0,0.0,0.0,0.0,0.0,0.0,0.0,0.9999828075422066
payload50,I-RiskGovernor-unfiltered,11002,0.0284424040775959,0.0388122199519915,0.0399136847560583,0.0,0.0,0.0,0.0,0.0,0.0,0.0,0.9947990882635804
payload50,I-RiskGovernor-unfiltered,11003,0.0373901853322749,0.0513935262149181,0.0530048732629263,0.0,0.0,0.0,0.0,0.0,0.0,0.0,0.9999022027112856
payload50,I-RiskGovernor-unfiltered,11004,0.0269699487190404,0.0370157468045465,0.0377645364239959,0.0,0.0,0.0,0.0,0.0,0.0,0.0,0.954633827976391
payload50,I-RiskGovernor-unfiltered,11005,0.030288569958053,0.0401665866794813,0.0413614190711507,0.0,0.0,0.0,0.0,0.0,0.0,0.0,0.9975866799095544
payload50,I-RiskGovernor-unfiltered,11006,0.0304675258246654,0.0421663187545356,0.0435515645119904,0.0,0.0,0.0,0.0,0.0,0.0,0.0,0.9959616098995144
payload50,I-RiskGovernor-unfiltered,11007,0.0367744356996183,0.0496470416193696,0.0513704098654584,0.0,0.0,0.0,0.0,0.0,0.0,0.0,0.99990058862466
payload50,I-RiskGovernor-unfiltered,11008,0.0289189966993462,0.039096315870911,0.0406520066770868,0.0,0.0,0.0,0.0,0.0,0.0,0.0,0.9891397182545232
payload50,I-RiskGovernor-unfiltered,11009,0.0348808009510986,0.0462186484958374,0.0476767418126994,0.0,0.0,0.0,0.0,0.0,0.0,0.0,0.9995674841822444
payload50,I-RiskGovernor-unfiltered,11010,0.0279750988083139,0.0377357075107216,0.0384117559585535,0.0,0.0,0.0,0.0,0.0,0.0,0.0,0.9552502340494906
payload50,I-RiskGovernor-unfiltered,11011,0.0276423875197545,0.0393945236085326,0.0399673104327173,0.0,0.0,0.0,0.0,0.0,0.0,0.0,0.9664320995721276
payload50,I-RiskGovernor-unfiltered,11012,0.0392947860258042,0.0498706261576007,0.0514849912899405,0.0,0.0,0.0,0.0,0.0,0.0,0.0,0.9999486342945244
payload50,I-RiskGovernor-unfiltered,11013,0.0283779999660621,0.0389714882719156,0.0403908141087761,0.0,0.0,0.0,0.0,0.0,0.0,0.0,0.9447329421208926
payload50,I-RiskGovernor-unfiltered,11014,0.040643661236054,0.0515432525917777,0.0525100619993068,0.0,0.0,0.0,0.0,0.0,0.0,0.0,0.9999818432905926
payload50,I-RiskGovernor-unfiltered,11015,0.0316867946317676,0.0428218040763282,0.0436420931452489,0.0,0.0,0.0,0.0,0.0,0.0,0.0,0.9990899363417308
payload50,I-RiskGovernor-unfiltered,11016,0.0327865812057249,0.0439110745271906,0.0446790961804024,0.0,0.0,0.0,0.0,0.0,0.0,0.0,0.9983506496873716
payload50,I-RiskGovernor-unfiltered,11017,0.0313365103524499,0.0414241250269829,0.0428491606485977,0.0,0.0,0.0,0.0,0.0,0.0,0.0,0.9989039531514476
payload50,I-RiskGovernor-unfiltered,11018,0.0297020664424055,0.0406541253888246,0.0415211438186058,0.0,0.0,0.0,0.0,0.0,0.0,0.0,0.9808116975611976
payload50,I-RiskGovernor-unfiltered,11019,0.0266597056536827,0.0353544349527614,0.0366147771100738,0.0,0.0,0.0,0.0,0.0,0.0,0.0,0.964026264395898
payload50,I-RiskGovernor-unfiltered,11020,0.0381188392356941,0.051511306773321,0.0534329785348918,0.0,0.0,0.0,0.0,0.0,0.0,0.0,0.9999153124690928
payload50,I-RiskGovernor-unfiltered,11021,0.0346934388897186,0.0443232509159185,0.0457087133002025,0.0,0.0,0.0,0.0,0.0,0.0,0.0,0.9993635018675008
payload50,I-RiskGovernor-unfiltered,11022,0.0290424151784721,0.0401453508397894,0.0412756584304281,0.0,0.0,0.0,0.0,0.0,0.0,0.0,0.983315501457732
payload50,I-RiskGovernor-unfiltered,11023,0.0273808063582425,0.036877626402773,0.0380272122856895,0.0,0.0,0.0,0.0,0.0,0.0,0.0,0.9903063462135532
payload50,I-RiskGovernor-unfiltered,11024,0.0260288808861493,0.035706294310661,0.0369942426266261,0.0,0.0,0.0,0.0,0.0,0.0,0.0,0.9500545425782057
payload50,I-RiskGovernor-unfiltered,11025,0.0313908445205691,0.0422000423334556,0.0433617148598987,0.0,0.0,0.0,0.0,0.0,0.0,0.0,0.99497993183404
payload50,I-RiskGovernor-unfiltered,11026,0.0305326234143342,0.0409774821704184,0.0423325636269577,0.0,0.0,0.0,0.0,0.0,0.0,0.0,0.9950372740448106
payload50,I-RiskGovernor-unfiltered,11027,0.0329439811892188,0.0425935360169567,0.0435356575607261,0.0,0.0,0.0,0.0,0.0,0.0,0.0,0.9993211263969274
payload50,I-RiskGovernor-unfiltered,11028,0.0370730112886834,0.0484210182125155,0.0496203759543607,0.0,0.0,0.0,0.0,0.0,0.0,0.0,0.9999104636265824
payload50,I-RiskGovernor-unfiltered,11029,0.0331790556294195,0.0439993876016607,0.0455607144935371,0.0,0.0,0.0,0.0,0.0,0.0,0.0,0.998997726660948
payload50,I-RiskGovernor-unfiltered,11030,0.0348691984771494,0.0455293241012079,0.0467289102900889,0.0,0.0,0.0,0.0,0.0,0.0,0.0,0.9998656171928776
payload50,I-RiskGovernor-unfiltered,11031,0.0330347572119096,0.0457400834056828,0.0477407827160915,0.0,0.0,0.0,0.0,0.0,0.0,0.0,0.9987219576961638
payload50,I-RiskGovernor-unfiltered,11032,0.0284163312940214,0.0383628924254955,0.0398133893130527,0.0,0.0,0.0,0.0,0.0,0.0,0.0,0.982186457100411
payload50,I-RiskGovernor-unfiltered,11033,0.0401014798539696,0.0541649808617383,0.0563729301688573,0.0,0.0,0.0,0.0,0.0,0.0,0.0,0.9999671246723036
payload50,I-RiskGovernor-unfiltered,11034,0.0330191925746419,0.0448843825897739,0.0465977796740275,0.0,0.0,0.0,0.0,0.0,0.0,0.0,0.9996123330493232
payload50,I-RiskGovernor-unfiltered,11035,0.0374175190250274,0.0493249285812533,0.0508599885775377,0.0,0.0,0.0,0.0,0.0,0.0,0.0,0.9997073372463524
payload50,I-RiskGovernor-unfiltered,11036,0.0395420450919327,0.0532093497190188,0.0554501679597699,0.0,0.0,0.0,0.0,0.0,0.0,0.0,0.999955702634298
payload50,I-RiskGovernor-unfiltered,11037,0.0406563039060151,0.0542975478587574,0.0559192807533183,0.0,0.0,0.0,0.0,0.0,0.0,0.0,0.9999954043311612
payload50,I-RiskGovernor-unfiltered,11038,0.029003425600792,0.038364206459623,0.0396062534093231,0.0,0.0,0.0,0.0,0.0,0.0,0.0,0.9756619626519576
payload50,I-RiskGovernor-unfiltered,11039,0.0407996756744113,0.0544460470181539,0.0563414660769095,0.0,0.0,0.0,0.0,0.0,0.0,0.0,0.9999984025885744
payload50,I-RiskGovernor-unfiltered,11040,0.0301113996880457,0.0413943656338601,0.0425515039508388,0.0,0.0,0.0,0.0,0.0,0.0,0.0,0.9926771898854158
payload50,I-RiskGovernor-unfiltered,11041,0.037739566640197,0.050890922596623,0.0534797783287898,0.0,0.0,0.0,0.0,0.0,0.0,0.0,0.9999711127934436
payload50,I-RiskGovernor-unfiltered,11042,0.0266777201375605,0.0357085464199043,0.0369517190195918,0.0,0.0,0.0,0.0,0.0,0.0,0.0,0.9559251340229462
payload50,I-RiskGovernor-unfiltered,11043,0.0275748418651523,0.0372420205945636,0.0381422667666814,0.0,0.0,0.0,0.0,0.0,0.0,0.0,0.9747111085561356
payload50,I-RiskGovernor-unfiltered,11044,0.0287785358885376,0.0378733150033758,0.0392472353710931,0.0,0.0,0.0,0.0,0.0,0.0,0.0,0.981976964838104
payload50,I-RiskGovernor-unfiltered,11045,0.0357638353617139,0.0479017945363376,0.0488666340087788,0.0,0.0,0.0,0.0,0.0,0.0,0.0,0.9998315556570414
payload50,I-RiskGovernor-unfiltered,11046,0.0274657034158243,0.0362744470984052,0.0371202015547784,0.0,0.0,0.0,0.0,0.0,0.0,0.0,0.9561871539411396
payload50,I-RiskGovernor-unfiltered,11047,0.0330461592651247,0.0430604505039999,0.0442827539313699,0.0,0.0,0.0,0.0,0.0,0.0,0.0,0.9989515001641645
payload50,I-RiskGovernor-unfiltered,11048,0.0419146967693264,0.0572125677704186,0.0594828167875017,0.0,0.0,0.0,0.0,0.0,0.0,0.0,0.9999959419145318
payload50,I-RiskGovernor-unfiltered,11049,0.0406242404047806,0.0557930665693755,0.0577889689751453,0.0,0.0,0.0,0.0,0.0,0.0,0.0,0.9999861509081532
payload50,I-RiskGovernor-unfiltered,11050,0.0299778942879608,0.0410807298284932,0.0424366959283818,0.0,0.0,0.0,0.0,0.0,0.0,0.0,0.9973612367422052
payload50,I-RiskGovernor-unfiltered,11051,0.0296192488556075,0.0413024386376359,0.0422737120314975,0.0,0.0,0.0,0.0,0.0,0.0,0.0,0.9851921306106544
payload50,I-RiskGovernor-unfiltered,11052,0.0310546996956764,0.0396777131765286,0.0409103792246045,0.0,0.0,0.0,0.0,0.0,0.0,0.0,0.9992618993041632
payload50,I-RiskGovernor-unfiltered,11053,0.031202392773796,0.0405470333757275,0.0413689811333701,0.0,0.0,0.0,0.0,0.0,0.0,0.0,0.9992396608111926
payload50,I-RiskGovernor-unfiltered,11054,0.0365948421786358,0.0498203398075436,0.0514177921020768,0.0,0.0,0.0,0.0,0.0,0.0,0.0,0.9999532049678204
payload50,I-RiskGovernor-unfiltered,11055,0.0281627211413849,0.0376808938090895,0.0386800896950356,0.0,0.0,0.0,0.0,0.0,0.0,0.0,0.9852863863728768
payload50,I-RiskGovernor-unfiltered,11056,0.0382513479202332,0.0526870113787292,0.0538987931368783,0.0,0.0,0.0,0.0,0.0,0.0,0.0,0.9996576902316195
payload50,I-RiskGovernor-unfiltered,11057,0.0379499212409094,0.0496238334060527,0.0508614030484659,0.0,0.0,0.0,0.0,0.0,0.0,0.0,0.9998669713919986
payload50,I-RiskGovernor-unfiltered,11058,0.034468354180781,0.0472064462118841,0.0485313936762141,0.0,0.0,0.0,0.0,0.0,0.0,0.0,0.9996516968263446
payload50,I-RiskGovernor-unfiltered,11059,0.0360932077893269,0.0494780435700919,0.050696212320479,0.0,0.0,0.0,0.0,0.0,0.0,0.0,0.9998653659127624
payload50,I-RiskGovernor-unfiltered,11060,0.0346160416376621,0.0484431312122816,0.0504453043474661,0.0,0.0,0.0,0.0,0.0,0.0,0.0,0.9992157414639188
payload50,I-RiskGovernor-unfiltered,11061,0.0267379047505285,0.0357264422394714,0.0369982784369145,0.0,0.0,0.0,0.0,0.0,0.0,0.0,0.95155721898293
payload50,I-RiskGovernor-unfiltered,11062,0.0334684564532463,0.044673499708324,0.0461153612111719,0.0,0.0,0.0,0.0,0.0,0.0,0.0,0.999074019849572
payload50,I-RiskGovernor-unfiltered,11063,0.0347851039256833,0.0468753829577217,0.0485368606567684,0.0,0.0,0.0,0.0,0.0,0.0,0.0,0.9996648007084282
payload50,I-RiskGovernor-unfiltered,11064,0.0296641105479027,0.0405238592415787,0.0420367234876659,0.0,0.0,0.0,0.0,0.0,0.0,0.0,0.9934173000633614
payload50,I-RiskGovernor-unfiltered,11065,0.0401540610896449,0.0549579951273817,0.0569265824772214,0.0,0.0,0.0,0.0,0.0,0.0,0.0,0.9999581434110614
payload50,I-RiskGovernor-unfiltered,11066,0.028271138511807,0.0386965824840157,0.039552610220801,0.0,0.0,0.0,0.0,0.0,0.0,0.0,0.9652761089108955
payload50,I-RiskGovernor-unfiltered,11067,0.0327856657691188,0.0451104274359514,0.0466529618371877,0.0,0.0,0.0,0.0,0.0,0.0,0.0,0.999324000725766
payload50,I-RiskGovernor-unfiltered,11068,0.0372732806009201,0.050195797581294,0.0520225246006013,0.0,0.0,0.0,0.0,0.0,0.0,0.0,0.999951882453887
payload50,I-RiskGovernor-unfiltered,11069,0.0300243071282488,0.04230144799546,0.0439615592329979,0.0,0.0,0.0,0.0,0.0,0.0,0.0,0.982859713196152
payload50,I-RiskGovernor-unfiltered,11070,0.0353028121323868,0.0466165889656317,0.047947777090115,0.0,0.0,0.0,0.0,0.0,0.0,0.0,0.9998478202633508
payload50,I-RiskGovernor-unfiltered,11071,0.0363930807379248,0.0501873969834076,0.0514229764898637,0.0,0.0,0.0,0.0,0.0,0.0,0.0,0.999705919019978
payload50,I-RiskGovernor-unfiltered,11072,0.0393476140588485,0.050961029333621,0.0524801612602511,0.0,0.0,0.0,0.0,0.0,0.0,0.0,0.9999770303897508
payload50,I-RiskGovernor-unfiltered,11073,0.0327683479884127,0.0435275421829245,0.0447481349398691,0.0,0.0,0.0,0.0,0.0,0.0,0.0,0.9965419490237528
payload50,I-RiskGovernor-unfiltered,11074,0.0404103747695149,0.0537726826394171,0.0553284082304378,0.0,0.0,0.0,0.0,0.0,0.0,0.0,0.9999956661764436
payload50,I-RiskGovernor-unfiltered,11075,0.032200718064102,0.0435632047945227,0.0452086009686606,0.0,0.0,0.0,0.0,0.0,0.0,0.0,0.9939600057493296
payload50,I-RiskGovernor-unfiltered,11076,0.0391765347332907,0.0531122119313616,0.0546729249178871,0.0,0.0,0.0,0.0,0.0,0.0,0.0,0.9999768915128971
payload50,I-RiskGovernor-unfiltered,11077,0.0305009958370431,0.0384966206142132,0.0396842993668176,0.0,0.0,0.0,0.0,0.0,0.0,0.0,0.9986120583367164
payload50,I-RiskGovernor-unfiltered,11078,0.0317041882714942,0.0408089208318618,0.042237111655877,0.0,0.0,0.0,0.0,0.0,0.0,0.0,0.998202375504262
payload50,I-RiskGovernor-unfiltered,11079,0.0374759400640401,0.0504785690252036,0.0523071968702677,0.0,0.0,0.0,0.0,0.0,0.0,0.0,0.9999232448177356
payload50,I-RiskGovernor-unfiltered,11080,0.0394979006289415,0.0510984875321704,0.0523285312146509,0.0,0.0,0.0,0.0,0.0,0.0,0.0,0.9999252250646624
payload50,I-RiskGovernor-unfiltered,11081,0.0314156768427465,0.0424375268180009,0.0438405254896963,0.0,0.0,0.0,0.0,0.0,0.0,0.0,0.9954858830581778
payload50,I-RiskGovernor-unfiltered,11082,0.0365817148250787,0.050460255150218,0.0517579926535696,0.0,0.0,0.0,0.0,0.0,0.0,0.0,0.9996041483521424
payload50,I-RiskGovernor-unfiltered,11083,0.0273751499180976,0.0363080334417435,0.0374304727950495,0.0,0.0,0.0,0.0,0.0,0.0,0.0,0.9654117542643784
payload50,I-RiskGovernor-unfiltered,11084,0.0280478439756587,0.0374190250109789,0.038266625823184,0.0,0.0,0.0,0.0,0.0,0.0,0.0,0.9464966641348246
payload50,I-RiskGovernor-unfiltered,11085,0.0335005718488574,0.0443652509702963,0.0460461940041975,0.0,0.0,0.0,0.0,0.0,0.0,0.0,0.9992007256712891
payload50,I-RiskGovernor-unfiltered,11086,0.0278085760248776,0.0364664790035664,0.0375610329928531,0.0,0.0,0.0,0.0,0.0,0.0,0.0,0.9748754726736292
payload50,I-RiskGovernor-unfiltered,11087,0.0355275448054658,0.0483329439394207,0.0500826088852418,0.0,0.0,0.0,0.0,0.0,0.0,0.0,0.9997675981988248
payload50,I-RiskGovernor-unfiltered,11088,0.0300938658536573,0.0397842837734438,0.0407765063483634,0.0,0.0,0.0,0.0,0.0,0.0,0.0,0.9937772397143334
payload50,I-RiskGovernor-unfiltered,11089,0.0279110068459825,0.0372310939590459,0.038671347170962,0.0,0.0,0.0,0.0,0.0,0.0,0.0,0.970369008368932
payload50,I-RiskGovernor-unfiltered,11090,0.030540326416626,0.0416828358664022,0.0428475623364414,0.0,0.0,0.0,0.0,0.0,0.0,0.0,0.9976719921254636
payload50,I-RiskGovernor-unfiltered,11091,0.027106956354589,0.0383090938129904,0.0393551671560265,0.0,0.0,0.0,0.0,0.0,0.0,0.0,0.9634576464431502
payload50,I-RiskGovernor-unfiltered,11092,0.0378085706386839,0.0499291070156874,0.0509920337201346,0.0,0.0,0.0,0.0,0.0,0.0,0.0,0.9999544375168709
payload50,I-RiskGovernor-unfiltered,11093,0.035753508467815,0.0472014478265976,0.0490121050534418,0.0,0.0,0.0,0.0,0.0,0.0,0.0,0.9996089100142056
payload50,I-RiskGovernor-unfiltered,11094,0.0262227646582058,0.0364168847465757,0.0373474897987968,0.0,0.0,0.0,0.0,0.0,0.0,0.0,0.9367988013110594
payload50,I-RiskGovernor-unfiltered,11095,0.0296733698168087,0.0394159056805713,0.040269318598357,0.0,0.0,0.0,0.0,0.0,0.0,0.0,0.994510296992282
payload50,I-RiskGovernor-unfiltered,11096,0.040587563110606,0.0531718383268302,0.054650495665526,0.0,0.0,0.0,0.0,0.0,0.0,0.0,0.9999951728661808
payload50,I-RiskGovernor-unfiltered,11097,0.029223342034904,0.0392117279438016,0.0407612653875345,0.0,0.0,0.0,0.0,0.0,0.0,0.0,0.9835117938615164
payload50,I-RiskGovernor-unfiltered,11098,0.0325130140970938,0.0447928073786261,0.0461851439786271,0.0,0.0,0.0,0.0,0.0,0.0,0.0,0.998082002225896
payload50,I-RiskGovernor-unfiltered,11099,0.0407082061572016,0.051846772511852,0.0534100475783544,0.0,0.0,0.0,0.0,0.0,0.0,0.0,0.9999965917214796
payload50,J-PredictiveProjection,11000,0.0411900523219681,0.0558834343317781,0.0578958272107588,0.0,0.0,0.0,0.0,0.0,0.0,0.0,0.9999968357370312
payload50,J-PredictiveProjection,11001,0.0393508509268332,0.0526051260313682,0.0537573696022544,0.0,0.0,0.0,0.0,0.0,0.0,0.0,0.9999828075422066
payload50,J-PredictiveProjection,11002,0.0284424040775959,0.0388122199519915,0.0399136847560583,0.0,0.0,0.0,0.0,0.0,0.0,0.0,0.9947990882635804
payload50,J-PredictiveProjection,11003,0.0373901853322749,0.0513935262149181,0.0530048732629263,0.0,0.0,0.0,0.0,0.0,0.0,0.0,0.9999022027112856
payload50,J-PredictiveProjection,11004,0.0269699487190404,0.0370157468045465,0.0377645364239959,0.0,0.0,0.0,0.0,0.0,0.0,0.0,0.954633827976391
payload50,J-PredictiveProjection,11005,0.030288569958053,0.0401665866794813,0.0413614190711507,0.0,0.0,0.0,0.0,0.0,0.0,0.0,0.9975866799095544
payload50,J-PredictiveProjection,11006,0.0304675258246654,0.0421663187545356,0.0435515645119904,0.0,0.0,0.0,0.0,0.0,0.0,0.0,0.9959616098995144
payload50,J-PredictiveProjection,11007,0.0367744356996183,0.0496470416193696,0.0513704098654584,0.0,0.0,0.0,0.0,0.0,0.0,0.0,0.99990058862466
payload50,J-PredictiveProjection,11008,0.0289189966993462,0.039096315870911,0.0406520066770868,0.0,0.0,0.0,0.0,0.0,0.0,0.0,0.9891397182545232
payload50,J-PredictiveProjection,11009,0.0348808009510986,0.0462186484958374,0.0476767418126994,0.0,0.0,0.0,0.0,0.0,0.0,0.0,0.9995674841822444
payload50,J-PredictiveProjection,11010,0.0279750988083139,0.0377357075107216,0.0384117559585535,0.0,0.0,0.0,0.0,0.0,0.0,0.0,0.9552502340494906
payload50,J-PredictiveProjection,11011,0.0276423875197545,0.0393945236085326,0.0399673104327173,0.0,0.0,0.0,0.0,0.0,0.0,0.0,0.9664320995721276
payload50,J-PredictiveProjection,11012,0.0392947860258042,0.0498706261576007,0.0514849912899405,0.0,0.0,0.0,0.0,0.0,0.0,0.0,0.9999486342945244
payload50,J-PredictiveProjection,11013,0.0283779999660621,0.0389714882719156,0.0403908141087761,0.0,0.0,0.0,0.0,0.0,0.0,0.0,0.9447329421208926
payload50,J-PredictiveProjection,11014,0.040643661236054,0.0515432525917777,0.0525100619993068,0.0,0.0,0.0,0.0,0.0,0.0,0.0,0.9999818432905926
payload50,J-PredictiveProjection,11015,0.0316867946317676,0.0428218040763282,0.0436420931452489,0.0,0.0,0.0,0.0,0.0,0.0,0.0,0.9990899363417308
payload50,J-PredictiveProjection,11016,0.0327865812057249,0.0439110745271906,0.0446790961804024,0.0,0.0,0.0,0.0,0.0,0.0,0.0,0.9983506496873716
payload50,J-PredictiveProjection,11017,0.0313365103524499,0.0414241250269829,0.0428491606485977,0.0,0.0,0.0,0.0,0.0,0.0,0.0,0.9989039531514476
payload50,J-PredictiveProjection,11018,0.0297020664424055,0.0406541253888246,0.0415211438186058,0.0,0.0,0.0,0.0,0.0,0.0,0.0,0.9808116975611976
payload50,J-PredictiveProjection,11019,0.0266597056536827,0.0353544349527614,0.0366147771100738,0.0,0.0,0.0,0.0,0.0,0.0,0.0,0.964026264395898
payload50,J-PredictiveProjection,11020,0.0381188392356941,0.051511306773321,0.0534329785348918,0.0,0.0,0.0,0.0,0.0,0.0,0.0,0.9999153124690928
payload50,J-PredictiveProjection,11021,0.0346934388897186,0.0443232509159185,0.0457087133002025,0.0,0.0,0.0,0.0,0.0,0.0,0.0,0.9993635018675008
payload50,J-PredictiveProjection,11022,0.0290424151784721,0.0401453508397894,0.0412756584304281,0.0,0.0,0.0,0.0,0.0,0.0,0.0,0.983315501457732
payload50,J-PredictiveProjection,11023,0.0273808063582425,0.036877626402773,0.0380272122856895,0.0,0.0,0.0,0.0,0.0,0.0,0.0,0.9903063462135532
payload50,J-PredictiveProjection,11024,0.0260288808861493,0.035706294310661,0.0369942426266261,0.0,0.0,0.0,0.0,0.0,0.0,0.0,0.9500545425782057
payload50,J-PredictiveProjection,11025,0.0313908445205691,0.0422000423334556,0.0433617148598987,0.0,0.0,0.0,0.0,0.0,0.0,0.0,0.99497993183404
payload50,J-PredictiveProjection,11026,0.0305326234143342,0.0409774821704184,0.0423325636269577,0.0,0.0,0.0,0.0,0.0,0.0,0.0,0.9950372740448106
payload50,J-PredictiveProjection,11027,0.0329439811892188,0.0425935360169567,0.0435356575607261,0.0,0.0,0.0,0.0,0.0,0.0,0.0,0.9993211263969274
payload50,J-PredictiveProjection,11028,0.0370730112886834,0.0484210182125155,0.0496203759543607,0.0,0.0,0.0,0.0,0.0,0.0,0.0,0.9999104636265824
payload50,J-PredictiveProjection,11029,0.0331790556294195,0.0439993876016607,0.0455607144935371,0.0,0.0,0.0,0.0,0.0,0.0,0.0,0.998997726660948
payload50,J-PredictiveProjection,11030,0.0348691984771494,0.0455293241012079,0.0467289102900889,0.0,0.0,0.0,0.0,0.0,0.0,0.0,0.9998656171928776
payload50,J-PredictiveProjection,11031,0.0330347572119096,0.0457400834056828,0.0477407827160915,0.0,0.0,0.0,0.0,0.0,0.0,0.0,0.9987219576961638
payload50,J-PredictiveProjection,11032,0.0284163312940214,0.0383628924254955,0.0398133893130527,0.0,0.0,0.0,0.0,0.0,0.0,0.0,0.982186457100411
payload50,J-PredictiveProjection,11033,0.0401014798539696,0.0541649808617383,0.0563729301688573,0.0,0.0,0.0,0.0,0.0,0.0,0.0,0.9999671246723036
payload50,J-PredictiveProjection,11034,0.0330191925746419,0.0448843825897739,0.0465977796740275,0.0,0.0,0.0,0.0,0.0,0.0,0.0,0.9996123330493232
payload50,J-PredictiveProjection,11035,0.0374175190250274,0.0493249285812533,0.0508599885775377,0.0,0.0,0.0,0.0,0.0,0.0,0.0,0.9997073372463524
payload50,J-PredictiveProjection,11036,0.0395420450919327,0.0532093497190188,0.0554501679597699,0.0,0.0,0.0,0.0,0.0,0.0,0.0,0.999955702634298
payload50,J-PredictiveProjection,11037,0.0406563039060151,0.0542975478587574,0.0559192807533183,0.0,0.0,0.0,0.0,0.0,0.0,0.0,0.9999954043311612
payload50,J-PredictiveProjection,11038,0.029003425600792,0.038364206459623,0.0396062534093231,0.0,0.0,0.0,0.0,0.0,0.0,0.0,0.9756619626519576
payload50,J-PredictiveProjection,11039,0.0407996756744113,0.0544460470181539,0.0563414660769095,0.0,0.0,0.0,0.0,0.0,0.0,0.0,0.9999984025885744
payload50,J-PredictiveProjection,11040,0.0301113996880457,0.0413943656338601,0.0425515039508388,0.0,0.0,0.0,0.0,0.0,0.0,0.0,0.9926771898854158
payload50,J-PredictiveProjection,11041,0.037739566640197,0.050890922596623,0.0534797783287898,0.0,0.0,0.0,0.0,0.0,0.0,0.0,0.9999711127934436
payload50,J-PredictiveProjection,11042,0.0266777201375605,0.0357085464199043,0.0369517190195918,0.0,0.0,0.0,0.0,0.0,0.0,0.0,0.9559251340229462
payload50,J-PredictiveProjection,11043,0.0275748418651523,0.0372420205945636,0.0381422667666814,0.0,0.0,0.0,0.0,0.0,0.0,0.0,0.9747111085561356
payload50,J-PredictiveProjection,11044,0.0287785358885376,0.0378733150033758,0.0392472353710931,0.0,0.0,0.0,0.0,0.0,0.0,0.0,0.981976964838104
payload50,J-PredictiveProjection,11045,0.0357638353617139,0.0479017945363376,0.0488666340087788,0.0,0.0,0.0,0.0,0.0,0.0,0.0,0.9998315556570414
payload50,J-PredictiveProjection,11046,0.0274657034158243,0.0362744470984052,0.0371202015547784,0.0,0.0,0.0,0.0,0.0,0.0,0.0,0.9561871539411396
payload50,J-PredictiveProjection,11047,0.0330461592651247,0.0430604505039999,0.0442827539313699,0.0,0.0,0.0,0.0,0.0,0.0,0.0,0.9989515001641645
payload50,J-PredictiveProjection,11048,0.0419146967693264,0.0572125677704186,0.0594828167875017,0.0,0.0,0.0,0.0,0.0,0.0,0.0,0.9999959419145318
payload50,J-PredictiveProjection,11049,0.0406242404047806,0.0557930665693755,0.0577889689751453,0.0,0.0,0.0,0.0,0.0,0.0,0.0,0.9999861509081532
payload50,J-PredictiveProjection,11050,0.0299778942879608,0.0410807298284932,0.0424366959283818,0.0,0.0,0.0,0.0,0.0,0.0,0.0,0.9973612367422052
payload50,J-PredictiveProjection,11051,0.0296192488556075,0.0413024386376359,0.0422737120314975,0.0,0.0,0.0,0.0,0.0,0.0,0.0,0.9851921306106544
payload50,J-PredictiveProjection,11052,0.0310546996956764,0.0396777131765286,0.0409103792246045,0.0,0.0,0.0,0.0,0.0,0.0,0.0,0.9992618993041632
payload50,J-PredictiveProjection,11053,0.031202392773796,0.0405470333757275,0.0413689811333701,0.0,0.0,0.0,0.0,0.0,0.0,0.0,0.9992396608111926
payload50,J-PredictiveProjection,11054,0.0365948421786358,0.0498203398075436,0.0514177921020768,0.0,0.0,0.0,0.0,0.0,0.0,0.0,0.9999532049678204
payload50,J-PredictiveProjection,11055,0.0281627211413849,0.0376808938090895,0.0386800896950356,0.0,0.0,0.0,0.0,0.0,0.0,0.0,0.9852863863728768
payload50,J-PredictiveProjection,11056,0.0382513479202332,0.0526870113787292,0.0538987931368783,0.0,0.0,0.0,0.0,0.0,0.0,0.0,0.9996576902316195
payload50,J-PredictiveProjection,11057,0.0379499212409094,0.0496238334060527,0.0508614030484659,0.0,0.0,0.0,0.0,0.0,0.0,0.0,0.9998669713919986
payload50,J-PredictiveProjection,11058,0.034468354180781,0.0472064462118841,0.0485313936762141,0.0,0.0,0.0,0.0,0.0,0.0,0.0,0.9996516968263446
payload50,J-PredictiveProjection,11059,0.0360932077893269,0.0494780435700919,0.050696212320479,0.0,0.0,0.0,0.0,0.0,0.0,0.0,0.9998653659127624
payload50,J-PredictiveProjection,11060,0.0346160416376621,0.0484431312122816,0.0504453043474661,0.0,0.0,0.0,0.0,0.0,0.0,0.0,0.9992157414639188
payload50,J-PredictiveProjection,11061,0.0267379047505285,0.0357264422394714,0.0369982784369145,0.0,0.0,0.0,0.0,0.0,0.0,0.0,0.95155721898293
payload50,J-PredictiveProjection,11062,0.0334684564532463,0.044673499708324,0.0461153612111719,0.0,0.0,0.0,0.0,0.0,0.0,0.0,0.999074019849572
payload50,J-PredictiveProjection,11063,0.0347851039256833,0.0468753829577217,0.0485368606567684,0.0,0.0,0.0,0.0,0.0,0.0,0.0,0.9996648007084282
payload50,J-PredictiveProjection,11064,0.0296641105479027,0.0405238592415787,0.0420367234876659,0.0,0.0,0.0,0.0,0.0,0.0,0.0,0.9934173000633614
payload50,J-PredictiveProjection,11065,0.0401540610896449,0.0549579951273817,0.0569265824772214,0.0,0.0,0.0,0.0,0.0,0.0,0.0,0.9999581434110614
payload50,J-PredictiveProjection,11066,0.028271138511807,0.0386965824840157,0.039552610220801,0.0,0.0,0.0,0.0,0.0,0.0,0.0,0.9652761089108955
payload50,J-PredictiveProjection,11067,0.0327856657691188,0.0451104274359514,0.0466529618371877,0.0,0.0,0.0,0.0,0.0,0.0,0.0,0.999324000725766
payload50,J-PredictiveProjection,11068,0.0372732806009201,0.050195797581294,0.0520225246006013,0.0,0.0,0.0,0.0,0.0,0.0,0.0,0.999951882453887
payload50,J-PredictiveProjection,11069,0.0300243071282488,0.04230144799546,0.0439615592329979,0.0,0.0,0.0,0.0,0.0,0.0,0.0,0.982859713196152
payload50,J-PredictiveProjection,11070,0.0353028121323868,0.0466165889656317,0.047947777090115,0.0,0.0,0.0,0.0,0.0,0.0,0.0,0.9998478202633508
payload50,J-PredictiveProjection,11071,0.0363930807379248,0.0501873969834076,0.0514229764898637,0.0,0.0,0.0,0.0,0.0,0.0,0.0,0.999705919019978
payload50,J-PredictiveProjection,11072,0.0393476140588485,0.050961029333621,0.0524801612602511,0.0,0.0,0.0,0.0,0.0,0.0,0.0,0.9999770303897508
payload50,J-PredictiveProjection,11073,0.0327683479884127,0.0435275421829245,0.0447481349398691,0.0,0.0,0.0,0.0,0.0,0.0,0.0,0.9965419490237528
payload50,J-PredictiveProjection,11074,0.0404103747695149,0.0537726826394171,0.0553284082304378,0.0,0.0,0.0,0.0,0.0,0.0,0.0,0.9999956661764436
payload50,J-PredictiveProjection,11075,0.032200718064102,0.0435632047945227,0.0452086009686606,0.0,0.0,0.0,0.0,0.0,0.0,0.0,0.9939600057493296
payload50,J-PredictiveProjection,11076,0.0391765347332907,0.0531122119313616,0.0546729249178871,0.0,0.0,0.0,0.0,0.0,0.0,0.0,0.9999768915128971
payload50,J-PredictiveProjection,11077,0.0305009958370431,0.0384966206142132,0.0396842993668176,0.0,0.0,0.0,0.0,0.0,0.0,0.0,0.9986120583367164
payload50,J-PredictiveProjection,11078,0.0317041882714942,0.0408089208318618,0.042237111655877,0.0,0.0,0.0,0.0,0.0,0.0,0.0,0.998202375504262
payload50,J-PredictiveProjection,11079,0.0374759400640401,0.0504785690252036,0.0523071968702677,0.0,0.0,0.0,0.0,0.0,0.0,0.0,0.9999232448177356
payload50,J-PredictiveProjection,11080,0.0394979006289415,0.0510984875321704,0.0523285312146509,0.0,0.0,0.0,0.0,0.0,0.0,0.0,0.9999252250646624
payload50,J-PredictiveProjection,11081,0.0314156768427465,0.0424375268180009,0.0438405254896963,0.0,0.0,0.0,0.0,0.0,0.0,0.0,0.9954858830581778
payload50,J-PredictiveProjection,11082,0.0365817148250787,0.050460255150218,0.0517579926535696,0.0,0.0,0.0,0.0,0.0,0.0,0.0,0.9996041483521424
payload50,J-PredictiveProjection,11083,0.0273751499180976,0.0363080334417435,0.0374304727950495,0.0,0.0,0.0,0.0,0.0,0.0,0.0,0.9654117542643784
payload50,J-PredictiveProjection,11084,0.0280478439756587,0.0374190250109789,0.038266625823184,0.0,0.0,0.0,0.0,0.0,0.0,0.0,0.9464966641348246
payload50,J-PredictiveProjection,11085,0.0335005718488574,0.0443652509702963,0.0460461940041975,0.0,0.0,0.0,0.0,0.0,0.0,0.0,0.9992007256712891
payload50,J-PredictiveProjection,11086,0.0278085760248776,0.0364664790035664,0.0375610329928531,0.0,0.0,0.0,0.0,0.0,0.0,0.0,0.9748754726736292
payload50,J-PredictiveProjection,11087,0.0355275448054658,0.0483329439394207,0.0500826088852418,0.0,0.0,0.0,0.0,0.0,0.0,0.0,0.9997675981988248
payload50,J-PredictiveProjection,11088,0.0300938658536573,0.0397842837734438,0.0407765063483634,0.0,0.0,0.0,0.0,0.0,0.0,0.0,0.9937772397143334
payload50,J-PredictiveProjection,11089,0.0279110068459825,0.0372310939590459,0.038671347170962,0.0,0.0,0.0,0.0,0.0,0.0,0.0,0.970369008368932
payload50,J-PredictiveProjection,11090,0.030540326416626,0.0416828358664022,0.0428475623364414,0.0,0.0,0.0,0.0,0.0,0.0,0.0,0.9976719921254636
payload50,J-PredictiveProjection,11091,0.027106956354589,0.0383090938129904,0.0393551671560265,0.0,0.0,0.0,0.0,0.0,0.0,0.0,0.9634576464431502
payload50,J-PredictiveProjection,11092,0.0378085706386839,0.0499291070156874,0.0509920337201346,0.0,0.0,0.0,0.0,0.0,0.0,0.0,0.9999544375168709
payload50,J-PredictiveProjection,11093,0.035753508467815,0.0472014478265976,0.0490121050534418,0.0,0.0,0.0,0.0,0.0,0.0,0.0,0.9996089100142056
payload50,J-PredictiveProjection,11094,0.0262227646582058,0.0364168847465757,0.0373474897987968,0.0,0.0,0.0,0.0,0.0,0.0,0.0,0.9367988013110594
payload50,J-PredictiveProjection,11095,0.0296733698168087,0.0394159056805713,0.040269318598357,0.0,0.0,0.0,0.0,0.0,0.0,0.0,0.994510296992282
payload50,J-PredictiveProjection,11096,0.040587563110606,0.0531718383268302,0.054650495665526,0.0,0.0,0.0,0.0,0.0,0.0,0.0,0.9999951728661808
payload50,J-PredictiveProjection,11097,0.029223342034904,0.0392117279438016,0.0407612653875345,0.0,0.0,0.0,0.0,0.0,0.0,0.0,0.9835117938615164
payload50,J-PredictiveProjection,11098,0.0325130140970938,0.0447928073786261,0.0461851439786271,0.0,0.0,0.0,0.0,0.0,0.0,0.0,0.998082002225896
payload50,J-PredictiveProjection,11099,0.0407082061572016,0.051846772511852,0.0534100475783544,0.0,0.0,0.0,0.0,0.0,0.0,0.0,0.9999965917214796
payload50,K-RobustHOCBF-Filter,11000,0.0411900523219681,0.0558834343317781,0.0578958272107588,0.0,0.0,0.0,0.0,0.0,0.0,0.0,0.9999968357370312
payload50,K-RobustHOCBF-Filter,11001,0.0393508509268332,0.0526051260313682,0.0537573696022544,0.0,0.0,0.0,0.0,0.0,0.0,0.0,0.9999828075422066
payload50,K-RobustHOCBF-Filter,11002,0.0284424040775959,0.0388122199519915,0.0399136847560583,0.0,0.0,0.0,0.0,0.0,0.0,0.0,0.9947990882635804
payload50,K-RobustHOCBF-Filter,11003,0.0373901853322749,0.0513935262149181,0.0530048732629263,0.0,0.0,0.0,0.0,0.0,0.0,0.0,0.9999022027112856
payload50,K-RobustHOCBF-Filter,11004,0.0269699487190404,0.0370157468045465,0.0377645364239959,0.0,0.0,0.0,0.0,0.0,0.0,0.0,0.954633827976391
payload50,K-RobustHOCBF-Filter,11005,0.030288569958053,0.0401665866794813,0.0413614190711507,0.0,0.0,0.0,0.0,0.0,0.0,0.0,0.9975866799095544
payload50,K-RobustHOCBF-Filter,11006,0.0304675258246654,0.0421663187545356,0.0435515645119904,0.0,0.0,0.0,0.0,0.0,0.0,0.0,0.9959616098995144
payload50,K-RobustHOCBF-Filter,11007,0.0367744356996183,0.0496470416193696,0.0513704098654584,0.0,0.0,0.0,0.0,0.0,0.0,0.0,0.99990058862466
payload50,K-RobustHOCBF-Filter,11008,0.0289189966993462,0.039096315870911,0.0406520066770868,0.0,0.0,0.0,0.0,0.0,0.0,0.0,0.9891397182545232
payload50,K-RobustHOCBF-Filter,11009,0.0348808009510986,0.0462186484958374,0.0476767418126994,0.0,0.0,0.0,0.0,0.0,0.0,0.0,0.9995674841822444
payload50,K-RobustHOCBF-Filter,11010,0.0279750988083139,0.0377357075107216,0.0384117559585535,0.0,0.0,0.0,0.0,0.0,0.0,0.0,0.9552502340494906
payload50,K-RobustHOCBF-Filter,11011,0.0276423875197545,0.0393945236085326,0.0399673104327173,0.0,0.0,0.0,0.0,0.0,0.0,0.0,0.9664320995721276
payload50,K-RobustHOCBF-Filter,11012,0.0392947860258042,0.0498706261576007,0.0514849912899405,0.0,0.0,0.0,0.0,0.0,0.0,0.0,0.9999486342945244
payload50,K-RobustHOCBF-Filter,11013,0.0283779999660621,0.0389714882719156,0.0403908141087761,0.0,0.0,0.0,0.0,0.0,0.0,0.0,0.9447329421208926
payload50,K-RobustHOCBF-Filter,11014,0.040643661236054,0.0515432525917777,0.0525100619993068,0.0,0.0,0.0,0.0,0.0,0.0,0.0,0.9999818432905926
payload50,K-RobustHOCBF-Filter,11015,0.0316867946317676,0.0428218040763282,0.0436420931452489,0.0,0.0,0.0,0.0,0.0,0.0,0.0,0.9990899363417308
payload50,K-RobustHOCBF-Filter,11016,0.0327865812057249,0.0439110745271906,0.0446790961804024,0.0,0.0,0.0,0.0,0.0,0.0,0.0,0.9983506496873716
payload50,K-RobustHOCBF-Filter,11017,0.0313365103524499,0.0414241250269829,0.0428491606485977,0.0,0.0,0.0,0.0,0.0,0.0,0.0,0.9989039531514476
payload50,K-RobustHOCBF-Filter,11018,0.0297020664424055,0.0406541253888246,0.0415211438186058,0.0,0.0,0.0,0.0,0.0,0.0,0.0,0.9808116975611976
payload50,K-RobustHOCBF-Filter,11019,0.0266597056536827,0.0353544349527614,0.0366147771100738,0.0,0.0,0.0,0.0,0.0,0.0,0.0,0.964026264395898
payload50,K-RobustHOCBF-Filter,11020,0.0381188392356941,0.051511306773321,0.0534329785348918,0.0,0.0,0.0,0.0,0.0,0.0,0.0,0.9999153124690928
payload50,K-RobustHOCBF-Filter,11021,0.0346934388897186,0.0443232509159185,0.0457087133002025,0.0,0.0,0.0,0.0,0.0,0.0,0.0,0.9993635018675008
payload50,K-RobustHOCBF-Filter,11022,0.0290424151784721,0.0401453508397894,0.0412756584304281,0.0,0.0,0.0,0.0,0.0,0.0,0.0,0.983315501457732
payload50,K-RobustHOCBF-Filter,11023,0.0273808063582425,0.036877626402773,0.0380272122856895,0.0,0.0,0.0,0.0,0.0,0.0,0.0,0.9903063462135532
payload50,K-RobustHOCBF-Filter,11024,0.0260288808861493,0.035706294310661,0.0369942426266261,0.0,0.0,0.0,0.0,0.0,0.0,0.0,0.9500545425782057
payload50,K-RobustHOCBF-Filter,11025,0.0313908445205691,0.0422000423334556,0.0433617148598987,0.0,0.0,0.0,0.0,0.0,0.0,0.0,0.99497993183404
payload50,K-RobustHOCBF-Filter,11026,0.0305326234143342,0.0409774821704184,0.0423325636269577,0.0,0.0,0.0,0.0,0.0,0.0,0.0,0.9950372740448106
payload50,K-RobustHOCBF-Filter,11027,0.0329439811892188,0.0425935360169567,0.0435356575607261,0.0,0.0,0.0,0.0,0.0,0.0,0.0,0.9993211263969274
payload50,K-RobustHOCBF-Filter,11028,0.0370730112886834,0.0484210182125155,0.0496203759543607,0.0,0.0,0.0,0.0,0.0,0.0,0.0,0.9999104636265824
payload50,K-RobustHOCBF-Filter,11029,0.0331790556294195,0.0439993876016607,0.0455607144935371,0.0,0.0,0.0,0.0,0.0,0.0,0.0,0.998997726660948
payload50,K-RobustHOCBF-Filter,11030,0.0348691984771494,0.0455293241012079,0.0467289102900889,0.0,0.0,0.0,0.0,0.0,0.0,0.0,0.9998656171928776
payload50,K-RobustHOCBF-Filter,11031,0.0330347572119096,0.0457400834056828,0.0477407827160915,0.0,0.0,0.0,0.0,0.0,0.0,0.0,0.9987219576961638
payload50,K-RobustHOCBF-Filter,11032,0.0284163312940214,0.0383628924254955,0.0398133893130527,0.0,0.0,0.0,0.0,0.0,0.0,0.0,0.982186457100411
payload50,K-RobustHOCBF-Filter,11033,0.0401014798539696,0.0541649808617383,0.0563729301688573,0.0,0.0,0.0,0.0,0.0,0.0,0.0,0.9999671246723036
payload50,K-RobustHOCBF-Filter,11034,0.0330191925746419,0.0448843825897739,0.0465977796740275,0.0,0.0,0.0,0.0,0.0,0.0,0.0,0.9996123330493232
payload50,K-RobustHOCBF-Filter,11035,0.0374175190250274,0.0493249285812533,0.0508599885775377,0.0,0.0,0.0,0.0,0.0,0.0,0.0,0.9997073372463524
payload50,K-RobustHOCBF-Filter,11036,0.0395420450919327,0.0532093497190188,0.0554501679597699,0.0,0.0,0.0,0.0,0.0,0.0,0.0,0.999955702634298
payload50,K-RobustHOCBF-Filter,11037,0.0406563039060151,0.0542975478587574,0.0559192807533183,0.0,0.0,0.0,0.0,0.0,0.0,0.0,0.9999954043311612
payload50,K-RobustHOCBF-Filter,11038,0.029003425600792,0.038364206459623,0.0396062534093231,0.0,0.0,0.0,0.0,0.0,0.0,0.0,0.9756619626519576
payload50,K-RobustHOCBF-Filter,11039,0.0407996756744113,0.0544460470181539,0.0563414660769095,0.0,0.0,0.0,0.0,0.0,0.0,0.0,0.9999984025885744
payload50,K-RobustHOCBF-Filter,11040,0.0301113996880457,0.0413943656338601,0.0425515039508388,0.0,0.0,0.0,0.0,0.0,0.0,0.0,0.9926771898854158
payload50,K-RobustHOCBF-Filter,11041,0.037739566640197,0.050890922596623,0.0534797783287898,0.0,0.0,0.0,0.0,0.0,0.0,0.0,0.9999711127934436
payload50,K-RobustHOCBF-Filter,11042,0.0266777201375605,0.0357085464199043,0.0369517190195918,0.0,0.0,0.0,0.0,0.0,0.0,0.0,0.9559251340229462
payload50,K-RobustHOCBF-Filter,11043,0.0275748418651523,0.0372420205945636,0.0381422667666814,0.0,0.0,0.0,0.0,0.0,0.0,0.0,0.9747111085561356
payload50,K-RobustHOCBF-Filter,11044,0.0287785358885376,0.0378733150033758,0.0392472353710931,0.0,0.0,0.0,0.0,0.0,0.0,0.0,0.981976964838104
payload50,K-RobustHOCBF-Filter,11045,0.0357638353617139,0.0479017945363376,0.0488666340087788,0.0,0.0,0.0,0.0,0.0,0.0,0.0,0.9998315556570414
payload50,K-RobustHOCBF-Filter,11046,0.0274657034158243,0.0362744470984052,0.0371202015547784,0.0,0.0,0.0,0.0,0.0,0.0,0.0,0.9561871539411396
payload50,K-RobustHOCBF-Filter,11047,0.0330461592651247,0.0430604505039999,0.0442827539313699,0.0,0.0,0.0,0.0,0.0,0.0,0.0,0.9989515001641645
payload50,K-RobustHOCBF-Filter,11048,0.0419146967693264,0.0572125677704186,0.0594828167875017,0.0,0.0,0.0,0.0,0.0,0.0,0.0,0.9999959419145318
payload50,K-RobustHOCBF-Filter,11049,0.0406242404047806,0.0557930665693755,0.0577889689751453,0.0,0.0,0.0,0.0,0.0,0.0,0.0,0.9999861509081532
payload50,K-RobustHOCBF-Filter,11050,0.0299778942879608,0.0410807298284932,0.0424366959283818,0.0,0.0,0.0,0.0,0.0,0.0,0.0,0.9973612367422052
payload50,K-RobustHOCBF-Filter,11051,0.0296192488556075,0.0413024386376359,0.0422737120314975,0.0,0.0,0.0,0.0,0.0,0.0,0.0,0.9851921306106544
payload50,K-RobustHOCBF-Filter,11052,0.0310546996956764,0.0396777131765286,0.0409103792246045,0.0,0.0,0.0,0.0,0.0,0.0,0.0,0.9992618993041632
payload50,K-RobustHOCBF-Filter,11053,0.031202392773796,0.0405470333757275,0.0413689811333701,0.0,0.0,0.0,0.0,0.0,0.0,0.0,0.9992396608111926
payload50,K-RobustHOCBF-Filter,11054,0.0365948421786358,0.0498203398075436,0.0514177921020768,0.0,0.0,0.0,0.0,0.0,0.0,0.0,0.9999532049678204
payload50,K-RobustHOCBF-Filter,11055,0.0281627211413849,0.0376808938090895,0.0386800896950356,0.0,0.0,0.0,0.0,0.0,0.0,0.0,0.9852863863728768
payload50,K-RobustHOCBF-Filter,11056,0.0382513479202332,0.0526870113787292,0.0538987931368783,0.0,0.0,0.0,0.0,0.0,0.0,0.0,0.9996576902316195
payload50,K-RobustHOCBF-Filter,11057,0.0379499212409094,0.0496238334060527,0.0508614030484659,0.0,0.0,0.0,0.0,0.0,0.0,0.0,0.9998669713919986
payload50,K-RobustHOCBF-Filter,11058,0.034468354180781,0.0472064462118841,0.0485313936762141,0.0,0.0,0.0,0.0,0.0,0.0,0.0,0.9996516968263446
payload50,K-RobustHOCBF-Filter,11059,0.0360932077893269,0.0494780435700919,0.050696212320479,0.0,0.0,0.0,0.0,0.0,0.0,0.0,0.9998653659127624
payload50,K-RobustHOCBF-Filter,11060,0.0346160416376621,0.0484431312122816,0.0504453043474661,0.0,0.0,0.0,0.0,0.0,0.0,0.0,0.9992157414639188
payload50,K-RobustHOCBF-Filter,11061,0.0267379047505285,0.0357264422394714,0.0369982784369145,0.0,0.0,0.0,0.0,0.0,0.0,0.0,0.95155721898293
payload50,K-RobustHOCBF-Filter,11062,0.0334684564532463,0.044673499708324,0.0461153612111719,0.0,0.0,0.0,0.0,0.0,0.0,0.0,0.999074019849572
payload50,K-RobustHOCBF-Filter,11063,0.0347851039256833,0.0468753829577217,0.0485368606567684,0.0,0.0,0.0,0.0,0.0,0.0,0.0,0.9996648007084282
payload50,K-RobustHOCBF-Filter,11064,0.0296641105479027,0.0405238592415787,0.0420367234876659,0.0,0.0,0.0,0.0,0.0,0.0,0.0,0.9934173000633614
payload50,K-RobustHOCBF-Filter,11065,0.0401540610896449,0.0549579951273817,0.0569265824772214,0.0,0.0,0.0,0.0,0.0,0.0,0.0,0.9999581434110614
payload50,K-RobustHOCBF-Filter,11066,0.028271138511807,0.0386965824840157,0.039552610220801,0.0,0.0,0.0,0.0,0.0,0.0,0.0,0.9652761089108955
payload50,K-RobustHOCBF-Filter,11067,0.0327856657691188,0.0451104274359514,0.0466529618371877,0.0,0.0,0.0,0.0,0.0,0.0,0.0,0.999324000725766
payload50,K-RobustHOCBF-Filter,11068,0.0372732806009201,0.050195797581294,0.0520225246006013,0.0,0.0,0.0,0.0,0.0,0.0,0.0,0.999951882453887
payload50,K-RobustHOCBF-Filter,11069,0.0300243071282488,0.04230144799546,0.0439615592329979,0.0,0.0,0.0,0.0,0.0,0.0,0.0,0.982859713196152
payload50,K-RobustHOCBF-Filter,11070,0.0353028121323868,0.0466165889656317,0.047947777090115,0.0,0.0,0.0,0.0,0.0,0.0,0.0,0.9998478202633508
payload50,K-RobustHOCBF-Filter,11071,0.0363930807379248,0.0501873969834076,0.0514229764898637,0.0,0.0,0.0,0.0,0.0,0.0,0.0,0.999705919019978
payload50,K-RobustHOCBF-Filter,11072,0.0393476140588485,0.050961029333621,0.0524801612602511,0.0,0.0,0.0,0.0,0.0,0.0,0.0,0.9999770303897508
payload50,K-RobustHOCBF-Filter,11073,0.0327683479884127,0.0435275421829245,0.0447481349398691,0.0,0.0,0.0,0.0,0.0,0.0,0.0,0.9965419490237528
payload50,K-RobustHOCBF-Filter,11074,0.0404103747695149,0.0537726826394171,0.0553284082304378,0.0,0.0,0.0,0.0,0.0,0.0,0.0,0.9999956661764436
payload50,K-RobustHOCBF-Filter,11075,0.032200718064102,0.0435632047945227,0.0452086009686606,0.0,0.0,0.0,0.0,0.0,0.0,0.0,0.9939600057493296
payload50,K-RobustHOCBF-Filter,11076,0.0391765347332907,0.0531122119313616,0.0546729249178871,0.0,0.0,0.0,0.0,0.0,0.0,0.0,0.9999768915128971
payload50,K-RobustHOCBF-Filter,11077,0.0305009958370431,0.0384966206142132,0.0396842993668176,0.0,0.0,0.0,0.0,0.0,0.0,0.0,0.9986120583367164
payload50,K-RobustHOCBF-Filter,11078,0.0317041882714942,0.0408089208318618,0.042237111655877,0.0,0.0,0.0,0.0,0.0,0.0,0.0,0.998202375504262
payload50,K-RobustHOCBF-Filter,11079,0.0374759400640401,0.0504785690252036,0.0523071968702677,0.0,0.0,0.0,0.0,0.0,0.0,0.0,0.9999232448177356
payload50,K-RobustHOCBF-Filter,11080,0.0394979006289415,0.0510984875321704,0.0523285312146509,0.0,0.0,0.0,0.0,0.0,0.0,0.0,0.9999252250646624
payload50,K-RobustHOCBF-Filter,11081,0.0314156768427465,0.0424375268180009,0.0438405254896963,0.0,0.0,0.0,0.0,0.0,0.0,0.0,0.9954858830581778
payload50,K-RobustHOCBF-Filter,11082,0.0365817148250787,0.050460255150218,0.0517579926535696,0.0,0.0,0.0,0.0,0.0,0.0,0.0,0.9996041483521424
payload50,K-RobustHOCBF-Filter,11083,0.0273751499180976,0.0363080334417435,0.0374304727950495,0.0,0.0,0.0,0.0,0.0,0.0,0.0,0.9654117542643784
payload50,K-RobustHOCBF-Filter,11084,0.0280478439756587,0.0374190250109789,0.038266625823184,0.0,0.0,0.0,0.0,0.0,0.0,0.0,0.9464966641348246
payload50,K-RobustHOCBF-Filter,11085,0.0335005718488574,0.0443652509702963,0.0460461940041975,0.0,0.0,0.0,0.0,0.0,0.0,0.0,0.9992007256712891
payload50,K-RobustHOCBF-Filter,11086,0.0278085760248776,0.0364664790035664,0.0375610329928531,0.0,0.0,0.0,0.0,0.0,0.0,0.0,0.9748754726736292
payload50,K-RobustHOCBF-Filter,11087,0.0355275448054658,0.0483329439394207,0.0500826088852418,0.0,0.0,0.0,0.0,0.0,0.0,0.0,0.9997675981988248
payload50,K-RobustHOCBF-Filter,11088,0.0300938658536573,0.0397842837734438,0.0407765063483634,0.0,0.0,0.0,0.0,0.0,0.0,0.0,0.9937772397143334
payload50,K-RobustHOCBF-Filter,11089,0.0279110068459825,0.0372310939590459,0.038671347170962,0.0,0.0,0.0,0.0,0.0,0.0,0.0,0.970369008368932
payload50,K-RobustHOCBF-Filter,11090,0.030540326416626,0.0416828358664022,0.0428475623364414,0.0,0.0,0.0,0.0,0.0,0.0,0.0,0.9976719921254636
payload50,K-RobustHOCBF-Filter,11091,0.027106956354589,0.0383090938129904,0.0393551671560265,0.0,0.0,0.0,0.0,0.0,0.0,0.0,0.9634576464431502
payload50,K-RobustHOCBF-Filter,11092,0.0378085706386839,0.0499291070156874,0.0509920337201346,0.0,0.0,0.0,0.0,0.0,0.0,0.0,0.9999544375168709
payload50,K-RobustHOCBF-Filter,11093,0.035753508467815,0.0472014478265976,0.0490121050534418,0.0,0.0,0.0,0.0,0.0,0.0,0.0,0.9996089100142056
payload50,K-RobustHOCBF-Filter,11094,0.0262227646582058,0.0364168847465757,0.0373474897987968,0.0,0.0,0.0,0.0,0.0,0.0,0.0,0.9367988013110594
payload50,K-RobustHOCBF-Filter,11095,0.0296733698168087,0.0394159056805713,0.040269318598357,0.0,0.0,0.0,0.0,0.0,0.0,0.0,0.994510296992282
payload50,K-RobustHOCBF-Filter,11096,0.040587563110606,0.0531718383268302,0.054650495665526,0.0,0.0,0.0,0.0,0.0,0.0,0.0,0.9999951728661808
payload50,K-RobustHOCBF-Filter,11097,0.029223342034904,0.0392117279438016,0.0407612653875345,0.0,0.0,0.0,0.0,0.0,0.0,0.0,0.9835117938615164
payload50,K-RobustHOCBF-Filter,11098,0.0325130140970938,0.0447928073786261,0.0461851439786271,0.0,0.0,0.0,0.0,0.0,0.0,0.0,0.998082002225896
payload50,K-RobustHOCBF-Filter,11099,0.0407082061572016,0.051846772511852,0.0534100475783544,0.0,0.0,0.0,0.0,0.0,0.0,0.0,0.9999965917214796
latency40,CurrentOnly-AE-CeNN-494,11000,0.0128307044434859,0.0173517832822357,0.0224704501622091,0.0,0.0,0.0,0.0,0.0,0.0,0.0,0.0011413750539478
latency40,CurrentOnly-AE-CeNN-494,11001,0.0117092234041797,0.0147407206854338,0.015056479886783,0.0,0.0,0.0,0.0,0.0,0.0,0.0,0.0
latency40,CurrentOnly-AE-CeNN-494,11002,0.0117779608870641,0.0151543901431084,0.015811262657739,0.0,0.0,0.0,0.0,0.0,0.0,0.0,0.0
latency40,CurrentOnly-AE-CeNN-494,11003,0.0121367686141039,0.0168830143371784,0.0178023648321453,0.0,0.0,0.0,0.0,0.0,0.0,0.0,0.0
latency40,CurrentOnly-AE-CeNN-494,11004,0.0118679330335506,0.0156711606849517,0.0160707275160872,0.0,0.0,0.0,0.0,0.0,0.0,0.0,0.0
latency40,CurrentOnly-AE-CeNN-494,11005,0.0115388047923529,0.0153698491785838,0.0156863625100485,0.0,0.0,0.0,0.0,0.0,0.0,0.0,0.0
latency40,CurrentOnly-AE-CeNN-494,11006,0.0121383890899525,0.0159095765777701,0.0164105343441175,0.0,0.0,0.0,0.0,0.0,0.0,0.0,0.0
latency40,CurrentOnly-AE-CeNN-494,11007,0.0120625546800991,0.0149905818154495,0.0155651640064293,0.0,0.0,0.0,0.0,0.0,0.0,0.0,0.0006945994797979
latency40,CurrentOnly-AE-CeNN-494,11008,0.0116182392128133,0.0152948579992156,0.0156584011154499,0.0,0.0,0.0,0.0,0.0,0.0,0.0,0.0
latency40,CurrentOnly-AE-CeNN-494,11009,0.0126122006133798,0.0160894378455246,0.0168573247515851,0.0,0.0,0.0,0.0,0.0,0.0,0.0,0.0
latency40,CurrentOnly-AE-CeNN-494,11010,0.0119936226290609,0.0154293716016654,0.0160092378085716,0.0,0.0,0.0,0.0,0.0,0.0,0.0,0.0
latency40,CurrentOnly-AE-CeNN-494,11011,0.0121647818036552,0.0161739579977798,0.0165412662319482,0.0,0.0,0.0,0.0,0.0,0.0,0.0,0.0
latency40,CurrentOnly-AE-CeNN-494,11012,0.0114754825422125,0.0149891300417741,0.0152170722377355,0.0,0.0,0.0,0.0,0.0,0.0,0.0,0.0
latency40,CurrentOnly-AE-CeNN-494,11013,0.0118299175149987,0.0156010598097702,0.0160801927349799,0.0,0.0,0.0,0.0,0.0,0.0,0.0,0.0
latency40,CurrentOnly-AE-CeNN-494,11014,0.0119599761307736,0.0151385413139909,0.0154311839125752,0.0,0.0,0.0,0.0,0.0,0.0,0.0,0.0
latency40,CurrentOnly-AE-CeNN-494,11015,0.0119976999915537,0.0156006701472046,0.0159778862065474,0.0,0.0,0.0,0.0,0.0,0.0,0.0,0.0
latency40,CurrentOnly-AE-CeNN-494,11016,0.012105718202743,0.01538608707868,0.0165625114891562,0.0,0.0,0.0,0.0,0.0,0.0,0.0,0.0
latency40,CurrentOnly-AE-CeNN-494,11017,0.0113110075929953,0.0151917057873768,0.0155148353787275,0.0,0.0,0.0,0.0,0.0,0.0,0.0,0.0
latency40,CurrentOnly-AE-CeNN-494,11018,0.0116101029041622,0.0148262465925048,0.0151504210209318,0.0,0.0,0.0,0.0,0.0,0.0,0.0,0.0
latency40,CurrentOnly-AE-CeNN-494,11019,0.0115982877390115,0.0157994770461986,0.0164339029168026,0.0,0.0,0.0,0.0,0.0,0.0,0.0,0.0
latency40,CurrentOnly-AE-CeNN-494,11020,0.0119060400980705,0.0152014158814599,0.0154911720940396,0.0,0.0,0.0,0.0,0.0,0.0,0.0,0.0
latency40,CurrentOnly-AE-CeNN-494,11021,0.0124566226442762,0.0165257361493521,0.0168050194870251,0.0,0.0,0.0,0.0,0.0,0.0,0.0,0.0
latency40,CurrentOnly-AE-CeNN-494,11022,0.0119754055474464,0.0154898834643466,0.0159148876992079,0.0,0.0,0.0,0.0,0.0,0.0,0.0,0.0
latency40,CurrentOnly-AE-CeNN-494,11023,0.0117914897274357,0.0152200749919345,0.015855245218917,0.0,0.0,0.0,0.0,0.0,0.0,0.0,0.0
latency40,CurrentOnly-AE-CeNN-494,11024,0.0117591418570044,0.015224069912869,0.0160736632952843,0.0,0.0,0.0,0.0,0.0,0.0,0.0,0.0
latency40,CurrentOnly-AE-CeNN-494,11025,0.0116153370367933,0.0147711253702741,0.0150229453258762,0.0,0.0,0.0,0.0,0.0,0.0,0.0,0.0
latency40,CurrentOnly-AE-CeNN-494,11026,0.0123755658242739,0.0158922324897704,0.0164919444860989,0.0,0.0,0.0,0.0,0.0,0.0,0.0,0.0
latency40,CurrentOnly-AE-CeNN-494,11027,0.0116419836140761,0.0148738457804412,0.0152145843719862,0.0,0.0,0.0,0.0,0.0,0.0,0.0,0.0
latency40,CurrentOnly-AE-CeNN-494,11028,0.0118306161404538,0.0151701855419265,0.0156615742016864,0.0,0.0,0.0,0.0,0.0,0.0,0.0,0.0008152790925579
latency40,CurrentOnly-AE-CeNN-494,11029,0.0117267383759464,0.0155755421384415,0.0158586496445871,0.0,0.0,0.0,0.0,0.0,0.0,0.0,0.0006703273176104
latency40,CurrentOnly-AE-CeNN-494,11030,0.0123867515240992,0.0157059530891077,0.016626511197372,0.0,0.0,0.0,0.0,0.0,0.0,0.0,0.0
latency40,CurrentOnly-AE-CeNN-494,11031,0.011853064534877,0.015171026150205,0.0168015618586258,0.0,0.0,0.0,0.0,0.0,0.0,0.0,0.0
latency40,CurrentOnly-AE-CeNN-494,11032,0.0113979320248091,0.0145372264725815,0.0150460480792631,0.0,0.0,0.0,0.0,0.0,0.0,0.0,0.0
latency40,CurrentOnly-AE-CeNN-494,11033,0.0114700324598486,0.015096999421625,0.0153482505328619,0.0,0.0,0.0,0.0,0.0,0.0,0.0,0.0
latency40,CurrentOnly-AE-CeNN-494,11034,0.0119002695071041,0.0157170632062848,0.0160786658406693,0.0,0.0,0.0,0.0,0.0,0.0,0.0,0.0
latency40,CurrentOnly-AE-CeNN-494,11035,0.0115501515581016,0.014815499690501,0.0150633787954937,0.0,0.0,0.0,0.0,0.0,0.0,0.0,0.0
latency40,CurrentOnly-AE-CeNN-494,11036,0.0112795665208811,0.0147641825257809,0.0150745931659212,0.0,0.0,0.0,0.0,0.0,0.0,0.0,0.0
latency40,CurrentOnly-AE-CeNN-494,11037,0.0115676768928806,0.0149117892103419,0.0150929578957138,0.0,0.0,0.0,0.0,0.0,0.0,0.0,0.0
latency40,CurrentOnly-AE-CeNN-494,11038,0.0120378999771777,0.0155405049279473,0.015760384192552,0.0,0.0,0.0,0.0,0.0,0.0,0.0,0.0
latency40,CurrentOnly-AE-CeNN-494,11039,0.0119599871078813,0.0167316963729017,0.0175478309243152,0.0,0.0,0.0,0.0,0.0,0.0,0.0,0.0
latency40,CurrentOnly-AE-CeNN-494,11040,0.0128928203004929,0.0168074915411542,0.0177027597446593,0.0,0.0,0.0,0.0,0.0,0.0,0.0,0.0
latency40,CurrentOnly-AE-CeNN-494,11041,0.0112240773253568,0.0146221451838569,0.014815460521375,0.0,0.0,0.0,0.0,0.0,0.0,0.0,0.0
latency40,CurrentOnly-AE-CeNN-494,11042,0.0119607006223512,0.0154869031945227,0.0161727462051716,0.0,0.0,0.0,0.0,0.0,0.0,0.0,0.0
latency40,CurrentOnly-AE-CeNN-494,11043,0.0118609025554719,0.0154841529950722,0.0157143809657232,0.0,0.0,0.0,0.0,0.0,0.0,0.0,0.0
latency40,CurrentOnly-AE-CeNN-494,11044,0.0114279924987458,0.0145831458836305,0.015057028539465,0.0,0.0,0.0,0.0,0.0,0.0,0.0,0.0
latency40,CurrentOnly-AE-CeNN-494,11045,0.0117126941548057,0.0147982498217293,0.0155401602595516,0.0,0.0,0.0,0.0,0.0,0.0,0.0,0.0
latency40,CurrentOnly-AE-CeNN-494,11046,0.0117384303622885,0.0147073698457031,0.015164876291146,0.0,0.0,0.0,0.0,0.0,0.0,0.0,0.0
latency40,CurrentOnly-AE-CeNN-494,11047,0.0110803334536328,0.0146787150540249,0.015041487367167,0.0,0.0,0.0,0.0,0.0,0.0,0.0,0.0
latency40,CurrentOnly-AE-CeNN-494,11048,0.0120193420587933,0.0150056069455069,0.0179006338589086,0.0,0.0,0.0,0.0,0.0,0.0,0.0,0.0
latency40,CurrentOnly-AE-CeNN-494,11049,0.0118637741713747,0.0157742551481356,0.0160784269983884,0.0,0.0,0.0,0.0,0.0,0.0,0.0,0.0
latency40,CurrentOnly-AE-CeNN-494,11050,0.0117368173047694,0.0149523020306358,0.0151755170018512,0.0,0.0,0.0,0.0,0.0,0.0,0.0,0.0
latency40,CurrentOnly-AE-CeNN-494,11051,0.011491571870265,0.0158738839644257,0.0165976955467459,0.0,0.0,0.0,0.0,0.0,0.0,0.0,0.0
latency40,CurrentOnly-AE-CeNN-494,11052,0.0122354272128917,0.0152828004198185,0.0163765050334544,0.0,0.0,0.0,0.0,0.0,0.0,0.0,0.0
latency40,CurrentOnly-AE-CeNN-494,11053,0.0113198295153798,0.014382931600151,0.0147851422923901,0.0,0.0,0.0,0.0,0.0,0.0,0.0,0.0
latency40,CurrentOnly-AE-CeNN-494,11054,0.0120336622649862,0.0153075948168104,0.0159859201827068,0.0,0.0,0.0,0.0,0.0,0.0,0.0,0.0
latency40,CurrentOnly-AE-CeNN-494,11055,0.0118516085159814,0.0152887350856534,0.0156892770497152,0.0,0.0,0.0,0.0,0.0,0.0,0.0,0.0
latency40,CurrentOnly-AE-CeNN-494,11056,0.011836753241407,0.0150665996798624,0.0152711594848092,0.0,0.0,0.0,0.0,0.0,0.0,0.0,0.0
latency40,CurrentOnly-AE-CeNN-494,11057,0.0117174605946768,0.0150883601143551,0.0173814905135174,0.0,0.0,0.0,0.0,0.0,0.0,0.0,0.0021279734278679
latency40,CurrentOnly-AE-CeNN-494,11058,0.011973913813423,0.0155630800063729,0.0159454483182909,0.0,0.0,0.0,0.0,0.0,0.0,0.0,0.0
latency40,CurrentOnly-AE-CeNN-494,11059,0.0118784865192403,0.0155813641444113,0.0157644169533523,0.0,0.0,0.0,0.0,0.0,0.0,0.0,0.0
latency40,CurrentOnly-AE-CeNN-494,11060,0.0117588542042599,0.0149283765589211,0.0151173896325403,0.0,0.0,0.0,0.0,0.0,0.0,0.0,0.0
latency40,CurrentOnly-AE-CeNN-494,11061,0.0116282632465435,0.0145928236742477,0.0148648846934247,0.0,0.0,0.0,0.0,0.0,0.0,0.0,0.0005757560082961
latency40,CurrentOnly-AE-CeNN-494,11062,0.0119206791766129,0.0151862613433566,0.0155911284531902,0.0,0.0,0.0,0.0,0.0,0.0,0.0,0.0
latency40,CurrentOnly-AE-CeNN-494,11063,0.0116292470806385,0.0150546482547233,0.0152580659125574,0.0,0.0,0.0,0.0,0.0,0.0,0.0,0.0
latency40,CurrentOnly-AE-CeNN-494,11064,0.011781499233425,0.0147950684100545,0.0151833565830875,0.0,0.0,0.0,0.0,0.0,0.0,0.0,0.0
latency40,CurrentOnly-AE-CeNN-494,11065,0.0118868318602509,0.0152972850401448,0.0154823383546135,0.0,0.0,0.0,0.0,0.0,0.0,0.0,0.0
latency40,CurrentOnly-AE-CeNN-494,11066,0.0120313411810878,0.0151782487111587,0.0156065273917166,0.0,0.0,0.0,0.0,0.0,0.0,0.0,0.0
latency40,CurrentOnly-AE-CeNN-494,11067,0.0112437936416627,0.0149781846327008,0.0157899841709982,0.0,0.0,0.0,0.0,0.0,0.0,0.0,0.0008786734291066
latency40,CurrentOnly-AE-CeNN-494,11068,0.0116205245549691,0.0150598006747158,0.0156938672455911,0.0,0.0,0.0,0.0,0.0,0.0,0.0,0.0014459628426194
latency40,CurrentOnly-AE-CeNN-494,11069,0.0118757007634886,0.0150289524111279,0.0152981732490493,0.0,0.0,0.0,0.0,0.0,0.0,0.0,0.0005916301312038
latency40,CurrentOnly-AE-CeNN-494,11070,0.0112090999996849,0.0152281559601865,0.0158807183361804,0.0,0.0,0.0,0.0,0.0,0.0,0.0,0.0
latency40,CurrentOnly-AE-CeNN-494,11071,0.0122805713297655,0.0159607793001211,0.0179335429038066,0.0,0.0,0.0,0.0,0.0,0.0,0.0,0.0
latency40,CurrentOnly-AE-CeNN-494,11072,0.0121133620107441,0.0156991349846261,0.0159893781831577,0.0,0.0,0.0,0.0,0.0,0.0,0.0,0.0
latency40,CurrentOnly-AE-CeNN-494,11073,0.0118337111589698,0.0155371025734827,0.0160510970743047,0.0,0.0,0.0,0.0,0.0,0.0,0.0,0.0
latency40,CurrentOnly-AE-CeNN-494,11074,0.0124314489795395,0.0154117421900696,0.0159297669383368,0.0,0.0,0.0,0.0,0.0,0.0,0.0,0.0
latency40,CurrentOnly-AE-CeNN-494,11075,0.0121164530310125,0.0153879576035449,0.0156583750892866,0.0,0.0,0.0,0.0,0.0,0.0,0.0,0.0
latency40,CurrentOnly-AE-CeNN-494,11076,0.0120299260140711,0.0148757197047405,0.015024489891746,0.0,0.0,0.0,0.0,0.0,0.0,0.0,0.0
latency40,CurrentOnly-AE-CeNN-494,11077,0.0118744854485916,0.0150886888565704,0.0153344401525958,0.0,0.0,0.0,0.0,0.0,0.0,0.0,0.0
latency40,CurrentOnly-AE-CeNN-494,11078,0.0117760629058538,0.015119495265291,0.0158072888659261,0.0,0.0,0.0,0.0,0.0,0.0,0.0,0.0
latency40,CurrentOnly-AE-CeNN-494,11079,0.0116431595600612,0.0148358504854822,0.0149644556573058,0.0,0.0,0.0,0.0,0.0,0.0,0.0,0.0005634692794377
latency40,CurrentOnly-AE-CeNN-494,11080,0.0119223687555575,0.0149256674675396,0.0151819609340016,0.0,0.0,0.0,0.0,0.0,0.0,0.0,0.0
latency40,CurrentOnly-AE-CeNN-494,11081,0.0119424819938561,0.014960211089748,0.0153202018044247,0.0,0.0,0.0,0.0,0.0,0.0,0.0,0.0
latency40,CurrentOnly-AE-CeNN-494,11082,0.0117846417976604,0.0152258045697825,0.0156355899356152,0.0,0.0,0.0,0.0,0.0,0.0,0.0,0.0
latency40,CurrentOnly-AE-CeNN-494,11083,0.0124976552005917,0.0165077214078901,0.0210888822213449,0.0,0.0,0.0,0.0,0.0,0.0,0.0,0.0
latency40,CurrentOnly-AE-CeNN-494,11084,0.0117360566867512,0.0151974009384516,0.0155024150980516,0.0,0.0,0.0,0.0,0.0,0.0,0.0,0.0
latency40,CurrentOnly-AE-CeNN-494,11085,0.0118865099551436,0.0155517682174479,0.0157974582561594,0.0,0.0,0.0,0.0,0.0,0.0,0.0,0.0
latency40,CurrentOnly-AE-CeNN-494,11086,0.0120658173376149,0.0154976096750106,0.0162245570086611,0.0,0.0,0.0,0.0,0.0,0.0,0.0,0.0
latency40,CurrentOnly-AE-CeNN-494,11087,0.0116455988600454,0.0148344278681601,0.0154871626929255,0.0,0.0,0.0,0.0,0.0,0.0,0.0,0.0
latency40,CurrentOnly-AE-CeNN-494,11088,0.0121902326989507,0.0163925010739759,0.0168205645744338,0.0,0.0,0.0,0.0,0.0,0.0,0.0,0.0
latency40,CurrentOnly-AE-CeNN-494,11089,0.0116685846414652,0.0146456945598188,0.014949324149511,0.0,0.0,0.0,0.0,0.0,0.0,0.0,0.0
latency40,CurrentOnly-AE-CeNN-494,11090,0.0116120224964868,0.0151233677362824,0.0153212735469662,0.0,0.0,0.0,0.0,0.0,0.0,0.0,0.0
latency40,CurrentOnly-AE-CeNN-494,11091,0.0113525527592707,0.0147942515308897,0.0150246446708978,0.0,0.0,0.0,0.0,0.0,0.0,0.0,0.0006131236563912
latency40,CurrentOnly-AE-CeNN-494,11092,0.0113988331158378,0.0146649020012934,0.0154121727151165,0.0,0.0,0.0,0.0,0.0,0.0,0.0,0.0
latency40,CurrentOnly-AE-CeNN-494,11093,0.0115804204958153,0.0156741154049321,0.0158735985592307,0.0,0.0,0.0,0.0,0.0,0.0,0.0,0.0
latency40,CurrentOnly-AE-CeNN-494,11094,0.0120098526083455,0.016281764063312,0.0171562369963947,0.0,0.0,0.0,0.0,0.0,0.0,0.0,0.0
latency40,CurrentOnly-AE-CeNN-494,11095,0.0119258106628038,0.0157232488497515,0.0159273514342245,0.0,0.0,0.0,0.0,0.0,0.0,0.0,0.0
latency40,CurrentOnly-AE-CeNN-494,11096,0.0121384284070519,0.0160009394291797,0.0168283046922423,0.0,0.0,0.0,0.0,0.0,0.0,0.0,0.0
latency40,CurrentOnly-AE-CeNN-494,11097,0.011532033451118,0.0144940388783256,0.0150814271326829,0.0,0.0,0.0,0.0,0.0,0.0,0.0,0.0
latency40,CurrentOnly-AE-CeNN-494,11098,0.0117936677115989,0.0151136166886622,0.0155891168706457,0.0,0.0,0.0,0.0,0.0,0.0,0.0,0.0
latency40,CurrentOnly-AE-CeNN-494,11099,0.0117108403969552,0.0151446150820157,0.0155325329067077,0.0,0.0,0.0,0.0,0.0,0.0,0.0,0.0
latency40,I-RiskGovernor-unfiltered,11000,0.0128354558157473,0.0173517708658387,0.0225995158805211,0.0,0.0,0.0,0.0,0.0,0.0,0.0,0.0016506511849482
latency40,I-RiskGovernor-unfiltered,11001,0.0117014584790086,0.014740676540129,0.0150564799575861,0.0,0.0,0.0,0.0,0.0,0.0,0.0,0.0
latency40,I-RiskGovernor-unfiltered,11002,0.0117802231401193,0.0151542201464741,0.0158112585366744,0.0,0.0,0.0,0.0,0.0,0.0,0.0,0.0
latency40,I-RiskGovernor-unfiltered,11003,0.0121359495316244,0.0168830143443879,0.0178023648411422,0.0,0.0,0.0,0.0,0.0,0.0,0.0,0.0
latency40,I-RiskGovernor-unfiltered,11004,0.0118729628568925,0.0156711458414957,0.0160695570105014,0.0,0.0,0.0,0.0,0.0,0.0,0.0,0.0
latency40,I-RiskGovernor-unfiltered,11005,0.0115392517640103,0.015369833916988,0.0156863625051567,0.0,0.0,0.0,0.0,0.0,0.0,0.0,0.0
latency40,I-RiskGovernor-unfiltered,11006,0.0121393906098443,0.0159095765600454,0.0164105343045181,0.0,0.0,0.0,0.0,0.0,0.0,0.0,0.0
latency40,I-RiskGovernor-unfiltered,11007,0.012056601609914,0.0149898451456054,0.0155651661057906,0.0,0.0,0.0,0.0,0.0,0.0,0.0,0.000680447583466
latency40,I-RiskGovernor-unfiltered,11008,0.0116219132845863,0.0152933327658629,0.0156572544901068,0.0,0.0,0.0,0.0,0.0,0.0,0.0,0.0
latency40,I-RiskGovernor-unfiltered,11009,0.0126127483987506,0.0160894377807074,0.0168573247120544,0.0,0.0,0.0,0.0,0.0,0.0,0.0,0.0
latency40,I-RiskGovernor-unfiltered,11010,0.0119890325826608,0.0154293716228788,0.0160092378289399,0.0,0.0,0.0,0.0,0.0,0.0,0.0,0.0
latency40,I-RiskGovernor-unfiltered,11011,0.0121637966076476,0.0161739580276718,0.0165412662691415,0.0,0.0,0.0,0.0,0.0,0.0,0.0,0.0
latency40,I-RiskGovernor-unfiltered,11012,0.0114756927672509,0.0149891371741652,0.0152164522335172,0.0,0.0,0.0,0.0,0.0,0.0,0.0,0.0
latency40,I-RiskGovernor-unfiltered,11013,0.011830419210681,0.0156000359970166,0.0160795897671314,0.0,0.0,0.0,0.0,0.0,0.0,0.0,0.0
latency40,I-RiskGovernor-unfiltered,11014,0.0119536272915961,0.0151385485641307,0.0154312399369256,0.0,0.0,0.0,0.0,0.0,0.0,0.0,0.0
latency40,I-RiskGovernor-unfiltered,11015,0.0119972217526905,0.0156006696919722,0.015977886213177,0.0,0.0,0.0,0.0,0.0,0.0,0.0,0.0
latency40,I-RiskGovernor-unfiltered,11016,0.0121032160051402,0.0153827221932798,0.0164742985038065,0.0,0.0,0.0,0.0,0.0,0.0,0.0,0.0
latency40,I-RiskGovernor-unfiltered,11017,0.0113107757614,0.015191623374839,0.0155146520591408,0.0,0.0,0.0,0.0,0.0,0.0,0.0,0.0
latency40,I-RiskGovernor-unfiltered,11018,0.0116100335035851,0.0148262474555984,0.015150421319956,0.0,0.0,0.0,0.0,0.0,0.0,0.0,0.0
latency40,I-RiskGovernor-unfiltered,11019,0.0115981111235288,0.015799477771824,0.0164339022149741,0.0,0.0,0.0,0.0,0.0,0.0,0.0,0.0
latency40,I-RiskGovernor-unfiltered,11020,0.011905980057148,0.0152013980076947,0.0154911720945899,0.0,0.0,0.0,0.0,0.0,0.0,0.0,0.0
latency40,I-RiskGovernor-unfiltered,11021,0.0124670071879641,0.0165257361244429,0.0168050194435028,0.0,0.0,0.0,0.0,0.0,0.0,0.0,0.0
latency40,I-RiskGovernor-unfiltered,11022,0.0119754055474464,0.0154898834643466,0.0159148876992079,0.0,0.0,0.0,0.0,0.0,0.0,0.0,0.0
latency40,I-RiskGovernor-unfiltered,11023,0.0117914897274357,0.0152200749919345,0.015855245218917,0.0,0.0,0.0,0.0,0.0,0.0,0.0,0.0
latency40,I-RiskGovernor-unfiltered,11024,0.0117614287436361,0.0152240083588272,0.0160736632886432,0.0,0.0,0.0,0.0,0.0,0.0,0.0,0.0
latency40,I-RiskGovernor-unfiltered,11025,0.0116153370367933,0.0147711253702741,0.0150229453258762,0.0,0.0,0.0,0.0,0.0,0.0,0.0,0.0
latency40,I-RiskGovernor-unfiltered,11026,0.0123749615875289,0.0158922321569992,0.0164919398866552,0.0,0.0,0.0,0.0,0.0,0.0,0.0,0.0
latency40,I-RiskGovernor-unfiltered,11027,0.0116383996299352,0.0148738451639745,0.0152138799564419,0.0,0.0,0.0,0.0,0.0,0.0,0.0,0.0
latency40,I-RiskGovernor-unfiltered,11028,0.0118328709006989,0.0151701546144486,0.0156615780323612,0.0,0.0,0.0,0.0,0.0,0.0,0.0,0.0008152790925157
latency40,I-RiskGovernor-unfiltered,11029,0.0117271182015611,0.0155756057241343,0.0158589587991847,0.0,0.0,0.0,0.0,0.0,0.0,0.0,0.0006703275703467
latency40,I-RiskGovernor-unfiltered,11030,0.0123862050230501,0.0157059530904744,0.0166265111995587,0.0,0.0,0.0,0.0,0.0,0.0,0.0,0.0
latency40,I-RiskGovernor-unfiltered,11031,0.0118522855378551,0.0151708133210134,0.0168015618617021,0.0,0.0,0.0,0.0,0.0,0.0,0.0,0.0
latency40,I-RiskGovernor-unfiltered,11032,0.0113974641461413,0.014537109019784,0.015045577013428,0.0,0.0,0.0,0.0,0.0,0.0,0.0,0.0
latency40,I-RiskGovernor-unfiltered,11033,0.0114704079590765,0.0150969877075456,0.0153483041121809,0.0,0.0,0.0,0.0,0.0,0.0,0.0,0.0
latency40,I-RiskGovernor-unfiltered,11034,0.0119002695071041,0.0157170632062848,0.0160786658406693,0.0,0.0,0.0,0.0,0.0,0.0,0.0,0.0
latency40,I-RiskGovernor-unfiltered,11035,0.0115538819641639,0.0148144494059509,0.0150624063747553,0.0,0.0,0.0,0.0,0.0,0.0,0.0,0.0
latency40,I-RiskGovernor-unfiltered,11036,0.0112800004133289,0.0147641824933332,0.0150742008261398,0.0,0.0,0.0,0.0,0.0,0.0,0.0,0.0
latency40,I-RiskGovernor-unfiltered,11037,0.0115676768928806,0.0149117892103419,0.0150929578957138,0.0,0.0,0.0,0.0,0.0,0.0,0.0,0.0
latency40,I-RiskGovernor-unfiltered,11038,0.0120378999771777,0.0155405049279473,0.015760384192552,0.0,0.0,0.0,0.0,0.0,0.0,0.0,0.0
latency40,I-RiskGovernor-unfiltered,11039,0.0119585295948766,0.0167316930784331,0.0175478282929612,0.0,0.0,0.0,0.0,0.0,0.0,0.0,0.0
latency40,I-RiskGovernor-unfiltered,11040,0.0128909376143932,0.0168074925833522,0.0177027597500191,0.0,0.0,0.0,0.0,0.0,0.0,0.0,0.0
latency40,I-RiskGovernor-unfiltered,11041,0.0112240489496423,0.0146221513639805,0.0148154605898522,0.0,0.0,0.0,0.0,0.0,0.0,0.0,0.0
latency40,I-RiskGovernor-unfiltered,11042,0.0119574359045765,0.0154871483190526,0.0161731628411446,0.0,0.0,0.0,0.0,0.0,0.0,0.0,0.0
latency40,I-RiskGovernor-unfiltered,11043,0.0118609025554719,0.0154841529950722,0.0157143809657232,0.0,0.0,0.0,0.0,0.0,0.0,0.0,0.0
latency40,I-RiskGovernor-unfiltered,11044,0.0114266161930392,0.0145831534748368,0.0150570306840967,0.0,0.0,0.0,0.0,0.0,0.0,0.0,0.0
latency40,I-RiskGovernor-unfiltered,11045,0.0117107426080841,0.0147982498244657,0.0155401602700972,0.0,0.0,0.0,0.0,0.0,0.0,0.0,0.0
latency40,I-RiskGovernor-unfiltered,11046,0.0117347300129343,0.0147073723446311,0.0151648816905539,0.0,0.0,0.0,0.0,0.0,0.0,0.0,0.0
latency40,I-RiskGovernor-unfiltered,11047,0.0110797594750342,0.0146786242910107,0.015041267134938,0.0,0.0,0.0,0.0,0.0,0.0,0.0,0.0
latency40,I-RiskGovernor-unfiltered,11048,0.0120132278238559,0.0149939932193495,0.0178060160559788,0.0,0.0,0.0,0.0,0.0,0.0,0.0,0.0
latency40,I-RiskGovernor-unfiltered,11049,0.01186351091417,0.0157742551493982,0.0160784269995111,0.0,0.0,0.0,0.0,0.0,0.0,0.0,0.0
latency40,I-RiskGovernor-unfiltered,11050,0.011737460066906,0.0149524277388708,0.0151756015541401,0.0,0.0,0.0,0.0,0.0,0.0,0.0,0.0
latency40,I-RiskGovernor-unfiltered,11051,0.0114874966078019,0.015873884003147,0.016597695591513,0.0,0.0,0.0,0.0,0.0,0.0,0.0,0.0
latency40,I-RiskGovernor-unfiltered,11052,0.0122351965412308,0.0152823064219753,0.0163765050266409,0.0,0.0,0.0,0.0,0.0,0.0,0.0,0.0
latency40,I-RiskGovernor-unfiltered,11053,0.0113198295153798,0.014382931600151,0.0147851422923901,0.0,0.0,0.0,0.0,0.0,0.0,0.0,0.0
latency40,I-RiskGovernor-unfiltered,11054,0.0120287246409251,0.0153075461293261,0.0159859202662877,0.0,0.0,0.0,0.0,0.0,0.0,0.0,0.0
latency40,I-RiskGovernor-unfiltered,11055,0.0118502832671097,0.0152887291083712,0.0156892746786607,0.0,0.0,0.0,0.0,0.0,0.0,0.0,0.0
latency40,I-RiskGovernor-unfiltered,11056,0.0118377047677104,0.0150666070884673,0.0152711594899849,0.0,0.0,0.0,0.0,0.0,0.0,0.0,0.0
latency40,I-RiskGovernor-unfiltered,11057,0.0117146956355137,0.0150880637785371,0.0174010214053235,0.0,0.0,0.0,0.0,0.0,0.0,0.0,0.0021386734691815
latency40,I-RiskGovernor-unfiltered,11058,0.0119736191037929,0.0155626645056653,0.0159451757803772,0.0,0.0,0.0,0.0,0.0,0.0,0.0,0.0
latency40,I-RiskGovernor-unfiltered,11059,0.0118767834113558,0.0155814378201306,0.0157644169732882,0.0,0.0,0.0,0.0,0.0,0.0,0.0,0.0
latency40,I-RiskGovernor-unfiltered,11060,0.0117592277903859,0.0149281931972492,0.0151171291752468,0.0,0.0,0.0,0.0,0.0,0.0,0.0,0.0
latency40,I-RiskGovernor-unfiltered,11061,0.0116264441216555,0.0145873848010089,0.0148388210020339,0.0,0.0,0.0,0.0,0.0,0.0,0.0,0.0005770059465271
latency40,I-RiskGovernor-unfiltered,11062,0.0119206791766129,0.0151862613433566,0.0155911284531902,0.0,0.0,0.0,0.0,0.0,0.0,0.0,0.0
latency40,I-RiskGovernor-unfiltered,11063,0.011628343399781,0.01505422400959,0.0152577177662424,0.0,0.0,0.0,0.0,0.0,0.0,0.0,0.0
latency40,I-RiskGovernor-unfiltered,11064,0.0117852098486689,0.0147949042177558,0.0151833564666847,0.0,0.0,0.0,0.0,0.0,0.0,0.0,0.0
latency40,I-RiskGovernor-unfiltered,11065,0.0118832692014046,0.0152973637393707,0.0154812285390084,0.0,0.0,0.0,0.0,0.0,0.0,0.0,0.0
latency40,I-RiskGovernor-unfiltered,11066,0.0120333672909164,0.0151783657095907,0.0156063746322393,0.0,0.0,0.0,0.0,0.0,0.0,0.0,0.0
latency40,I-RiskGovernor-unfiltered,11067,0.0112446498133033,0.0149781532472212,0.0157899396299434,0.0,0.0,0.0,0.0,0.0,0.0,0.0,0.0008786734292298
latency40,I-RiskGovernor-unfiltered,11068,0.0116202756706731,0.0150592596741512,0.0157443179228042,0.0,0.0,0.0,0.0,0.0,0.0,0.0,0.0014561589690283
latency40,I-RiskGovernor-unfiltered,11069,0.011874614989862,0.0150289084596176,0.0152979888470514,0.0,0.0,0.0,0.0,0.0,0.0,0.0,0.0005916301311948
latency40,I-RiskGovernor-unfiltered,11070,0.0112090999996849,0.0152281559601865,0.0158807183361804,0.0,0.0,0.0,0.0,0.0,0.0,0.0,0.0
latency40,I-RiskGovernor-unfiltered,11071,0.0122797083084145,0.0159606019704101,0.0179335386015015,0.0,0.0,0.0,0.0,0.0,0.0,0.0,0.0
latency40,I-RiskGovernor-unfiltered,11072,0.0121130061239812,0.0156985080869506,0.0159885254610769,0.0,0.0,0.0,0.0,0.0,0.0,0.0,0.0
latency40,I-RiskGovernor-unfiltered,11073,0.011833882645756,0.0155371025503445,0.0160510970527451,0.0,0.0,0.0,0.0,0.0,0.0,0.0,0.0
latency40,I-RiskGovernor-unfiltered,11074,0.0124274616324798,0.0154117425512708,0.0159297605396375,0.0,0.0,0.0,0.0,0.0,0.0,0.0,0.0
latency40,I-RiskGovernor-unfiltered,11075,0.0121151879658638,0.0153876984606818,0.0156583757515815,0.0,0.0,0.0,0.0,0.0,0.0,0.0,0.0
latency40,I-RiskGovernor-unfiltered,11076,0.0120299653089368,0.0148756895286102,0.0150244452875448,0.0,0.0,0.0,0.0,0.0,0.0,0.0,0.0
latency40,I-RiskGovernor-unfiltered,11077,0.0118744854485916,0.0150886888565704,0.0153344401525958,0.0,0.0,0.0,0.0,0.0,0.0,0.0,0.0
latency40,I-RiskGovernor-unfiltered,11078,0.0117759201979493,0.0151194961947817,0.0158072888729408,0.0,0.0,0.0,0.0,0.0,0.0,0.0,0.0
latency40,I-RiskGovernor-unfiltered,11079,0.0116398625639021,0.0148349532250466,0.0149645156454228,0.0,0.0,0.0,0.0,0.0,0.0,0.0,0.0005634692794396
latency40,I-RiskGovernor-unfiltered,11080,0.0119236222312731,0.0149251666083394,0.0151816970108727,0.0,0.0,0.0,0.0,0.0,0.0,0.0,0.0
latency40,I-RiskGovernor-unfiltered,11081,0.011942385981632,0.0149601345222622,0.0153201529564507,0.0,0.0,0.0,0.0,0.0,0.0,0.0,0.0
latency40,I-RiskGovernor-unfiltered,11082,0.0117846092102439,0.0152257936164118,0.015635567045273,0.0,0.0,0.0,0.0,0.0,0.0,0.0,0.0
latency40,I-RiskGovernor-unfiltered,11083,0.0124952595199766,0.0165077214322433,0.0210746819528724,0.0,0.0,0.0,0.0,0.0,0.0,0.0,0.0
latency40,I-RiskGovernor-unfiltered,11084,0.0117354585437899,0.0151975893530907,0.0155024175408991,0.0,0.0,0.0,0.0,0.0,0.0,0.0,0.0
latency40,I-RiskGovernor-unfiltered,11085,0.0118865099551436,0.0155517682174479,0.0157974582561594,0.0,0.0,0.0,0.0,0.0,0.0,0.0,0.0
latency40,I-RiskGovernor-unfiltered,11086,0.0120654244622389,0.0154976094797375,0.0162245572476546,0.0,0.0,0.0,0.0,0.0,0.0,0.0,0.0
latency40,I-RiskGovernor-unfiltered,11087,0.0116450368241621,0.0148346139779896,0.0154873439233387,0.0,0.0,0.0,0.0,0.0,0.0,0.0,0.0
latency40,I-RiskGovernor-unfiltered,11088,0.0121965159896114,0.0163925010584021,0.0168205645482828,0.0,0.0,0.0,0.0,0.0,0.0,0.0,0.0
latency40,I-RiskGovernor-unfiltered,11089,0.0116675791710567,0.0146456373891597,0.014948993265732,0.0,0.0,0.0,0.0,0.0,0.0,0.0,0.0
latency40,I-RiskGovernor-unfiltered,11090,0.0116112056740331,0.0151233677276103,0.0153213645182352,0.0,0.0,0.0,0.0,0.0,0.0,0.0,0.0
latency40,I-RiskGovernor-unfiltered,11091,0.0113492269911869,0.0147933558997556,0.0150246375903497,0.0,0.0,0.0,0.0,0.0,0.0,0.0,0.0006131235489315
latency40,I-RiskGovernor-unfiltered,11092,0.0114039875788853,0.0146646662711478,0.0154121727189604,0.0,0.0,0.0,0.0,0.0,0.0,0.0,0.0
latency40,I-RiskGovernor-unfiltered,11093,0.011577603170696,0.0156729288865361,0.0158735985857465,0.0,0.0,0.0,0.0,0.0,0.0,0.0,0.0
latency40,I-RiskGovernor-unfiltered,11094,0.0120025152665556,0.016281764124209,0.0171562370552876,0.0,0.0,0.0,0.0,0.0,0.0,0.0,0.0
latency40,I-RiskGovernor-unfiltered,11095,0.0119252860882325,0.0157232398201815,0.0159273526695142,0.0,0.0,0.0,0.0,0.0,0.0,0.0,0.0
latency40,I-RiskGovernor-unfiltered,11096,0.012138377416161,0.0160009394294867,0.0168283046925553,0.0,0.0,0.0,0.0,0.0,0.0,0.0,0.0
latency40,I-RiskGovernor-unfiltered,11097,0.0115354003008271,0.0144930327010126,0.0150809859842026,0.0,0.0,0.0,0.0,0.0,0.0,0.0,0.0
latency40,I-RiskGovernor-unfiltered,11098,0.0117984708049677,0.0151132737424003,0.015589116938565,0.0,0.0,0.0,0.0,0.0,0.0,0.0,0.0
latency40,I-RiskGovernor-unfiltered,11099,0.0117108403969552,0.0151446150820157,0.0155325329067077,0.0,0.0,0.0,0.0,0.0,0.0,0.0,0.0
latency40,J-PredictiveProjection,11000,0.0128354558157473,0.0173517708658387,0.0225995158805211,0.0,0.0,0.0,0.0,0.0,0.0,0.0,0.0016506511849482
latency40,J-PredictiveProjection,11001,0.0117014584790086,0.014740676540129,0.0150564799575861,0.0,0.0,0.0,0.0,0.0,0.0,0.0,0.0
latency40,J-PredictiveProjection,11002,0.0117802231401193,0.0151542201464741,0.0158112585366744,0.0,0.0,0.0,0.0,0.0,0.0,0.0,0.0
latency40,J-PredictiveProjection,11003,0.0121359495316244,0.0168830143443879,0.0178023648411422,0.0,0.0,0.0,0.0,0.0,0.0,0.0,0.0
latency40,J-PredictiveProjection,11004,0.0118729628568925,0.0156711458414957,0.0160695570105014,0.0,0.0,0.0,0.0,0.0,0.0,0.0,0.0
latency40,J-PredictiveProjection,11005,0.0115392517640103,0.015369833916988,0.0156863625051567,0.0,0.0,0.0,0.0,0.0,0.0,0.0,0.0
latency40,J-PredictiveProjection,11006,0.0121393906098443,0.0159095765600454,0.0164105343045181,0.0,0.0,0.0,0.0,0.0,0.0,0.0,0.0
latency40,J-PredictiveProjection,11007,0.012056601609914,0.0149898451456054,0.0155651661057906,0.0,0.0,0.0,0.0,0.0,0.0,0.0,0.000680447583466
latency40,J-PredictiveProjection,11008,0.0116219132845863,0.0152933327658629,0.0156572544901068,0.0,0.0,0.0,0.0,0.0,0.0,0.0,0.0
latency40,J-PredictiveProjection,11009,0.0126127483987506,0.0160894377807074,0.0168573247120544,0.0,0.0,0.0,0.0,0.0,0.0,0.0,0.0
latency40,J-PredictiveProjection,11010,0.0119890325826608,0.0154293716228788,0.0160092378289399,0.0,0.0,0.0,0.0,0.0,0.0,0.0,0.0
latency40,J-PredictiveProjection,11011,0.0121637966076476,0.0161739580276718,0.0165412662691415,0.0,0.0,0.0,0.0,0.0,0.0,0.0,0.0
latency40,J-PredictiveProjection,11012,0.0114756927672509,0.0149891371741652,0.0152164522335172,0.0,0.0,0.0,0.0,0.0,0.0,0.0,0.0
latency40,J-PredictiveProjection,11013,0.011830419210681,0.0156000359970166,0.0160795897671314,0.0,0.0,0.0,0.0,0.0,0.0,0.0,0.0
latency40,J-PredictiveProjection,11014,0.0119536272915961,0.0151385485641307,0.0154312399369256,0.0,0.0,0.0,0.0,0.0,0.0,0.0,0.0
latency40,J-PredictiveProjection,11015,0.0119972217526905,0.0156006696919722,0.015977886213177,0.0,0.0,0.0,0.0,0.0,0.0,0.0,0.0
latency40,J-PredictiveProjection,11016,0.0121032160051402,0.0153827221932798,0.0164742985038065,0.0,0.0,0.0,0.0,0.0,0.0,0.0,0.0
latency40,J-PredictiveProjection,11017,0.0113107757614,0.015191623374839,0.0155146520591408,0.0,0.0,0.0,0.0,0.0,0.0,0.0,0.0
latency40,J-PredictiveProjection,11018,0.0116100335035851,0.0148262474555984,0.015150421319956,0.0,0.0,0.0,0.0,0.0,0.0,0.0,0.0
latency40,J-PredictiveProjection,11019,0.0115981111235288,0.015799477771824,0.0164339022149741,0.0,0.0,0.0,0.0,0.0,0.0,0.0,0.0
latency40,J-PredictiveProjection,11020,0.011905980057148,0.0152013980076947,0.0154911720945899,0.0,0.0,0.0,0.0,0.0,0.0,0.0,0.0
latency40,J-PredictiveProjection,11021,0.0124670071879641,0.0165257361244429,0.0168050194435028,0.0,0.0,0.0,0.0,0.0,0.0,0.0,0.0
latency40,J-PredictiveProjection,11022,0.0119754055474464,0.0154898834643466,0.0159148876992079,0.0,0.0,0.0,0.0,0.0,0.0,0.0,0.0
latency40,J-PredictiveProjection,11023,0.0117914897274357,0.0152200749919345,0.015855245218917,0.0,0.0,0.0,0.0,0.0,0.0,0.0,0.0
latency40,J-PredictiveProjection,11024,0.0117614287436361,0.0152240083588272,0.0160736632886432,0.0,0.0,0.0,0.0,0.0,0.0,0.0,0.0
latency40,J-PredictiveProjection,11025,0.0116153370367933,0.0147711253702741,0.0150229453258762,0.0,0.0,0.0,0.0,0.0,0.0,0.0,0.0
latency40,J-PredictiveProjection,11026,0.0123749615875289,0.0158922321569992,0.0164919398866552,0.0,0.0,0.0,0.0,0.0,0.0,0.0,0.0
latency40,J-PredictiveProjection,11027,0.0116383996299352,0.0148738451639745,0.0152138799564419,0.0,0.0,0.0,0.0,0.0,0.0,0.0,0.0
latency40,J-PredictiveProjection,11028,0.0118328709006989,0.0151701546144486,0.0156615780323612,0.0,0.0,0.0,0.0,0.0,0.0,0.0,0.0008152790925157
latency40,J-PredictiveProjection,11029,0.0117271182015611,0.0155756057241343,0.0158589587991847,0.0,0.0,0.0,0.0,0.0,0.0,0.0,0.0006703275703467
latency40,J-PredictiveProjection,11030,0.0123862050230501,0.0157059530904744,0.0166265111995587,0.0,0.0,0.0,0.0,0.0,0.0,0.0,0.0
latency40,J-PredictiveProjection,11031,0.0118522855378551,0.0151708133210134,0.0168015618617021,0.0,0.0,0.0,0.0,0.0,0.0,0.0,0.0
latency40,J-PredictiveProjection,11032,0.0113974641461413,0.014537109019784,0.015045577013428,0.0,0.0,0.0,0.0,0.0,0.0,0.0,0.0
latency40,J-PredictiveProjection,11033,0.0114704079590765,0.0150969877075456,0.0153483041121809,0.0,0.0,0.0,0.0,0.0,0.0,0.0,0.0
latency40,J-PredictiveProjection,11034,0.0119002695071041,0.0157170632062848,0.0160786658406693,0.0,0.0,0.0,0.0,0.0,0.0,0.0,0.0
latency40,J-PredictiveProjection,11035,0.0115538819641639,0.0148144494059509,0.0150624063747553,0.0,0.0,0.0,0.0,0.0,0.0,0.0,0.0
latency40,J-PredictiveProjection,11036,0.0112800004133289,0.0147641824933332,0.0150742008261398,0.0,0.0,0.0,0.0,0.0,0.0,0.0,0.0
latency40,J-PredictiveProjection,11037,0.0115676768928806,0.0149117892103419,0.0150929578957138,0.0,0.0,0.0,0.0,0.0,0.0,0.0,0.0
latency40,J-PredictiveProjection,11038,0.0120378999771777,0.0155405049279473,0.015760384192552,0.0,0.0,0.0,0.0,0.0,0.0,0.0,0.0
latency40,J-PredictiveProjection,11039,0.0119585295948766,0.0167316930784331,0.0175478282929612,0.0,0.0,0.0,0.0,0.0,0.0,0.0,0.0
latency40,J-PredictiveProjection,11040,0.0128909376143932,0.0168074925833522,0.0177027597500191,0.0,0.0,0.0,0.0,0.0,0.0,0.0,0.0
latency40,J-PredictiveProjection,11041,0.0112240489496423,0.0146221513639805,0.0148154605898522,0.0,0.0,0.0,0.0,0.0,0.0,0.0,0.0
latency40,J-PredictiveProjection,11042,0.0119574359045765,0.0154871483190526,0.0161731628411446,0.0,0.0,0.0,0.0,0.0,0.0,0.0,0.0
latency40,J-PredictiveProjection,11043,0.0118609025554719,0.0154841529950722,0.0157143809657232,0.0,0.0,0.0,0.0,0.0,0.0,0.0,0.0
latency40,J-PredictiveProjection,11044,0.0114266161930392,0.0145831534748368,0.0150570306840967,0.0,0.0,0.0,0.0,0.0,0.0,0.0,0.0
latency40,J-PredictiveProjection,11045,0.0117107426080841,0.0147982498244657,0.0155401602700972,0.0,0.0,0.0,0.0,0.0,0.0,0.0,0.0
latency40,J-PredictiveProjection,11046,0.0117347300129343,0.0147073723446311,0.0151648816905539,0.0,0.0,0.0,0.0,0.0,0.0,0.0,0.0
latency40,J-PredictiveProjection,11047,0.0110797594750342,0.0146786242910107,0.015041267134938,0.0,0.0,0.0,0.0,0.0,0.0,0.0,0.0
latency40,J-PredictiveProjection,11048,0.0120132278238559,0.0149939932193495,0.0178060160559788,0.0,0.0,0.0,0.0,0.0,0.0,0.0,0.0
latency40,J-PredictiveProjection,11049,0.01186351091417,0.0157742551493982,0.0160784269995111,0.0,0.0,0.0,0.0,0.0,0.0,0.0,0.0
latency40,J-PredictiveProjection,11050,0.011737460066906,0.0149524277388708,0.0151756015541401,0.0,0.0,0.0,0.0,0.0,0.0,0.0,0.0
latency40,J-PredictiveProjection,11051,0.0114874966078019,0.015873884003147,0.016597695591513,0.0,0.0,0.0,0.0,0.0,0.0,0.0,0.0
latency40,J-PredictiveProjection,11052,0.0122351965412308,0.0152823064219753,0.0163765050266409,0.0,0.0,0.0,0.0,0.0,0.0,0.0,0.0
latency40,J-PredictiveProjection,11053,0.0113198295153798,0.014382931600151,0.0147851422923901,0.0,0.0,0.0,0.0,0.0,0.0,0.0,0.0
latency40,J-PredictiveProjection,11054,0.0120287246409251,0.0153075461293261,0.0159859202662877,0.0,0.0,0.0,0.0,0.0,0.0,0.0,0.0
latency40,J-PredictiveProjection,11055,0.0118502832671097,0.0152887291083712,0.0156892746786607,0.0,0.0,0.0,0.0,0.0,0.0,0.0,0.0
latency40,J-PredictiveProjection,11056,0.0118377047677104,0.0150666070884673,0.0152711594899849,0.0,0.0,0.0,0.0,0.0,0.0,0.0,0.0
latency40,J-PredictiveProjection,11057,0.0117146956355137,0.0150880637785371,0.0174010214053235,0.0,0.0,0.0,0.0,0.0,0.0,0.0,0.0021386734691815
latency40,J-PredictiveProjection,11058,0.0119736191037929,0.0155626645056653,0.0159451757803772,0.0,0.0,0.0,0.0,0.0,0.0,0.0,0.0
latency40,J-PredictiveProjection,11059,0.0118767834113558,0.0155814378201306,0.0157644169732882,0.0,0.0,0.0,0.0,0.0,0.0,0.0,0.0
latency40,J-PredictiveProjection,11060,0.0117592277903859,0.0149281931972492,0.0151171291752468,0.0,0.0,0.0,0.0,0.0,0.0,0.0,0.0
latency40,J-PredictiveProjection,11061,0.0116264441216555,0.0145873848010089,0.0148388210020339,0.0,0.0,0.0,0.0,0.0,0.0,0.0,0.0005770059465271
latency40,J-PredictiveProjection,11062,0.0119206791766129,0.0151862613433566,0.0155911284531902,0.0,0.0,0.0,0.0,0.0,0.0,0.0,0.0
latency40,J-PredictiveProjection,11063,0.011628343399781,0.01505422400959,0.0152577177662424,0.0,0.0,0.0,0.0,0.0,0.0,0.0,0.0
latency40,J-PredictiveProjection,11064,0.0117852098486689,0.0147949042177558,0.0151833564666847,0.0,0.0,0.0,0.0,0.0,0.0,0.0,0.0
latency40,J-PredictiveProjection,11065,0.0118832692014046,0.0152973637393707,0.0154812285390084,0.0,0.0,0.0,0.0,0.0,0.0,0.0,0.0
latency40,J-PredictiveProjection,11066,0.0120333672909164,0.0151783657095907,0.0156063746322393,0.0,0.0,0.0,0.0,0.0,0.0,0.0,0.0
latency40,J-PredictiveProjection,11067,0.0112446498133033,0.0149781532472212,0.0157899396299434,0.0,0.0,0.0,0.0,0.0,0.0,0.0,0.0008786734292298
latency40,J-PredictiveProjection,11068,0.0116202756706731,0.0150592596741512,0.0157443179228042,0.0,0.0,0.0,0.0,0.0,0.0,0.0,0.0014561589690283
latency40,J-PredictiveProjection,11069,0.011874614989862,0.0150289084596176,0.0152979888470514,0.0,0.0,0.0,0.0,0.0,0.0,0.0,0.0005916301311948
latency40,J-PredictiveProjection,11070,0.0112090999996849,0.0152281559601865,0.0158807183361804,0.0,0.0,0.0,0.0,0.0,0.0,0.0,0.0
latency40,J-PredictiveProjection,11071,0.0122797083084145,0.0159606019704101,0.0179335386015015,0.0,0.0,0.0,0.0,0.0,0.0,0.0,0.0
latency40,J-PredictiveProjection,11072,0.0121130061239812,0.0156985080869506,0.0159885254610769,0.0,0.0,0.0,0.0,0.0,0.0,0.0,0.0
latency40,J-PredictiveProjection,11073,0.011833882645756,0.0155371025503445,0.0160510970527451,0.0,0.0,0.0,0.0,0.0,0.0,0.0,0.0
latency40,J-PredictiveProjection,11074,0.0124274616324798,0.0154117425512708,0.0159297605396375,0.0,0.0,0.0,0.0,0.0,0.0,0.0,0.0
latency40,J-PredictiveProjection,11075,0.0121151879658638,0.0153876984606818,0.0156583757515815,0.0,0.0,0.0,0.0,0.0,0.0,0.0,0.0
latency40,J-PredictiveProjection,11076,0.0120299653089368,0.0148756895286102,0.0150244452875448,0.0,0.0,0.0,0.0,0.0,0.0,0.0,0.0
latency40,J-PredictiveProjection,11077,0.0118744854485916,0.0150886888565704,0.0153344401525958,0.0,0.0,0.0,0.0,0.0,0.0,0.0,0.0
latency40,J-PredictiveProjection,11078,0.0117759201979493,0.0151194961947817,0.0158072888729408,0.0,0.0,0.0,0.0,0.0,0.0,0.0,0.0
latency40,J-PredictiveProjection,11079,0.0116398625639021,0.0148349532250466,0.0149645156454228,0.0,0.0,0.0,0.0,0.0,0.0,0.0,0.0005634692794396
latency40,J-PredictiveProjection,11080,0.0119236222312731,0.0149251666083394,0.0151816970108727,0.0,0.0,0.0,0.0,0.0,0.0,0.0,0.0
latency40,J-PredictiveProjection,11081,0.011942385981632,0.0149601345222622,0.0153201529564507,0.0,0.0,0.0,0.0,0.0,0.0,0.0,0.0
latency40,J-PredictiveProjection,11082,0.0117846092102439,0.0152257936164118,0.015635567045273,0.0,0.0,0.0,0.0,0.0,0.0,0.0,0.0
latency40,J-PredictiveProjection,11083,0.0124952595199766,0.0165077214322433,0.0210746819528724,0.0,0.0,0.0,0.0,0.0,0.0,0.0,0.0
latency40,J-PredictiveProjection,11084,0.0117354585437899,0.0151975893530907,0.0155024175408991,0.0,0.0,0.0,0.0,0.0,0.0,0.0,0.0
latency40,J-PredictiveProjection,11085,0.0118865099551436,0.0155517682174479,0.0157974582561594,0.0,0.0,0.0,0.0,0.0,0.0,0.0,0.0
latency40,J-PredictiveProjection,11086,0.0120654244622389,0.0154976094797375,0.0162245572476546,0.0,0.0,0.0,0.0,0.0,0.0,0.0,0.0
latency40,J-PredictiveProjection,11087,0.0116450368241621,0.0148346139779896,0.0154873439233387,0.0,0.0,0.0,0.0,0.0,0.0,0.0,0.0
latency40,J-PredictiveProjection,11088,0.0121965159896114,0.0163925010584021,0.0168205645482828,0.0,0.0,0.0,0.0,0.0,0.0,0.0,0.0
latency40,J-PredictiveProjection,11089,0.0116675791710567,0.0146456373891597,0.014948993265732,0.0,0.0,0.0,0.0,0.0,0.0,0.0,0.0
latency40,J-PredictiveProjection,11090,0.0116112056740331,0.0151233677276103,0.0153213645182352,0.0,0.0,0.0,0.0,0.0,0.0,0.0,0.0
latency40,J-PredictiveProjection,11091,0.0113492269911869,0.0147933558997556,0.0150246375903497,0.0,0.0,0.0,0.0,0.0,0.0,0.0,0.0006131235489315
latency40,J-PredictiveProjection,11092,0.0114039875788853,0.0146646662711478,0.0154121727189604,0.0,0.0,0.0,0.0,0.0,0.0,0.0,0.0
latency40,J-PredictiveProjection,11093,0.011577603170696,0.0156729288865361,0.0158735985857465,0.0,0.0,0.0,0.0,0.0,0.0,0.0,0.0
latency40,J-PredictiveProjection,11094,0.0120025152665556,0.016281764124209,0.0171562370552876,0.0,0.0,0.0,0.0,0.0,0.0,0.0,0.0
latency40,J-PredictiveProjection,11095,0.0119252860882325,0.0157232398201815,0.0159273526695142,0.0,0.0,0.0,0.0,0.0,0.0,0.0,0.0
latency40,J-PredictiveProjection,11096,0.012138377416161,0.0160009394294867,0.0168283046925553,0.0,0.0,0.0,0.0,0.0,0.0,0.0,0.0
latency40,J-PredictiveProjection,11097,0.0115354003008271,0.0144930327010126,0.0150809859842026,0.0,0.0,0.0,0.0,0.0,0.0,0.0,0.0
latency40,J-PredictiveProjection,11098,0.0117984708049677,0.0151132737424003,0.015589116938565,0.0,0.0,0.0,0.0,0.0,0.0,0.0,0.0
latency40,J-PredictiveProjection,11099,0.0117108403969552,0.0151446150820157,0.0155325329067077,0.0,0.0,0.0,0.0,0.0,0.0,0.0,0.0
latency40,K-RobustHOCBF-Filter,11000,0.0128354558157473,0.0173517708658387,0.0225995158805211,0.0,0.0,0.0,0.0,0.0,0.0,0.0,0.0016506511849482
latency40,K-RobustHOCBF-Filter,11001,0.0117014584790086,0.014740676540129,0.0150564799575861,0.0,0.0,0.0,0.0,0.0,0.0,0.0,0.0
latency40,K-RobustHOCBF-Filter,11002,0.0117802231401193,0.0151542201464741,0.0158112585366744,0.0,0.0,0.0,0.0,0.0,0.0,0.0,0.0
latency40,K-RobustHOCBF-Filter,11003,0.0121359495316244,0.0168830143443879,0.0178023648411422,0.0,0.0,0.0,0.0,0.0,0.0,0.0,0.0
latency40,K-RobustHOCBF-Filter,11004,0.0118729628568925,0.0156711458414957,0.0160695570105014,0.0,0.0,0.0,0.0,0.0,0.0,0.0,0.0
latency40,K-RobustHOCBF-Filter,11005,0.0115392517640103,0.015369833916988,0.0156863625051567,0.0,0.0,0.0,0.0,0.0,0.0,0.0,0.0
latency40,K-RobustHOCBF-Filter,11006,0.0121393906098443,0.0159095765600454,0.0164105343045181,0.0,0.0,0.0,0.0,0.0,0.0,0.0,0.0
latency40,K-RobustHOCBF-Filter,11007,0.012056601609914,0.0149898451456054,0.0155651661057906,0.0,0.0,0.0,0.0,0.0,0.0,0.0,0.000680447583466
latency40,K-RobustHOCBF-Filter,11008,0.0116219132845863,0.0152933327658629,0.0156572544901068,0.0,0.0,0.0,0.0,0.0,0.0,0.0,0.0
latency40,K-RobustHOCBF-Filter,11009,0.0126127483987506,0.0160894377807074,0.0168573247120544,0.0,0.0,0.0,0.0,0.0,0.0,0.0,0.0
latency40,K-RobustHOCBF-Filter,11010,0.0119890325826608,0.0154293716228788,0.0160092378289399,0.0,0.0,0.0,0.0,0.0,0.0,0.0,0.0
latency40,K-RobustHOCBF-Filter,11011,0.0121637966076476,0.0161739580276718,0.0165412662691415,0.0,0.0,0.0,0.0,0.0,0.0,0.0,0.0
latency40,K-RobustHOCBF-Filter,11012,0.0114756927672509,0.0149891371741652,0.0152164522335172,0.0,0.0,0.0,0.0,0.0,0.0,0.0,0.0
latency40,K-RobustHOCBF-Filter,11013,0.011830419210681,0.0156000359970166,0.0160795897671314,0.0,0.0,0.0,0.0,0.0,0.0,0.0,0.0
latency40,K-RobustHOCBF-Filter,11014,0.0119536272915961,0.0151385485641307,0.0154312399369256,0.0,0.0,0.0,0.0,0.0,0.0,0.0,0.0
latency40,K-RobustHOCBF-Filter,11015,0.0119972217526905,0.0156006696919722,0.015977886213177,0.0,0.0,0.0,0.0,0.0,0.0,0.0,0.0
latency40,K-RobustHOCBF-Filter,11016,0.0121032160051402,0.0153827221932798,0.0164742985038065,0.0,0.0,0.0,0.0,0.0,0.0,0.0,0.0
latency40,K-RobustHOCBF-Filter,11017,0.0113107757614,0.015191623374839,0.0155146520591408,0.0,0.0,0.0,0.0,0.0,0.0,0.0,0.0
latency40,K-RobustHOCBF-Filter,11018,0.0116100335035851,0.0148262474555984,0.015150421319956,0.0,0.0,0.0,0.0,0.0,0.0,0.0,0.0
latency40,K-RobustHOCBF-Filter,11019,0.0115981111235288,0.015799477771824,0.0164339022149741,0.0,0.0,0.0,0.0,0.0,0.0,0.0,0.0
latency40,K-RobustHOCBF-Filter,11020,0.011905980057148,0.0152013980076947,0.0154911720945899,0.0,0.0,0.0,0.0,0.0,0.0,0.0,0.0
latency40,K-RobustHOCBF-Filter,11021,0.0124670071879641,0.0165257361244429,0.0168050194435028,0.0,0.0,0.0,0.0,0.0,0.0,0.0,0.0
latency40,K-RobustHOCBF-Filter,11022,0.0119754055474464,0.0154898834643466,0.0159148876992079,0.0,0.0,0.0,0.0,0.0,0.0,0.0,0.0
latency40,K-RobustHOCBF-Filter,11023,0.0117914897274357,0.0152200749919345,0.015855245218917,0.0,0.0,0.0,0.0,0.0,0.0,0.0,0.0
latency40,K-RobustHOCBF-Filter,11024,0.0117614287436361,0.0152240083588272,0.0160736632886432,0.0,0.0,0.0,0.0,0.0,0.0,0.0,0.0
latency40,K-RobustHOCBF-Filter,11025,0.0116153370367933,0.0147711253702741,0.0150229453258762,0.0,0.0,0.0,0.0,0.0,0.0,0.0,0.0
latency40,K-RobustHOCBF-Filter,11026,0.0123749615875289,0.0158922321569992,0.0164919398866552,0.0,0.0,0.0,0.0,0.0,0.0,0.0,0.0
latency40,K-RobustHOCBF-Filter,11027,0.0116383996299352,0.0148738451639745,0.0152138799564419,0.0,0.0,0.0,0.0,0.0,0.0,0.0,0.0
latency40,K-RobustHOCBF-Filter,11028,0.0118328709006989,0.0151701546144486,0.0156615780323612,0.0,0.0,0.0,0.0,0.0,0.0,0.0,0.0008152790925157
latency40,K-RobustHOCBF-Filter,11029,0.0117271182015611,0.0155756057241343,0.0158589587991847,0.0,0.0,0.0,0.0,0.0,0.0,0.0,0.0006703275703467
latency40,K-RobustHOCBF-Filter,11030,0.0123862050230501,0.0157059530904744,0.0166265111995587,0.0,0.0,0.0,0.0,0.0,0.0,0.0,0.0
latency40,K-RobustHOCBF-Filter,11031,0.0118522855378551,0.0151708133210134,0.0168015618617021,0.0,0.0,0.0,0.0,0.0,0.0,0.0,0.0
latency40,K-RobustHOCBF-Filter,11032,0.0113974641461413,0.014537109019784,0.015045577013428,0.0,0.0,0.0,0.0,0.0,0.0,0.0,0.0
latency40,K-RobustHOCBF-Filter,11033,0.0114704079590765,0.0150969877075456,0.0153483041121809,0.0,0.0,0.0,0.0,0.0,0.0,0.0,0.0
latency40,K-RobustHOCBF-Filter,11034,0.0119002695071041,0.0157170632062848,0.0160786658406693,0.0,0.0,0.0,0.0,0.0,0.0,0.0,0.0
latency40,K-RobustHOCBF-Filter,11035,0.0115538819641639,0.0148144494059509,0.0150624063747553,0.0,0.0,0.0,0.0,0.0,0.0,0.0,0.0
latency40,K-RobustHOCBF-Filter,11036,0.0112800004133289,0.0147641824933332,0.0150742008261398,0.0,0.0,0.0,0.0,0.0,0.0,0.0,0.0
latency40,K-RobustHOCBF-Filter,11037,0.0115676768928806,0.0149117892103419,0.0150929578957138,0.0,0.0,0.0,0.0,0.0,0.0,0.0,0.0
latency40,K-RobustHOCBF-Filter,11038,0.0120378999771777,0.0155405049279473,0.015760384192552,0.0,0.0,0.0,0.0,0.0,0.0,0.0,0.0
latency40,K-RobustHOCBF-Filter,11039,0.0119585295948766,0.0167316930784331,0.0175478282929612,0.0,0.0,0.0,0.0,0.0,0.0,0.0,0.0
latency40,K-RobustHOCBF-Filter,11040,0.0128909376143932,0.0168074925833522,0.0177027597500191,0.0,0.0,0.0,0.0,0.0,0.0,0.0,0.0
latency40,K-RobustHOCBF-Filter,11041,0.0112240489496423,0.0146221513639805,0.0148154605898522,0.0,0.0,0.0,0.0,0.0,0.0,0.0,0.0
latency40,K-RobustHOCBF-Filter,11042,0.0119574359045765,0.0154871483190526,0.0161731628411446,0.0,0.0,0.0,0.0,0.0,0.0,0.0,0.0
latency40,K-RobustHOCBF-Filter,11043,0.0118609025554719,0.0154841529950722,0.0157143809657232,0.0,0.0,0.0,0.0,0.0,0.0,0.0,0.0
latency40,K-RobustHOCBF-Filter,11044,0.0114266161930392,0.0145831534748368,0.0150570306840967,0.0,0.0,0.0,0.0,0.0,0.0,0.0,0.0
latency40,K-RobustHOCBF-Filter,11045,0.0117107426080841,0.0147982498244657,0.0155401602700972,0.0,0.0,0.0,0.0,0.0,0.0,0.0,0.0
latency40,K-RobustHOCBF-Filter,11046,0.0117347300129343,0.0147073723446311,0.0151648816905539,0.0,0.0,0.0,0.0,0.0,0.0,0.0,0.0
latency40,K-RobustHOCBF-Filter,11047,0.0110797594750342,0.0146786242910107,0.015041267134938,0.0,0.0,0.0,0.0,0.0,0.0,0.0,0.0
latency40,K-RobustHOCBF-Filter,11048,0.0120132278238559,0.0149939932193495,0.0178060160559788,0.0,0.0,0.0,0.0,0.0,0.0,0.0,0.0
latency40,K-RobustHOCBF-Filter,11049,0.01186351091417,0.0157742551493982,0.0160784269995111,0.0,0.0,0.0,0.0,0.0,0.0,0.0,0.0
latency40,K-RobustHOCBF-Filter,11050,0.011737460066906,0.0149524277388708,0.0151756015541401,0.0,0.0,0.0,0.0,0.0,0.0,0.0,0.0
latency40,K-RobustHOCBF-Filter,11051,0.0114874966078019,0.015873884003147,0.016597695591513,0.0,0.0,0.0,0.0,0.0,0.0,0.0,0.0
latency40,K-RobustHOCBF-Filter,11052,0.0122351965412308,0.0152823064219753,0.0163765050266409,0.0,0.0,0.0,0.0,0.0,0.0,0.0,0.0
latency40,K-RobustHOCBF-Filter,11053,0.0113198295153798,0.014382931600151,0.0147851422923901,0.0,0.0,0.0,0.0,0.0,0.0,0.0,0.0
latency40,K-RobustHOCBF-Filter,11054,0.0120287246409251,0.0153075461293261,0.0159859202662877,0.0,0.0,0.0,0.0,0.0,0.0,0.0,0.0
latency40,K-RobustHOCBF-Filter,11055,0.0118502832671097,0.0152887291083712,0.0156892746786607,0.0,0.0,0.0,0.0,0.0,0.0,0.0,0.0
latency40,K-RobustHOCBF-Filter,11056,0.0118377047677104,0.0150666070884673,0.0152711594899849,0.0,0.0,0.0,0.0,0.0,0.0,0.0,0.0
latency40,K-RobustHOCBF-Filter,11057,0.0117146956355137,0.0150880637785371,0.0174010214053235,0.0,0.0,0.0,0.0,0.0,0.0,0.0,0.0021386734691815
latency40,K-RobustHOCBF-Filter,11058,0.0119736191037929,0.0155626645056653,0.0159451757803772,0.0,0.0,0.0,0.0,0.0,0.0,0.0,0.0
latency40,K-RobustHOCBF-Filter,11059,0.0118767834113558,0.0155814378201306,0.0157644169732882,0.0,0.0,0.0,0.0,0.0,0.0,0.0,0.0
latency40,K-RobustHOCBF-Filter,11060,0.0117592277903859,0.0149281931972492,0.0151171291752468,0.0,0.0,0.0,0.0,0.0,0.0,0.0,0.0
latency40,K-RobustHOCBF-Filter,11061,0.0116264441216555,0.0145873848010089,0.0148388210020339,0.0,0.0,0.0,0.0,0.0,0.0,0.0,0.0005770059465271
latency40,K-RobustHOCBF-Filter,11062,0.0119206791766129,0.0151862613433566,0.0155911284531902,0.0,0.0,0.0,0.0,0.0,0.0,0.0,0.0
latency40,K-RobustHOCBF-Filter,11063,0.011628343399781,0.01505422400959,0.0152577177662424,0.0,0.0,0.0,0.0,0.0,0.0,0.0,0.0
latency40,K-RobustHOCBF-Filter,11064,0.0117852098486689,0.0147949042177558,0.0151833564666847,0.0,0.0,0.0,0.0,0.0,0.0,0.0,0.0
latency40,K-RobustHOCBF-Filter,11065,0.0118832692014046,0.0152973637393707,0.0154812285390084,0.0,0.0,0.0,0.0,0.0,0.0,0.0,0.0
latency40,K-RobustHOCBF-Filter,11066,0.0120333672909164,0.0151783657095907,0.0156063746322393,0.0,0.0,0.0,0.0,0.0,0.0,0.0,0.0
latency40,K-RobustHOCBF-Filter,11067,0.0112446498133033,0.0149781532472212,0.0157899396299434,0.0,0.0,0.0,0.0,0.0,0.0,0.0,0.0008786734292298
latency40,K-RobustHOCBF-Filter,11068,0.0116202756706731,0.0150592596741512,0.0157443179228042,0.0,0.0,0.0,0.0,0.0,0.0,0.0,0.0014561589690283
latency40,K-RobustHOCBF-Filter,11069,0.011874614989862,0.0150289084596176,0.0152979888470514,0.0,0.0,0.0,0.0,0.0,0.0,0.0,0.0005916301311948
latency40,K-RobustHOCBF-Filter,11070,0.0112090999996849,0.0152281559601865,0.0158807183361804,0.0,0.0,0.0,0.0,0.0,0.0,0.0,0.0
latency40,K-RobustHOCBF-Filter,11071,0.0122797083084145,0.0159606019704101,0.0179335386015015,0.0,0.0,0.0,0.0,0.0,0.0,0.0,0.0
latency40,K-RobustHOCBF-Filter,11072,0.0121130061239812,0.0156985080869506,0.0159885254610769,0.0,0.0,0.0,0.0,0.0,0.0,0.0,0.0
latency40,K-RobustHOCBF-Filter,11073,0.011833882645756,0.0155371025503445,0.0160510970527451,0.0,0.0,0.0,0.0,0.0,0.0,0.0,0.0
latency40,K-RobustHOCBF-Filter,11074,0.0124274616324798,0.0154117425512708,0.0159297605396375,0.0,0.0,0.0,0.0,0.0,0.0,0.0,0.0
latency40,K-RobustHOCBF-Filter,11075,0.0121151879658638,0.0153876984606818,0.0156583757515815,0.0,0.0,0.0,0.0,0.0,0.0,0.0,0.0
latency40,K-RobustHOCBF-Filter,11076,0.0120299653089368,0.0148756895286102,0.0150244452875448,0.0,0.0,0.0,0.0,0.0,0.0,0.0,0.0
latency40,K-RobustHOCBF-Filter,11077,0.0118744854485916,0.0150886888565704,0.0153344401525958,0.0,0.0,0.0,0.0,0.0,0.0,0.0,0.0
latency40,K-RobustHOCBF-Filter,11078,0.0117759201979493,0.0151194961947817,0.0158072888729408,0.0,0.0,0.0,0.0,0.0,0.0,0.0,0.0
latency40,K-RobustHOCBF-Filter,11079,0.0116398625639021,0.0148349532250466,0.0149645156454228,0.0,0.0,0.0,0.0,0.0,0.0,0.0,0.0005634692794396
latency40,K-RobustHOCBF-Filter,11080,0.0119236222312731,0.0149251666083394,0.0151816970108727,0.0,0.0,0.0,0.0,0.0,0.0,0.0,0.0
latency40,K-RobustHOCBF-Filter,11081,0.011942385981632,0.0149601345222622,0.0153201529564507,0.0,0.0,0.0,0.0,0.0,0.0,0.0,0.0
latency40,K-RobustHOCBF-Filter,11082,0.0117846092102439,0.0152257936164118,0.015635567045273,0.0,0.0,0.0,0.0,0.0,0.0,0.0,0.0
latency40,K-RobustHOCBF-Filter,11083,0.0124952595199766,0.0165077214322433,0.0210746819528724,0.0,0.0,0.0,0.0,0.0,0.0,0.0,0.0
latency40,K-RobustHOCBF-Filter,11084,0.0117354585437899,0.0151975893530907,0.0155024175408991,0.0,0.0,0.0,0.0,0.0,0.0,0.0,0.0
latency40,K-RobustHOCBF-Filter,11085,0.0118865099551436,0.0155517682174479,0.0157974582561594,0.0,0.0,0.0,0.0,0.0,0.0,0.0,0.0
latency40,K-RobustHOCBF-Filter,11086,0.0120654244622389,0.0154976094797375,0.0162245572476546,0.0,0.0,0.0,0.0,0.0,0.0,0.0,0.0
latency40,K-RobustHOCBF-Filter,11087,0.0116450368241621,0.0148346139779896,0.0154873439233387,0.0,0.0,0.0,0.0,0.0,0.0,0.0,0.0
latency40,K-RobustHOCBF-Filter,11088,0.0121965159896114,0.0163925010584021,0.0168205645482828,0.0,0.0,0.0,0.0,0.0,0.0,0.0,0.0
latency40,K-RobustHOCBF-Filter,11089,0.0116675791710567,0.0146456373891597,0.014948993265732,0.0,0.0,0.0,0.0,0.0,0.0,0.0,0.0
latency40,K-RobustHOCBF-Filter,11090,0.0116112056740331,0.0151233677276103,0.0153213645182352,0.0,0.0,0.0,0.0,0.0,0.0,0.0,0.0
latency40,K-RobustHOCBF-Filter,11091,0.0113492269911869,0.0147933558997556,0.0150246375903497,0.0,0.0,0.0,0.0,0.0,0.0,0.0,0.0006131235489315
latency40,K-RobustHOCBF-Filter,11092,0.0114039875788853,0.0146646662711478,0.0154121727189604,0.0,0.0,0.0,0.0,0.0,0.0,0.0,0.0
latency40,K-RobustHOCBF-Filter,11093,0.011577603170696,0.0156729288865361,0.0158735985857465,0.0,0.0,0.0,0.0,0.0,0.0,0.0,0.0
latency40,K-RobustHOCBF-Filter,11094,0.0120025152665556,0.016281764124209,0.0171562370552876,0.0,0.0,0.0,0.0,0.0,0.0,0.0,0.0
latency40,K-RobustHOCBF-Filter,11095,0.0119252860882325,0.0157232398201815,0.0159273526695142,0.0,0.0,0.0,0.0,0.0,0.0,0.0,0.0
latency40,K-RobustHOCBF-Filter,11096,0.012138377416161,0.0160009394294867,0.0168283046925553,0.0,0.0,0.0,0.0,0.0,0.0,0.0,0.0
latency40,K-RobustHOCBF-Filter,11097,0.0115354003008271,0.0144930327010126,0.0150809859842026,0.0,0.0,0.0,0.0,0.0,0.0,0.0,0.0
latency40,K-RobustHOCBF-Filter,11098,0.0117984708049677,0.0151132737424003,0.015589116938565,0.0,0.0,0.0,0.0,0.0,0.0,0.0,0.0
latency40,K-RobustHOCBF-Filter,11099,0.0117108403969552,0.0151446150820157,0.0155325329067077,0.0,0.0,0.0,0.0,0.0,0.0,0.0,0.0
force_step,CurrentOnly-AE-CeNN-494,11000,0.0880739791549971,0.1655950060207591,0.1716964910263979,0.0,0.0,0.0,0.0,0.0,0.0,0.0,0.6366536193203036
force_step,CurrentOnly-AE-CeNN-494,11001,0.0948055660064395,0.173045623005867,0.1786011848903711,0.0,0.0,0.0,0.0,0.0,0.0,0.0,0.6174276872777199
force_step,CurrentOnly-AE-CeNN-494,11002,0.0915555637350443,0.1802528850285889,0.1847724179935383,0.0,0.0,0.0,0.0,0.0,0.0,0.0,0.6164168399246561
force_step,CurrentOnly-AE-CeNN-494,11003,0.0914747228663269,0.1734447522762376,0.1827173994822387,0.0,0.0,0.0,0.0,0.0,0.0,0.0,0.6313927866556213
force_step,CurrentOnly-AE-CeNN-494,11004,0.0902862297065292,0.1724702644045283,0.182134611825056,0.0,0.0,0.0,0.0,0.0,0.0,0.0,0.6131751552412996
force_step,CurrentOnly-AE-CeNN-494,11005,0.0763268692912679,0.1488310957658316,0.1547299968886104,0.0,0.0,0.0,0.0,0.0,0.0,0.0,0.607654533371118
force_step,CurrentOnly-AE-CeNN-494,11006,0.0873800842818655,0.1618409493901956,0.1652152360902322,0.0,0.0,0.0,0.0,0.0,0.0,0.0,0.5984007976786232
force_step,CurrentOnly-AE-CeNN-494,11007,0.0777850184391348,0.1434645846568715,0.1483958873135648,0.0,0.0,0.0,0.0,0.0,0.0,0.0,0.6121096981758447
force_step,CurrentOnly-AE-CeNN-494,11008,0.0962529383095738,0.1769815046772566,0.1800288984620306,0.0,0.0,0.0,0.0,0.0,0.0,0.0,0.6141109528544955
force_step,CurrentOnly-AE-CeNN-494,11009,0.084786712472593,0.156262838752058,0.1610798245072276,0.0,0.0,0.0,0.0,0.0,0.0,0.0,0.6123929605443972
force_step,CurrentOnly-AE-CeNN-494,11010,0.0901133784492036,0.1725637880048931,0.1831072986311202,0.0,0.0,0.0,0.0,0.0,0.0,0.0,0.6262357683772722
force_step,CurrentOnly-AE-CeNN-494,11011,0.0849197335846114,0.1576651054557054,0.1597717097610818,0.0,0.0,0.0,0.0,0.0,0.0,0.0,0.5979065827773263
force_step,CurrentOnly-AE-CeNN-494,11012,0.086991266901612,0.1667583224898163,0.1698712134878003,0.0,0.0,0.0,0.0,0.0,0.0,0.0,0.5991524555375773
force_step,CurrentOnly-AE-CeNN-494,11013,0.0925953153564622,0.1691259490989457,0.1755949222715462,0.0,0.0,0.0,0.0,0.0,0.0,0.0,0.619723395823008
force_step,CurrentOnly-AE-CeNN-494,11014,0.0897999355264638,0.1756252986997739,0.17851416625183,0.0,0.0,0.0,0.0,0.0,0.0,0.0,0.5897773373519251
force_step,CurrentOnly-AE-CeNN-494,11015,0.0924459911575058,0.1817765449168246,0.1852415594655013,0.0,0.0,0.0,0.0,0.0,0.0,0.0,0.6264844900620435
force_step,CurrentOnly-AE-CeNN-494,11016,0.0802257772311455,0.1535853340756848,0.1550299459581764,0.0,0.0,0.0,0.0,0.0,0.0,0.0,0.6191687017801872
force_step,CurrentOnly-AE-CeNN-494,11017,0.0861995450793426,0.1568591715501925,0.1593565576773397,0.0,0.0,0.0,0.0,0.0,0.0,0.0,0.59724050007023
force_step,CurrentOnly-AE-CeNN-494,11018,0.0991414010662771,0.1809528881548012,0.185156808493645,0.0,0.0,0.0,0.0,0.0,0.0,0.0,0.615286780190309
force_step,CurrentOnly-AE-CeNN-494,11019,0.0892792669297444,0.1712849609169852,0.1806303541388473,0.0,0.0,0.0,0.0,0.0,0.0,0.0,0.616366263275435
force_step,CurrentOnly-AE-CeNN-494,11020,0.0920752370464961,0.1820854147450811,0.1861516468453502,0.0,0.0,0.0,0.0,0.0,0.0,0.0,0.6104618693186309
force_step,CurrentOnly-AE-CeNN-494,11021,0.0883568661719425,0.1625572070708331,0.1648640722985275,0.0,0.0,0.0,0.0,0.0,0.0,0.0,0.6215060874285846
force_step,CurrentOnly-AE-CeNN-494,11022,0.0858554022539658,0.1630700577679762,0.1668784734177548,0.0,0.0,0.0,0.0,0.0,0.0,0.0,0.6088877818277781
force_step,CurrentOnly-AE-CeNN-494,11023,0.0862757593041239,0.160090793080856,0.1635133428417376,0.0,0.0,0.0,0.0,0.0,0.0,0.0,0.6072791243645769
force_step,CurrentOnly-AE-CeNN-494,11024,0.0934738559576991,0.1848249824126602,0.1885165509319364,0.0,0.0,0.0,0.0,0.0,0.0,0.0,0.6161618653156153
force_step,CurrentOnly-AE-CeNN-494,11025,0.0892817977347971,0.1695584961637366,0.1752392267524677,0.0,0.0,0.0,0.0,0.0,0.0,0.0,0.6248260251284333
force_step,CurrentOnly-AE-CeNN-494,11026,0.0847677584318512,0.1569259148567738,0.1648836111038849,0.0,0.0,0.0,0.0,0.0,0.0,0.0,0.606171971298789
force_step,CurrentOnly-AE-CeNN-494,11027,0.0937335996636505,0.1844343314446976,0.1894877505178681,0.0,0.0,0.0,0.0,0.0,0.0,0.0,0.6038084047689722
force_step,CurrentOnly-AE-CeNN-494,11028,0.0874610820965067,0.1599396288587127,0.1632226341848367,0.0,0.0,0.0,0.0,0.0,0.0,0.0,0.6035341267842699
force_step,CurrentOnly-AE-CeNN-494,11029,0.0928039218496068,0.1877518048498667,0.192700032199777,0.0,0.0,0.0,0.0,0.0,0.0,0.0,0.6130128928344998
force_step,CurrentOnly-AE-CeNN-494,11030,0.081094246223684,0.1549104309977415,0.1582721248871123,0.0,0.0,0.0,0.0,0.0,0.0,0.0,0.6026249269019452
force_step,CurrentOnly-AE-CeNN-494,11031,0.0873043240039087,0.1710850013436278,0.1744216853610027,0.0,0.0,0.0,0.0,0.0,0.0,0.0,0.6104888079007684
force_step,CurrentOnly-AE-CeNN-494,11032,0.0869603018869635,0.1620460193491415,0.1719298056905134,0.0,0.0,0.0,0.0,0.0,0.0,0.0,0.6189369089370904
force_step,CurrentOnly-AE-CeNN-494,11033,0.087319078195357,0.1737904432443376,0.1831934118796572,0.0,0.0,0.0,0.0,0.0,0.0,0.0,0.6134830105742314
force_step,CurrentOnly-AE-CeNN-494,11034,0.0807740104508309,0.1485765677189657,0.1509316905805588,0.0,0.0,0.0,0.0,0.0,0.0,0.0,0.5925800558499693
force_step,CurrentOnly-AE-CeNN-494,11035,0.0896500259715067,0.1653473564763354,0.1695310545422689,0.0,0.0,0.0,0.0,0.0,0.0,0.0,0.6120283777050166
force_step,CurrentOnly-AE-CeNN-494,11036,0.0861216739195855,0.1590518742397746,0.1637749945529863,0.0,0.0,0.0,0.0,0.0,0.0,0.0,0.6116351985200947
force_step,CurrentOnly-AE-CeNN-494,11037,0.0813316540259353,0.1538296145940194,0.1588252746817332,0.0,0.0,0.0,0.0,0.0,0.0,0.0,0.6055222125442217
force_step,CurrentOnly-AE-CeNN-494,11038,0.084823231508074,0.1686031622981838,0.1732541255111029,0.0,0.0,0.0,0.0,0.0,0.0,0.0,0.6200618745085857
force_step,CurrentOnly-AE-CeNN-494,11039,0.0905264747641703,0.1724232303342508,0.1754575933841149,0.0,0.0,0.0,0.0,0.0,0.0,0.0,0.6143682224692283
force_step,CurrentOnly-AE-CeNN-494,11040,0.0923773285738486,0.1694932616689589,0.1738236911921423,0.0,0.0,0.0,0.0,0.0,0.0,0.0,0.6190827385352442
force_step,CurrentOnly-AE-CeNN-494,11041,0.0902387446019779,0.1787661749078062,0.1814211108020335,0.0,0.0,0.0,0.0,0.0,0.0,0.0,0.6098346386179094
force_step,CurrentOnly-AE-CeNN-494,11042,0.0906147904136613,0.1769268822457887,0.1818934864148248,0.0,0.0,0.0,0.0,0.0,0.0,0.0,0.6169357619563514
force_step,CurrentOnly-AE-CeNN-494,11043,0.0854782371356178,0.158424137326293,0.1644376725445574,0.0,0.0,0.0,0.0,0.0,0.0,0.0,0.6305269461061108
force_step,CurrentOnly-AE-CeNN-494,11044,0.0858060275867766,0.1587298035099951,0.1617941991826355,0.0,0.0,0.0,0.0,0.0,0.0,0.0,0.5995292191969748
force_step,CurrentOnly-AE-CeNN-494,11045,0.095225912324424,0.1797409311086617,0.1845764378245193,0.0,0.0,0.0,0.0,0.0,0.0,0.0,0.6199369783213623
force_step,CurrentOnly-AE-CeNN-494,11046,0.0881389285899451,0.171115176656995,0.1757410728517253,0.0,0.0,0.0,0.0,0.0,0.0,0.0,0.6174588135440836
force_step,CurrentOnly-AE-CeNN-494,11047,0.0821244284215264,0.1521276066666566,0.1540358930576404,0.0,0.0,0.0,0.0,0.0,0.0,0.0,0.601898318554877
force_step,CurrentOnly-AE-CeNN-494,11048,0.0911557136640733,0.1759577021179043,0.1815837533791139,0.0,0.0,0.0,0.0,0.0,0.0,0.0,0.626958557699824
force_step,CurrentOnly-AE-CeNN-494,11049,0.0809100725585226,0.161524122736246,0.1707701350690555,0.0,0.0,0.0,0.0,0.0,0.0,0.0,0.6088433715097513
force_step,CurrentOnly-AE-CeNN-494,11050,0.0954264825626668,0.1793516145771806,0.1844624184471152,0.0,0.0,0.0,0.0,0.0,0.0,0.0,0.6064280329589531
force_step,CurrentOnly-AE-CeNN-494,11051,0.0805684465584876,0.1477048458568134,0.1528764698600881,0.0,0.0,0.0,0.0,0.0,0.0,0.0,0.6225049434891998
force_step,CurrentOnly-AE-CeNN-494,11052,0.0876280556651128,0.1688324159020698,0.1750410367104935,0.0,0.0,0.0,0.0,0.0,0.0,0.0,0.6010368686885588
force_step,CurrentOnly-AE-CeNN-494,11053,0.0855030991727755,0.1633521853819328,0.1687281141057096,0.0,0.0,0.0,0.0,0.0,0.0,0.0,0.6061080213866653
force_step,CurrentOnly-AE-CeNN-494,11054,0.0802927846334079,0.1476952654761723,0.1500373326857288,0.0,0.0,0.0,0.0,0.0,0.0,0.0,0.5921359379418424
force_step,CurrentOnly-AE-CeNN-494,11055,0.0821525407277981,0.1591799162900108,0.1655983151407905,0.0,0.0,0.0,0.0,0.0,0.0,0.0,0.6233850577970302
force_step,CurrentOnly-AE-CeNN-494,11056,0.0820167274186659,0.1511862557425337,0.1545996926135096,0.0,0.0,0.0,0.0,0.0,0.0,0.0,0.5938938138361032
force_step,CurrentOnly-AE-CeNN-494,11057,0.0894005915067603,0.1763170963407487,0.1807673810271269,0.0,0.0,0.0,0.0,0.0,0.0,0.0,0.6125023348842894
force_step,CurrentOnly-AE-CeNN-494,11058,0.0779611842242172,0.1536688406416696,0.161519805969937,0.0,0.0,0.0,0.0,0.0,0.0,0.0,0.6015841391453185
force_step,CurrentOnly-AE-CeNN-494,11059,0.086457268635797,0.1703021912347592,0.1756913362427037,0.0,0.0,0.0,0.0,0.0,0.0,0.0,0.6157753006149426
force_step,CurrentOnly-AE-CeNN-494,11060,0.076011981920147,0.1405249466071306,0.1446356826699191,0.0,0.0,0.0,0.0,0.0,0.0,0.0,0.5959474414976298
force_step,CurrentOnly-AE-CeNN-494,11061,0.088879692743426,0.1653266471152435,0.1683625499123452,0.0,0.0,0.0,0.0,0.0,0.0,0.0,0.6293407539744568
force_step,CurrentOnly-AE-CeNN-494,11062,0.097108594000723,0.1768241874716963,0.1804953285305215,0.0,0.0,0.0,0.0,0.0,0.0,0.0,0.6185775489125848
force_step,CurrentOnly-AE-CeNN-494,11063,0.0815356474476888,0.1502834978465961,0.1516904302653053,0.0,0.0,0.0,0.0,0.0,0.0,0.0,0.6034994757962499
force_step,CurrentOnly-AE-CeNN-494,11064,0.08178099507991,0.1574435443194136,0.1666651280946163,0.0,0.0,0.0,0.0,0.0,0.0,0.0,0.6115041548089029
force_step,CurrentOnly-AE-CeNN-494,11065,0.085301247117047,0.1583798000720364,0.166601334718539,0.0,0.0,0.0,0.0,0.0,0.0,0.0,0.6259669093879574
force_step,CurrentOnly-AE-CeNN-494,11066,0.0856270721794937,0.1627920701113478,0.1668807202687996,0.0,0.0,0.0,0.0,0.0,0.0,0.0,0.616257124543416
force_step,CurrentOnly-AE-CeNN-494,11067,0.0815111538845603,0.1504613575939187,0.1554801940013959,0.0,0.0,0.0,0.0,0.0,0.0,0.0,0.6121948970831552
force_step,CurrentOnly-AE-CeNN-494,11068,0.093844728731122,0.1858601951049316,0.1901761408594807,0.0,0.0,0.0,0.0,0.0,0.0,0.0,0.6076600243984455
force_step,CurrentOnly-AE-CeNN-494,11069,0.0919554495643947,0.1678662776304159,0.1698427344854418,0.0,0.0,0.0,0.0,0.0,0.0,0.0,0.6047801435973382
force_step,CurrentOnly-AE-CeNN-494,11070,0.0880393140979857,0.167355432916156,0.1713912924503463,0.0,0.0,0.0,0.0,0.0,0.0,0.0,0.6033785501361956
force_step,CurrentOnly-AE-CeNN-494,11071,0.0883592273590918,0.1777365905765626,0.1830767626158031,0.0,0.0,0.0,0.0,0.0,0.0,0.0,0.6049536287508783
force_step,CurrentOnly-AE-CeNN-494,11072,0.0899889603202389,0.1671186813018649,0.1716952000937467,0.0,0.0,0.0,0.0,0.0,0.0,0.0,0.5971292944214424
force_step,CurrentOnly-AE-CeNN-494,11073,0.0883392493505921,0.1770876192128527,0.183251130257064,0.0,0.0,0.0,0.0,0.0,0.0,0.0,0.6251286340889713
force_step,CurrentOnly-AE-CeNN-494,11074,0.0817276759505438,0.151104149136719,0.1546532335717144,0.0,0.0,0.0,0.0,0.0,0.0,0.0,0.6035371706482943
force_step,CurrentOnly-AE-CeNN-494,11075,0.0891895777206679,0.1636105410506201,0.1642823769515728,0.0,0.0,0.0,0.0,0.0,0.0,0.0,0.6115937849701347
force_step,CurrentOnly-AE-CeNN-494,11076,0.0863365439215879,0.166338575207954,0.1747137807313588,0.0,0.0,0.0,0.0,0.0,0.0,0.0,0.6184094942742475
force_step,CurrentOnly-AE-CeNN-494,11077,0.081538696890208,0.151597189135365,0.1537457512699481,0.0,0.0,0.0,0.0,0.0,0.0,0.0,0.6169005574390197
force_step,CurrentOnly-AE-CeNN-494,11078,0.0847551781999012,0.1567670801366228,0.1585111419196921,0.0,0.0,0.0,0.0,0.0,0.0,0.0,0.5990622043249082
force_step,CurrentOnly-AE-CeNN-494,11079,0.0840689135076303,0.1611358630311167,0.1671853811198448,0.0,0.0,0.0,0.0,0.0,0.0,0.0,0.6208521804174174
force_step,CurrentOnly-AE-CeNN-494,11080,0.088986607294783,0.174967694960391,0.1856947815146306,0.0,0.0,0.0,0.0,0.0,0.0,0.0,0.6226873211812727
force_step,CurrentOnly-AE-CeNN-494,11081,0.085129317998298,0.1613837194401296,0.1643428054197198,0.0,0.0,0.0,0.0,0.0,0.0,0.0,0.6020015609938634
force_step,CurrentOnly-AE-CeNN-494,11082,0.0847549639583811,0.1572806023537795,0.1658027508942436,0.0,0.0,0.0,0.0,0.0,0.0,0.0,0.6166606334695279
force_step,CurrentOnly-AE-CeNN-494,11083,0.0873467336420484,0.1645126616297177,0.1669380990316891,0.0,0.0,0.0,0.0,0.0,0.0,0.0,0.619026142113802
force_step,CurrentOnly-AE-CeNN-494,11084,0.0887621323841608,0.1723874289428912,0.1770893321245928,0.0,0.0,0.0,0.0,0.0,0.0,0.0,0.6049880451988172
force_step,CurrentOnly-AE-CeNN-494,11085,0.0954375496513561,0.1782574754717347,0.1810362923266186,0.0,0.0,0.0,0.0,0.0,0.0,0.0,0.6162226459469015
force_step,CurrentOnly-AE-CeNN-494,11086,0.0860297076157885,0.1580947508728117,0.1601863665982642,0.0,0.0,0.0,0.0,0.0,0.0,0.0,0.6084092872505559
force_step,CurrentOnly-AE-CeNN-494,11087,0.1011588682677357,0.1858907616436395,0.1897891559378967,0.0,0.0,0.0,0.0,0.0,0.0,0.0,0.6250757862575149
force_step,CurrentOnly-AE-CeNN-494,11088,0.0896845493045668,0.163890407686066,0.1646225993970905,0.0,0.0,0.0,0.0,0.0,0.0,0.0,0.6090153541454
force_step,CurrentOnly-AE-CeNN-494,11089,0.0791345917157973,0.146108215533231,0.1477771975654098,0.0,0.0,0.0,0.0,0.0,0.0,0.0,0.5963873666118805
force_step,CurrentOnly-AE-CeNN-494,11090,0.0886888034922566,0.1647484470963912,0.1695695222054613,0.0,0.0,0.0,0.0,0.0,0.0,0.0,0.6199468696178237
force_step,CurrentOnly-AE-CeNN-494,11091,0.0894293907039541,0.172598998464099,0.1785013021790645,0.0,0.0,0.0,0.0,0.0,0.0,0.0,0.6100510090491863
force_step,CurrentOnly-AE-CeNN-494,11092,0.0860180948664027,0.1570907096415558,0.1635714643318899,0.0,0.0,0.0,0.0,0.0,0.0,0.0,0.6118721717410591
force_step,CurrentOnly-AE-CeNN-494,11093,0.0883044949415804,0.1614926706583579,0.1627251854342305,0.0,0.0,0.0,0.0,0.0,0.0,0.0,0.611962809428562
force_step,CurrentOnly-AE-CeNN-494,11094,0.0922506746409085,0.1716804434929972,0.1754511003583779,0.0,0.0,0.0,0.0,0.0,0.0,0.0,0.6020819998264684
force_step,CurrentOnly-AE-CeNN-494,11095,0.0916191760952264,0.1729993681954436,0.1785067437713913,0.0,0.0,0.0,0.0,0.0,0.0,0.0,0.610776852985045
force_step,CurrentOnly-AE-CeNN-494,11096,0.084400820381108,0.1543520353459725,0.1585464276337584,0.0,0.0,0.0,0.0,0.0,0.0,0.0,0.6178696594530446
force_step,CurrentOnly-AE-CeNN-494,11097,0.0846427556894603,0.1673374688515446,0.174354449828784,0.0,0.0,0.0,0.0,0.0,0.0,0.0,0.6191497632957957
force_step,CurrentOnly-AE-CeNN-494,11098,0.0808510092793372,0.1523933843552616,0.1548459672994036,0.0,0.0,0.0,0.0,0.0,0.0,0.0,0.6146681579262022
force_step,CurrentOnly-AE-CeNN-494,11099,0.0969524397064358,0.1783859076004627,0.1805414162314886,0.0,0.0,0.0,0.0,0.0,0.0,0.0,0.6172986901221585
force_step,I-RiskGovernor-unfiltered,11000,0.0878737800487002,0.1653872905330256,0.1713776891910419,0.0,0.0,0.0,0.0,0.0,0.0,0.0,0.6359327570959077
force_step,I-RiskGovernor-unfiltered,11001,0.0944311757340885,0.1722421729814955,0.1777688018232442,0.0,0.0,0.0,0.0,0.0,0.0,0.0,0.6172927124880113
force_step,I-RiskGovernor-unfiltered,11002,0.0912294676289878,0.1798899058424675,0.1842770767524833,0.0,0.0,0.0,0.0,0.0,0.0,0.0,0.6150077491919272
force_step,I-RiskGovernor-unfiltered,11003,0.0911561133791727,0.1728754185403575,0.1821464990633867,0.0,0.0,0.0,0.0,0.0,0.0,0.0,0.6313342311164764
force_step,I-RiskGovernor-unfiltered,11004,0.0898976968306136,0.1720504216668866,0.1817142219733341,0.0,0.0,0.0,0.0,0.0,0.0,0.0,0.6128998698353084
force_step,I-RiskGovernor-unfiltered,11005,0.0760805660763933,0.1485541002689264,0.1543762495565106,0.0,0.0,0.0,0.0,0.0,0.0,0.0,0.6066845298110805
force_step,I-RiskGovernor-unfiltered,11006,0.0871064941096458,0.1610593669421196,0.164316280339422,0.0,0.0,0.0,0.0,0.0,0.0,0.0,0.5982084852081344
force_step,I-RiskGovernor-unfiltered,11007,0.0773114174308261,0.1427822433961619,0.1475394812124582,0.0,0.0,0.0,0.0,0.0,0.0,0.0,0.6118524868690101
force_step,I-RiskGovernor-unfiltered,11008,0.0961044916087188,0.1767167866412077,0.1797137972208349,0.0,0.0,0.0,0.0,0.0,0.0,0.0,0.6140370439588839
force_step,I-RiskGovernor-unfiltered,11009,0.0844061440472057,0.1558869542646337,0.160508877840582,0.0,0.0,0.0,0.0,0.0,0.0,0.0,0.6084154834527067
force_step,I-RiskGovernor-unfiltered,11010,0.089904707576859,0.1723216939247438,0.1827939950730217,0.0,0.0,0.0,0.0,0.0,0.0,0.0,0.6262308158957111
force_step,I-RiskGovernor-unfiltered,11011,0.0846775207796378,0.1574053190947774,0.1595390834712922,0.0,0.0,0.0,0.0,0.0,0.0,0.0,0.5978597382674735
force_step,I-RiskGovernor-unfiltered,11012,0.0865994602850322,0.1663437816112654,0.1693325122486648,0.0,0.0,0.0,0.0,0.0,0.0,0.0,0.5989705023718883
force_step,I-RiskGovernor-unfiltered,11013,0.0922991752913428,0.1689779209766431,0.1753444722992091,0.0,0.0,0.0,0.0,0.0,0.0,0.0,0.6195030839831748
force_step,I-RiskGovernor-unfiltered,11014,0.0894618717380672,0.1753646569989948,0.1781630793386434,0.0,0.0,0.0,0.0,0.0,0.0,0.0,0.5865537955886434
force_step,I-RiskGovernor-unfiltered,11015,0.0920231985809001,0.1811525059102442,0.1844865051811405,0.0,0.0,0.0,0.0,0.0,0.0,0.0,0.624966961046174
force_step,I-RiskGovernor-unfiltered,11016,0.0798804878115354,0.1535217125910487,0.1548824315500795,0.0,0.0,0.0,0.0,0.0,0.0,0.0,0.6169824306623933
force_step,I-RiskGovernor-unfiltered,11017,0.0860655921672201,0.1565854326147817,0.1590680300484535,0.0,0.0,0.0,0.0,0.0,0.0,0.0,0.5971767894984099
force_step,I-RiskGovernor-unfiltered,11018,0.0988572469286419,0.180640848304387,0.1845151901624513,0.0,0.0,0.0,0.0,0.0,0.0,0.0,0.6149790688124731
force_step,I-RiskGovernor-unfiltered,11019,0.0891601063286369,0.1713527065602985,0.180635671029815,0.0,0.0,0.0,0.0,0.0,0.0,0.0,0.6161545447862442
force_step,I-RiskGovernor-unfiltered,11020,0.0916165914114047,0.181541067421829,0.1854598342879568,0.0,0.0,0.0,0.0,0.0,0.0,0.0,0.609577366288517
force_step,I-RiskGovernor-unfiltered,11021,0.0878952365989279,0.1619084759478802,0.1636963598835422,0.0,0.0,0.0,0.0,0.0,0.0,0.0,0.620801929542112
force_step,I-RiskGovernor-unfiltered,11022,0.0854590595569421,0.162449687455358,0.1660760459760965,0.0,0.0,0.0,0.0,0.0,0.0,0.0,0.6067142095859567
force_step,I-RiskGovernor-unfiltered,11023,0.0860003474185379,0.1599949145519485,0.1632746739888254,0.0,0.0,0.0,0.0,0.0,0.0,0.0,0.6071491216600636
force_step,I-RiskGovernor-unfiltered,11024,0.0930916721780019,0.1842113290875618,0.1878307213900155,0.0,0.0,0.0,0.0,0.0,0.0,0.0,0.6158866110235214
force_step,I-RiskGovernor-unfiltered,11025,0.0889228805581711,0.1685970634654335,0.1742549145648811,0.0,0.0,0.0,0.0,0.0,0.0,0.0,0.6225117535167508
force_step,I-RiskGovernor-unfiltered,11026,0.0844048448676016,0.1564050579484457,0.1643672893380754,0.0,0.0,0.0,0.0,0.0,0.0,0.0,0.606107593304125
force_step,I-RiskGovernor-unfiltered,11027,0.0935760880110984,0.1840576767854466,0.1889773976747866,0.0,0.0,0.0,0.0,0.0,0.0,0.0,0.6035052885123525
force_step,I-RiskGovernor-unfiltered,11028,0.087268176367846,0.1597111350164449,0.1625599911302665,0.0,0.0,0.0,0.0,0.0,0.0,0.0,0.6021807102135347
force_step,I-RiskGovernor-unfiltered,11029,0.092608841359845,0.1874475724815899,0.1922492644983305,0.0,0.0,0.0,0.0,0.0,0.0,0.0,0.6128968635673896
force_step,I-RiskGovernor-unfiltered,11030,0.0806791377523326,0.1537372312132114,0.1570349155463258,0.0,0.0,0.0,0.0,0.0,0.0,0.0,0.6025380001412173
force_step,I-RiskGovernor-unfiltered,11031,0.0869671152032613,0.1705071800141826,0.1738675269590891,0.0,0.0,0.0,0.0,0.0,0.0,0.0,0.6081095670498666
force_step,I-RiskGovernor-unfiltered,11032,0.0868723922666721,0.1617055804141401,0.1716028946239638,0.0,0.0,0.0,0.0,0.0,0.0,0.0,0.6188703352092324
force_step,I-RiskGovernor-unfiltered,11033,0.087175607616805,0.1735056211678718,0.1829387997249798,0.0,0.0,0.0,0.0,0.0,0.0,0.0,0.6106695943008043
force_step,I-RiskGovernor-unfiltered,11034,0.0804855033787939,0.1485024391595822,0.150723812371137,0.0,0.0,0.0,0.0,0.0,0.0,0.0,0.5924690750100509
force_step,I-RiskGovernor-unfiltered,11035,0.0890532705495211,0.1643946405533801,0.1684018571317407,0.0,0.0,0.0,0.0,0.0,0.0,0.0,0.6116688601848571
force_step,I-RiskGovernor-unfiltered,11036,0.085595524421667,0.1584072078309155,0.1629556330537593,0.0,0.0,0.0,0.0,0.0,0.0,0.0,0.6097099770744655
force_step,I-RiskGovernor-unfiltered,11037,0.0809712954837059,0.1532715837198486,0.1581488516159963,0.0,0.0,0.0,0.0,0.0,0.0,0.0,0.6054000150823643
force_step,I-RiskGovernor-unfiltered,11038,0.0846139582058695,0.1685803597728623,0.1731194244893443,0.0,0.0,0.0,0.0,0.0,0.0,0.0,0.6199893320411141
force_step,I-RiskGovernor-unfiltered,11039,0.0901821846326535,0.171864919101598,0.1748602719041556,0.0,0.0,0.0,0.0,0.0,0.0,0.0,0.6142015296146528
force_step,I-RiskGovernor-unfiltered,11040,0.0920334936370711,0.169054253316488,0.1732275921916497,0.0,0.0,0.0,0.0,0.0,0.0,0.0,0.6189814383496415
force_step,I-RiskGovernor-unfiltered,11041,0.0900559514303079,0.1784244091677853,0.1809784463379141,0.0,0.0,0.0,0.0,0.0,0.0,0.0,0.6096906410695713
force_step,I-RiskGovernor-unfiltered,11042,0.0903273057656506,0.176827755603992,0.1817541025076512,0.0,0.0,0.0,0.0,0.0,0.0,0.0,0.6169187717921671
force_step,I-RiskGovernor-unfiltered,11043,0.0853089029833251,0.1582703269627875,0.1642473109192142,0.0,0.0,0.0,0.0,0.0,0.0,0.0,0.6304062620668028
force_step,I-RiskGovernor-unfiltered,11044,0.0855742919526465,0.1583968290503949,0.1613902060644184,0.0,0.0,0.0,0.0,0.0,0.0,0.0,0.5994162810321624
force_step,I-RiskGovernor-unfiltered,11045,0.0948087059881588,0.1794235262549864,0.1841706137130904,0.0,0.0,0.0,0.0,0.0,0.0,0.0,0.6195720466492189
force_step,I-RiskGovernor-unfiltered,11046,0.0878608643996365,0.1707827829630339,0.1753195460229592,0.0,0.0,0.0,0.0,0.0,0.0,0.0,0.6173531706748284
force_step,I-RiskGovernor-unfiltered,11047,0.081744678142186,0.151510874887119,0.1533072491270575,0.0,0.0,0.0,0.0,0.0,0.0,0.0,0.6018296238322971
force_step,I-RiskGovernor-unfiltered,11048,0.0908143097407652,0.1751334991652104,0.1807417532984768,0.0,0.0,0.0,0.0,0.0,0.0,0.0,0.6268264709760935
force_step,I-RiskGovernor-unfiltered,11049,0.08068773622489,0.1614267326604561,0.1705732854516704,0.0,0.0,0.0,0.0,0.0,0.0,0.0,0.608476449850559
force_step,I-RiskGovernor-unfiltered,11050,0.0952896135633728,0.1793698294699746,0.1844070521944611,0.0,0.0,0.0,0.0,0.0,0.0,0.0,0.6062681781201844
force_step,I-RiskGovernor-unfiltered,11051,0.0804217162961882,0.1473774957042281,0.1525625338640353,0.0,0.0,0.0,0.0,0.0,0.0,0.0,0.6221681417251972
force_step,I-RiskGovernor-unfiltered,11052,0.0871892279445902,0.1682615451436136,0.1743705280523242,0.0,0.0,0.0,0.0,0.0,0.0,0.0,0.6007029327367535
force_step,I-RiskGovernor-unfiltered,11053,0.0849534204887364,0.1624945535611978,0.1676668365901916,0.0,0.0,0.0,0.0,0.0,0.0,0.0,0.6060596845700131
force_step,I-RiskGovernor-unfiltered,11054,0.080110254741117,0.1476354619622158,0.149860776425888,0.0,0.0,0.0,0.0,0.0,0.0,0.0,0.5919846152064169
force_step,I-RiskGovernor-unfiltered,11055,0.0818403415710358,0.1588620141852084,0.1651749851931325,0.0,0.0,0.0,0.0,0.0,0.0,0.0,0.6232267262921507
force_step,I-RiskGovernor-unfiltered,11056,0.0818205770388377,0.1507500233241127,0.1540489095739385,0.0,0.0,0.0,0.0,0.0,0.0,0.0,0.5924473791209987
force_step,I-RiskGovernor-unfiltered,11057,0.0892263303924499,0.1758814110018478,0.180204300636939,0.0,0.0,0.0,0.0,0.0,0.0,0.0,0.6114526836512365
force_step,I-RiskGovernor-unfiltered,11058,0.0775901297627722,0.1531052507314073,0.1608073997276126,0.0,0.0,0.0,0.0,0.0,0.0,0.0,0.5987883322899626
force_step,I-RiskGovernor-unfiltered,11059,0.0860517527600965,0.1698599728036845,0.1750991113461639,0.0,0.0,0.0,0.0,0.0,0.0,0.0,0.6155327310767208
force_step,I-RiskGovernor-unfiltered,11060,0.0756913285599965,0.1399576804387418,0.1439338780162796,0.0,0.0,0.0,0.0,0.0,0.0,0.0,0.5939849793772396
force_step,I-RiskGovernor-unfiltered,11061,0.0887399732926602,0.1651982291837427,0.1680099097885353,0.0,0.0,0.0,0.0,0.0,0.0,0.0,0.6292928130710815
force_step,I-RiskGovernor-unfiltered,11062,0.0968536960614039,0.1765036374790822,0.1799071001795301,0.0,0.0,0.0,0.0,0.0,0.0,0.0,0.6184193469801597
force_step,I-RiskGovernor-unfiltered,11063,0.0813571031225786,0.150226441161077,0.1516316365953425,0.0,0.0,0.0,0.0,0.0,0.0,0.0,0.6032612872499777
force_step,I-RiskGovernor-unfiltered,11064,0.0816763511328294,0.1573565992090556,0.1664818506525877,0.0,0.0,0.0,0.0,0.0,0.0,0.0,0.6114374892391118
force_step,I-RiskGovernor-unfiltered,11065,0.0850620753829445,0.1578413288397822,0.1659904892695012,0.0,0.0,0.0,0.0,0.0,0.0,0.0,0.6245798294017848
force_step,I-RiskGovernor-unfiltered,11066,0.0853288517390279,0.1619267642167203,0.1660333761366493,0.0,0.0,0.0,0.0,0.0,0.0,0.0,0.6161281793089082
force_step,I-RiskGovernor-unfiltered,11067,0.0811535356748515,0.1499546212231406,0.1548746146154873,0.0,0.0,0.0,0.0,0.0,0.0,0.0,0.6120226038242443
force_step,I-RiskGovernor-unfiltered,11068,0.0936280771285919,0.1855095472548682,0.1897115359267488,0.0,0.0,0.0,0.0,0.0,0.0,0.0,0.6074350706464671
force_step,I-RiskGovernor-unfiltered,11069,0.0916824894289181,0.1672644978005637,0.1694475009694061,0.0,0.0,0.0,0.0,0.0,0.0,0.0,0.6005894746295468
force_step,I-RiskGovernor-unfiltered,11070,0.0876656860735272,0.1668885793819815,0.1708706967977973,0.0,0.0,0.0,0.0,0.0,0.0,0.0,0.6023101894003825
force_step,I-RiskGovernor-unfiltered,11071,0.0880888033231157,0.1776763855180916,0.1829293307183471,0.0,0.0,0.0,0.0,0.0,0.0,0.0,0.6048957730093303
force_step,I-RiskGovernor-unfiltered,11072,0.0896167604870485,0.1666404750613011,0.1711106436129416,0.0,0.0,0.0,0.0,0.0,0.0,0.0,0.594739357076847
force_step,I-RiskGovernor-unfiltered,11073,0.0880148723206756,0.1763673524986366,0.1824421812358462,0.0,0.0,0.0,0.0,0.0,0.0,0.0,0.6240040632675649
force_step,I-RiskGovernor-unfiltered,11074,0.0811428118033011,0.150113830489404,0.1534428169326448,0.0,0.0,0.0,0.0,0.0,0.0,0.0,0.603259167079356
force_step,I-RiskGovernor-unfiltered,11075,0.0889216867760116,0.1630771960844456,0.1638675502935871,0.0,0.0,0.0,0.0,0.0,0.0,0.0,0.6113223306897948
force_step,I-RiskGovernor-unfiltered,11076,0.0862547056671602,0.1663622899831866,0.17465656425531,0.0,0.0,0.0,0.0,0.0,0.0,0.0,0.61809628759267
force_step,I-RiskGovernor-unfiltered,11077,0.0814442885658948,0.1515747387019965,0.1536793108719929,0.0,0.0,0.0,0.0,0.0,0.0,0.0,0.6167762601806173
force_step,I-RiskGovernor-unfiltered,11078,0.0846819100100605,0.1566150868974326,0.158237075926102,0.0,0.0,0.0,0.0,0.0,0.0,0.0,0.5990214838732486
force_step,I-RiskGovernor-unfiltered,11079,0.0837258359744695,0.1603188564536516,0.1662029703751704,0.0,0.0,0.0,0.0,0.0,0.0,0.0,0.6207352969853372
force_step,I-RiskGovernor-unfiltered,11080,0.0887525572999196,0.1748238210160188,0.185517874141029,0.0,0.0,0.0,0.0,0.0,0.0,0.0,0.6226759815449382
force_step,I-RiskGovernor-unfiltered,11081,0.0845973279290622,0.1606220967606065,0.1634364482899558,0.0,0.0,0.0,0.0,0.0,0.0,0.0,0.598699660357106
force_step,I-RiskGovernor-unfiltered,11082,0.0842900883293961,0.1563805862043371,0.164752472937149,0.0,0.0,0.0,0.0,0.0,0.0,0.0,0.6165584379007357
force_step,I-RiskGovernor-unfiltered,11083,0.0871318384714821,0.1643313449129421,0.1666863326278394,0.0,0.0,0.0,0.0,0.0,0.0,0.0,0.6189772822648167
force_step,I-RiskGovernor-unfiltered,11084,0.088734363701885,0.1724515250300688,0.1770620499514093,0.0,0.0,0.0,0.0,0.0,0.0,0.0,0.6043990040299769
force_step,I-RiskGovernor-unfiltered,11085,0.0951736698162481,0.1777129392025094,0.1803705882914822,0.0,0.0,0.0,0.0,0.0,0.0,0.0,0.6161091309959913
force_step,I-RiskGovernor-unfiltered,11086,0.0857766308354348,0.1578467821960371,0.1598697820604213,0.0,0.0,0.0,0.0,0.0,0.0,0.0,0.6069548197306602
force_step,I-RiskGovernor-unfiltered,11087,0.1007953695370206,0.1852205384017577,0.1890430621211671,0.0,0.0,0.0,0.0,0.0,0.0,0.0,0.6246012626054075
force_step,I-RiskGovernor-unfiltered,11088,0.0893074949703733,0.1630738514762214,0.1642789121752743,0.0,0.0,0.0,0.0,0.0,0.0,0.0,0.6074914670218243
force_step,I-RiskGovernor-unfiltered,11089,0.0788392119820097,0.1459847407648118,0.1475634163150939,0.0,0.0,0.0,0.0,0.0,0.0,0.0,0.5962736082933763
force_step,I-RiskGovernor-unfiltered,11090,0.0884473516326028,0.16445922872989,0.1691729178589556,0.0,0.0,0.0,0.0,0.0,0.0,0.0,0.6199979586107179
force_step,I-RiskGovernor-unfiltered,11091,0.0889307217496247,0.171901734149394,0.1775827279682316,0.0,0.0,0.0,0.0,0.0,0.0,0.0,0.6088732767586948
force_step,I-RiskGovernor-unfiltered,11092,0.0857637056408739,0.1567389464451154,0.162935927228355,0.0,0.0,0.0,0.0,0.0,0.0,0.0,0.6117759125495142
force_step,I-RiskGovernor-unfiltered,11093,0.0881049328830486,0.1611166993320605,0.1623146764773252,0.0,0.0,0.0,0.0,0.0,0.0,0.0,0.6118048182740136
force_step,I-RiskGovernor-unfiltered,11094,0.0919379630429201,0.1713408068734538,0.1750427957981813,0.0,0.0,0.0,0.0,0.0,0.0,0.0,0.6020012812283612
force_step,I-RiskGovernor-unfiltered,11095,0.091234200503514,0.1724399039423714,0.1778492305842924,0.0,0.0,0.0,0.0,0.0,0.0,0.0,0.6092168943748323
force_step,I-RiskGovernor-unfiltered,11096,0.0840065204031957,0.153742252939938,0.1578384541098474,0.0,0.0,0.0,0.0,0.0,0.0,0.0,0.6178381223192756
force_step,I-RiskGovernor-unfiltered,11097,0.084365562307757,0.1674601099634002,0.1744341639203209,0.0,0.0,0.0,0.0,0.0,0.0,0.0,0.6174832015582016
force_step,I-RiskGovernor-unfiltered,11098,0.0803163817922337,0.1516865094132292,0.1540178374914544,0.0,0.0,0.0,0.0,0.0,0.0,0.0,0.6119585659242247
force_step,I-RiskGovernor-unfiltered,11099,0.0966861748925731,0.1777737339473554,0.1801642726617114,0.0,0.0,0.0,0.0,0.0,0.0,0.0,0.6172349047968896
force_step,J-PredictiveProjection,11000,0.0878737800487002,0.1653872905330256,0.1713776891910419,0.0,0.0,0.0,0.0,0.0,0.0,0.0,0.6359327570959077
force_step,J-PredictiveProjection,11001,0.0944311757340885,0.1722421729814955,0.1777688018232442,0.0,0.0,0.0,0.0,0.0,0.0,0.0,0.6172927124880113
force_step,J-PredictiveProjection,11002,0.0912294676289878,0.1798899058424675,0.1842770767524833,0.0,0.0,0.0,0.0,0.0,0.0,0.0,0.6150077491919272
force_step,J-PredictiveProjection,11003,0.0911561133791727,0.1728754185403575,0.1821464990633867,0.0,0.0,0.0,0.0,0.0,0.0,0.0,0.6313342311164764
force_step,J-PredictiveProjection,11004,0.0898976968306136,0.1720504216668866,0.1817142219733341,0.0,0.0,0.0,0.0,0.0,0.0,0.0,0.6128998698353084
force_step,J-PredictiveProjection,11005,0.0760805660763933,0.1485541002689264,0.1543762495565106,0.0,0.0,0.0,0.0,0.0,0.0,0.0,0.6066845298110805
force_step,J-PredictiveProjection,11006,0.0871064941096458,0.1610593669421196,0.164316280339422,0.0,0.0,0.0,0.0,0.0,0.0,0.0,0.5982084852081344
force_step,J-PredictiveProjection,11007,0.0773114174308261,0.1427822433961619,0.1475394812124582,0.0,0.0,0.0,0.0,0.0,0.0,0.0,0.6118524868690101
force_step,J-PredictiveProjection,11008,0.0961044916087188,0.1767167866412077,0.1797137972208349,0.0,0.0,0.0,0.0,0.0,0.0,0.0,0.6140370439588839
force_step,J-PredictiveProjection,11009,0.0844061440472057,0.1558869542646337,0.160508877840582,0.0,0.0,0.0,0.0,0.0,0.0,0.0,0.6084154834527067
force_step,J-PredictiveProjection,11010,0.089904707576859,0.1723216939247438,0.1827939950730217,0.0,0.0,0.0,0.0,0.0,0.0,0.0,0.6262308158957111
force_step,J-PredictiveProjection,11011,0.0846775207796378,0.1574053190947774,0.1595390834712922,0.0,0.0,0.0,0.0,0.0,0.0,0.0,0.5978597382674735
force_step,J-PredictiveProjection,11012,0.0865994602850322,0.1663437816112654,0.1693325122486648,0.0,0.0,0.0,0.0,0.0,0.0,0.0,0.5989705023718883
force_step,J-PredictiveProjection,11013,0.0922991752913428,0.1689779209766431,0.1753444722992091,0.0,0.0,0.0,0.0,0.0,0.0,0.0,0.6195030839831748
force_step,J-PredictiveProjection,11014,0.0894618717380672,0.1753646569989948,0.1781630793386434,0.0,0.0,0.0,0.0,0.0,0.0,0.0,0.5865537955886434
force_step,J-PredictiveProjection,11015,0.0920231985809001,0.1811525059102442,0.1844865051811405,0.0,0.0,0.0,0.0,0.0,0.0,0.0,0.624966961046174
force_step,J-PredictiveProjection,11016,0.0798804878115354,0.1535217125910487,0.1548824315500795,0.0,0.0,0.0,0.0,0.0,0.0,0.0,0.6169824306623933
force_step,J-PredictiveProjection,11017,0.0860655921672201,0.1565854326147817,0.1590680300484535,0.0,0.0,0.0,0.0,0.0,0.0,0.0,0.5971767894984099
force_step,J-PredictiveProjection,11018,0.0988572469286419,0.180640848304387,0.1845151901624513,0.0,0.0,0.0,0.0,0.0,0.0,0.0,0.6149790688124731
force_step,J-PredictiveProjection,11019,0.0891601063286369,0.1713527065602985,0.180635671029815,0.0,0.0,0.0,0.0,0.0,0.0,0.0,0.6161545447862442
force_step,J-PredictiveProjection,11020,0.0916165914114047,0.181541067421829,0.1854598342879568,0.0,0.0,0.0,0.0,0.0,0.0,0.0,0.609577366288517
force_step,J-PredictiveProjection,11021,0.0878952365989279,0.1619084759478802,0.1636963598835422,0.0,0.0,0.0,0.0,0.0,0.0,0.0,0.620801929542112
force_step,J-PredictiveProjection,11022,0.0854590595569421,0.162449687455358,0.1660760459760965,0.0,0.0,0.0,0.0,0.0,0.0,0.0,0.6067142095859567
force_step,J-PredictiveProjection,11023,0.0860003474185379,0.1599949145519485,0.1632746739888254,0.0,0.0,0.0,0.0,0.0,0.0,0.0,0.6071491216600636
force_step,J-PredictiveProjection,11024,0.0930916721780019,0.1842113290875618,0.1878307213900155,0.0,0.0,0.0,0.0,0.0,0.0,0.0,0.6158866110235214
force_step,J-PredictiveProjection,11025,0.0889228805581711,0.1685970634654335,0.1742549145648811,0.0,0.0,0.0,0.0,0.0,0.0,0.0,0.6225117535167508
force_step,J-PredictiveProjection,11026,0.0844048448676016,0.1564050579484457,0.1643672893380754,0.0,0.0,0.0,0.0,0.0,0.0,0.0,0.606107593304125
force_step,J-PredictiveProjection,11027,0.0935760880110984,0.1840576767854466,0.1889773976747866,0.0,0.0,0.0,0.0,0.0,0.0,0.0,0.6035052885123525
force_step,J-PredictiveProjection,11028,0.087268176367846,0.1597111350164449,0.1625599911302665,0.0,0.0,0.0,0.0,0.0,0.0,0.0,0.6021807102135347
force_step,J-PredictiveProjection,11029,0.092608841359845,0.1874475724815899,0.1922492644983305,0.0,0.0,0.0,0.0,0.0,0.0,0.0,0.6128968635673896
force_step,J-PredictiveProjection,11030,0.0806791377523326,0.1537372312132114,0.1570349155463258,0.0,0.0,0.0,0.0,0.0,0.0,0.0,0.6025380001412173
force_step,J-PredictiveProjection,11031,0.0869671152032613,0.1705071800141826,0.1738675269590891,0.0,0.0,0.0,0.0,0.0,0.0,0.0,0.6081095670498666
force_step,J-PredictiveProjection,11032,0.0868723922666721,0.1617055804141401,0.1716028946239638,0.0,0.0,0.0,0.0,0.0,0.0,0.0,0.6188703352092324
force_step,J-PredictiveProjection,11033,0.087175607616805,0.1735056211678718,0.1829387997249798,0.0,0.0,0.0,0.0,0.0,0.0,0.0,0.6106695943008043
force_step,J-PredictiveProjection,11034,0.0804855033787939,0.1485024391595822,0.150723812371137,0.0,0.0,0.0,0.0,0.0,0.0,0.0,0.5924690750100509
force_step,J-PredictiveProjection,11035,0.0890532705495211,0.1643946405533801,0.1684018571317407,0.0,0.0,0.0,0.0,0.0,0.0,0.0,0.6116688601848571
force_step,J-PredictiveProjection,11036,0.085595524421667,0.1584072078309155,0.1629556330537593,0.0,0.0,0.0,0.0,0.0,0.0,0.0,0.6097099770744655
force_step,J-PredictiveProjection,11037,0.0809712954837059,0.1532715837198486,0.1581488516159963,0.0,0.0,0.0,0.0,0.0,0.0,0.0,0.6054000150823643
force_step,J-PredictiveProjection,11038,0.0846139582058695,0.1685803597728623,0.1731194244893443,0.0,0.0,0.0,0.0,0.0,0.0,0.0,0.6199893320411141
force_step,J-PredictiveProjection,11039,0.0901821846326535,0.171864919101598,0.1748602719041556,0.0,0.0,0.0,0.0,0.0,0.0,0.0,0.6142015296146528
force_step,J-PredictiveProjection,11040,0.0920334936370711,0.169054253316488,0.1732275921916497,0.0,0.0,0.0,0.0,0.0,0.0,0.0,0.6189814383496415
force_step,J-PredictiveProjection,11041,0.0900559514303079,0.1784244091677853,0.1809784463379141,0.0,0.0,0.0,0.0,0.0,0.0,0.0,0.6096906410695713
force_step,J-PredictiveProjection,11042,0.0903273057656506,0.176827755603992,0.1817541025076512,0.0,0.0,0.0,0.0,0.0,0.0,0.0,0.6169187717921671
force_step,J-PredictiveProjection,11043,0.0853089029833251,0.1582703269627875,0.1642473109192142,0.0,0.0,0.0,0.0,0.0,0.0,0.0,0.6304062620668028
force_step,J-PredictiveProjection,11044,0.0855742919526465,0.1583968290503949,0.1613902060644184,0.0,0.0,0.0,0.0,0.0,0.0,0.0,0.5994162810321624
force_step,J-PredictiveProjection,11045,0.0948087059881588,0.1794235262549864,0.1841706137130904,0.0,0.0,0.0,0.0,0.0,0.0,0.0,0.6195720466492189
force_step,J-PredictiveProjection,11046,0.0878608643996365,0.1707827829630339,0.1753195460229592,0.0,0.0,0.0,0.0,0.0,0.0,0.0,0.6173531706748284
force_step,J-PredictiveProjection,11047,0.081744678142186,0.151510874887119,0.1533072491270575,0.0,0.0,0.0,0.0,0.0,0.0,0.0,0.6018296238322971
force_step,J-PredictiveProjection,11048,0.0908143097407652,0.1751334991652104,0.1807417532984768,0.0,0.0,0.0,0.0,0.0,0.0,0.0,0.6268264709760935
force_step,J-PredictiveProjection,11049,0.08068773622489,0.1614267326604561,0.1705732854516704,0.0,0.0,0.0,0.0,0.0,0.0,0.0,0.608476449850559
force_step,J-PredictiveProjection,11050,0.0952896135633728,0.1793698294699746,0.1844070521944611,0.0,0.0,0.0,0.0,0.0,0.0,0.0,0.6062681781201844
force_step,J-PredictiveProjection,11051,0.0804217162961882,0.1473774957042281,0.1525625338640353,0.0,0.0,0.0,0.0,0.0,0.0,0.0,0.6221681417251972
force_step,J-PredictiveProjection,11052,0.0871892279445902,0.1682615451436136,0.1743705280523242,0.0,0.0,0.0,0.0,0.0,0.0,0.0,0.6007029327367535
force_step,J-PredictiveProjection,11053,0.0849534204887364,0.1624945535611978,0.1676668365901916,0.0,0.0,0.0,0.0,0.0,0.0,0.0,0.6060596845700131
force_step,J-PredictiveProjection,11054,0.080110254741117,0.1476354619622158,0.149860776425888,0.0,0.0,0.0,0.0,0.0,0.0,0.0,0.5919846152064169
force_step,J-PredictiveProjection,11055,0.0818403415710358,0.1588620141852084,0.1651749851931325,0.0,0.0,0.0,0.0,0.0,0.0,0.0,0.6232267262921507
force_step,J-PredictiveProjection,11056,0.0818205770388377,0.1507500233241127,0.1540489095739385,0.0,0.0,0.0,0.0,0.0,0.0,0.0,0.5924473791209987
force_step,J-PredictiveProjection,11057,0.0892263303924499,0.1758814110018478,0.180204300636939,0.0,0.0,0.0,0.0,0.0,0.0,0.0,0.6114526836512365
force_step,J-PredictiveProjection,11058,0.0775901297627722,0.1531052507314073,0.1608073997276126,0.0,0.0,0.0,0.0,0.0,0.0,0.0,0.5987883322899626
force_step,J-PredictiveProjection,11059,0.0860517527600965,0.1698599728036845,0.1750991113461639,0.0,0.0,0.0,0.0,0.0,0.0,0.0,0.6155327310767208
force_step,J-PredictiveProjection,11060,0.0756913285599965,0.1399576804387418,0.1439338780162796,0.0,0.0,0.0,0.0,0.0,0.0,0.0,0.5939849793772396
force_step,J-PredictiveProjection,11061,0.0887399732926602,0.1651982291837427,0.1680099097885353,0.0,0.0,0.0,0.0,0.0,0.0,0.0,0.6292928130710815
force_step,J-PredictiveProjection,11062,0.0968536960614039,0.1765036374790822,0.1799071001795301,0.0,0.0,0.0,0.0,0.0,0.0,0.0,0.6184193469801597
force_step,J-PredictiveProjection,11063,0.0813571031225786,0.150226441161077,0.1516316365953425,0.0,0.0,0.0,0.0,0.0,0.0,0.0,0.6032612872499777
force_step,J-PredictiveProjection,11064,0.0816763511328294,0.1573565992090556,0.1664818506525877,0.0,0.0,0.0,0.0,0.0,0.0,0.0,0.6114374892391118
force_step,J-PredictiveProjection,11065,0.0850620753829445,0.1578413288397822,0.1659904892695012,0.0,0.0,0.0,0.0,0.0,0.0,0.0,0.6245798294017848
force_step,J-PredictiveProjection,11066,0.0853288517390279,0.1619267642167203,0.1660333761366493,0.0,0.0,0.0,0.0,0.0,0.0,0.0,0.6161281793089082
force_step,J-PredictiveProjection,11067,0.0811535356748515,0.1499546212231406,0.1548746146154873,0.0,0.0,0.0,0.0,0.0,0.0,0.0,0.6120226038242443
force_step,J-PredictiveProjection,11068,0.0936280771285919,0.1855095472548682,0.1897115359267488,0.0,0.0,0.0,0.0,0.0,0.0,0.0,0.6074350706464671
force_step,J-PredictiveProjection,11069,0.0916824894289181,0.1672644978005637,0.1694475009694061,0.0,0.0,0.0,0.0,0.0,0.0,0.0,0.6005894746295468
force_step,J-PredictiveProjection,11070,0.0876656860735272,0.1668885793819815,0.1708706967977973,0.0,0.0,0.0,0.0,0.0,0.0,0.0,0.6023101894003825
force_step,J-PredictiveProjection,11071,0.0880888033231157,0.1776763855180916,0.1829293307183471,0.0,0.0,0.0,0.0,0.0,0.0,0.0,0.6048957730093303
force_step,J-PredictiveProjection,11072,0.0896167604870485,0.1666404750613011,0.1711106436129416,0.0,0.0,0.0,0.0,0.0,0.0,0.0,0.594739357076847
force_step,J-PredictiveProjection,11073,0.0880148723206756,0.1763673524986366,0.1824421812358462,0.0,0.0,0.0,0.0,0.0,0.0,0.0,0.6240040632675649
force_step,J-PredictiveProjection,11074,0.0811428118033011,0.150113830489404,0.1534428169326448,0.0,0.0,0.0,0.0,0.0,0.0,0.0,0.603259167079356
force_step,J-PredictiveProjection,11075,0.0889216867760116,0.1630771960844456,0.1638675502935871,0.0,0.0,0.0,0.0,0.0,0.0,0.0,0.6113223306897948
force_step,J-PredictiveProjection,11076,0.0862547056671602,0.1663622899831866,0.17465656425531,0.0,0.0,0.0,0.0,0.0,0.0,0.0,0.61809628759267
force_step,J-PredictiveProjection,11077,0.0814442885658948,0.1515747387019965,0.1536793108719929,0.0,0.0,0.0,0.0,0.0,0.0,0.0,0.6167762601806173
force_step,J-PredictiveProjection,11078,0.0846819100100605,0.1566150868974326,0.158237075926102,0.0,0.0,0.0,0.0,0.0,0.0,0.0,0.5990214838732486
force_step,J-PredictiveProjection,11079,0.0837258359744695,0.1603188564536516,0.1662029703751704,0.0,0.0,0.0,0.0,0.0,0.0,0.0,0.6207352969853372
force_step,J-PredictiveProjection,11080,0.0887525572999196,0.1748238210160188,0.185517874141029,0.0,0.0,0.0,0.0,0.0,0.0,0.0,0.6226759815449382
force_step,J-PredictiveProjection,11081,0.0845973279290622,0.1606220967606065,0.1634364482899558,0.0,0.0,0.0,0.0,0.0,0.0,0.0,0.598699660357106
force_step,J-PredictiveProjection,11082,0.0842900883293961,0.1563805862043371,0.164752472937149,0.0,0.0,0.0,0.0,0.0,0.0,0.0,0.6165584379007357
force_step,J-PredictiveProjection,11083,0.0871318384714821,0.1643313449129421,0.1666863326278394,0.0,0.0,0.0,0.0,0.0,0.0,0.0,0.6189772822648167
force_step,J-PredictiveProjection,11084,0.088734363701885,0.1724515250300688,0.1770620499514093,0.0,0.0,0.0,0.0,0.0,0.0,0.0,0.6043990040299769
force_step,J-PredictiveProjection,11085,0.0951736698162481,0.1777129392025094,0.1803705882914822,0.0,0.0,0.0,0.0,0.0,0.0,0.0,0.6161091309959913
force_step,J-PredictiveProjection,11086,0.0857766308354348,0.1578467821960371,0.1598697820604213,0.0,0.0,0.0,0.0,0.0,0.0,0.0,0.6069548197306602
force_step,J-PredictiveProjection,11087,0.1007953695370206,0.1852205384017577,0.1890430621211671,0.0,0.0,0.0,0.0,0.0,0.0,0.0,0.6246012626054075
force_step,J-PredictiveProjection,11088,0.0893074949703733,0.1630738514762214,0.1642789121752743,0.0,0.0,0.0,0.0,0.0,0.0,0.0,0.6074914670218243
force_step,J-PredictiveProjection,11089,0.0788392119820097,0.1459847407648118,0.1475634163150939,0.0,0.0,0.0,0.0,0.0,0.0,0.0,0.5962736082933763
force_step,J-PredictiveProjection,11090,0.0884473516326028,0.16445922872989,0.1691729178589556,0.0,0.0,0.0,0.0,0.0,0.0,0.0,0.6199979586107179
force_step,J-PredictiveProjection,11091,0.0889307217496247,0.171901734149394,0.1775827279682316,0.0,0.0,0.0,0.0,0.0,0.0,0.0,0.6088732767586948
force_step,J-PredictiveProjection,11092,0.0857637056408739,0.1567389464451154,0.162935927228355,0.0,0.0,0.0,0.0,0.0,0.0,0.0,0.6117759125495142
force_step,J-PredictiveProjection,11093,0.0881049328830486,0.1611166993320605,0.1623146764773252,0.0,0.0,0.0,0.0,0.0,0.0,0.0,0.6118048182740136
force_step,J-PredictiveProjection,11094,0.0919379630429201,0.1713408068734538,0.1750427957981813,0.0,0.0,0.0,0.0,0.0,0.0,0.0,0.6020012812283612
force_step,J-PredictiveProjection,11095,0.091234200503514,0.1724399039423714,0.1778492305842924,0.0,0.0,0.0,0.0,0.0,0.0,0.0,0.6092168943748323
force_step,J-PredictiveProjection,11096,0.0840065204031957,0.153742252939938,0.1578384541098474,0.0,0.0,0.0,0.0,0.0,0.0,0.0,0.6178381223192756
force_step,J-PredictiveProjection,11097,0.084365562307757,0.1674601099634002,0.1744341639203209,0.0,0.0,0.0,0.0,0.0,0.0,0.0,0.6174832015582016
force_step,J-PredictiveProjection,11098,0.0803163817922337,0.1516865094132292,0.1540178374914544,0.0,0.0,0.0,0.0,0.0,0.0,0.0,0.6119585659242247
force_step,J-PredictiveProjection,11099,0.0966861748925731,0.1777737339473554,0.1801642726617114,0.0,0.0,0.0,0.0,0.0,0.0,0.0,0.6172349047968896
force_step,K-RobustHOCBF-Filter,11000,0.0878737800487002,0.1653872905330256,0.1713776891910419,0.0,0.0,0.0,0.0,0.0,0.0,0.0,0.6359327570959077
force_step,K-RobustHOCBF-Filter,11001,0.0944311757340885,0.1722421729814955,0.1777688018232442,0.0,0.0,0.0,0.0,0.0,0.0,0.0,0.6172927124880113
force_step,K-RobustHOCBF-Filter,11002,0.0912294676289878,0.1798899058424675,0.1842770767524833,0.0,0.0,0.0,0.0,0.0,0.0,0.0,0.6150077491919272
force_step,K-RobustHOCBF-Filter,11003,0.0911561133791727,0.1728754185403575,0.1821464990633867,0.0,0.0,0.0,0.0,0.0,0.0,0.0,0.6313342311164764
force_step,K-RobustHOCBF-Filter,11004,0.0898976968306136,0.1720504216668866,0.1817142219733341,0.0,0.0,0.0,0.0,0.0,0.0,0.0,0.6128998698353084
force_step,K-RobustHOCBF-Filter,11005,0.0760805660763933,0.1485541002689264,0.1543762495565106,0.0,0.0,0.0,0.0,0.0,0.0,0.0,0.6066845298110805
force_step,K-RobustHOCBF-Filter,11006,0.0871064941096458,0.1610593669421196,0.164316280339422,0.0,0.0,0.0,0.0,0.0,0.0,0.0,0.5982084852081344
force_step,K-RobustHOCBF-Filter,11007,0.0773114174308261,0.1427822433961619,0.1475394812124582,0.0,0.0,0.0,0.0,0.0,0.0,0.0,0.6118524868690101
force_step,K-RobustHOCBF-Filter,11008,0.0961044916087188,0.1767167866412077,0.1797137972208349,0.0,0.0,0.0,0.0,0.0,0.0,0.0,0.6140370439588839
force_step,K-RobustHOCBF-Filter,11009,0.0844061440472057,0.1558869542646337,0.160508877840582,0.0,0.0,0.0,0.0,0.0,0.0,0.0,0.6084154834527067
force_step,K-RobustHOCBF-Filter,11010,0.089904707576859,0.1723216939247438,0.1827939950730217,0.0,0.0,0.0,0.0,0.0,0.0,0.0,0.6262308158957111
force_step,K-RobustHOCBF-Filter,11011,0.0846775207796378,0.1574053190947774,0.1595390834712922,0.0,0.0,0.0,0.0,0.0,0.0,0.0,0.5978597382674735
force_step,K-RobustHOCBF-Filter,11012,0.0865994602850322,0.1663437816112654,0.1693325122486648,0.0,0.0,0.0,0.0,0.0,0.0,0.0,0.5989705023718883
force_step,K-RobustHOCBF-Filter,11013,0.0922991752913428,0.1689779209766431,0.1753444722992091,0.0,0.0,0.0,0.0,0.0,0.0,0.0,0.6195030839831748
force_step,K-RobustHOCBF-Filter,11014,0.0894618717380672,0.1753646569989948,0.1781630793386434,0.0,0.0,0.0,0.0,0.0,0.0,0.0,0.5865537955886434
force_step,K-RobustHOCBF-Filter,11015,0.0920231985809001,0.1811525059102442,0.1844865051811405,0.0,0.0,0.0,0.0,0.0,0.0,0.0,0.624966961046174
force_step,K-RobustHOCBF-Filter,11016,0.0798804878115354,0.1535217125910487,0.1548824315500795,0.0,0.0,0.0,0.0,0.0,0.0,0.0,0.6169824306623933
force_step,K-RobustHOCBF-Filter,11017,0.0860655921672201,0.1565854326147817,0.1590680300484535,0.0,0.0,0.0,0.0,0.0,0.0,0.0,0.5971767894984099
force_step,K-RobustHOCBF-Filter,11018,0.0988572469286419,0.180640848304387,0.1845151901624513,0.0,0.0,0.0,0.0,0.0,0.0,0.0,0.6149790688124731
force_step,K-RobustHOCBF-Filter,11019,0.0891601063286369,0.1713527065602985,0.180635671029815,0.0,0.0,0.0,0.0,0.0,0.0,0.0,0.6161545447862442
force_step,K-RobustHOCBF-Filter,11020,0.0916165914114047,0.181541067421829,0.1854598342879568,0.0,0.0,0.0,0.0,0.0,0.0,0.0,0.609577366288517
force_step,K-RobustHOCBF-Filter,11021,0.0878952365989279,0.1619084759478802,0.1636963598835422,0.0,0.0,0.0,0.0,0.0,0.0,0.0,0.620801929542112
force_step,K-RobustHOCBF-Filter,11022,0.0854590595569421,0.162449687455358,0.1660760459760965,0.0,0.0,0.0,0.0,0.0,0.0,0.0,0.6067142095859567
force_step,K-RobustHOCBF-Filter,11023,0.0860003474185379,0.1599949145519485,0.1632746739888254,0.0,0.0,0.0,0.0,0.0,0.0,0.0,0.6071491216600636
force_step,K-RobustHOCBF-Filter,11024,0.0930916721780019,0.1842113290875618,0.1878307213900155,0.0,0.0,0.0,0.0,0.0,0.0,0.0,0.6158866110235214
force_step,K-RobustHOCBF-Filter,11025,0.0889228805581711,0.1685970634654335,0.1742549145648811,0.0,0.0,0.0,0.0,0.0,0.0,0.0,0.6225117535167508
force_step,K-RobustHOCBF-Filter,11026,0.0844048448676016,0.1564050579484457,0.1643672893380754,0.0,0.0,0.0,0.0,0.0,0.0,0.0,0.606107593304125
force_step,K-RobustHOCBF-Filter,11027,0.0935760880110984,0.1840576767854466,0.1889773976747866,0.0,0.0,0.0,0.0,0.0,0.0,0.0,0.6035052885123525
force_step,K-RobustHOCBF-Filter,11028,0.087268176367846,0.1597111350164449,0.1625599911302665,0.0,0.0,0.0,0.0,0.0,0.0,0.0,0.6021807102135347
force_step,K-RobustHOCBF-Filter,11029,0.092608841359845,0.1874475724815899,0.1922492644983305,0.0,0.0,0.0,0.0,0.0,0.0,0.0,0.6128968635673896
force_step,K-RobustHOCBF-Filter,11030,0.0806791377523326,0.1537372312132114,0.1570349155463258,0.0,0.0,0.0,0.0,0.0,0.0,0.0,0.6025380001412173
force_step,K-RobustHOCBF-Filter,11031,0.0869671152032613,0.1705071800141826,0.1738675269590891,0.0,0.0,0.0,0.0,0.0,0.0,0.0,0.6081095670498666
force_step,K-RobustHOCBF-Filter,11032,0.0868723922666721,0.1617055804141401,0.1716028946239638,0.0,0.0,0.0,0.0,0.0,0.0,0.0,0.6188703352092324
force_step,K-RobustHOCBF-Filter,11033,0.087175607616805,0.1735056211678718,0.1829387997249798,0.0,0.0,0.0,0.0,0.0,0.0,0.0,0.6106695943008043
force_step,K-RobustHOCBF-Filter,11034,0.0804855033787939,0.1485024391595822,0.150723812371137,0.0,0.0,0.0,0.0,0.0,0.0,0.0,0.5924690750100509
force_step,K-RobustHOCBF-Filter,11035,0.0890532705495211,0.1643946405533801,0.1684018571317407,0.0,0.0,0.0,0.0,0.0,0.0,0.0,0.6116688601848571
force_step,K-RobustHOCBF-Filter,11036,0.085595524421667,0.1584072078309155,0.1629556330537593,0.0,0.0,0.0,0.0,0.0,0.0,0.0,0.6097099770744655
force_step,K-RobustHOCBF-Filter,11037,0.0809712954837059,0.1532715837198486,0.1581488516159963,0.0,0.0,0.0,0.0,0.0,0.0,0.0,0.6054000150823643
force_step,K-RobustHOCBF-Filter,11038,0.0846139582058695,0.1685803597728623,0.1731194244893443,0.0,0.0,0.0,0.0,0.0,0.0,0.0,0.6199893320411141
force_step,K-RobustHOCBF-Filter,11039,0.0901821846326535,0.171864919101598,0.1748602719041556,0.0,0.0,0.0,0.0,0.0,0.0,0.0,0.6142015296146528
force_step,K-RobustHOCBF-Filter,11040,0.0920334936370711,0.169054253316488,0.1732275921916497,0.0,0.0,0.0,0.0,0.0,0.0,0.0,0.6189814383496415
force_step,K-RobustHOCBF-Filter,11041,0.0900559514303079,0.1784244091677853,0.1809784463379141,0.0,0.0,0.0,0.0,0.0,0.0,0.0,0.6096906410695713
force_step,K-RobustHOCBF-Filter,11042,0.0903273057656506,0.176827755603992,0.1817541025076512,0.0,0.0,0.0,0.0,0.0,0.0,0.0,0.6169187717921671
force_step,K-RobustHOCBF-Filter,11043,0.0853089029833251,0.1582703269627875,0.1642473109192142,0.0,0.0,0.0,0.0,0.0,0.0,0.0,0.6304062620668028
force_step,K-RobustHOCBF-Filter,11044,0.0855742919526465,0.1583968290503949,0.1613902060644184,0.0,0.0,0.0,0.0,0.0,0.0,0.0,0.5994162810321624
force_step,K-RobustHOCBF-Filter,11045,0.0948087059881588,0.1794235262549864,0.1841706137130904,0.0,0.0,0.0,0.0,0.0,0.0,0.0,0.6195720466492189
force_step,K-RobustHOCBF-Filter,11046,0.0878608643996365,0.1707827829630339,0.1753195460229592,0.0,0.0,0.0,0.0,0.0,0.0,0.0,0.6173531706748284
force_step,K-RobustHOCBF-Filter,11047,0.081744678142186,0.151510874887119,0.1533072491270575,0.0,0.0,0.0,0.0,0.0,0.0,0.0,0.6018296238322971
force_step,K-RobustHOCBF-Filter,11048,0.0908143097407652,0.1751334991652104,0.1807417532984768,0.0,0.0,0.0,0.0,0.0,0.0,0.0,0.6268264709760935
force_step,K-RobustHOCBF-Filter,11049,0.08068773622489,0.1614267326604561,0.1705732854516704,0.0,0.0,0.0,0.0,0.0,0.0,0.0,0.608476449850559
force_step,K-RobustHOCBF-Filter,11050,0.0952896135633728,0.1793698294699746,0.1844070521944611,0.0,0.0,0.0,0.0,0.0,0.0,0.0,0.6062681781201844
force_step,K-RobustHOCBF-Filter,11051,0.0804217162961882,0.1473774957042281,0.1525625338640353,0.0,0.0,0.0,0.0,0.0,0.0,0.0,0.6221681417251972
force_step,K-RobustHOCBF-Filter,11052,0.0871892279445902,0.1682615451436136,0.1743705280523242,0.0,0.0,0.0,0.0,0.0,0.0,0.0,0.6007029327367535
force_step,K-RobustHOCBF-Filter,11053,0.0849534204887364,0.1624945535611978,0.1676668365901916,0.0,0.0,0.0,0.0,0.0,0.0,0.0,0.6060596845700131
force_step,K-RobustHOCBF-Filter,11054,0.080110254741117,0.1476354619622158,0.149860776425888,0.0,0.0,0.0,0.0,0.0,0.0,0.0,0.5919846152064169
force_step,K-RobustHOCBF-Filter,11055,0.0818403415710358,0.1588620141852084,0.1651749851931325,0.0,0.0,0.0,0.0,0.0,0.0,0.0,0.6232267262921507
force_step,K-RobustHOCBF-Filter,11056,0.0818205770388377,0.1507500233241127,0.1540489095739385,0.0,0.0,0.0,0.0,0.0,0.0,0.0,0.5924473791209987
force_step,K-RobustHOCBF-Filter,11057,0.0892263303924499,0.1758814110018478,0.180204300636939,0.0,0.0,0.0,0.0,0.0,0.0,0.0,0.6114526836512365
force_step,K-RobustHOCBF-Filter,11058,0.0775901297627722,0.1531052507314073,0.1608073997276126,0.0,0.0,0.0,0.0,0.0,0.0,0.0,0.5987883322899626
force_step,K-RobustHOCBF-Filter,11059,0.0860517527600965,0.1698599728036845,0.1750991113461639,0.0,0.0,0.0,0.0,0.0,0.0,0.0,0.6155327310767208
force_step,K-RobustHOCBF-Filter,11060,0.0756913285599965,0.1399576804387418,0.1439338780162796,0.0,0.0,0.0,0.0,0.0,0.0,0.0,0.5939849793772396
force_step,K-RobustHOCBF-Filter,11061,0.0887399732926602,0.1651982291837427,0.1680099097885353,0.0,0.0,0.0,0.0,0.0,0.0,0.0,0.6292928130710815
force_step,K-RobustHOCBF-Filter,11062,0.0968536960614039,0.1765036374790822,0.1799071001795301,0.0,0.0,0.0,0.0,0.0,0.0,0.0,0.6184193469801597
force_step,K-RobustHOCBF-Filter,11063,0.0813571031225786,0.150226441161077,0.1516316365953425,0.0,0.0,0.0,0.0,0.0,0.0,0.0,0.6032612872499777
force_step,K-RobustHOCBF-Filter,11064,0.0816763511328294,0.1573565992090556,0.1664818506525877,0.0,0.0,0.0,0.0,0.0,0.0,0.0,0.6114374892391118
force_step,K-RobustHOCBF-Filter,11065,0.0850620753829445,0.1578413288397822,0.1659904892695012,0.0,0.0,0.0,0.0,0.0,0.0,0.0,0.6245798294017848
force_step,K-RobustHOCBF-Filter,11066,0.0853288517390279,0.1619267642167203,0.1660333761366493,0.0,0.0,0.0,0.0,0.0,0.0,0.0,0.6161281793089082
force_step,K-RobustHOCBF-Filter,11067,0.0811535356748515,0.1499546212231406,0.1548746146154873,0.0,0.0,0.0,0.0,0.0,0.0,0.0,0.6120226038242443
force_step,K-RobustHOCBF-Filter,11068,0.0936280771285919,0.1855095472548682,0.1897115359267488,0.0,0.0,0.0,0.0,0.0,0.0,0.0,0.6074350706464671
force_step,K-RobustHOCBF-Filter,11069,0.0916824894289181,0.1672644978005637,0.1694475009694061,0.0,0.0,0.0,0.0,0.0,0.0,0.0,0.6005894746295468
force_step,K-RobustHOCBF-Filter,11070,0.0876656860735272,0.1668885793819815,0.1708706967977973,0.0,0.0,0.0,0.0,0.0,0.0,0.0,0.6023101894003825
force_step,K-RobustHOCBF-Filter,11071,0.0880888033231157,0.1776763855180916,0.1829293307183471,0.0,0.0,0.0,0.0,0.0,0.0,0.0,0.6048957730093303
force_step,K-RobustHOCBF-Filter,11072,0.0896167604870485,0.1666404750613011,0.1711106436129416,0.0,0.0,0.0,0.0,0.0,0.0,0.0,0.594739357076847
force_step,K-RobustHOCBF-Filter,11073,0.0880148723206756,0.1763673524986366,0.1824421812358462,0.0,0.0,0.0,0.0,0.0,0.0,0.0,0.6240040632675649
force_step,K-RobustHOCBF-Filter,11074,0.0811428118033011,0.150113830489404,0.1534428169326448,0.0,0.0,0.0,0.0,0.0,0.0,0.0,0.603259167079356
force_step,K-RobustHOCBF-Filter,11075,0.0889216867760116,0.1630771960844456,0.1638675502935871,0.0,0.0,0.0,0.0,0.0,0.0,0.0,0.6113223306897948
force_step,K-RobustHOCBF-Filter,11076,0.0862547056671602,0.1663622899831866,0.17465656425531,0.0,0.0,0.0,0.0,0.0,0.0,0.0,0.61809628759267
force_step,K-RobustHOCBF-Filter,11077,0.0814442885658948,0.1515747387019965,0.1536793108719929,0.0,0.0,0.0,0.0,0.0,0.0,0.0,0.6167762601806173
force_step,K-RobustHOCBF-Filter,11078,0.0846819100100605,0.1566150868974326,0.158237075926102,0.0,0.0,0.0,0.0,0.0,0.0,0.0,0.5990214838732486
force_step,K-RobustHOCBF-Filter,11079,0.0837258359744695,0.1603188564536516,0.1662029703751704,0.0,0.0,0.0,0.0,0.0,0.0,0.0,0.6207352969853372
force_step,K-RobustHOCBF-Filter,11080,0.0887525572999196,0.1748238210160188,0.185517874141029,0.0,0.0,0.0,0.0,0.0,0.0,0.0,0.6226759815449382
force_step,K-RobustHOCBF-Filter,11081,0.0845973279290622,0.1606220967606065,0.1634364482899558,0.0,0.0,0.0,0.0,0.0,0.0,0.0,0.598699660357106
force_step,K-RobustHOCBF-Filter,11082,0.0842900883293961,0.1563805862043371,0.164752472937149,0.0,0.0,0.0,0.0,0.0,0.0,0.0,0.6165584379007357
force_step,K-RobustHOCBF-Filter,11083,0.0871318384714821,0.1643313449129421,0.1666863326278394,0.0,0.0,0.0,0.0,0.0,0.0,0.0,0.6189772822648167
force_step,K-RobustHOCBF-Filter,11084,0.088734363701885,0.1724515250300688,0.1770620499514093,0.0,0.0,0.0,0.0,0.0,0.0,0.0,0.6043990040299769
force_step,K-RobustHOCBF-Filter,11085,0.0951736698162481,0.1777129392025094,0.1803705882914822,0.0,0.0,0.0,0.0,0.0,0.0,0.0,0.6161091309959913
force_step,K-RobustHOCBF-Filter,11086,0.0857766308354348,0.1578467821960371,0.1598697820604213,0.0,0.0,0.0,0.0,0.0,0.0,0.0,0.6069548197306602
force_step,K-RobustHOCBF-Filter,11087,0.1007953695370206,0.1852205384017577,0.1890430621211671,0.0,0.0,0.0,0.0,0.0,0.0,0.0,0.6246012626054075
force_step,K-RobustHOCBF-Filter,11088,0.0893074949703733,0.1630738514762214,0.1642789121752743,0.0,0.0,0.0,0.0,0.0,0.0,0.0,0.6074914670218243
force_step,K-RobustHOCBF-Filter,11089,0.0788392119820097,0.1459847407648118,0.1475634163150939,0.0,0.0,0.0,0.0,0.0,0.0,0.0,0.5962736082933763
force_step,K-RobustHOCBF-Filter,11090,0.0884473516326028,0.16445922872989,0.1691729178589556,0.0,0.0,0.0,0.0,0.0,0.0,0.0,0.6199979586107179
force_step,K-RobustHOCBF-Filter,11091,0.0889307217496247,0.171901734149394,0.1775827279682316,0.0,0.0,0.0,0.0,0.0,0.0,0.0,0.6088732767586948
force_step,K-RobustHOCBF-Filter,11092,0.0857637056408739,0.1567389464451154,0.162935927228355,0.0,0.0,0.0,0.0,0.0,0.0,0.0,0.6117759125495142
force_step,K-RobustHOCBF-Filter,11093,0.0881049328830486,0.1611166993320605,0.1623146764773252,0.0,0.0,0.0,0.0,0.0,0.0,0.0,0.6118048182740136
force_step,K-RobustHOCBF-Filter,11094,0.0919379630429201,0.1713408068734538,0.1750427957981813,0.0,0.0,0.0,0.0,0.0,0.0,0.0,0.6020012812283612
force_step,K-RobustHOCBF-Filter,11095,0.091234200503514,0.1724399039423714,0.1778492305842924,0.0,0.0,0.0,0.0,0.0,0.0,0.0,0.6092168943748323
force_step,K-RobustHOCBF-Filter,11096,0.0840065204031957,0.153742252939938,0.1578384541098474,0.0,0.0,0.0,0.0,0.0,0.0,0.0,0.6178381223192756
force_step,K-RobustHOCBF-Filter,11097,0.084365562307757,0.1674601099634002,0.1744341639203209,0.0,0.0,0.0,0.0,0.0,0.0,0.0,0.6174832015582016
force_step,K-RobustHOCBF-Filter,11098,0.0803163817922337,0.1516865094132292,0.1540178374914544,0.0,0.0,0.0,0.0,0.0,0.0,0.0,0.6119585659242247
force_step,K-RobustHOCBF-Filter,11099,0.0966861748925731,0.1777737339473554,0.1801642726617114,0.0,0.0,0.0,0.0,0.0,0.0,0.0,0.6172349047968896
wind3,CurrentOnly-AE-CeNN-494,11000,0.1368209552178643,0.1623947967349972,0.1634254524767936,0.0,0.0,0.0,0.0,0.0,0.0,0.0,0.9967998478878533
wind3,CurrentOnly-AE-CeNN-494,11001,0.1010998672646172,0.131720824103008,0.1332168545300975,0.0,0.0,0.0,0.0,0.0,0.0,0.0,0.9999282634416378
wind3,CurrentOnly-AE-CeNN-494,11002,0.1207077160937213,0.1635859608881487,0.1703024195516073,0.0,0.0,0.0,0.0,0.0,0.0,0.0,0.9985897581503068
wind3,CurrentOnly-AE-CeNN-494,11003,0.1113473775054959,0.1393904286354281,0.1427998141943725,0.0,0.0,0.0,0.0,0.0,0.0,0.0,0.9996281957275556
wind3,CurrentOnly-AE-CeNN-494,11004,0.1196952589605599,0.1505559178469929,0.1521820687656154,0.0,0.0,0.0,0.0,0.0,0.0,0.0,0.9999999999999064
wind3,CurrentOnly-AE-CeNN-494,11005,0.1285841676029834,0.1509888451233883,0.1578180190476901,0.0,0.0,0.0,0.0,0.0,0.0,0.0,0.9998681682179406
wind3,CurrentOnly-AE-CeNN-494,11006,0.1133786939321105,0.134604364374023,0.1382765005895413,0.0,0.0,0.0,0.0,0.0,0.0,0.0,0.9999999999999064
wind3,CurrentOnly-AE-CeNN-494,11007,0.1044677524615687,0.1395054188741358,0.1510930644720457,0.0,0.0,0.0,0.0,0.0,0.0,0.0,0.9998770449030252
wind3,CurrentOnly-AE-CeNN-494,11008,0.1236409390194265,0.1640116736472823,0.1716178575742351,0.0,0.0,0.0,0.0,0.0,0.0,0.0,0.9997981495423448
wind3,CurrentOnly-AE-CeNN-494,11009,0.104765939663324,0.147784600931478,0.1556679256895382,0.0,0.0,0.0,0.0,0.0,0.0,0.0,0.9999985131838968
wind3,CurrentOnly-AE-CeNN-494,11010,0.1323734920675068,0.1850554532277514,0.1870267159624881,0.0,0.0,0.0,0.0,0.0,0.0,0.0,0.9999142369507278
wind3,CurrentOnly-AE-CeNN-494,11011,0.1358707311587774,0.1579492277187212,0.1611088144848996,0.0,0.0,0.0,0.0,0.0,0.0,0.0,0.9978547254889474
wind3,CurrentOnly-AE-CeNN-494,11012,0.1294181264208356,0.1909204609631455,0.1955891220856901,0.0,0.0,0.0,0.0,0.0,0.0,0.0,0.99995982515004
wind3,CurrentOnly-AE-CeNN-494,11013,0.1438481372618369,0.1974034357324614,0.2078721262534164,0.0,0.0,0.0,0.0,0.0,0.0,0.0,0.9997622400946176
wind3,CurrentOnly-AE-CeNN-494,11014,0.1215363003851462,0.1540346218739937,0.1839381030846406,0.0,0.0,0.0,0.0,0.0,0.0,0.0,0.9989807086287052
wind3,CurrentOnly-AE-CeNN-494,11015,0.116619692915896,0.1578319870220663,0.170368840923345,0.0,0.0,0.0,0.0,0.0,0.0,0.0,0.9995514556181015
wind3,CurrentOnly-AE-CeNN-494,11016,0.1165322949551721,0.163672243263059,0.164924730361262,0.0,0.0,0.0,0.0,0.0,0.0,0.0,0.999098877144192
wind3,CurrentOnly-AE-CeNN-494,11017,0.1143649824859356,0.1351885517995277,0.1371256481542236,0.0,0.0,0.0,0.0,0.0,0.0,0.0,0.9993846529667548
wind3,CurrentOnly-AE-CeNN-494,11018,0.1370440735126473,0.1694151407447853,0.1753344082447618,0.0,0.0,0.0,0.0,0.0,0.0,0.0,0.99943968401975
wind3,CurrentOnly-AE-CeNN-494,11019,0.1358107705910842,0.1553894517956997,0.1587796369218582,0.0,0.0,0.0,0.0,0.0,0.0,0.0,0.9991730946279458
wind3,CurrentOnly-AE-CeNN-494,11020,0.1407503784076585,0.2037663083906434,0.2114113158794535,0.0,0.0,0.0,0.0,0.0,0.0,0.0,0.9978610551080096
wind3,CurrentOnly-AE-CeNN-494,11021,0.1012439644819837,0.1204099317200759,0.1220643777236451,0.0,0.0,0.0,0.0,0.0,0.0,0.0,0.9996047647463684
wind3,CurrentOnly-AE-CeNN-494,11022,0.1257499123619412,0.1760715110647881,0.1870291766132168,0.0,0.0,0.0,0.0,0.0,0.0,0.0,0.9992588797693503
wind3,CurrentOnly-AE-CeNN-494,11023,0.1105177650058861,0.1426325012048057,0.1458748122534512,0.0,0.0,0.0,0.0,0.0,0.0,0.0,0.999905741036634
wind3,CurrentOnly-AE-CeNN-494,11024,0.1108918112494508,0.1439163375071067,0.1536967290761605,0.0,0.0,0.0,0.0,0.0,0.0,0.0,0.9999999999999064
wind3,CurrentOnly-AE-CeNN-494,11025,0.1144917679868927,0.1469984161515,0.153196278373053,0.0,0.0,0.0,0.0,0.0,0.0,0.0,0.9999906740370508
wind3,CurrentOnly-AE-CeNN-494,11026,0.1134137018060875,0.1340120681155791,0.1388377250688466,0.0,0.0,0.0,0.0,0.0,0.0,0.0,0.9997132859375604
wind3,CurrentOnly-AE-CeNN-494,11027,0.1360079224751738,0.1750449964032208,0.1789262923446737,0.0,0.0,0.0,0.0,0.0,0.0,0.0,0.99833992758017
wind3,CurrentOnly-AE-CeNN-494,11028,0.1132896342870541,0.1589153025088408,0.1645309405108612,0.0,0.0,0.0,0.0,0.0,0.0,0.0,0.9998230979995764
wind3,CurrentOnly-AE-CeNN-494,11029,0.1330810368779515,0.1712432329747944,0.1801037083993134,0.0,0.0,0.0,0.0,0.0,0.0,0.0,0.9997227734175044
wind3,CurrentOnly-AE-CeNN-494,11030,0.1366441957063401,0.1746968998041467,0.1788861761800273,0.0,0.0,0.0,0.0,0.0,0.0,0.0,0.9994504256975438
wind3,CurrentOnly-AE-CeNN-494,11031,0.1125511013223485,0.1377013365312908,0.138952122762774,0.0,0.0,0.0,0.0,0.0,0.0,0.0,0.9990385014599455
wind3,CurrentOnly-AE-CeNN-494,11032,0.1113357535527707,0.1342216211565034,0.1380281737417239,0.0,0.0,0.0,0.0,0.0,0.0,0.0,0.9997905056670594
wind3,CurrentOnly-AE-CeNN-494,11033,0.1147783949379333,0.1430106177553742,0.1495558043615081,0.0,0.0,0.0,0.0,0.0,0.0,0.0,0.9997488532407656
wind3,CurrentOnly-AE-CeNN-494,11034,0.1089536702398291,0.1327563463560179,0.1378945125159251,0.0,0.0,0.0,0.0,0.0,0.0,0.0,0.9997724598086842
wind3,CurrentOnly-AE-CeNN-494,11035,0.1133165930412154,0.1331943223195477,0.1429865383298872,0.0,0.0,0.0,0.0,0.0,0.0,0.0,0.9998897799556984
wind3,CurrentOnly-AE-CeNN-494,11036,0.1391980215202988,0.1791478204713161,0.1832696178009353,0.0,0.0,0.0,0.0,0.0,0.0,0.0,0.9994799191968656
wind3,CurrentOnly-AE-CeNN-494,11037,0.1229200756091955,0.1530612744906826,0.1687271349707711,0.0,0.0,0.0,0.0,0.0,0.0,0.0,0.9984887809888864
wind3,CurrentOnly-AE-CeNN-494,11038,0.1203960433422135,0.1741588536299806,0.1809279193457385,0.0,0.0,0.0,0.0,0.0,0.0,0.0,0.999233532455957
wind3,CurrentOnly-AE-CeNN-494,11039,0.1031180374323794,0.1259312113436991,0.1292816077629996,0.0,0.0,0.0,0.0,0.0,0.0,0.0,0.9999995453858822
wind3,CurrentOnly-AE-CeNN-494,11040,0.1163069085995875,0.1465245503156938,0.1513383575868943,0.0,0.0,0.0,0.0,0.0,0.0,0.0,0.999998577901071
wind3,CurrentOnly-AE-CeNN-494,11041,0.1137800993306936,0.1350818556368999,0.1417493700933869,0.0,0.0,0.0,0.0,0.0,0.0,0.0,0.9999932661906676
wind3,CurrentOnly-AE-CeNN-494,11042,0.117711709011823,0.1458794466089517,0.1480972531056823,0.0,0.0,0.0,0.0,0.0,0.0,0.0,0.9997114337106148
wind3,CurrentOnly-AE-CeNN-494,11043,0.1298871674281513,0.1596213763369944,0.1642082920160663,0.0,0.0,0.0,0.0,0.0,0.0,0.0,0.9989128358045004
wind3,CurrentOnly-AE-CeNN-494,11044,0.1113264580108279,0.1576878899623747,0.1642364506689587,0.0,0.0,0.0,0.0,0.0,0.0,0.0,0.9990164095673686
wind3,CurrentOnly-AE-CeNN-494,11045,0.1007548068789583,0.1208109255018961,0.1331807458589715,0.0,0.0,0.0,0.0,0.0,0.0,0.0,0.999937470555117
wind3,CurrentOnly-AE-CeNN-494,11046,0.1064589653413298,0.1244612551197964,0.1267657943665431,0.0,0.0,0.0,0.0,0.0,0.0,0.0,0.9999667199855212
wind3,CurrentOnly-AE-CeNN-494,11047,0.1156629578359297,0.145557246562379,0.1564205784733842,0.0,0.0,0.0,0.0,0.0,0.0,0.0,0.9989143191983408
wind3,CurrentOnly-AE-CeNN-494,11048,0.1337148959790655,0.175761614235399,0.1965310816597015,0.0,0.0,0.0,0.0,0.0,0.0,0.0,0.9965223072394176
wind3,CurrentOnly-AE-CeNN-494,11049,0.1274582463957094,0.1668552935308666,0.1725384546333949,0.0,0.0,0.0,0.0,0.0,0.0,0.0,0.999658763609519
wind3,CurrentOnly-AE-CeNN-494,11050,0.1268507383835944,0.1439145939404747,0.1461383365654072,0.0,0.0,0.0,0.0,0.0,0.0,0.0,0.9999977519228948
wind3,CurrentOnly-AE-CeNN-494,11051,0.1140718077275034,0.1420034251982588,0.1470716494846254,0.0,0.0,0.0,0.0,0.0,0.0,0.0,0.9993404574679744
wind3,CurrentOnly-AE-CeNN-494,11052,0.1194625153023497,0.15228286614772,0.1586899623585699,0.0,0.0,0.0,0.0,0.0,0.0,0.0,0.9999329150001832
wind3,CurrentOnly-AE-CeNN-494,11053,0.12674769603167,0.1609846080861638,0.1693457223592401,0.0,0.0,0.0,0.0,0.0,0.0,0.0,0.999801272075276
wind3,CurrentOnly-AE-CeNN-494,11054,0.1232701369742907,0.1521270248822442,0.1555186589150844,0.0,0.0,0.0,0.0,0.0,0.0,0.0,0.9998462766645518
wind3,CurrentOnly-AE-CeNN-494,11055,0.119350520608525,0.1481426069104563,0.153519269970859,0.0,0.0,0.0,0.0,0.0,0.0,0.0,0.9995550026399352
wind3,CurrentOnly-AE-CeNN-494,11056,0.1190260732757303,0.1444354641954644,0.1467444570094751,0.0,0.0,0.0,0.0,0.0,0.0,0.0,0.9997973796005232
wind3,CurrentOnly-AE-CeNN-494,11057,0.128731409956905,0.1571999062741451,0.1688079439062506,0.0,0.0,0.0,0.0,0.0,0.0,0.0,0.99952297250059
wind3,CurrentOnly-AE-CeNN-494,11058,0.1349614287132686,0.1945615041870909,0.2008451462307576,0.0,0.0,0.0,0.0,0.0,0.0,0.0,0.9954785298802862
wind3,CurrentOnly-AE-CeNN-494,11059,0.1242484073832856,0.1617819313614023,0.166095209386253,0.0,0.0,0.0,0.0,0.0,0.0,0.0,0.9999295398949092
wind3,CurrentOnly-AE-CeNN-494,11060,0.1318575335477347,0.1622128374257218,0.1670839957697592,0.0,0.0,0.0,0.0,0.0,0.0,0.0,0.99851846425678
wind3,CurrentOnly-AE-CeNN-494,11061,0.1243417127937779,0.1456068717203279,0.1497144706962767,0.0,0.0,0.0,0.0,0.0,0.0,0.0,0.999674903606946
wind3,CurrentOnly-AE-CeNN-494,11062,0.1439625080638127,0.2050639966050364,0.2142355981163184,0.0,0.0,0.0,0.0,0.0,0.0,0.0,0.9955721362274867
wind3,CurrentOnly-AE-CeNN-494,11063,0.1118832947710166,0.1473329323944095,0.1524910817348431,0.0,0.0,0.0,0.0,0.0,0.0,0.0,0.9988964327310758
wind3,CurrentOnly-AE-CeNN-494,11064,0.120996279777166,0.1538982931832944,0.156578427581698,0.0,0.0,0.0,0.0,0.0,0.0,0.0,0.9999416883753236
wind3,CurrentOnly-AE-CeNN-494,11065,0.0987264690669832,0.1247277658432862,0.1337513728642247,0.0,0.0,0.0,0.0,0.0,0.0,0.0,0.9999734794902816
wind3,CurrentOnly-AE-CeNN-494,11066,0.133096423561415,0.1743032284750432,0.1768773008446721,0.0,0.0,0.0,0.0,0.0,0.0,0.0,0.993987552959692
wind3,CurrentOnly-AE-CeNN-494,11067,0.1205400661768194,0.162290019977439,0.1654820728531983,0.0,0.0,0.0,0.0,0.0,0.0,0.0,0.9999999999999064
wind3,CurrentOnly-AE-CeNN-494,11068,0.1425941199717502,0.1993247524056957,0.2034552273649953,0.0,0.0,0.0,0.0,0.0,0.0,0.0,0.9997606864047168
wind3,CurrentOnly-AE-CeNN-494,11069,0.1156045518004144,0.1623688079891475,0.1669982213170083,0.0,0.0,0.0,0.0,0.0,0.0,0.0,0.9987828513477048
wind3,CurrentOnly-AE-CeNN-494,11070,0.1454516356180216,0.198559191453579,0.2043126717591966,0.0,0.0,0.0,0.0,0.0,0.0,0.0,0.9992634163441764
wind3,CurrentOnly-AE-CeNN-494,11071,0.1114895309413448,0.1294327868833893,0.1326824381747331,0.0,0.0,0.0,0.0,0.0,0.0,0.0,0.999998493672118
wind3,CurrentOnly-AE-CeNN-494,11072,0.1122750280343357,0.1371167155804934,0.1417213118128076,0.0,0.0,0.0,0.0,0.0,0.0,0.0,0.9998572735926802
wind3,CurrentOnly-AE-CeNN-494,11073,0.1284183520815553,0.1756057644991132,0.1780543656186562,0.0,0.0,0.0,0.0,0.0,0.0,0.0,0.9992322075960578
wind3,CurrentOnly-AE-CeNN-494,11074,0.1189567091667173,0.1524590863549633,0.155351102865888,0.0,0.0,0.0,0.0,0.0,0.0,0.0,0.9999999999999064
wind3,CurrentOnly-AE-CeNN-494,11075,0.1158883424244422,0.1615511008214564,0.1634797459598632,0.0,0.0,0.0,0.0,0.0,0.0,0.0,0.9975703933744408
wind3,CurrentOnly-AE-CeNN-494,11076,0.1313090983357417,0.1554161985226713,0.1585384195976341,0.0,0.0,0.0,0.0,0.0,0.0,0.0,0.9995788443585976
wind3,CurrentOnly-AE-CeNN-494,11077,0.1308434615395477,0.1707519551303055,0.1715329353575181,0.0,0.0,0.0,0.0,0.0,0.0,0.0,0.9999998758297632
wind3,CurrentOnly-AE-CeNN-494,11078,0.1308424479325589,0.1655542518412085,0.1746554389180861,0.0,0.0,0.0,0.0,0.0,0.0,0.0,0.9991010225417531
wind3,CurrentOnly-AE-CeNN-494,11079,0.1284181289975528,0.1712301173928604,0.1741192039404474,0.0,0.0,0.0,0.0,0.0,0.0,0.0,0.9994526038053052
wind3,CurrentOnly-AE-CeNN-494,11080,0.1272598451856467,0.1746738009245504,0.1822198149408561,0.0,0.0,0.0,0.0,0.0,0.0,0.0,0.9999154211527828
wind3,CurrentOnly-AE-CeNN-494,11081,0.1191189349515003,0.1427349541749062,0.14652160791214,0.0,0.0,0.0,0.0,0.0,0.0,0.0,0.999709678069916
wind3,CurrentOnly-AE-CeNN-494,11082,0.1192957999971412,0.1584631926508162,0.1624252985949001,0.0,0.0,0.0,0.0,0.0,0.0,0.0,0.9999978577887468
wind3,CurrentOnly-AE-CeNN-494,11083,0.1093833883426461,0.1496650553084611,0.1528464922235262,0.0,0.0,0.0,0.0,0.0,0.0,0.0,0.9999999999999064
wind3,CurrentOnly-AE-CeNN-494,11084,0.1229869399625658,0.1537938863480989,0.1559905615598204,0.0,0.0,0.0,0.0,0.0,0.0,0.0,0.9999716833584794
wind3,CurrentOnly-AE-CeNN-494,11085,0.1185659426871664,0.1402378243615103,0.1425180406381893,0.0,0.0,0.0,0.0,0.0,0.0,0.0,0.9999824376772692
wind3,CurrentOnly-AE-CeNN-494,11086,0.1171881572206346,0.1654730220305025,0.1694373578018331,0.0,0.0,0.0,0.0,0.0,0.0,0.0,0.9999371176203876
wind3,CurrentOnly-AE-CeNN-494,11087,0.1261563152532744,0.1746415134724944,0.1858157110133219,0.0,0.0,0.0,0.0,0.0,0.0,0.0,0.9988814594217964
wind3,CurrentOnly-AE-CeNN-494,11088,0.1169281662923983,0.1524722741242295,0.1567634861032429,0.0,0.0,0.0,0.0,0.0,0.0,0.0,0.9997950010953162
wind3,CurrentOnly-AE-CeNN-494,11089,0.1322739904006099,0.1592731937839606,0.1631629651061421,0.0,0.0,0.0,0.0,0.0,0.0,0.0,0.9995149300646492
wind3,CurrentOnly-AE-CeNN-494,11090,0.1104736942474714,0.1400223677830619,0.1457728256716531,0.0,0.0,0.0,0.0,0.0,0.0,0.0,0.9999924897523144
wind3,CurrentOnly-AE-CeNN-494,11091,0.1201227231617208,0.1518675785614298,0.1626784224263689,0.0,0.0,0.0,0.0,0.0,0.0,0.0,0.9994894963550572
wind3,CurrentOnly-AE-CeNN-494,11092,0.108931430369497,0.146487696954484,0.1553931223566904,0.0,0.0,0.0,0.0,0.0,0.0,0.0,0.9990768613731876
wind3,CurrentOnly-AE-CeNN-494,11093,0.1117193342976349,0.1396390563519879,0.144874382520815,0.0,0.0,0.0,0.0,0.0,0.0,0.0,0.9997389019146142
wind3,CurrentOnly-AE-CeNN-494,11094,0.1015150980854137,0.124493532177236,0.1281962311092872,0.0,0.0,0.0,0.0,0.0,0.0,0.0,0.9995009152916134
wind3,CurrentOnly-AE-CeNN-494,11095,0.1207457212176705,0.1515279585658478,0.1688752800258649,0.0,0.0,0.0,0.0,0.0,0.0,0.0,0.9985099333303636
wind3,CurrentOnly-AE-CeNN-494,11096,0.1375634622861808,0.1789554863305027,0.1859509932857078,0.0,0.0,0.0,0.0,0.0,0.0,0.0,0.9981329294845106
wind3,CurrentOnly-AE-CeNN-494,11097,0.1317724777956551,0.1659192889954048,0.1695485303426965,0.0,0.0,0.0,0.0,0.0,0.0,0.0,0.9973672904881296
wind3,CurrentOnly-AE-CeNN-494,11098,0.118118671106482,0.1395186164720803,0.1418547428531173,0.0,0.0,0.0,0.0,0.0,0.0,0.0,0.9999999975896132
wind3,CurrentOnly-AE-CeNN-494,11099,0.0955353342382497,0.114214782187052,0.1170554761812976,0.0,0.0,0.0,0.0,0.0,0.0,0.0,0.9999999999999052
wind3,I-RiskGovernor-unfiltered,11000,0.1361628925498614,0.1616007981547325,0.1626131608475372,0.0,0.0,0.0,0.0,0.0,0.0,0.0,0.9968462261963744
wind3,I-RiskGovernor-unfiltered,11001,0.1003706107053763,0.1307150945054337,0.1323230402414521,0.0,0.0,0.0,0.0,0.0,0.0,0.0,0.9999308396075252
wind3,I-RiskGovernor-unfiltered,11002,0.1201560390090668,0.1626146239593654,0.1692688891171514,0.0,0.0,0.0,0.0,0.0,0.0,0.0,0.9987058096201517
wind3,I-RiskGovernor-unfiltered,11003,0.1108029166907366,0.1387578425212603,0.1423238695838819,0.0,0.0,0.0,0.0,0.0,0.0,0.0,0.9996355314513896
wind3,I-RiskGovernor-unfiltered,11004,0.119068383192625,0.1500027943472218,0.1515751066548676,0.0,0.0,0.0,0.0,0.0,0.0,0.0,0.9999999999999064
wind3,I-RiskGovernor-unfiltered,11005,0.1276578726920056,0.1501709533019365,0.1569817997198571,0.0,0.0,0.0,0.0,0.0,0.0,0.0,0.9998737829133808
wind3,I-RiskGovernor-unfiltered,11006,0.1130691119547737,0.1344223841365956,0.1381080340330295,0.0,0.0,0.0,0.0,0.0,0.0,0.0,0.9999999999999064
wind3,I-RiskGovernor-unfiltered,11007,0.1035892440871332,0.138555536364076,0.1500865257895276,0.0,0.0,0.0,0.0,0.0,0.0,0.0,0.9998829756157852
wind3,I-RiskGovernor-unfiltered,11008,0.1229330217714413,0.1637797927692956,0.171362008263948,0.0,0.0,0.0,0.0,0.0,0.0,0.0,0.9998032084039415
wind3,I-RiskGovernor-unfiltered,11009,0.1043135866557396,0.1469993369485463,0.1549114867143218,0.0,0.0,0.0,0.0,0.0,0.0,0.0,0.9999986088736116
wind3,I-RiskGovernor-unfiltered,11010,0.1317489780924853,0.1842023055091266,0.1861859424969102,0.0,0.0,0.0,0.0,0.0,0.0,0.0,0.9999158143752018
wind3,I-RiskGovernor-unfiltered,11011,0.135523736717555,0.1577150985593899,0.1607655725069942,0.0,0.0,0.0,0.0,0.0,0.0,0.0,0.9978696091323984
wind3,I-RiskGovernor-unfiltered,11012,0.1290494612095848,0.1905369151313953,0.1951345946347975,0.0,0.0,0.0,0.0,0.0,0.0,0.0,0.9999630120325558
wind3,I-RiskGovernor-unfiltered,11013,0.1432088779841105,0.1964610838354175,0.2069265057697547,0.0,0.0,0.0,0.0,0.0,0.0,0.0,0.9997761792978146
wind3,I-RiskGovernor-unfiltered,11014,0.1212830608748956,0.1536075902432095,0.1836772954895053,0.0,0.0,0.0,0.0,0.0,0.0,0.0,0.998984076361334
wind3,I-RiskGovernor-unfiltered,11015,0.1162164261371541,0.1573993385718868,0.1699070142343366,0.0,0.0,0.0,0.0,0.0,0.0,0.0,0.999566374634061
wind3,I-RiskGovernor-unfiltered,11016,0.115801500800836,0.1630937909538545,0.1643287421598782,0.0,0.0,0.0,0.0,0.0,0.0,0.0,0.9991118133957356
wind3,I-RiskGovernor-unfiltered,11017,0.1139323770955778,0.1347085112922826,0.1365939843373565,0.0,0.0,0.0,0.0,0.0,0.0,0.0,0.999404183160758
wind3,I-RiskGovernor-unfiltered,11018,0.1364935006350137,0.1688707391875658,0.1747942696231014,0.0,0.0,0.0,0.0,0.0,0.0,0.0,0.999458260139502
wind3,I-RiskGovernor-unfiltered,11019,0.1349169012571978,0.1544750567850942,0.1578205113065917,0.0,0.0,0.0,0.0,0.0,0.0,0.0,0.9991995038250828
wind3,I-RiskGovernor-unfiltered,11020,0.140258179221773,0.2032357471493951,0.2108995078661676,0.0,0.0,0.0,0.0,0.0,0.0,0.0,0.9978943956357492
wind3,I-RiskGovernor-unfiltered,11021,0.1004899556404265,0.1196437376120006,0.1213904088318449,0.0,0.0,0.0,0.0,0.0,0.0,0.0,0.999613692547614
wind3,I-RiskGovernor-unfiltered,11022,0.1247237162714945,0.1750631899202855,0.1860723796293797,0.0,0.0,0.0,0.0,0.0,0.0,0.0,0.9992502391841928
wind3,I-RiskGovernor-unfiltered,11023,0.1097690738534556,0.1416180398066548,0.1448809470329814,0.0,0.0,0.0,0.0,0.0,0.0,0.0,0.9998942912843186
wind3,I-RiskGovernor-unfiltered,11024,0.1102692348730059,0.1437166475699054,0.1534304554114466,0.0,0.0,0.0,0.0,0.0,0.0,0.0,0.9999999999999064
wind3,I-RiskGovernor-unfiltered,11025,0.1142527137287647,0.1468890599880774,0.1530643116811643,0.0,0.0,0.0,0.0,0.0,0.0,0.0,0.9999898974277944
wind3,I-RiskGovernor-unfiltered,11026,0.112497471743733,0.1330214761817164,0.1376702447132326,0.0,0.0,0.0,0.0,0.0,0.0,0.0,0.9997225088864872
wind3,I-RiskGovernor-unfiltered,11027,0.1352993143015761,0.1742532925788442,0.1780965165425536,0.0,0.0,0.0,0.0,0.0,0.0,0.0,0.9983558979558952
wind3,I-RiskGovernor-unfiltered,11028,0.1121730376514824,0.1577711492145569,0.1633682991643967,0.0,0.0,0.0,0.0,0.0,0.0,0.0,0.999831851209832
wind3,I-RiskGovernor-unfiltered,11029,0.1326363131894496,0.1709017541214184,0.1798161762482837,0.0,0.0,0.0,0.0,0.0,0.0,0.0,0.9997246090932862
wind3,I-RiskGovernor-unfiltered,11030,0.1359402305078782,0.173749894335789,0.177989489172576,0.0,0.0,0.0,0.0,0.0,0.0,0.0,0.9994683531707632
wind3,I-RiskGovernor-unfiltered,11031,0.1121690361228953,0.1372842760933124,0.1387350154803914,0.0,0.0,0.0,0.0,0.0,0.0,0.0,0.9990625085110552
wind3,I-RiskGovernor-unfiltered,11032,0.1107415420219875,0.1332836657551362,0.1369636743842079,0.0,0.0,0.0,0.0,0.0,0.0,0.0,0.9997970511618752
wind3,I-RiskGovernor-unfiltered,11033,0.1140063776828786,0.1420337081832794,0.1485005142481069,0.0,0.0,0.0,0.0,0.0,0.0,0.0,0.9997586299481804
wind3,I-RiskGovernor-unfiltered,11034,0.1083465367869922,0.1322979672811833,0.1375016009637735,0.0,0.0,0.0,0.0,0.0,0.0,0.0,0.9997783985936248
wind3,I-RiskGovernor-unfiltered,11035,0.1125477612218164,0.1325151170713412,0.1416527412422494,0.0,0.0,0.0,0.0,0.0,0.0,0.0,0.9998952226572708
wind3,I-RiskGovernor-unfiltered,11036,0.138707654584346,0.1788465770788041,0.1826498775116364,0.0,0.0,0.0,0.0,0.0,0.0,0.0,0.9994734382950408
wind3,I-RiskGovernor-unfiltered,11037,0.1220033527177566,0.1518735819669216,0.1678232664990969,0.0,0.0,0.0,0.0,0.0,0.0,0.0,0.9985025813163492
wind3,I-RiskGovernor-unfiltered,11038,0.1198970217614768,0.1741063194662052,0.1808921612048815,0.0,0.0,0.0,0.0,0.0,0.0,0.0,0.999237633120746
wind3,I-RiskGovernor-unfiltered,11039,0.1024730872352142,0.1255944103045093,0.1289208488111688,0.0,0.0,0.0,0.0,0.0,0.0,0.0,0.9999995731415152
wind3,I-RiskGovernor-unfiltered,11040,0.1155804068012243,0.1455291376967922,0.1503404758649258,0.0,0.0,0.0,0.0,0.0,0.0,0.0,0.9999986958683992
wind3,I-RiskGovernor-unfiltered,11041,0.1129403483345677,0.134336549344734,0.1409720535059858,0.0,0.0,0.0,0.0,0.0,0.0,0.0,0.9999940671610928
wind3,I-RiskGovernor-unfiltered,11042,0.1168813505949863,0.1449676399121918,0.1469201535878813,0.0,0.0,0.0,0.0,0.0,0.0,0.0,0.9997154183820186
wind3,I-RiskGovernor-unfiltered,11043,0.1293634547397968,0.1586784432758446,0.163190981149389,0.0,0.0,0.0,0.0,0.0,0.0,0.0,0.998931139247727
wind3,I-RiskGovernor-unfiltered,11044,0.1109616658749834,0.1572004954465408,0.1638542815692996,0.0,0.0,0.0,0.0,0.0,0.0,0.0,0.9990187101532206
wind3,I-RiskGovernor-unfiltered,11045,0.1001617480067127,0.1204670486798335,0.1323272682036743,0.0,0.0,0.0,0.0,0.0,0.0,0.0,0.9999405402445944
wind3,I-RiskGovernor-unfiltered,11046,0.105391732185712,0.1234624879340174,0.1257980591465703,0.0,0.0,0.0,0.0,0.0,0.0,0.0,0.9999687713284116
wind3,I-RiskGovernor-unfiltered,11047,0.1149970642928906,0.1447264510912576,0.1555806386056713,0.0,0.0,0.0,0.0,0.0,0.0,0.0,0.9989405738956532
wind3,I-RiskGovernor-unfiltered,11048,0.1332548872873664,0.1751321608684027,0.1961961134862108,0.0,0.0,0.0,0.0,0.0,0.0,0.0,0.9965655830863036
wind3,I-RiskGovernor-unfiltered,11049,0.1268530510506277,0.1665340951605906,0.1722454767956807,0.0,0.0,0.0,0.0,0.0,0.0,0.0,0.9996619302282992
wind3,I-RiskGovernor-unfiltered,11050,0.126211190642129,0.1434344148175148,0.1457183718369555,0.0,0.0,0.0,0.0,0.0,0.0,0.0,0.9999980271418348
wind3,I-RiskGovernor-unfiltered,11051,0.1134226560944658,0.1411725618176681,0.1462163987136889,0.0,0.0,0.0,0.0,0.0,0.0,0.0,0.9993562214151144
wind3,I-RiskGovernor-unfiltered,11052,0.1186584079447464,0.151189973211849,0.1575703819066796,0.0,0.0,0.0,0.0,0.0,0.0,0.0,0.9999379170575304
wind3,I-RiskGovernor-unfiltered,11053,0.1258891244692679,0.1602385903571132,0.1685314138769597,0.0,0.0,0.0,0.0,0.0,0.0,0.0,0.99981074288489
wind3,I-RiskGovernor-unfiltered,11054,0.1228235483191376,0.1517331637451691,0.1548048573009216,0.0,0.0,0.0,0.0,0.0,0.0,0.0,0.999852240176694
wind3,I-RiskGovernor-unfiltered,11055,0.1187645609792874,0.1472547566754266,0.1531308570808868,0.0,0.0,0.0,0.0,0.0,0.0,0.0,0.9995652517555808
wind3,I-RiskGovernor-unfiltered,11056,0.1182591465985809,0.1436695745967803,0.145861223620402,0.0,0.0,0.0,0.0,0.0,0.0,0.0,0.999793012199792
wind3,I-RiskGovernor-unfiltered,11057,0.1281147964015291,0.1568523900050923,0.1683937503528592,0.0,0.0,0.0,0.0,0.0,0.0,0.0,0.9995327242114046
wind3,I-RiskGovernor-unfiltered,11058,0.1343745870643284,0.1940140047406574,0.2002594655182915,0.0,0.0,0.0,0.0,0.0,0.0,0.0,0.9955383666946452
wind3,I-RiskGovernor-unfiltered,11059,0.1233741991205007,0.1608881290972348,0.1652833157205432,0.0,0.0,0.0,0.0,0.0,0.0,0.0,0.9999302343069733
wind3,I-RiskGovernor-unfiltered,11060,0.1311886313418157,0.1618783731874917,0.1663430114252913,0.0,0.0,0.0,0.0,0.0,0.0,0.0,0.9985672746643536
wind3,I-RiskGovernor-unfiltered,11061,0.1241551968267731,0.1455591510546729,0.1497184245658293,0.0,0.0,0.0,0.0,0.0,0.0,0.0,0.9996756818916168
wind3,I-RiskGovernor-unfiltered,11062,0.1435312451432322,0.204948247601355,0.2141024510274847,0.0,0.0,0.0,0.0,0.0,0.0,0.0,0.995601476555906
wind3,I-RiskGovernor-unfiltered,11063,0.111090446815723,0.1467318068069713,0.1518149200839192,0.0,0.0,0.0,0.0,0.0,0.0,0.0,0.9989265067858144
wind3,I-RiskGovernor-unfiltered,11064,0.1204298230867357,0.1532539897411172,0.155702143220377,0.0,0.0,0.0,0.0,0.0,0.0,0.0,0.9999450128961482
wind3,I-RiskGovernor-unfiltered,11065,0.0982047202561249,0.1239619087043563,0.1332503286477439,0.0,0.0,0.0,0.0,0.0,0.0,0.0,0.9999751603529384
wind3,I-RiskGovernor-unfiltered,11066,0.1326147676429206,0.1736489859808446,0.1762388074315467,0.0,0.0,0.0,0.0,0.0,0.0,0.0,0.9940536783041964
wind3,I-RiskGovernor-unfiltered,11067,0.1197650100670888,0.1614880309038756,0.1646914122882559,0.0,0.0,0.0,0.0,0.0,0.0,0.0,0.9999999999999064
wind3,I-RiskGovernor-unfiltered,11068,0.142330300987198,0.1991406990076722,0.2033036280365848,0.0,0.0,0.0,0.0,0.0,0.0,0.0,0.9997646532650852
wind3,I-RiskGovernor-unfiltered,11069,0.1151237124857535,0.1621903456106635,0.1668492535798683,0.0,0.0,0.0,0.0,0.0,0.0,0.0,0.9987859803584008
wind3,I-RiskGovernor-unfiltered,11070,0.1444313300558292,0.1976794560396189,0.2034577694130004,0.0,0.0,0.0,0.0,0.0,0.0,0.0,0.9992760129670611
wind3,I-RiskGovernor-unfiltered,11071,0.1104987815218779,0.1281477440981973,0.1317620679259401,0.0,0.0,0.0,0.0,0.0,0.0,0.0,0.9999986182444957
wind3,I-RiskGovernor-unfiltered,11072,0.1119856466626647,0.1368076874043293,0.1415819161044309,0.0,0.0,0.0,0.0,0.0,0.0,0.0,0.999860703632327
wind3,I-RiskGovernor-unfiltered,11073,0.127949375699841,0.1752894865153897,0.1777099018935384,0.0,0.0,0.0,0.0,0.0,0.0,0.0,0.9992533043400218
wind3,I-RiskGovernor-unfiltered,11074,0.1179252540523265,0.1517846439736409,0.1546754760743092,0.0,0.0,0.0,0.0,0.0,0.0,0.0,0.9999999999999064
wind3,I-RiskGovernor-unfiltered,11075,0.1152018970599553,0.1613087340731866,0.1632496103426532,0.0,0.0,0.0,0.0,0.0,0.0,0.0,0.997591585292689
wind3,I-RiskGovernor-unfiltered,11076,0.130949728708749,0.1552166371135591,0.1584020049696905,0.0,0.0,0.0,0.0,0.0,0.0,0.0,0.9995810245695568
wind3,I-RiskGovernor-unfiltered,11077,0.1303478359287103,0.1701402331975815,0.170996527935713,0.0,0.0,0.0,0.0,0.0,0.0,0.0,0.999999937001972
wind3,I-RiskGovernor-unfiltered,11078,0.1303024353708268,0.165411611641325,0.1742907621383521,0.0,0.0,0.0,0.0,0.0,0.0,0.0,0.9991055311683849
wind3,I-RiskGovernor-unfiltered,11079,0.1280933854487282,0.1708979962229068,0.1738202063045876,0.0,0.0,0.0,0.0,0.0,0.0,0.0,0.9994519958454732
wind3,I-RiskGovernor-unfiltered,11080,0.1268642272627219,0.1743710981783672,0.1819063792403125,0.0,0.0,0.0,0.0,0.0,0.0,0.0,0.999916039400114
wind3,I-RiskGovernor-unfiltered,11081,0.1186631996089314,0.1421033937534136,0.146294545647835,0.0,0.0,0.0,0.0,0.0,0.0,0.0,0.9997124895763276
wind3,I-RiskGovernor-unfiltered,11082,0.1189359637568397,0.1578324409230828,0.1618398731456565,0.0,0.0,0.0,0.0,0.0,0.0,0.0,0.9999980519904956
wind3,I-RiskGovernor-unfiltered,11083,0.1088714799883294,0.1495489576008492,0.1527386071635272,0.0,0.0,0.0,0.0,0.0,0.0,0.0,0.9999999999999064
wind3,I-RiskGovernor-unfiltered,11084,0.122165065106391,0.1528165233652399,0.1548344886086218,0.0,0.0,0.0,0.0,0.0,0.0,0.0,0.9999743178789244
wind3,I-RiskGovernor-unfiltered,11085,0.1182128887174933,0.1399824296152258,0.1421633599976031,0.0,0.0,0.0,0.0,0.0,0.0,0.0,0.999983056356652
wind3,I-RiskGovernor-unfiltered,11086,0.11643605710967,0.165151553201073,0.1691614928885491,0.0,0.0,0.0,0.0,0.0,0.0,0.0,0.9999398915034068
wind3,I-RiskGovernor-unfiltered,11087,0.1255994297082343,0.1738000170721608,0.1850165599105683,0.0,0.0,0.0,0.0,0.0,0.0,0.0,0.9988977347214618
wind3,I-RiskGovernor-unfiltered,11088,0.1159870122087822,0.1514193235674132,0.1556976386701159,0.0,0.0,0.0,0.0,0.0,0.0,0.0,0.9998047742755996
wind3,I-RiskGovernor-unfiltered,11089,0.1315161731156754,0.1585317456252142,0.1621372371759967,0.0,0.0,0.0,0.0,0.0,0.0,0.0,0.999525416197007
wind3,I-RiskGovernor-unfiltered,11090,0.1100541472661532,0.1394276958371023,0.1451662306796589,0.0,0.0,0.0,0.0,0.0,0.0,0.0,0.9999872259762445
wind3,I-RiskGovernor-unfiltered,11091,0.1198368557120872,0.1518390849057688,0.1626272260467972,0.0,0.0,0.0,0.0,0.0,0.0,0.0,0.999496001998486
wind3,I-RiskGovernor-unfiltered,11092,0.1078357821718601,0.1455594996798178,0.1545095725266454,0.0,0.0,0.0,0.0,0.0,0.0,0.0,0.9990981624050744
wind3,I-RiskGovernor-unfiltered,11093,0.1113452564461774,0.1392409667091487,0.1444514014309527,0.0,0.0,0.0,0.0,0.0,0.0,0.0,0.9997419795156922
wind3,I-RiskGovernor-unfiltered,11094,0.1006044688377565,0.12369647147615,0.127130764061833,0.0,0.0,0.0,0.0,0.0,0.0,0.0,0.999516285398538
wind3,I-RiskGovernor-unfiltered,11095,0.1202318185447437,0.1512349804517805,0.1685009002652544,0.0,0.0,0.0,0.0,0.0,0.0,0.0,0.9985208814331205
wind3,I-RiskGovernor-unfiltered,11096,0.1370317725565335,0.1787145733282249,0.1857395618498636,0.0,0.0,0.0,0.0,0.0,0.0,0.0,0.9981512000708554
wind3,I-RiskGovernor-unfiltered,11097,0.1312018572929003,0.1653373980852626,0.1688615402118606,0.0,0.0,0.0,0.0,0.0,0.0,0.0,0.997419523741309
wind3,I-RiskGovernor-unfiltered,11098,0.1176856364382141,0.1391743467479341,0.141057107012637,0.0,0.0,0.0,0.0,0.0,0.0,0.0,0.999999999904684
wind3,I-RiskGovernor-unfiltered,11099,0.0949891805307681,0.1139662665665537,0.1162433419595223,0.0,0.0,0.0,0.0,0.0,0.0,0.0,0.9999999999999049
wind3,J-PredictiveProjection,11000,0.1361628925498614,0.1616007981547325,0.1626131608475372,0.0,0.0,0.0,0.0,0.0,0.0,0.0,0.9968462261963744
wind3,J-PredictiveProjection,11001,0.1003706107053763,0.1307150945054337,0.1323230402414521,0.0,0.0,0.0,0.0,0.0,0.0,0.0,0.9999308396075252
wind3,J-PredictiveProjection,11002,0.1201560390090668,0.1626146239593654,0.1692688891171514,0.0,0.0,0.0,0.0,0.0,0.0,0.0,0.9987058096201517
wind3,J-PredictiveProjection,11003,0.1108029166907366,0.1387578425212603,0.1423238695838819,0.0,0.0,0.0,0.0,0.0,0.0,0.0,0.9996355314513896
wind3,J-PredictiveProjection,11004,0.119068383192625,0.1500027943472218,0.1515751066548676,0.0,0.0,0.0,0.0,0.0,0.0,0.0,0.9999999999999064
wind3,J-PredictiveProjection,11005,0.1276578726920056,0.1501709533019365,0.1569817997198571,0.0,0.0,0.0,0.0,0.0,0.0,0.0,0.9998737829133808
wind3,J-PredictiveProjection,11006,0.1130691119547737,0.1344223841365956,0.1381080340330295,0.0,0.0,0.0,0.0,0.0,0.0,0.0,0.9999999999999064
wind3,J-PredictiveProjection,11007,0.1035892440871332,0.138555536364076,0.1500865257895276,0.0,0.0,0.0,0.0,0.0,0.0,0.0,0.9998829756157852
wind3,J-PredictiveProjection,11008,0.1229330217714413,0.1637797927692956,0.171362008263948,0.0,0.0,0.0,0.0,0.0,0.0,0.0,0.9998032084039415
wind3,J-PredictiveProjection,11009,0.1043135866557396,0.1469993369485463,0.1549114867143218,0.0,0.0,0.0,0.0,0.0,0.0,0.0,0.9999986088736116
wind3,J-PredictiveProjection,11010,0.1317489780924853,0.1842023055091266,0.1861859424969102,0.0,0.0,0.0,0.0,0.0,0.0,0.0,0.9999158143752018
wind3,J-PredictiveProjection,11011,0.135523736717555,0.1577150985593899,0.1607655725069942,0.0,0.0,0.0,0.0,0.0,0.0,0.0,0.9978696091323984
wind3,J-PredictiveProjection,11012,0.1290494612095848,0.1905369151313953,0.1951345946347975,0.0,0.0,0.0,0.0,0.0,0.0,0.0,0.9999630120325558
wind3,J-PredictiveProjection,11013,0.1432088779841105,0.1964610838354175,0.2069265057697547,0.0,0.0,0.0,0.0,0.0,0.0,0.0,0.9997761792978146
wind3,J-PredictiveProjection,11014,0.1212830608748956,0.1536075902432095,0.1836772954895053,0.0,0.0,0.0,0.0,0.0,0.0,0.0,0.998984076361334
wind3,J-PredictiveProjection,11015,0.1162164261371541,0.1573993385718868,0.1699070142343366,0.0,0.0,0.0,0.0,0.0,0.0,0.0,0.999566374634061
wind3,J-PredictiveProjection,11016,0.115801500800836,0.1630937909538545,0.1643287421598782,0.0,0.0,0.0,0.0,0.0,0.0,0.0,0.9991118133957356
wind3,J-PredictiveProjection,11017,0.1139323770955778,0.1347085112922826,0.1365939843373565,0.0,0.0,0.0,0.0,0.0,0.0,0.0,0.999404183160758
wind3,J-PredictiveProjection,11018,0.1364935006350137,0.1688707391875658,0.1747942696231014,0.0,0.0,0.0,0.0,0.0,0.0,0.0,0.999458260139502
wind3,J-PredictiveProjection,11019,0.1349169012571978,0.1544750567850942,0.1578205113065917,0.0,0.0,0.0,0.0,0.0,0.0,0.0,0.9991995038250828
wind3,J-PredictiveProjection,11020,0.140258179221773,0.2032357471493951,0.2108995078661676,0.0,0.0,0.0,0.0,0.0,0.0,0.0,0.9978943956357492
wind3,J-PredictiveProjection,11021,0.1004899556404265,0.1196437376120006,0.1213904088318449,0.0,0.0,0.0,0.0,0.0,0.0,0.0,0.999613692547614
wind3,J-PredictiveProjection,11022,0.1247237162714945,0.1750631899202855,0.1860723796293797,0.0,0.0,0.0,0.0,0.0,0.0,0.0,0.9992502391841928
wind3,J-PredictiveProjection,11023,0.1097690738534556,0.1416180398066548,0.1448809470329814,0.0,0.0,0.0,0.0,0.0,0.0,0.0,0.9998942912843186
wind3,J-PredictiveProjection,11024,0.1102692348730059,0.1437166475699054,0.1534304554114466,0.0,0.0,0.0,0.0,0.0,0.0,0.0,0.9999999999999064
wind3,J-PredictiveProjection,11025,0.1142527137287647,0.1468890599880774,0.1530643116811643,0.0,0.0,0.0,0.0,0.0,0.0,0.0,0.9999898974277944
wind3,J-PredictiveProjection,11026,0.112497471743733,0.1330214761817164,0.1376702447132326,0.0,0.0,0.0,0.0,0.0,0.0,0.0,0.9997225088864872
wind3,J-PredictiveProjection,11027,0.1352993143015761,0.1742532925788442,0.1780965165425536,0.0,0.0,0.0,0.0,0.0,0.0,0.0,0.9983558979558952
wind3,J-PredictiveProjection,11028,0.1121730376514824,0.1577711492145569,0.1633682991643967,0.0,0.0,0.0,0.0,0.0,0.0,0.0,0.999831851209832
wind3,J-PredictiveProjection,11029,0.1326363131894496,0.1709017541214184,0.1798161762482837,0.0,0.0,0.0,0.0,0.0,0.0,0.0,0.9997246090932862
wind3,J-PredictiveProjection,11030,0.1359402305078782,0.173749894335789,0.177989489172576,0.0,0.0,0.0,0.0,0.0,0.0,0.0,0.9994683531707632
wind3,J-PredictiveProjection,11031,0.1121690361228953,0.1372842760933124,0.1387350154803914,0.0,0.0,0.0,0.0,0.0,0.0,0.0,0.9990625085110552
wind3,J-PredictiveProjection,11032,0.1107415420219875,0.1332836657551362,0.1369636743842079,0.0,0.0,0.0,0.0,0.0,0.0,0.0,0.9997970511618752
wind3,J-PredictiveProjection,11033,0.1140063776828786,0.1420337081832794,0.1485005142481069,0.0,0.0,0.0,0.0,0.0,0.0,0.0,0.9997586299481804
wind3,J-PredictiveProjection,11034,0.1083465367869922,0.1322979672811833,0.1375016009637735,0.0,0.0,0.0,0.0,0.0,0.0,0.0,0.9997783985936248
wind3,J-PredictiveProjection,11035,0.1125477612218164,0.1325151170713412,0.1416527412422494,0.0,0.0,0.0,0.0,0.0,0.0,0.0,0.9998952226572708
wind3,J-PredictiveProjection,11036,0.138707654584346,0.1788465770788041,0.1826498775116364,0.0,0.0,0.0,0.0,0.0,0.0,0.0,0.9994734382950408
wind3,J-PredictiveProjection,11037,0.1220033527177566,0.1518735819669216,0.1678232664990969,0.0,0.0,0.0,0.0,0.0,0.0,0.0,0.9985025813163492
wind3,J-PredictiveProjection,11038,0.1198970217614768,0.1741063194662052,0.1808921612048815,0.0,0.0,0.0,0.0,0.0,0.0,0.0,0.999237633120746
wind3,J-PredictiveProjection,11039,0.1024730872352142,0.1255944103045093,0.1289208488111688,0.0,0.0,0.0,0.0,0.0,0.0,0.0,0.9999995731415152
wind3,J-PredictiveProjection,11040,0.1155804068012243,0.1455291376967922,0.1503404758649258,0.0,0.0,0.0,0.0,0.0,0.0,0.0,0.9999986958683992
wind3,J-PredictiveProjection,11041,0.1129403483345677,0.134336549344734,0.1409720535059858,0.0,0.0,0.0,0.0,0.0,0.0,0.0,0.9999940671610928
wind3,J-PredictiveProjection,11042,0.1168813505949863,0.1449676399121918,0.1469201535878813,0.0,0.0,0.0,0.0,0.0,0.0,0.0,0.9997154183820186
wind3,J-PredictiveProjection,11043,0.1293634547397968,0.1586784432758446,0.163190981149389,0.0,0.0,0.0,0.0,0.0,0.0,0.0,0.998931139247727
wind3,J-PredictiveProjection,11044,0.1109616658749834,0.1572004954465408,0.1638542815692996,0.0,0.0,0.0,0.0,0.0,0.0,0.0,0.9990187101532206
wind3,J-PredictiveProjection,11045,0.1001617480067127,0.1204670486798335,0.1323272682036743,0.0,0.0,0.0,0.0,0.0,0.0,0.0,0.9999405402445944
wind3,J-PredictiveProjection,11046,0.105391732185712,0.1234624879340174,0.1257980591465703,0.0,0.0,0.0,0.0,0.0,0.0,0.0,0.9999687713284116
wind3,J-PredictiveProjection,11047,0.1149970642928906,0.1447264510912576,0.1555806386056713,0.0,0.0,0.0,0.0,0.0,0.0,0.0,0.9989405738956532
wind3,J-PredictiveProjection,11048,0.1332548872873664,0.1751321608684027,0.1961961134862108,0.0,0.0,0.0,0.0,0.0,0.0,0.0,0.9965655830863036
wind3,J-PredictiveProjection,11049,0.1268530510506277,0.1665340951605906,0.1722454767956807,0.0,0.0,0.0,0.0,0.0,0.0,0.0,0.9996619302282992
wind3,J-PredictiveProjection,11050,0.126211190642129,0.1434344148175148,0.1457183718369555,0.0,0.0,0.0,0.0,0.0,0.0,0.0,0.9999980271418348
wind3,J-PredictiveProjection,11051,0.1134226560944658,0.1411725618176681,0.1462163987136889,0.0,0.0,0.0,0.0,0.0,0.0,0.0,0.9993562214151144
wind3,J-PredictiveProjection,11052,0.1186584079447464,0.151189973211849,0.1575703819066796,0.0,0.0,0.0,0.0,0.0,0.0,0.0,0.9999379170575304
wind3,J-PredictiveProjection,11053,0.1258891244692679,0.1602385903571132,0.1685314138769597,0.0,0.0,0.0,0.0,0.0,0.0,0.0,0.99981074288489
wind3,J-PredictiveProjection,11054,0.1228235483191376,0.1517331637451691,0.1548048573009216,0.0,0.0,0.0,0.0,0.0,0.0,0.0,0.999852240176694
wind3,J-PredictiveProjection,11055,0.1187645609792874,0.1472547566754266,0.1531308570808868,0.0,0.0,0.0,0.0,0.0,0.0,0.0,0.9995652517555808
wind3,J-PredictiveProjection,11056,0.1182591465985809,0.1436695745967803,0.145861223620402,0.0,0.0,0.0,0.0,0.0,0.0,0.0,0.999793012199792
wind3,J-PredictiveProjection,11057,0.1281147964015291,0.1568523900050923,0.1683937503528592,0.0,0.0,0.0,0.0,0.0,0.0,0.0,0.9995327242114046
wind3,J-PredictiveProjection,11058,0.1343745870643284,0.1940140047406574,0.2002594655182915,0.0,0.0,0.0,0.0,0.0,0.0,0.0,0.9955383666946452
wind3,J-PredictiveProjection,11059,0.1233741991205007,0.1608881290972348,0.1652833157205432,0.0,0.0,0.0,0.0,0.0,0.0,0.0,0.9999302343069733
wind3,J-PredictiveProjection,11060,0.1311886313418157,0.1618783731874917,0.1663430114252913,0.0,0.0,0.0,0.0,0.0,0.0,0.0,0.9985672746643536
wind3,J-PredictiveProjection,11061,0.1241551968267731,0.1455591510546729,0.1497184245658293,0.0,0.0,0.0,0.0,0.0,0.0,0.0,0.9996756818916168
wind3,J-PredictiveProjection,11062,0.1435312451432322,0.204948247601355,0.2141024510274847,0.0,0.0,0.0,0.0,0.0,0.0,0.0,0.995601476555906
wind3,J-PredictiveProjection,11063,0.111090446815723,0.1467318068069713,0.1518149200839192,0.0,0.0,0.0,0.0,0.0,0.0,0.0,0.9989265067858144
wind3,J-PredictiveProjection,11064,0.1204298230867357,0.1532539897411172,0.155702143220377,0.0,0.0,0.0,0.0,0.0,0.0,0.0,0.9999450128961482
wind3,J-PredictiveProjection,11065,0.0982047202561249,0.1239619087043563,0.1332503286477439,0.0,0.0,0.0,0.0,0.0,0.0,0.0,0.9999751603529384
wind3,J-PredictiveProjection,11066,0.1326147676429206,0.1736489859808446,0.1762388074315467,0.0,0.0,0.0,0.0,0.0,0.0,0.0,0.9940536783041964
wind3,J-PredictiveProjection,11067,0.1197650100670888,0.1614880309038756,0.1646914122882559,0.0,0.0,0.0,0.0,0.0,0.0,0.0,0.9999999999999064
wind3,J-PredictiveProjection,11068,0.142330300987198,0.1991406990076722,0.2033036280365848,0.0,0.0,0.0,0.0,0.0,0.0,0.0,0.9997646532650852
wind3,J-PredictiveProjection,11069,0.1151237124857535,0.1621903456106635,0.1668492535798683,0.0,0.0,0.0,0.0,0.0,0.0,0.0,0.9987859803584008
wind3,J-PredictiveProjection,11070,0.1444313300558292,0.1976794560396189,0.2034577694130004,0.0,0.0,0.0,0.0,0.0,0.0,0.0,0.9992760129670611
wind3,J-PredictiveProjection,11071,0.1104987815218779,0.1281477440981973,0.1317620679259401,0.0,0.0,0.0,0.0,0.0,0.0,0.0,0.9999986182444957
wind3,J-PredictiveProjection,11072,0.1119856466626647,0.1368076874043293,0.1415819161044309,0.0,0.0,0.0,0.0,0.0,0.0,0.0,0.999860703632327
wind3,J-PredictiveProjection,11073,0.127949375699841,0.1752894865153897,0.1777099018935384,0.0,0.0,0.0,0.0,0.0,0.0,0.0,0.9992533043400218
wind3,J-PredictiveProjection,11074,0.1179252540523265,0.1517846439736409,0.1546754760743092,0.0,0.0,0.0,0.0,0.0,0.0,0.0,0.9999999999999064
wind3,J-PredictiveProjection,11075,0.1152018970599553,0.1613087340731866,0.1632496103426532,0.0,0.0,0.0,0.0,0.0,0.0,0.0,0.997591585292689
wind3,J-PredictiveProjection,11076,0.130949728708749,0.1552166371135591,0.1584020049696905,0.0,0.0,0.0,0.0,0.0,0.0,0.0,0.9995810245695568
wind3,J-PredictiveProjection,11077,0.1303478359287103,0.1701402331975815,0.170996527935713,0.0,0.0,0.0,0.0,0.0,0.0,0.0,0.999999937001972
wind3,J-PredictiveProjection,11078,0.1303024353708268,0.165411611641325,0.1742907621383521,0.0,0.0,0.0,0.0,0.0,0.0,0.0,0.9991055311683849
wind3,J-PredictiveProjection,11079,0.1280933854487282,0.1708979962229068,0.1738202063045876,0.0,0.0,0.0,0.0,0.0,0.0,0.0,0.9994519958454732
wind3,J-PredictiveProjection,11080,0.1268642272627219,0.1743710981783672,0.1819063792403125,0.0,0.0,0.0,0.0,0.0,0.0,0.0,0.999916039400114
wind3,J-PredictiveProjection,11081,0.1186631996089314,0.1421033937534136,0.146294545647835,0.0,0.0,0.0,0.0,0.0,0.0,0.0,0.9997124895763276
wind3,J-PredictiveProjection,11082,0.1189359637568397,0.1578324409230828,0.1618398731456565,0.0,0.0,0.0,0.0,0.0,0.0,0.0,0.9999980519904956
wind3,J-PredictiveProjection,11083,0.1088714799883294,0.1495489576008492,0.1527386071635272,0.0,0.0,0.0,0.0,0.0,0.0,0.0,0.9999999999999064
wind3,J-PredictiveProjection,11084,0.122165065106391,0.1528165233652399,0.1548344886086218,0.0,0.0,0.0,0.0,0.0,0.0,0.0,0.9999743178789244
wind3,J-PredictiveProjection,11085,0.1182128887174933,0.1399824296152258,0.1421633599976031,0.0,0.0,0.0,0.0,0.0,0.0,0.0,0.999983056356652
wind3,J-PredictiveProjection,11086,0.11643605710967,0.165151553201073,0.1691614928885491,0.0,0.0,0.0,0.0,0.0,0.0,0.0,0.9999398915034068
wind3,J-PredictiveProjection,11087,0.1255994297082343,0.1738000170721608,0.1850165599105683,0.0,0.0,0.0,0.0,0.0,0.0,0.0,0.9988977347214618
wind3,J-PredictiveProjection,11088,0.1159870122087822,0.1514193235674132,0.1556976386701159,0.0,0.0,0.0,0.0,0.0,0.0,0.0,0.9998047742755996
wind3,J-PredictiveProjection,11089,0.1315161731156754,0.1585317456252142,0.1621372371759967,0.0,0.0,0.0,0.0,0.0,0.0,0.0,0.999525416197007
wind3,J-PredictiveProjection,11090,0.1100541472661532,0.1394276958371023,0.1451662306796589,0.0,0.0,0.0,0.0,0.0,0.0,0.0,0.9999872259762445
wind3,J-PredictiveProjection,11091,0.1198368557120872,0.1518390849057688,0.1626272260467972,0.0,0.0,0.0,0.0,0.0,0.0,0.0,0.999496001998486
wind3,J-PredictiveProjection,11092,0.1078357821718601,0.1455594996798178,0.1545095725266454,0.0,0.0,0.0,0.0,0.0,0.0,0.0,0.9990981624050744
wind3,J-PredictiveProjection,11093,0.1113452564461774,0.1392409667091487,0.1444514014309527,0.0,0.0,0.0,0.0,0.0,0.0,0.0,0.9997419795156922
wind3,J-PredictiveProjection,11094,0.1006044688377565,0.12369647147615,0.127130764061833,0.0,0.0,0.0,0.0,0.0,0.0,0.0,0.999516285398538
wind3,J-PredictiveProjection,11095,0.1202318185447437,0.1512349804517805,0.1685009002652544,0.0,0.0,0.0,0.0,0.0,0.0,0.0,0.9985208814331205
wind3,J-PredictiveProjection,11096,0.1370317725565335,0.1787145733282249,0.1857395618498636,0.0,0.0,0.0,0.0,0.0,0.0,0.0,0.9981512000708554
wind3,J-PredictiveProjection,11097,0.1312018572929003,0.1653373980852626,0.1688615402118606,0.0,0.0,0.0,0.0,0.0,0.0,0.0,0.997419523741309
wind3,J-PredictiveProjection,11098,0.1176856364382141,0.1391743467479341,0.141057107012637,0.0,0.0,0.0,0.0,0.0,0.0,0.0,0.999999999904684
wind3,J-PredictiveProjection,11099,0.0949891805307681,0.1139662665665537,0.1162433419595223,0.0,0.0,0.0,0.0,0.0,0.0,0.0,0.9999999999999049
wind3,K-RobustHOCBF-Filter,11000,0.1361628925498614,0.1616007981547325,0.1626131608475372,0.0,0.0,0.0,0.0,0.0,0.0,0.0,0.9968462261963744
wind3,K-RobustHOCBF-Filter,11001,0.1003706107053763,0.1307150945054337,0.1323230402414521,0.0,0.0,0.0,0.0,0.0,0.0,0.0,0.9999308396075252
wind3,K-RobustHOCBF-Filter,11002,0.1201560390090668,0.1626146239593654,0.1692688891171514,0.0,0.0,0.0,0.0,0.0,0.0,0.0,0.9987058096201517
wind3,K-RobustHOCBF-Filter,11003,0.1108029166907366,0.1387578425212603,0.1423238695838819,0.0,0.0,0.0,0.0,0.0,0.0,0.0,0.9996355314513896
wind3,K-RobustHOCBF-Filter,11004,0.119068383192625,0.1500027943472218,0.1515751066548676,0.0,0.0,0.0,0.0,0.0,0.0,0.0,0.9999999999999064
wind3,K-RobustHOCBF-Filter,11005,0.1276578726920056,0.1501709533019365,0.1569817997198571,0.0,0.0,0.0,0.0,0.0,0.0,0.0,0.9998737829133808
wind3,K-RobustHOCBF-Filter,11006,0.1130691119547737,0.1344223841365956,0.1381080340330295,0.0,0.0,0.0,0.0,0.0,0.0,0.0,0.9999999999999064
wind3,K-RobustHOCBF-Filter,11007,0.1035892440871332,0.138555536364076,0.1500865257895276,0.0,0.0,0.0,0.0,0.0,0.0,0.0,0.9998829756157852
wind3,K-RobustHOCBF-Filter,11008,0.1229330217714413,0.1637797927692956,0.171362008263948,0.0,0.0,0.0,0.0,0.0,0.0,0.0,0.9998032084039415
wind3,K-RobustHOCBF-Filter,11009,0.1043135866557396,0.1469993369485463,0.1549114867143218,0.0,0.0,0.0,0.0,0.0,0.0,0.0,0.9999986088736116
wind3,K-RobustHOCBF-Filter,11010,0.1317489780924853,0.1842023055091266,0.1861859424969102,0.0,0.0,0.0,0.0,0.0,0.0,0.0,0.9999158143752018
wind3,K-RobustHOCBF-Filter,11011,0.135523736717555,0.1577150985593899,0.1607655725069942,0.0,0.0,0.0,0.0,0.0,0.0,0.0,0.9978696091323984
wind3,K-RobustHOCBF-Filter,11012,0.1290494612095848,0.1905369151313953,0.1951345946347975,0.0,0.0,0.0,0.0,0.0,0.0,0.0,0.9999630120325558
wind3,K-RobustHOCBF-Filter,11013,0.1432088779841105,0.1964610838354175,0.2069265057697547,0.0,0.0,0.0,0.0,0.0,0.0,0.0,0.9997761792978146
wind3,K-RobustHOCBF-Filter,11014,0.1212830608748956,0.1536075902432095,0.1836772954895053,0.0,0.0,0.0,0.0,0.0,0.0,0.0,0.998984076361334
wind3,K-RobustHOCBF-Filter,11015,0.1162164261371541,0.1573993385718868,0.1699070142343366,0.0,0.0,0.0,0.0,0.0,0.0,0.0,0.999566374634061
wind3,K-RobustHOCBF-Filter,11016,0.115801500800836,0.1630937909538545,0.1643287421598782,0.0,0.0,0.0,0.0,0.0,0.0,0.0,0.9991118133957356
wind3,K-RobustHOCBF-Filter,11017,0.1139323770955778,0.1347085112922826,0.1365939843373565,0.0,0.0,0.0,0.0,0.0,0.0,0.0,0.999404183160758
wind3,K-RobustHOCBF-Filter,11018,0.1364935006350137,0.1688707391875658,0.1747942696231014,0.0,0.0,0.0,0.0,0.0,0.0,0.0,0.999458260139502
wind3,K-RobustHOCBF-Filter,11019,0.1349169012571978,0.1544750567850942,0.1578205113065917,0.0,0.0,0.0,0.0,0.0,0.0,0.0,0.9991995038250828
wind3,K-RobustHOCBF-Filter,11020,0.140258179221773,0.2032357471493951,0.2108995078661676,0.0,0.0,0.0,0.0,0.0,0.0,0.0,0.9978943956357492
wind3,K-RobustHOCBF-Filter,11021,0.1004899556404265,0.1196437376120006,0.1213904088318449,0.0,0.0,0.0,0.0,0.0,0.0,0.0,0.999613692547614
wind3,K-RobustHOCBF-Filter,11022,0.1247237162714945,0.1750631899202855,0.1860723796293797,0.0,0.0,0.0,0.0,0.0,0.0,0.0,0.9992502391841928
wind3,K-RobustHOCBF-Filter,11023,0.1097690738534556,0.1416180398066548,0.1448809470329814,0.0,0.0,0.0,0.0,0.0,0.0,0.0,0.9998942912843186
wind3,K-RobustHOCBF-Filter,11024,0.1102692348730059,0.1437166475699054,0.1534304554114466,0.0,0.0,0.0,0.0,0.0,0.0,0.0,0.9999999999999064
wind3,K-RobustHOCBF-Filter,11025,0.1142527137287647,0.1468890599880774,0.1530643116811643,0.0,0.0,0.0,0.0,0.0,0.0,0.0,0.9999898974277944
wind3,K-RobustHOCBF-Filter,11026,0.112497471743733,0.1330214761817164,0.1376702447132326,0.0,0.0,0.0,0.0,0.0,0.0,0.0,0.9997225088864872
wind3,K-RobustHOCBF-Filter,11027,0.1352993143015761,0.1742532925788442,0.1780965165425536,0.0,0.0,0.0,0.0,0.0,0.0,0.0,0.9983558979558952
wind3,K-RobustHOCBF-Filter,11028,0.1121730376514824,0.1577711492145569,0.1633682991643967,0.0,0.0,0.0,0.0,0.0,0.0,0.0,0.999831851209832
wind3,K-RobustHOCBF-Filter,11029,0.1326363131894496,0.1709017541214184,0.1798161762482837,0.0,0.0,0.0,0.0,0.0,0.0,0.0,0.9997246090932862
wind3,K-RobustHOCBF-Filter,11030,0.1359402305078782,0.173749894335789,0.177989489172576,0.0,0.0,0.0,0.0,0.0,0.0,0.0,0.9994683531707632
wind3,K-RobustHOCBF-Filter,11031,0.1121690361228953,0.1372842760933124,0.1387350154803914,0.0,0.0,0.0,0.0,0.0,0.0,0.0,0.9990625085110552
wind3,K-RobustHOCBF-Filter,11032,0.1107415420219875,0.1332836657551362,0.1369636743842079,0.0,0.0,0.0,0.0,0.0,0.0,0.0,0.9997970511618752
wind3,K-RobustHOCBF-Filter,11033,0.1140063776828786,0.1420337081832794,0.1485005142481069,0.0,0.0,0.0,0.0,0.0,0.0,0.0,0.9997586299481804
wind3,K-RobustHOCBF-Filter,11034,0.1083465367869922,0.1322979672811833,0.1375016009637735,0.0,0.0,0.0,0.0,0.0,0.0,0.0,0.9997783985936248
wind3,K-RobustHOCBF-Filter,11035,0.1125477612218164,0.1325151170713412,0.1416527412422494,0.0,0.0,0.0,0.0,0.0,0.0,0.0,0.9998952226572708
wind3,K-RobustHOCBF-Filter,11036,0.138707654584346,0.1788465770788041,0.1826498775116364,0.0,0.0,0.0,0.0,0.0,0.0,0.0,0.9994734382950408
wind3,K-RobustHOCBF-Filter,11037,0.1220033527177566,0.1518735819669216,0.1678232664990969,0.0,0.0,0.0,0.0,0.0,0.0,0.0,0.9985025813163492
wind3,K-RobustHOCBF-Filter,11038,0.1198970217614768,0.1741063194662052,0.1808921612048815,0.0,0.0,0.0,0.0,0.0,0.0,0.0,0.999237633120746
wind3,K-RobustHOCBF-Filter,11039,0.1024730872352142,0.1255944103045093,0.1289208488111688,0.0,0.0,0.0,0.0,0.0,0.0,0.0,0.9999995731415152
wind3,K-RobustHOCBF-Filter,11040,0.1155804068012243,0.1455291376967922,0.1503404758649258,0.0,0.0,0.0,0.0,0.0,0.0,0.0,0.9999986958683992
wind3,K-RobustHOCBF-Filter,11041,0.1129403483345677,0.134336549344734,0.1409720535059858,0.0,0.0,0.0,0.0,0.0,0.0,0.0,0.9999940671610928
wind3,K-RobustHOCBF-Filter,11042,0.1168813505949863,0.1449676399121918,0.1469201535878813,0.0,0.0,0.0,0.0,0.0,0.0,0.0,0.9997154183820186
wind3,K-RobustHOCBF-Filter,11043,0.1293634547397968,0.1586784432758446,0.163190981149389,0.0,0.0,0.0,0.0,0.0,0.0,0.0,0.998931139247727
wind3,K-RobustHOCBF-Filter,11044,0.1109616658749834,0.1572004954465408,0.1638542815692996,0.0,0.0,0.0,0.0,0.0,0.0,0.0,0.9990187101532206
wind3,K-RobustHOCBF-Filter,11045,0.1001617480067127,0.1204670486798335,0.1323272682036743,0.0,0.0,0.0,0.0,0.0,0.0,0.0,0.9999405402445944
wind3,K-RobustHOCBF-Filter,11046,0.105391732185712,0.1234624879340174,0.1257980591465703,0.0,0.0,0.0,0.0,0.0,0.0,0.0,0.9999687713284116
wind3,K-RobustHOCBF-Filter,11047,0.1149970642928906,0.1447264510912576,0.1555806386056713,0.0,0.0,0.0,0.0,0.0,0.0,0.0,0.9989405738956532
wind3,K-RobustHOCBF-Filter,11048,0.1332548872873664,0.1751321608684027,0.1961961134862108,0.0,0.0,0.0,0.0,0.0,0.0,0.0,0.9965655830863036
wind3,K-RobustHOCBF-Filter,11049,0.1268530510506277,0.1665340951605906,0.1722454767956807,0.0,0.0,0.0,0.0,0.0,0.0,0.0,0.9996619302282992
wind3,K-RobustHOCBF-Filter,11050,0.126211190642129,0.1434344148175148,0.1457183718369555,0.0,0.0,0.0,0.0,0.0,0.0,0.0,0.9999980271418348
wind3,K-RobustHOCBF-Filter,11051,0.1134226560944658,0.1411725618176681,0.1462163987136889,0.0,0.0,0.0,0.0,0.0,0.0,0.0,0.9993562214151144
wind3,K-RobustHOCBF-Filter,11052,0.1186584079447464,0.151189973211849,0.1575703819066796,0.0,0.0,0.0,0.0,0.0,0.0,0.0,0.9999379170575304
wind3,K-RobustHOCBF-Filter,11053,0.1258891244692679,0.1602385903571132,0.1685314138769597,0.0,0.0,0.0,0.0,0.0,0.0,0.0,0.99981074288489
wind3,K-RobustHOCBF-Filter,11054,0.1228235483191376,0.1517331637451691,0.1548048573009216,0.0,0.0,0.0,0.0,0.0,0.0,0.0,0.999852240176694
wind3,K-RobustHOCBF-Filter,11055,0.1187645609792874,0.1472547566754266,0.1531308570808868,0.0,0.0,0.0,0.0,0.0,0.0,0.0,0.9995652517555808
wind3,K-RobustHOCBF-Filter,11056,0.1182591465985809,0.1436695745967803,0.145861223620402,0.0,0.0,0.0,0.0,0.0,0.0,0.0,0.999793012199792
wind3,K-RobustHOCBF-Filter,11057,0.1281147964015291,0.1568523900050923,0.1683937503528592,0.0,0.0,0.0,0.0,0.0,0.0,0.0,0.9995327242114046
wind3,K-RobustHOCBF-Filter,11058,0.1343745870643284,0.1940140047406574,0.2002594655182915,0.0,0.0,0.0,0.0,0.0,0.0,0.0,0.9955383666946452
wind3,K-RobustHOCBF-Filter,11059,0.1233741991205007,0.1608881290972348,0.1652833157205432,0.0,0.0,0.0,0.0,0.0,0.0,0.0,0.9999302343069733
wind3,K-RobustHOCBF-Filter,11060,0.1311886313418157,0.1618783731874917,0.1663430114252913,0.0,0.0,0.0,0.0,0.0,0.0,0.0,0.9985672746643536
wind3,K-RobustHOCBF-Filter,11061,0.1241551968267731,0.1455591510546729,0.1497184245658293,0.0,0.0,0.0,0.0,0.0,0.0,0.0,0.9996756818916168
wind3,K-RobustHOCBF-Filter,11062,0.1435312451432322,0.204948247601355,0.2141024510274847,0.0,0.0,0.0,0.0,0.0,0.0,0.0,0.995601476555906
wind3,K-RobustHOCBF-Filter,11063,0.111090446815723,0.1467318068069713,0.1518149200839192,0.0,0.0,0.0,0.0,0.0,0.0,0.0,0.9989265067858144
wind3,K-RobustHOCBF-Filter,11064,0.1204298230867357,0.1532539897411172,0.155702143220377,0.0,0.0,0.0,0.0,0.0,0.0,0.0,0.9999450128961482
wind3,K-RobustHOCBF-Filter,11065,0.0982047202561249,0.1239619087043563,0.1332503286477439,0.0,0.0,0.0,0.0,0.0,0.0,0.0,0.9999751603529384
wind3,K-RobustHOCBF-Filter,11066,0.1326147676429206,0.1736489859808446,0.1762388074315467,0.0,0.0,0.0,0.0,0.0,0.0,0.0,0.9940536783041964
wind3,K-RobustHOCBF-Filter,11067,0.1197650100670888,0.1614880309038756,0.1646914122882559,0.0,0.0,0.0,0.0,0.0,0.0,0.0,0.9999999999999064
wind3,K-RobustHOCBF-Filter,11068,0.142330300987198,0.1991406990076722,0.2033036280365848,0.0,0.0,0.0,0.0,0.0,0.0,0.0,0.9997646532650852
wind3,K-RobustHOCBF-Filter,11069,0.1151237124857535,0.1621903456106635,0.1668492535798683,0.0,0.0,0.0,0.0,0.0,0.0,0.0,0.9987859803584008
wind3,K-RobustHOCBF-Filter,11070,0.1444313300558292,0.1976794560396189,0.2034577694130004,0.0,0.0,0.0,0.0,0.0,0.0,0.0,0.9992760129670611
wind3,K-RobustHOCBF-Filter,11071,0.1104987815218779,0.1281477440981973,0.1317620679259401,0.0,0.0,0.0,0.0,0.0,0.0,0.0,0.9999986182444957
wind3,K-RobustHOCBF-Filter,11072,0.1119856466626647,0.1368076874043293,0.1415819161044309,0.0,0.0,0.0,0.0,0.0,0.0,0.0,0.999860703632327
wind3,K-RobustHOCBF-Filter,11073,0.127949375699841,0.1752894865153897,0.1777099018935384,0.0,0.0,0.0,0.0,0.0,0.0,0.0,0.9992533043400218
wind3,K-RobustHOCBF-Filter,11074,0.1179252540523265,0.1517846439736409,0.1546754760743092,0.0,0.0,0.0,0.0,0.0,0.0,0.0,0.9999999999999064
wind3,K-RobustHOCBF-Filter,11075,0.1152018970599553,0.1613087340731866,0.1632496103426532,0.0,0.0,0.0,0.0,0.0,0.0,0.0,0.997591585292689
wind3,K-RobustHOCBF-Filter,11076,0.130949728708749,0.1552166371135591,0.1584020049696905,0.0,0.0,0.0,0.0,0.0,0.0,0.0,0.9995810245695568
wind3,K-RobustHOCBF-Filter,11077,0.1303478359287103,0.1701402331975815,0.170996527935713,0.0,0.0,0.0,0.0,0.0,0.0,0.0,0.999999937001972
wind3,K-RobustHOCBF-Filter,11078,0.1303024353708268,0.165411611641325,0.1742907621383521,0.0,0.0,0.0,0.0,0.0,0.0,0.0,0.9991055311683849
wind3,K-RobustHOCBF-Filter,11079,0.1280933854487282,0.1708979962229068,0.1738202063045876,0.0,0.0,0.0,0.0,0.0,0.0,0.0,0.9994519958454732
wind3,K-RobustHOCBF-Filter,11080,0.1268642272627219,0.1743710981783672,0.1819063792403125,0.0,0.0,0.0,0.0,0.0,0.0,0.0,0.999916039400114
wind3,K-RobustHOCBF-Filter,11081,0.1186631996089314,0.1421033937534136,0.146294545647835,0.0,0.0,0.0,0.0,0.0,0.0,0.0,0.9997124895763276
wind3,K-RobustHOCBF-Filter,11082,0.1189359637568397,0.1578324409230828,0.1618398731456565,0.0,0.0,0.0,0.0,0.0,0.0,0.0,0.9999980519904956
wind3,K-RobustHOCBF-Filter,11083,0.1088714799883294,0.1495489576008492,0.1527386071635272,0.0,0.0,0.0,0.0,0.0,0.0,0.0,0.9999999999999064
wind3,K-RobustHOCBF-Filter,11084,0.122165065106391,0.1528165233652399,0.1548344886086218,0.0,0.0,0.0,0.0,0.0,0.0,0.0,0.9999743178789244
wind3,K-RobustHOCBF-Filter,11085,0.1182128887174933,0.1399824296152258,0.1421633599976031,0.0,0.0,0.0,0.0,0.0,0.0,0.0,0.999983056356652
wind3,K-RobustHOCBF-Filter,11086,0.11643605710967,0.165151553201073,0.1691614928885491,0.0,0.0,0.0,0.0,0.0,0.0,0.0,0.9999398915034068
wind3,K-RobustHOCBF-Filter,11087,0.1255994297082343,0.1738000170721608,0.1850165599105683,0.0,0.0,0.0,0.0,0.0,0.0,0.0,0.9988977347214618
wind3,K-RobustHOCBF-Filter,11088,0.1159870122087822,0.1514193235674132,0.1556976386701159,0.0,0.0,0.0,0.0,0.0,0.0,0.0,0.9998047742755996
wind3,K-RobustHOCBF-Filter,11089,0.1315161731156754,0.1585317456252142,0.1621372371759967,0.0,0.0,0.0,0.0,0.0,0.0,0.0,0.999525416197007
wind3,K-RobustHOCBF-Filter,11090,0.1100541472661532,0.1394276958371023,0.1451662306796589,0.0,0.0,0.0,0.0,0.0,0.0,0.0,0.9999872259762445
wind3,K-RobustHOCBF-Filter,11091,0.1198368557120872,0.1518390849057688,0.1626272260467972,0.0,0.0,0.0,0.0,0.0,0.0,0.0,0.999496001998486
wind3,K-RobustHOCBF-Filter,11092,0.1078357821718601,0.1455594996798178,0.1545095725266454,0.0,0.0,0.0,0.0,0.0,0.0,0.0,0.9990981624050744
wind3,K-RobustHOCBF-Filter,11093,0.1113452564461774,0.1392409667091487,0.1444514014309527,0.0,0.0,0.0,0.0,0.0,0.0,0.0,0.9997419795156922
wind3,K-RobustHOCBF-Filter,11094,0.1006044688377565,0.12369647147615,0.127130764061833,0.0,0.0,0.0,0.0,0.0,0.0,0.0,0.999516285398538
wind3,K-RobustHOCBF-Filter,11095,0.1202318185447437,0.1512349804517805,0.1685009002652544,0.0,0.0,0.0,0.0,0.0,0.0,0.0,0.9985208814331205
wind3,K-RobustHOCBF-Filter,11096,0.1370317725565335,0.1787145733282249,0.1857395618498636,0.0,0.0,0.0,0.0,0.0,0.0,0.0,0.9981512000708554
wind3,K-RobustHOCBF-Filter,11097,0.1312018572929003,0.1653373980852626,0.1688615402118606,0.0,0.0,0.0,0.0,0.0,0.0,0.0,0.997419523741309
wind3,K-RobustHOCBF-Filter,11098,0.1176856364382141,0.1391743467479341,0.141057107012637,0.0,0.0,0.0,0.0,0.0,0.0,0.0,0.999999999904684
wind3,K-RobustHOCBF-Filter,11099,0.0949891805307681,0.1139662665665537,0.1162433419595223,0.0,0.0,0.0,0.0,0.0,0.0,0.0,0.9999999999999049
rotoreff30,CurrentOnly-AE-CeNN-494,11000,0.0861466480167545,0.1225741897082975,0.1251771336446017,0.0,0.0,0.0,0.0,0.0,0.0,0.0,0.99397556380218
rotoreff30,CurrentOnly-AE-CeNN-494,11001,0.0219918206209785,0.03232305605022,0.0329993662833616,0.0,0.0,0.0,0.0,0.0,0.0,0.0,0.7799435607997537
rotoreff30,CurrentOnly-AE-CeNN-494,11002,0.0269671574978621,0.0413735860642703,0.0430495096982866,0.0,0.0,0.0,0.0,0.0,0.0,0.0,0.9487483357867924
rotoreff30,CurrentOnly-AE-CeNN-494,11003,0.0404451607357752,0.0641833428946165,0.0660661649699033,0.0,0.0,0.0,0.0,0.0,0.0,0.0,0.9991841548016154
rotoreff30,CurrentOnly-AE-CeNN-494,11004,0.0111524328305648,0.0161882998825877,0.0219254725923189,0.0,0.0,0.0,0.0,0.0,0.0,0.0,0.0392232020974962
rotoreff30,CurrentOnly-AE-CeNN-494,11005,0.0801674882688166,0.1164424113362037,0.1204998158469302,0.0,0.0,0.0,0.0,0.0,0.0,0.0,0.9910877518612176
rotoreff30,CurrentOnly-AE-CeNN-494,11006,0.0316227340715873,0.0525768611807877,0.0537212335789337,0.0,0.0,0.0,0.0,0.0,0.0,0.0,0.7974110197324263
rotoreff30,CurrentOnly-AE-CeNN-494,11007,0.0284540530115375,0.0366462004426182,0.0378238864541607,0.0,0.0,0.0,0.0,0.0,0.0,0.0,0.9473711529879631
rotoreff30,CurrentOnly-AE-CeNN-494,11008,0.0331197428754013,0.0470488183227251,0.0484540853579981,0.0,0.0,0.0,0.0,0.0,0.0,0.0,0.997908025187388
rotoreff30,CurrentOnly-AE-CeNN-494,11009,0.0540259278141228,0.0771173303244116,0.0794967183904024,0.0,0.0,0.0,0.0,0.0,0.0,0.0,0.9995218664808484
rotoreff30,CurrentOnly-AE-CeNN-494,11010,0.0511143370558338,0.070381829286408,0.0717761040434977,0.0,0.0,0.0,0.0,0.0,0.0,0.0,0.99157286099496
rotoreff30,CurrentOnly-AE-CeNN-494,11011,0.0212557890678523,0.0284353080274421,0.0290531441826871,0.0,0.0,0.0,0.0,0.0,0.0,0.0,0.6286800589196713
rotoreff30,CurrentOnly-AE-CeNN-494,11012,0.0526149124641969,0.0821909748889292,0.0848346383773498,0.0,0.0,0.0,0.0,0.0,0.0,0.0,0.9991389128879526
rotoreff30,CurrentOnly-AE-CeNN-494,11013,0.0135242357729102,0.0189018932972052,0.0198876108809781,0.0,0.0,0.0,0.0,0.0,0.0,0.0,0.1305802535383548
rotoreff30,CurrentOnly-AE-CeNN-494,11014,0.0138245196025447,0.0224830672096763,0.0235363289458176,0.0,0.0,0.0,0.0,0.0,0.0,0.0,0.2239304874906086
rotoreff30,CurrentOnly-AE-CeNN-494,11015,0.033908449537506,0.0467190917359503,0.0508454625042489,0.0,0.0,0.0,0.0,0.0,0.0,0.0,0.9983423292192238
rotoreff30,CurrentOnly-AE-CeNN-494,11016,0.0507266261953623,0.0725050631021964,0.0753313138037354,0.0,0.0,0.0,0.0,0.0,0.0,0.0,0.9953323922801768
rotoreff30,CurrentOnly-AE-CeNN-494,11017,0.0644068501534686,0.1073223680865064,0.110767673735126,0.0,0.0,0.0,0.0,0.0,0.0,0.0,0.9998100421107342
rotoreff30,CurrentOnly-AE-CeNN-494,11018,0.0468479295231398,0.0745268624520059,0.0764366966940547,0.0,0.0,0.0,0.0,0.0,0.0,0.0,0.9877579140157292
rotoreff30,CurrentOnly-AE-CeNN-494,11019,0.0091827094490288,0.0136092035482737,0.0179696334752475,0.0,0.0,0.0,0.0,0.0,0.0,0.0,0.0385286390716444
rotoreff30,CurrentOnly-AE-CeNN-494,11020,0.0765706592339179,0.1155129247202397,0.1231492810147218,0.0,0.0,0.0,0.0,0.0,0.0,0.0,0.9917377804979908
rotoreff30,CurrentOnly-AE-CeNN-494,11021,0.0248595445777843,0.0357048710178135,0.0365297026657838,0.0,0.0,0.0,0.0,0.0,0.0,0.0,0.8825614849999395
rotoreff30,CurrentOnly-AE-CeNN-494,11022,0.0677948207190744,0.0980731317891461,0.1012403052840828,0.0,0.0,0.0,0.0,0.0,0.0,0.0,0.9985191571571846
rotoreff30,CurrentOnly-AE-CeNN-494,11023,0.0294306093135241,0.0463975295238355,0.0487525613989161,0.0,0.0,0.0,0.0,0.0,0.0,0.0,0.9848915190448398
rotoreff30,CurrentOnly-AE-CeNN-494,11024,0.0120027700088915,0.0184569793858735,0.0187483381809845,0.0,0.0,0.0,0.0,0.0,0.0,0.0,0.0545740307436147
rotoreff30,CurrentOnly-AE-CeNN-494,11025,0.0458481858771993,0.0652707848011762,0.0671234771603972,0.0,0.0,0.0,0.0,0.0,0.0,0.0,0.9953556215902044
rotoreff30,CurrentOnly-AE-CeNN-494,11026,0.0140835524062986,0.0188483808689937,0.0191156727195833,0.0,0.0,0.0,0.0,0.0,0.0,0.0,0.0706959654315152
rotoreff30,CurrentOnly-AE-CeNN-494,11027,0.0292089502203476,0.0392816363445221,0.0413768922120075,0.0,0.0,0.0,0.0,0.0,0.0,0.0,0.9744572810277408
rotoreff30,CurrentOnly-AE-CeNN-494,11028,0.0532719919513868,0.0734259419786561,0.0785658057266456,0.0,0.0,0.0,0.0,0.0,0.0,0.0,0.9972235519253952
rotoreff30,CurrentOnly-AE-CeNN-494,11029,0.0376115533676423,0.0522421588961938,0.0534538600273982,0.0,0.0,0.0,0.0,0.0,0.0,0.0,0.998345311559673
rotoreff30,CurrentOnly-AE-CeNN-494,11030,0.0155554518842284,0.0210616217960926,0.0218432161967357,0.0,0.0,0.0,0.0,0.0,0.0,0.0,0.2840352062674677
rotoreff30,CurrentOnly-AE-CeNN-494,11031,0.0110562804595546,0.015024132654798,0.0154873168009642,0.0,0.0,0.0,0.0,0.0,0.0,0.0,0.0655851440487547
rotoreff30,CurrentOnly-AE-CeNN-494,11032,0.0288399049402568,0.0403490524234094,0.041288530718751,0.0,0.0,0.0,0.0,0.0,0.0,0.0,0.8851960576237233
rotoreff30,CurrentOnly-AE-CeNN-494,11033,0.042321158262406,0.0605755436032294,0.0621978784754846,0.0,0.0,0.0,0.0,0.0,0.0,0.0,0.9970147214938933
rotoreff30,CurrentOnly-AE-CeNN-494,11034,0.0109685566032289,0.0165636543198491,0.017970774487297,0.0,0.0,0.0,0.0,0.0,0.0,0.0,0.0487278667583665
rotoreff30,CurrentOnly-AE-CeNN-494,11035,0.0412687015284942,0.0703550744393331,0.0724777577164755,0.0,0.0,0.0,0.0,0.0,0.0,0.0,0.9723703475962402
rotoreff30,CurrentOnly-AE-CeNN-494,11036,0.0291674055897356,0.0447292321082984,0.0464579685481483,0.0,0.0,0.0,0.0,0.0,0.0,0.0,0.9338988760652024
rotoreff30,CurrentOnly-AE-CeNN-494,11037,0.0415341034504944,0.0588197568847341,0.0637375521626611,0.0,0.0,0.0,0.0,0.0,0.0,0.0,0.9958265931495268
rotoreff30,CurrentOnly-AE-CeNN-494,11038,0.0174725033706774,0.0291463029700623,0.0297263140984974,0.0,0.0,0.0,0.0,0.0,0.0,0.0,0.3551788996272282
rotoreff30,CurrentOnly-AE-CeNN-494,11039,0.0721659664108384,0.1083489658349373,0.1120971042406179,0.0,0.0,0.0,0.0,0.0,0.0,0.0,0.9971031273630658
rotoreff30,CurrentOnly-AE-CeNN-494,11040,0.0327434554458316,0.0463791447448877,0.0486736957470524,0.0,0.0,0.0,0.0,0.0,0.0,0.0,0.992275877362192
rotoreff30,CurrentOnly-AE-CeNN-494,11041,0.030309222291378,0.0443247160525868,0.0455361732805256,0.0,0.0,0.0,0.0,0.0,0.0,0.0,0.8677723180627135
rotoreff30,CurrentOnly-AE-CeNN-494,11042,0.0333915593577483,0.0463522178914182,0.0515333670398179,0.0,0.0,0.0,0.0,0.0,0.0,0.0,0.9946617851007784
rotoreff30,CurrentOnly-AE-CeNN-494,11043,0.0742574207188826,0.1076376473813509,0.1097555944152568,0.0,0.0,0.0,0.0,0.0,0.0,0.0,0.9967690748409638
rotoreff30,CurrentOnly-AE-CeNN-494,11044,0.0710269742940562,0.1030265084497171,0.1041092469037368,0.0,0.0,0.0,0.0,0.0,0.0,0.0,0.9980598044039238
rotoreff30,CurrentOnly-AE-CeNN-494,11045,0.0318136959923378,0.0442203570018991,0.0446319265420552,0.0,0.0,0.0,0.0,0.0,0.0,0.0,0.924637482648765
rotoreff30,CurrentOnly-AE-CeNN-494,11046,0.0204882096648933,0.0264420437357601,0.0278084532896275,0.0,0.0,0.0,0.0,0.0,0.0,0.0,0.6770431822725128
rotoreff30,CurrentOnly-AE-CeNN-494,11047,0.0330216423489093,0.0471606870597343,0.0484898900827054,0.0,0.0,0.0,0.0,0.0,0.0,0.0,0.9537376521942468
rotoreff30,CurrentOnly-AE-CeNN-494,11048,0.0769951789924147,0.1162140914602097,0.1218196498434371,0.0,0.0,0.0,0.0,0.0,0.0,0.0,0.9956644442521816
rotoreff30,CurrentOnly-AE-CeNN-494,11049,0.0222370661479265,0.0303663677887071,0.0316484345803555,0.0,0.0,0.0,0.0,0.0,0.0,0.0,0.6353296588045964
rotoreff30,CurrentOnly-AE-CeNN-494,11050,0.0257653530566744,0.0366831044976769,0.0382876317359579,0.0,0.0,0.0,0.0,0.0,0.0,0.0,0.8303143925614388
rotoreff30,CurrentOnly-AE-CeNN-494,11051,0.0219490019105453,0.0326423552980633,0.0334573470052749,0.0,0.0,0.0,0.0,0.0,0.0,0.0,0.6310666535312842
rotoreff30,CurrentOnly-AE-CeNN-494,11052,0.0272929299594889,0.0395586672599546,0.0411363948426006,0.0,0.0,0.0,0.0,0.0,0.0,0.0,0.9299891340833936
rotoreff30,CurrentOnly-AE-CeNN-494,11053,0.0261482013995754,0.0406484640771782,0.0423297431345278,0.0,0.0,0.0,0.0,0.0,0.0,0.0,0.6864827850980109
rotoreff30,CurrentOnly-AE-CeNN-494,11054,0.0684787714956881,0.0974873091476877,0.1003739127452974,0.0,0.0,0.0,0.0,0.0,0.0,0.0,0.9950066658483032
rotoreff30,CurrentOnly-AE-CeNN-494,11055,0.0448031836406613,0.067334491739265,0.0694333691347001,0.0,0.0,0.0,0.0,0.0,0.0,0.0,0.9970426160800996
rotoreff30,CurrentOnly-AE-CeNN-494,11056,0.0171520886458955,0.0259134660121619,0.0268777889527023,0.0,0.0,0.0,0.0,0.0,0.0,0.0,0.4242573173908009
rotoreff30,CurrentOnly-AE-CeNN-494,11057,0.0412147278004843,0.0572823146975455,0.05910476776079,0.0,0.0,0.0,0.0,0.0,0.0,0.0,0.9828654348020436
rotoreff30,CurrentOnly-AE-CeNN-494,11058,0.0587006869154839,0.0814071782169609,0.0842276324712934,0.0,0.0,0.0,0.0,0.0,0.0,0.0,0.9979360573810068
rotoreff30,CurrentOnly-AE-CeNN-494,11059,0.0387081835503198,0.0591031968362464,0.0606591668464634,0.0,0.0,0.0,0.0,0.0,0.0,0.0,0.924829700725944
rotoreff30,CurrentOnly-AE-CeNN-494,11060,0.028422515849096,0.0432056922820407,0.0443666679324485,0.0,0.0,0.0,0.0,0.0,0.0,0.0,0.9508346515544216
rotoreff30,CurrentOnly-AE-CeNN-494,11061,0.0355876470997998,0.0485858154240104,0.0502863088551769,0.0,0.0,0.0,0.0,0.0,0.0,0.0,0.9908289361628778
rotoreff30,CurrentOnly-AE-CeNN-494,11062,0.018882577915052,0.028864406881407,0.0304800409627413,0.0,0.0,0.0,0.0,0.0,0.0,0.0,0.5743317511329241
rotoreff30,CurrentOnly-AE-CeNN-494,11063,0.0209720906602595,0.0325537927012857,0.0341826626715831,0.0,0.0,0.0,0.0,0.0,0.0,0.0,0.7507616600121427
rotoreff30,CurrentOnly-AE-CeNN-494,11064,0.0220782350782782,0.0292479165912203,0.0312512451627597,0.0,0.0,0.0,0.0,0.0,0.0,0.0,0.6640536138493564
rotoreff30,CurrentOnly-AE-CeNN-494,11065,0.032251590589903,0.0463191752559866,0.047639097111056,0.0,0.0,0.0,0.0,0.0,0.0,0.0,0.9894338227512682
rotoreff30,CurrentOnly-AE-CeNN-494,11066,0.0380372221792196,0.0578821006008854,0.0592047169023751,0.0,0.0,0.0,0.0,0.0,0.0,0.0,0.9743884724445124
rotoreff30,CurrentOnly-AE-CeNN-494,11067,0.025047469485365,0.03448024752582,0.0350679860180848,0.0,0.0,0.0,0.0,0.0,0.0,0.0,0.7337818045018717
rotoreff30,CurrentOnly-AE-CeNN-494,11068,0.0213841276592524,0.0377346776354147,0.0385842359361818,0.0,0.0,0.0,0.0,0.0,0.0,0.0,0.5523397835315735
rotoreff30,CurrentOnly-AE-CeNN-494,11069,0.0171193883829143,0.0267370633124507,0.0278307162809103,0.0,0.0,0.0,0.0,0.0,0.0,0.0,0.3849853606796671
rotoreff30,CurrentOnly-AE-CeNN-494,11070,0.0282902552030797,0.0389326371153949,0.0405633087276936,0.0,0.0,0.0,0.0,0.0,0.0,0.0,0.8687766647310751
rotoreff30,CurrentOnly-AE-CeNN-494,11071,0.0906917770064088,0.1279736652503063,0.1324626954528285,0.0,0.0,0.0,0.0,0.0,0.0,0.0,0.9950735174565408
rotoreff30,CurrentOnly-AE-CeNN-494,11072,0.0400219648854256,0.0553899122828216,0.0559099343674798,0.0,0.0,0.0,0.0,0.0,0.0,0.0,0.982808251293125
rotoreff30,CurrentOnly-AE-CeNN-494,11073,0.0116546744828299,0.0180401647324359,0.0187765822712154,0.0,0.0,0.0,0.0,0.0,0.0,0.0,0.0682102783483182
rotoreff30,CurrentOnly-AE-CeNN-494,11074,0.0542746190797307,0.0743134838987271,0.0760000485138522,0.0,0.0,0.0,0.0,0.0,0.0,0.0,0.9983284931193503
rotoreff30,CurrentOnly-AE-CeNN-494,11075,0.0444973081003088,0.0651910887927808,0.06777898904936,0.0,0.0,0.0,0.0,0.0,0.0,0.0,0.9990046215165173
rotoreff30,CurrentOnly-AE-CeNN-494,11076,0.0225590404189441,0.0333263915686056,0.0344852429678188,0.0,0.0,0.0,0.0,0.0,0.0,0.0,0.7791400597798586
rotoreff30,CurrentOnly-AE-CeNN-494,11077,0.0734335918636769,0.1057157713127778,0.1121410842492408,0.0,0.0,0.0,0.0,0.0,0.0,0.0,0.9974074661513525
rotoreff30,CurrentOnly-AE-CeNN-494,11078,0.0273180468293204,0.0446086741482543,0.0459438937796657,0.0,0.0,0.0,0.0,0.0,0.0,0.0,0.9204452228323096
rotoreff30,CurrentOnly-AE-CeNN-494,11079,0.0334145850142261,0.0484021177172467,0.0500917499101936,0.0,0.0,0.0,0.0,0.0,0.0,0.0,0.978713120506387
rotoreff30,CurrentOnly-AE-CeNN-494,11080,0.0300595361546905,0.043303013983988,0.0490711515168158,0.0,0.0,0.0,0.0,0.0,0.0,0.0,0.9791339248089828
rotoreff30,CurrentOnly-AE-CeNN-494,11081,0.0499051060777693,0.0698170601940895,0.0726493914744691,0.0,0.0,0.0,0.0,0.0,0.0,0.0,0.9988629840416036
rotoreff30,CurrentOnly-AE-CeNN-494,11082,0.023953562066415,0.0360673294764923,0.0382781400400021,0.0,0.0,0.0,0.0,0.0,0.0,0.0,0.8069103441169323
rotoreff30,CurrentOnly-AE-CeNN-494,11083,0.0366893766978801,0.0516060144818658,0.0539392952633046,0.0,0.0,0.0,0.0,0.0,0.0,0.0,0.9897204328793704
rotoreff30,CurrentOnly-AE-CeNN-494,11084,0.0220673654791359,0.03552065551549,0.0366462092061906,0.0,0.0,0.0,0.0,0.0,0.0,0.0,0.4202425094977747
rotoreff30,CurrentOnly-AE-CeNN-494,11085,0.0586089215300794,0.084007081917606,0.0917567309684264,0.0,0.0,0.0,0.0,0.0,0.0,0.0,0.9995556126102852
rotoreff30,CurrentOnly-AE-CeNN-494,11086,0.0296999796895198,0.0429681224602448,0.0436001610736001,0.0,0.0,0.0,0.0,0.0,0.0,0.0,0.9063936871225352
rotoreff30,CurrentOnly-AE-CeNN-494,11087,0.0166854170634257,0.0260115381884126,0.026686616888799,0.0,0.0,0.0,0.0,0.0,0.0,0.0,0.3746624646874128
rotoreff30,CurrentOnly-AE-CeNN-494,11088,0.0295003312550502,0.0425579258690646,0.0441241467813748,0.0,0.0,0.0,0.0,0.0,0.0,0.0,0.9584506876166796
rotoreff30,CurrentOnly-AE-CeNN-494,11089,0.0273898832827337,0.0468270737424232,0.0480934313150732,0.0,0.0,0.0,0.0,0.0,0.0,0.0,0.8215935537247683
rotoreff30,CurrentOnly-AE-CeNN-494,11090,0.0301473518721316,0.0438309003325445,0.0454161157810777,0.0,0.0,0.0,0.0,0.0,0.0,0.0,0.8337172612403787
rotoreff30,CurrentOnly-AE-CeNN-494,11091,0.060091308513941,0.0931881343972774,0.1045363996576202,0.0,0.0,0.0,0.0,0.0,0.0,0.0,0.9984428056749478
rotoreff30,CurrentOnly-AE-CeNN-494,11092,0.0494071851709933,0.0753037105652914,0.0785088973063452,0.0,0.0,0.0,0.0,0.0,0.0,0.0,0.998838717599276
rotoreff30,CurrentOnly-AE-CeNN-494,11093,0.0176249632903565,0.023502230615028,0.0246452815615759,0.0,0.0,0.0,0.0,0.0,0.0,0.0,0.205638665262066
rotoreff30,CurrentOnly-AE-CeNN-494,11094,0.042084944128535,0.0633809302707111,0.0651289938177882,0.0,0.0,0.0,0.0,0.0,0.0,0.0,0.9982079124195083
rotoreff30,CurrentOnly-AE-CeNN-494,11095,0.0856803650270081,0.1217549511594721,0.125933699114687,0.0,0.0,0.0,0.0,0.0,0.0,0.0,0.9943508125290684
rotoreff30,CurrentOnly-AE-CeNN-494,11096,0.0281949539146118,0.0437583626321116,0.0443815834754716,0.0,0.0,0.0,0.0,0.0,0.0,0.0,0.8868992078911996
rotoreff30,CurrentOnly-AE-CeNN-494,11097,0.0428563356894665,0.0658416116901559,0.0695943562026022,0.0,0.0,0.0,0.0,0.0,0.0,0.0,0.998936012289514
rotoreff30,CurrentOnly-AE-CeNN-494,11098,0.0472347507013591,0.0664984728274012,0.0674713685851276,0.0,0.0,0.0,0.0,0.0,0.0,0.0,0.9998151268593642
rotoreff30,CurrentOnly-AE-CeNN-494,11099,0.0558377503240425,0.0852320349563638,0.0878584585465439,0.0,0.0,0.0,0.0,0.0,0.0,0.0,0.9986381168280746
rotoreff30,I-RiskGovernor-unfiltered,11000,0.0858499189856225,0.1222270274350291,0.124859121616043,0.0,0.0,0.0,0.0,0.0,0.0,0.0,0.9938111911025688
rotoreff30,I-RiskGovernor-unfiltered,11001,0.0217858185025227,0.0319870108654394,0.0326380625276495,0.0,0.0,0.0,0.0,0.0,0.0,0.0,0.7769600362228347
rotoreff30,I-RiskGovernor-unfiltered,11002,0.0268051867726431,0.0411734532433594,0.0428657540390597,0.0,0.0,0.0,0.0,0.0,0.0,0.0,0.9502934873552844
rotoreff30,I-RiskGovernor-unfiltered,11003,0.0402359305379786,0.0639112797733325,0.0657959354261411,0.0,0.0,0.0,0.0,0.0,0.0,0.0,0.9990784128545828
rotoreff30,I-RiskGovernor-unfiltered,11004,0.0111404382347435,0.0161759027273151,0.0218383300420381,0.0,0.0,0.0,0.0,0.0,0.0,0.0,0.0396833071683506
rotoreff30,I-RiskGovernor-unfiltered,11005,0.0799124520876628,0.1158935647904157,0.1200113264011712,0.0,0.0,0.0,0.0,0.0,0.0,0.0,0.9911786512954468
rotoreff30,I-RiskGovernor-unfiltered,11006,0.0314568945283648,0.0523314008973615,0.053445105614256,0.0,0.0,0.0,0.0,0.0,0.0,0.0,0.7969473861958228
rotoreff30,I-RiskGovernor-unfiltered,11007,0.0282727191160991,0.036414261641291,0.0375845871955126,0.0,0.0,0.0,0.0,0.0,0.0,0.0,0.947144717059032
rotoreff30,I-RiskGovernor-unfiltered,11008,0.0329184448499445,0.0467896342757658,0.048216050122023,0.0,0.0,0.0,0.0,0.0,0.0,0.0,0.9976422682386716
rotoreff30,I-RiskGovernor-unfiltered,11009,0.0537955388528859,0.0767512590537904,0.0790794088634662,0.0,0.0,0.0,0.0,0.0,0.0,0.0,0.9995060228855376
rotoreff30,I-RiskGovernor-unfiltered,11010,0.0508565480742203,0.0702808522628241,0.0716177651272439,0.0,0.0,0.0,0.0,0.0,0.0,0.0,0.991420566535432
rotoreff30,I-RiskGovernor-unfiltered,11011,0.0211435795289008,0.0285574549205879,0.0291200080196925,0.0,0.0,0.0,0.0,0.0,0.0,0.0,0.6258668674137776
rotoreff30,I-RiskGovernor-unfiltered,11012,0.0523547816620924,0.0819442026301298,0.0845877950781659,0.0,0.0,0.0,0.0,0.0,0.0,0.0,0.9990547775446268
rotoreff30,I-RiskGovernor-unfiltered,11013,0.0135138961231822,0.0188482910237318,0.0198354340570972,0.0,0.0,0.0,0.0,0.0,0.0,0.0,0.1291731398617868
rotoreff30,I-RiskGovernor-unfiltered,11014,0.0138135707085443,0.0225506625363889,0.0235968678753525,0.0,0.0,0.0,0.0,0.0,0.0,0.0,0.2209044707697852
rotoreff30,I-RiskGovernor-unfiltered,11015,0.0336436237140531,0.0465240616228067,0.0505526906638468,0.0,0.0,0.0,0.0,0.0,0.0,0.0,0.9980876488763444
rotoreff30,I-RiskGovernor-unfiltered,11016,0.0504954416312724,0.0722579042783602,0.0752583304432662,0.0,0.0,0.0,0.0,0.0,0.0,0.0,0.9950542524975514
rotoreff30,I-RiskGovernor-unfiltered,11017,0.0641268023022783,0.1072051322186162,0.1106568078151386,0.0,0.0,0.0,0.0,0.0,0.0,0.0,0.9997781951161924
rotoreff30,I-RiskGovernor-unfiltered,11018,0.046613010526511,0.0743699734407549,0.0762872952813349,0.0,0.0,0.0,0.0,0.0,0.0,0.0,0.9877628531025616
rotoreff30,I-RiskGovernor-unfiltered,11019,0.0091949826248528,0.0135843046951254,0.0178922259290691,0.0,0.0,0.0,0.0,0.0,0.0,0.0,0.0385163537645117
rotoreff30,I-RiskGovernor-unfiltered,11020,0.0763159329783126,0.1152469153276206,0.1226105268522594,0.0,0.0,0.0,0.0,0.0,0.0,0.0,0.99181401078514
rotoreff30,I-RiskGovernor-unfiltered,11021,0.0246980519523953,0.035465061858141,0.0362386453531079,0.0,0.0,0.0,0.0,0.0,0.0,0.0,0.8791105502490795
rotoreff30,I-RiskGovernor-unfiltered,11022,0.0675255754601734,0.0975689347834496,0.100945320497847,0.0,0.0,0.0,0.0,0.0,0.0,0.0,0.9985212088024146
rotoreff30,I-RiskGovernor-unfiltered,11023,0.0292352155189384,0.0460132039694158,0.0483720652284,0.0,0.0,0.0,0.0,0.0,0.0,0.0,0.982199407125736
rotoreff30,I-RiskGovernor-unfiltered,11024,0.0119895776273844,0.0184139614544728,0.0186577457130222,0.0,0.0,0.0,0.0,0.0,0.0,0.0,0.054620014897726
rotoreff30,I-RiskGovernor-unfiltered,11025,0.0455287559011093,0.0651064524094588,0.0669343587597959,0.0,0.0,0.0,0.0,0.0,0.0,0.0,0.9907653874685172
rotoreff30,I-RiskGovernor-unfiltered,11026,0.0140398924425003,0.0187544771507239,0.019056852926804,0.0,0.0,0.0,0.0,0.0,0.0,0.0,0.0703275507714725
rotoreff30,I-RiskGovernor-unfiltered,11027,0.0289936606254333,0.0388069819397219,0.0411221785541366,0.0,0.0,0.0,0.0,0.0,0.0,0.0,0.9742675541312588
rotoreff30,I-RiskGovernor-unfiltered,11028,0.0529749434038106,0.0727786707433565,0.0777833239275776,0.0,0.0,0.0,0.0,0.0,0.0,0.0,0.9972010498012364
rotoreff30,I-RiskGovernor-unfiltered,11029,0.037374180022545,0.0518064741573557,0.0532542436431741,0.0,0.0,0.0,0.0,0.0,0.0,0.0,0.9983181404681462
rotoreff30,I-RiskGovernor-unfiltered,11030,0.0155503720393192,0.0212077969195203,0.0219813653311382,0.0,0.0,0.0,0.0,0.0,0.0,0.0,0.2858774358629357
rotoreff30,I-RiskGovernor-unfiltered,11031,0.0110699992927583,0.0150181169430833,0.0154840540770317,0.0,0.0,0.0,0.0,0.0,0.0,0.0,0.0660622029545063
rotoreff30,I-RiskGovernor-unfiltered,11032,0.0286354008605035,0.0402042863907332,0.0411159168813754,0.0,0.0,0.0,0.0,0.0,0.0,0.0,0.8844417328704569
rotoreff30,I-RiskGovernor-unfiltered,11033,0.042059650326915,0.0604706073913626,0.062086492314561,0.0,0.0,0.0,0.0,0.0,0.0,0.0,0.996996906505583
rotoreff30,I-RiskGovernor-unfiltered,11034,0.0109230016436673,0.0165641230832603,0.0179461384182728,0.0,0.0,0.0,0.0,0.0,0.0,0.0,0.0496186041403668
rotoreff30,I-RiskGovernor-unfiltered,11035,0.0410543302416464,0.0702753469561753,0.0724135647370151,0.0,0.0,0.0,0.0,0.0,0.0,0.0,0.9744444680763752
rotoreff30,I-RiskGovernor-unfiltered,11036,0.0290101509698941,0.044691293819833,0.0464256152901772,0.0,0.0,0.0,0.0,0.0,0.0,0.0,0.9332300785305814
rotoreff30,I-RiskGovernor-unfiltered,11037,0.0412800443458538,0.0585487780308152,0.0632486432678634,0.0,0.0,0.0,0.0,0.0,0.0,0.0,0.9957167115139406
rotoreff30,I-RiskGovernor-unfiltered,11038,0.0174629766690724,0.0293114513728,0.0298638274404383,0.0,0.0,0.0,0.0,0.0,0.0,0.0,0.3546666572997831
rotoreff30,I-RiskGovernor-unfiltered,11039,0.0718826007581742,0.1081021230927562,0.1115787538390181,0.0,0.0,0.0,0.0,0.0,0.0,0.0,0.9971705749215736
rotoreff30,I-RiskGovernor-unfiltered,11040,0.0325040862454967,0.045879913194974,0.0480863068938503,0.0,0.0,0.0,0.0,0.0,0.0,0.0,0.9921376120400583
rotoreff30,I-RiskGovernor-unfiltered,11041,0.030137912405221,0.0442779923328574,0.0454962352269423,0.0,0.0,0.0,0.0,0.0,0.0,0.0,0.8615417114922667
rotoreff30,I-RiskGovernor-unfiltered,11042,0.0332222579392466,0.0461091520139221,0.0511970338305519,0.0,0.0,0.0,0.0,0.0,0.0,0.0,0.9945401839095518
rotoreff30,I-RiskGovernor-unfiltered,11043,0.0740333435340056,0.1073199004997163,0.1094974506629736,0.0,0.0,0.0,0.0,0.0,0.0,0.0,0.996874390675768
rotoreff30,I-RiskGovernor-unfiltered,11044,0.0708142062845405,0.1027250936850357,0.1038526593158021,0.0,0.0,0.0,0.0,0.0,0.0,0.0,0.9980182665970008
rotoreff30,I-RiskGovernor-unfiltered,11045,0.0316264507570512,0.044133480568159,0.0445572018944987,0.0,0.0,0.0,0.0,0.0,0.0,0.0,0.9217884795388048
rotoreff30,I-RiskGovernor-unfiltered,11046,0.020392698552056,0.0264796814108167,0.0278511591516833,0.0,0.0,0.0,0.0,0.0,0.0,0.0,0.6753996692473585
rotoreff30,I-RiskGovernor-unfiltered,11047,0.0328614373573759,0.0470977255974237,0.0484754831679909,0.0,0.0,0.0,0.0,0.0,0.0,0.0,0.952778738118514
rotoreff30,I-RiskGovernor-unfiltered,11048,0.0767244440610564,0.1158417396018039,0.1213834062604965,0.0,0.0,0.0,0.0,0.0,0.0,0.0,0.9957511340049262
rotoreff30,I-RiskGovernor-unfiltered,11049,0.0220866396367529,0.0301408020827042,0.0313897053748148,0.0,0.0,0.0,0.0,0.0,0.0,0.0,0.6241115115613949
rotoreff30,I-RiskGovernor-unfiltered,11050,0.0255948508371753,0.0366988151546123,0.0377420315646824,0.0,0.0,0.0,0.0,0.0,0.0,0.0,0.8248596264330179
rotoreff30,I-RiskGovernor-unfiltered,11051,0.0218491118432443,0.0327240198364097,0.0335410859548074,0.0,0.0,0.0,0.0,0.0,0.0,0.0,0.6253774489216022
rotoreff30,I-RiskGovernor-unfiltered,11052,0.0271336761043154,0.0392975765695995,0.0408568994027053,0.0,0.0,0.0,0.0,0.0,0.0,0.0,0.9284706604682536
rotoreff30,I-RiskGovernor-unfiltered,11053,0.0259736575851795,0.0403832323328366,0.0420374207170736,0.0,0.0,0.0,0.0,0.0,0.0,0.0,0.68138876146871
rotoreff30,I-RiskGovernor-unfiltered,11054,0.0682029766034353,0.0971523020593621,0.0998117159470633,0.0,0.0,0.0,0.0,0.0,0.0,0.0,0.9949504777404587
rotoreff30,I-RiskGovernor-unfiltered,11055,0.0445480498080146,0.067186297821273,0.0692665534125536,0.0,0.0,0.0,0.0,0.0,0.0,0.0,0.996700901733974
rotoreff30,I-RiskGovernor-unfiltered,11056,0.0171683358994486,0.025748827267606,0.0266410439628466,0.0,0.0,0.0,0.0,0.0,0.0,0.0,0.4275538394488434
rotoreff30,I-RiskGovernor-unfiltered,11057,0.0409573511036483,0.0569062983427769,0.058503941178452,0.0,0.0,0.0,0.0,0.0,0.0,0.0,0.9822132530758214
rotoreff30,I-RiskGovernor-unfiltered,11058,0.0584477966517794,0.0811178478726792,0.0838725000460649,0.0,0.0,0.0,0.0,0.0,0.0,0.0,0.9978868121142273
rotoreff30,I-RiskGovernor-unfiltered,11059,0.038492096377551,0.058942294216718,0.0605063054721458,0.0,0.0,0.0,0.0,0.0,0.0,0.0,0.9231367626834012
rotoreff30,I-RiskGovernor-unfiltered,11060,0.0281785456524401,0.0428795633180387,0.0440364007028003,0.0,0.0,0.0,0.0,0.0,0.0,0.0,0.945222966892298
rotoreff30,I-RiskGovernor-unfiltered,11061,0.035364670633885,0.04853474057047,0.0502688466201318,0.0,0.0,0.0,0.0,0.0,0.0,0.0,0.990652425030397
rotoreff30,I-RiskGovernor-unfiltered,11062,0.0187867624959637,0.0285488006774492,0.0301660962280366,0.0,0.0,0.0,0.0,0.0,0.0,0.0,0.5659484031308403
rotoreff30,I-RiskGovernor-unfiltered,11063,0.0208203020208704,0.0323179098620842,0.0337261741376303,0.0,0.0,0.0,0.0,0.0,0.0,0.0,0.7423147708075076
rotoreff30,I-RiskGovernor-unfiltered,11064,0.0219102195741898,0.0291454134722845,0.031222902335259,0.0,0.0,0.0,0.0,0.0,0.0,0.0,0.6605635677505132
rotoreff30,I-RiskGovernor-unfiltered,11065,0.0319980184210825,0.0460609348637887,0.0473720060766598,0.0,0.0,0.0,0.0,0.0,0.0,0.0,0.9867354958417088
rotoreff30,I-RiskGovernor-unfiltered,11066,0.0377873987725746,0.0576564995661437,0.0589833620833246,0.0,0.0,0.0,0.0,0.0,0.0,0.0,0.9727850712263206
rotoreff30,I-RiskGovernor-unfiltered,11067,0.0249216294358365,0.0341062514757881,0.034947616724498,0.0,0.0,0.0,0.0,0.0,0.0,0.0,0.7326696052251084
rotoreff30,I-RiskGovernor-unfiltered,11068,0.0213267807406379,0.0377838074105243,0.0386359342261867,0.0,0.0,0.0,0.0,0.0,0.0,0.0,0.5493563912937268
rotoreff30,I-RiskGovernor-unfiltered,11069,0.0170486934791318,0.0265900002555378,0.0277019082454762,0.0,0.0,0.0,0.0,0.0,0.0,0.0,0.3820174815021311
rotoreff30,I-RiskGovernor-unfiltered,11070,0.0280806143757892,0.038813444934491,0.0404311395442191,0.0,0.0,0.0,0.0,0.0,0.0,0.0,0.8602962032608724
rotoreff30,I-RiskGovernor-unfiltered,11071,0.0904292152984958,0.1274354729819787,0.1320002510976189,0.0,0.0,0.0,0.0,0.0,0.0,0.0,0.9950978189499704
rotoreff30,I-RiskGovernor-unfiltered,11072,0.0397538581953657,0.0548794850393333,0.0555663199904465,0.0,0.0,0.0,0.0,0.0,0.0,0.0,0.9799681257099432
rotoreff30,I-RiskGovernor-unfiltered,11073,0.0116901351458403,0.0182285764363933,0.0189203131151905,0.0,0.0,0.0,0.0,0.0,0.0,0.0,0.0682855048836876
rotoreff30,I-RiskGovernor-unfiltered,11074,0.0540042229431246,0.0739778637354829,0.075719643409615,0.0,0.0,0.0,0.0,0.0,0.0,0.0,0.9981889453765432
rotoreff30,I-RiskGovernor-unfiltered,11075,0.0442476886516265,0.0649883057330214,0.0676025733070238,0.0,0.0,0.0,0.0,0.0,0.0,0.0,0.9990699963832071
rotoreff30,I-RiskGovernor-unfiltered,11076,0.0224253008373166,0.0333578843567236,0.0344923132809823,0.0,0.0,0.0,0.0,0.0,0.0,0.0,0.7713034662709792
rotoreff30,I-RiskGovernor-unfiltered,11077,0.0731005994354418,0.1053238453094733,0.1115102329505913,0.0,0.0,0.0,0.0,0.0,0.0,0.0,0.9974832983301644
rotoreff30,I-RiskGovernor-unfiltered,11078,0.0271631943919708,0.0446233502414573,0.0459377119603116,0.0,0.0,0.0,0.0,0.0,0.0,0.0,0.9171205346508826
rotoreff30,I-RiskGovernor-unfiltered,11079,0.0332677618500981,0.0482224500960477,0.0498910786762726,0.0,0.0,0.0,0.0,0.0,0.0,0.0,0.9761213141631832
rotoreff30,I-RiskGovernor-unfiltered,11080,0.0298490293097756,0.043157462835384,0.0487588807962584,0.0,0.0,0.0,0.0,0.0,0.0,0.0,0.978766338210302
rotoreff30,I-RiskGovernor-unfiltered,11081,0.0496352392215153,0.0696145326152321,0.0724320867580015,0.0,0.0,0.0,0.0,0.0,0.0,0.0,0.998882303084116
rotoreff30,I-RiskGovernor-unfiltered,11082,0.0238244607293615,0.0360249356315419,0.0381390281226771,0.0,0.0,0.0,0.0,0.0,0.0,0.0,0.8024719395075017
rotoreff30,I-RiskGovernor-unfiltered,11083,0.0364878620917437,0.0512242316515698,0.053816297483575,0.0,0.0,0.0,0.0,0.0,0.0,0.0,0.9895564838720216
rotoreff30,I-RiskGovernor-unfiltered,11084,0.0219718064618775,0.0354868551841296,0.0366233328283274,0.0,0.0,0.0,0.0,0.0,0.0,0.0,0.4136610906247118
rotoreff30,I-RiskGovernor-unfiltered,11085,0.0583488408784979,0.083848511131445,0.0911711170221757,0.0,0.0,0.0,0.0,0.0,0.0,0.0,0.999600699286324
rotoreff30,I-RiskGovernor-unfiltered,11086,0.0295455998015742,0.0427949013945047,0.0435218142934387,0.0,0.0,0.0,0.0,0.0,0.0,0.0,0.9049547290114308
rotoreff30,I-RiskGovernor-unfiltered,11087,0.0166861316598462,0.02624412076634,0.0269213501007938,0.0,0.0,0.0,0.0,0.0,0.0,0.0,0.3767664605495591
rotoreff30,I-RiskGovernor-unfiltered,11088,0.029334084235793,0.0424186164210699,0.0440130387068936,0.0,0.0,0.0,0.0,0.0,0.0,0.0,0.9579197260534686
rotoreff30,I-RiskGovernor-unfiltered,11089,0.0272122931031576,0.0467833996339677,0.0480149049971181,0.0,0.0,0.0,0.0,0.0,0.0,0.0,0.8171787185641769
rotoreff30,I-RiskGovernor-unfiltered,11090,0.029977650157894,0.0437892065540923,0.0453135513393793,0.0,0.0,0.0,0.0,0.0,0.0,0.0,0.8301258946740455
rotoreff30,I-RiskGovernor-unfiltered,11091,0.0597964427782716,0.0927695910890822,0.1040108508661697,0.0,0.0,0.0,0.0,0.0,0.0,0.0,0.998403312966704
rotoreff30,I-RiskGovernor-unfiltered,11092,0.049178079070651,0.0750971534281671,0.0782994735629771,0.0,0.0,0.0,0.0,0.0,0.0,0.0,0.9988673387416368
rotoreff30,I-RiskGovernor-unfiltered,11093,0.0176551866534315,0.0236135347564747,0.024771496118704,0.0,0.0,0.0,0.0,0.0,0.0,0.0,0.203573493710795
rotoreff30,I-RiskGovernor-unfiltered,11094,0.04181565649658,0.0629739831834326,0.0646873539654086,0.0,0.0,0.0,0.0,0.0,0.0,0.0,0.9981779804396074
rotoreff30,I-RiskGovernor-unfiltered,11095,0.0854189502766458,0.1215070448005898,0.1254694930928153,0.0,0.0,0.0,0.0,0.0,0.0,0.0,0.9943135050175484
rotoreff30,I-RiskGovernor-unfiltered,11096,0.0280171373791314,0.0436707322766131,0.0442546127556984,0.0,0.0,0.0,0.0,0.0,0.0,0.0,0.8838710325649872
rotoreff30,I-RiskGovernor-unfiltered,11097,0.0426195190357762,0.0655442545781211,0.0691683000758272,0.0,0.0,0.0,0.0,0.0,0.0,0.0,0.9988436397408372
rotoreff30,I-RiskGovernor-unfiltered,11098,0.0469911278343149,0.0661502000237598,0.0671382543084822,0.0,0.0,0.0,0.0,0.0,0.0,0.0,0.9998060205419756
rotoreff30,I-RiskGovernor-unfiltered,11099,0.0555764772364368,0.0850391238537724,0.0876725372158526,0.0,0.0,0.0,0.0,0.0,0.0,0.0,0.9986134585639402
rotoreff30,J-PredictiveProjection,11000,0.0858499189856225,0.1222270274350291,0.124859121616043,0.0,0.0,0.0,0.0,0.0,0.0,0.0,0.9938111911025688
rotoreff30,J-PredictiveProjection,11001,0.0217858185025227,0.0319870108654394,0.0326380625276495,0.0,0.0,0.0,0.0,0.0,0.0,0.0,0.7769600362228347
rotoreff30,J-PredictiveProjection,11002,0.0268051867726431,0.0411734532433594,0.0428657540390597,0.0,0.0,0.0,0.0,0.0,0.0,0.0,0.9502934873552844
rotoreff30,J-PredictiveProjection,11003,0.0402359305379786,0.0639112797733325,0.0657959354261411,0.0,0.0,0.0,0.0,0.0,0.0,0.0,0.9990784128545828
rotoreff30,J-PredictiveProjection,11004,0.0111404382347435,0.0161759027273151,0.0218383300420381,0.0,0.0,0.0,0.0,0.0,0.0,0.0,0.0396833071683506
rotoreff30,J-PredictiveProjection,11005,0.0799124520876628,0.1158935647904157,0.1200113264011712,0.0,0.0,0.0,0.0,0.0,0.0,0.0,0.9911786512954468
rotoreff30,J-PredictiveProjection,11006,0.0314568945283648,0.0523314008973615,0.053445105614256,0.0,0.0,0.0,0.0,0.0,0.0,0.0,0.7969473861958228
rotoreff30,J-PredictiveProjection,11007,0.0282727191160991,0.036414261641291,0.0375845871955126,0.0,0.0,0.0,0.0,0.0,0.0,0.0,0.947144717059032
rotoreff30,J-PredictiveProjection,11008,0.0329184448499445,0.0467896342757658,0.048216050122023,0.0,0.0,0.0,0.0,0.0,0.0,0.0,0.9976422682386716
rotoreff30,J-PredictiveProjection,11009,0.0537955388528859,0.0767512590537904,0.0790794088634662,0.0,0.0,0.0,0.0,0.0,0.0,0.0,0.9995060228855376
rotoreff30,J-PredictiveProjection,11010,0.0508565480742203,0.0702808522628241,0.0716177651272439,0.0,0.0,0.0,0.0,0.0,0.0,0.0,0.991420566535432
rotoreff30,J-PredictiveProjection,11011,0.0211435795289008,0.0285574549205879,0.0291200080196925,0.0,0.0,0.0,0.0,0.0,0.0,0.0,0.6258668674137776
rotoreff30,J-PredictiveProjection,11012,0.0523547816620924,0.0819442026301298,0.0845877950781659,0.0,0.0,0.0,0.0,0.0,0.0,0.0,0.9990547775446268
rotoreff30,J-PredictiveProjection,11013,0.0135138961231822,0.0188482910237318,0.0198354340570972,0.0,0.0,0.0,0.0,0.0,0.0,0.0,0.1291731398617868
rotoreff30,J-PredictiveProjection,11014,0.0138135707085443,0.0225506625363889,0.0235968678753525,0.0,0.0,0.0,0.0,0.0,0.0,0.0,0.2209044707697852
rotoreff30,J-PredictiveProjection,11015,0.0336436237140531,0.0465240616228067,0.0505526906638468,0.0,0.0,0.0,0.0,0.0,0.0,0.0,0.9980876488763444
rotoreff30,J-PredictiveProjection,11016,0.0504954416312724,0.0722579042783602,0.0752583304432662,0.0,0.0,0.0,0.0,0.0,0.0,0.0,0.9950542524975514
rotoreff30,J-PredictiveProjection,11017,0.0641268023022783,0.1072051322186162,0.1106568078151386,0.0,0.0,0.0,0.0,0.0,0.0,0.0,0.9997781951161924
rotoreff30,J-PredictiveProjection,11018,0.046613010526511,0.0743699734407549,0.0762872952813349,0.0,0.0,0.0,0.0,0.0,0.0,0.0,0.9877628531025616
rotoreff30,J-PredictiveProjection,11019,0.0091949826248528,0.0135843046951254,0.0178922259290691,0.0,0.0,0.0,0.0,0.0,0.0,0.0,0.0385163537645117
rotoreff30,J-PredictiveProjection,11020,0.0763159329783126,0.1152469153276206,0.1226105268522594,0.0,0.0,0.0,0.0,0.0,0.0,0.0,0.99181401078514
rotoreff30,J-PredictiveProjection,11021,0.0246980519523953,0.035465061858141,0.0362386453531079,0.0,0.0,0.0,0.0,0.0,0.0,0.0,0.8791105502490795
rotoreff30,J-PredictiveProjection,11022,0.0675255754601734,0.0975689347834496,0.100945320497847,0.0,0.0,0.0,0.0,0.0,0.0,0.0,0.9985212088024146
rotoreff30,J-PredictiveProjection,11023,0.0292352155189384,0.0460132039694158,0.0483720652284,0.0,0.0,0.0,0.0,0.0,0.0,0.0,0.982199407125736
rotoreff30,J-PredictiveProjection,11024,0.0119895776273844,0.0184139614544728,0.0186577457130222,0.0,0.0,0.0,0.0,0.0,0.0,0.0,0.054620014897726
rotoreff30,J-PredictiveProjection,11025,0.0455287559011093,0.0651064524094588,0.0669343587597959,0.0,0.0,0.0,0.0,0.0,0.0,0.0,0.9907653874685172
rotoreff30,J-PredictiveProjection,11026,0.0140398924425003,0.0187544771507239,0.019056852926804,0.0,0.0,0.0,0.0,0.0,0.0,0.0,0.0703275507714725
rotoreff30,J-PredictiveProjection,11027,0.0289936606254333,0.0388069819397219,0.0411221785541366,0.0,0.0,0.0,0.0,0.0,0.0,0.0,0.9742675541312588
rotoreff30,J-PredictiveProjection,11028,0.0529749434038106,0.0727786707433565,0.0777833239275776,0.0,0.0,0.0,0.0,0.0,0.0,0.0,0.9972010498012364
rotoreff30,J-PredictiveProjection,11029,0.037374180022545,0.0518064741573557,0.0532542436431741,0.0,0.0,0.0,0.0,0.0,0.0,0.0,0.9983181404681462
rotoreff30,J-PredictiveProjection,11030,0.0155503720393192,0.0212077969195203,0.0219813653311382,0.0,0.0,0.0,0.0,0.0,0.0,0.0,0.2858774358629357
rotoreff30,J-PredictiveProjection,11031,0.0110699992927583,0.0150181169430833,0.0154840540770317,0.0,0.0,0.0,0.0,0.0,0.0,0.0,0.0660622029545063
rotoreff30,J-PredictiveProjection,11032,0.0286354008605035,0.0402042863907332,0.0411159168813754,0.0,0.0,0.0,0.0,0.0,0.0,0.0,0.8844417328704569
rotoreff30,J-PredictiveProjection,11033,0.042059650326915,0.0604706073913626,0.062086492314561,0.0,0.0,0.0,0.0,0.0,0.0,0.0,0.996996906505583
rotoreff30,J-PredictiveProjection,11034,0.0109230016436673,0.0165641230832603,0.0179461384182728,0.0,0.0,0.0,0.0,0.0,0.0,0.0,0.0496186041403668
rotoreff30,J-PredictiveProjection,11035,0.0410543302416464,0.0702753469561753,0.0724135647370151,0.0,0.0,0.0,0.0,0.0,0.0,0.0,0.9744444680763752
rotoreff30,J-PredictiveProjection,11036,0.0290101509698941,0.044691293819833,0.0464256152901772,0.0,0.0,0.0,0.0,0.0,0.0,0.0,0.9332300785305814
rotoreff30,J-PredictiveProjection,11037,0.0412800443458538,0.0585487780308152,0.0632486432678634,0.0,0.0,0.0,0.0,0.0,0.0,0.0,0.9957167115139406
rotoreff30,J-PredictiveProjection,11038,0.0174629766690724,0.0293114513728,0.0298638274404383,0.0,0.0,0.0,0.0,0.0,0.0,0.0,0.3546666572997831
rotoreff30,J-PredictiveProjection,11039,0.0718826007581742,0.1081021230927562,0.1115787538390181,0.0,0.0,0.0,0.0,0.0,0.0,0.0,0.9971705749215736
rotoreff30,J-PredictiveProjection,11040,0.0325040862454967,0.045879913194974,0.0480863068938503,0.0,0.0,0.0,0.0,0.0,0.0,0.0,0.9921376120400583
rotoreff30,J-PredictiveProjection,11041,0.030137912405221,0.0442779923328574,0.0454962352269423,0.0,0.0,0.0,0.0,0.0,0.0,0.0,0.8615417114922667
rotoreff30,J-PredictiveProjection,11042,0.0332222579392466,0.0461091520139221,0.0511970338305519,0.0,0.0,0.0,0.0,0.0,0.0,0.0,0.9945401839095518
rotoreff30,J-PredictiveProjection,11043,0.0740333435340056,0.1073199004997163,0.1094974506629736,0.0,0.0,0.0,0.0,0.0,0.0,0.0,0.996874390675768
rotoreff30,J-PredictiveProjection,11044,0.0708142062845405,0.1027250936850357,0.1038526593158021,0.0,0.0,0.0,0.0,0.0,0.0,0.0,0.9980182665970008
rotoreff30,J-PredictiveProjection,11045,0.0316264507570512,0.044133480568159,0.0445572018944987,0.0,0.0,0.0,0.0,0.0,0.0,0.0,0.9217884795388048
rotoreff30,J-PredictiveProjection,11046,0.020392698552056,0.0264796814108167,0.0278511591516833,0.0,0.0,0.0,0.0,0.0,0.0,0.0,0.6753996692473585
rotoreff30,J-PredictiveProjection,11047,0.0328614373573759,0.0470977255974237,0.0484754831679909,0.0,0.0,0.0,0.0,0.0,0.0,0.0,0.952778738118514
rotoreff30,J-PredictiveProjection,11048,0.0767244440610564,0.1158417396018039,0.1213834062604965,0.0,0.0,0.0,0.0,0.0,0.0,0.0,0.9957511340049262
rotoreff30,J-PredictiveProjection,11049,0.0220866396367529,0.0301408020827042,0.0313897053748148,0.0,0.0,0.0,0.0,0.0,0.0,0.0,0.6241115115613949
rotoreff30,J-PredictiveProjection,11050,0.0255948508371753,0.0366988151546123,0.0377420315646824,0.0,0.0,0.0,0.0,0.0,0.0,0.0,0.8248596264330179
rotoreff30,J-PredictiveProjection,11051,0.0218491118432443,0.0327240198364097,0.0335410859548074,0.0,0.0,0.0,0.0,0.0,0.0,0.0,0.6253774489216022
rotoreff30,J-PredictiveProjection,11052,0.0271336761043154,0.0392975765695995,0.0408568994027053,0.0,0.0,0.0,0.0,0.0,0.0,0.0,0.9284706604682536
rotoreff30,J-PredictiveProjection,11053,0.0259736575851795,0.0403832323328366,0.0420374207170736,0.0,0.0,0.0,0.0,0.0,0.0,0.0,0.68138876146871
rotoreff30,J-PredictiveProjection,11054,0.0682029766034353,0.0971523020593621,0.0998117159470633,0.0,0.0,0.0,0.0,0.0,0.0,0.0,0.9949504777404587
rotoreff30,J-PredictiveProjection,11055,0.0445480498080146,0.067186297821273,0.0692665534125536,0.0,0.0,0.0,0.0,0.0,0.0,0.0,0.996700901733974
rotoreff30,J-PredictiveProjection,11056,0.0171683358994486,0.025748827267606,0.0266410439628466,0.0,0.0,0.0,0.0,0.0,0.0,0.0,0.4275538394488434
rotoreff30,J-PredictiveProjection,11057,0.0409573511036483,0.0569062983427769,0.058503941178452,0.0,0.0,0.0,0.0,0.0,0.0,0.0,0.9822132530758214
rotoreff30,J-PredictiveProjection,11058,0.0584477966517794,0.0811178478726792,0.0838725000460649,0.0,0.0,0.0,0.0,0.0,0.0,0.0,0.9978868121142273
rotoreff30,J-PredictiveProjection,11059,0.038492096377551,0.058942294216718,0.0605063054721458,0.0,0.0,0.0,0.0,0.0,0.0,0.0,0.9231367626834012
rotoreff30,J-PredictiveProjection,11060,0.0281785456524401,0.0428795633180387,0.0440364007028003,0.0,0.0,0.0,0.0,0.0,0.0,0.0,0.945222966892298
rotoreff30,J-PredictiveProjection,11061,0.035364670633885,0.04853474057047,0.0502688466201318,0.0,0.0,0.0,0.0,0.0,0.0,0.0,0.990652425030397
rotoreff30,J-PredictiveProjection,11062,0.0187867624959637,0.0285488006774492,0.0301660962280366,0.0,0.0,0.0,0.0,0.0,0.0,0.0,0.5659484031308403
rotoreff30,J-PredictiveProjection,11063,0.0208203020208704,0.0323179098620842,0.0337261741376303,0.0,0.0,0.0,0.0,0.0,0.0,0.0,0.7423147708075076
rotoreff30,J-PredictiveProjection,11064,0.0219102195741898,0.0291454134722845,0.031222902335259,0.0,0.0,0.0,0.0,0.0,0.0,0.0,0.6605635677505132
rotoreff30,J-PredictiveProjection,11065,0.0319980184210825,0.0460609348637887,0.0473720060766598,0.0,0.0,0.0,0.0,0.0,0.0,0.0,0.9867354958417088
rotoreff30,J-PredictiveProjection,11066,0.0377873987725746,0.0576564995661437,0.0589833620833246,0.0,0.0,0.0,0.0,0.0,0.0,0.0,0.9727850712263206
rotoreff30,J-PredictiveProjection,11067,0.0249216294358365,0.0341062514757881,0.034947616724498,0.0,0.0,0.0,0.0,0.0,0.0,0.0,0.7326696052251084
rotoreff30,J-PredictiveProjection,11068,0.0213267807406379,0.0377838074105243,0.0386359342261867,0.0,0.0,0.0,0.0,0.0,0.0,0.0,0.5493563912937268
rotoreff30,J-PredictiveProjection,11069,0.0170486934791318,0.0265900002555378,0.0277019082454762,0.0,0.0,0.0,0.0,0.0,0.0,0.0,0.3820174815021311
rotoreff30,J-PredictiveProjection,11070,0.0280806143757892,0.038813444934491,0.0404311395442191,0.0,0.0,0.0,0.0,0.0,0.0,0.0,0.8602962032608724
rotoreff30,J-PredictiveProjection,11071,0.0904292152984958,0.1274354729819787,0.1320002510976189,0.0,0.0,0.0,0.0,0.0,0.0,0.0,0.9950978189499704
rotoreff30,J-PredictiveProjection,11072,0.0397538581953657,0.0548794850393333,0.0555663199904465,0.0,0.0,0.0,0.0,0.0,0.0,0.0,0.9799681257099432
rotoreff30,J-PredictiveProjection,11073,0.0116901351458403,0.0182285764363933,0.0189203131151905,0.0,0.0,0.0,0.0,0.0,0.0,0.0,0.0682855048836876
rotoreff30,J-PredictiveProjection,11074,0.0540042229431246,0.0739778637354829,0.075719643409615,0.0,0.0,0.0,0.0,0.0,0.0,0.0,0.9981889453765432
rotoreff30,J-PredictiveProjection,11075,0.0442476886516265,0.0649883057330214,0.0676025733070238,0.0,0.0,0.0,0.0,0.0,0.0,0.0,0.9990699963832071
rotoreff30,J-PredictiveProjection,11076,0.0224253008373166,0.0333578843567236,0.0344923132809823,0.0,0.0,0.0,0.0,0.0,0.0,0.0,0.7713034662709792
rotoreff30,J-PredictiveProjection,11077,0.0731005994354418,0.1053238453094733,0.1115102329505913,0.0,0.0,0.0,0.0,0.0,0.0,0.0,0.9974832983301644
rotoreff30,J-PredictiveProjection,11078,0.0271631943919708,0.0446233502414573,0.0459377119603116,0.0,0.0,0.0,0.0,0.0,0.0,0.0,0.9171205346508826
rotoreff30,J-PredictiveProjection,11079,0.0332677618500981,0.0482224500960477,0.0498910786762726,0.0,0.0,0.0,0.0,0.0,0.0,0.0,0.9761213141631832
rotoreff30,J-PredictiveProjection,11080,0.0298490293097756,0.043157462835384,0.0487588807962584,0.0,0.0,0.0,0.0,0.0,0.0,0.0,0.978766338210302
rotoreff30,J-PredictiveProjection,11081,0.0496352392215153,0.0696145326152321,0.0724320867580015,0.0,0.0,0.0,0.0,0.0,0.0,0.0,0.998882303084116
rotoreff30,J-PredictiveProjection,11082,0.0238244607293615,0.0360249356315419,0.0381390281226771,0.0,0.0,0.0,0.0,0.0,0.0,0.0,0.8024719395075017
rotoreff30,J-PredictiveProjection,11083,0.0364878620917437,0.0512242316515698,0.053816297483575,0.0,0.0,0.0,0.0,0.0,0.0,0.0,0.9895564838720216
rotoreff30,J-PredictiveProjection,11084,0.0219718064618775,0.0354868551841296,0.0366233328283274,0.0,0.0,0.0,0.0,0.0,0.0,0.0,0.4136610906247118
rotoreff30,J-PredictiveProjection,11085,0.0583488408784979,0.083848511131445,0.0911711170221757,0.0,0.0,0.0,0.0,0.0,0.0,0.0,0.999600699286324
rotoreff30,J-PredictiveProjection,11086,0.0295455998015742,0.0427949013945047,0.0435218142934387,0.0,0.0,0.0,0.0,0.0,0.0,0.0,0.9049547290114308
rotoreff30,J-PredictiveProjection,11087,0.0166861316598462,0.02624412076634,0.0269213501007938,0.0,0.0,0.0,0.0,0.0,0.0,0.0,0.3767664605495591
rotoreff30,J-PredictiveProjection,11088,0.029334084235793,0.0424186164210699,0.0440130387068936,0.0,0.0,0.0,0.0,0.0,0.0,0.0,0.9579197260534686
rotoreff30,J-PredictiveProjection,11089,0.0272122931031576,0.0467833996339677,0.0480149049971181,0.0,0.0,0.0,0.0,0.0,0.0,0.0,0.8171787185641769
rotoreff30,J-PredictiveProjection,11090,0.029977650157894,0.0437892065540923,0.0453135513393793,0.0,0.0,0.0,0.0,0.0,0.0,0.0,0.8301258946740455
rotoreff30,J-PredictiveProjection,11091,0.0597964427782716,0.0927695910890822,0.1040108508661697,0.0,0.0,0.0,0.0,0.0,0.0,0.0,0.998403312966704
rotoreff30,J-PredictiveProjection,11092,0.049178079070651,0.0750971534281671,0.0782994735629771,0.0,0.0,0.0,0.0,0.0,0.0,0.0,0.9988673387416368
rotoreff30,J-PredictiveProjection,11093,0.0176551866534315,0.0236135347564747,0.024771496118704,0.0,0.0,0.0,0.0,0.0,0.0,0.0,0.203573493710795
rotoreff30,J-PredictiveProjection,11094,0.04181565649658,0.0629739831834326,0.0646873539654086,0.0,0.0,0.0,0.0,0.0,0.0,0.0,0.9981779804396074
rotoreff30,J-PredictiveProjection,11095,0.0854189502766458,0.1215070448005898,0.1254694930928153,0.0,0.0,0.0,0.0,0.0,0.0,0.0,0.9943135050175484
rotoreff30,J-PredictiveProjection,11096,0.0280171373791314,0.0436707322766131,0.0442546127556984,0.0,0.0,0.0,0.0,0.0,0.0,0.0,0.8838710325649872
rotoreff30,J-PredictiveProjection,11097,0.0426195190357762,0.0655442545781211,0.0691683000758272,0.0,0.0,0.0,0.0,0.0,0.0,0.0,0.9988436397408372
rotoreff30,J-PredictiveProjection,11098,0.0469911278343149,0.0661502000237598,0.0671382543084822,0.0,0.0,0.0,0.0,0.0,0.0,0.0,0.9998060205419756
rotoreff30,J-PredictiveProjection,11099,0.0555764772364368,0.0850391238537724,0.0876725372158526,0.0,0.0,0.0,0.0,0.0,0.0,0.0,0.9986134585639402
rotoreff30,K-RobustHOCBF-Filter,11000,0.0858499189856225,0.1222270274350291,0.124859121616043,0.0,0.0,0.0,0.0,0.0,0.0,0.0,0.9938111911025688
rotoreff30,K-RobustHOCBF-Filter,11001,0.0217858185025227,0.0319870108654394,0.0326380625276495,0.0,0.0,0.0,0.0,0.0,0.0,0.0,0.7769600362228347
rotoreff30,K-RobustHOCBF-Filter,11002,0.0268051867726431,0.0411734532433594,0.0428657540390597,0.0,0.0,0.0,0.0,0.0,0.0,0.0,0.9502934873552844
rotoreff30,K-RobustHOCBF-Filter,11003,0.0402359305379786,0.0639112797733325,0.0657959354261411,0.0,0.0,0.0,0.0,0.0,0.0,0.0,0.9990784128545828
rotoreff30,K-RobustHOCBF-Filter,11004,0.0111404382347435,0.0161759027273151,0.0218383300420381,0.0,0.0,0.0,0.0,0.0,0.0,0.0,0.0396833071683506
rotoreff30,K-RobustHOCBF-Filter,11005,0.0799124520876628,0.1158935647904157,0.1200113264011712,0.0,0.0,0.0,0.0,0.0,0.0,0.0,0.9911786512954468
rotoreff30,K-RobustHOCBF-Filter,11006,0.0314568945283648,0.0523314008973615,0.053445105614256,0.0,0.0,0.0,0.0,0.0,0.0,0.0,0.7969473861958228
rotoreff30,K-RobustHOCBF-Filter,11007,0.0282727191160991,0.036414261641291,0.0375845871955126,0.0,0.0,0.0,0.0,0.0,0.0,0.0,0.947144717059032
rotoreff30,K-RobustHOCBF-Filter,11008,0.0329184448499445,0.0467896342757658,0.048216050122023,0.0,0.0,0.0,0.0,0.0,0.0,0.0,0.9976422682386716
rotoreff30,K-RobustHOCBF-Filter,11009,0.0537955388528859,0.0767512590537904,0.0790794088634662,0.0,0.0,0.0,0.0,0.0,0.0,0.0,0.9995060228855376
rotoreff30,K-RobustHOCBF-Filter,11010,0.0508565480742203,0.0702808522628241,0.0716177651272439,0.0,0.0,0.0,0.0,0.0,0.0,0.0,0.991420566535432
rotoreff30,K-RobustHOCBF-Filter,11011,0.0211435795289008,0.0285574549205879,0.0291200080196925,0.0,0.0,0.0,0.0,0.0,0.0,0.0,0.6258668674137776
rotoreff30,K-RobustHOCBF-Filter,11012,0.0523547816620924,0.0819442026301298,0.0845877950781659,0.0,0.0,0.0,0.0,0.0,0.0,0.0,0.9990547775446268
rotoreff30,K-RobustHOCBF-Filter,11013,0.0135138961231822,0.0188482910237318,0.0198354340570972,0.0,0.0,0.0,0.0,0.0,0.0,0.0,0.1291731398617868
rotoreff30,K-RobustHOCBF-Filter,11014,0.0138135707085443,0.0225506625363889,0.0235968678753525,0.0,0.0,0.0,0.0,0.0,0.0,0.0,0.2209044707697852
rotoreff30,K-RobustHOCBF-Filter,11015,0.0336436237140531,0.0465240616228067,0.0505526906638468,0.0,0.0,0.0,0.0,0.0,0.0,0.0,0.9980876488763444
rotoreff30,K-RobustHOCBF-Filter,11016,0.0504954416312724,0.0722579042783602,0.0752583304432662,0.0,0.0,0.0,0.0,0.0,0.0,0.0,0.9950542524975514
rotoreff30,K-RobustHOCBF-Filter,11017,0.0641268023022783,0.1072051322186162,0.1106568078151386,0.0,0.0,0.0,0.0,0.0,0.0,0.0,0.9997781951161924
rotoreff30,K-RobustHOCBF-Filter,11018,0.046613010526511,0.0743699734407549,0.0762872952813349,0.0,0.0,0.0,0.0,0.0,0.0,0.0,0.9877628531025616
rotoreff30,K-RobustHOCBF-Filter,11019,0.0091949826248528,0.0135843046951254,0.0178922259290691,0.0,0.0,0.0,0.0,0.0,0.0,0.0,0.0385163537645117
rotoreff30,K-RobustHOCBF-Filter,11020,0.0763159329783126,0.1152469153276206,0.1226105268522594,0.0,0.0,0.0,0.0,0.0,0.0,0.0,0.99181401078514
rotoreff30,K-RobustHOCBF-Filter,11021,0.0246980519523953,0.035465061858141,0.0362386453531079,0.0,0.0,0.0,0.0,0.0,0.0,0.0,0.8791105502490795
rotoreff30,K-RobustHOCBF-Filter,11022,0.0675255754601734,0.0975689347834496,0.100945320497847,0.0,0.0,0.0,0.0,0.0,0.0,0.0,0.9985212088024146
rotoreff30,K-RobustHOCBF-Filter,11023,0.0292352155189384,0.0460132039694158,0.0483720652284,0.0,0.0,0.0,0.0,0.0,0.0,0.0,0.982199407125736
rotoreff30,K-RobustHOCBF-Filter,11024,0.0119895776273844,0.0184139614544728,0.0186577457130222,0.0,0.0,0.0,0.0,0.0,0.0,0.0,0.054620014897726
rotoreff30,K-RobustHOCBF-Filter,11025,0.0455287559011093,0.0651064524094588,0.0669343587597959,0.0,0.0,0.0,0.0,0.0,0.0,0.0,0.9907653874685172
rotoreff30,K-RobustHOCBF-Filter,11026,0.0140398924425003,0.0187544771507239,0.019056852926804,0.0,0.0,0.0,0.0,0.0,0.0,0.0,0.0703275507714725
rotoreff30,K-RobustHOCBF-Filter,11027,0.0289936606254333,0.0388069819397219,0.0411221785541366,0.0,0.0,0.0,0.0,0.0,0.0,0.0,0.9742675541312588
rotoreff30,K-RobustHOCBF-Filter,11028,0.0529749434038106,0.0727786707433565,0.0777833239275776,0.0,0.0,0.0,0.0,0.0,0.0,0.0,0.9972010498012364
rotoreff30,K-RobustHOCBF-Filter,11029,0.037374180022545,0.0518064741573557,0.0532542436431741,0.0,0.0,0.0,0.0,0.0,0.0,0.0,0.9983181404681462
rotoreff30,K-RobustHOCBF-Filter,11030,0.0155503720393192,0.0212077969195203,0.0219813653311382,0.0,0.0,0.0,0.0,0.0,0.0,0.0,0.2858774358629357
rotoreff30,K-RobustHOCBF-Filter,11031,0.0110699992927583,0.0150181169430833,0.0154840540770317,0.0,0.0,0.0,0.0,0.0,0.0,0.0,0.0660622029545063
rotoreff30,K-RobustHOCBF-Filter,11032,0.0286354008605035,0.0402042863907332,0.0411159168813754,0.0,0.0,0.0,0.0,0.0,0.0,0.0,0.8844417328704569
rotoreff30,K-RobustHOCBF-Filter,11033,0.042059650326915,0.0604706073913626,0.062086492314561,0.0,0.0,0.0,0.0,0.0,0.0,0.0,0.996996906505583
rotoreff30,K-RobustHOCBF-Filter,11034,0.0109230016436673,0.0165641230832603,0.0179461384182728,0.0,0.0,0.0,0.0,0.0,0.0,0.0,0.0496186041403668
rotoreff30,K-RobustHOCBF-Filter,11035,0.0410543302416464,0.0702753469561753,0.0724135647370151,0.0,0.0,0.0,0.0,0.0,0.0,0.0,0.9744444680763752
rotoreff30,K-RobustHOCBF-Filter,11036,0.0290101509698941,0.044691293819833,0.0464256152901772,0.0,0.0,0.0,0.0,0.0,0.0,0.0,0.9332300785305814
rotoreff30,K-RobustHOCBF-Filter,11037,0.0412800443458538,0.0585487780308152,0.0632486432678634,0.0,0.0,0.0,0.0,0.0,0.0,0.0,0.9957167115139406
rotoreff30,K-RobustHOCBF-Filter,11038,0.0174629766690724,0.0293114513728,0.0298638274404383,0.0,0.0,0.0,0.0,0.0,0.0,0.0,0.3546666572997831
rotoreff30,K-RobustHOCBF-Filter,11039,0.0718826007581742,0.1081021230927562,0.1115787538390181,0.0,0.0,0.0,0.0,0.0,0.0,0.0,0.9971705749215736
rotoreff30,K-RobustHOCBF-Filter,11040,0.0325040862454967,0.045879913194974,0.0480863068938503,0.0,0.0,0.0,0.0,0.0,0.0,0.0,0.9921376120400583
rotoreff30,K-RobustHOCBF-Filter,11041,0.030137912405221,0.0442779923328574,0.0454962352269423,0.0,0.0,0.0,0.0,0.0,0.0,0.0,0.8615417114922667
rotoreff30,K-RobustHOCBF-Filter,11042,0.0332222579392466,0.0461091520139221,0.0511970338305519,0.0,0.0,0.0,0.0,0.0,0.0,0.0,0.9945401839095518
rotoreff30,K-RobustHOCBF-Filter,11043,0.0740333435340056,0.1073199004997163,0.1094974506629736,0.0,0.0,0.0,0.0,0.0,0.0,0.0,0.996874390675768
rotoreff30,K-RobustHOCBF-Filter,11044,0.0708142062845405,0.1027250936850357,0.1038526593158021,0.0,0.0,0.0,0.0,0.0,0.0,0.0,0.9980182665970008
rotoreff30,K-RobustHOCBF-Filter,11045,0.0316264507570512,0.044133480568159,0.0445572018944987,0.0,0.0,0.0,0.0,0.0,0.0,0.0,0.9217884795388048
rotoreff30,K-RobustHOCBF-Filter,11046,0.020392698552056,0.0264796814108167,0.0278511591516833,0.0,0.0,0.0,0.0,0.0,0.0,0.0,0.6753996692473585
rotoreff30,K-RobustHOCBF-Filter,11047,0.0328614373573759,0.0470977255974237,0.0484754831679909,0.0,0.0,0.0,0.0,0.0,0.0,0.0,0.952778738118514
rotoreff30,K-RobustHOCBF-Filter,11048,0.0767244440610564,0.1158417396018039,0.1213834062604965,0.0,0.0,0.0,0.0,0.0,0.0,0.0,0.9957511340049262
rotoreff30,K-RobustHOCBF-Filter,11049,0.0220866396367529,0.0301408020827042,0.0313897053748148,0.0,0.0,0.0,0.0,0.0,0.0,0.0,0.6241115115613949
rotoreff30,K-RobustHOCBF-Filter,11050,0.0255948508371753,0.0366988151546123,0.0377420315646824,0.0,0.0,0.0,0.0,0.0,0.0,0.0,0.8248596264330179
rotoreff30,K-RobustHOCBF-Filter,11051,0.0218491118432443,0.0327240198364097,0.0335410859548074,0.0,0.0,0.0,0.0,0.0,0.0,0.0,0.6253774489216022
rotoreff30,K-RobustHOCBF-Filter,11052,0.0271336761043154,0.0392975765695995,0.0408568994027053,0.0,0.0,0.0,0.0,0.0,0.0,0.0,0.9284706604682536
rotoreff30,K-RobustHOCBF-Filter,11053,0.0259736575851795,0.0403832323328366,0.0420374207170736,0.0,0.0,0.0,0.0,0.0,0.0,0.0,0.68138876146871
rotoreff30,K-RobustHOCBF-Filter,11054,0.0682029766034353,0.0971523020593621,0.0998117159470633,0.0,0.0,0.0,0.0,0.0,0.0,0.0,0.9949504777404587
rotoreff30,K-RobustHOCBF-Filter,11055,0.0445480498080146,0.067186297821273,0.0692665534125536,0.0,0.0,0.0,0.0,0.0,0.0,0.0,0.996700901733974
rotoreff30,K-RobustHOCBF-Filter,11056,0.0171683358994486,0.025748827267606,0.0266410439628466,0.0,0.0,0.0,0.0,0.0,0.0,0.0,0.4275538394488434
rotoreff30,K-RobustHOCBF-Filter,11057,0.0409573511036483,0.0569062983427769,0.058503941178452,0.0,0.0,0.0,0.0,0.0,0.0,0.0,0.9822132530758214
rotoreff30,K-RobustHOCBF-Filter,11058,0.0584477966517794,0.0811178478726792,0.0838725000460649,0.0,0.0,0.0,0.0,0.0,0.0,0.0,0.9978868121142273
rotoreff30,K-RobustHOCBF-Filter,11059,0.038492096377551,0.058942294216718,0.0605063054721458,0.0,0.0,0.0,0.0,0.0,0.0,0.0,0.9231367626834012
rotoreff30,K-RobustHOCBF-Filter,11060,0.0281785456524401,0.0428795633180387,0.0440364007028003,0.0,0.0,0.0,0.0,0.0,0.0,0.0,0.945222966892298
rotoreff30,K-RobustHOCBF-Filter,11061,0.035364670633885,0.04853474057047,0.0502688466201318,0.0,0.0,0.0,0.0,0.0,0.0,0.0,0.990652425030397
rotoreff30,K-RobustHOCBF-Filter,11062,0.0187867624959637,0.0285488006774492,0.0301660962280366,0.0,0.0,0.0,0.0,0.0,0.0,0.0,0.5659484031308403
rotoreff30,K-RobustHOCBF-Filter,11063,0.0208203020208704,0.0323179098620842,0.0337261741376303,0.0,0.0,0.0,0.0,0.0,0.0,0.0,0.7423147708075076
rotoreff30,K-RobustHOCBF-Filter,11064,0.0219102195741898,0.0291454134722845,0.031222902335259,0.0,0.0,0.0,0.0,0.0,0.0,0.0,0.6605635677505132
rotoreff30,K-RobustHOCBF-Filter,11065,0.0319980184210825,0.0460609348637887,0.0473720060766598,0.0,0.0,0.0,0.0,0.0,0.0,0.0,0.9867354958417088
rotoreff30,K-RobustHOCBF-Filter,11066,0.0377873987725746,0.0576564995661437,0.0589833620833246,0.0,0.0,0.0,0.0,0.0,0.0,0.0,0.9727850712263206
rotoreff30,K-RobustHOCBF-Filter,11067,0.0249216294358365,0.0341062514757881,0.034947616724498,0.0,0.0,0.0,0.0,0.0,0.0,0.0,0.7326696052251084
rotoreff30,K-RobustHOCBF-Filter,11068,0.0213267807406379,0.0377838074105243,0.0386359342261867,0.0,0.0,0.0,0.0,0.0,0.0,0.0,0.5493563912937268
rotoreff30,K-RobustHOCBF-Filter,11069,0.0170486934791318,0.0265900002555378,0.0277019082454762,0.0,0.0,0.0,0.0,0.0,0.0,0.0,0.3820174815021311
rotoreff30,K-RobustHOCBF-Filter,11070,0.0280806143757892,0.038813444934491,0.0404311395442191,0.0,0.0,0.0,0.0,0.0,0.0,0.0,0.8602962032608724
rotoreff30,K-RobustHOCBF-Filter,11071,0.0904292152984958,0.1274354729819787,0.1320002510976189,0.0,0.0,0.0,0.0,0.0,0.0,0.0,0.9950978189499704
rotoreff30,K-RobustHOCBF-Filter,11072,0.0397538581953657,0.0548794850393333,0.0555663199904465,0.0,0.0,0.0,0.0,0.0,0.0,0.0,0.9799681257099432
rotoreff30,K-RobustHOCBF-Filter,11073,0.0116901351458403,0.0182285764363933,0.0189203131151905,0.0,0.0,0.0,0.0,0.0,0.0,0.0,0.0682855048836876
rotoreff30,K-RobustHOCBF-Filter,11074,0.0540042229431246,0.0739778637354829,0.075719643409615,0.0,0.0,0.0,0.0,0.0,0.0,0.0,0.9981889453765432
rotoreff30,K-RobustHOCBF-Filter,11075,0.0442476886516265,0.0649883057330214,0.0676025733070238,0.0,0.0,0.0,0.0,0.0,0.0,0.0,0.9990699963832071
rotoreff30,K-RobustHOCBF-Filter,11076,0.0224253008373166,0.0333578843567236,0.0344923132809823,0.0,0.0,0.0,0.0,0.0,0.0,0.0,0.7713034662709792
rotoreff30,K-RobustHOCBF-Filter,11077,0.0731005994354418,0.1053238453094733,0.1115102329505913,0.0,0.0,0.0,0.0,0.0,0.0,0.0,0.9974832983301644
rotoreff30,K-RobustHOCBF-Filter,11078,0.0271631943919708,0.0446233502414573,0.0459377119603116,0.0,0.0,0.0,0.0,0.0,0.0,0.0,0.9171205346508826
rotoreff30,K-RobustHOCBF-Filter,11079,0.0332677618500981,0.0482224500960477,0.0498910786762726,0.0,0.0,0.0,0.0,0.0,0.0,0.0,0.9761213141631832
rotoreff30,K-RobustHOCBF-Filter,11080,0.0298490293097756,0.043157462835384,0.0487588807962584,0.0,0.0,0.0,0.0,0.0,0.0,0.0,0.978766338210302
rotoreff30,K-RobustHOCBF-Filter,11081,0.0496352392215153,0.0696145326152321,0.0724320867580015,0.0,0.0,0.0,0.0,0.0,0.0,0.0,0.998882303084116
rotoreff30,K-RobustHOCBF-Filter,11082,0.0238244607293615,0.0360249356315419,0.0381390281226771,0.0,0.0,0.0,0.0,0.0,0.0,0.0,0.8024719395075017
rotoreff30,K-RobustHOCBF-Filter,11083,0.0364878620917437,0.0512242316515698,0.053816297483575,0.0,0.0,0.0,0.0,0.0,0.0,0.0,0.9895564838720216
rotoreff30,K-RobustHOCBF-Filter,11084,0.0219718064618775,0.0354868551841296,0.0366233328283274,0.0,0.0,0.0,0.0,0.0,0.0,0.0,0.4136610906247118
rotoreff30,K-RobustHOCBF-Filter,11085,0.0583488408784979,0.083848511131445,0.0911711170221757,0.0,0.0,0.0,0.0,0.0,0.0,0.0,0.999600699286324
rotoreff30,K-RobustHOCBF-Filter,11086,0.0295455998015742,0.0427949013945047,0.0435218142934387,0.0,0.0,0.0,0.0,0.0,0.0,0.0,0.9049547290114308
rotoreff30,K-RobustHOCBF-Filter,11087,0.0166861316598462,0.02624412076634,0.0269213501007938,0.0,0.0,0.0,0.0,0.0,0.0,0.0,0.3767664605495591
rotoreff30,K-RobustHOCBF-Filter,11088,0.029334084235793,0.0424186164210699,0.0440130387068936,0.0,0.0,0.0,0.0,0.0,0.0,0.0,0.9579197260534686
rotoreff30,K-RobustHOCBF-Filter,11089,0.0272122931031576,0.0467833996339677,0.0480149049971181,0.0,0.0,0.0,0.0,0.0,0.0,0.0,0.8171787185641769
rotoreff30,K-RobustHOCBF-Filter,11090,0.029977650157894,0.0437892065540923,0.0453135513393793,0.0,0.0,0.0,0.0,0.0,0.0,0.0,0.8301258946740455
rotoreff30,K-RobustHOCBF-Filter,11091,0.0597964427782716,0.0927695910890822,0.1040108508661697,0.0,0.0,0.0,0.0,0.0,0.0,0.0,0.998403312966704
rotoreff30,K-RobustHOCBF-Filter,11092,0.049178079070651,0.0750971534281671,0.0782994735629771,0.0,0.0,0.0,0.0,0.0,0.0,0.0,0.9988673387416368
rotoreff30,K-RobustHOCBF-Filter,11093,0.0176551866534315,0.0236135347564747,0.024771496118704,0.0,0.0,0.0,0.0,0.0,0.0,0.0,0.203573493710795
rotoreff30,K-RobustHOCBF-Filter,11094,0.04181565649658,0.0629739831834326,0.0646873539654086,0.0,0.0,0.0,0.0,0.0,0.0,0.0,0.9981779804396074
rotoreff30,K-RobustHOCBF-Filter,11095,0.0854189502766458,0.1215070448005898,0.1254694930928153,0.0,0.0,0.0,0.0,0.0,0.0,0.0,0.9943135050175484
rotoreff30,K-RobustHOCBF-Filter,11096,0.0280171373791314,0.0436707322766131,0.0442546127556984,0.0,0.0,0.0,0.0,0.0,0.0,0.0,0.8838710325649872
rotoreff30,K-RobustHOCBF-Filter,11097,0.0426195190357762,0.0655442545781211,0.0691683000758272,0.0,0.0,0.0,0.0,0.0,0.0,0.0,0.9988436397408372
rotoreff30,K-RobustHOCBF-Filter,11098,0.0469911278343149,0.0661502000237598,0.0671382543084822,0.0,0.0,0.0,0.0,0.0,0.0,0.0,0.9998060205419756
rotoreff30,K-RobustHOCBF-Filter,11099,0.0555764772364368,0.0850391238537724,0.0876725372158526,0.0,0.0,0.0,0.0,0.0,0.0,0.0,0.9986134585639402
