Scenario,Controller,SeedIndex,rmse_m,p95_error_m,max_error_m,excursion_gt0p5_pct,excursion_gt1m_pct,saturation_pct,projection_active_pct,projection_infeasible_pct,projection_correction_mean,I_authority_scale_mean
wind3_proposal_impulse,Nominal-Geo,9200,0.1595108614245085,0.1809939515186354,0.1857597347946176,0.0,0.0,0.0,0.0,0.0,0.0,0.9993685285774454
wind3_proposal_impulse,Nominal-Geo,9201,0.1739552477894336,0.2096709378308742,0.2164240055351785,0.0,0.0,0.0,0.0,0.0,0.0,0.9985951675489628
wind3_proposal_impulse,Nominal-Geo,9202,0.1872910573555436,0.2218566636810739,0.2265614661355588,0.0,0.0,0.0,0.0,0.0,0.0,0.9971146743209138
wind3_proposal_impulse,Nominal-Geo,9203,0.1675939413444284,0.2449629158324118,0.253425583384763,0.0,0.0,0.0,0.0,0.0,0.0,0.9975879664585178
wind3_proposal_impulse,Nominal-Geo,9204,0.1818826826156429,0.2163244188664789,0.2259678528477712,0.0,0.0,0.0,0.0,0.0,0.0,0.9924228396601816
wind3_proposal_impulse,Nominal-Geo,9205,0.1604610714581934,0.2113083509386609,0.2159339446300018,0.0,0.0,0.0,0.0,0.0,0.0,0.9980966895506544
wind3_proposal_impulse,Nominal-Geo,9206,0.1621841148859674,0.1855237421926374,0.1923075180410253,0.0,0.0,0.0,0.0,0.0,0.0,0.9970220281742634
wind3_proposal_impulse,Nominal-Geo,9207,0.1732494884962375,0.2199874063008125,0.2293046825307647,0.0,0.0,0.0,0.0,0.0,0.0,0.9943709687536458
wind3_proposal_impulse,Nominal-Geo,9208,0.167677874147128,0.2079618423462132,0.2116648445595211,0.0,0.0,0.0,0.0,0.0,0.0,0.994689614801358
wind3_proposal_impulse,Nominal-Geo,9209,0.1704437075908002,0.2186292896672194,0.224637673455245,0.0,0.0,0.0,0.0,0.0,0.0,0.9966804229402024
wind3_proposal_impulse,Nominal-Geo,9210,0.1808116560427113,0.2046179968891891,0.2064663189948925,0.0,0.0,0.0,0.0,0.0,0.0,0.9988620177477334
wind3_proposal_impulse,Nominal-Geo,9211,0.1502222521170952,0.1883617747040499,0.1917881229667075,0.0,0.0,0.0,0.0,0.0,0.0,0.99990577933955
wind3_proposal_impulse,Nominal-Geo,9212,0.1759910689207261,0.2046293546703512,0.2086158271829915,0.0,0.0,0.0,0.0,0.0,0.0,0.9952411875021484
wind3_proposal_impulse,Nominal-Geo,9213,0.1693565614836735,0.204741151638502,0.2082783624327859,0.0,0.0,0.0,0.0,0.0,0.0,0.9969723250213344
wind3_proposal_impulse,Nominal-Geo,9214,0.1835950417425458,0.2323714402065977,0.2359106556519042,0.0,0.0,0.0,0.0,0.0,0.0,0.9948740530804916
wind3_proposal_impulse,Nominal-Geo,9215,0.1787313529700286,0.2143234440385311,0.2211825998971501,0.0,0.0,0.0,0.0,0.0,0.0,0.9988226407746176
wind3_proposal_impulse,Nominal-Geo,9216,0.1553053084432724,0.2018252349938063,0.2139560271241412,0.0,0.0,0.0,0.0,0.0,0.0,0.9972153897374324
wind3_proposal_impulse,Nominal-Geo,9217,0.1743658003122864,0.213279075993902,0.2237218188407766,0.0,0.0,0.0,0.0,0.0,0.0,0.9962633438659796
wind3_proposal_impulse,Nominal-Geo,9218,0.1775893185583031,0.2163034543687452,0.2232494217693323,0.0,0.0,0.0,0.0,0.0,0.0,0.9978232629861036
wind3_proposal_impulse,Nominal-Geo,9219,0.1823324076762275,0.2314147785014346,0.2366377768590912,0.0,0.0,0.0,0.0,0.0,0.0,0.997848725898126
wind3_proposal_impulse,Nominal-Geo,9220,0.1732626002403318,0.2228270503569251,0.237500609016112,0.0,0.0,0.0,0.0,0.0,0.0,0.9991513558162964
wind3_proposal_impulse,Nominal-Geo,9221,0.1583073048096391,0.1880296535075282,0.190907901291022,0.0,0.0,0.0,0.0,0.0,0.0,0.99859641531381
wind3_proposal_impulse,Nominal-Geo,9222,0.1712984448755701,0.2322601972529325,0.2378381433005518,0.0,0.0,0.0,0.0,0.0,0.0,0.9957971265581697
wind3_proposal_impulse,Nominal-Geo,9223,0.1728821475601452,0.2153550228347482,0.2177442590607861,0.0,0.0,0.0,0.0,0.0,0.0,0.9928870126965031
wind3_proposal_impulse,Nominal-Geo,9224,0.1858980938471214,0.2105591179744468,0.2125672181160801,0.0,0.0,0.0,0.0,0.0,0.0,0.9926479990633568
wind3_proposal_impulse,Nominal-Geo,9225,0.1711745689563253,0.1999664010842539,0.2015470493037325,0.0,0.0,0.0,0.0,0.0,0.0,0.9973224143839392
wind3_proposal_impulse,Nominal-Geo,9226,0.1857792872491227,0.2713484947191424,0.2778678932722822,0.0,0.0,0.0,0.0,0.0,0.0,0.994257553045774
wind3_proposal_impulse,Nominal-Geo,9227,0.1531876447346208,0.1963237658226326,0.2011602731055572,0.0,0.0,0.0,0.0,0.0,0.0,0.999568427181036
wind3_proposal_impulse,Nominal-Geo,9228,0.1683731301837033,0.2096509523399345,0.2165761730277613,0.0,0.0,0.0,0.0,0.0,0.0,0.9984110655526964
wind3_proposal_impulse,Nominal-Geo,9229,0.1845647331647698,0.2242899659997065,0.2444217061531856,0.0,0.0,0.0,0.0,0.0,0.0,0.9896835504745494
wind3_proposal_impulse,Nominal-Geo,9230,0.1701795073638224,0.199445971657589,0.2055368900790881,0.0,0.0,0.0,0.0,0.0,0.0,0.9947287287770472
wind3_proposal_impulse,Nominal-Geo,9231,0.1652199223239144,0.1874285178605287,0.1917315268539914,0.0,0.0,0.0,0.0,0.0,0.0,0.9994262643584376
wind3_proposal_impulse,Nominal-Geo,9232,0.1446438326582966,0.1933033092157287,0.199090626126527,0.0,0.0,0.0,0.0,0.0,0.0,0.999930143764081
wind3_proposal_impulse,Nominal-Geo,9233,0.1730115025329583,0.2021790245615002,0.2045283957606644,0.0,0.0,0.0,0.0,0.0,0.0,0.9985304503073194
wind3_proposal_impulse,Nominal-Geo,9234,0.1609336467750274,0.2016326704410474,0.2125041326530436,0.0,0.0,0.0,0.0,0.0,0.0,0.9969180825153896
wind3_proposal_impulse,Nominal-Geo,9235,0.1786366883796341,0.2228705407594918,0.2298148715969388,0.0,0.0,0.0,0.0,0.0,0.0,0.9990438396935334
wind3_proposal_impulse,Nominal-Geo,9236,0.1762880127749051,0.2033477160086146,0.2104620090859698,0.0,0.0,0.0,0.0,0.0,0.0,0.9930630905522656
wind3_proposal_impulse,Nominal-Geo,9237,0.1753252507689192,0.218354216861934,0.2221601623297539,0.0,0.0,0.0,0.0,0.0,0.0,0.9988587597447296
wind3_proposal_impulse,Nominal-Geo,9238,0.1822580920933395,0.2204827340068985,0.2306355314091939,0.0,0.0,0.0,0.0,0.0,0.0,0.9942119628669072
wind3_proposal_impulse,Nominal-Geo,9239,0.1582011939267522,0.1800581107696686,0.1870011645153701,0.0,0.0,0.0,0.0,0.0,0.0,0.996457403458333
wind3_proposal_impulse,Nominal-Geo,9240,0.1674795892268991,0.1911144708873707,0.1934025526073557,0.0,0.0,0.0,0.0,0.0,0.0,0.9973020874823384
wind3_proposal_impulse,Nominal-Geo,9241,0.1733422472730205,0.2192485923228007,0.2266171692588984,0.0,0.0,0.0,0.0,0.0,0.0,0.9959823909153916
wind3_proposal_impulse,Nominal-Geo,9242,0.1771866911277573,0.2044153553324189,0.2136358785534241,0.0,0.0,0.0,0.0,0.0,0.0,0.9941695921080432
wind3_proposal_impulse,Nominal-Geo,9243,0.1633446062330321,0.2109204030665044,0.2167799866932351,0.0,0.0,0.0,0.0,0.0,0.0,0.9966377051916088
wind3_proposal_impulse,Nominal-Geo,9244,0.176515060025433,0.2175361530374439,0.2270448581982063,0.0,0.0,0.0,0.0,0.0,0.0,0.9959296073700532
wind3_proposal_impulse,Nominal-Geo,9245,0.1714902509142279,0.2118453863113471,0.2162436489486734,0.0,0.0,0.0,0.0,0.0,0.0,0.9901339430493584
wind3_proposal_impulse,Nominal-Geo,9246,0.1752929626782684,0.212040080779188,0.2154113397275758,0.0,0.0,0.0,0.0,0.0,0.0,0.9983327948200948
wind3_proposal_impulse,Nominal-Geo,9247,0.1674985288141152,0.2206449002367451,0.2286032909644443,0.0,0.0,0.0,0.0,0.0,0.0,0.9986773185344792
wind3_proposal_impulse,Nominal-Geo,9248,0.1471974625267574,0.1783860387362906,0.1814056587339933,0.0,0.0,0.0,0.0,0.0,0.0,0.9997100418765864
wind3_proposal_impulse,Nominal-Geo,9249,0.1523211309903299,0.1935160470007117,0.1972939024421445,0.0,0.0,0.0,0.0,0.0,0.0,0.9999896478358464
wind3_proposal_impulse,Nominal-Geo,9250,0.1812217257749093,0.2401754782852609,0.2459306458613628,0.0,0.0,0.0,0.0,0.0,0.0,0.9975089970200004
wind3_proposal_impulse,Nominal-Geo,9251,0.1576270941280264,0.1903329883560311,0.1956719725619052,0.0,0.0,0.0,0.0,0.0,0.0,0.999975112954971
wind3_proposal_impulse,Nominal-Geo,9252,0.1643962911730003,0.1941295073328145,0.1958275282420686,0.0,0.0,0.0,0.0,0.0,0.0,0.9994786741996172
wind3_proposal_impulse,Nominal-Geo,9253,0.1628869173996427,0.1944535045605702,0.2011967158426524,0.0,0.0,0.0,0.0,0.0,0.0,0.9999513948260764
wind3_proposal_impulse,Nominal-Geo,9254,0.1813012582473205,0.2524983547773444,0.2603257823880795,0.0,0.0,0.0,0.0,0.0,0.0,0.9955500404029832
wind3_proposal_impulse,Nominal-Geo,9255,0.1681678108140702,0.1964135636312058,0.2043507368946011,0.0,0.0,0.0,0.0,0.0,0.0,0.9956441898210232
wind3_proposal_impulse,Nominal-Geo,9256,0.1816068533272137,0.2224838023971894,0.229856598687526,0.0,0.0,0.0,0.0,0.0,0.0,0.99552282198473
wind3_proposal_impulse,Nominal-Geo,9257,0.1629188486574891,0.196955658407559,0.198751273570365,0.0,0.0,0.0,0.0,0.0,0.0,0.9998800428009864
wind3_proposal_impulse,Nominal-Geo,9258,0.1722498861160772,0.2051167426312124,0.2068854005445965,0.0,0.0,0.0,0.0,0.0,0.0,0.9973747021945744
wind3_proposal_impulse,Nominal-Geo,9259,0.1764380528776468,0.1926488955495057,0.1993269716357801,0.0,0.0,0.0,0.0,0.0,0.0,0.992323173749574
wind3_proposal_impulse,Nominal-Geo,9260,0.1612559487280502,0.2169882632176853,0.2264384762315099,0.0,0.0,0.0,0.0,0.0,0.0,0.9979816758829428
wind3_proposal_impulse,Nominal-Geo,9261,0.1591420129129476,0.1808072945254697,0.1859193752786409,0.0,0.0,0.0,0.0,0.0,0.0,0.998478233560354
wind3_proposal_impulse,Nominal-Geo,9262,0.170304732702508,0.1984547242786843,0.2022056577451131,0.0,0.0,0.0,0.0,0.0,0.0,0.9997851378868284
wind3_proposal_impulse,Nominal-Geo,9263,0.1871597060839278,0.257439999533413,0.2638227865357161,0.0,0.0,0.0,0.0,0.0,0.0,0.996917866884642
wind3_proposal_impulse,Nominal-Geo,9264,0.1802237135794705,0.2296188413337284,0.2352533492699248,0.0,0.0,0.0,0.0,0.0,0.0,0.9920905117961192
wind3_proposal_impulse,Nominal-Geo,9265,0.1502248459653538,0.1832710529286341,0.1873399668522033,0.0,0.0,0.0,0.0,0.0,0.0,0.999930776382532
wind3_proposal_impulse,Nominal-Geo,9266,0.1667327206997906,0.1886126519621821,0.1958620364188445,0.0,0.0,0.0,0.0,0.0,0.0,0.9996860799336276
wind3_proposal_impulse,Nominal-Geo,9267,0.1565110286866424,0.1966280729344197,0.2013884373745116,0.0,0.0,0.0,0.0,0.0,0.0,0.9968765531648974
wind3_proposal_impulse,Nominal-Geo,9268,0.1672475995645294,0.2188058000020045,0.2315409620295848,0.0,0.0,0.0,0.0,0.0,0.0,0.9989502942370786
wind3_proposal_impulse,Nominal-Geo,9269,0.1470533743368425,0.1837199805965514,0.1894358665075413,0.0,0.0,0.0,0.0,0.0,0.0,0.9999959843325218
wind3_proposal_impulse,Nominal-Geo,9270,0.1787187338911419,0.2320412312136291,0.2443312252279575,0.0,0.0,0.0,0.0,0.0,0.0,0.993400064674082
wind3_proposal_impulse,Nominal-Geo,9271,0.1640924933552973,0.2027879730303304,0.2055107750329237,0.0,0.0,0.0,0.0,0.0,0.0,0.9998262783956092
wind3_proposal_impulse,Nominal-Geo,9272,0.1600329562932717,0.2072651920034034,0.2157286013768283,0.0,0.0,0.0,0.0,0.0,0.0,0.9993011950616664
wind3_proposal_impulse,Nominal-Geo,9273,0.1881989215766662,0.2304846367074708,0.243777978286862,0.0,0.0,0.0,0.0,0.0,0.0,0.998073242125663
wind3_proposal_impulse,Nominal-Geo,9274,0.1564925745480868,0.1848144702889452,0.186944042710778,0.0,0.0,0.0,0.0,0.0,0.0,0.9996039568352668
wind3_proposal_impulse,Nominal-Geo,9275,0.1754442836350417,0.2235305606195596,0.2313371480782276,0.0,0.0,0.0,0.0,0.0,0.0,0.9984453633457308
wind3_proposal_impulse,Nominal-Geo,9276,0.1620677525527473,0.2119781627075184,0.2202845766236875,0.0,0.0,0.0,0.0,0.0,0.0,0.998936127427696
wind3_proposal_impulse,Nominal-Geo,9277,0.1668781407749777,0.2043905242638838,0.2054972044504767,0.0,0.0,0.0,0.0,0.0,0.0,0.9984817386386388
wind3_proposal_impulse,Nominal-Geo,9278,0.1569399198329523,0.1840353821479238,0.1898305135140613,0.0,0.0,0.0,0.0,0.0,0.0,0.9990065673064608
wind3_proposal_impulse,Nominal-Geo,9279,0.1537369389714168,0.214084977407053,0.2202434677076559,0.0,0.0,0.0,0.0,0.0,0.0,0.999637527376677
wind3_proposal_impulse,Nominal-Geo,9280,0.1882976735209588,0.2269523853281367,0.2312058441883793,0.0,0.0,0.0,0.0,0.0,0.0,0.9961227380952892
wind3_proposal_impulse,Nominal-Geo,9281,0.1736920809330311,0.2310470345038143,0.2379025603239797,0.0,0.0,0.0,0.0,0.0,0.0,0.995280171447971
wind3_proposal_impulse,Nominal-Geo,9282,0.1977843290953851,0.2491106746845572,0.2562805023080803,0.0,0.0,0.0,0.0,0.0,0.0,0.9904700586688696
wind3_proposal_impulse,Nominal-Geo,9283,0.1697463988717039,0.199670565225402,0.2007673135712401,0.0,0.0,0.0,0.0,0.0,0.0,0.9990627518304286
wind3_proposal_impulse,Nominal-Geo,9284,0.1584739227673597,0.2060057538316362,0.2240339669343925,0.0,0.0,0.0,0.0,0.0,0.0,0.9990146228160725
wind3_proposal_impulse,Nominal-Geo,9285,0.1670171258254549,0.2080981958756678,0.2159515430866624,0.0,0.0,0.0,0.0,0.0,0.0,0.9957043222991137
wind3_proposal_impulse,Nominal-Geo,9286,0.1961499208843419,0.243397180689687,0.2564909947724034,0.0,0.0,0.0,0.0,0.0,0.0,0.9938856846275168
wind3_proposal_impulse,Nominal-Geo,9287,0.163884046475521,0.2061869043761449,0.2103450710526466,0.0,0.0,0.0,0.0,0.0,0.0,0.9969905076516218
wind3_proposal_impulse,Nominal-Geo,9288,0.1575796366897383,0.2078821447032273,0.218064696213416,0.0,0.0,0.0,0.0,0.0,0.0,0.9930380847992668
wind3_proposal_impulse,Nominal-Geo,9289,0.1574361616810761,0.1962135061641733,0.202524593269776,0.0,0.0,0.0,0.0,0.0,0.0,0.99988143427395
wind3_proposal_impulse,Nominal-Geo,9290,0.1641365265880707,0.2217815229044125,0.2263807560848127,0.0,0.0,0.0,0.0,0.0,0.0,0.995955885122242
wind3_proposal_impulse,Nominal-Geo,9291,0.1547149129761625,0.1794054345091801,0.1816198627371139,0.0,0.0,0.0,0.0,0.0,0.0,0.9993070539364745
wind3_proposal_impulse,Nominal-Geo,9292,0.1895342851097622,0.2301121453348104,0.2472411523833544,0.0,0.0,0.0,0.0,0.0,0.0,0.995680143886208
wind3_proposal_impulse,Nominal-Geo,9293,0.1607013175098308,0.2048384289691867,0.2107816425870461,0.0,0.0,0.0,0.0,0.0,0.0,0.9991930062710156
wind3_proposal_impulse,Nominal-Geo,9294,0.1604772512803536,0.1933035780510832,0.2029391866527841,0.0,0.0,0.0,0.0,0.0,0.0,0.9975063456173644
wind3_proposal_impulse,Nominal-Geo,9295,0.1612351262119711,0.2054336355967862,0.2130597837556315,0.0,0.0,0.0,0.0,0.0,0.0,0.9965277423536216
wind3_proposal_impulse,Nominal-Geo,9296,0.1669306928335112,0.183036350452798,0.1861450791108985,0.0,0.0,0.0,0.0,0.0,0.0,0.9996720911026404
wind3_proposal_impulse,Nominal-Geo,9297,0.1665274708936563,0.1994122158428839,0.2034129183953261,0.0,0.0,0.0,0.0,0.0,0.0,0.999502495789472
wind3_proposal_impulse,Nominal-Geo,9298,0.1623328658940749,0.1860076320179476,0.1906837845147916,0.0,0.0,0.0,0.0,0.0,0.0,0.9990413780710948
wind3_proposal_impulse,Nominal-Geo,9299,0.1751831106728132,0.2203441898751542,0.2241232424164167,0.0,0.0,0.0,0.0,0.0,0.0,0.9985270591683224
wind3_proposal_impulse,CurrentOnly-AE-CeNN-494,9200,0.1144663815294126,0.1356729866310381,0.1399810459673364,0.0,0.0,0.0,0.0,0.0,0.0,0.9999132907032642
wind3_proposal_impulse,CurrentOnly-AE-CeNN-494,9201,0.1273135527073073,0.1586493103814027,0.1656740253104513,0.0,0.0,0.0,0.0,0.0,0.0,0.9999689501281702
wind3_proposal_impulse,CurrentOnly-AE-CeNN-494,9202,0.1344083372105438,0.1560397316232881,0.1607179384081594,0.0,0.0,0.0,0.0,0.0,0.0,0.9996492854440172
wind3_proposal_impulse,CurrentOnly-AE-CeNN-494,9203,0.1188563188636765,0.1848034729362271,0.1917074104757264,0.0,0.0,0.0,0.0,0.0,0.0,0.9998639222423352
wind3_proposal_impulse,CurrentOnly-AE-CeNN-494,9204,0.128522619211436,0.1579653936922354,0.1666560097340674,0.0,0.0,0.0,0.0,0.0,0.0,0.9983655270301756
wind3_proposal_impulse,CurrentOnly-AE-CeNN-494,9205,0.1103450807801717,0.1412140402362907,0.1479291324446438,0.0,0.0,0.0,0.0,0.0,0.0,0.9996679332651311
wind3_proposal_impulse,CurrentOnly-AE-CeNN-494,9206,0.1171179121649118,0.1360361651125302,0.140721048603468,0.0,0.0,0.0,0.0,0.0,0.0,0.9993884881329076
wind3_proposal_impulse,CurrentOnly-AE-CeNN-494,9207,0.1273461690982973,0.1655189063511295,0.1746398449154934,0.0,0.0,0.0,0.0,0.0,0.0,0.9982512097716698
wind3_proposal_impulse,CurrentOnly-AE-CeNN-494,9208,0.1148103864547595,0.154603613256882,0.1583811860166509,0.0,0.0,0.0,0.0,0.0,0.0,0.998406599996675
wind3_proposal_impulse,CurrentOnly-AE-CeNN-494,9209,0.1212355381589173,0.1624826789025376,0.168658039246747,0.0,0.0,0.0,0.0,0.0,0.0,0.9996813290512152
wind3_proposal_impulse,CurrentOnly-AE-CeNN-494,9210,0.1320668058895159,0.1557789880397555,0.1583191345291923,0.0,0.0,0.0,0.0,0.0,0.0,0.999774133294496
wind3_proposal_impulse,CurrentOnly-AE-CeNN-494,9211,0.1048045397523609,0.1277960640797088,0.1300758907423827,0.0,0.0,0.0,0.0,0.0,0.0,0.9999999999999064
wind3_proposal_impulse,CurrentOnly-AE-CeNN-494,9212,0.1187127959737688,0.1490428344680418,0.1551588874915763,0.0,0.0,0.0,0.0,0.0,0.0,0.9990838224352624
wind3_proposal_impulse,CurrentOnly-AE-CeNN-494,9213,0.1190773294358005,0.1463263358229772,0.1493436563951813,0.0,0.0,0.0,0.0,0.0,0.0,0.9991189282830164
wind3_proposal_impulse,CurrentOnly-AE-CeNN-494,9214,0.1293417446877653,0.175723026105959,0.1786541534077722,0.0,0.0,0.0,0.0,0.0,0.0,0.9987838861973924
wind3_proposal_impulse,CurrentOnly-AE-CeNN-494,9215,0.1274002836565471,0.1601494226478422,0.1673547728918928,0.0,0.0,0.0,0.0,0.0,0.0,0.9999988662911344
wind3_proposal_impulse,CurrentOnly-AE-CeNN-494,9216,0.111747905243281,0.150034704837682,0.1606611526806113,0.0,0.0,0.0,0.0,0.0,0.0,0.9994960198894054
wind3_proposal_impulse,CurrentOnly-AE-CeNN-494,9217,0.1183886890062302,0.1606775324023644,0.1706292375871916,0.0,0.0,0.0,0.0,0.0,0.0,0.9990562516591712
wind3_proposal_impulse,CurrentOnly-AE-CeNN-494,9218,0.1260483982427278,0.1644613819403836,0.170736704725695,0.0,0.0,0.0,0.0,0.0,0.0,0.9997720927579864
wind3_proposal_impulse,CurrentOnly-AE-CeNN-494,9219,0.1373677921234165,0.1821898189010453,0.186486647758603,0.0,0.0,0.0,0.0,0.0,0.0,0.999982883258724
wind3_proposal_impulse,CurrentOnly-AE-CeNN-494,9220,0.1145558030658561,0.1550431807534993,0.1658435740366256,0.0,0.0,0.0,0.0,0.0,0.0,0.9999974515301095
wind3_proposal_impulse,CurrentOnly-AE-CeNN-494,9221,0.1015801219031508,0.1223680662241345,0.1270121611922137,0.0,0.0,0.0,0.0,0.0,0.0,0.9999026210364904
wind3_proposal_impulse,CurrentOnly-AE-CeNN-494,9222,0.122346734041598,0.183590437142444,0.1875420526918558,0.0,0.0,0.0,0.0,0.0,0.0,0.999489622107493
wind3_proposal_impulse,CurrentOnly-AE-CeNN-494,9223,0.1175283891816411,0.1659474827863511,0.1720457309154279,0.0,0.0,0.0,0.0,0.0,0.0,0.9981250478320824
wind3_proposal_impulse,CurrentOnly-AE-CeNN-494,9224,0.1384231920285513,0.1621271324119621,0.1657760930032465,0.0,0.0,0.0,0.0,0.0,0.0,0.997947590596846
wind3_proposal_impulse,CurrentOnly-AE-CeNN-494,9225,0.1259508228733459,0.1494704714264382,0.1509893902116,0.0,0.0,0.0,0.0,0.0,0.0,0.999798130900827
wind3_proposal_impulse,CurrentOnly-AE-CeNN-494,9226,0.1357465294073834,0.215827233989629,0.219866855116282,0.0,0.0,0.0,0.0,0.0,0.0,0.998061726076662
wind3_proposal_impulse,CurrentOnly-AE-CeNN-494,9227,0.1077612574304892,0.1558629908078308,0.1600822746847288,0.0,0.0,0.0,0.0,0.0,0.0,0.9999406517584184
wind3_proposal_impulse,CurrentOnly-AE-CeNN-494,9228,0.11381815399492,0.1409155798139817,0.1485657282070842,0.0,0.0,0.0,0.0,0.0,0.0,0.9998437782069124
wind3_proposal_impulse,CurrentOnly-AE-CeNN-494,9229,0.1362317921333092,0.1725396076139749,0.1955148421946973,0.0,0.0,0.0,0.0,0.0,0.0,0.9966639175101404
wind3_proposal_impulse,CurrentOnly-AE-CeNN-494,9230,0.1213525765619535,0.1461178918633857,0.1502547103701273,0.0,0.0,0.0,0.0,0.0,0.0,0.9981455744707624
wind3_proposal_impulse,CurrentOnly-AE-CeNN-494,9231,0.1109640565015559,0.1268059966272441,0.1278495297294423,0.0,0.0,0.0,0.0,0.0,0.0,0.9999557741229916
wind3_proposal_impulse,CurrentOnly-AE-CeNN-494,9232,0.0987054399766415,0.1271795337042713,0.1314189259244052,0.0,0.0,0.0,0.0,0.0,0.0,0.9999999999999064
wind3_proposal_impulse,CurrentOnly-AE-CeNN-494,9233,0.1239659645987604,0.1460775843163409,0.1538510985841053,0.0,0.0,0.0,0.0,0.0,0.0,0.999850207299185
wind3_proposal_impulse,CurrentOnly-AE-CeNN-494,9234,0.108375826848093,0.1488036789879532,0.1585069340425393,0.0,0.0,0.0,0.0,0.0,0.0,0.9995417816934145
wind3_proposal_impulse,CurrentOnly-AE-CeNN-494,9235,0.1279099571392413,0.1647017723297727,0.1703575798202966,0.0,0.0,0.0,0.0,0.0,0.0,0.9999962065059196
wind3_proposal_impulse,CurrentOnly-AE-CeNN-494,9236,0.1270730835383816,0.1466610989585375,0.1528262239352879,0.0,0.0,0.0,0.0,0.0,0.0,0.9979276179994596
wind3_proposal_impulse,CurrentOnly-AE-CeNN-494,9237,0.1260873669672902,0.1634097244851544,0.1652420796698781,0.0,0.0,0.0,0.0,0.0,0.0,0.9999345205739224
wind3_proposal_impulse,CurrentOnly-AE-CeNN-494,9238,0.1372307183772321,0.1675289961016088,0.1763293759568086,0.0,0.0,0.0,0.0,0.0,0.0,0.9992074931832386
wind3_proposal_impulse,CurrentOnly-AE-CeNN-494,9239,0.1064404722168357,0.1217596637103152,0.1401397556379152,0.0,0.0,0.0,0.0,0.0,0.0,0.9992062567970292
wind3_proposal_impulse,CurrentOnly-AE-CeNN-494,9240,0.1175277756070061,0.1356428017994621,0.139882849896912,0.0,0.0,0.0,0.0,0.0,0.0,0.9990024084915484
wind3_proposal_impulse,CurrentOnly-AE-CeNN-494,9241,0.1184102469991223,0.1528135817723742,0.1589608499349111,0.0,0.0,0.0,0.0,0.0,0.0,0.9993853714425086
wind3_proposal_impulse,CurrentOnly-AE-CeNN-494,9242,0.1255325433221611,0.1532340006301609,0.1556490420931111,0.0,0.0,0.0,0.0,0.0,0.0,0.9980101742977184
wind3_proposal_impulse,CurrentOnly-AE-CeNN-494,9243,0.120283362862597,0.1600207550480522,0.1645959503534819,0.0,0.0,0.0,0.0,0.0,0.0,0.9988407811034032
wind3_proposal_impulse,CurrentOnly-AE-CeNN-494,9244,0.1228317260194454,0.1549369939355095,0.1642080220254951,0.0,0.0,0.0,0.0,0.0,0.0,0.999344048587302
wind3_proposal_impulse,CurrentOnly-AE-CeNN-494,9245,0.1178885493948939,0.147035026364067,0.1533759053570845,0.0,0.0,0.0,0.0,0.0,0.0,0.9970157506711704
wind3_proposal_impulse,CurrentOnly-AE-CeNN-494,9246,0.121398906615373,0.1565366086096083,0.1597979880253017,0.0,0.0,0.0,0.0,0.0,0.0,0.9996487005555338
wind3_proposal_impulse,CurrentOnly-AE-CeNN-494,9247,0.1202724946182691,0.1651915240994065,0.1732035732244909,0.0,0.0,0.0,0.0,0.0,0.0,0.9999864098746032
wind3_proposal_impulse,CurrentOnly-AE-CeNN-494,9248,0.0971232739908198,0.1143802818552972,0.1177351381404989,0.0,0.0,0.0,0.0,0.0,0.0,0.9999988986005264
wind3_proposal_impulse,CurrentOnly-AE-CeNN-494,9249,0.1050727668585337,0.1359734082958464,0.1397209200105927,0.0,0.0,0.0,0.0,0.0,0.0,0.9999999999999044
wind3_proposal_impulse,CurrentOnly-AE-CeNN-494,9250,0.132872655449943,0.1834393570622829,0.1881670416500448,0.0,0.0,0.0,0.0,0.0,0.0,0.9997001678570367
wind3_proposal_impulse,CurrentOnly-AE-CeNN-494,9251,0.1113810594466769,0.138655517354571,0.1429669679799421,0.0,0.0,0.0,0.0,0.0,0.0,0.9999999999999064
wind3_proposal_impulse,CurrentOnly-AE-CeNN-494,9252,0.1155372028683433,0.1420010915243248,0.1465897569491911,0.0,0.0,0.0,0.0,0.0,0.0,0.9999950886345208
wind3_proposal_impulse,CurrentOnly-AE-CeNN-494,9253,0.1148464993224006,0.1426763862864477,0.1471690356986544,0.0,0.0,0.0,0.0,0.0,0.0,0.9999999999998804
wind3_proposal_impulse,CurrentOnly-AE-CeNN-494,9254,0.1306377242367917,0.1895286814484551,0.195754026271065,0.0,0.0,0.0,0.0,0.0,0.0,0.9996540003537612
wind3_proposal_impulse,CurrentOnly-AE-CeNN-494,9255,0.1124963601613534,0.1330168867667372,0.1402350743097202,0.0,0.0,0.0,0.0,0.0,0.0,0.9993354429528788
wind3_proposal_impulse,CurrentOnly-AE-CeNN-494,9256,0.1282414144233586,0.1636683594667483,0.1728775743102512,0.0,0.0,0.0,0.0,0.0,0.0,0.9982295381325276
wind3_proposal_impulse,CurrentOnly-AE-CeNN-494,9257,0.1155240120736444,0.1404087123227986,0.1417471337938392,0.0,0.0,0.0,0.0,0.0,0.0,0.9999999999999064
wind3_proposal_impulse,CurrentOnly-AE-CeNN-494,9258,0.1263729044372416,0.154431426452932,0.1572321067499525,0.0,0.0,0.0,0.0,0.0,0.0,0.999327053156702
wind3_proposal_impulse,CurrentOnly-AE-CeNN-494,9259,0.1289252804721202,0.1479026259015473,0.1512249197189396,0.0,0.0,0.0,0.0,0.0,0.0,0.9977758159892156
wind3_proposal_impulse,CurrentOnly-AE-CeNN-494,9260,0.1134756417116027,0.1646800583415626,0.1727499244911414,0.0,0.0,0.0,0.0,0.0,0.0,0.9993351670298511
wind3_proposal_impulse,CurrentOnly-AE-CeNN-494,9261,0.1135448206576559,0.1345935048231678,0.1376503427034535,0.0,0.0,0.0,0.0,0.0,0.0,0.999580234708045
wind3_proposal_impulse,CurrentOnly-AE-CeNN-494,9262,0.1215326492845711,0.1474666917755738,0.1521525593269873,0.0,0.0,0.0,0.0,0.0,0.0,0.99997747422099
wind3_proposal_impulse,CurrentOnly-AE-CeNN-494,9263,0.1358294154806355,0.1917954822749168,0.1988373508686758,0.0,0.0,0.0,0.0,0.0,0.0,0.9998935374928192
wind3_proposal_impulse,CurrentOnly-AE-CeNN-494,9264,0.1343471640155203,0.1799510676637301,0.1847703276311369,0.0,0.0,0.0,0.0,0.0,0.0,0.9965691209424948
wind3_proposal_impulse,CurrentOnly-AE-CeNN-494,9265,0.1023735316748279,0.1291940794533614,0.1324432329242061,0.0,0.0,0.0,0.0,0.0,0.0,0.9999999999999064
wind3_proposal_impulse,CurrentOnly-AE-CeNN-494,9266,0.1111318594983706,0.1353440584948305,0.1401897945601709,0.0,0.0,0.0,0.0,0.0,0.0,0.9999459682829658
wind3_proposal_impulse,CurrentOnly-AE-CeNN-494,9267,0.112145778025147,0.1434677935454172,0.1464427933669642,0.0,0.0,0.0,0.0,0.0,0.0,0.9988272833586148
wind3_proposal_impulse,CurrentOnly-AE-CeNN-494,9268,0.119182516249499,0.1726074808477631,0.1843133727953609,0.0,0.0,0.0,0.0,0.0,0.0,0.9999646354388948
wind3_proposal_impulse,CurrentOnly-AE-CeNN-494,9269,0.1019452211257441,0.1310915062596562,0.1356530910866277,0.0,0.0,0.0,0.0,0.0,0.0,0.9999999999998652
wind3_proposal_impulse,CurrentOnly-AE-CeNN-494,9270,0.1356608766408159,0.1824674292752224,0.1918443864193328,0.0,0.0,0.0,0.0,0.0,0.0,0.9969659698040534
wind3_proposal_impulse,CurrentOnly-AE-CeNN-494,9271,0.1140484820909954,0.1501738391095163,0.1514687826774632,0.0,0.0,0.0,0.0,0.0,0.0,0.999999820452424
wind3_proposal_impulse,CurrentOnly-AE-CeNN-494,9272,0.117730600323456,0.1618889711090882,0.1691280171594434,0.0,0.0,0.0,0.0,0.0,0.0,0.9999900346849692
wind3_proposal_impulse,CurrentOnly-AE-CeNN-494,9273,0.125730453435672,0.1704014319887982,0.1838147722511126,0.0,0.0,0.0,0.0,0.0,0.0,0.9999996381721448
wind3_proposal_impulse,CurrentOnly-AE-CeNN-494,9274,0.1093056007989494,0.1347181460967594,0.1398673538161294,0.0,0.0,0.0,0.0,0.0,0.0,0.999997767011078
wind3_proposal_impulse,CurrentOnly-AE-CeNN-494,9275,0.1271867409080377,0.170545453425301,0.1796757982947,0.0,0.0,0.0,0.0,0.0,0.0,0.9994255932653028
wind3_proposal_impulse,CurrentOnly-AE-CeNN-494,9276,0.1079208490724882,0.1479121441696338,0.1559297948790518,0.0,0.0,0.0,0.0,0.0,0.0,0.9999743119144394
wind3_proposal_impulse,CurrentOnly-AE-CeNN-494,9277,0.1207683881933131,0.146260056428429,0.1499093898445132,0.0,0.0,0.0,0.0,0.0,0.0,0.999794586705333
wind3_proposal_impulse,CurrentOnly-AE-CeNN-494,9278,0.1037031992011294,0.1247269615413766,0.1281212468396833,0.0,0.0,0.0,0.0,0.0,0.0,0.9998094780309068
wind3_proposal_impulse,CurrentOnly-AE-CeNN-494,9279,0.1019187078732772,0.1483761477999459,0.1552302329247538,0.0,0.0,0.0,0.0,0.0,0.0,0.999999999999902
wind3_proposal_impulse,CurrentOnly-AE-CeNN-494,9280,0.1386271169015825,0.1735894154979237,0.1765416180107013,0.0,0.0,0.0,0.0,0.0,0.0,0.9992990056254498
wind3_proposal_impulse,CurrentOnly-AE-CeNN-494,9281,0.1231429262213096,0.1744311905152723,0.1811026661232604,0.0,0.0,0.0,0.0,0.0,0.0,0.9988689608064496
wind3_proposal_impulse,CurrentOnly-AE-CeNN-494,9282,0.1453230157558626,0.2002093679490117,0.2070835003412982,0.0,0.0,0.0,0.0,0.0,0.0,0.9975231867034244
wind3_proposal_impulse,CurrentOnly-AE-CeNN-494,9283,0.1173708828426856,0.1394168853238729,0.1434913179474052,0.0,0.0,0.0,0.0,0.0,0.0,0.9999432134836383
wind3_proposal_impulse,CurrentOnly-AE-CeNN-494,9284,0.1119478302490025,0.1522764696359224,0.1678915216087639,0.0,0.0,0.0,0.0,0.0,0.0,0.9998618524635184
wind3_proposal_impulse,CurrentOnly-AE-CeNN-494,9285,0.1238215380410358,0.151186746807893,0.1592668481487583,0.0,0.0,0.0,0.0,0.0,0.0,0.9983048918579072
wind3_proposal_impulse,CurrentOnly-AE-CeNN-494,9286,0.1343705502244627,0.173113828007123,0.1790793309663439,0.0,0.0,0.0,0.0,0.0,0.0,0.9990671508368753
wind3_proposal_impulse,CurrentOnly-AE-CeNN-494,9287,0.1181207483640679,0.1582421582933407,0.1623529665504225,0.0,0.0,0.0,0.0,0.0,0.0,0.9991901647713364
wind3_proposal_impulse,CurrentOnly-AE-CeNN-494,9288,0.107318805292951,0.1520566247907311,0.1548349572382828,0.0,0.0,0.0,0.0,0.0,0.0,0.9976234849950216
wind3_proposal_impulse,CurrentOnly-AE-CeNN-494,9289,0.1128546726407825,0.1491371643825598,0.1536352246783706,0.0,0.0,0.0,0.0,0.0,0.0,0.9999999999999064
wind3_proposal_impulse,CurrentOnly-AE-CeNN-494,9290,0.1119427584966356,0.1670690810732299,0.1707215626995682,0.0,0.0,0.0,0.0,0.0,0.0,0.9992650913690796
wind3_proposal_impulse,CurrentOnly-AE-CeNN-494,9291,0.1139758912560657,0.1342826699338385,0.1371277421705293,0.0,0.0,0.0,0.0,0.0,0.0,0.9998706089725894
wind3_proposal_impulse,CurrentOnly-AE-CeNN-494,9292,0.1335642108105197,0.16799936168013,0.1787073242056119,0.0,0.0,0.0,0.0,0.0,0.0,0.9988631185341424
wind3_proposal_impulse,CurrentOnly-AE-CeNN-494,9293,0.1078902979982464,0.13900510021929,0.1430181665092685,0.0,0.0,0.0,0.0,0.0,0.0,0.9999690372366736
wind3_proposal_impulse,CurrentOnly-AE-CeNN-494,9294,0.1072434811349301,0.1273787735969033,0.1300221338802381,0.0,0.0,0.0,0.0,0.0,0.0,0.9996620644819648
wind3_proposal_impulse,CurrentOnly-AE-CeNN-494,9295,0.1097418969007047,0.145078619776151,0.1500240011568947,0.0,0.0,0.0,0.0,0.0,0.0,0.9993022201428908
wind3_proposal_impulse,CurrentOnly-AE-CeNN-494,9296,0.1123822360698352,0.1299289176911473,0.1330314881815841,0.0,0.0,0.0,0.0,0.0,0.0,0.9999991850746086
wind3_proposal_impulse,CurrentOnly-AE-CeNN-494,9297,0.113679499577728,0.1395627346365385,0.1409319158651435,0.0,0.0,0.0,0.0,0.0,0.0,0.9999973923824628
wind3_proposal_impulse,CurrentOnly-AE-CeNN-494,9298,0.110549229393257,0.1335943757740485,0.144470784985249,0.0,0.0,0.0,0.0,0.0,0.0,0.9998950428241342
wind3_proposal_impulse,CurrentOnly-AE-CeNN-494,9299,0.1204654100775771,0.1564332643385819,0.1617823340362505,0.0,0.0,0.0,0.0,0.0,0.0,0.9998758939885946
wind3_proposal_impulse,I-RiskGovernor-unprojected,9200,0.3680376883488951,0.8753422258319079,0.963734056062948,18.471337579617835,0.0,6.1874431301182895,0.0,0.0,0.0,0.6235347336205821
wind3_proposal_impulse,I-RiskGovernor-unprojected,9201,0.3095257623697718,0.740110176404324,0.78655643127241,14.740673339399454,0.0,4.003639672429482,0.0,0.0,0.0,0.6315467089813099
wind3_proposal_impulse,I-RiskGovernor-unprojected,9202,0.3485235852955503,0.8481217229854164,1.0047092691945867,16.287534121929028,0.9099181073703366,3.821656050955414,0.0,0.0,0.0,0.6345956219777221
wind3_proposal_impulse,I-RiskGovernor-unprojected,9203,0.3281929797287424,0.8281802287962673,0.984906930043762,14.83166515013649,0.0,6.096451319381256,0.0,0.0,0.0,0.6385618027698748
wind3_proposal_impulse,I-RiskGovernor-unprojected,9204,0.3262663168077982,0.7477425489521212,0.8746963278849601,15.741583257506823,0.0,2.6387625113739763,0.0,0.0,0.0,0.6332565730454227
wind3_proposal_impulse,I-RiskGovernor-unprojected,9205,0.3179089280927503,0.7578723937413818,0.8704834437789334,15.104640582347589,0.0,3.2757051865332123,0.0,0.0,0.0,0.6401180460730626
wind3_proposal_impulse,I-RiskGovernor-unprojected,9206,0.3189895902361029,0.7857827035506669,0.8424146377442142,15.195632393084624,0.0,6.1874431301182895,0.0,0.0,0.0,0.6393116887140688
wind3_proposal_impulse,I-RiskGovernor-unprojected,9207,0.3983778871411119,0.9233591609470996,0.9853721465876332,20.564149226569608,0.0,4.094631483166515,0.0,0.0,0.0,0.6174936943333547
wind3_proposal_impulse,I-RiskGovernor-unprojected,9208,0.3484944146310196,0.8097842620457694,0.9385747519536124,17.288444040036396,0.0,3.73066424021838,0.0,0.0,0.0,0.6340643878025947
wind3_proposal_impulse,I-RiskGovernor-unprojected,9209,0.3810329631052217,0.9254578787351356,1.0786655634731996,18.926296633303004,3.4576888080072794,4.45859872611465,0.0,0.0,0.0,0.6144325416732279
wind3_proposal_impulse,I-RiskGovernor-unprojected,9210,0.4124506980398368,0.9638653276577328,1.024731170284661,21.019108280254777,1.910828025477707,7.734303912647862,0.0,0.0,0.0,0.5996188999826405
wind3_proposal_impulse,I-RiskGovernor-unprojected,9211,0.3264282064065752,0.7658046604418979,0.9171921749697926,15.741583257506823,0.0,3.0937215650591448,0.0,0.0,0.0,0.6458493681302693
wind3_proposal_impulse,I-RiskGovernor-unprojected,9212,0.3605701284647995,0.8579141035150255,0.9429961222526794,18.016378525932662,0.0,5.7324840764331215,0.0,0.0,0.0,0.6285009606770835
wind3_proposal_impulse,I-RiskGovernor-unprojected,9213,0.3386384743566343,0.7867398352136363,0.9497648555053688,16.37852593266606,0.0,2.0928116469517746,0.0,0.0,0.0,0.6333354667825741
wind3_proposal_impulse,I-RiskGovernor-unprojected,9214,0.4118059995892318,1.0161308098950037,1.1749449218297394,19.836214740673334,5.277525022747953,4.094631483166515,0.0,0.0,0.0,0.6104226728455626
wind3_proposal_impulse,I-RiskGovernor-unprojected,9215,0.364825191499963,0.8411387791772371,0.9660006523404004,18.198362147406733,0.0,0.4549590536851683,0.0,0.0,0.0,0.6284695252852284
wind3_proposal_impulse,I-RiskGovernor-unprojected,9216,0.3266015561907938,0.7911150592088142,0.9561259050372976,15.468607825295724,0.0,5.368516833484986,0.0,0.0,0.0,0.6468650137881037
wind3_proposal_impulse,I-RiskGovernor-unprojected,9217,0.3503230778232609,0.8293106351370738,0.901600588146631,17.561419472247497,0.0,0.8189262966333031,0.0,0.0,0.0,0.6287107603680502
wind3_proposal_impulse,I-RiskGovernor-unprojected,9218,0.3927856235131098,0.950924926787688,1.1138384038673657,19.29026387625114,4.094631483166515,6.733393994540491,0.0,0.0,0.0,0.6100555218024396
wind3_proposal_impulse,I-RiskGovernor-unprojected,9219,0.3449539252204776,0.8214934169855724,0.8781862106779582,16.742493175614197,0.0,5.368516833484986,0.0,0.0,0.0,0.6194478312683658
wind3_proposal_impulse,I-RiskGovernor-unprojected,9220,0.3678939774439269,0.8663742135412619,1.0183108700272896,18.289353958143767,1.7288444040036397,5.550500454959054,0.0,0.0,0.0,0.6223825652965703
wind3_proposal_impulse,I-RiskGovernor-unprojected,9221,0.3708082237121356,0.8871661837660251,0.9420670691051074,18.926296633303004,0.0,2.0928116469517746,0.0,0.0,0.0,0.6286494292385644
wind3_proposal_impulse,I-RiskGovernor-unprojected,9222,0.2998016602651043,0.731519562769006,0.8031081723872707,14.10373066424022,0.0,2.820746132848044,0.0,0.0,0.0,0.643725195461639
wind3_proposal_impulse,I-RiskGovernor-unprojected,9223,0.3321153684150933,0.8087386358674573,0.964933219703102,15.650591446769791,0.0,5.18653321201092,0.0,0.0,0.0,0.6317662111631739
wind3_proposal_impulse,I-RiskGovernor-unprojected,9224,0.3713112159462843,0.8486257054287021,0.9628576843619904,18.3803457688808,0.0,3.821656050955414,0.0,0.0,0.0,0.6202999585042485
wind3_proposal_impulse,I-RiskGovernor-unprojected,9225,0.4140155001010158,0.9633982550108988,1.0381068448190718,21.29208371246588,2.3657870791628755,3.0937215650591448,0.0,0.0,0.0,0.611252066961216
wind3_proposal_impulse,I-RiskGovernor-unprojected,9226,0.325131184453711,0.7739056900222205,0.8383541945412167,15.37761601455869,0.0,3.0937215650591448,0.0,0.0,0.0,0.6261631360901962
wind3_proposal_impulse,I-RiskGovernor-unprojected,9227,0.3516903561229115,0.8172033177125947,0.9591268106113684,17.470427661510467,0.0,5.368516833484986,0.0,0.0,0.0,0.6277842190902346
wind3_proposal_impulse,I-RiskGovernor-unprojected,9228,0.3335195225647532,0.7899923691401636,0.9076766709053348,16.37852593266606,0.0,4.276615104640583,0.0,0.0,0.0,0.637501177847853
wind3_proposal_impulse,I-RiskGovernor-unprojected,9229,0.3731807748321908,0.9335487881691984,1.09776171563136,17.37943585077343,3.821656050955414,5.823475887170155,0.0,0.0,0.0,0.6197422470274633
wind3_proposal_impulse,I-RiskGovernor-unprojected,9230,0.353052973763975,0.8401058627588894,1.0030866371481926,17.10646041856233,0.6369426751592357,1.7288444040036397,0.0,0.0,0.0,0.6300946321645551
wind3_proposal_impulse,I-RiskGovernor-unprojected,9231,0.3699967687169347,0.8534453175214497,0.9909230114196006,18.744313011828936,0.0,3.002729754322111,0.0,0.0,0.0,0.6350781225650198
wind3_proposal_impulse,I-RiskGovernor-unprojected,9232,0.3804226672890797,0.8994596522283724,0.9805596556580172,19.654231119199277,0.0,4.276615104640583,0.0,0.0,0.0,0.6205198179054519
wind3_proposal_impulse,I-RiskGovernor-unprojected,9233,0.3533213687925975,0.829931558246064,0.994437097436332,17.197452229299362,0.0,4.003639672429482,0.0,0.0,0.0,0.6358567441619941
wind3_proposal_impulse,I-RiskGovernor-unprojected,9234,0.4030191352279397,0.9512470386832974,1.023084605277763,20.83712465878071,1.8198362147406733,5.823475887170155,0.0,0.0,0.0,0.61387187343639
wind3_proposal_impulse,I-RiskGovernor-unprojected,9235,0.407691092749925,0.9263304262030178,1.0457567847400793,20.74613284804368,2.547770700636943,6.096451319381256,0.0,0.0,0.0,0.606003931616521
wind3_proposal_impulse,I-RiskGovernor-unprojected,9236,0.3085374070658019,0.7401516520595488,0.8177615834806085,14.467697907188354,0.0,1.7288444040036397,0.0,0.0,0.0,0.6376197849331496
wind3_proposal_impulse,I-RiskGovernor-unprojected,9237,0.3695185008072028,0.8523009270230979,0.9728407494310484,18.3803457688808,0.0,3.548680618744313,0.0,0.0,0.0,0.6268412681164574
wind3_proposal_impulse,I-RiskGovernor-unprojected,9238,0.3615704510369625,0.8237760524154238,0.945369180835716,17.65241128298453,0.0,3.821656050955414,0.0,0.0,0.0,0.628059366377452
wind3_proposal_impulse,I-RiskGovernor-unprojected,9239,0.347392880199822,0.8262088990085947,0.9034152420431426,17.470427661510467,0.0,3.912647861692448,0.0,0.0,0.0,0.6303592461521311
wind3_proposal_impulse,I-RiskGovernor-unprojected,9240,0.2848161425914515,0.6949881905329017,0.7830565338382064,13.011828935395814,0.0,2.820746132848044,0.0,0.0,0.0,0.6559720202588224
wind3_proposal_impulse,I-RiskGovernor-unprojected,9241,0.3310565392766544,0.7605059383728501,0.9180728416598448,16.014558689717926,0.0,3.0937215650591448,0.0,0.0,0.0,0.6310841394305692
wind3_proposal_impulse,I-RiskGovernor-unprojected,9242,0.3765427284872215,0.8905344904989706,0.9377171004135656,18.926296633303004,0.0,4.731574158325751,0.0,0.0,0.0,0.6258403386415858
wind3_proposal_impulse,I-RiskGovernor-unprojected,9243,0.3159865773466656,0.7619338621719276,0.8084049717585431,15.195632393084624,0.0,2.72975432211101,0.0,0.0,0.0,0.6307132601898303
wind3_proposal_impulse,I-RiskGovernor-unprojected,9244,0.3325972460420096,0.7637736126377938,0.9255801867736738,16.014558689717926,0.0,0.0,0.0,0.0,0.0,0.641771465547512
wind3_proposal_impulse,I-RiskGovernor-unprojected,9245,0.3263844662601541,0.7818227047277742,0.8589089503749345,15.650591446769791,0.0,5.45950864422202,0.0,0.0,0.0,0.6386456747477719
wind3_proposal_impulse,I-RiskGovernor-unprojected,9246,0.3477391465770641,0.8197308248174039,0.9088481582050392,17.288444040036396,0.0,1.0919017288444042,0.0,0.0,0.0,0.6243475125301832
wind3_proposal_impulse,I-RiskGovernor-unprojected,9247,0.3372601471857712,0.8069222216559415,0.9660286861872802,15.83257506824386,0.0,6.096451319381256,0.0,0.0,0.0,0.6345208318407444
wind3_proposal_impulse,I-RiskGovernor-unprojected,9248,0.3683966093851061,0.8571735814183258,1.001552800108127,18.56232939035487,0.5459508644222021,4.094631483166515,0.0,0.0,0.0,0.6287534121928439
wind3_proposal_impulse,I-RiskGovernor-unprojected,9249,0.3576803073117078,0.8651786488016184,0.9172964377319244,18.016378525932662,0.0,2.001819836214741,0.0,0.0,0.0,0.6360312279790606
wind3_proposal_impulse,I-RiskGovernor-unprojected,9250,0.3190362721465515,0.7455922286850448,0.9063698793997016,14.558689717925386,0.0,4.822565969062785,0.0,0.0,0.0,0.6477776601720492
wind3_proposal_impulse,I-RiskGovernor-unprojected,9251,0.3576605600202108,0.8546077105039718,1.0157239485498324,17.37943585077343,1.4558689717925388,3.548680618744313,0.0,0.0,0.0,0.6332918634650011
wind3_proposal_impulse,I-RiskGovernor-unprojected,9252,0.3357918197527172,0.7968981528087007,0.9639912670784704,16.19654231119199,0.0,2.9117379435850776,0.0,0.0,0.0,0.64109637034084
wind3_proposal_impulse,I-RiskGovernor-unprojected,9253,0.3346874045085984,0.8038194041498019,0.8466208201957548,16.469517743403095,0.0,4.45859872611465,0.0,0.0,0.0,0.6269335759781014
wind3_proposal_impulse,I-RiskGovernor-unprojected,9254,0.3006446079520625,0.7232435030002518,0.7906177121605112,14.10373066424022,0.0,4.822565969062785,0.0,0.0,0.0,0.6392573440672217
wind3_proposal_impulse,I-RiskGovernor-unprojected,9255,0.335608424841165,0.7916304330053529,0.8948519375216858,16.37852593266606,0.0,4.549590536851683,0.0,0.0,0.0,0.6289777085086302
wind3_proposal_impulse,I-RiskGovernor-unprojected,9256,0.3715654500854378,0.8602299055039703,0.9763655201142604,18.653321201091902,0.0,1.0919017288444042,0.0,0.0,0.0,0.6297166263220674
wind3_proposal_impulse,I-RiskGovernor-unprojected,9257,0.374018735641547,0.8569649896587278,0.990515604581881,18.926296633303004,0.0,3.821656050955414,0.0,0.0,0.0,0.6260236578707332
wind3_proposal_impulse,I-RiskGovernor-unprojected,9258,0.2956791636758776,0.728075820028136,0.7792138562208519,13.64877161055505,0.0,2.001819836214741,0.0,0.0,0.0,0.6418498977658416
wind3_proposal_impulse,I-RiskGovernor-unprojected,9259,0.3437246383210457,0.813375794588565,0.8843499985983849,17.015468607825294,0.0,4.003639672429482,0.0,0.0,0.0,0.6250607579576866
wind3_proposal_impulse,I-RiskGovernor-unprojected,9260,0.4038478518368721,0.9435427199864668,0.9892793467146752,21.29208371246588,0.0,3.3666969972702456,0.0,0.0,0.0,0.6116951458888482
wind3_proposal_impulse,I-RiskGovernor-unprojected,9261,0.3887872464601608,0.9184622454659208,0.966473889927937,19.92720655141037,0.0,5.7324840764331215,0.0,0.0,0.0,0.613806742626084
wind3_proposal_impulse,I-RiskGovernor-unprojected,9262,0.2788830268722599,0.6787516840609258,0.7648424394980986,12.37488626023658,0.0,3.73066424021838,0.0,0.0,0.0,0.6535232193788084
wind3_proposal_impulse,I-RiskGovernor-unprojected,9263,0.3768987496340166,0.885499671010014,0.934806121030194,19.01728844404004,0.0,3.4576888080072794,0.0,0.0,0.0,0.6304686949473334
wind3_proposal_impulse,I-RiskGovernor-unprojected,9264,0.3489466507314796,0.8378519614750005,1.002199436951299,16.287534121929028,0.6369426751592357,3.4576888080072794,0.0,0.0,0.0,0.6420337811017077
wind3_proposal_impulse,I-RiskGovernor-unprojected,9265,0.2942599227689368,0.7209635189095654,0.8154299135202705,13.739763421292084,0.0,5.823475887170155,0.0,0.0,0.0,0.6514832434343081
wind3_proposal_impulse,I-RiskGovernor-unprojected,9266,0.3797719075906851,0.9047758254623756,0.9578199884953904,19.29026387625114,0.0,1.364877161055505,0.0,0.0,0.0,0.628705151927008
wind3_proposal_impulse,I-RiskGovernor-unprojected,9267,0.3771311452184827,0.8926138865484596,0.9495619300932764,19.38125568698817,0.0,3.002729754322111,0.0,0.0,0.0,0.6167825120217015
wind3_proposal_impulse,I-RiskGovernor-unprojected,9268,0.3732493578924599,0.8805206835830824,1.0586113486155833,18.56232939035487,2.820746132848044,6.1874431301182895,0.0,0.0,0.0,0.6255358600514052
wind3_proposal_impulse,I-RiskGovernor-unprojected,9269,0.2874162014405364,0.6861944714910353,0.8170800810399348,13.466787989080984,0.0,5.914467697907188,0.0,0.0,0.0,0.6462683253535106
wind3_proposal_impulse,I-RiskGovernor-unprojected,9270,0.3671013729529082,0.8565613924302002,0.9108722255752684,18.3803457688808,0.0,3.548680618744313,0.0,0.0,0.0,0.6280200774541571
wind3_proposal_impulse,I-RiskGovernor-unprojected,9271,0.333857512694986,0.7807888536163752,0.897715250868638,16.37852593266606,0.0,6.096451319381256,0.0,0.0,0.0,0.6369310558086437
wind3_proposal_impulse,I-RiskGovernor-unprojected,9272,0.3371900161341306,0.8033521648780034,0.8957063821749978,16.37852593266606,0.0,3.821656050955414,0.0,0.0,0.0,0.6353129491079418
wind3_proposal_impulse,I-RiskGovernor-unprojected,9273,0.2865832914723805,0.680829908999188,0.7872846202766289,12.92083712465878,0.0,4.731574158325751,0.0,0.0,0.0,0.6416018347539117
wind3_proposal_impulse,I-RiskGovernor-unprojected,9274,0.3464128470074496,0.8265627260814654,0.9157366324467612,17.197452229299362,0.0,3.2757051865332123,0.0,0.0,0.0,0.6177971614856727
wind3_proposal_impulse,I-RiskGovernor-unprojected,9275,0.4067740040020322,0.9534451523370112,1.1128887667114793,20.382165605095544,4.276615104640583,7.097361237488626,0.0,0.0,0.0,0.60690273091068
wind3_proposal_impulse,I-RiskGovernor-unprojected,9276,0.3533171714547755,0.8755824320895302,1.0401616908286475,16.833484986351227,2.3657870791628755,4.185623293903549,0.0,0.0,0.0,0.628583306821449
wind3_proposal_impulse,I-RiskGovernor-unprojected,9277,0.3279883381858197,0.7701784885085768,0.8885534039265891,15.83257506824386,0.0,2.3657870791628755,0.0,0.0,0.0,0.637651538736522
wind3_proposal_impulse,I-RiskGovernor-unprojected,9278,0.3235393435395961,0.7696965306373077,0.8734437861490538,15.92356687898089,0.0,3.3666969972702456,0.0,0.0,0.0,0.6396115279318927
wind3_proposal_impulse,I-RiskGovernor-unprojected,9279,0.3262706354740903,0.7944748032299777,0.8739340034201082,16.10555050045496,0.0,0.4549590536851683,0.0,0.0,0.0,0.6431937586752061
wind3_proposal_impulse,I-RiskGovernor-unprojected,9280,0.4236457480777201,0.9465474012020496,1.103816712930759,21.29208371246588,4.094631483166515,5.095541401273886,0.0,0.0,0.0,0.6176237030258752
wind3_proposal_impulse,I-RiskGovernor-unprojected,9281,0.3167074679962552,0.7298315749314689,0.8894442463393808,14.92265696087352,0.0,4.913557779799818,0.0,0.0,0.0,0.6257750070522844
wind3_proposal_impulse,I-RiskGovernor-unprojected,9282,0.346051223121776,0.7729791311646697,0.9261570961346458,16.560509554140125,0.0,1.637852593266606,0.0,0.0,0.0,0.6287353446240106
wind3_proposal_impulse,I-RiskGovernor-unprojected,9283,0.2872354192452713,0.7022840824439428,0.7880899113932233,13.284804367606917,0.0,5.45950864422202,0.0,0.0,0.0,0.6456395871605219
wind3_proposal_impulse,I-RiskGovernor-unprojected,9284,0.3484562727648104,0.8378637519646613,0.8911608938453413,17.470427661510467,0.0,4.45859872611465,0.0,0.0,0.0,0.6350912562911899
wind3_proposal_impulse,I-RiskGovernor-unprojected,9285,0.2592086267809326,0.6385180597607037,0.7034450983152906,11.101000909918108,0.0,3.0937215650591448,0.0,0.0,0.0,0.6540504658277302
wind3_proposal_impulse,I-RiskGovernor-unprojected,9286,0.3069196046751427,0.7336868775406943,0.8131187512302998,14.285714285714285,0.0,3.912647861692448,0.0,0.0,0.0,0.6406046500348817
wind3_proposal_impulse,I-RiskGovernor-unprojected,9287,0.3440772375925702,0.8220031419829528,0.8875686614346955,17.10646041856233,0.0,6.46041856232939,0.0,0.0,0.0,0.6311851944246685
wind3_proposal_impulse,I-RiskGovernor-unprojected,9288,0.3187606196616397,0.7972337656583594,0.953255961237346,14.740673339399454,0.0,4.45859872611465,0.0,0.0,0.0,0.633452764991988
wind3_proposal_impulse,I-RiskGovernor-unprojected,9289,0.3307049858499347,0.7539492906129271,0.9087601386568076,16.10555050045496,0.0,4.185623293903549,0.0,0.0,0.0,0.6309930012986333
wind3_proposal_impulse,I-RiskGovernor-unprojected,9290,0.4220404103441426,0.9849284358842568,1.077087389486958,21.656050955414013,3.3666969972702456,4.45859872611465,0.0,0.0,0.0,0.6067879403087643
wind3_proposal_impulse,I-RiskGovernor-unprojected,9291,0.3821047670654849,0.8994518450423256,0.9866326062624988,19.472247497725203,0.0,2.3657870791628755,0.0,0.0,0.0,0.6296235196730562
wind3_proposal_impulse,I-RiskGovernor-unprojected,9292,0.3332503468946792,0.7883392535743321,0.8812133213731562,16.10555050045496,0.0,2.9117379435850776,0.0,0.0,0.0,0.6342756794046519
wind3_proposal_impulse,I-RiskGovernor-unprojected,9293,0.3145636762629524,0.7416243386650861,0.8982462206095243,14.83166515013649,0.0,5.550500454959054,0.0,0.0,0.0,0.6364399971737059
wind3_proposal_impulse,I-RiskGovernor-unprojected,9294,0.3323605007882499,0.8055632854199678,0.9714120556074692,16.014558689717926,0.0,4.822565969062785,0.0,0.0,0.0,0.6429678442451703
wind3_proposal_impulse,I-RiskGovernor-unprojected,9295,0.3575457781040209,0.8319264935367396,0.9553261756498498,17.925386715195632,0.0,4.367606915377617,0.0,0.0,0.0,0.6289732621892542
wind3_proposal_impulse,I-RiskGovernor-unprojected,9296,0.3133694770853761,0.7327057511021319,0.8843556066123038,14.64968152866242,0.0,5.277525022747953,0.0,0.0,0.0,0.645034385634749
wind3_proposal_impulse,I-RiskGovernor-unprojected,9297,0.3618269009396771,0.8608481758662353,1.0246922496778492,17.743403093721565,1.910828025477707,3.0937215650591448,0.0,0.0,0.0,0.6246239572029453
wind3_proposal_impulse,I-RiskGovernor-unprojected,9298,0.3276173227050593,0.7781283959293728,0.8912414206965623,15.92356687898089,0.0,1.7288444040036397,0.0,0.0,0.0,0.6371804835137648
wind3_proposal_impulse,I-RiskGovernor-unprojected,9299,0.3361939010235857,0.7671506778126346,0.913613923210158,16.19654231119199,0.0,4.185623293903549,0.0,0.0,0.0,0.6412581482214932
wind3_proposal_impulse,J-IndependentSafetyProjection,9200,0.2613174661961159,0.6077880544785214,0.6417078791215813,11.282984531392175,0.0,2.1838034576888083,9.099181073703368,0.0,0.2554854083199994,0.6686474819181131
wind3_proposal_impulse,J-IndependentSafetyProjection,9201,0.2291091237138886,0.5183904763982637,0.5641460531040027,6.551410373066425,0.0,2.456778889899909,9.099181073703368,0.0,0.2139684764763335,0.6666529272139361
wind3_proposal_impulse,J-IndependentSafetyProjection,9202,0.2442582812155394,0.5643406339386711,0.6735044807610235,6.6424021838034575,0.0,0.4549590536851683,9.099181073703368,0.0,0.2312160412485932,0.6777674711856517
wind3_proposal_impulse,J-IndependentSafetyProjection,9203,0.23231472724721,0.5914990085006246,0.7004659992057368,7.279344858962693,0.0,4.640582347588717,9.099181073703368,0.0,0.3347637252851029,0.7094411051734207
wind3_proposal_impulse,J-IndependentSafetyProjection,9204,0.2662733061453974,0.5831422279921019,0.7010210536416834,10.91901728844404,0.0,2.9117379435850776,9.099181073703368,0.0,0.1946998772991284,0.6542999432852183
wind3_proposal_impulse,J-IndependentSafetyProjection,9205,0.2301941527772219,0.533071852568496,0.5757343008778716,7.370336669699727,0.0,1.7288444040036397,9.099181073703368,0.0,0.2514995142136371,0.6748155504193664
wind3_proposal_impulse,J-IndependentSafetyProjection,9206,0.2046468210801235,0.4537654763146248,0.5493036474566722,3.0937215650591448,0.0,2.6387625113739763,9.099181073703368,0.0,0.2925135551625968,0.6871660527993096
wind3_proposal_impulse,J-IndependentSafetyProjection,9207,0.3038479168272331,0.6810520736535944,0.7160997359012831,14.92265696087352,0.0,2.2747952684258417,9.099181073703368,0.0,0.254105504452956,0.6564314389145449
wind3_proposal_impulse,J-IndependentSafetyProjection,9208,0.2861115749358213,0.6296591827261712,0.7440028114786204,13.466787989080984,0.0,2.001819836214741,9.099181073703368,0.0,0.2654579374206255,0.6549813168423232
wind3_proposal_impulse,J-IndependentSafetyProjection,9209,0.2584571957729647,0.5879247124502007,0.6299947312687169,11.101000909918108,0.0,1.8198362147406733,9.099181073703368,0.0,0.2736973939262698,0.6619753638177215
wind3_proposal_impulse,J-IndependentSafetyProjection,9210,0.2712115177072501,0.5965079889350251,0.6990597781488875,10.555050045495904,0.0,2.1838034576888083,9.1901728844404,0.0,0.2944154981148236,0.6587620172955316
wind3_proposal_impulse,J-IndependentSafetyProjection,9211,0.2408490927876503,0.5514060474151803,0.6465810854067636,9.099181073703368,0.0,1.7288444040036397,9.099181073703368,0.0,0.2748590199214841,0.6769790718834672
wind3_proposal_impulse,J-IndependentSafetyProjection,9212,0.2459339223388991,0.5357596234048639,0.6290647845562981,8.46223839854413,0.0,2.0928116469517746,9.099181073703368,0.0,0.3120170781338038,0.6824301946583554
wind3_proposal_impulse,J-IndependentSafetyProjection,9213,0.2736832814174638,0.6470112495423664,0.7107703375517216,12.37488626023658,0.0,0.3639672429481347,9.099181073703368,0.0,0.172895831166318,0.6569801136905669
wind3_proposal_impulse,J-IndependentSafetyProjection,9214,0.2944834795752547,0.661115011475084,0.7680769394058632,13.92174704276615,0.0,0.6369426751592357,9.099181073703368,0.0,0.2368389358458815,0.6631682991101981
wind3_proposal_impulse,J-IndependentSafetyProjection,9215,0.314373581740393,0.7009553175264304,0.8357464870060797,15.195632393084624,0.0,0.0,9.099181073703368,0.0,0.1626227931962325,0.6421245757189118
wind3_proposal_impulse,J-IndependentSafetyProjection,9216,0.2246520749912393,0.5239151454358557,0.5705644227711253,7.006369426751593,0.0,3.4576888080072794,9.099181073703368,0.0,0.2907326793562502,0.6850796634563469
wind3_proposal_impulse,J-IndependentSafetyProjection,9217,0.2919856299519052,0.6604658964827167,0.7528847574136702,13.830755232029118,0.0,0.1819836214740673,9.099181073703368,0.0,0.1784727506636682,0.6516320563276229
wind3_proposal_impulse,J-IndependentSafetyProjection,9218,0.2612597996637371,0.593155751651623,0.7021904836097212,9.372156505914468,0.0,2.6387625113739763,9.1901728844404,0.0,0.2833986226713088,0.6703270243805511
wind3_proposal_impulse,J-IndependentSafetyProjection,9219,0.2438116571301029,0.5408217478310665,0.6104267694135201,8.098271155595995,0.0,1.5468607825295724,9.099181073703368,0.0,0.2343502826397239,0.6678689469555568
wind3_proposal_impulse,J-IndependentSafetyProjection,9220,0.2496261477269963,0.5672980371834178,0.6009628478435338,9.827115559599635,0.0,2.1838034576888083,9.099181073703368,0.0,0.268469063735762,0.675114260435902
wind3_proposal_impulse,J-IndependentSafetyProjection,9221,0.3095124451437951,0.7230806227933766,0.802018134399167,15.468607825295724,0.0,0.0,9.099181073703368,0.0,0.1666857077895199,0.649577545348721
wind3_proposal_impulse,J-IndependentSafetyProjection,9222,0.2265793624031712,0.526495381992175,0.5783744778182265,7.006369426751593,0.0,1.8198362147406733,9.099181073703368,0.0,0.2321221858851471,0.6719661778177606
wind3_proposal_impulse,J-IndependentSafetyProjection,9223,0.2346293078184578,0.5296584833454421,0.6359764067584216,5.823475887170155,0.0,3.821656050955414,9.099181073703368,0.0,0.2673545626496995,0.6772427321696538
wind3_proposal_impulse,J-IndependentSafetyProjection,9224,0.2959509580999118,0.633915010782693,0.7487864017335029,13.557779799818018,0.0,2.001819836214741,9.099181073703368,0.0,0.2098619475940716,0.6529948560917106
wind3_proposal_impulse,J-IndependentSafetyProjection,9225,0.330294652080748,0.7486486422167438,0.8155960994317487,16.833484986351227,0.0,0.9099181073703366,9.099181073703368,0.0,0.2176509317276149,0.6476318485022524
wind3_proposal_impulse,J-IndependentSafetyProjection,9226,0.2712491028375818,0.6053156413676525,0.697888307039406,11.373976342129207,0.0,2.72975432211101,9.099181073703368,0.0,0.20069091279579,0.646591676885482
wind3_proposal_impulse,J-IndependentSafetyProjection,9227,0.260420395405135,0.6071552102937193,0.6452519365141899,11.191992720655142,0.0,2.2747952684258417,9.099181073703368,0.0,0.2394716911414661,0.6678490227845573
wind3_proposal_impulse,J-IndependentSafetyProjection,9228,0.2306614986381889,0.5182876826841596,0.6321861021164228,5.45950864422202,0.0,1.4558689717925388,9.099181073703368,0.0,0.2729563253270563,0.6784381048146277
wind3_proposal_impulse,J-IndependentSafetyProjection,9229,0.2451355788952453,0.5450031821591821,0.5746044132294511,8.46223839854413,0.0,3.4576888080072794,9.099181073703368,0.0,0.2902961674995585,0.6815656630918477
wind3_proposal_impulse,J-IndependentSafetyProjection,9230,0.2915968169492484,0.6710839622054219,0.7943800947451994,13.375796178343949,0.0,0.6369426751592357,9.099181073703368,0.0,0.1694893858941296,0.652301609661594
wind3_proposal_impulse,J-IndependentSafetyProjection,9231,0.2925789401423085,0.67529926698251,0.7225879749874164,14.194722474977253,0.0,1.2738853503184715,9.281164695177434,0.0,0.2254897225006833,0.6614591550032131
wind3_proposal_impulse,J-IndependentSafetyProjection,9232,0.2893947678150685,0.6621885173231256,0.7410894309588264,14.012738853503183,0.0,0.9099181073703366,9.099181073703368,0.0,0.2229257869814485,0.6623801053802562
wind3_proposal_impulse,J-IndependentSafetyProjection,9233,0.260910953085868,0.6254503434548327,0.7468740063075111,7.643312101910828,0.0,2.0928116469517746,9.099181073703368,0.0,0.2864124670831627,0.6756344821984057
wind3_proposal_impulse,J-IndependentSafetyProjection,9234,0.2802144540122386,0.6086859108794517,0.7202193857448707,13.10282074613285,0.0,2.456778889899909,9.099181073703368,0.0,0.2975975754073109,0.6620568618048693
wind3_proposal_impulse,J-IndependentSafetyProjection,9235,0.2816882573837944,0.6213219562873163,0.6699999019112479,12.556869881710648,0.0,1.4558689717925388,9.1901728844404,0.0,0.2704325088582489,0.6632900386326253
wind3_proposal_impulse,J-IndependentSafetyProjection,9236,0.2418518590075855,0.5498398462122629,0.6250568432067102,8.644222020018198,0.0,0.9099181073703366,9.099181073703368,0.0,0.1857106048056152,0.6629111783583941
wind3_proposal_impulse,J-IndependentSafetyProjection,9237,0.2947752714571606,0.6704444923554684,0.7242204143676334,13.739763421292084,0.0,0.7279344858962694,9.554140127388536,0.0,0.2178466209145818,0.6523970943649637
wind3_proposal_impulse,J-IndependentSafetyProjection,9238,0.284423809984231,0.6585760422320368,0.7816198139785383,9.7361237488626,0.0,2.547770700636943,9.099181073703368,0.0,0.2447233627123252,0.664447152627874
wind3_proposal_impulse,J-IndependentSafetyProjection,9239,0.2693011544163659,0.6159087040415602,0.671307970536114,11.91992720655141,0.0,1.2738853503184715,9.099181073703368,0.0,0.2450406549874676,0.6622260164503352
wind3_proposal_impulse,J-IndependentSafetyProjection,9240,0.2235483902227411,0.5134756773910265,0.5843392947693817,6.1874431301182895,0.0,2.9117379435850776,9.099181073703368,0.0,0.2761049142837206,0.6792269137233343
wind3_proposal_impulse,J-IndependentSafetyProjection,9241,0.2653598989138949,0.6322220627408649,0.6698311582445062,11.737943585077344,0.0,0.9099181073703366,9.099181073703368,0.0,0.1608112096868429,0.6558111353937857
wind3_proposal_impulse,J-IndependentSafetyProjection,9242,0.2730836301000103,0.6226615551781024,0.6599654270165813,11.91992720655141,0.0,1.364877161055505,9.099181073703368,0.0,0.2560542740846718,0.6678310569553702
wind3_proposal_impulse,J-IndependentSafetyProjection,9243,0.2341588583237803,0.509170252632393,0.630534495693294,6.6424021838034575,0.0,2.001819836214741,9.099181073703368,0.0,0.2371109150412345,0.669990623438363
wind3_proposal_impulse,J-IndependentSafetyProjection,9244,0.2959081854533055,0.6784777084021654,0.7877030221550122,13.92174704276615,0.0,0.0,9.099181073703368,0.0,0.1384832917141502,0.6545978547734048
wind3_proposal_impulse,J-IndependentSafetyProjection,9245,0.2315354181522894,0.5124793280061953,0.5412899741199958,6.096451319381256,0.0,3.2757051865332123,9.099181073703368,0.0,0.3265243424275593,0.684672842487524
wind3_proposal_impulse,J-IndependentSafetyProjection,9246,0.2997247889604758,0.6934373009067771,0.7761673683902814,14.194722474977253,0.0,0.0,9.099181073703368,0.0,0.1368509345536838,0.6402467498601339
wind3_proposal_impulse,J-IndependentSafetyProjection,9247,0.2180156086197548,0.4630078875637116,0.5650354187051262,4.003639672429482,0.0,3.1847133757961785,9.099181073703368,0.0,0.3191359256304138,0.6842517129185658
wind3_proposal_impulse,J-IndependentSafetyProjection,9248,0.2821228712830895,0.6780416922146826,0.8001132261841436,12.192902638762511,0.0,1.364877161055505,9.099181073703368,0.0,0.2417379183328784,0.6616985618570137
wind3_proposal_impulse,J-IndependentSafetyProjection,9249,0.2904683434013323,0.6774296333041226,0.7604315711105091,13.92174704276615,0.0,0.3639672429481347,9.099181073703368,0.0,0.175719081539408,0.662420181468511
wind3_proposal_impulse,J-IndependentSafetyProjection,9250,0.2339313917256863,0.5783868497194862,0.688350589731261,7.006369426751593,0.0,3.4576888080072794,9.099181073703368,0.0,0.3219420537632492,0.7068729403099401
wind3_proposal_impulse,J-IndependentSafetyProjection,9251,0.2845557078019344,0.7003979605768229,0.8292228806339671,10.464058234758872,0.0,1.4558689717925388,9.099181073703368,0.0,0.2472778856764337,0.6661029740584592
wind3_proposal_impulse,J-IndependentSafetyProjection,9252,0.2627948617051073,0.6238477803771648,0.682319876758578,11.64695177434031,0.0,0.0909918107370336,9.099181073703368,0.0,0.2019609673603225,0.6641092905351053
wind3_proposal_impulse,J-IndependentSafetyProjection,9253,0.2531168441043786,0.5719302739357637,0.6990818439958051,8.371246587807098,0.0,3.2757051865332123,9.099181073703368,0.0,0.2451047287818856,0.667992445499765
wind3_proposal_impulse,J-IndependentSafetyProjection,9254,0.2158452500132634,0.4937685847255819,0.5239762696003643,4.367606915377617,0.0,3.3666969972702456,9.099181073703368,0.0,0.2457073888517822,0.679379058661465
wind3_proposal_impulse,J-IndependentSafetyProjection,9255,0.2458437167958838,0.5602307587898515,0.6083390766443895,9.281164695177434,0.0,2.6387625113739763,9.099181073703368,0.0,0.2761455726294903,0.672805059751177
wind3_proposal_impulse,J-IndependentSafetyProjection,9256,0.3020188286666124,0.6732580979193316,0.8047966352272873,14.194722474977253,0.0,0.0,9.099181073703368,0.0,0.1985616537494054,0.6542848554194179
wind3_proposal_impulse,J-IndependentSafetyProjection,9257,0.2939024532673016,0.6804696937874068,0.8064028094563612,13.10282074613285,0.0,2.547770700636943,9.099181073703368,0.0,0.2240057506225413,0.6624200047841181
wind3_proposal_impulse,J-IndependentSafetyProjection,9258,0.2459410151334468,0.58789911837456,0.6374332496812438,9.7361237488626,0.0,1.364877161055505,9.099181073703368,0.0,0.1763917318980404,0.6576565584626324
wind3_proposal_impulse,J-IndependentSafetyProjection,9259,0.2656503348346529,0.6065082949655473,0.647271893685974,11.373976342129207,0.0,2.1838034576888083,9.099181073703368,0.0,0.2124477380635281,0.6550856283569125
wind3_proposal_impulse,J-IndependentSafetyProjection,9260,0.3176515064959182,0.7161855805155406,0.777180966885547,16.65150136487716,0.0,2.2747952684258417,9.099181073703368,0.0,0.227551390613198,0.6444162958684386
wind3_proposal_impulse,J-IndependentSafetyProjection,9261,0.2733454616376051,0.640798280410065,0.7652380813790589,9.099181073703368,0.0,2.0928116469517746,9.099181073703368,0.0,0.2601384289002749,0.6721672415519158
wind3_proposal_impulse,J-IndependentSafetyProjection,9262,0.2084501324887998,0.4775488846158451,0.6058796361069195,4.45859872611465,0.0,3.3666969972702456,9.099181073703368,0.0,0.2615911137075696,0.6896918688615871
wind3_proposal_impulse,J-IndependentSafetyProjection,9263,0.2978980165960382,0.6701444311349379,0.7082930271958029,14.194722474977253,0.0,1.1828935395814375,9.099181073703368,0.0,0.2230236958813322,0.6605032972062514
wind3_proposal_impulse,J-IndependentSafetyProjection,9264,0.2861659893154515,0.7191748905081495,0.8543055440201853,9.099181073703368,0.0,2.820746132848044,9.099181073703368,0.0,0.2628154275321307,0.6770377026709147
wind3_proposal_impulse,J-IndependentSafetyProjection,9265,0.1965127070682655,0.4585306562042779,0.574970953296777,3.912647861692448,0.0,4.367606915377617,9.099181073703368,0.0,0.3225860174391052,0.7125782362479969
wind3_proposal_impulse,J-IndependentSafetyProjection,9266,0.3152049385440656,0.7078722444663847,0.8317496684908456,15.650591446769791,0.0,0.0,9.099181073703368,0.0,0.1638893547722564,0.6514530082254903
wind3_proposal_impulse,J-IndependentSafetyProjection,9267,0.3015375975586961,0.6931518951478617,0.8305812151740808,14.10373066424022,0.0,1.2738853503184715,9.099181073703368,0.0,0.1970675782239408,0.6513365062279608
wind3_proposal_impulse,J-IndependentSafetyProjection,9268,0.245012863762458,0.6015909125159614,0.7153278286387084,7.279344858962693,0.0,1.5468607825295724,9.099181073703368,0.0,0.305168069794227,0.6833007126499304
wind3_proposal_impulse,J-IndependentSafetyProjection,9269,0.1863817619122603,0.4333544063013625,0.5402993570701604,3.002729754322111,0.0,4.640582347588717,9.099181073703368,0.0,0.3294545234178785,0.7169786620744447
wind3_proposal_impulse,J-IndependentSafetyProjection,9270,0.2975270733709546,0.6433465403150594,0.7415550338064892,13.739763421292084,0.0,2.1838034576888083,9.099181073703368,0.0,0.2380506987892536,0.6627266568825738
wind3_proposal_impulse,J-IndependentSafetyProjection,9271,0.2166469342533498,0.4700340246838363,0.558367324299659,4.094631483166515,0.0,4.276615104640583,9.099181073703368,0.0,0.3466318716324389,0.6997315615015022
wind3_proposal_impulse,J-IndependentSafetyProjection,9272,0.2508693281319599,0.5694975023734535,0.6980532227437369,8.18926296633303,0.0,1.8198362147406733,9.099181073703368,0.0,0.246228678412954,0.6748558035298504
wind3_proposal_impulse,J-IndependentSafetyProjection,9273,0.2058249476276475,0.4606727024014703,0.5108239107244688,1.7288444040036397,0.0,3.548680618744313,9.099181073703368,0.0,0.2792338439963316,0.6832107203919442
wind3_proposal_impulse,J-IndependentSafetyProjection,9274,0.2624083543158781,0.6135748615045431,0.668909074883372,11.555959963603277,0.0,1.1828935395814375,9.099181073703368,0.0,0.2163494951625523,0.6542290135675624
wind3_proposal_impulse,J-IndependentSafetyProjection,9275,0.2681809377390025,0.6169387701391176,0.7184978977084145,9.099181073703368,0.0,2.72975432211101,9.099181073703368,0.0,0.3074651111408379,0.6803688417830407
wind3_proposal_impulse,J-IndependentSafetyProjection,9276,0.2630467748349858,0.6595950380098103,0.7839841295084183,8.371246587807098,0.0,2.456778889899909,9.099181073703368,0.0,0.2781798866109731,0.6760126001329584
wind3_proposal_impulse,J-IndependentSafetyProjection,9277,0.2713520440458918,0.6220379640103092,0.7499343974789554,11.464968152866245,0.0,1.7288444040036397,9.099181073703368,0.0,0.1850300716269849,0.6567598189912974
wind3_proposal_impulse,J-IndependentSafetyProjection,9278,0.2460016773795738,0.5744923680558651,0.6455098594613438,9.827115559599635,0.0,2.820746132848044,9.099181073703368,0.0,0.2076148335882236,0.672366167344603
wind3_proposal_impulse,J-IndependentSafetyProjection,9279,0.2876074704683324,0.6740738343971411,0.7871616164756969,13.557779799818018,0.0,0.5459508644222021,9.099181073703368,0.0,0.1385773712742301,0.6578704137987604
wind3_proposal_impulse,J-IndependentSafetyProjection,9280,0.2996297226169617,0.6426418717449137,0.772624313410699,13.466787989080984,0.0,1.1828935395814375,9.099181073703368,0.0,0.2946921020950627,0.6663657600479157
wind3_proposal_impulse,J-IndependentSafetyProjection,9281,0.2270912348637933,0.5301447250669403,0.6526311341504497,5.641492265696088,0.0,3.0937215650591448,9.099181073703368,0.0,0.2571372088489216,0.6731827876617568
wind3_proposal_impulse,J-IndependentSafetyProjection,9282,0.2876308209353647,0.636810783130472,0.7646041693400015,12.283894449499543,0.0,1.637852593266606,9.099181073703368,0.0,0.1996863219410765,0.648218084133464
wind3_proposal_impulse,J-IndependentSafetyProjection,9283,0.1900605386468316,0.4170673000975382,0.50804077025851,1.2738853503184715,0.0,3.73066424021838,9.099181073703368,0.0,0.2962356989156133,0.7037767460442726
wind3_proposal_impulse,J-IndependentSafetyProjection,9284,0.2429342265907841,0.5679454430009384,0.6924458234888128,6.551410373066425,0.0,1.637852593266606,9.099181073703368,0.0,0.2650250507248526,0.6861463012125204
wind3_proposal_impulse,J-IndependentSafetyProjection,9285,0.199505388955792,0.4588562590241747,0.520037309084319,2.001819836214741,0.0,4.094631483166515,9.099181073703368,0.0,0.2571935913589864,0.6851025196986293
wind3_proposal_impulse,J-IndependentSafetyProjection,9286,0.2298364915637686,0.5032761108255951,0.62924122459028,5.095541401273886,0.0,1.1828935395814375,9.099181073703368,0.0,0.2173941738810647,0.6744620633219233
wind3_proposal_impulse,J-IndependentSafetyProjection,9287,0.2131315628233131,0.4627667039114643,0.5645350679656699,3.912647861692448,0.0,3.002729754322111,9.099181073703368,0.0,0.3186976214375572,0.7011612394830378
wind3_proposal_impulse,J-IndependentSafetyProjection,9288,0.2462756234859268,0.6294237259160218,0.7613827012564077,7.643312101910828,0.0,3.3666969972702456,9.099181073703368,0.0,0.2349467065355826,0.6780297896057864
wind3_proposal_impulse,J-IndependentSafetyProjection,9289,0.2667917669211582,0.5986207049801691,0.7184859501790861,10.91901728844404,0.0,2.3657870791628755,9.099181073703368,0.0,0.2508042024377317,0.6624049785143336
wind3_proposal_impulse,J-IndependentSafetyProjection,9290,0.3272572252246481,0.7423438314489181,0.8407673236588312,16.742493175614197,0.0,0.0,9.099181073703368,0.0,0.2036240822745048,0.6486332203600667
wind3_proposal_impulse,J-IndependentSafetyProjection,9291,0.3045823711098377,0.696318815897963,0.7616275057788287,15.104640582347589,0.0,0.6369426751592357,9.099181073703368,0.0,0.2158070677569472,0.6569014065221729
wind3_proposal_impulse,J-IndependentSafetyProjection,9292,0.2434976114612667,0.5736083522161598,0.6925422707166097,6.6424021838034575,0.0,1.637852593266606,9.099181073703368,0.0,0.2719211475786379,0.6715849781753455
wind3_proposal_impulse,J-IndependentSafetyProjection,9293,0.2212920428543406,0.5244709098500739,0.616679899561019,5.7324840764331215,0.0,4.003639672429482,9.099181073703368,0.0,0.3424298571999415,0.6828977182154152
wind3_proposal_impulse,J-IndependentSafetyProjection,9294,0.23609374665475,0.5597325636019532,0.673510462301192,6.46041856232939,0.0,3.1847133757961785,9.099181073703368,0.0,0.2968493319984022,0.6821919106504789
wind3_proposal_impulse,J-IndependentSafetyProjection,9295,0.2739591148785206,0.6225995768567749,0.7245987531486369,12.283894449499543,0.0,1.8198362147406733,9.099181073703368,0.0,0.2179440904681961,0.6662979658010892
wind3_proposal_impulse,J-IndependentSafetyProjection,9296,0.2276860907911979,0.5206245341581871,0.6242107062869847,5.550500454959054,0.0,4.549590536851683,9.099181073703368,0.0,0.3263583286638664,0.6930780833903413
wind3_proposal_impulse,J-IndependentSafetyProjection,9297,0.276363782197096,0.6338484531832803,0.7265742530179896,12.64786169244768,0.0,0.6369426751592357,9.099181073703368,0.0,0.1985288560584873,0.6522176723220062
wind3_proposal_impulse,J-IndependentSafetyProjection,9298,0.2630541649086338,0.618202249799966,0.6652814484467451,11.464968152866245,0.0,0.7279344858962694,9.099181073703368,0.0,0.1990626024480477,0.6627491839613956
wind3_proposal_impulse,J-IndependentSafetyProjection,9299,0.2603610848159288,0.6490595579663776,0.7877088138605997,8.007279344858963,0.0,2.001819836214741,9.099181073703368,0.0,0.2443038290103433,0.6892525855140247
compound_proposal_stuck,Nominal-Geo,9200,0.1414692386076535,0.2121990412212918,0.2257687415549485,0.0,0.0,0.0,0.0,0.0,0.0,0.9859545308408472
compound_proposal_stuck,Nominal-Geo,9201,0.1845570653281591,0.3020410405457522,0.311295767368215,0.0,0.0,0.0,0.0,0.0,0.0,0.9242061308453218
compound_proposal_stuck,Nominal-Geo,9202,0.1494886159139486,0.2258624172516286,0.2416080770590426,0.0,0.0,0.0,0.0,0.0,0.0,0.9753562321660898
compound_proposal_stuck,Nominal-Geo,9203,0.1679946189626107,0.2459489241895615,0.2568839906976917,0.0,0.0,0.0,0.0,0.0,0.0,0.9720373022468294
compound_proposal_stuck,Nominal-Geo,9204,0.1417073558391301,0.2234795109539296,0.237990194398832,0.0,0.0,0.0,0.0,0.0,0.0,0.990687099785609
compound_proposal_stuck,Nominal-Geo,9205,0.1632967220766879,0.2303711086637616,0.2370022063275126,0.0,0.0,0.0,0.0,0.0,0.0,0.9876750112095004
compound_proposal_stuck,Nominal-Geo,9206,0.1308536579243825,0.2032867570502436,0.2180522386192564,0.0,0.0,0.0,0.0,0.0,0.0,0.9916158998052426
compound_proposal_stuck,Nominal-Geo,9207,0.1634916326376867,0.291277415698883,0.3075862194027749,0.0,0.0,0.0,0.0,0.0,0.0,0.958586496196668
compound_proposal_stuck,Nominal-Geo,9208,0.1284173684604685,0.2105563243281128,0.221500326846975,0.0,0.0,0.0,0.0,0.0,0.0,0.9839502483629315
compound_proposal_stuck,Nominal-Geo,9209,0.1796393523137747,0.3096413540401954,0.3261343669097818,0.0,0.0,0.0,0.0,0.0,0.0,0.9470133162940428
compound_proposal_stuck,Nominal-Geo,9210,0.1579889978289035,0.2723207576649881,0.279261734949547,0.0,0.0,0.0,0.0,0.0,0.0,0.9696791712631748
compound_proposal_stuck,Nominal-Geo,9211,0.1165154602770218,0.1853066179619583,0.1901052272223015,0.0,0.0,0.0,0.0,0.0,0.0,0.9894618188319828
compound_proposal_stuck,Nominal-Geo,9212,0.1363342088184889,0.1997912989490555,0.2017667171505512,0.0,0.0,0.0,0.0,0.0,0.0,0.9863094698864868
compound_proposal_stuck,Nominal-Geo,9213,0.1521787243430268,0.283321613325847,0.2994990706326731,0.0,0.0,0.0,0.0,0.0,0.0,0.9582422988855716
compound_proposal_stuck,Nominal-Geo,9214,0.1326875556472678,0.1908564879876904,0.2034619249638673,0.0,0.0,0.0,0.0,0.0,0.0,0.9830463232142664
compound_proposal_stuck,Nominal-Geo,9215,0.1767667174108259,0.2825855399281417,0.3008554633619603,0.0,0.0,0.0,0.0,0.0,0.0,0.9328117007110373
compound_proposal_stuck,Nominal-Geo,9216,0.1761937242717459,0.2952138817396716,0.3107891064042136,0.0,0.0,0.0,0.0,0.0,0.0,0.978811737225561
compound_proposal_stuck,Nominal-Geo,9217,0.1194704314106578,0.1730670258948201,0.1969589123776884,0.0,0.0,0.0,0.0,0.0,0.0,0.9948629051919958
compound_proposal_stuck,Nominal-Geo,9218,0.1730021856571953,0.3017102053203593,0.3125550719441541,0.0,0.0,0.0,0.0,0.0,0.0,0.9480107697465936
compound_proposal_stuck,Nominal-Geo,9219,0.1590574319847048,0.2721016942676329,0.2905965014883661,0.0,0.0,0.0,0.0,0.0,0.0,0.9615000977514124
compound_proposal_stuck,Nominal-Geo,9220,0.1616596209326639,0.2443049642639106,0.2528370249058034,0.0,0.0,0.0,0.0,0.0,0.0,0.9815679165263516
compound_proposal_stuck,Nominal-Geo,9221,0.1377142011505844,0.2061525539061156,0.2172863448205356,0.0,0.0,0.0,0.0,0.0,0.0,0.9774279132608952
compound_proposal_stuck,Nominal-Geo,9222,0.1683822315545479,0.2748359599912687,0.2833399117663502,0.0,0.0,0.0,0.0,0.0,0.0,0.968193618817472
compound_proposal_stuck,Nominal-Geo,9223,0.1503799575315656,0.2192038943935168,0.2213944301758385,0.0,0.0,0.0,0.0,0.0,0.0,0.984177482244346
compound_proposal_stuck,Nominal-Geo,9224,0.1418918627007929,0.192049762903833,0.2037891647238245,0.0,0.0,0.0,0.0,0.0,0.0,0.984138480370982
compound_proposal_stuck,Nominal-Geo,9225,0.1742247098212433,0.3215573915506165,0.3384804579833334,0.0,0.0,0.0,0.0,0.0,0.0,0.9586888762410852
compound_proposal_stuck,Nominal-Geo,9226,0.1872236313293272,0.3131943247274377,0.3285510376967286,0.0,0.0,0.0,0.0,0.0,0.0,0.9483656387842804
compound_proposal_stuck,Nominal-Geo,9227,0.1703197511953612,0.285598245676134,0.3046894878030505,0.0,0.0,0.0,0.0,0.0,0.0,0.952438340012069
compound_proposal_stuck,Nominal-Geo,9228,0.175865680153851,0.2848454747143628,0.2981498571392935,0.0,0.0,0.0,0.0,0.0,0.0,0.9569440354164735
compound_proposal_stuck,Nominal-Geo,9229,0.1476508393034283,0.2447766656256549,0.2576649362912089,0.0,0.0,0.0,0.0,0.0,0.0,0.975364949558006
compound_proposal_stuck,Nominal-Geo,9230,0.1420772007694461,0.1682205576580885,0.179865071629192,0.0,0.0,0.0,0.0,0.0,0.0,0.9857789088965236
compound_proposal_stuck,Nominal-Geo,9231,0.126690526113412,0.2029230834362478,0.2148758959788597,0.0,0.0,0.0,0.0,0.0,0.0,0.99111455768158
compound_proposal_stuck,Nominal-Geo,9232,0.1510707500941868,0.21809608782701,0.2300469261683411,0.0,0.0,0.0,0.0,0.0,0.0,0.981698229179006
compound_proposal_stuck,Nominal-Geo,9233,0.1282480586035114,0.1772532607154067,0.191513973244978,0.0,0.0,0.0,0.0,0.0,0.0,0.9971948466705876
compound_proposal_stuck,Nominal-Geo,9234,0.117256203135826,0.1626187101459169,0.1712376303752306,0.0,0.0,0.0,0.0,0.0,0.0,0.9928617768322864
compound_proposal_stuck,Nominal-Geo,9235,0.1530533434320505,0.2325909124689516,0.2453833112998396,0.0,0.0,0.0,0.0,0.0,0.0,0.9749094702597724
compound_proposal_stuck,Nominal-Geo,9236,0.1415109868842881,0.2105388620712561,0.2179021010667766,0.0,0.0,0.0,0.0,0.0,0.0,0.9820374106301843
compound_proposal_stuck,Nominal-Geo,9237,0.1225945935995739,0.1665030342996525,0.1728401829817999,0.0,0.0,0.0,0.0,0.0,0.0,0.9923564930098911
compound_proposal_stuck,Nominal-Geo,9238,0.1509989747234126,0.2586583432371806,0.2717841316714961,0.0,0.0,0.0,0.0,0.0,0.0,0.9724124446776158
compound_proposal_stuck,Nominal-Geo,9239,0.1487138026850351,0.2088314715414073,0.2139619804235737,0.0,0.0,0.0,0.0,0.0,0.0,0.976331005028722
compound_proposal_stuck,Nominal-Geo,9240,0.1581982326084148,0.230703806820536,0.2452234014272905,0.0,0.0,0.0,0.0,0.0,0.0,0.9802398966010324
compound_proposal_stuck,Nominal-Geo,9241,0.129447242084085,0.168539846428907,0.1967867151916468,0.0,0.0,0.0,0.0,0.0,0.0,0.9781914861630152
compound_proposal_stuck,Nominal-Geo,9242,0.1505957222042968,0.2256481891930984,0.2262704627327355,0.0,0.0,0.0,0.0,0.0,0.0,0.9762950091983404
compound_proposal_stuck,Nominal-Geo,9243,0.1523069826346266,0.2770373590859629,0.2939715504742657,0.0,0.0,0.0,0.0,0.0,0.0,0.9766110402533384
compound_proposal_stuck,Nominal-Geo,9244,0.1660474106136641,0.2550359631297106,0.2620644404068112,0.0,0.0,0.0,0.0,0.0,0.0,0.9670881306092336
compound_proposal_stuck,Nominal-Geo,9245,0.126960142520699,0.2405408563820738,0.2562674268492464,0.0,0.0,0.0,0.0,0.0,0.0,0.9845284511341654
compound_proposal_stuck,Nominal-Geo,9246,0.1284681496086194,0.1731356205898963,0.183156140245873,0.0,0.0,0.0,0.0,0.0,0.0,0.987831193373516
compound_proposal_stuck,Nominal-Geo,9247,0.1380778982515261,0.2092989550655386,0.2244497653399268,0.0,0.0,0.0,0.0,0.0,0.0,0.9913124818085552
compound_proposal_stuck,Nominal-Geo,9248,0.1303038699344306,0.1824307100647408,0.1973865980230503,0.0,0.0,0.0,0.0,0.0,0.0,0.9817412825693964
compound_proposal_stuck,Nominal-Geo,9249,0.1318005149110754,0.227792142419962,0.2373953212843234,0.0,0.0,0.0,0.0,0.0,0.0,0.9825250810586248
compound_proposal_stuck,Nominal-Geo,9250,0.1552949277719849,0.285389762251196,0.3047457862014112,0.0,0.0,0.0,0.0,0.0,0.0,0.981527069395782
compound_proposal_stuck,Nominal-Geo,9251,0.1289841674352491,0.1717717756565563,0.1747313055560995,0.0,0.0,0.0,0.0,0.0,0.0,0.9889254899780332
compound_proposal_stuck,Nominal-Geo,9252,0.1500486330070976,0.2270316832055196,0.2404071015212205,0.0,0.0,0.0,0.0,0.0,0.0,0.99099647929909
compound_proposal_stuck,Nominal-Geo,9253,0.1640148246651158,0.260117028266156,0.2741446450738381,0.0,0.0,0.0,0.0,0.0,0.0,0.9523160714863912
compound_proposal_stuck,Nominal-Geo,9254,0.1160398510644276,0.138507087017718,0.1477348830890139,0.0,0.0,0.0,0.0,0.0,0.0,0.9968552375883952
compound_proposal_stuck,Nominal-Geo,9255,0.1632239256610242,0.21710104074813,0.2260152880549781,0.0,0.0,0.0,0.0,0.0,0.0,0.9828706234426492
compound_proposal_stuck,Nominal-Geo,9256,0.130555401228423,0.20626418344245,0.2159135664719175,0.0,0.0,0.0,0.0,0.0,0.0,0.9769907956122584
compound_proposal_stuck,Nominal-Geo,9257,0.1746438670420473,0.2482164814448434,0.2583302505123156,0.0,0.0,0.0,0.0,0.0,0.0,0.9734628147393414
compound_proposal_stuck,Nominal-Geo,9258,0.1409424594966389,0.1905981593056872,0.1959867718950655,0.0,0.0,0.0,0.0,0.0,0.0,0.97697385184972
compound_proposal_stuck,Nominal-Geo,9259,0.1403282018989992,0.1726960450419802,0.183438944615416,0.0,0.0,0.0,0.0,0.0,0.0,0.986145247182078
compound_proposal_stuck,Nominal-Geo,9260,0.1625614890784441,0.2407556159923105,0.25410525351758,0.0,0.0,0.0,0.0,0.0,0.0,0.9777953373623391
compound_proposal_stuck,Nominal-Geo,9261,0.1413718303840402,0.2212590804842726,0.2322614738108907,0.0,0.0,0.0,0.0,0.0,0.0,0.9840321085957812
compound_proposal_stuck,Nominal-Geo,9262,0.1441760774364126,0.1899174278436744,0.1977262413914506,0.0,0.0,0.0,0.0,0.0,0.0,0.9768085602456442
compound_proposal_stuck,Nominal-Geo,9263,0.1150077382779447,0.1455150543663407,0.1466454398881512,0.0,0.0,0.0,0.0,0.0,0.0,0.9839859807262372
compound_proposal_stuck,Nominal-Geo,9264,0.1470032097337678,0.2643645632894381,0.2790006229973278,0.0,0.0,0.0,0.0,0.0,0.0,0.9728479546388038
compound_proposal_stuck,Nominal-Geo,9265,0.1249972917524155,0.1607976235160387,0.1663316311731526,0.0,0.0,0.0,0.0,0.0,0.0,0.9929617379616472
compound_proposal_stuck,Nominal-Geo,9266,0.162550278529653,0.2255951372553889,0.2395949033504223,0.0,0.0,0.0,0.0,0.0,0.0,0.982125719299195
compound_proposal_stuck,Nominal-Geo,9267,0.1651579926064584,0.2293645284100875,0.2385360438782186,0.0,0.0,0.0,0.0,0.0,0.0,0.9798622168012922
compound_proposal_stuck,Nominal-Geo,9268,0.1476235378448715,0.2298368657636046,0.2347993748127484,0.0,0.0,0.0,0.0,0.0,0.0,0.9815975669313468
compound_proposal_stuck,Nominal-Geo,9269,0.1596264043242539,0.3052210615446557,0.3320360469382664,0.0,0.0,0.0,0.0,0.0,0.0,0.94952056731876
compound_proposal_stuck,Nominal-Geo,9270,0.1486426705906432,0.2967084446861395,0.3068720158001083,0.0,0.0,0.0,0.0,0.0,0.0,0.9692468477357168
compound_proposal_stuck,Nominal-Geo,9271,0.1518836791472915,0.2221238767350267,0.2345409452813674,0.0,0.0,0.0,0.0,0.0,0.0,0.971258928533038
compound_proposal_stuck,Nominal-Geo,9272,0.1698442133024316,0.240931656586995,0.2582917569582407,0.0,0.0,0.0,0.0,0.0,0.0,0.9738953215330952
compound_proposal_stuck,Nominal-Geo,9273,0.1593546391697427,0.324639205861398,0.3480704654677453,0.0,0.0,0.0,0.0,0.0,0.0,0.9642640672645708
compound_proposal_stuck,Nominal-Geo,9274,0.1714869545051978,0.2548847976665555,0.2647134774194759,0.0,0.0,0.0,0.0,0.0,0.0,0.9748624425979326
compound_proposal_stuck,Nominal-Geo,9275,0.1614502901997927,0.2662886904405785,0.2814032258006152,0.0,0.0,0.0,0.0,0.0,0.0,0.9574639044767488
compound_proposal_stuck,Nominal-Geo,9276,0.1557031544677903,0.2782949548457283,0.2928260079536325,0.0,0.0,0.0,0.0,0.0,0.0,0.9797879125564052
compound_proposal_stuck,Nominal-Geo,9277,0.1290817634266722,0.2280488683569048,0.2447556924822395,0.0,0.0,0.0,0.0,0.0,0.0,0.9740382522313
compound_proposal_stuck,Nominal-Geo,9278,0.1281484011042302,0.1700724581131162,0.171978303984217,0.0,0.0,0.0,0.0,0.0,0.0,0.9940624064624484
compound_proposal_stuck,Nominal-Geo,9279,0.1277357072622393,0.2004357283912921,0.2134712268908842,0.0,0.0,0.0,0.0,0.0,0.0,0.9711977781066914
compound_proposal_stuck,Nominal-Geo,9280,0.1268983569716203,0.1638306500122337,0.173445564595773,0.0,0.0,0.0,0.0,0.0,0.0,0.9901580297164252
compound_proposal_stuck,Nominal-Geo,9281,0.1353814928220699,0.228475791427056,0.2444410986847217,0.0,0.0,0.0,0.0,0.0,0.0,0.9889637783790972
compound_proposal_stuck,Nominal-Geo,9282,0.1332790934696202,0.1812171208962228,0.2000481742555784,0.0,0.0,0.0,0.0,0.0,0.0,0.9887975751683644
compound_proposal_stuck,Nominal-Geo,9283,0.1638758893287792,0.2956413101124214,0.3112168598756831,0.0,0.0,0.0,0.0,0.0,0.0,0.9493820765801368
compound_proposal_stuck,Nominal-Geo,9284,0.1573004527433165,0.2384338783924587,0.2448078491063172,0.0,0.0,0.0,0.0,0.0,0.0,0.9715839973338382
compound_proposal_stuck,Nominal-Geo,9285,0.1342470941876652,0.2190839211814168,0.2310158915471949,0.0,0.0,0.0,0.0,0.0,0.0,0.9848427755677476
compound_proposal_stuck,Nominal-Geo,9286,0.1259114314822262,0.175257054247505,0.1859625627772386,0.0,0.0,0.0,0.0,0.0,0.0,0.991301861892454
compound_proposal_stuck,Nominal-Geo,9287,0.1904952613666695,0.3185698579984347,0.3381066781379589,0.0,0.0,0.0,0.0,0.0,0.0,0.9422144190386952
compound_proposal_stuck,Nominal-Geo,9288,0.1269623835969895,0.1696004866408056,0.1768306412984158,0.0,0.0,0.0,0.0,0.0,0.0,0.9910441538281028
compound_proposal_stuck,Nominal-Geo,9289,0.1280391422759478,0.1899054928669853,0.201040178203899,0.0,0.0,0.0,0.0,0.0,0.0,0.9883478742730932
compound_proposal_stuck,Nominal-Geo,9290,0.1181445876964946,0.1529598072029452,0.1589109307473033,0.0,0.0,0.0,0.0,0.0,0.0,0.9788618728762948
compound_proposal_stuck,Nominal-Geo,9291,0.1360403653955907,0.1774010624831841,0.1814931035132665,0.0,0.0,0.0,0.0,0.0,0.0,0.987285427637282
compound_proposal_stuck,Nominal-Geo,9292,0.1563901544876607,0.2581029685201547,0.2714891955554982,0.0,0.0,0.0,0.0,0.0,0.0,0.9769769961334206
compound_proposal_stuck,Nominal-Geo,9293,0.1519814034957771,0.2517400043102119,0.2653919009100812,0.0,0.0,0.0,0.0,0.0,0.0,0.972441208279648
compound_proposal_stuck,Nominal-Geo,9294,0.1665135513390819,0.251118011960316,0.2711852192942767,0.0,0.0,0.0,0.0,0.0,0.0,0.9712745857547324
compound_proposal_stuck,Nominal-Geo,9295,0.1690145523822317,0.2644115518736983,0.2716913619988293,0.0,0.0,0.0,0.0,0.0,0.0,0.9810012878522182
compound_proposal_stuck,Nominal-Geo,9296,0.1224050484408093,0.1636760575663506,0.1647078217505146,0.0,0.0,0.0,0.0,0.0,0.0,0.9795228007091914
compound_proposal_stuck,Nominal-Geo,9297,0.1445711184838387,0.2121140854350602,0.2240227902016705,0.0,0.0,0.0,0.0,0.0,0.0,0.9694188041505728
compound_proposal_stuck,Nominal-Geo,9298,0.1402682576876752,0.2276308701706602,0.2457811183170047,0.0,0.0,0.0,0.0,0.0,0.0,0.9740055766046032
compound_proposal_stuck,Nominal-Geo,9299,0.1592752760639611,0.2769525872274508,0.2940716000906524,0.0,0.0,0.0,0.0,0.0,0.0,0.9739397265718504
compound_proposal_stuck,CurrentOnly-AE-CeNN-494,9200,0.1016851078235756,0.1585128140565916,0.1701186852904851,0.0,0.0,0.0,0.0,0.0,0.0,0.984587350135488
compound_proposal_stuck,CurrentOnly-AE-CeNN-494,9201,0.1400804784152115,0.2416862869355025,0.2504016189051599,0.0,0.0,0.0,0.0,0.0,0.0,0.9244357167121372
compound_proposal_stuck,CurrentOnly-AE-CeNN-494,9202,0.1135930722899564,0.1792662827114785,0.192402250074696,0.0,0.0,0.0,0.0,0.0,0.0,0.9735389539515416
compound_proposal_stuck,CurrentOnly-AE-CeNN-494,9203,0.1287836987451719,0.1988896635213314,0.207638331925254,0.0,0.0,0.0,0.0,0.0,0.0,0.9780934370558964
compound_proposal_stuck,CurrentOnly-AE-CeNN-494,9204,0.1045357539108298,0.1771267921029394,0.1883533530921614,0.0,0.0,0.0,0.0,0.0,0.0,0.9885401296226352
compound_proposal_stuck,CurrentOnly-AE-CeNN-494,9205,0.1197805384475404,0.1715194755327842,0.1808199729346474,0.0,0.0,0.0,0.0,0.0,0.0,0.983788212230276
compound_proposal_stuck,CurrentOnly-AE-CeNN-494,9206,0.0965733590727565,0.1539217403323363,0.1640547430499071,0.0,0.0,0.0,0.0,0.0,0.0,0.9916602252422352
compound_proposal_stuck,CurrentOnly-AE-CeNN-494,9207,0.1188029181785311,0.2283253727452716,0.2404513880308237,0.0,0.0,0.0,0.0,0.0,0.0,0.9609898514188852
compound_proposal_stuck,CurrentOnly-AE-CeNN-494,9208,0.0938928219527161,0.1582264525829463,0.1670535370081713,0.0,0.0,0.0,0.0,0.0,0.0,0.9793443034638356
compound_proposal_stuck,CurrentOnly-AE-CeNN-494,9209,0.1347784439699669,0.2420418047697878,0.2579671914112585,0.0,0.0,0.0,0.0,0.0,0.0,0.9504088010411348
compound_proposal_stuck,CurrentOnly-AE-CeNN-494,9210,0.1139423100949353,0.2056581288202511,0.2100392402011331,0.0,0.0,0.0,0.0,0.0,0.0,0.9706410310265736
compound_proposal_stuck,CurrentOnly-AE-CeNN-494,9211,0.0785612214378978,0.1235665595450679,0.1273816353717868,0.0,0.0,0.0,0.0,0.0,0.0,0.9874840272277868
compound_proposal_stuck,CurrentOnly-AE-CeNN-494,9212,0.0987704897971535,0.1580435192687771,0.1603070812181429,0.0,0.0,0.0,0.0,0.0,0.0,0.9894929870451687
compound_proposal_stuck,CurrentOnly-AE-CeNN-494,9213,0.1159351814145185,0.2310943739050631,0.244852209295909,0.0,0.0,0.0,0.0,0.0,0.0,0.9572006435284346
compound_proposal_stuck,CurrentOnly-AE-CeNN-494,9214,0.093324897476975,0.1365797620922723,0.1455648363139931,0.0,0.0,0.0,0.0,0.0,0.0,0.9856761025764322
compound_proposal_stuck,CurrentOnly-AE-CeNN-494,9215,0.1345892453710949,0.2231617954013604,0.2391438753470251,0.0,0.0,0.0,0.0,0.0,0.0,0.9344826259301788
compound_proposal_stuck,CurrentOnly-AE-CeNN-494,9216,0.132920918181388,0.229287897556941,0.2416225088636076,0.0,0.0,0.0,0.0,0.0,0.0,0.9785948693568444
compound_proposal_stuck,CurrentOnly-AE-CeNN-494,9217,0.0842660859696253,0.1178065974650903,0.1353571468288246,0.0,0.0,0.0,0.0,0.0,0.0,0.9922780342125204
compound_proposal_stuck,CurrentOnly-AE-CeNN-494,9218,0.1331843712366206,0.250332789954494,0.2597316477906147,0.0,0.0,0.0,0.0,0.0,0.0,0.953876893287546
compound_proposal_stuck,CurrentOnly-AE-CeNN-494,9219,0.1161497047637648,0.2083805088779169,0.2238658150556072,0.0,0.0,0.0,0.0,0.0,0.0,0.965925896256662
compound_proposal_stuck,CurrentOnly-AE-CeNN-494,9220,0.1147603193301859,0.1851213940604674,0.1902028305982994,0.0,0.0,0.0,0.0,0.0,0.0,0.9797986282123096
compound_proposal_stuck,CurrentOnly-AE-CeNN-494,9221,0.1025537546451629,0.1600607189417201,0.1698586717873559,0.0,0.0,0.0,0.0,0.0,0.0,0.9744997598388222
compound_proposal_stuck,CurrentOnly-AE-CeNN-494,9222,0.125679665688622,0.2109464759890796,0.2176013022511076,0.0,0.0,0.0,0.0,0.0,0.0,0.9699127014274724
compound_proposal_stuck,CurrentOnly-AE-CeNN-494,9223,0.1106203994164923,0.169985387017161,0.1743414428504373,0.0,0.0,0.0,0.0,0.0,0.0,0.9841566225740788
compound_proposal_stuck,CurrentOnly-AE-CeNN-494,9224,0.1061374314674564,0.1531767502840612,0.1631237796020457,0.0,0.0,0.0,0.0,0.0,0.0,0.9821302909672592
compound_proposal_stuck,CurrentOnly-AE-CeNN-494,9225,0.1363522015736237,0.267430914962677,0.2827517017530803,0.0,0.0,0.0,0.0,0.0,0.0,0.9620383845708912
compound_proposal_stuck,CurrentOnly-AE-CeNN-494,9226,0.1427900925069418,0.2545920235621177,0.2676970365337618,0.0,0.0,0.0,0.0,0.0,0.0,0.9479810115500936
compound_proposal_stuck,CurrentOnly-AE-CeNN-494,9227,0.1257024398639087,0.2162906628986679,0.2329323622707148,0.0,0.0,0.0,0.0,0.0,0.0,0.9566469741746448
compound_proposal_stuck,CurrentOnly-AE-CeNN-494,9228,0.135724163089844,0.2271179534401833,0.2453203844048735,0.0,0.0,0.0,0.0,0.0,0.0,0.9551972195437256
compound_proposal_stuck,CurrentOnly-AE-CeNN-494,9229,0.1102214603560327,0.1930089862825227,0.202177089954532,0.0,0.0,0.0,0.0,0.0,0.0,0.9757288504436892
compound_proposal_stuck,CurrentOnly-AE-CeNN-494,9230,0.0975009314026846,0.1206132438604024,0.1308292124255568,0.0,0.0,0.0,0.0,0.0,0.0,0.9841217314007304
compound_proposal_stuck,CurrentOnly-AE-CeNN-494,9231,0.0912170768715729,0.1497098698777733,0.158988406072997,0.0,0.0,0.0,0.0,0.0,0.0,0.9879765974178408
compound_proposal_stuck,CurrentOnly-AE-CeNN-494,9232,0.1031862375020337,0.1521281656856983,0.1586508277540188,0.0,0.0,0.0,0.0,0.0,0.0,0.9822134713378874
compound_proposal_stuck,CurrentOnly-AE-CeNN-494,9233,0.0898786343433888,0.133441631552165,0.1382838577113288,0.0,0.0,0.0,0.0,0.0,0.0,0.9958931639449264
compound_proposal_stuck,CurrentOnly-AE-CeNN-494,9234,0.0804133702228975,0.1151777437571622,0.1227799083956759,0.0,0.0,0.0,0.0,0.0,0.0,0.991551139671976
compound_proposal_stuck,CurrentOnly-AE-CeNN-494,9235,0.1065876778808261,0.1770229552028456,0.1874555476044548,0.0,0.0,0.0,0.0,0.0,0.0,0.9757534380482956
compound_proposal_stuck,CurrentOnly-AE-CeNN-494,9236,0.101358411728178,0.1587664365585937,0.1649534446154554,0.0,0.0,0.0,0.0,0.0,0.0,0.9823516803731148
compound_proposal_stuck,CurrentOnly-AE-CeNN-494,9237,0.0872368478368602,0.1242294015998227,0.12807527121579,0.0,0.0,0.0,0.0,0.0,0.0,0.991022728635218
compound_proposal_stuck,CurrentOnly-AE-CeNN-494,9238,0.1118396818210563,0.1948597280168281,0.2054297839107672,0.0,0.0,0.0,0.0,0.0,0.0,0.9709939075643926
compound_proposal_stuck,CurrentOnly-AE-CeNN-494,9239,0.1093106925105399,0.1569406726724099,0.1605472728608716,0.0,0.0,0.0,0.0,0.0,0.0,0.9800616974713344
compound_proposal_stuck,CurrentOnly-AE-CeNN-494,9240,0.1198168562237706,0.1861545017216683,0.1981459891291301,0.0,0.0,0.0,0.0,0.0,0.0,0.9800214200045192
compound_proposal_stuck,CurrentOnly-AE-CeNN-494,9241,0.094855175445331,0.1257857289766405,0.1408192871712212,0.0,0.0,0.0,0.0,0.0,0.0,0.9754161205930936
compound_proposal_stuck,CurrentOnly-AE-CeNN-494,9242,0.1090833482191565,0.1648175515619949,0.1674632759319219,0.0,0.0,0.0,0.0,0.0,0.0,0.9821654843707758
compound_proposal_stuck,CurrentOnly-AE-CeNN-494,9243,0.1076607934630975,0.2040580867588694,0.2180871578205595,0.0,0.0,0.0,0.0,0.0,0.0,0.9779321846416192
compound_proposal_stuck,CurrentOnly-AE-CeNN-494,9244,0.1147732579928829,0.1822504482442938,0.1877087552066957,0.0,0.0,0.0,0.0,0.0,0.0,0.9709725984329975
compound_proposal_stuck,CurrentOnly-AE-CeNN-494,9245,0.0955528164235482,0.1907160826529634,0.2044630343148855,0.0,0.0,0.0,0.0,0.0,0.0,0.975115756004224
compound_proposal_stuck,CurrentOnly-AE-CeNN-494,9246,0.0925358063673059,0.1292064792174756,0.1367878112289416,0.0,0.0,0.0,0.0,0.0,0.0,0.984291114072824
compound_proposal_stuck,CurrentOnly-AE-CeNN-494,9247,0.1008920523269619,0.1637788915272818,0.1762099437086222,0.0,0.0,0.0,0.0,0.0,0.0,0.9883005175051228
compound_proposal_stuck,CurrentOnly-AE-CeNN-494,9248,0.093083813473597,0.1414169372277542,0.1528185909526164,0.0,0.0,0.0,0.0,0.0,0.0,0.9820788541752556
compound_proposal_stuck,CurrentOnly-AE-CeNN-494,9249,0.0949832859330231,0.1650947695179526,0.1714052901637332,0.0,0.0,0.0,0.0,0.0,0.0,0.9787815756843232
compound_proposal_stuck,CurrentOnly-AE-CeNN-494,9250,0.1158211894408658,0.2278299418650098,0.2441352561436879,0.0,0.0,0.0,0.0,0.0,0.0,0.9815014950831256
compound_proposal_stuck,CurrentOnly-AE-CeNN-494,9251,0.0887093565834484,0.1156934862705961,0.1264745619678741,0.0,0.0,0.0,0.0,0.0,0.0,0.9881038791850194
compound_proposal_stuck,CurrentOnly-AE-CeNN-494,9252,0.1095536643265446,0.168634914593768,0.179079498407674,0.0,0.0,0.0,0.0,0.0,0.0,0.9894975819821272
compound_proposal_stuck,CurrentOnly-AE-CeNN-494,9253,0.1169448378796238,0.1885635648644629,0.1987089459506004,0.0,0.0,0.0,0.0,0.0,0.0,0.9569495468037488
compound_proposal_stuck,CurrentOnly-AE-CeNN-494,9254,0.0803952580510089,0.1024221902420374,0.1099671482986194,0.0,0.0,0.0,0.0,0.0,0.0,0.9959754958363572
compound_proposal_stuck,CurrentOnly-AE-CeNN-494,9255,0.1143897639705294,0.1566021636776481,0.1617907033317036,0.0,0.0,0.0,0.0,0.0,0.0,0.9840958525673448
compound_proposal_stuck,CurrentOnly-AE-CeNN-494,9256,0.0973881648689691,0.1657917785589837,0.1710689855830188,0.0,0.0,0.0,0.0,0.0,0.0,0.9737376642825992
compound_proposal_stuck,CurrentOnly-AE-CeNN-494,9257,0.1290501426760958,0.1841299090533737,0.1918044922405744,0.0,0.0,0.0,0.0,0.0,0.0,0.9766124699065064
compound_proposal_stuck,CurrentOnly-AE-CeNN-494,9258,0.0967362914832122,0.1323396696653681,0.1392215907345836,0.0,0.0,0.0,0.0,0.0,0.0,0.9735442925013216
compound_proposal_stuck,CurrentOnly-AE-CeNN-494,9259,0.0974859562745203,0.1241855114401,0.1291694440296691,0.0,0.0,0.0,0.0,0.0,0.0,0.9849428813026986
compound_proposal_stuck,CurrentOnly-AE-CeNN-494,9260,0.1131688358978216,0.1709312065350473,0.1815150417930953,0.0,0.0,0.0,0.0,0.0,0.0,0.9788571214683356
compound_proposal_stuck,CurrentOnly-AE-CeNN-494,9261,0.1023034978417369,0.179143972497451,0.1895511285197417,0.0,0.0,0.0,0.0,0.0,0.0,0.9808843679028316
compound_proposal_stuck,CurrentOnly-AE-CeNN-494,9262,0.1045112801785856,0.147232336042471,0.1492800505347973,0.0,0.0,0.0,0.0,0.0,0.0,0.9789473373178154
compound_proposal_stuck,CurrentOnly-AE-CeNN-494,9263,0.08076328850479,0.1002934418284388,0.1026276093261397,0.0,0.0,0.0,0.0,0.0,0.0,0.983179116298254
compound_proposal_stuck,CurrentOnly-AE-CeNN-494,9264,0.1122117532530687,0.2129433799541219,0.2264194709339957,0.0,0.0,0.0,0.0,0.0,0.0,0.9716694305720064
compound_proposal_stuck,CurrentOnly-AE-CeNN-494,9265,0.0864043463452177,0.1111703647859072,0.1123940171667168,0.0,0.0,0.0,0.0,0.0,0.0,0.9904352861382048
compound_proposal_stuck,CurrentOnly-AE-CeNN-494,9266,0.1224957376244761,0.169562893273276,0.1810890322961738,0.0,0.0,0.0,0.0,0.0,0.0,0.9802768648346482
compound_proposal_stuck,CurrentOnly-AE-CeNN-494,9267,0.1174024984616656,0.1674006500564968,0.1739345734216924,0.0,0.0,0.0,0.0,0.0,0.0,0.9832863365032686
compound_proposal_stuck,CurrentOnly-AE-CeNN-494,9268,0.1101732602087318,0.1720701676644788,0.1765951864653702,0.0,0.0,0.0,0.0,0.0,0.0,0.9891055235886712
compound_proposal_stuck,CurrentOnly-AE-CeNN-494,9269,0.1200739652248464,0.2578670151796726,0.2813137607610754,0.0,0.0,0.0,0.0,0.0,0.0,0.951563800457775
compound_proposal_stuck,CurrentOnly-AE-CeNN-494,9270,0.1072120270356931,0.2273738166240602,0.235512876946783,0.0,0.0,0.0,0.0,0.0,0.0,0.974266312540604
compound_proposal_stuck,CurrentOnly-AE-CeNN-494,9271,0.1090510835856834,0.1639638957015949,0.1717423484035138,0.0,0.0,0.0,0.0,0.0,0.0,0.9705062093443676
compound_proposal_stuck,CurrentOnly-AE-CeNN-494,9272,0.1238326281714295,0.1768571244859552,0.191508376432034,0.0,0.0,0.0,0.0,0.0,0.0,0.9717921281418276
compound_proposal_stuck,CurrentOnly-AE-CeNN-494,9273,0.1227638488828167,0.268358627313551,0.2890708334453148,0.0,0.0,0.0,0.0,0.0,0.0,0.9656443648428276
compound_proposal_stuck,CurrentOnly-AE-CeNN-494,9274,0.1337135787445507,0.2058229479876992,0.2153273563248026,0.0,0.0,0.0,0.0,0.0,0.0,0.9751110904245186
compound_proposal_stuck,CurrentOnly-AE-CeNN-494,9275,0.1181659258250133,0.1949574613983174,0.2061751216891842,0.0,0.0,0.0,0.0,0.0,0.0,0.960245308240474
compound_proposal_stuck,CurrentOnly-AE-CeNN-494,9276,0.1165512617312872,0.223658086532054,0.2366198681882408,0.0,0.0,0.0,0.0,0.0,0.0,0.9822369109067796
compound_proposal_stuck,CurrentOnly-AE-CeNN-494,9277,0.0944887025687105,0.1737891826281072,0.1862815928729031,0.0,0.0,0.0,0.0,0.0,0.0,0.9734487946703252
compound_proposal_stuck,CurrentOnly-AE-CeNN-494,9278,0.0925728074527798,0.1275225258662787,0.1297702092157151,0.0,0.0,0.0,0.0,0.0,0.0,0.993250126576878
compound_proposal_stuck,CurrentOnly-AE-CeNN-494,9279,0.0896280750420008,0.1566616952187804,0.1685354404117232,0.0,0.0,0.0,0.0,0.0,0.0,0.9668236956871072
compound_proposal_stuck,CurrentOnly-AE-CeNN-494,9280,0.0881890149364562,0.1147152782476381,0.1212715804329078,0.0,0.0,0.0,0.0,0.0,0.0,0.9880715544194942
compound_proposal_stuck,CurrentOnly-AE-CeNN-494,9281,0.1030417870575017,0.1847571832176133,0.1987627463814759,0.0,0.0,0.0,0.0,0.0,0.0,0.9833786408517118
compound_proposal_stuck,CurrentOnly-AE-CeNN-494,9282,0.0968014705148945,0.1365384254301335,0.1513657780590038,0.0,0.0,0.0,0.0,0.0,0.0,0.9876738829357612
compound_proposal_stuck,CurrentOnly-AE-CeNN-494,9283,0.125569178696566,0.2363454869925876,0.2496672339689646,0.0,0.0,0.0,0.0,0.0,0.0,0.9551543427891034
compound_proposal_stuck,CurrentOnly-AE-CeNN-494,9284,0.117829087827074,0.1933925011606678,0.2003506849251781,0.0,0.0,0.0,0.0,0.0,0.0,0.9703368919790472
compound_proposal_stuck,CurrentOnly-AE-CeNN-494,9285,0.095852434180047,0.1611974889159687,0.171180819699025,0.0,0.0,0.0,0.0,0.0,0.0,0.9868386181097504
compound_proposal_stuck,CurrentOnly-AE-CeNN-494,9286,0.0849209618918364,0.1258723276351026,0.1351791956783645,0.0,0.0,0.0,0.0,0.0,0.0,0.987344179614143
compound_proposal_stuck,CurrentOnly-AE-CeNN-494,9287,0.143851602676901,0.2499390873388517,0.2666965662620941,0.0,0.0,0.0,0.0,0.0,0.0,0.9478117213090124
compound_proposal_stuck,CurrentOnly-AE-CeNN-494,9288,0.0904578714856617,0.1247025246197565,0.1319144917273815,0.0,0.0,0.0,0.0,0.0,0.0,0.9902382643746844
compound_proposal_stuck,CurrentOnly-AE-CeNN-494,9289,0.0861031452580277,0.126653693944801,0.1322318864296338,0.0,0.0,0.0,0.0,0.0,0.0,0.9844820460844028
compound_proposal_stuck,CurrentOnly-AE-CeNN-494,9290,0.0824503495034727,0.1036255282266094,0.1061984374558116,0.0,0.0,0.0,0.0,0.0,0.0,0.9794447746889914
compound_proposal_stuck,CurrentOnly-AE-CeNN-494,9291,0.0995795600318252,0.1333692374003478,0.1394471442082146,0.0,0.0,0.0,0.0,0.0,0.0,0.9831284740227424
compound_proposal_stuck,CurrentOnly-AE-CeNN-494,9292,0.1106269127656751,0.1860675180808697,0.1965079331672545,0.0,0.0,0.0,0.0,0.0,0.0,0.976523895712068
compound_proposal_stuck,CurrentOnly-AE-CeNN-494,9293,0.1132634324003347,0.1994342914872495,0.2115329115717851,0.0,0.0,0.0,0.0,0.0,0.0,0.9692183901848832
compound_proposal_stuck,CurrentOnly-AE-CeNN-494,9294,0.1200743936617351,0.1963518754791146,0.2138410605977656,0.0,0.0,0.0,0.0,0.0,0.0,0.9676083679248518
compound_proposal_stuck,CurrentOnly-AE-CeNN-494,9295,0.1263534750280657,0.2115397425879429,0.2180585945410353,0.0,0.0,0.0,0.0,0.0,0.0,0.9819560399079708
compound_proposal_stuck,CurrentOnly-AE-CeNN-494,9296,0.0852781665661388,0.1163123052444879,0.1191917956371171,0.0,0.0,0.0,0.0,0.0,0.0,0.9756099857844224
compound_proposal_stuck,CurrentOnly-AE-CeNN-494,9297,0.1064082434904503,0.1651657656491925,0.1752036003405279,0.0,0.0,0.0,0.0,0.0,0.0,0.9703893041685684
compound_proposal_stuck,CurrentOnly-AE-CeNN-494,9298,0.1022146511065496,0.1745285902592435,0.1896454412730343,0.0,0.0,0.0,0.0,0.0,0.0,0.9730842074046014
compound_proposal_stuck,CurrentOnly-AE-CeNN-494,9299,0.1167623094604431,0.2002744665625199,0.2149500474775319,0.0,0.0,0.0,0.0,0.0,0.0,0.973990832679526
compound_proposal_stuck,I-RiskGovernor-unprojected,9200,0.3389062783290827,0.9545118089647576,1.1059784387088651,12.738853503184714,4.094631483166515,0.0,0.0,0.0,0.0,0.7505381284007462
compound_proposal_stuck,I-RiskGovernor-unprojected,9201,0.2884391326533055,0.7775431617555479,0.9118154372498484,10.37306642402184,0.0,1.5468607825295724,0.0,0.0,0.0,0.6978073604140562
compound_proposal_stuck,I-RiskGovernor-unprojected,9202,0.3066463150995523,0.8551438088432306,1.0038175576172788,11.373976342129207,0.7279344858962694,0.5459508644222021,0.0,0.0,0.0,0.7682887238249263
compound_proposal_stuck,I-RiskGovernor-unprojected,9203,0.3438060760134103,0.9437171692682992,1.0828130689603284,12.556869881710648,3.821656050955414,1.2738853503184715,0.0,0.0,0.0,0.7310470945765525
compound_proposal_stuck,I-RiskGovernor-unprojected,9204,0.3425059924954919,0.9548733162078008,1.10414169488146,13.10282074613285,4.094631483166515,0.0,0.0,0.0,0.0,0.7650489068551036
compound_proposal_stuck,I-RiskGovernor-unprojected,9205,0.3618725213300305,1.0049141403174184,1.142782101267769,13.739763421292084,5.095541401273886,1.8198362147406733,0.0,0.0,0.0,0.7445902134757442
compound_proposal_stuck,I-RiskGovernor-unprojected,9206,0.308323540115291,0.8657746315885604,1.0127749427116732,11.555959963603277,1.364877161055505,1.0919017288444042,0.0,0.0,0.0,0.7644797809223325
compound_proposal_stuck,I-RiskGovernor-unprojected,9207,0.2951430704864798,0.8246491147777258,0.9697946172383368,11.101000909918108,0.0,0.0,0.0,0.0,0.0,0.7519162345838725
compound_proposal_stuck,I-RiskGovernor-unprojected,9208,0.3191614078902284,0.9041420378706486,1.053192057690296,12.010919017288444,2.820746132848044,1.0009099181073704,0.0,0.0,0.0,0.7524778112423597
compound_proposal_stuck,I-RiskGovernor-unprojected,9209,0.3741958656683631,1.0209410009730555,1.1602600780470484,13.92174704276615,5.45950864422202,1.0009099181073704,0.0,0.0,0.0,0.7098951158100871
compound_proposal_stuck,I-RiskGovernor-unprojected,9210,0.3158429515648213,0.87314355751009,1.014372166281721,11.737943585077344,1.5468607825295724,1.0009099181073704,0.0,0.0,0.0,0.7388257518615328
compound_proposal_stuck,I-RiskGovernor-unprojected,9211,0.3292519430951952,0.9373855488708877,1.078839653446526,12.829845313921748,3.6396724294813465,1.2738853503184715,0.0,0.0,0.0,0.7561724197272665
compound_proposal_stuck,I-RiskGovernor-unprojected,9212,0.2925843354903421,0.8176146244231787,0.9643324561916408,10.91901728844404,0.0,0.0,0.0,0.0,0.0,0.7708815914687053
compound_proposal_stuck,I-RiskGovernor-unprojected,9213,0.2810528522936558,0.773472657398795,0.923340961124432,10.009099181073704,0.0,0.0,0.0,0.0,0.0,0.7446247368152805
compound_proposal_stuck,I-RiskGovernor-unprojected,9214,0.2892725211153832,0.8126265731139128,0.9524856146865384,10.91901728844404,0.0,0.0,0.0,0.0,0.0,0.75052958483173
compound_proposal_stuck,I-RiskGovernor-unprojected,9215,0.2932902531033328,0.8037944083711137,0.9473905465889986,10.555050045495904,0.0,1.0009099181073704,0.0,0.0,0.0,0.7446780820196035
compound_proposal_stuck,I-RiskGovernor-unprojected,9216,0.3158378758633996,0.8694232194634929,0.9979689771856354,12.101910828025478,0.0,1.5468607825295724,0.0,0.0,0.0,0.7489135950799906
compound_proposal_stuck,I-RiskGovernor-unprojected,9217,0.282203414042856,0.8048043643191352,0.957045544592192,10.555050045495904,0.0,1.1828935395814375,0.0,0.0,0.0,0.7740885334161629
compound_proposal_stuck,I-RiskGovernor-unprojected,9218,0.3166317024051613,0.8585572036724111,1.0037199290263723,11.555959963603277,0.7279344858962694,0.0,0.0,0.0,0.0,0.7281856349565411
compound_proposal_stuck,I-RiskGovernor-unprojected,9219,0.3165048599711155,0.8834350805929119,1.017718057469805,12.101910828025478,1.7288444040036397,1.4558689717925388,0.0,0.0,0.0,0.7353107675412629
compound_proposal_stuck,I-RiskGovernor-unprojected,9220,0.3851286491825784,1.071251556158091,1.2207861112822187,14.376706096451318,6.369426751592357,1.910828025477707,0.0,0.0,0.0,0.7355325669540411
compound_proposal_stuck,I-RiskGovernor-unprojected,9221,0.3370591327707439,0.9498922409450172,1.0985009069276463,12.64786169244768,4.003639672429482,0.0,0.0,0.0,0.0,0.7406220863714933
compound_proposal_stuck,I-RiskGovernor-unprojected,9222,0.2823685557868616,0.7718365244453682,0.9194106989643924,10.100090991810736,0.0,1.0009099181073704,0.0,0.0,0.0,0.7518891362048226
compound_proposal_stuck,I-RiskGovernor-unprojected,9223,0.3500576952901486,0.9737066148225508,1.1123799349912276,13.193812556869885,4.45859872611465,0.0,0.0,0.0,0.0,0.7442337479154344
compound_proposal_stuck,I-RiskGovernor-unprojected,9224,0.3391179613382085,0.9509536249411964,1.093354362974033,12.829845313921748,3.912647861692448,1.637852593266606,0.0,0.0,0.0,0.7519753272366623
compound_proposal_stuck,I-RiskGovernor-unprojected,9225,0.2971038502622772,0.8274143562539029,0.9739111882724492,10.91901728844404,0.0,0.0,0.0,0.0,0.0,0.7506541651453417
compound_proposal_stuck,I-RiskGovernor-unprojected,9226,0.3764305937896552,1.0193568974443965,1.1602862528128208,13.92174704276615,5.368516833484986,1.5468607825295724,0.0,0.0,0.0,0.7043700506818554
compound_proposal_stuck,I-RiskGovernor-unprojected,9227,0.3067328348126856,0.8443422377733787,0.9886136608072698,11.464968152866245,0.0,0.0,0.0,0.0,0.0,0.7352555373227626
compound_proposal_stuck,I-RiskGovernor-unprojected,9228,0.3053161915193991,0.8359041232104499,0.9726896795871812,11.191992720655142,0.0,0.0,0.0,0.0,0.0,0.7397918890452642
compound_proposal_stuck,I-RiskGovernor-unprojected,9229,0.3587826228383349,1.002072746373934,1.149786853250499,13.830755232029118,5.095541401273886,0.3639672429481347,0.0,0.0,0.0,0.7414742109018543
compound_proposal_stuck,I-RiskGovernor-unprojected,9230,0.2910383385572375,0.8261499431515874,0.9741020622837032,10.737033666969973,0.0,0.8189262966333031,0.0,0.0,0.0,0.7481192061969898
compound_proposal_stuck,I-RiskGovernor-unprojected,9231,0.3068939262532266,0.8684431123042085,1.0092845039463316,11.555959963603277,1.2738853503184715,0.6369426751592357,0.0,0.0,0.0,0.7449308766485601
compound_proposal_stuck,I-RiskGovernor-unprojected,9232,0.3869649702687334,1.0806452836518805,1.2116153123777214,14.83166515013649,6.6424021838034575,2.72975432211101,0.0,0.0,0.0,0.7258166859365152
compound_proposal_stuck,I-RiskGovernor-unprojected,9233,0.3572406010754066,1.011651345916148,1.1689308018864124,13.375796178343949,5.368516833484986,1.364877161055505,0.0,0.0,0.0,0.7614548524577733
compound_proposal_stuck,I-RiskGovernor-unprojected,9234,0.2678994078248669,0.7690871046600997,0.923019666089286,9.918107370336667,0.0,1.0009099181073704,0.0,0.0,0.0,0.7803639064144882
compound_proposal_stuck,I-RiskGovernor-unprojected,9235,0.3336978438702188,0.9379720483364228,1.0843352841974905,12.738853503184714,3.6396724294813465,0.0,0.0,0.0,0.0,0.7498883220300554
compound_proposal_stuck,I-RiskGovernor-unprojected,9236,0.3160587133105684,0.8932131096262705,1.0436340552145555,11.91992720655141,2.547770700636943,0.6369426751592357,0.0,0.0,0.0,0.7635733967598547
compound_proposal_stuck,I-RiskGovernor-unprojected,9237,0.3055720221689876,0.873912177582108,1.0207097439167043,11.64695177434031,1.8198362147406733,0.9099181073703366,0.0,0.0,0.0,0.7562596301566125
compound_proposal_stuck,I-RiskGovernor-unprojected,9238,0.3007478342434836,0.8309497099659664,0.9724481032888024,11.010009099181074,0.0,0.0,0.0,0.0,0.0,0.7463773713955885
compound_proposal_stuck,I-RiskGovernor-unprojected,9239,0.2882867169672785,0.8051859242925585,0.9419356790223484,10.555050045495904,0.0,0.0,0.0,0.0,0.0,0.7464511171803335
compound_proposal_stuck,I-RiskGovernor-unprojected,9240,0.2751313740260149,0.7678177528878339,0.9146192469368007,9.918107370336667,0.0,1.0009099181073704,0.0,0.0,0.0,0.7533979072158786
compound_proposal_stuck,I-RiskGovernor-unprojected,9241,0.2857263098889812,0.813917871354812,0.9652348549782184,10.555050045495904,0.0,0.0,0.0,0.0,0.0,0.7486500023148102
compound_proposal_stuck,I-RiskGovernor-unprojected,9242,0.2660766702856904,0.7414860752718065,0.8857651657731422,9.554140127388536,0.0,0.0,0.0,0.0,0.0,0.7577035638508737
compound_proposal_stuck,I-RiskGovernor-unprojected,9243,0.3801647816437682,1.073693867082706,1.220205893382624,14.376706096451318,6.369426751592357,1.637852593266606,0.0,0.0,0.0,0.7420194688375484
compound_proposal_stuck,I-RiskGovernor-unprojected,9244,0.2898633069541227,0.8000038544918469,0.940742443353421,10.64604185623294,0.0,0.0,0.0,0.0,0.0,0.7559712578616472
compound_proposal_stuck,I-RiskGovernor-unprojected,9245,0.3258830493751171,0.9320550662421,1.085202520261444,12.37488626023658,3.548680618744313,0.9099181073703366,0.0,0.0,0.0,0.745905309676514
compound_proposal_stuck,I-RiskGovernor-unprojected,9246,0.2715008077242123,0.7804299077797857,0.9146435561084866,10.282074613284804,0.0,0.0,0.0,0.0,0.0,0.7648734467270407
compound_proposal_stuck,I-RiskGovernor-unprojected,9247,0.335023425604626,0.9392324821957088,1.07895744076181,12.738853503184714,3.6396724294813465,1.2738853503184715,0.0,0.0,0.0,0.7453915167534203
compound_proposal_stuck,I-RiskGovernor-unprojected,9248,0.3279227439875432,0.9289934508808956,1.0805516170664249,12.465878070973613,3.548680618744313,0.0,0.0,0.0,0.0,0.7490437008354514
compound_proposal_stuck,I-RiskGovernor-unprojected,9249,0.2543650746810513,0.7333017967450198,0.8800645673381736,9.281164695177434,0.0,1.0919017288444042,0.0,0.0,0.0,0.7676576901910487
compound_proposal_stuck,I-RiskGovernor-unprojected,9250,0.3132004822033021,0.8673821308430175,1.0217396737681066,11.191992720655142,1.8198362147406733,0.0,0.0,0.0,0.0,0.7466807972239184
compound_proposal_stuck,I-RiskGovernor-unprojected,9251,0.3012452063961958,0.8609822603631903,1.006594905163253,11.282984531392175,1.0009099181073704,0.0,0.0,0.0,0.0,0.7510794079246208
compound_proposal_stuck,I-RiskGovernor-unprojected,9252,0.3169682972246763,0.8849554256191474,1.0244144641848678,12.010919017288444,2.001819836214741,0.0,0.0,0.0,0.0,0.756216459153175
compound_proposal_stuck,I-RiskGovernor-unprojected,9253,0.3255324716059973,0.9054914235256908,1.0475559882606853,12.192902638762511,2.72975432211101,1.4558689717925388,0.0,0.0,0.0,0.7372995328905069
compound_proposal_stuck,I-RiskGovernor-unprojected,9254,0.3001046038645664,0.8690850648027025,1.0238273497504418,11.282984531392175,1.8198362147406733,0.6369426751592357,0.0,0.0,0.0,0.7694400509937144
compound_proposal_stuck,I-RiskGovernor-unprojected,9255,0.3671652264693499,1.0154871938925196,1.1533967394711078,13.92174704276615,5.277525022747953,1.364877161055505,0.0,0.0,0.0,0.7393676244634356
compound_proposal_stuck,I-RiskGovernor-unprojected,9256,0.319340729998355,0.9033567383184926,1.0578763552874455,12.010919017288444,3.002729754322111,0.0,0.0,0.0,0.0,0.7394540926611161
compound_proposal_stuck,I-RiskGovernor-unprojected,9257,0.3572925582596243,0.976884254203001,1.1186983925570086,13.375796178343949,4.640582347588717,0.0,0.0,0.0,0.0,0.7370863778558143
compound_proposal_stuck,I-RiskGovernor-unprojected,9258,0.2656513348731706,0.7501146424911225,0.9000506273918907,9.7361237488626,0.0,0.0,0.0,0.0,0.0,0.7631738287527413
compound_proposal_stuck,I-RiskGovernor-unprojected,9259,0.3162175601622743,0.8935121314217849,1.0393453752988822,11.91992720655141,2.547770700636943,0.6369426751592357,0.0,0.0,0.0,0.7500059683330078
compound_proposal_stuck,I-RiskGovernor-unprojected,9260,0.3221427332115253,0.8914826140469708,1.040748898664818,11.737943585077344,2.456778889899909,0.0,0.0,0.0,0.0,0.735648188526941
compound_proposal_stuck,I-RiskGovernor-unprojected,9261,0.3082167760037955,0.8613376166476026,1.0015863018061268,11.737943585077344,0.4549590536851683,0.0,0.0,0.0,0.0,0.7587631098499249
compound_proposal_stuck,I-RiskGovernor-unprojected,9262,0.3492787604241041,0.9774695882054932,1.1277154899378032,13.011828935395814,4.549590536851683,0.5459508644222021,0.0,0.0,0.0,0.7340745948187983
compound_proposal_stuck,I-RiskGovernor-unprojected,9263,0.3086547983224775,0.8815821443357317,1.030721734375435,11.737943585077344,2.0928116469517746,0.0,0.0,0.0,0.0,0.7512514469775419
compound_proposal_stuck,I-RiskGovernor-unprojected,9264,0.3345975059423805,0.932567545164562,1.0820212461966714,12.283894449499543,3.6396724294813465,1.0009099181073704,0.0,0.0,0.0,0.7377993458381534
compound_proposal_stuck,I-RiskGovernor-unprojected,9265,0.324910804914081,0.9219933699553984,1.0682557627270142,12.465878070973613,3.2757051865332123,0.0,0.0,0.0,0.0,0.7616101774868793
compound_proposal_stuck,I-RiskGovernor-unprojected,9266,0.3352713478008374,0.92468190821734,1.0690208732205428,12.465878070973613,3.2757051865332123,0.0,0.0,0.0,0.0,0.754897988633733
compound_proposal_stuck,I-RiskGovernor-unprojected,9267,0.2796929177905294,0.7644409037240893,0.9062954716597594,9.827115559599635,0.0,0.0,0.0,0.0,0.0,0.7416332971892556
compound_proposal_stuck,I-RiskGovernor-unprojected,9268,0.30049210584984,0.8479888050350739,0.9942576575687864,10.91901728844404,0.0,1.4558689717925388,0.0,0.0,0.0,0.755503609876941
compound_proposal_stuck,I-RiskGovernor-unprojected,9269,0.2870146714991281,0.8023466486473324,0.9351653150601434,11.010009099181074,0.0,1.5468607825295724,0.0,0.0,0.0,0.7490179635496704
compound_proposal_stuck,I-RiskGovernor-unprojected,9270,0.2896365416801923,0.8118458362741128,0.961957557932194,10.555050045495904,0.0,0.0,0.0,0.0,0.0,0.7588910657947616
compound_proposal_stuck,I-RiskGovernor-unprojected,9271,0.2764497927899484,0.7794287126042085,0.9290060705999504,10.100090991810736,0.0,0.0,0.0,0.0,0.0,0.7444110290311956
compound_proposal_stuck,I-RiskGovernor-unprojected,9272,0.3189972472300191,0.8791609039076955,1.0234702479941702,11.91992720655141,1.8198362147406733,0.0,0.0,0.0,0.0,0.7560305527033034
compound_proposal_stuck,I-RiskGovernor-unprojected,9273,0.4139956596343373,1.1519521721029655,1.284290573540082,15.92356687898089,7.916287534121929,2.547770700636943,0.0,0.0,0.0,0.7303314931211182
compound_proposal_stuck,I-RiskGovernor-unprojected,9274,0.3259154111222523,0.8958828508547165,1.0334657654602517,12.192902638762511,2.3657870791628755,0.8189262966333031,0.0,0.0,0.0,0.7515195620405348
compound_proposal_stuck,I-RiskGovernor-unprojected,9275,0.3012118448343425,0.8359270174045754,0.9846093127410062,11.101000909918108,0.0,0.5459508644222021,0.0,0.0,0.0,0.7411715120844286
compound_proposal_stuck,I-RiskGovernor-unprojected,9276,0.3384818384671822,0.9382958959304788,1.0771204534684402,12.64786169244768,3.548680618744313,1.7288444040036397,0.0,0.0,0.0,0.7440460929105024
compound_proposal_stuck,I-RiskGovernor-unprojected,9277,0.2613103835005335,0.7493881436615439,0.9012600151527344,9.554140127388536,0.0,0.0,0.0,0.0,0.0,0.7613476445722913
compound_proposal_stuck,I-RiskGovernor-unprojected,9278,0.2915649590553743,0.8290931603050936,0.9823319310221418,10.737033666969973,0.0,0.6369426751592357,0.0,0.0,0.0,0.7639947817023217
compound_proposal_stuck,I-RiskGovernor-unprojected,9279,0.2820055049850329,0.7996122519051774,0.9484972683009188,10.464058234758872,0.0,0.0,0.0,0.0,0.0,0.7560226002509007
compound_proposal_stuck,I-RiskGovernor-unprojected,9280,0.3511214475428243,1.0001106198502954,1.1538043358740533,13.193812556869885,5.004549590536852,0.8189262966333031,0.0,0.0,0.0,0.7542906051522809
compound_proposal_stuck,I-RiskGovernor-unprojected,9281,0.2698293771203105,0.7532059523880489,0.9059017985365174,9.7361237488626,0.0,0.8189262966333031,0.0,0.0,0.0,0.773349059085333
compound_proposal_stuck,I-RiskGovernor-unprojected,9282,0.2862567740943413,0.8091642084217723,0.9558869638558084,10.555050045495904,0.0,0.0,0.0,0.0,0.0,0.7594409565458692
compound_proposal_stuck,I-RiskGovernor-unprojected,9283,0.4147233113849254,1.157950647146319,1.3055821498942446,15.37761601455869,7.825295723384896,2.1838034576888083,0.0,0.0,0.0,0.7214692928928718
compound_proposal_stuck,I-RiskGovernor-unprojected,9284,0.3678054023676147,1.0122165724751304,1.1485750591214727,13.739763421292084,5.277525022747953,1.1828935395814375,0.0,0.0,0.0,0.7231579045804349
compound_proposal_stuck,I-RiskGovernor-unprojected,9285,0.3491944830130442,0.9893745697424512,1.1308429164786504,13.466787989080984,4.822565969062785,2.001819836214741,0.0,0.0,0.0,0.7434867798386031
compound_proposal_stuck,I-RiskGovernor-unprojected,9286,0.299699026786157,0.8588424533799212,0.9948665320794752,11.64695177434031,0.0,1.1828935395814375,0.0,0.0,0.0,0.7540156145141131
compound_proposal_stuck,I-RiskGovernor-unprojected,9287,0.2725303494781386,0.7266341494370097,0.8693625058719187,9.554140127388536,0.0,1.2738853503184715,0.0,0.0,0.0,0.7444908971862984
compound_proposal_stuck,I-RiskGovernor-unprojected,9288,0.3631969243205193,1.0308053046360532,1.1782166057797048,13.64877161055505,5.550500454959054,2.2747952684258417,0.0,0.0,0.0,0.7491477925974288
compound_proposal_stuck,I-RiskGovernor-unprojected,9289,0.2965911921317882,0.8480875475883027,0.9984748815547432,11.191992720655142,0.0,0.0,0.0,0.0,0.0,0.7701504212318931
compound_proposal_stuck,I-RiskGovernor-unprojected,9290,0.3109494612064373,0.8910698479109871,1.0383203436710715,11.91992720655141,2.456778889899909,0.0909918107370336,0.0,0.0,0.0,0.7524966553471588
compound_proposal_stuck,I-RiskGovernor-unprojected,9291,0.3372958415266071,0.9484393439065008,1.0991496057992791,12.64786169244768,3.912647861692448,1.364877161055505,0.0,0.0,0.0,0.7480336428369881
compound_proposal_stuck,I-RiskGovernor-unprojected,9292,0.312859328949389,0.8585687683989541,0.997257969727917,11.464968152866245,0.0,0.0,0.0,0.0,0.0,0.7280224038164541
compound_proposal_stuck,I-RiskGovernor-unprojected,9293,0.3028237564625871,0.8419403398749578,0.995186157464685,11.101000909918108,0.0,0.0,0.0,0.0,0.0,0.7432339188375505
compound_proposal_stuck,I-RiskGovernor-unprojected,9294,0.3478319104896665,0.9619532629274968,1.1098469855303894,13.10282074613285,4.276615104640583,0.1819836214740673,0.0,0.0,0.0,0.7411521966897857
compound_proposal_stuck,I-RiskGovernor-unprojected,9295,0.3323117809907317,0.907679114610888,1.051942344747063,12.283894449499543,2.9117379435850776,1.364877161055505,0.0,0.0,0.0,0.7563371522898196
compound_proposal_stuck,I-RiskGovernor-unprojected,9296,0.3207273573470119,0.9129930107936838,1.0631424172077937,12.192902638762511,3.0937215650591448,0.0,0.0,0.0,0.0,0.7522688418375609
compound_proposal_stuck,I-RiskGovernor-unprojected,9297,0.2688281737602004,0.7583921523239319,0.8949586093354939,9.918107370336667,0.0,0.0,0.0,0.0,0.0,0.7545723889745942
compound_proposal_stuck,I-RiskGovernor-unprojected,9298,0.2923689112103164,0.8339330483726318,0.9862085421809782,10.828025477707008,0.0,1.4558689717925388,0.0,0.0,0.0,0.747956222845121
compound_proposal_stuck,I-RiskGovernor-unprojected,9299,0.2934307895215254,0.8085713692575147,0.9484181056750148,10.91901728844404,0.0,0.0,0.0,0.0,0.0,0.7444137881138246
compound_proposal_stuck,J-IndependentSafetyProjection,9200,0.2659463913444455,0.7471037266032492,0.8424277649144616,10.100090991810736,0.0,0.0,4.731574158325751,0.0,0.1390939774348493,0.7723937559441332
compound_proposal_stuck,J-IndependentSafetyProjection,9201,0.1855944492317674,0.422334090309503,0.4993650977704693,0.0,0.0,0.0,9.099181073703368,0.0,0.2196317776027718,0.7467564835189408
compound_proposal_stuck,J-IndependentSafetyProjection,9202,0.2397388780685754,0.6425484605086149,0.737202536340189,8.644222020018198,0.0,0.0,9.099181073703368,0.0,0.1915055903565677,0.782877718591821
compound_proposal_stuck,J-IndependentSafetyProjection,9203,0.2229197645921433,0.5559945977404169,0.6209386821872741,6.915377616014559,0.0,0.0,9.099181073703368,0.0,0.2195153891604399,0.7731737980982013
compound_proposal_stuck,J-IndependentSafetyProjection,9204,0.2707807306572021,0.7349594006074953,0.8231347694755431,10.91901728844404,0.0,0.0,8.098271155595995,0.0,0.1868785657484827,0.7819383278881024
compound_proposal_stuck,J-IndependentSafetyProjection,9205,0.2488262398126192,0.6568855200021498,0.7253782636609428,9.64513193812557,0.0,0.0,6.005459508644222,0.0,0.2140371568451901,0.7792245955865569
compound_proposal_stuck,J-IndependentSafetyProjection,9206,0.2031657114628239,0.5296985517117743,0.5799034864702766,6.369426751592357,0.0,0.0,9.099181073703368,0.0,0.2449234876121126,0.7881225821124282
compound_proposal_stuck,J-IndependentSafetyProjection,9207,0.2378837556320362,0.6597225785833176,0.7609018292590969,8.553230209281166,0.0,0.0,5.18653321201092,0.0,0.1163160353116939,0.7682846768467492
compound_proposal_stuck,J-IndependentSafetyProjection,9208,0.2233638288281116,0.6007855337727562,0.6586888466759427,8.644222020018198,0.0,0.0,9.099181073703368,0.0,0.2387156561692083,0.77267482656254
compound_proposal_stuck,J-IndependentSafetyProjection,9209,0.2782491231181365,0.7386952995832364,0.8085004698892979,10.64604185623294,0.0,0.0,6.1874431301182895,0.0,0.1999687559445524,0.7440505240655647
compound_proposal_stuck,J-IndependentSafetyProjection,9210,0.2575299237383596,0.6861089127913005,0.7814176653888194,9.554140127388536,0.0,0.0,9.099181073703368,0.0,0.1684481132021232,0.7481541524357401
compound_proposal_stuck,J-IndependentSafetyProjection,9211,0.2529871414460607,0.7271309455204903,0.8279812876712174,9.918107370336667,0.0,0.0,5.095541401273886,0.0,0.1573436015434102,0.7814265225071386
compound_proposal_stuck,J-IndependentSafetyProjection,9212,0.223707017226626,0.5944881445079326,0.6721244164119656,8.098271155595995,0.0,0.0,9.099181073703368,0.0,0.1872988056359705,0.7872462008066435
compound_proposal_stuck,J-IndependentSafetyProjection,9213,0.2288143032071626,0.6097083794944695,0.7174010727897068,7.643312101910828,0.0,0.0,9.099181073703368,0.0,0.1458542464393738,0.761031620910227
compound_proposal_stuck,J-IndependentSafetyProjection,9214,0.2491092247484648,0.6964621655733235,0.8115364684491008,9.1901728844404,0.0,0.0,5.550500454959054,0.0,0.0871167822941431,0.7657347163940991
compound_proposal_stuck,J-IndependentSafetyProjection,9215,0.1956057954912449,0.4773626037197782,0.545710955163071,4.094631483166515,0.0,0.0,9.099181073703368,0.0,0.2389889844466721,0.7783569202670961
compound_proposal_stuck,J-IndependentSafetyProjection,9216,0.2297173310101175,0.5960141708524184,0.6761645759314807,7.916287534121929,0.0,1.364877161055505,9.099181073703368,0.0,0.1825996127466828,0.779640687555421
compound_proposal_stuck,J-IndependentSafetyProjection,9217,0.1723578239198059,0.4568598788906396,0.5294658397688732,3.0937215650591448,0.0,0.0,9.099181073703368,0.0,0.2386799248994064,0.8075251101965945
compound_proposal_stuck,J-IndependentSafetyProjection,9218,0.2705634941698087,0.7041153755778896,0.8034542659743131,10.100090991810736,0.0,0.0,8.826205641492265,0.0,0.1488460176247899,0.7363249533560139
compound_proposal_stuck,J-IndependentSafetyProjection,9219,0.2071958058454342,0.5400875775441358,0.5882083988837074,6.824385805277525,0.0,0.0,9.099181073703368,0.0,0.2427700061253655,0.7654705214113178
compound_proposal_stuck,J-IndependentSafetyProjection,9220,0.2800601625573125,0.7637153818736232,0.8426477343829448,11.282984531392175,0.0,0.0,6.005459508644222,0.0,0.2102876072147167,0.7627203607150729
compound_proposal_stuck,J-IndependentSafetyProjection,9221,0.2779209021529075,0.7787403332325556,0.8786464566983677,10.64604185623294,0.0,0.0,5.004549590536852,0.0,0.1271075159365357,0.7578940397698511
compound_proposal_stuck,J-IndependentSafetyProjection,9222,0.1878459747593744,0.4582007193134981,0.5341156152633393,3.2757051865332123,0.0,0.0,9.099181073703368,0.0,0.221188363107713,0.7861930601805398
compound_proposal_stuck,J-IndependentSafetyProjection,9223,0.2866647876789683,0.7832744374511902,0.8815579448303887,11.191992720655142,0.0,0.0,4.913557779799818,0.0,0.1421841798897079,0.7624900472069327
compound_proposal_stuck,J-IndependentSafetyProjection,9224,0.216679582393948,0.5816358576565287,0.6452748179587713,7.552320291173794,0.0,0.0,9.099181073703368,0.0,0.2247472821053738,0.7991227922286169
compound_proposal_stuck,J-IndependentSafetyProjection,9225,0.2213562263002627,0.5940543928628892,0.6740409940107186,7.643312101910828,0.0,0.0,5.823475887170155,0.0,0.1559843307838395,0.780133794747239
compound_proposal_stuck,J-IndependentSafetyProjection,9226,0.2355377044227581,0.578610992332362,0.6396303455072851,7.552320291173794,0.0,0.0,8.280254777070063,0.0,0.2586768710470347,0.7598960968405613
compound_proposal_stuck,J-IndependentSafetyProjection,9227,0.2524746641793712,0.6814754313526639,0.7728076174963084,9.463148316651502,0.0,0.0,5.7324840764331215,0.0,0.1365544267756789,0.7535287463285728
compound_proposal_stuck,J-IndependentSafetyProjection,9228,0.264555985614021,0.714113028912491,0.8249570895670545,9.463148316651502,0.0,0.0,3.6396724294813465,0.0,0.0784335939957022,0.7542622748909563
compound_proposal_stuck,J-IndependentSafetyProjection,9229,0.2990517053160622,0.8380514978127668,0.947356409406862,11.737943585077344,0.0,0.0,4.367606915377617,0.0,0.1249832465178687,0.7568598335017432
compound_proposal_stuck,J-IndependentSafetyProjection,9230,0.1878627497885046,0.5053315511637996,0.5929412348873434,5.18653321201092,0.0,0.1819836214740673,9.099181073703368,0.0,0.1923171266031633,0.7876148240003312
compound_proposal_stuck,J-IndependentSafetyProjection,9231,0.2010405692169333,0.553976159817823,0.6285439799129002,6.6424021838034575,0.0,0.0,8.644222020018198,0.0,0.1956906679974043,0.7905998176220539
compound_proposal_stuck,J-IndependentSafetyProjection,9232,0.2285644388661104,0.6104501390362763,0.6633296892735565,8.735213830755233,0.0,0.0,8.735213830755233,0.0,0.2578722125751235,0.7820205509975805
compound_proposal_stuck,J-IndependentSafetyProjection,9233,0.2533314732775446,0.7057313225438887,0.7786673858989638,10.282074613284804,0.0,0.0,6.278434940855323,0.0,0.2048869532546435,0.7895729200186754
compound_proposal_stuck,J-IndependentSafetyProjection,9234,0.1677844338162175,0.4491808322965421,0.5185276304671259,2.456778889899909,0.0,0.0,9.099181073703368,0.0,0.2270702092073513,0.8111256489322174
compound_proposal_stuck,J-IndependentSafetyProjection,9235,0.2788364308125319,0.7652854970099273,0.8599993588630808,11.373976342129207,0.0,0.0,8.735213830755233,0.0,0.1655381025906611,0.7602075777171166
compound_proposal_stuck,J-IndependentSafetyProjection,9236,0.23284142959556,0.6308059381645429,0.702161903384136,9.008189262966331,0.0,0.0,9.099181073703368,0.0,0.2204273890153899,0.7778386176554289
compound_proposal_stuck,J-IndependentSafetyProjection,9237,0.2491621995005933,0.6971323654748028,0.8018329319198764,9.7361237488626,0.0,0.0,9.099181073703368,0.0,0.1701031335532239,0.763565978995135
compound_proposal_stuck,J-IndependentSafetyProjection,9238,0.2593825912882612,0.7076258831847025,0.8281783218467523,9.281164695177434,0.0,0.0,4.549590536851683,0.0,0.0915155848264114,0.7636507293456473
compound_proposal_stuck,J-IndependentSafetyProjection,9239,0.250138323310912,0.68313681975368,0.7840463523596994,9.281164695177434,0.0,0.0,8.371246587807098,0.0,0.1201194524951977,0.7538413636391476
compound_proposal_stuck,J-IndependentSafetyProjection,9240,0.217895521836385,0.5901685606264075,0.7048408073625175,7.006369426751593,0.0,0.0,8.644222020018198,0.0,0.1226384619646202,0.7748283471274982
compound_proposal_stuck,J-IndependentSafetyProjection,9241,0.2441082811286555,0.6934925222719767,0.8174754148241404,8.9171974522293,0.0,0.0,4.276615104640583,0.0,0.0921209127633198,0.7632206118084143
compound_proposal_stuck,J-IndependentSafetyProjection,9242,0.2344021289817469,0.6421626997240802,0.765909065567479,8.007279344858963,0.0,0.0,8.371246587807098,0.0,0.0923777706442736,0.7663168987122556
compound_proposal_stuck,J-IndependentSafetyProjection,9243,0.2502562412691106,0.6827641259256971,0.7234076671395384,10.737033666969973,0.0,0.0,6.824385805277525,0.0,0.2524607123995586,0.7743103255091678
compound_proposal_stuck,J-IndependentSafetyProjection,9244,0.2545232875878574,0.6963429825100235,0.8142472478147218,9.099181073703368,0.0,0.0,3.6396724294813465,0.0,0.0782653474930261,0.7677939311644103
compound_proposal_stuck,J-IndependentSafetyProjection,9245,0.2493387477235222,0.7043954750306387,0.7990482722507245,10.009099181073704,0.0,0.0,5.641492265696088,0.0,0.159226500879565,0.7630860063581537
compound_proposal_stuck,J-IndependentSafetyProjection,9246,0.2201371240718721,0.628242842246267,0.7310577611463163,8.098271155595995,0.0,0.0,4.549590536851683,0.0,0.112274534322257,0.7838684853172744
compound_proposal_stuck,J-IndependentSafetyProjection,9247,0.2457895791413079,0.6560334814824204,0.7350208667224207,9.7361237488626,0.0,0.0,9.099181073703368,0.0,0.2179344360918595,0.7719017828288535
compound_proposal_stuck,J-IndependentSafetyProjection,9248,0.2635510488798568,0.7384084365714928,0.8326552980615607,10.37306642402184,0.0,0.0,8.735213830755233,0.0,0.155561166428867,0.764491749468184
compound_proposal_stuck,J-IndependentSafetyProjection,9249,0.1698870915420887,0.4675038054443439,0.5670565425701233,4.003639672429482,0.0,0.0909918107370336,9.099181073703368,0.0,0.1897249081834121,0.7870985979660139
compound_proposal_stuck,J-IndependentSafetyProjection,9250,0.2765342336786668,0.7502563805501988,0.8726090445461084,10.100090991810736,0.0,0.0,4.276615104640583,0.0,0.0953628866863852,0.7593999339290499
compound_proposal_stuck,J-IndependentSafetyProjection,9251,0.2444875445821673,0.7004856910003017,0.812709560868473,9.008189262966331,0.0,0.0,4.003639672429482,0.0,0.1073859571786394,0.7683440614723897
compound_proposal_stuck,J-IndependentSafetyProjection,9252,0.2303747134794346,0.62750313508923,0.7065046233815638,8.371246587807098,0.0,0.0,8.644222020018198,0.0,0.1862712931706159,0.7837846501533535
compound_proposal_stuck,J-IndependentSafetyProjection,9253,0.2008873613822754,0.5174737968610047,0.5632027622100245,5.823475887170155,0.0,0.0,9.099181073703368,0.0,0.2762212542677149,0.7750236872964876
compound_proposal_stuck,J-IndependentSafetyProjection,9254,0.1877566774047018,0.5375670930809072,0.6104627125495496,6.096451319381256,0.0,0.0,9.099181073703368,0.0,0.2076126894313539,0.8085782684848881
compound_proposal_stuck,J-IndependentSafetyProjection,9255,0.2804628365815594,0.7633502261159106,0.8468689892842233,11.101000909918108,0.0,0.0,5.550500454959054,0.0,0.1789568549758085,0.7685565684354507
compound_proposal_stuck,J-IndependentSafetyProjection,9256,0.2551900452841606,0.7207823463023943,0.8284812720971172,9.554140127388536,0.0,0.0,4.094631483166515,0.0,0.1183501736988348,0.7640839984626889
compound_proposal_stuck,J-IndependentSafetyProjection,9257,0.2984502220591375,0.8049920346126829,0.9075632172542336,11.373976342129207,0.0,0.0,4.549590536851683,0.0,0.1185264900265007,0.7542704143770854
compound_proposal_stuck,J-IndependentSafetyProjection,9258,0.2175295237271941,0.6050560072999208,0.7167212572561553,7.461328480436761,0.0,0.0,8.371246587807098,0.0,0.1206688982829709,0.7778477052933869
compound_proposal_stuck,J-IndependentSafetyProjection,9259,0.2478806603987514,0.6904452704775581,0.7906696170262302,9.281164695177434,0.0,0.6369426751592357,7.916287534121929,0.0,0.147570851548738,0.77080507374814
compound_proposal_stuck,J-IndependentSafetyProjection,9260,0.2631939531729116,0.7206768108876478,0.8317359721572711,9.463148316651502,0.0,0.0,4.45859872611465,0.0,0.1275156636271984,0.759150540924208
compound_proposal_stuck,J-IndependentSafetyProjection,9261,0.2383635191324817,0.6459740357385811,0.7252112566600876,9.008189262966331,0.0,0.0,9.099181073703368,0.0,0.1920713490694983,0.7760867057779023
compound_proposal_stuck,J-IndependentSafetyProjection,9262,0.2656848414639109,0.7369626915334422,0.8345114355594482,10.009099181073704,0.0,0.0,5.550500454959054,0.0,0.1681153245732715,0.7669432905236396
compound_proposal_stuck,J-IndependentSafetyProjection,9263,0.2471759325041602,0.7000184581865225,0.789219806293866,9.64513193812557,0.0,0.0,7.097361237488626,0.0,0.1486860052071656,0.7669200884479961
compound_proposal_stuck,J-IndependentSafetyProjection,9264,0.21901830502364,0.5738523283935312,0.6406946711317083,7.279344858962693,0.0,0.0,8.735213830755233,0.0,0.2188443787373805,0.7769852105940837
compound_proposal_stuck,J-IndependentSafetyProjection,9265,0.268226986279754,0.7559002605354628,0.8611586168130444,10.555050045495904,0.0,0.0,5.004549590536852,0.0,0.123309713860747,0.7788993442258132
compound_proposal_stuck,J-IndependentSafetyProjection,9266,0.2565287815069036,0.6879009981131201,0.7698699965607853,9.463148316651502,0.0,0.0,5.641492265696088,0.0,0.1667960837688515,0.778823201504455
compound_proposal_stuck,J-IndependentSafetyProjection,9267,0.2349677390716828,0.6199335357663078,0.7312307286341222,7.734303912647862,0.0,0.0,8.644222020018198,0.0,0.1193096955102392,0.7522995189847356
compound_proposal_stuck,J-IndependentSafetyProjection,9268,0.2236201776740779,0.6087620898975196,0.7144263370583515,7.552320291173794,0.0,0.0,8.644222020018198,0.0,0.1482188811998607,0.7811997200960582
compound_proposal_stuck,J-IndependentSafetyProjection,9269,0.2400336486269076,0.6510842440792587,0.750360757528367,9.008189262966331,0.0,1.637852593266606,9.099181073703368,0.0,0.1261503003181981,0.7662459542820784
compound_proposal_stuck,J-IndependentSafetyProjection,9270,0.2544457079218016,0.7067680059727074,0.822272535704543,9.1901728844404,0.0,0.0,7.188353048225659,0.0,0.0954609726644689,0.7725378062668867
compound_proposal_stuck,J-IndependentSafetyProjection,9271,0.2458554360713526,0.6882155757994818,0.8080730761784576,8.9171974522293,0.0,0.0,4.549590536851683,0.0,0.0771421952808324,0.7551379422681108
compound_proposal_stuck,J-IndependentSafetyProjection,9272,0.2456747078258094,0.6395649341219193,0.7233553779775208,9.281164695177434,0.0,0.0,7.097361237488626,0.0,0.1886722943431622,0.7729961969096021
compound_proposal_stuck,J-IndependentSafetyProjection,9273,0.2363255665070589,0.6349131257973758,0.6684095588802751,9.918107370336667,0.0,0.0,7.461328480436761,0.0,0.3019891611634807,0.7821531425826022
compound_proposal_stuck,J-IndependentSafetyProjection,9274,0.26207431567446,0.691029172716466,0.7817743283876205,9.827115559599635,0.0,0.0,9.099181073703368,0.0,0.1831665429632297,0.764745271786533
compound_proposal_stuck,J-IndependentSafetyProjection,9275,0.2426099113229587,0.6471893352806672,0.7507197042931002,8.644222020018198,0.0,0.0,9.099181073703368,0.0,0.1721144055790668,0.7557497918072821
compound_proposal_stuck,J-IndependentSafetyProjection,9276,0.2266713496256679,0.5860275477236836,0.6563618632322163,7.734303912647862,0.0,0.0,9.099181073703368,0.0,0.2537257966641195,0.7840872986405816
compound_proposal_stuck,J-IndependentSafetyProjection,9277,0.215896621115419,0.6062506622931408,0.712797690307707,7.825295723384896,0.0,0.0,7.188353048225659,0.0,0.1248947395360565,0.7712785536055611
compound_proposal_stuck,J-IndependentSafetyProjection,9278,0.2233741844391314,0.6250331801157084,0.7329939528244008,7.825295723384896,0.0,0.0,7.097361237488626,0.0,0.1372565621500915,0.7878066251452983
compound_proposal_stuck,J-IndependentSafetyProjection,9279,0.213821550314209,0.5823128231817881,0.6584676871887454,7.643312101910828,0.0,0.0,9.099181073703368,0.0,0.1922700074642864,0.7697610336922045
compound_proposal_stuck,J-IndependentSafetyProjection,9280,0.2284355388642813,0.6342845421894565,0.6880283271499197,9.008189262966331,0.0,0.0,7.006369426751593,0.0,0.241290131964346,0.7836339665895227
compound_proposal_stuck,J-IndependentSafetyProjection,9281,0.1802911195532771,0.460348428621264,0.5364492530409111,3.2757051865332123,0.0,0.0,9.099181073703368,0.0,0.2094571751457235,0.7997330278507879
compound_proposal_stuck,J-IndependentSafetyProjection,9282,0.2412876162868742,0.6769293649531952,0.7894100229845366,8.735213830755233,0.0,0.0,5.914467697907188,0.0,0.1056274498594828,0.775779422370151
compound_proposal_stuck,J-IndependentSafetyProjection,9283,0.2522121691347684,0.6701216727089551,0.7023147027616973,10.737033666969973,0.0,0.0,7.370336669699727,0.0,0.2867809643675196,0.7587041270322871
compound_proposal_stuck,J-IndependentSafetyProjection,9284,0.2441591414226856,0.6335016809503171,0.6982273036180865,9.099181073703368,0.0,0.0,6.278434940855323,0.0,0.2384656768061467,0.7623348221541686
compound_proposal_stuck,J-IndependentSafetyProjection,9285,0.2294850297712985,0.6423616884988647,0.7149025356180259,9.008189262966331,0.0,0.0,5.914467697907188,0.0,0.2130031798502366,0.7816545715342086
compound_proposal_stuck,J-IndependentSafetyProjection,9286,0.2114666550590109,0.5949768775130794,0.6820504021307388,7.734303912647862,0.0,0.0,9.099181073703368,0.0,0.198228080677135,0.7785982054700005
compound_proposal_stuck,J-IndependentSafetyProjection,9287,0.1808445091659995,0.4016712240448891,0.4786824600642182,0.0,0.0,0.1819836214740673,9.099181073703368,0.0,0.2168575034456291,0.7783279532290931
compound_proposal_stuck,J-IndependentSafetyProjection,9288,0.2280808063946166,0.6240819959221747,0.6802041727610891,8.9171974522293,0.0,0.0,7.552320291173794,0.0,0.2305907108940236,0.7907563384611443
compound_proposal_stuck,J-IndependentSafetyProjection,9289,0.2296202525730539,0.6561950656518214,0.7431647753173555,8.553230209281166,0.0,0.0,6.1874431301182895,0.0,0.1442521358114878,0.7918732683674422
compound_proposal_stuck,J-IndependentSafetyProjection,9290,0.2043271865140668,0.5812530825771529,0.6504241594212706,7.370336669699727,0.0,0.0,8.46223839854413,0.0,0.1992036235354314,0.7857225303335488
compound_proposal_stuck,J-IndependentSafetyProjection,9291,0.2316866794734278,0.6342085363703185,0.7009491654312009,8.644222020018198,0.0,0.0,6.278434940855323,0.0,0.2105535114048284,0.7840219674860832
compound_proposal_stuck,J-IndependentSafetyProjection,9292,0.2621565584144126,0.7073341209941032,0.8155650525210348,9.463148316651502,0.0,0.0,4.367606915377617,0.0,0.1083890109509821,0.7493787962762394
compound_proposal_stuck,J-IndependentSafetyProjection,9293,0.2471401747547879,0.6812144548905534,0.7914071388028562,8.735213830755233,0.0,0.0,3.912647861692448,0.0,0.1048292361347972,0.7642299939810172
compound_proposal_stuck,J-IndependentSafetyProjection,9294,0.2829832743508941,0.7640873549859758,0.8591229631845664,11.101000909918108,0.0,0.0,5.45950864422202,0.0,0.1470936995547898,0.7603298962740569
compound_proposal_stuck,J-IndependentSafetyProjection,9295,0.2283521736538021,0.5870828551172408,0.6561430917232315,7.552320291173794,0.0,0.0,8.644222020018198,0.0,0.2055502396522968,0.7949133362909083
compound_proposal_stuck,J-IndependentSafetyProjection,9296,0.2763845416108367,0.7866259074294465,0.8969514756183474,10.737033666969973,0.0,0.0,4.367606915377617,0.0,0.1033565995635927,0.7635799576701193
compound_proposal_stuck,J-IndependentSafetyProjection,9297,0.2158202283509846,0.5887854956110903,0.6847193409454139,7.370336669699727,0.0,0.0,9.099181073703368,0.0,0.146995633348812,0.7643438122829186
compound_proposal_stuck,J-IndependentSafetyProjection,9298,0.1991268619954774,0.5452295472149796,0.6358462210579697,6.278434940855323,0.0,0.8189262966333031,9.099181073703368,0.0,0.1825407745686813,0.7761754468239249
compound_proposal_stuck,J-IndependentSafetyProjection,9299,0.2251461873616168,0.6017272039812082,0.691313878265107,7.734303912647862,0.0,0.0,7.461328480436761,0.0,0.1413323984949988,0.76917239273599
severe_compound,Nominal-Geo,9200,0.2424562938464194,0.353611608057541,0.3752749782054424,0.0,0.0,0.0,0.0,0.0,0.0,0.817959669822107
severe_compound,Nominal-Geo,9201,0.312035965125306,0.5012866919736364,0.5181051953086387,5.18653321201092,0.0,0.0,0.0,0.0,0.0,0.4287067057497591
severe_compound,Nominal-Geo,9202,0.2537011296103293,0.3767732285713013,0.4018012189881309,0.0,0.0,0.0,0.0,0.0,0.0,0.6999294819264797
severe_compound,Nominal-Geo,9203,0.2821326964120383,0.4281860437231353,0.4451531438486639,0.0,0.0,0.0,0.0,0.0,0.0,0.64830059067927
severe_compound,Nominal-Geo,9204,0.2491194989916488,0.3842716820845215,0.4079161020694143,0.0,0.0,0.0,0.0,0.0,0.0,0.7469278515342247
severe_compound,Nominal-Geo,9205,0.2777532166131962,0.3852178228616364,0.411472991911281,0.0,0.0,0.0,0.0,0.0,0.0,0.642224945323002
severe_compound,Nominal-Geo,9206,0.2228736925211114,0.3308108332224201,0.3520652406260465,0.0,0.0,0.0,0.0,0.0,0.0,0.8772789746343542
severe_compound,Nominal-Geo,9207,0.2777745158933336,0.486944665165538,0.5152090780620769,3.3666969972702456,0.0,0.0,0.0,0.0,0.0,0.6422672963956951
severe_compound,Nominal-Geo,9208,0.2197424564056023,0.3486667260657504,0.3646463168356435,0.0,0.0,0.0,0.0,0.0,0.0,0.8013131130097426
severe_compound,Nominal-Geo,9209,0.2938812119786669,0.5344041326498091,0.5660528995935967,7.552320291173794,0.0,0.0,0.0,0.0,0.0,0.5652653029303842
severe_compound,Nominal-Geo,9210,0.2668368024374899,0.4666383173988954,0.4799335957903918,0.0,0.0,0.0,0.0,0.0,0.0,0.7129393878227877
severe_compound,Nominal-Geo,9211,0.1978619628218877,0.2985907431585049,0.3056269900674156,0.0,0.0,0.0,0.0,0.0,0.0,0.9036466274670736
severe_compound,Nominal-Geo,9212,0.2244741367305346,0.3324927959080503,0.3398363126178525,0.0,0.0,0.0,0.0,0.0,0.0,0.875780562447765
severe_compound,Nominal-Geo,9213,0.2617238834041778,0.4713297911791921,0.4973800158545027,0.0,0.0,0.0,0.0,0.0,0.0,0.7227648014809188
severe_compound,Nominal-Geo,9214,0.2331580880672778,0.3251449676403835,0.3472059437060373,0.0,0.0,0.0,0.0,0.0,0.0,0.8136486532280462
severe_compound,Nominal-Geo,9215,0.2854645736732192,0.4351142329362488,0.4617818307951653,0.0,0.0,0.0,0.0,0.0,0.0,0.5227239733252638
severe_compound,Nominal-Geo,9216,0.295061010393736,0.476177802291908,0.49702779121632,0.0,0.0,0.0,0.0,0.0,0.0,0.6125720926113662
severe_compound,Nominal-Geo,9217,0.2074940329742909,0.2852570080690316,0.3317663160291453,0.0,0.0,0.0,0.0,0.0,0.0,0.9283295380699836
severe_compound,Nominal-Geo,9218,0.2904650478508356,0.5055018998712463,0.5259015147444676,5.914467697907188,0.0,0.0,0.0,0.0,0.0,0.6825369984649121
severe_compound,Nominal-Geo,9219,0.2701000251182265,0.4444036842931353,0.4732799686214596,0.0,0.0,0.0,0.0,0.0,0.0,0.5447793225121912
severe_compound,Nominal-Geo,9220,0.2761501943090814,0.4093405021589197,0.4189276655523198,0.0,0.0,0.0,0.0,0.0,0.0,0.5964607913691039
severe_compound,Nominal-Geo,9221,0.2421522252117445,0.3553952249097004,0.3729188735150641,0.0,0.0,0.0,0.0,0.0,0.0,0.7362895358853021
severe_compound,Nominal-Geo,9222,0.2766932370809185,0.4502508153425622,0.4628554507534824,0.0,0.0,0.0,0.0,0.0,0.0,0.6373500343442231
severe_compound,Nominal-Geo,9223,0.2506401482612008,0.3488571472838228,0.3498690599892774,0.0,0.0,0.0,0.0,0.0,0.0,0.8104113667582897
severe_compound,Nominal-Geo,9224,0.2453024636833179,0.3283486046468119,0.3435646518676309,0.0,0.0,0.0,0.0,0.0,0.0,0.7637246871415883
severe_compound,Nominal-Geo,9225,0.2914857522253057,0.5112271293098021,0.5362937122836964,6.369426751592357,0.0,0.0,0.0,0.0,0.0,0.6277227566740899
severe_compound,Nominal-Geo,9226,0.3114971622929877,0.5137617917535006,0.5383737452212684,6.551410373066425,0.0,0.0,0.0,0.0,0.0,0.5466651318108794
severe_compound,Nominal-Geo,9227,0.292001761470101,0.4624467551304168,0.4931799823372365,0.0,0.0,0.0,0.0,0.0,0.0,0.626352079331026
severe_compound,Nominal-Geo,9228,0.2885984757929959,0.4604317517876969,0.4858934645455134,0.0,0.0,0.0,0.0,0.0,0.0,0.5685443446032389
severe_compound,Nominal-Geo,9229,0.2536884685192995,0.4014479685074221,0.4222929747251995,0.0,0.0,0.0,0.0,0.0,0.0,0.7226756002732122
severe_compound,Nominal-Geo,9230,0.2386229277815337,0.2790888556997416,0.2858207218474191,0.0,0.0,0.0,0.0,0.0,0.0,0.8826549851396086
severe_compound,Nominal-Geo,9231,0.2152637757107849,0.3243876865677903,0.3410150548218472,0.0,0.0,0.0,0.0,0.0,0.0,0.815363521018214
severe_compound,Nominal-Geo,9232,0.2537792072965056,0.352855564644877,0.3764072352367076,0.0,0.0,0.0,0.0,0.0,0.0,0.7336371793283342
severe_compound,Nominal-Geo,9233,0.2201495572294327,0.2922705732299548,0.3075402056131889,0.0,0.0,0.0,0.0,0.0,0.0,0.9130498159364048
severe_compound,Nominal-Geo,9234,0.2009934261876941,0.2770398961296156,0.3128066321711012,0.0,0.0,0.0,0.0,0.0,0.0,0.9125296123163896
severe_compound,Nominal-Geo,9235,0.2541455406768582,0.3606333100715704,0.3799838294678541,0.0,0.0,0.0,0.0,0.0,0.0,0.6616254807176911
severe_compound,Nominal-Geo,9236,0.2353233967518838,0.3461847265866794,0.3574688019286062,0.0,0.0,0.0,0.0,0.0,0.0,0.7803858260422888
severe_compound,Nominal-Geo,9237,0.2101078453956855,0.2669753323623206,0.2729915174375026,0.0,0.0,0.0,0.0,0.0,0.0,0.9265922782433664
severe_compound,Nominal-Geo,9238,0.2602352468547772,0.4333141644358393,0.4524895531271095,0.0,0.0,0.0,0.0,0.0,0.0,0.740106470720242
severe_compound,Nominal-Geo,9239,0.2394475739000332,0.3340268264744509,0.3439955886839125,0.0,0.0,0.0,0.0,0.0,0.0,0.8055216353306295
severe_compound,Nominal-Geo,9240,0.2741502645389193,0.4260555196591888,0.449950660088413,0.0,0.0,0.0,0.0,0.0,0.0,0.6729775145700652
severe_compound,Nominal-Geo,9241,0.2235671279451826,0.3008695430913241,0.3149566791159878,0.0,0.0,0.0,0.0,0.0,0.0,0.8439178620848223
severe_compound,Nominal-Geo,9242,0.2578010994051501,0.3638387586787581,0.3654822492443297,0.0,0.0,0.0,0.0,0.0,0.0,0.7443271677794072
severe_compound,Nominal-Geo,9243,0.2552879055594101,0.4528392436959286,0.4790033034038156,0.0,0.0,0.0,0.0,0.0,0.0,0.6802395757185645
severe_compound,Nominal-Geo,9244,0.2713509639393944,0.424307898380828,0.4373751854724802,0.0,0.0,0.0,0.0,0.0,0.0,0.6608129121357508
severe_compound,Nominal-Geo,9245,0.2195334446295203,0.3912653223955772,0.4160315794390652,0.0,0.0,0.0,0.0,0.0,0.0,0.8017976976301167
severe_compound,Nominal-Geo,9246,0.217630504643336,0.2827115511147804,0.2994486604933558,0.0,0.0,0.0,0.0,0.0,0.0,0.7896101740261007
severe_compound,Nominal-Geo,9247,0.245175138011695,0.3609406620726813,0.3839566496452473,0.0,0.0,0.0,0.0,0.0,0.0,0.8399279512389155
severe_compound,Nominal-Geo,9248,0.2255034609903499,0.2973209216878436,0.303771687697004,0.0,0.0,0.0,0.0,0.0,0.0,0.8599599786947754
severe_compound,Nominal-Geo,9249,0.2251815604967733,0.3745888592973419,0.3879608080461441,0.0,0.0,0.0,0.0,0.0,0.0,0.7785052162472239
severe_compound,Nominal-Geo,9250,0.2666383779458981,0.4840844386708808,0.5169901481971174,3.3666969972702456,0.0,0.0,0.0,0.0,0.0,0.7340214211564435
severe_compound,Nominal-Geo,9251,0.2252308534102989,0.3041232054428947,0.3226117751976418,0.0,0.0,0.0,0.0,0.0,0.0,0.8415555784272497
severe_compound,Nominal-Geo,9252,0.2582105118662474,0.3912419291681106,0.4151760606700116,0.0,0.0,0.0,0.0,0.0,0.0,0.6963668667587346
severe_compound,Nominal-Geo,9253,0.2741660299776924,0.4181993613012336,0.437968763140156,0.0,0.0,0.0,0.0,0.0,0.0,0.5348075353695407
severe_compound,Nominal-Geo,9254,0.2036884855189805,0.2414350090085226,0.2509135408740658,0.0,0.0,0.0,0.0,0.0,0.0,0.938514537516888
severe_compound,Nominal-Geo,9255,0.2818768933862304,0.3856712831032303,0.4080410775065541,0.0,0.0,0.0,0.0,0.0,0.0,0.6537981942459069
severe_compound,Nominal-Geo,9256,0.2245750686956057,0.3482944168421792,0.3629416372405222,0.0,0.0,0.0,0.0,0.0,0.0,0.8110050161927684
severe_compound,Nominal-Geo,9257,0.3035103589019342,0.4179984096679174,0.4347967023804449,0.0,0.0,0.0,0.0,0.0,0.0,0.520758673009293
severe_compound,Nominal-Geo,9258,0.2441833712844297,0.3293579945360737,0.3381375264021817,0.0,0.0,0.0,0.0,0.0,0.0,0.8218827805205082
severe_compound,Nominal-Geo,9259,0.2340270540696597,0.2859438649194719,0.2934145874619215,0.0,0.0,0.0,0.0,0.0,0.0,0.879040580088656
severe_compound,Nominal-Geo,9260,0.2789189733254066,0.418419917236688,0.4423746941222526,0.0,0.0,0.0,0.0,0.0,0.0,0.6901424121274449
severe_compound,Nominal-Geo,9261,0.2437440921153992,0.362887886211626,0.3767999071056684,0.0,0.0,0.0,0.0,0.0,0.0,0.7906065457946878
severe_compound,Nominal-Geo,9262,0.235515023184208,0.3090146538483173,0.3231931134928243,0.0,0.0,0.0,0.0,0.0,0.0,0.8427857885087244
severe_compound,Nominal-Geo,9263,0.2019484033163642,0.2537225584281177,0.254391146193197,0.0,0.0,0.0,0.0,0.0,0.0,0.907736475033036
severe_compound,Nominal-Geo,9264,0.2564071986666712,0.4449010014976019,0.4692813089525837,0.0,0.0,0.0,0.0,0.0,0.0,0.7465430774600685
severe_compound,Nominal-Geo,9265,0.208296178429318,0.2651194540381545,0.2762999374327241,0.0,0.0,0.0,0.0,0.0,0.0,0.9142695144252208
severe_compound,Nominal-Geo,9266,0.2806260320294289,0.3742580958438165,0.3964819440393495,0.0,0.0,0.0,0.0,0.0,0.0,0.6455764906820919
severe_compound,Nominal-Geo,9267,0.2710138224446056,0.3904556066538416,0.4089969564138025,0.0,0.0,0.0,0.0,0.0,0.0,0.6573484371176035
severe_compound,Nominal-Geo,9268,0.2540515494500326,0.3699694033102724,0.3867699657097999,0.0,0.0,0.0,0.0,0.0,0.0,0.6801706051827346
severe_compound,Nominal-Geo,9269,0.2622469486269193,0.4802459951124898,0.522719434726734,3.548680618744313,0.0,0.0,0.0,0.0,0.0,0.6508196890595911
severe_compound,Nominal-Geo,9270,0.2481380510656178,0.4900064354079705,0.5083095230519723,3.548680618744313,0.0,0.0,0.0,0.0,0.0,0.722029179960634
severe_compound,Nominal-Geo,9271,0.2607682957823504,0.3603874591433922,0.3778720226742901,0.0,0.0,0.0,0.0,0.0,0.0,0.6985246128845545
severe_compound,Nominal-Geo,9272,0.2935345503712132,0.4166651810368768,0.4429817645049456,0.0,0.0,0.0,0.0,0.0,0.0,0.5945867465552355
severe_compound,Nominal-Geo,9273,0.2707563261077721,0.5430602106159511,0.5803714402152446,8.280254777070063,0.0,0.0,0.0,0.0,0.0,0.7467529268180789
severe_compound,Nominal-Geo,9274,0.2948765732806591,0.4200873246188353,0.4378264114612809,0.0,0.0,0.0,0.0,0.0,0.0,0.6126606604736337
severe_compound,Nominal-Geo,9275,0.2725536235003205,0.4353850183806487,0.4605601377466346,0.0,0.0,0.0,0.0,0.0,0.0,0.5735806924318911
severe_compound,Nominal-Geo,9276,0.2616042740206844,0.4551355223067408,0.4772212053950484,0.0,0.0,0.0,0.0,0.0,0.0,0.7090232405852732
severe_compound,Nominal-Geo,9277,0.2214658052868754,0.3684725654020127,0.3948108173101861,0.0,0.0,0.0,0.0,0.0,0.0,0.7797324212494513
severe_compound,Nominal-Geo,9278,0.2176016589613092,0.2801377832611025,0.2904602192159584,0.0,0.0,0.0,0.0,0.0,0.0,0.9103595912646528
severe_compound,Nominal-Geo,9279,0.2139931038821972,0.3349400824412797,0.3572359263387178,0.0,0.0,0.0,0.0,0.0,0.0,0.789393853078011
severe_compound,Nominal-Geo,9280,0.2177729340796243,0.2741779140006883,0.2805240886515324,0.0,0.0,0.0,0.0,0.0,0.0,0.9130851753421668
severe_compound,Nominal-Geo,9281,0.2361148610616335,0.384522773164698,0.4101237211721659,0.0,0.0,0.0,0.0,0.0,0.0,0.7978534742231381
severe_compound,Nominal-Geo,9282,0.2299187857275962,0.3140910254812317,0.3463262377786523,0.0,0.0,0.0,0.0,0.0,0.0,0.7925765058266534
severe_compound,Nominal-Geo,9283,0.2780644832275367,0.486615032160491,0.5114123173535784,3.0937215650591448,0.0,0.0,0.0,0.0,0.0,0.7060342869341272
severe_compound,Nominal-Geo,9284,0.2648822752333783,0.402037494322975,0.4154389742100598,0.0,0.0,0.0,0.0,0.0,0.0,0.7212980991761914
severe_compound,Nominal-Geo,9285,0.232544317575797,0.348207798928955,0.367223401441214,0.0,0.0,0.0,0.0,0.0,0.0,0.7818704536155165
severe_compound,Nominal-Geo,9286,0.2161467517245148,0.2951044208428464,0.310551160957341,0.0,0.0,0.0,0.0,0.0,0.0,0.91372611831361
severe_compound,Nominal-Geo,9287,0.3125579777438457,0.5046189080807479,0.5348786830781574,5.45950864422202,0.0,0.0,0.0,0.0,0.0,0.4603158839266876
severe_compound,Nominal-Geo,9288,0.2237257018953563,0.2968777994141535,0.3091506990682924,0.0,0.0,0.0,0.0,0.0,0.0,0.8955898191691493
severe_compound,Nominal-Geo,9289,0.2192140582421347,0.3142680990325477,0.3365671245124664,0.0,0.0,0.0,0.0,0.0,0.0,0.8777556919389944
severe_compound,Nominal-Geo,9290,0.2074017775278019,0.259922912692795,0.2681291025902654,0.0,0.0,0.0,0.0,0.0,0.0,0.8327587322557755
severe_compound,Nominal-Geo,9291,0.2303564805374377,0.2871118840601653,0.2909783255382428,0.0,0.0,0.0,0.0,0.0,0.0,0.8848710027964051
severe_compound,Nominal-Geo,9292,0.2654540586922516,0.4462775130084694,0.4716854060130273,0.0,0.0,0.0,0.0,0.0,0.0,0.7234945119704498
severe_compound,Nominal-Geo,9293,0.2625067498599104,0.4154739647988136,0.4380181046982299,0.0,0.0,0.0,0.0,0.0,0.0,0.7171996280016834
severe_compound,Nominal-Geo,9294,0.2869958750300662,0.4388542739611512,0.4719073587266686,0.0,0.0,0.0,0.0,0.0,0.0,0.6181252052233418
severe_compound,Nominal-Geo,9295,0.292103510271293,0.4662269618016711,0.4784491231228336,0.0,0.0,0.0,0.0,0.0,0.0,0.6664369764472238
severe_compound,Nominal-Geo,9296,0.2114035668716299,0.2800931896694443,0.2954556849411067,0.0,0.0,0.0,0.0,0.0,0.0,0.908157700462768
severe_compound,Nominal-Geo,9297,0.2356593711806031,0.3274000232944238,0.3435387872514227,0.0,0.0,0.0,0.0,0.0,0.0,0.7851712208421657
severe_compound,Nominal-Geo,9298,0.2372202812117592,0.3790136876801727,0.4086551185909541,0.0,0.0,0.0,0.0,0.0,0.0,0.6786266739471128
severe_compound,Nominal-Geo,9299,0.2713089876014197,0.4623037573545122,0.4905541426782767,0.0,0.0,0.0,0.0,0.0,0.0,0.703273482118331
severe_compound,CurrentOnly-AE-CeNN-494,9200,0.1891808222890643,0.2883043619272684,0.3077995070536374,0.0,0.0,0.0,0.0,0.0,0.0,0.8572091050614189
severe_compound,CurrentOnly-AE-CeNN-494,9201,0.2567969901955813,0.4356070949095429,0.451969927081396,0.0,0.0,0.0,0.0,0.0,0.0,0.6062513968404384
severe_compound,CurrentOnly-AE-CeNN-494,9202,0.2088119351611263,0.3220577972477071,0.3441880979393539,0.0,0.0,0.0,0.0,0.0,0.0,0.7623417700065488
severe_compound,CurrentOnly-AE-CeNN-494,9203,0.2346264920124411,0.3698966015076905,0.3849852341889203,0.0,0.0,0.0,0.0,0.0,0.0,0.7427977099957359
severe_compound,CurrentOnly-AE-CeNN-494,9204,0.2000694779422625,0.328775918640745,0.3492240096498176,0.0,0.0,0.0,0.0,0.0,0.0,0.8166028022307283
severe_compound,CurrentOnly-AE-CeNN-494,9205,0.2239268222326147,0.3183616683946162,0.3421169629467721,0.0,0.0,0.0,0.0,0.0,0.0,0.735797868111723
severe_compound,CurrentOnly-AE-CeNN-494,9206,0.1778738994750347,0.2671266809478494,0.2828408466237153,0.0,0.0,0.0,0.0,0.0,0.0,0.8756251052140429
severe_compound,CurrentOnly-AE-CeNN-494,9207,0.2204159664691498,0.4119531723694444,0.4363863868603281,0.0,0.0,0.0,0.0,0.0,0.0,0.7186267879646155
severe_compound,CurrentOnly-AE-CeNN-494,9208,0.1746081389838412,0.2819738685978069,0.2954208414760683,0.0,0.0,0.0,0.0,0.0,0.0,0.8146443162533941
severe_compound,CurrentOnly-AE-CeNN-494,9209,0.2419701960128595,0.4603930058197482,0.4919030662579257,0.0,0.0,0.0,0.0,0.0,0.0,0.6204257018987492
severe_compound,CurrentOnly-AE-CeNN-494,9210,0.2130074339749834,0.388147614300887,0.3986630104588347,0.0,0.0,0.0,0.0,0.0,0.0,0.735639107944368
severe_compound,CurrentOnly-AE-CeNN-494,9211,0.1489817065763976,0.2253417257072395,0.2318876096376137,0.0,0.0,0.0,0.0,0.0,0.0,0.9346170771433566
severe_compound,CurrentOnly-AE-CeNN-494,9212,0.1759881862578881,0.280869104726227,0.2871416423483658,0.0,0.0,0.0,0.0,0.0,0.0,0.8881212779834519
severe_compound,CurrentOnly-AE-CeNN-494,9213,0.2128967200597001,0.4091549745406179,0.432157894757292,0.0,0.0,0.0,0.0,0.0,0.0,0.7457885911405521
severe_compound,CurrentOnly-AE-CeNN-494,9214,0.1820954501647034,0.260799343767059,0.2771462203275183,0.0,0.0,0.0,0.0,0.0,0.0,0.8584516086691821
severe_compound,CurrentOnly-AE-CeNN-494,9215,0.2328031394869569,0.3656304922144306,0.3903233043488036,0.0,0.0,0.0,0.0,0.0,0.0,0.6265615502854337
severe_compound,CurrentOnly-AE-CeNN-494,9216,0.2429295959579417,0.4057421396414918,0.4229247684058401,0.0,0.0,0.0,0.0,0.0,0.0,0.6702933625186619
severe_compound,CurrentOnly-AE-CeNN-494,9217,0.1599209208794992,0.2170916262101955,0.2563671260309889,0.0,0.0,0.0,0.0,0.0,0.0,0.9245300205309924
severe_compound,CurrentOnly-AE-CeNN-494,9218,0.2420529184828751,0.4472615421482567,0.4664685553511082,0.0,0.0,0.0,0.0,0.0,0.0,0.6942398601979036
severe_compound,CurrentOnly-AE-CeNN-494,9219,0.2142430257360895,0.3716924611771823,0.3971798383141808,0.0,0.0,0.0,0.0,0.0,0.0,0.6999235283571775
severe_compound,CurrentOnly-AE-CeNN-494,9220,0.2134575019262417,0.3367043840308771,0.3466889351677525,0.0,0.0,0.0,0.0,0.0,0.0,0.7013226209475788
severe_compound,CurrentOnly-AE-CeNN-494,9221,0.1959418762153585,0.2959375642287562,0.31204996451809,0.0,0.0,0.0,0.0,0.0,0.0,0.7831641750108729
severe_compound,CurrentOnly-AE-CeNN-494,9222,0.2246508664225086,0.3774577171503768,0.3877583430153373,0.0,0.0,0.0,0.0,0.0,0.0,0.7344539541044413
severe_compound,CurrentOnly-AE-CeNN-494,9223,0.1992998813463407,0.2910600870309735,0.2966487232577254,0.0,0.0,0.0,0.0,0.0,0.0,0.8488432922516055
severe_compound,CurrentOnly-AE-CeNN-494,9224,0.199279082878797,0.2793419631271515,0.2934202688741327,0.0,0.0,0.0,0.0,0.0,0.0,0.8246426014630496
severe_compound,CurrentOnly-AE-CeNN-494,9225,0.2452427844074021,0.4548696129750294,0.4788640801480851,0.0,0.0,0.0,0.0,0.0,0.0,0.6594019932188023
severe_compound,CurrentOnly-AE-CeNN-494,9226,0.2559747644508213,0.443842457072839,0.4659868689194511,0.0,0.0,0.0,0.0,0.0,0.0,0.6313955469034912
severe_compound,CurrentOnly-AE-CeNN-494,9227,0.2353899791906397,0.3797131851815836,0.4081829406812937,0.0,0.0,0.0,0.0,0.0,0.0,0.7104121047564521
severe_compound,CurrentOnly-AE-CeNN-494,9228,0.2398297908926007,0.3991543768708164,0.4295037204169646,0.0,0.0,0.0,0.0,0.0,0.0,0.6311177727781256
severe_compound,CurrentOnly-AE-CeNN-494,9229,0.2072679631546009,0.340852465502504,0.3567120191217492,0.0,0.0,0.0,0.0,0.0,0.0,0.798182875414108
severe_compound,CurrentOnly-AE-CeNN-494,9230,0.1796045570938757,0.2166793996131593,0.2236725676185365,0.0,0.0,0.0,0.0,0.0,0.0,0.8842907854328319
severe_compound,CurrentOnly-AE-CeNN-494,9231,0.1712447834415227,0.2609450233063106,0.2734750382206578,0.0,0.0,0.0,0.0,0.0,0.0,0.8485806036839654
severe_compound,CurrentOnly-AE-CeNN-494,9232,0.1911352346604946,0.269810422879239,0.2885269595107692,0.0,0.0,0.0,0.0,0.0,0.0,0.8161821052839261
severe_compound,CurrentOnly-AE-CeNN-494,9233,0.1670652217844653,0.2369964468867522,0.2417780982293118,0.0,0.0,0.0,0.0,0.0,0.0,0.9058046980834984
severe_compound,CurrentOnly-AE-CeNN-494,9234,0.154759684388621,0.2222875661386772,0.254442930179247,0.0,0.0,0.0,0.0,0.0,0.0,0.9178418580661364
severe_compound,CurrentOnly-AE-CeNN-494,9235,0.1929756876382245,0.2950213959441837,0.3117588520040446,0.0,0.0,0.0,0.0,0.0,0.0,0.8288434786105262
severe_compound,CurrentOnly-AE-CeNN-494,9236,0.1821640490021212,0.2803534005915542,0.2905749545683729,0.0,0.0,0.0,0.0,0.0,0.0,0.8536352721869439
severe_compound,CurrentOnly-AE-CeNN-494,9237,0.1620649399137049,0.2133311929190079,0.2189573488605159,0.0,0.0,0.0,0.0,0.0,0.0,0.9235722862688746
severe_compound,CurrentOnly-AE-CeNN-494,9238,0.2073820019501598,0.3544594282605882,0.3700692389215978,0.0,0.0,0.0,0.0,0.0,0.0,0.798065526714975
severe_compound,CurrentOnly-AE-CeNN-494,9239,0.189724754103434,0.2727242807641878,0.2805531390609265,0.0,0.0,0.0,0.0,0.0,0.0,0.8760313816259641
severe_compound,CurrentOnly-AE-CeNN-494,9240,0.2266709927301942,0.3703661019561328,0.3913915868355783,0.0,0.0,0.0,0.0,0.0,0.0,0.7242565753985618
severe_compound,CurrentOnly-AE-CeNN-494,9241,0.178827037794878,0.247260278219606,0.2564152075550238,0.0,0.0,0.0,0.0,0.0,0.0,0.8675417315676145
severe_compound,CurrentOnly-AE-CeNN-494,9242,0.2056350876360715,0.2915923775546652,0.2954209977010214,0.0,0.0,0.0,0.0,0.0,0.0,0.8061802122728193
severe_compound,CurrentOnly-AE-CeNN-494,9243,0.1988745329797875,0.3676972286719738,0.3909132187081269,0.0,0.0,0.0,0.0,0.0,0.0,0.7695866903764935
severe_compound,CurrentOnly-AE-CeNN-494,9244,0.2067055950676727,0.3360135949517903,0.3472051804870377,0.0,0.0,0.0,0.0,0.0,0.0,0.7684250216744438
severe_compound,CurrentOnly-AE-CeNN-494,9245,0.1777080717365723,0.3345589384076013,0.3574905054786749,0.0,0.0,0.0,0.0,0.0,0.0,0.8375579421541159
severe_compound,CurrentOnly-AE-CeNN-494,9246,0.1687960304404123,0.2261168308162525,0.2393950406170485,0.0,0.0,0.0,0.0,0.0,0.0,0.8752777751624204
severe_compound,CurrentOnly-AE-CeNN-494,9247,0.1954705584101404,0.305465866759202,0.3266506511635549,0.0,0.0,0.0,0.0,0.0,0.0,0.8683723631758073
severe_compound,CurrentOnly-AE-CeNN-494,9248,0.1758220030335806,0.2384901391025743,0.2545038401551484,0.0,0.0,0.0,0.0,0.0,0.0,0.8874127015344454
severe_compound,CurrentOnly-AE-CeNN-494,9249,0.1761208139287296,0.2952820611376797,0.3045653507808404,0.0,0.0,0.0,0.0,0.0,0.0,0.8304785935423517
severe_compound,CurrentOnly-AE-CeNN-494,9250,0.2158944306338473,0.41659116287943,0.4458375622347767,0.0,0.0,0.0,0.0,0.0,0.0,0.7365379512609301
severe_compound,CurrentOnly-AE-CeNN-494,9251,0.1727272576245085,0.2327039669082006,0.2460086912115648,0.0,0.0,0.0,0.0,0.0,0.0,0.8902448300399002
severe_compound,CurrentOnly-AE-CeNN-494,9252,0.2076810424060919,0.3264678205040331,0.3469496441356874,0.0,0.0,0.0,0.0,0.0,0.0,0.7756659948507983
severe_compound,CurrentOnly-AE-CeNN-494,9253,0.214172295653183,0.3430466247594302,0.3482394260028365,0.0,0.0,0.0,0.0,0.0,0.0,0.6689912801167783
severe_compound,CurrentOnly-AE-CeNN-494,9254,0.1533579081679571,0.1876966673713805,0.1988626627468314,0.0,0.0,0.0,0.0,0.0,0.0,0.9368280984095628
severe_compound,CurrentOnly-AE-CeNN-494,9255,0.2178066720193145,0.3042552479512848,0.3201991088520008,0.0,0.0,0.0,0.0,0.0,0.0,0.7328246807271451
severe_compound,CurrentOnly-AE-CeNN-494,9256,0.180670174367864,0.2996885941276541,0.3090839690514578,0.0,0.0,0.0,0.0,0.0,0.0,0.8139663179135026
severe_compound,CurrentOnly-AE-CeNN-494,9257,0.2456970295374351,0.3555545324788484,0.361553380263405,0.0,0.0,0.0,0.0,0.0,0.0,0.6562947209799964
severe_compound,CurrentOnly-AE-CeNN-494,9258,0.186172783096082,0.2541877190541752,0.265330228588413,0.0,0.0,0.0,0.0,0.0,0.0,0.8390838392088439
severe_compound,CurrentOnly-AE-CeNN-494,9259,0.1806370857710902,0.2273656631288774,0.2340454802382212,0.0,0.0,0.0,0.0,0.0,0.0,0.8925374863680512
severe_compound,CurrentOnly-AE-CeNN-494,9260,0.2178267911417971,0.3340584679429726,0.355135012952868,0.0,0.0,0.0,0.0,0.0,0.0,0.7718601249910924
severe_compound,CurrentOnly-AE-CeNN-494,9261,0.1897854359914911,0.3132368378971714,0.3281511259191872,0.0,0.0,0.0,0.0,0.0,0.0,0.8135148718306064
severe_compound,CurrentOnly-AE-CeNN-494,9262,0.1855694344644934,0.2597614928051962,0.2634278101315416,0.0,0.0,0.0,0.0,0.0,0.0,0.8760367575177141
severe_compound,CurrentOnly-AE-CeNN-494,9263,0.1562341251286806,0.1975603792430718,0.1998979129731032,0.0,0.0,0.0,0.0,0.0,0.0,0.9028164792866732
severe_compound,CurrentOnly-AE-CeNN-494,9264,0.2115666837088578,0.3894898230880224,0.4132233363721922,0.0,0.0,0.0,0.0,0.0,0.0,0.7664294535201445
severe_compound,CurrentOnly-AE-CeNN-494,9265,0.1583736570927,0.2024459193680967,0.2069717062647773,0.0,0.0,0.0,0.0,0.0,0.0,0.9201801994747194
severe_compound,CurrentOnly-AE-CeNN-494,9266,0.2293157565655263,0.3075003829930468,0.3268646252505512,0.0,0.0,0.0,0.0,0.0,0.0,0.7525373525838851
severe_compound,CurrentOnly-AE-CeNN-494,9267,0.2116457279425467,0.3120511609956942,0.322040568955482,0.0,0.0,0.0,0.0,0.0,0.0,0.7971199745341909
severe_compound,CurrentOnly-AE-CeNN-494,9268,0.2064890319348594,0.3088917978470221,0.3254968147310892,0.0,0.0,0.0,0.0,0.0,0.0,0.8167219351049434
severe_compound,CurrentOnly-AE-CeNN-494,9269,0.2124543604001621,0.4308165008446744,0.4706570841146756,0.0,0.0,0.0,0.0,0.0,0.0,0.7144037372492414
severe_compound,CurrentOnly-AE-CeNN-494,9270,0.1956287133609525,0.4077552695880114,0.424012406933038,0.0,0.0,0.0,0.0,0.0,0.0,0.7527643849120789
severe_compound,CurrentOnly-AE-CeNN-494,9271,0.2057665676292109,0.2910061635273446,0.3028363232179482,0.0,0.0,0.0,0.0,0.0,0.0,0.7946993895372866
severe_compound,CurrentOnly-AE-CeNN-494,9272,0.2341439491098595,0.3366182980983209,0.3599416107165406,0.0,0.0,0.0,0.0,0.0,0.0,0.6816342217077355
severe_compound,CurrentOnly-AE-CeNN-494,9273,0.2255165815744669,0.4839858236400896,0.5190375757611128,3.548680618744313,0.0,0.0,0.0,0.0,0.0,0.7621233804359556
severe_compound,CurrentOnly-AE-CeNN-494,9274,0.2467653020134383,0.364189110256325,0.381516587742481,0.0,0.0,0.0,0.0,0.0,0.0,0.7190910713112489
severe_compound,CurrentOnly-AE-CeNN-494,9275,0.2169776087498547,0.3480430608450237,0.3677851941599983,0.0,0.0,0.0,0.0,0.0,0.0,0.6972300953717238
severe_compound,CurrentOnly-AE-CeNN-494,9276,0.2106533560020186,0.3911569197513583,0.4117544598196293,0.0,0.0,0.0,0.0,0.0,0.0,0.7322872879425073
severe_compound,CurrentOnly-AE-CeNN-494,9277,0.1753927506828983,0.3015878242530392,0.3229396599024425,0.0,0.0,0.0,0.0,0.0,0.0,0.8460104247003293
severe_compound,CurrentOnly-AE-CeNN-494,9278,0.1717451475965881,0.2294725724059622,0.2385522135524374,0.0,0.0,0.0,0.0,0.0,0.0,0.9229079591650696
severe_compound,CurrentOnly-AE-CeNN-494,9279,0.1662050755247223,0.2839474797622581,0.3050794620318005,0.0,0.0,0.0,0.0,0.0,0.0,0.8030514021071915
severe_compound,CurrentOnly-AE-CeNN-494,9280,0.1657988318987703,0.2137991748326003,0.2171096542642144,0.0,0.0,0.0,0.0,0.0,0.0,0.9013674995695125
severe_compound,CurrentOnly-AE-CeNN-494,9281,0.1939819501007567,0.3364850254904268,0.3595546806105513,0.0,0.0,0.0,0.0,0.0,0.0,0.8296316430837445
severe_compound,CurrentOnly-AE-CeNN-494,9282,0.1828002616343114,0.2588510249439285,0.2856420034149191,0.0,0.0,0.0,0.0,0.0,0.0,0.8464601253440677
severe_compound,CurrentOnly-AE-CeNN-494,9283,0.2295912489436589,0.4202236722652666,0.4419027048470423,0.0,0.0,0.0,0.0,0.0,0.0,0.7331907330249905
severe_compound,CurrentOnly-AE-CeNN-494,9284,0.2146691889758376,0.3485866543701408,0.3630661023745739,0.0,0.0,0.0,0.0,0.0,0.0,0.7766165632772009
severe_compound,CurrentOnly-AE-CeNN-494,9285,0.179262181312076,0.2800722252969755,0.2968792391836977,0.0,0.0,0.0,0.0,0.0,0.0,0.8420831352455702
severe_compound,CurrentOnly-AE-CeNN-494,9286,0.1627290131876344,0.2291433198199604,0.2439429481420914,0.0,0.0,0.0,0.0,0.0,0.0,0.9166202975232448
severe_compound,CurrentOnly-AE-CeNN-494,9287,0.2541493047590744,0.4281450715372029,0.4559226782498789,0.0,0.0,0.0,0.0,0.0,0.0,0.6127947254705159
severe_compound,CurrentOnly-AE-CeNN-494,9288,0.1747304069331651,0.2434118683440552,0.2521333727435864,0.0,0.0,0.0,0.0,0.0,0.0,0.8904864351366074
severe_compound,CurrentOnly-AE-CeNN-494,9289,0.1665710931595463,0.2321159022802741,0.2484255051479876,0.0,0.0,0.0,0.0,0.0,0.0,0.8774875531025801
severe_compound,CurrentOnly-AE-CeNN-494,9290,0.1598946095422805,0.2007315577430165,0.2087129446529032,0.0,0.0,0.0,0.0,0.0,0.0,0.8943029413656867
severe_compound,CurrentOnly-AE-CeNN-494,9291,0.1837613004583677,0.23350764986123,0.2445155057117076,0.0,0.0,0.0,0.0,0.0,0.0,0.8858965565451511
severe_compound,CurrentOnly-AE-CeNN-494,9292,0.2088219554441408,0.3590219359289951,0.3810334800319125,0.0,0.0,0.0,0.0,0.0,0.0,0.7505106696168529
severe_compound,CurrentOnly-AE-CeNN-494,9293,0.2112388226935372,0.3533312810491913,0.3738176028175162,0.0,0.0,0.0,0.0,0.0,0.0,0.750712448597102
severe_compound,CurrentOnly-AE-CeNN-494,9294,0.226323016574024,0.3724176577820883,0.4029279226692228,0.0,0.0,0.0,0.0,0.0,0.0,0.6723597794536379
severe_compound,CurrentOnly-AE-CeNN-494,9295,0.2404301189082883,0.4044985929763829,0.4162159525619328,0.0,0.0,0.0,0.0,0.0,0.0,0.705690767884405
severe_compound,CurrentOnly-AE-CeNN-494,9296,0.1616494093578585,0.2299231356161852,0.2436267272984368,0.0,0.0,0.0,0.0,0.0,0.0,0.9053670462218584
severe_compound,CurrentOnly-AE-CeNN-494,9297,0.1858766334951663,0.2727856825129677,0.287262298250636,0.0,0.0,0.0,0.0,0.0,0.0,0.8649391227952936
severe_compound,CurrentOnly-AE-CeNN-494,9298,0.1885150949541473,0.317193989449713,0.3426474133618018,0.0,0.0,0.0,0.0,0.0,0.0,0.7850360156730103
severe_compound,CurrentOnly-AE-CeNN-494,9299,0.2166593046999699,0.3737109904375672,0.3987684210477167,0.0,0.0,0.0,0.0,0.0,0.0,0.7126700306211938
severe_compound,I-RiskGovernor-unprojected,9200,0.188731629106497,0.2880225829237283,0.3074980486450779,0.0,0.0,0.0,0.0,0.0,0.0,0.8569057803957293
severe_compound,I-RiskGovernor-unprojected,9201,0.2565157252162418,0.4354601100840086,0.4518863317318058,0.0,0.0,0.0,0.0,0.0,0.0,0.6058387518767423
severe_compound,I-RiskGovernor-unprojected,9202,0.2086189471345843,0.3220175975797502,0.344160246843724,0.0,0.0,0.0,0.0,0.0,0.0,0.7624390920739831
severe_compound,I-RiskGovernor-unprojected,9203,0.2343984226034173,0.3698418673543547,0.3848981256903429,0.0,0.0,0.0,0.0,0.0,0.0,0.7431137007736733
severe_compound,I-RiskGovernor-unprojected,9204,0.1996107399839234,0.3284044603089128,0.3489573341324475,0.0,0.0,0.0,0.0,0.0,0.0,0.8161420881228512
severe_compound,I-RiskGovernor-unprojected,9205,0.2231907506351019,0.3180903875158252,0.3418299868761087,0.0,0.0,0.0,0.0,0.0,0.0,0.736138465042731
severe_compound,I-RiskGovernor-unprojected,9206,0.1776114733545255,0.2670732756116272,0.2827495281876653,0.0,0.0,0.0,0.0,0.0,0.0,0.875355416436475
severe_compound,I-RiskGovernor-unprojected,9207,0.2201737173874574,0.4117949251346321,0.4363129459354386,0.0,0.0,0.0,0.0,0.0,0.0,0.7184205666261835
severe_compound,I-RiskGovernor-unprojected,9208,0.1742396212276999,0.2819529367091364,0.2953960710316603,0.0,0.0,0.0,0.0,0.0,0.0,0.8146678994437384
severe_compound,I-RiskGovernor-unprojected,9209,0.2417543717777943,0.4604105805707522,0.4918799458150651,0.0,0.0,0.0,0.0,0.0,0.0,0.620343014153971
severe_compound,I-RiskGovernor-unprojected,9210,0.2124888801304671,0.388053685890932,0.3985519031849906,0.0,0.0,0.0,0.0,0.0,0.0,0.7355615247735572
severe_compound,I-RiskGovernor-unprojected,9211,0.1485110703818203,0.2245582068559762,0.2310943741957367,0.0,0.0,0.0,0.0,0.0,0.0,0.934621732447461
severe_compound,I-RiskGovernor-unprojected,9212,0.1758215165935084,0.2809258512318738,0.287181577089046,0.0,0.0,0.0,0.0,0.0,0.0,0.8879353498084879
severe_compound,I-RiskGovernor-unprojected,9213,0.2125497240270382,0.4091467555451711,0.4321504057549052,0.0,0.0,0.0,0.0,0.0,0.0,0.745362340108765
severe_compound,I-RiskGovernor-unprojected,9214,0.1817075520704887,0.2602801874220258,0.2767270122429976,0.0,0.0,0.0,0.0,0.0,0.0,0.8577685911377783
severe_compound,I-RiskGovernor-unprojected,9215,0.2325325421907497,0.365504415959774,0.3902912575110553,0.0,0.0,0.0,0.0,0.0,0.0,0.6263921955478564
severe_compound,I-RiskGovernor-unprojected,9216,0.2422764377352923,0.4057486700593882,0.4228841109259486,0.0,0.0,0.0,0.0,0.0,0.0,0.6708847954169528
severe_compound,I-RiskGovernor-unprojected,9217,0.1594951001317228,0.2166566109791678,0.2559859932042237,0.0,0.0,0.0,0.0,0.0,0.0,0.9246871939670144
severe_compound,I-RiskGovernor-unprojected,9218,0.2417176918892763,0.4472078468390102,0.4664520063443703,0.0,0.0,0.0,0.0,0.0,0.0,0.6944804211046137
severe_compound,I-RiskGovernor-unprojected,9219,0.2138321657771607,0.371503627870328,0.3971061767948055,0.0,0.0,0.0,0.0,0.0,0.0,0.700128279729721
severe_compound,I-RiskGovernor-unprojected,9220,0.2129443930336351,0.3366529822062097,0.3464811938747988,0.0,0.0,0.0,0.0,0.0,0.0,0.702024521817606
severe_compound,I-RiskGovernor-unprojected,9221,0.195346038500434,0.2957739827856066,0.3118443717207576,0.0,0.0,0.0,0.0,0.0,0.0,0.7834970302766039
severe_compound,I-RiskGovernor-unprojected,9222,0.2244214786991761,0.3774092780758087,0.3877377897624058,0.0,0.0,0.0,0.0,0.0,0.0,0.7336602329670966
severe_compound,I-RiskGovernor-unprojected,9223,0.1990732340817158,0.2911233169630111,0.2967375025372753,0.0,0.0,0.0,0.0,0.0,0.0,0.8485482754676017
severe_compound,I-RiskGovernor-unprojected,9224,0.198772130323779,0.2791835943876757,0.2932542648590539,0.0,0.0,0.0,0.0,0.0,0.0,0.8257466571933604
severe_compound,I-RiskGovernor-unprojected,9225,0.2448305655141295,0.4548403207698755,0.4788957441672665,0.0,0.0,0.0,0.0,0.0,0.0,0.6593434888567877
severe_compound,I-RiskGovernor-unprojected,9226,0.2557690025575725,0.443725012234846,0.4659441600992899,0.0,0.0,0.0,0.0,0.0,0.0,0.6312418612174944
severe_compound,I-RiskGovernor-unprojected,9227,0.234885496130679,0.379448712703624,0.4080976288920754,0.0,0.0,0.0,0.0,0.0,0.0,0.7102819943946869
severe_compound,I-RiskGovernor-unprojected,9228,0.2396701471958117,0.3991588847747641,0.4294959267583149,0.0,0.0,0.0,0.0,0.0,0.0,0.6318790769476195
severe_compound,I-RiskGovernor-unprojected,9229,0.2067927703122406,0.3407330917374666,0.3566500885082627,0.0,0.0,0.0,0.0,0.0,0.0,0.798198822588229
severe_compound,I-RiskGovernor-unprojected,9230,0.1791321922177078,0.2161392927342189,0.2233369721617989,0.0,0.0,0.0,0.0,0.0,0.0,0.8840814446839232
severe_compound,I-RiskGovernor-unprojected,9231,0.1709538922787697,0.2609127263008468,0.2734464799843029,0.0,0.0,0.0,0.0,0.0,0.0,0.8485101180587318
severe_compound,I-RiskGovernor-unprojected,9232,0.1905254453419713,0.2696138857145633,0.2882919664627942,0.0,0.0,0.0,0.0,0.0,0.0,0.8159769477075687
severe_compound,I-RiskGovernor-unprojected,9233,0.1665613301106885,0.2365609841253305,0.2415641276881848,0.0,0.0,0.0,0.0,0.0,0.0,0.9065176748077368
severe_compound,I-RiskGovernor-unprojected,9234,0.1545010121139149,0.2218721569245536,0.2541539878082788,0.0,0.0,0.0,0.0,0.0,0.0,0.9179880538298942
severe_compound,I-RiskGovernor-unprojected,9235,0.1924872097966925,0.2948375808691886,0.3115323604799496,0.0,0.0,0.0,0.0,0.0,0.0,0.8292228253373969
severe_compound,I-RiskGovernor-unprojected,9236,0.1819348631005642,0.2803498522409079,0.290578077295491,0.0,0.0,0.0,0.0,0.0,0.0,0.852784457469672
severe_compound,I-RiskGovernor-unprojected,9237,0.1615448594907808,0.2128690128605536,0.2184986047903241,0.0,0.0,0.0,0.0,0.0,0.0,0.9231375495090034
severe_compound,I-RiskGovernor-unprojected,9238,0.2071078050028856,0.3541531588643311,0.3699131858112233,0.0,0.0,0.0,0.0,0.0,0.0,0.7980961982686077
severe_compound,I-RiskGovernor-unprojected,9239,0.1893145139473802,0.2728205814584386,0.2806084156814218,0.0,0.0,0.0,0.0,0.0,0.0,0.8762205507738015
severe_compound,I-RiskGovernor-unprojected,9240,0.2263451314768645,0.3703265050971142,0.3913047658945514,0.0,0.0,0.0,0.0,0.0,0.0,0.7245700570236417
severe_compound,I-RiskGovernor-unprojected,9241,0.1786056630256604,0.246966524781234,0.2562589568960504,0.0,0.0,0.0,0.0,0.0,0.0,0.8674210643073558
severe_compound,I-RiskGovernor-unprojected,9242,0.2054049279816411,0.2915906296392707,0.2954212639833526,0.0,0.0,0.0,0.0,0.0,0.0,0.8060196294447854
severe_compound,I-RiskGovernor-unprojected,9243,0.1984760054577849,0.3674360891934611,0.3907815180644581,0.0,0.0,0.0,0.0,0.0,0.0,0.7699328748384249
severe_compound,I-RiskGovernor-unprojected,9244,0.2063864273110666,0.3358898052086435,0.3470413918715391,0.0,0.0,0.0,0.0,0.0,0.0,0.7682653860617673
severe_compound,I-RiskGovernor-unprojected,9245,0.1770729422477615,0.3342269418546975,0.3572435959972118,0.0,0.0,0.0,0.0,0.0,0.0,0.8384376022630566
severe_compound,I-RiskGovernor-unprojected,9246,0.1683987693780858,0.2253937711121339,0.2387467010305285,0.0,0.0,0.0,0.0,0.0,0.0,0.8748466408805515
severe_compound,I-RiskGovernor-unprojected,9247,0.195048125125903,0.3053346591464443,0.3265148830814864,0.0,0.0,0.0,0.0,0.0,0.0,0.8682526146756384
severe_compound,I-RiskGovernor-unprojected,9248,0.1753288888191454,0.2381457303140341,0.2542239753162973,0.0,0.0,0.0,0.0,0.0,0.0,0.8873199160513177
severe_compound,I-RiskGovernor-unprojected,9249,0.1756368042673963,0.2947745891477447,0.3041439760448444,0.0,0.0,0.0,0.0,0.0,0.0,0.8303917199342112
severe_compound,I-RiskGovernor-unprojected,9250,0.215635852307765,0.4165636310830944,0.4458408723993196,0.0,0.0,0.0,0.0,0.0,0.0,0.736417245800377
severe_compound,I-RiskGovernor-unprojected,9251,0.1720482709268805,0.2319342760051022,0.2453182930587861,0.0,0.0,0.0,0.0,0.0,0.0,0.8899482240129578
severe_compound,I-RiskGovernor-unprojected,9252,0.2069743999994172,0.3263147938516622,0.3467520269205174,0.0,0.0,0.0,0.0,0.0,0.0,0.7753077226142443
severe_compound,I-RiskGovernor-unprojected,9253,0.2138070273888657,0.3429328833971279,0.3481066961158501,0.0,0.0,0.0,0.0,0.0,0.0,0.6689925489074052
severe_compound,I-RiskGovernor-unprojected,9254,0.1528233957844687,0.1869531217980058,0.1981690438059759,0.0,0.0,0.0,0.0,0.0,0.0,0.9369271439072224
severe_compound,I-RiskGovernor-unprojected,9255,0.2173091717325524,0.3040298292883723,0.319893063416414,0.0,0.0,0.0,0.0,0.0,0.0,0.7331837093290299
severe_compound,I-RiskGovernor-unprojected,9256,0.180118077251858,0.2995320535129087,0.3089617688921323,0.0,0.0,0.0,0.0,0.0,0.0,0.8137610956807902
severe_compound,I-RiskGovernor-unprojected,9257,0.2454154796234262,0.3554112327626966,0.3614781291833389,0.0,0.0,0.0,0.0,0.0,0.0,0.6563789195489481
severe_compound,I-RiskGovernor-unprojected,9258,0.185582208965806,0.253516646051627,0.264566721064189,0.0,0.0,0.0,0.0,0.0,0.0,0.8385924588286897
severe_compound,I-RiskGovernor-unprojected,9259,0.1803270332225162,0.2271817407369373,0.233886111306332,0.0,0.0,0.0,0.0,0.0,0.0,0.8919738151432185
severe_compound,I-RiskGovernor-unprojected,9260,0.217472291738716,0.3336909875146613,0.3548752064301245,0.0,0.0,0.0,0.0,0.0,0.0,0.7718774197424793
severe_compound,I-RiskGovernor-unprojected,9261,0.1894073260775363,0.3133220391902404,0.3282248325240182,0.0,0.0,0.0,0.0,0.0,0.0,0.8135929287059114
severe_compound,I-RiskGovernor-unprojected,9262,0.1851953337529712,0.2598193727475965,0.2635607169563764,0.0,0.0,0.0,0.0,0.0,0.0,0.8756578526071973
severe_compound,I-RiskGovernor-unprojected,9263,0.1557092438632789,0.1970859675580179,0.1993182922650971,0.0,0.0,0.0,0.0,0.0,0.0,0.9030298037585932
severe_compound,I-RiskGovernor-unprojected,9264,0.2112327700386632,0.3894802327280827,0.4131541061323306,0.0,0.0,0.0,0.0,0.0,0.0,0.7668123947779233
severe_compound,I-RiskGovernor-unprojected,9265,0.1581250245808405,0.2023108611380639,0.206824854048428,0.0,0.0,0.0,0.0,0.0,0.0,0.9204208380622276
severe_compound,I-RiskGovernor-unprojected,9266,0.2290023640377915,0.3073467528968669,0.3267075898441093,0.0,0.0,0.0,0.0,0.0,0.0,0.7525285945249959
severe_compound,I-RiskGovernor-unprojected,9267,0.2112697121290125,0.3118547338390742,0.3218950560193147,0.0,0.0,0.0,0.0,0.0,0.0,0.7977078869179428
severe_compound,I-RiskGovernor-unprojected,9268,0.2061761645538933,0.3087453744489139,0.3254250191759205,0.0,0.0,0.0,0.0,0.0,0.0,0.8165664954380177
severe_compound,I-RiskGovernor-unprojected,9269,0.212195123844236,0.4308016780600831,0.4706392572985734,0.0,0.0,0.0,0.0,0.0,0.0,0.7139997442707265
severe_compound,I-RiskGovernor-unprojected,9270,0.1952880551812015,0.4077108887239003,0.4239985840952356,0.0,0.0,0.0,0.0,0.0,0.0,0.7529361995006452
severe_compound,I-RiskGovernor-unprojected,9271,0.2051598031793836,0.2905416814637031,0.3023120372093156,0.0,0.0,0.0,0.0,0.0,0.0,0.7948232345511964
severe_compound,I-RiskGovernor-unprojected,9272,0.2339099625086954,0.3366052657850202,0.3599324453582613,0.0,0.0,0.0,0.0,0.0,0.0,0.6814244890324266
severe_compound,I-RiskGovernor-unprojected,9273,0.2251234692717436,0.4840555419580812,0.5190705979535951,3.548680618744313,0.0,0.0,0.0,0.0,0.0,0.7623879344768159
severe_compound,I-RiskGovernor-unprojected,9274,0.2462580562311745,0.3641195703869847,0.3813930270520771,0.0,0.0,0.0,0.0,0.0,0.0,0.7192273380163309
severe_compound,I-RiskGovernor-unprojected,9275,0.216563305728139,0.3478251857997698,0.3677152533089777,0.0,0.0,0.0,0.0,0.0,0.0,0.6971673112154386
severe_compound,I-RiskGovernor-unprojected,9276,0.2104237544744852,0.3911381001344508,0.4117399209551491,0.0,0.0,0.0,0.0,0.0,0.0,0.7321170698209147
severe_compound,I-RiskGovernor-unprojected,9277,0.1747933030784329,0.3012191622232692,0.3226127903955675,0.0,0.0,0.0,0.0,0.0,0.0,0.8459293034055948
severe_compound,I-RiskGovernor-unprojected,9278,0.1714702010918218,0.2291312467215744,0.2381471484403759,0.0,0.0,0.0,0.0,0.0,0.0,0.9225103366369068
severe_compound,I-RiskGovernor-unprojected,9279,0.1659210552638387,0.2839014660582816,0.3050999457581637,0.0,0.0,0.0,0.0,0.0,0.0,0.8035701028646354
severe_compound,I-RiskGovernor-unprojected,9280,0.1653277131989123,0.213721943403494,0.2170834369725049,0.0,0.0,0.0,0.0,0.0,0.0,0.901524231817352
severe_compound,I-RiskGovernor-unprojected,9281,0.1933908363940248,0.3361374406336768,0.3593721336241124,0.0,0.0,0.0,0.0,0.0,0.0,0.8295566214181389
severe_compound,I-RiskGovernor-unprojected,9282,0.1823906469549223,0.2587138143816043,0.2853982019337356,0.0,0.0,0.0,0.0,0.0,0.0,0.8464953258850794
severe_compound,I-RiskGovernor-unprojected,9283,0.2292645003146722,0.4202422006894183,0.4419056886990278,0.0,0.0,0.0,0.0,0.0,0.0,0.7328010880340685
severe_compound,I-RiskGovernor-unprojected,9284,0.2142970443758095,0.3484885984349389,0.3630223198821383,0.0,0.0,0.0,0.0,0.0,0.0,0.7766060904358086
severe_compound,I-RiskGovernor-unprojected,9285,0.1784780803424392,0.2797896631084182,0.2965652035364967,0.0,0.0,0.0,0.0,0.0,0.0,0.842100786848197
severe_compound,I-RiskGovernor-unprojected,9286,0.1622474092501148,0.2287673243072453,0.2434622802787715,0.0,0.0,0.0,0.0,0.0,0.0,0.9167196695407428
severe_compound,I-RiskGovernor-unprojected,9287,0.2538661038255485,0.4280363294074378,0.4559049838155349,0.0,0.0,0.0,0.0,0.0,0.0,0.6123774021460778
severe_compound,I-RiskGovernor-unprojected,9288,0.1741539923671948,0.2432587495472216,0.2521695707120734,0.0,0.0,0.0,0.0,0.0,0.0,0.8896641726006743
severe_compound,I-RiskGovernor-unprojected,9289,0.1661196919853766,0.231632633923023,0.2479303994922324,0.0,0.0,0.0,0.0,0.0,0.0,0.8774432943536665
severe_compound,I-RiskGovernor-unprojected,9290,0.1591313974103113,0.2001461975950683,0.2082743911159385,0.0,0.0,0.0,0.0,0.0,0.0,0.8942519316207733
severe_compound,I-RiskGovernor-unprojected,9291,0.1836002231583128,0.2334172341642499,0.2443594559055039,0.0,0.0,0.0,0.0,0.0,0.0,0.8856677339469975
severe_compound,I-RiskGovernor-unprojected,9292,0.2083846607333041,0.358767675776707,0.3809167596415844,0.0,0.0,0.0,0.0,0.0,0.0,0.7505627745243211
severe_compound,I-RiskGovernor-unprojected,9293,0.2110198077340518,0.3533047135807887,0.3737814256344174,0.0,0.0,0.0,0.0,0.0,0.0,0.7501222340000183
severe_compound,I-RiskGovernor-unprojected,9294,0.2258228067521276,0.3723891884574697,0.4028470349553196,0.0,0.0,0.0,0.0,0.0,0.0,0.672651403849158
severe_compound,I-RiskGovernor-unprojected,9295,0.2402463933861184,0.4044607319557785,0.4161534802507741,0.0,0.0,0.0,0.0,0.0,0.0,0.7054973168992611
severe_compound,I-RiskGovernor-unprojected,9296,0.1613094640031336,0.2297452567817008,0.243446356056233,0.0,0.0,0.0,0.0,0.0,0.0,0.9049339390885048
severe_compound,I-RiskGovernor-unprojected,9297,0.185577680069581,0.2724136995566836,0.2869874035095687,0.0,0.0,0.0,0.0,0.0,0.0,0.8646708992131703
severe_compound,I-RiskGovernor-unprojected,9298,0.1881151384154364,0.3169228088415218,0.3425007368141188,0.0,0.0,0.0,0.0,0.0,0.0,0.7847217998247114
severe_compound,I-RiskGovernor-unprojected,9299,0.2163094636094331,0.3734299459323222,0.398636067043312,0.0,0.0,0.0,0.0,0.0,0.0,0.712569610819454
severe_compound,J-IndependentSafetyProjection,9200,0.188731629106497,0.2880225829237283,0.3074980486450779,0.0,0.0,0.0,0.0,0.0,0.0,0.8569057803957293
severe_compound,J-IndependentSafetyProjection,9201,0.2565157252162418,0.4354601100840086,0.4518863317318058,0.0,0.0,0.0,0.0,0.0,0.0,0.6058387518767423
severe_compound,J-IndependentSafetyProjection,9202,0.2086189471345843,0.3220175975797502,0.344160246843724,0.0,0.0,0.0,0.0,0.0,0.0,0.7624390920739831
severe_compound,J-IndependentSafetyProjection,9203,0.2343984226034173,0.3698418673543547,0.3848981256903429,0.0,0.0,0.0,0.0,0.0,0.0,0.7431137007736733
severe_compound,J-IndependentSafetyProjection,9204,0.1996107399839234,0.3284044603089128,0.3489573341324475,0.0,0.0,0.0,0.0,0.0,0.0,0.8161420881228512
severe_compound,J-IndependentSafetyProjection,9205,0.2231907506351019,0.3180903875158252,0.3418299868761087,0.0,0.0,0.0,0.0,0.0,0.0,0.736138465042731
severe_compound,J-IndependentSafetyProjection,9206,0.1776114733545255,0.2670732756116272,0.2827495281876653,0.0,0.0,0.0,0.0,0.0,0.0,0.875355416436475
severe_compound,J-IndependentSafetyProjection,9207,0.2201737173874574,0.4117949251346321,0.4363129459354386,0.0,0.0,0.0,0.0,0.0,0.0,0.7184205666261835
severe_compound,J-IndependentSafetyProjection,9208,0.1742396212276999,0.2819529367091364,0.2953960710316603,0.0,0.0,0.0,0.0,0.0,0.0,0.8146678994437384
severe_compound,J-IndependentSafetyProjection,9209,0.2417543717777943,0.4604105805707522,0.4918799458150651,0.0,0.0,0.0,0.0,0.0,0.0,0.620343014153971
severe_compound,J-IndependentSafetyProjection,9210,0.2124888801304671,0.388053685890932,0.3985519031849906,0.0,0.0,0.0,0.0,0.0,0.0,0.7355615247735572
severe_compound,J-IndependentSafetyProjection,9211,0.1485110703818203,0.2245582068559762,0.2310943741957367,0.0,0.0,0.0,0.0,0.0,0.0,0.934621732447461
severe_compound,J-IndependentSafetyProjection,9212,0.1758215165935084,0.2809258512318738,0.287181577089046,0.0,0.0,0.0,0.0,0.0,0.0,0.8879353498084879
severe_compound,J-IndependentSafetyProjection,9213,0.2125497240270382,0.4091467555451711,0.4321504057549052,0.0,0.0,0.0,0.0,0.0,0.0,0.745362340108765
severe_compound,J-IndependentSafetyProjection,9214,0.1817075520704887,0.2602801874220258,0.2767270122429976,0.0,0.0,0.0,0.0,0.0,0.0,0.8577685911377783
severe_compound,J-IndependentSafetyProjection,9215,0.2325325421907497,0.365504415959774,0.3902912575110553,0.0,0.0,0.0,0.0,0.0,0.0,0.6263921955478564
severe_compound,J-IndependentSafetyProjection,9216,0.2422764377352923,0.4057486700593882,0.4228841109259486,0.0,0.0,0.0,0.0,0.0,0.0,0.6708847954169528
severe_compound,J-IndependentSafetyProjection,9217,0.1594951001317228,0.2166566109791678,0.2559859932042237,0.0,0.0,0.0,0.0,0.0,0.0,0.9246871939670144
severe_compound,J-IndependentSafetyProjection,9218,0.2417176918892763,0.4472078468390102,0.4664520063443703,0.0,0.0,0.0,0.0,0.0,0.0,0.6944804211046137
severe_compound,J-IndependentSafetyProjection,9219,0.2138321657771607,0.371503627870328,0.3971061767948055,0.0,0.0,0.0,0.0,0.0,0.0,0.700128279729721
severe_compound,J-IndependentSafetyProjection,9220,0.2129443930336351,0.3366529822062097,0.3464811938747988,0.0,0.0,0.0,0.0,0.0,0.0,0.702024521817606
severe_compound,J-IndependentSafetyProjection,9221,0.195346038500434,0.2957739827856066,0.3118443717207576,0.0,0.0,0.0,0.0,0.0,0.0,0.7834970302766039
severe_compound,J-IndependentSafetyProjection,9222,0.2244214786991761,0.3774092780758087,0.3877377897624058,0.0,0.0,0.0,0.0,0.0,0.0,0.7336602329670966
severe_compound,J-IndependentSafetyProjection,9223,0.1990732340817158,0.2911233169630111,0.2967375025372753,0.0,0.0,0.0,0.0,0.0,0.0,0.8485482754676017
severe_compound,J-IndependentSafetyProjection,9224,0.198772130323779,0.2791835943876757,0.2932542648590539,0.0,0.0,0.0,0.0,0.0,0.0,0.8257466571933604
severe_compound,J-IndependentSafetyProjection,9225,0.2448305655141295,0.4548403207698755,0.4788957441672665,0.0,0.0,0.0,0.0,0.0,0.0,0.6593434888567877
severe_compound,J-IndependentSafetyProjection,9226,0.2557690025575725,0.443725012234846,0.4659441600992899,0.0,0.0,0.0,0.0,0.0,0.0,0.6312418612174944
severe_compound,J-IndependentSafetyProjection,9227,0.234885496130679,0.379448712703624,0.4080976288920754,0.0,0.0,0.0,0.0,0.0,0.0,0.7102819943946869
severe_compound,J-IndependentSafetyProjection,9228,0.2396701471958117,0.3991588847747641,0.4294959267583149,0.0,0.0,0.0,0.0,0.0,0.0,0.6318790769476195
severe_compound,J-IndependentSafetyProjection,9229,0.2067927703122406,0.3407330917374666,0.3566500885082627,0.0,0.0,0.0,0.0,0.0,0.0,0.798198822588229
severe_compound,J-IndependentSafetyProjection,9230,0.1791321922177078,0.2161392927342189,0.2233369721617989,0.0,0.0,0.0,0.0,0.0,0.0,0.8840814446839232
severe_compound,J-IndependentSafetyProjection,9231,0.1709538922787697,0.2609127263008468,0.2734464799843029,0.0,0.0,0.0,0.0,0.0,0.0,0.8485101180587318
severe_compound,J-IndependentSafetyProjection,9232,0.1905254453419713,0.2696138857145633,0.2882919664627942,0.0,0.0,0.0,0.0,0.0,0.0,0.8159769477075687
severe_compound,J-IndependentSafetyProjection,9233,0.1665613301106885,0.2365609841253305,0.2415641276881848,0.0,0.0,0.0,0.0,0.0,0.0,0.9065176748077368
severe_compound,J-IndependentSafetyProjection,9234,0.1545010121139149,0.2218721569245536,0.2541539878082788,0.0,0.0,0.0,0.0,0.0,0.0,0.9179880538298942
severe_compound,J-IndependentSafetyProjection,9235,0.1924872097966925,0.2948375808691886,0.3115323604799496,0.0,0.0,0.0,0.0,0.0,0.0,0.8292228253373969
severe_compound,J-IndependentSafetyProjection,9236,0.1819348631005642,0.2803498522409079,0.290578077295491,0.0,0.0,0.0,0.0,0.0,0.0,0.852784457469672
severe_compound,J-IndependentSafetyProjection,9237,0.1615448594907808,0.2128690128605536,0.2184986047903241,0.0,0.0,0.0,0.0,0.0,0.0,0.9231375495090034
severe_compound,J-IndependentSafetyProjection,9238,0.2071078050028856,0.3541531588643311,0.3699131858112233,0.0,0.0,0.0,0.0,0.0,0.0,0.7980961982686077
severe_compound,J-IndependentSafetyProjection,9239,0.1893145139473802,0.2728205814584386,0.2806084156814218,0.0,0.0,0.0,0.0,0.0,0.0,0.8762205507738015
severe_compound,J-IndependentSafetyProjection,9240,0.2263451314768645,0.3703265050971142,0.3913047658945514,0.0,0.0,0.0,0.0,0.0,0.0,0.7245700570236417
severe_compound,J-IndependentSafetyProjection,9241,0.1786056630256604,0.246966524781234,0.2562589568960504,0.0,0.0,0.0,0.0,0.0,0.0,0.8674210643073558
severe_compound,J-IndependentSafetyProjection,9242,0.2054049279816411,0.2915906296392707,0.2954212639833526,0.0,0.0,0.0,0.0,0.0,0.0,0.8060196294447854
severe_compound,J-IndependentSafetyProjection,9243,0.1984760054577849,0.3674360891934611,0.3907815180644581,0.0,0.0,0.0,0.0,0.0,0.0,0.7699328748384249
severe_compound,J-IndependentSafetyProjection,9244,0.2063864273110666,0.3358898052086435,0.3470413918715391,0.0,0.0,0.0,0.0,0.0,0.0,0.7682653860617673
severe_compound,J-IndependentSafetyProjection,9245,0.1770729422477615,0.3342269418546975,0.3572435959972118,0.0,0.0,0.0,0.0,0.0,0.0,0.8384376022630566
severe_compound,J-IndependentSafetyProjection,9246,0.1683987693780858,0.2253937711121339,0.2387467010305285,0.0,0.0,0.0,0.0,0.0,0.0,0.8748466408805515
severe_compound,J-IndependentSafetyProjection,9247,0.195048125125903,0.3053346591464443,0.3265148830814864,0.0,0.0,0.0,0.0,0.0,0.0,0.8682526146756384
severe_compound,J-IndependentSafetyProjection,9248,0.1753288888191454,0.2381457303140341,0.2542239753162973,0.0,0.0,0.0,0.0,0.0,0.0,0.8873199160513177
severe_compound,J-IndependentSafetyProjection,9249,0.1756368042673963,0.2947745891477447,0.3041439760448444,0.0,0.0,0.0,0.0,0.0,0.0,0.8303917199342112
severe_compound,J-IndependentSafetyProjection,9250,0.215635852307765,0.4165636310830944,0.4458408723993196,0.0,0.0,0.0,0.0,0.0,0.0,0.736417245800377
severe_compound,J-IndependentSafetyProjection,9251,0.1720482709268805,0.2319342760051022,0.2453182930587861,0.0,0.0,0.0,0.0,0.0,0.0,0.8899482240129578
severe_compound,J-IndependentSafetyProjection,9252,0.2069743999994172,0.3263147938516622,0.3467520269205174,0.0,0.0,0.0,0.0,0.0,0.0,0.7753077226142443
severe_compound,J-IndependentSafetyProjection,9253,0.2138070273888657,0.3429328833971279,0.3481066961158501,0.0,0.0,0.0,0.0,0.0,0.0,0.6689925489074052
severe_compound,J-IndependentSafetyProjection,9254,0.1528233957844687,0.1869531217980058,0.1981690438059759,0.0,0.0,0.0,0.0,0.0,0.0,0.9369271439072224
severe_compound,J-IndependentSafetyProjection,9255,0.2173091717325524,0.3040298292883723,0.319893063416414,0.0,0.0,0.0,0.0,0.0,0.0,0.7331837093290299
severe_compound,J-IndependentSafetyProjection,9256,0.180118077251858,0.2995320535129087,0.3089617688921323,0.0,0.0,0.0,0.0,0.0,0.0,0.8137610956807902
severe_compound,J-IndependentSafetyProjection,9257,0.2454154796234262,0.3554112327626966,0.3614781291833389,0.0,0.0,0.0,0.0,0.0,0.0,0.6563789195489481
severe_compound,J-IndependentSafetyProjection,9258,0.185582208965806,0.253516646051627,0.264566721064189,0.0,0.0,0.0,0.0,0.0,0.0,0.8385924588286897
severe_compound,J-IndependentSafetyProjection,9259,0.1803270332225162,0.2271817407369373,0.233886111306332,0.0,0.0,0.0,0.0,0.0,0.0,0.8919738151432185
severe_compound,J-IndependentSafetyProjection,9260,0.217472291738716,0.3336909875146613,0.3548752064301245,0.0,0.0,0.0,0.0,0.0,0.0,0.7718774197424793
severe_compound,J-IndependentSafetyProjection,9261,0.1894073260775363,0.3133220391902404,0.3282248325240182,0.0,0.0,0.0,0.0,0.0,0.0,0.8135929287059114
severe_compound,J-IndependentSafetyProjection,9262,0.1851953337529712,0.2598193727475965,0.2635607169563764,0.0,0.0,0.0,0.0,0.0,0.0,0.8756578526071973
severe_compound,J-IndependentSafetyProjection,9263,0.1557092438632789,0.1970859675580179,0.1993182922650971,0.0,0.0,0.0,0.0,0.0,0.0,0.9030298037585932
severe_compound,J-IndependentSafetyProjection,9264,0.2112327700386632,0.3894802327280827,0.4131541061323306,0.0,0.0,0.0,0.0,0.0,0.0,0.7668123947779233
severe_compound,J-IndependentSafetyProjection,9265,0.1581250245808405,0.2023108611380639,0.206824854048428,0.0,0.0,0.0,0.0,0.0,0.0,0.9204208380622276
severe_compound,J-IndependentSafetyProjection,9266,0.2290023640377915,0.3073467528968669,0.3267075898441093,0.0,0.0,0.0,0.0,0.0,0.0,0.7525285945249959
severe_compound,J-IndependentSafetyProjection,9267,0.2112697121290125,0.3118547338390742,0.3218950560193147,0.0,0.0,0.0,0.0,0.0,0.0,0.7977078869179428
severe_compound,J-IndependentSafetyProjection,9268,0.2061761645538933,0.3087453744489139,0.3254250191759205,0.0,0.0,0.0,0.0,0.0,0.0,0.8165664954380177
severe_compound,J-IndependentSafetyProjection,9269,0.212195123844236,0.4308016780600831,0.4706392572985734,0.0,0.0,0.0,0.0,0.0,0.0,0.7139997442707265
severe_compound,J-IndependentSafetyProjection,9270,0.1952880551812015,0.4077108887239003,0.4239985840952356,0.0,0.0,0.0,0.0,0.0,0.0,0.7529361995006452
severe_compound,J-IndependentSafetyProjection,9271,0.2051598031793836,0.2905416814637031,0.3023120372093156,0.0,0.0,0.0,0.0,0.0,0.0,0.7948232345511964
severe_compound,J-IndependentSafetyProjection,9272,0.2339099625086954,0.3366052657850202,0.3599324453582613,0.0,0.0,0.0,0.0,0.0,0.0,0.6814244890324266
severe_compound,J-IndependentSafetyProjection,9273,0.2251234692717436,0.4840555419580812,0.5190705979535951,3.548680618744313,0.0,0.0,0.0,0.0,0.0,0.7623879344768159
severe_compound,J-IndependentSafetyProjection,9274,0.2462580562311745,0.3641195703869847,0.3813930270520771,0.0,0.0,0.0,0.0,0.0,0.0,0.7192273380163309
severe_compound,J-IndependentSafetyProjection,9275,0.216563305728139,0.3478251857997698,0.3677152533089777,0.0,0.0,0.0,0.0,0.0,0.0,0.6971673112154386
severe_compound,J-IndependentSafetyProjection,9276,0.2104237544744852,0.3911381001344508,0.4117399209551491,0.0,0.0,0.0,0.0,0.0,0.0,0.7321170698209147
severe_compound,J-IndependentSafetyProjection,9277,0.1747933030784329,0.3012191622232692,0.3226127903955675,0.0,0.0,0.0,0.0,0.0,0.0,0.8459293034055948
severe_compound,J-IndependentSafetyProjection,9278,0.1714702010918218,0.2291312467215744,0.2381471484403759,0.0,0.0,0.0,0.0,0.0,0.0,0.9225103366369068
severe_compound,J-IndependentSafetyProjection,9279,0.1659210552638387,0.2839014660582816,0.3050999457581637,0.0,0.0,0.0,0.0,0.0,0.0,0.8035701028646354
severe_compound,J-IndependentSafetyProjection,9280,0.1653277131989123,0.213721943403494,0.2170834369725049,0.0,0.0,0.0,0.0,0.0,0.0,0.901524231817352
severe_compound,J-IndependentSafetyProjection,9281,0.1933908363940248,0.3361374406336768,0.3593721336241124,0.0,0.0,0.0,0.0,0.0,0.0,0.8295566214181389
severe_compound,J-IndependentSafetyProjection,9282,0.1823906469549223,0.2587138143816043,0.2853982019337356,0.0,0.0,0.0,0.0,0.0,0.0,0.8464953258850794
severe_compound,J-IndependentSafetyProjection,9283,0.2292645003146722,0.4202422006894183,0.4419056886990278,0.0,0.0,0.0,0.0,0.0,0.0,0.7328010880340685
severe_compound,J-IndependentSafetyProjection,9284,0.2142970443758095,0.3484885984349389,0.3630223198821383,0.0,0.0,0.0,0.0,0.0,0.0,0.7766060904358086
severe_compound,J-IndependentSafetyProjection,9285,0.1784780803424392,0.2797896631084182,0.2965652035364967,0.0,0.0,0.0,0.0,0.0,0.0,0.842100786848197
severe_compound,J-IndependentSafetyProjection,9286,0.1622474092501148,0.2287673243072453,0.2434622802787715,0.0,0.0,0.0,0.0,0.0,0.0,0.9167196695407428
severe_compound,J-IndependentSafetyProjection,9287,0.2538661038255485,0.4280363294074378,0.4559049838155349,0.0,0.0,0.0,0.0,0.0,0.0,0.6123774021460778
severe_compound,J-IndependentSafetyProjection,9288,0.1741539923671948,0.2432587495472216,0.2521695707120734,0.0,0.0,0.0,0.0,0.0,0.0,0.8896641726006743
severe_compound,J-IndependentSafetyProjection,9289,0.1661196919853766,0.231632633923023,0.2479303994922324,0.0,0.0,0.0,0.0,0.0,0.0,0.8774432943536665
severe_compound,J-IndependentSafetyProjection,9290,0.1591313974103113,0.2001461975950683,0.2082743911159385,0.0,0.0,0.0,0.0,0.0,0.0,0.8942519316207733
severe_compound,J-IndependentSafetyProjection,9291,0.1836002231583128,0.2334172341642499,0.2443594559055039,0.0,0.0,0.0,0.0,0.0,0.0,0.8856677339469975
severe_compound,J-IndependentSafetyProjection,9292,0.2083846607333041,0.358767675776707,0.3809167596415844,0.0,0.0,0.0,0.0,0.0,0.0,0.7505627745243211
severe_compound,J-IndependentSafetyProjection,9293,0.2110198077340518,0.3533047135807887,0.3737814256344174,0.0,0.0,0.0,0.0,0.0,0.0,0.7501222340000183
severe_compound,J-IndependentSafetyProjection,9294,0.2258228067521276,0.3723891884574697,0.4028470349553196,0.0,0.0,0.0,0.0,0.0,0.0,0.672651403849158
severe_compound,J-IndependentSafetyProjection,9295,0.2402463933861184,0.4044607319557785,0.4161534802507741,0.0,0.0,0.0,0.0,0.0,0.0,0.7054973168992611
severe_compound,J-IndependentSafetyProjection,9296,0.1613094640031336,0.2297452567817008,0.243446356056233,0.0,0.0,0.0,0.0,0.0,0.0,0.9049339390885048
severe_compound,J-IndependentSafetyProjection,9297,0.185577680069581,0.2724136995566836,0.2869874035095687,0.0,0.0,0.0,0.0,0.0,0.0,0.8646708992131703
severe_compound,J-IndependentSafetyProjection,9298,0.1881151384154364,0.3169228088415218,0.3425007368141188,0.0,0.0,0.0,0.0,0.0,0.0,0.7847217998247114
severe_compound,J-IndependentSafetyProjection,9299,0.2163094636094331,0.3734299459323222,0.398636067043312,0.0,0.0,0.0,0.0,0.0,0.0,0.712569610819454
