seed,scale,tightness,reserve_level,D,R,n_candidates,n_conflicts,conflict_density,common_pre_time,deadline,ref_obj,ref_status,ref_gap,ref_dual,solver,obj,raw_feasible,repaired_feasible,total_time,encode_time,solve_time,post_time,first_feasible_time,raw_count,sel_count,status,mip_gap,gap_pct,deadline_met,instance_id,restarts,steps,agents,engine,pressure_slope,ref_good
41000,small,loose,standard,3,12,75,1835,0.6612612612612613,0.0701531089998752,0.1,2116.754678269177,0,0.0,-2116.754678269177,MILP-HIGHS,2116.754678269177,True,True,0.0759434609999516,0.0002957789997708,0.0047468740003751,0.0007476989999304,0.0759434609999516,3,3,0,0.0,0.0,True,small_0,,,,,,True
41000,small,loose,standard,3,12,75,1835,0.6612612612612613,0.0701531089998752,0.1,2116.754678269177,0,0.0,-2116.754678269177,GRASP-LS,2116.754678269177,True,True,0.0993238900005053,0.0001343190001534,0.0287550940001892,0.0002813680002873,0.0705415950001224,3,3,0,,0.0,True,small_0,189.0,,,,,True
41000,small,loose,standard,3,12,75,1835,0.6612612612612613,0.0701531089998752,0.1,2116.754678269177,0,0.0,-2116.754678269177,SB-QI,2116.754678269177,False,True,0.0996640030002709,0.0012766439999722,0.0281021340001643,0.0001321160002589,0.0743338620000031,36,3,0,,0.0,True,small_0,1.0,700.0,8.0,discrete,0.01,True
41001,small,loose,standard,3,12,75,1736,0.6255855855855856,0.072173236999788,0.1,2622.7283421095262,0,0.0,-2622.7283421095262,MILP-HIGHS,2622.7283421095262,True,True,0.074768507999579,0.0002663049999682,0.0016349959996659,0.0006939700001566,0.074768507999579,3,3,0,0.0,0.0,True,small_1,,,,,,True
41001,small,loose,standard,3,12,75,1736,0.6255855855855856,0.072173236999788,0.1,2622.7283421095262,0,0.0,-2622.7283421095262,GRASP-LS,2622.7283421095262,True,True,0.0994034979999014,0.0001101240000025,0.0269113970002763,0.0002087399998345,0.0725103869999657,3,3,0,,0.0,True,small_1,158.0,,,,,True
41001,small,loose,standard,3,12,75,1736,0.6255855855855856,0.072173236999788,0.1,2622.7283421095262,0,0.0,-2622.7283421095262,SB-QI,2622.7283421095262,False,True,0.0994863999990229,0.0006969239998397,0.0264887499997712,0.0001274889996238,0.075587383999391,23,3,0,,0.0,True,small_1,1.0,650.0,8.0,discrete,0.01,True
41002,small,loose,standard,3,12,75,2305,0.8306306306306306,0.0734653639997304,0.1,2192.742212157714,0,0.0,-2192.742212157714,MILP-HIGHS,2192.742212157714,True,True,0.0793214840005021,0.0003065450000576,0.0045974120002938,0.0009521630004201,0.0793214840005021,3,3,0,0.0,0.0,True,small_2,,,,,,True
41002,small,loose,standard,3,12,75,2305,0.8306306306306306,0.0734653639997304,0.1,2192.742212157714,0,0.0,-2192.742212157714,GRASP-LS,2192.742212157714,True,True,0.0992828369999188,0.0001884390003397,0.0253561689996786,0.0002728650001699,0.0737766449997252,3,3,0,,0.0,True,small_2,213.0,,,,,True
41002,small,loose,standard,3,12,75,2305,0.8306306306306306,0.0734653639997304,0.1,2192.742212157714,0,0.0,-2192.742212157714,SB-QI,2100.3470858714604,False,True,0.0986126419993524,0.0009338149998256,0.0240373219999128,0.0001761409998835,0.076428730999396,31,3,0,,4.213679372521161,True,small_2,1.0,600.0,8.0,discrete,0.01,True
41003,small,loose,standard,3,12,75,2128,0.7668468468468469,0.07243711800038,0.1,2691.8223934492003,0,0.0,-2691.8223934492003,MILP-HIGHS,2691.8223934492003,True,True,0.0755861920010829,0.0002630110002428,0.0020127170000705,0.0008733460003895,0.0755861920010829,3,3,0,0.0,0.0,True,small_3,,,,,,True
41003,small,loose,standard,3,12,75,2128,0.7668468468468469,0.07243711800038,0.1,2691.8223934492003,0,0.0,-2691.8223934492003,GRASP-LS,2691.8223934492003,True,True,0.0993130320002819,0.0001278899999306,0.0265285390000826,0.0002194849998886,0.0727472780004063,3,3,0,,0.0,True,small_3,186.0,,,,,True
41003,small,loose,standard,3,12,75,2128,0.7668468468468469,0.07243711800038,0.1,2691.8223934492003,0,0.0,-2691.8223934492003,SB-QI,2598.639135776888,False,True,0.0991546970003582,0.0008482089997414,0.0257292820001566,0.0001400880000801,0.0752633120000609,14,3,0,,3.461716415580849,True,small_3,1.0,650.0,8.0,discrete,0.01,True
41004,small,loose,standard,3,12,75,2191,0.7895495495495496,0.0693902369998795,0.1,2651.310032038637,0,0.0,-2651.310032038637,MILP-HIGHS,2651.310032038637,True,True,0.0957305559995802,0.0003644209996309,0.0250160939999659,0.0009598040001037,0.0957305559995802,3,3,0,0.0,0.0,True,small_4,,,,,,True
41004,small,loose,standard,3,12,75,2191,0.7895495495495496,0.0693902369998795,0.1,2651.310032038637,0,0.0,-2651.310032038637,GRASP-LS,2630.125916149743,True,True,0.0993510600001172,0.0002277680000588,0.029411187000278,0.0003218679999008,0.0697690500001044,3,3,0,,0.7990056097892798,True,small_4,203.0,,,,,True
41004,small,loose,standard,3,12,75,2191,0.7895495495495496,0.0693902369998795,0.1,2651.310032038637,0,0.0,-2651.310032038637,SB-QI,2651.310032038637,False,True,0.0984816499999396,0.0008844730000419,0.0280589100002544,0.0001480299997638,0.0722723950002546,8,3,0,,0.0,True,small_4,1.0,700.0,8.0,discrete,0.01,True
41005,small,loose,standard,3,12,75,2081,0.7499099099099099,0.0720916049999687,0.1,3316.3504282072618,0,0.0,-3316.3504282072618,MILP-HIGHS,3316.3504282072618,True,True,0.0751585760003763,0.0002844420000656,0.0019266690001131,0.0008558600002288,0.0751585760003763,3,3,0,0.0,0.0,True,small_5,,,,,,True
41005,small,loose,standard,3,12,75,2081,0.7499099099099099,0.0720916049999687,0.1,3316.3504282072618,0,0.0,-3316.3504282072618,GRASP-LS,3316.3504282072618,True,True,0.0993322189997343,0.000140237999858,0.0268511170002057,0.0002492589997018,0.0723617160001595,3,3,0,,0.0,True,small_5,199.0,,,,,True
41005,small,loose,standard,3,12,75,2081,0.7499099099099099,0.0720916049999687,0.1,3316.3504282072618,0,0.0,-3316.3504282072618,SB-QI,3316.3504282072618,False,True,0.0987781889998586,0.0008425010000792,0.0256989579997934,0.0001451250000172,0.074937638999927,32,3,0,,0.0,True,small_5,1.0,650.0,8.0,discrete,0.01,True
41006,small,loose,standard,3,12,75,1799,0.6482882882882883,0.0683476899998822,0.1,2729.3813304458454,0,0.0,-2729.381330445846,MILP-HIGHS,2729.3813304458454,True,True,0.0741954289997011,0.0002735459997893,0.0047955869999896,0.0007786060000398,0.0741954289997011,3,3,0,0.0,0.0,True,small_6,,,,,,True
41006,small,loose,standard,3,12,75,1799,0.6482882882882883,0.0683476899998822,0.1,2729.3813304458454,0,0.0,-2729.381330445846,GRASP-LS,2729.3813304458454,True,True,0.0993462030005503,0.0001775240002643,0.0305638670001826,0.0002571220002209,0.068664119999994,3,3,0,,0.0,True,small_6,203.0,,,,,True
41006,small,loose,standard,3,12,75,1799,0.6482882882882883,0.0683476899998822,0.1,2729.3813304458454,0,0.0,-2729.381330445846,SB-QI,2709.472126219131,False,True,0.0999245410002913,0.0007325270003093,0.0307136100000207,0.000130714000079,0.0710821280003983,35,3,0,,0.7294401850203234,True,small_6,1.0,800.0,8.0,discrete,0.01,True
41007,small,loose,standard,3,12,75,1708,0.6154954954954955,0.0697271570002158,0.1,3000.637720449711,0,0.0,-3000.637720449711,MILP-HIGHS,3000.637720449711,True,True,0.0723625280002124,0.0003302099999018,0.0015874159998929,0.0007177450002018,0.0723625280002124,3,3,0,0.0,0.0,True,small_7,,,,,,True
41007,small,loose,standard,3,12,75,1708,0.6154954954954955,0.0697271570002158,0.1,3000.637720449711,0,0.0,-3000.637720449711,GRASP-LS,3000.637720449711,True,True,0.099427373000708,0.0001377040002807,0.029308224000033,0.0002542880001783,0.0700814930005435,3,3,0,,0.0,True,small_7,190.0,,,,,True
41007,small,loose,standard,3,12,75,1708,0.6154954954954955,0.0697271570002158,0.1,3000.637720449711,0,0.0,-3000.637720449711,SB-QI,2996.0941709056897,False,True,0.0991590250005174,0.000737384000331,0.0285680860001775,0.0001263979997929,0.0725274330006868,15,3,0,,0.1514194637045543,True,small_7,1.0,750.0,8.0,discrete,0.01,True
41008,small,loose,standard,3,12,75,2192,0.78990990990991,0.0745875100001285,0.1,2902.0973107998816,0,0.0,-2902.0973107998816,MILP-HIGHS,2902.0973107998816,True,True,0.0882629949996953,0.0002929749998656,0.0123967569998058,0.0009857529998953,0.0882629949996953,3,3,0,0.0,0.0,True,small_8,,,,,,True
41008,small,loose,standard,3,12,75,2192,0.78990990990991,0.0745875100001285,0.1,2902.0973107998816,0,0.0,-2902.0973107998816,GRASP-LS,2824.686380628823,True,True,0.0994450499997583,0.0001889609998215,0.0243775269996149,0.0002910520001933,0.0749021179994997,3,3,0,,2.6674133180504045,True,small_8,167.0,,,,,True
41008,small,loose,standard,3,12,75,2192,0.78990990990991,0.0745875100001285,0.1,2902.0973107998816,0,0.0,-2902.0973107998816,SB-QI,2824.686380628823,False,True,0.0997293709997393,0.0008644829999866,0.0240846319998127,0.0001927459998114,0.0776585979997435,37,3,0,,2.6674133180504045,True,small_8,1.0,600.0,8.0,discrete,0.01,True
41009,small,loose,standard,3,12,75,1755,0.6324324324324324,0.0677901019998898,0.1,2837.494745312765,0,0.0,-2837.494745312765,MILP-HIGHS,2837.494745312765,True,True,0.0705878539997684,0.0002647329997671,0.0017664709998825,0.0007665480002287,0.0705878539997684,3,3,0,0.0,0.0,True,small_9,,,,,,True
41009,small,loose,standard,3,12,75,1755,0.6324324324324324,0.0677901019998898,0.1,2837.494745312765,0,0.0,-2837.494745312765,GRASP-LS,2837.494745312765,True,True,0.0994108579998283,0.0001548390000607,0.0312154749999535,0.000250441999924,0.0680739130002621,3,3,0,,0.0,True,small_9,188.0,,,,,True
41009,small,loose,standard,3,12,75,1755,0.6324324324324324,0.0677901019998898,0.1,2837.494745312765,0,0.0,-2837.494745312765,SB-QI,2837.494745312765,False,True,0.0993460820000109,0.0007242249998853,0.0307043960001465,0.0001273590000891,0.0705322220001107,18,3,0,,0.0,True,small_9,1.0,800.0,8.0,discrete,0.01,True
41010,small,loose,standard,3,12,75,2232,0.8043243243243243,0.0702642750002269,0.1,2625.8497484902205,0,0.0,-2625.8497484902205,MILP-HIGHS,2625.8497484902205,True,True,0.0741524160002882,0.0002781230000437,0.0026606090000313,0.0009494089999861,0.0741524160002882,3,3,0,0.0,0.0,True,small_10,,,,,,True
41010,small,loose,standard,3,12,75,2232,0.8043243243243243,0.0702642750002269,0.1,2625.8497484902205,0,0.0,-2625.8497484902205,GRASP-LS,2625.8497484902205,True,True,0.0993310410003687,0.0001509039998381,0.0286538930004098,0.0002619689998937,0.0705468040000596,3,3,0,,0.0,True,small_10,224.0,,,,,True
41010,small,loose,standard,3,12,75,2232,0.8043243243243243,0.0702642750002269,0.1,2625.8497484902205,0,0.0,-2625.8497484902205,SB-QI,2625.8497484902205,False,True,0.0992219700001442,0.0008940170000641,0.027914686999793,0.00014899100006,0.0731730020002032,3,3,0,,0.0,True,small_10,1.0,700.0,8.0,discrete,0.01,True
41011,small,loose,standard,3,12,75,1999,0.7203603603603603,0.0700133219997951,0.1,2731.885672062721,0,0.0,-2731.885672062721,MILP-HIGHS,2731.885672062721,True,True,0.0733893329997954,0.0002612379998936,0.0022618769999098,0.0008528960001967,0.0733893329997954,3,3,0,0.0,0.0,True,small_11,,,,,,True
41011,small,loose,standard,3,12,75,1999,0.7203603603603603,0.0700133219997951,0.1,2731.885672062721,0,0.0,-2731.885672062721,GRASP-LS,2659.178997985109,True,True,0.0993181599997115,0.0001317950000156,0.0289393269999891,0.0002337159999115,0.0702636429996346,3,3,0,,2.6614098394064305,True,small_11,218.0,,,,,True
41011,small,loose,standard,3,12,75,1999,0.7203603603603603,0.0700133219997951,0.1,2731.885672062721,0,0.0,-2731.885672062721,SB-QI,2659.178997985109,False,True,0.0987159369997243,0.0008171720000973,0.0277454850001959,0.0001399579996359,0.0728024000000004,24,3,0,,2.6614098394064305,True,small_11,1.0,700.0,8.0,discrete,0.01,True
41100,small,loose,high,3,12,75,1807,0.6511711711711712,0.0705493969999224,0.1,2226.118852660163,0,0.0,-2226.118852660163,MILP-HIGHS,2226.118852660163,True,True,0.0733560419998866,0.000297651999972,0.001731669000037,0.0007773239999551,0.0733560419998866,3,3,0,0.0,0.0,True,small_12,,,,,,True
41100,small,loose,high,3,12,75,1807,0.6511711711711712,0.0705493969999224,0.1,2226.118852660163,0,0.0,-2226.118852660163,GRASP-LS,2226.118852660163,True,True,0.0992622079993452,0.0001613199997336,0.0283027509999556,0.0002487399997335,0.0708598879996316,3,3,0,,0.0,True,small_12,183.0,,,,,True
41100,small,loose,high,3,12,75,1807,0.6511711711711712,0.0705493969999224,0.1,2226.118852660163,0,0.0,-2226.118852660163,SB-QI,2226.118852660163,False,True,0.0983136099998773,0.0007382660000985,0.0268984979998094,0.0001274490000469,0.0733515460001399,19,3,0,,0.0,True,small_12,1.0,700.0,8.0,discrete,0.01,True
41101,small,loose,high,3,12,75,1986,0.7156756756756757,0.0713881110000329,0.1,3040.795155153949,0,0.0,-3040.795155153949,MILP-HIGHS,3040.795155153949,True,True,0.0749141239998607,0.0002719829999477,0.0024094860000332,0.0008445439998467,0.0749141239998607,3,3,0,0.0,0.0,True,small_13,,,,,,True
41101,small,loose,high,3,12,75,1986,0.7156756756756757,0.0713881110000329,0.1,3040.795155153949,0,0.0,-3040.795155153949,GRASP-LS,3040.795155153949,True,True,0.099315055000261,0.0001346600001852,0.027542103000087,0.0002501809999557,0.071667766000246,3,3,0,,0.0,True,small_13,202.0,,,,,True
41101,small,loose,high,3,12,75,1986,0.7156756756756757,0.0713881110000329,0.1,3040.795155153949,0,0.0,-3040.795155153949,SB-QI,2959.9037534130503,False,True,0.0997481669996886,0.000829049999993,0.0273825859999305,0.0001484199997321,0.0742068039999139,24,3,0,,2.660205558529425,True,small_13,1.0,700.0,8.0,discrete,0.01,True
41102,small,loose,high,3,12,75,1733,0.6245045045045045,0.0694215040002745,0.1,2060.242174508675,0,0.0,-2060.242174508675,MILP-HIGHS,2060.242174508675,True,True,0.0724128520009799,0.0002655940002114,0.0019856660001096,0.0007400880003842,0.0724128520009799,3,3,0,0.0,0.0,True,small_14,,,,,,True
41102,small,loose,high,3,12,75,1733,0.6245045045045045,0.0694215040002745,0.1,2060.242174508675,0,0.0,-2060.242174508675,GRASP-LS,2060.242174508675,True,True,0.0992930450006497,0.0001463680000597,0.0294580260001566,0.0002671470001587,0.0697603570001774,3,3,0,,0.0,True,small_14,212.0,,,,,True
41102,small,loose,high,3,12,75,1733,0.6245045045045045,0.0694215040002745,0.1,2060.242174508675,0,0.0,-2060.242174508675,SB-QI,2059.0820954298006,False,True,0.098852691999582,0.000701160999597,0.0285980310000013,0.000131995999709,0.0721287519995712,16,3,0,,0.056307898810536,True,small_14,1.0,750.0,8.0,discrete,0.01,True
41103,small,loose,high,3,12,75,1773,0.6389189189189189,0.0693748429998777,0.1,1737.151775365383,0,0.0,-1737.151775365383,MILP-HIGHS,1737.151775365383,True,True,0.0722167599997192,0.0002588239999568,0.0018304259997421,0.0007526670001425,0.0722167599997192,3,3,0,0.0,0.0,True,small_15,,,,,,True
41103,small,loose,high,3,12,75,1773,0.6389189189189189,0.0693748429998777,0.1,1737.151775365383,0,0.0,-1737.151775365383,GRASP-LS,1737.151775365383,True,True,0.0992496480002955,0.0001404080003339,0.029492157000277,0.0002422399998067,0.0696458950005762,3,3,0,,0.0,True,small_15,207.0,,,,,True
41103,small,loose,high,3,12,75,1773,0.6389189189189189,0.0693748429998777,0.1,1737.151775365383,0,0.0,-1737.151775365383,SB-QI,1737.151775365383,False,True,0.0991602659996715,0.000804053000138,0.0288520679996509,0.0001293020000048,0.0721945279997271,21,3,0,,0.0,True,small_15,1.0,750.0,8.0,discrete,0.01,True
41104,small,loose,high,3,12,75,1907,0.6872072072072072,0.0741299810001692,0.1,2081.808081209477,0,0.0,-2081.808081209477,MILP-HIGHS,2081.808081209477,True,True,0.077060590000201,0.000312354000016,0.0017910669998855,0.0008271880001302,0.077060590000201,3,3,0,0.0,0.0,True,small_16,,,,,,True
41104,small,loose,high,3,12,75,1907,0.6872072072072072,0.0741299810001692,0.1,2081.808081209477,0,0.0,-2081.808081209477,GRASP-LS,2081.808081209477,True,True,0.0994433360001494,0.0001459969998904,0.0248773980001715,0.0002899599999182,0.0744746220002525,3,3,0,,0.0,True,small_16,171.0,,,,,True
41104,small,loose,high,3,12,75,1907,0.6872072072072072,0.0741299810001692,0.1,2081.808081209477,0,0.0,-2081.808081209477,SB-QI,2070.743602313131,False,True,0.0984971919997406,0.0007762119998915,0.0234522030000334,0.0001387959996463,0.0769201719999728,22,3,0,,0.5314840977040589,True,small_16,1.0,600.0,8.0,discrete,0.01,True
41105,small,loose,high,3,12,75,2179,0.7852252252252252,0.0721793969996724,0.1,2372.0425607016205,0,0.0,-2372.0425607016205,MILP-HIGHS,2372.0425607016205,True,True,0.0765694919996349,0.0003782410003623,0.0030966259996603,0.0009152279999398,0.0765694919996349,3,3,0,0.0,0.0,True,small_17,,,,,,True
41105,small,loose,high,3,12,75,2179,0.7852252252252252,0.0721793969996724,0.1,2372.0425607016205,0,0.0,-2372.0425607016205,GRASP-LS,2372.0425607016205,True,True,0.0992877559997396,0.0001456459999644,0.0267227270001058,0.0002399859999968,0.072553310999865,3,3,0,,0.0,True,small_17,198.0,,,,,True
41105,small,loose,high,3,12,75,2179,0.7852252252252252,0.0721793969996724,0.1,2372.0425607016205,0,0.0,-2372.0425607016205,SB-QI,2278.2921249147826,False,True,0.0993841799995607,0.000858074000007,0.0262016329998004,0.0001450760000807,0.0750406629995268,21,3,0,,3.952308332912361,True,small_17,1.0,650.0,8.0,discrete,0.01,True
41106,small,loose,high,3,12,75,2245,0.809009009009009,0.0715249849999963,0.1,2543.058230265595,0,0.0,-2543.058230265596,MILP-HIGHS,2543.058230265595,True,True,0.0847881970003072,0.0003068949999942,0.0119557120001445,0.001000605000172,0.0847881970003072,3,3,0,0.0,0.0,True,small_18,,,,,,True
41106,small,loose,high,3,12,75,2245,0.809009009009009,0.0715249849999963,0.1,2543.058230265595,0,0.0,-2543.058230265596,GRASP-LS,2543.058230265595,True,True,0.0993952039993928,0.0001755509997565,0.0274335409999366,0.0002611269997032,0.0718506379998871,3,3,0,,0.0,True,small_18,244.0,,,,,True
41106,small,loose,high,3,12,75,2245,0.809009009009009,0.0715249849999963,0.1,2543.058230265595,0,0.0,-2543.058230265596,SB-QI,2436.4896310443546,False,True,0.0984697909998431,0.0008692299998074,0.0259265340000638,0.0001490419999754,0.0744525689997317,14,3,0,,4.190568582069404,True,small_18,1.0,650.0,8.0,discrete,0.01,True
41107,small,loose,high,3,12,71,1678,0.675251509054326,0.0677341270002216,0.1,2130.040753459993,0,0.0,-2130.040753459993,MILP-HIGHS,2130.040753459993,True,True,0.0717172069998923,0.0002595850000943,0.0029909679997217,0.0007325269998545,0.0717172069998923,3,3,0,0.0,0.0,True,small_19,,,,,,True
41107,small,loose,high,3,12,71,1678,0.675251509054326,0.0677341270002216,0.1,2130.040753459993,0,0.0,-2130.040753459993,GRASP-LS,2130.040753459993,True,True,0.099252129999968,0.0001402579996465,0.031131039000229,0.0002467059998707,0.0679937919999247,3,3,0,,0.0,True,small_19,261.0,,,,,True
41107,small,loose,high,3,12,71,1678,0.675251509054326,0.0677341270002216,0.1,2130.040753459993,0,0.0,-2130.040753459993,SB-QI,2036.861911478465,True,True,0.0981521170001542,0.0007231030003822,0.0295678889997361,0.0001269979998141,0.0704461920004178,0,3,0,,4.374509822413992,True,small_19,1.0,800.0,8.0,discrete,0.01,True
41108,small,loose,high,3,12,75,1739,0.6266666666666667,0.0698273030002383,0.1,1931.055257094356,0,0.0,-1931.055257094356,MILP-HIGHS,1931.055257094356,True,True,0.0727363190003416,0.0003084970003328,0.0018288539999957,0.0007716649997746,0.0727363190003416,3,3,0,0.0,0.0,True,small_20,,,,,,True
41108,small,loose,high,3,12,75,1739,0.6266666666666667,0.0698273030002383,0.1,1931.055257094356,0,0.0,-1931.055257094356,GRASP-LS,1931.055257094356,True,True,0.0993987669999114,0.0001543189996482,0.0291768780002712,0.0002402669997536,0.0701339780002854,3,3,0,,0.0,True,small_20,188.0,,,,,True
41108,small,loose,high,3,12,75,1739,0.6266666666666667,0.0698273030002383,0.1,1931.055257094356,0,0.0,-1931.055257094356,SB-QI,1843.8635217491828,False,True,0.0992693750004036,0.0007497130000047,0.0285664020002514,0.0001259569999092,0.0725555720005104,20,3,0,,4.515237719109595,True,small_20,1.0,750.0,8.0,discrete,0.01,True
41109,small,loose,high,3,12,75,1966,0.7084684684684684,0.0719816310001988,0.1,1844.7529598526648,0,0.0,-1844.7529598526648,MILP-HIGHS,1844.7529598526648,True,True,0.074943847000668,0.0003029900003639,0.0018304760001228,0.0008287499999823,0.074943847000668,3,3,0,0.0,0.0,True,small_21,,,,,,True
41109,small,loose,high,3,12,75,1966,0.7084684684684684,0.0719816310001988,0.1,1844.7529598526648,0,0.0,-1844.7529598526648,GRASP-LS,1844.7529598526648,True,True,0.0993103659998269,0.0001345199998468,0.0269154620000335,0.0002787529997476,0.072273344000223,3,3,0,,0.0,True,small_21,180.0,,,,,True
41109,small,loose,high,3,12,75,1966,0.7084684684684684,0.0719816310001988,0.1,1844.7529598526648,0,0.0,-1844.7529598526648,SB-QI,1758.448857473776,False,True,0.0982757410001795,0.0007833919999029,0.0253737150001143,0.0001370029999634,0.0748081450001336,18,3,0,,4.678355544461715,True,small_21,1.0,650.0,8.0,discrete,0.01,True
41110,small,loose,high,3,12,75,2084,0.750990990990991,0.0696854230000099,0.1,1661.3586400300082,0,0.0,-1661.3586400300085,MILP-HIGHS,1661.3586400300082,True,True,0.0848413449994041,0.0002760699999271,0.0139760999995814,0.0009037519998855,0.0848413449994041,3,3,0,0.0,0.0,True,small_22,,,,,,True
41110,small,loose,high,3,12,75,2084,0.750990990990991,0.0696854230000099,0.1,1661.3586400300082,0,0.0,-1661.3586400300085,GRASP-LS,1644.460086674099,True,True,0.099435261000508,0.0001758510002218,0.0292854990002524,0.0002884880000237,0.0700136400000701,3,3,0,,1.0171526453556057,True,small_22,208.0,,,,,True
41110,small,loose,high,3,12,75,2084,0.750990990990991,0.0696854230000099,0.1,1661.3586400300082,0,0.0,-1661.3586400300085,SB-QI,1644.460086674099,False,True,0.0987390579998646,0.000853386000017,0.0280503369999678,0.0001499119998698,0.0725692320002053,24,3,0,,1.0171526453556057,True,small_22,1.0,700.0,8.0,discrete,0.01,True
41111,small,loose,high,3,12,75,1840,0.6630630630630631,0.0725773639996987,0.1,2263.385544686197,0,0.0,-2263.3855446861967,MILP-HIGHS,2263.385544686197,True,True,0.078694720999465,0.0002870859998438,0.0050130889999309,0.0008171819999915,0.078694720999465,3,3,0,0.0,0.0,True,small_23,,,,,,True
41111,small,loose,high,3,12,75,1840,0.6630630630630631,0.0725773639996987,0.1,2263.385544686197,0,0.0,-2263.3855446861967,GRASP-LS,2263.385544686197,True,True,0.0994983939995108,0.0001622800000404,0.0263913750000028,0.0003673749997687,0.0729312479998043,3,3,0,,0.0,True,small_23,177.0,,,,,True
41111,small,loose,high,3,12,75,1840,0.6630630630630631,0.0725773639996987,0.1,2263.385544686197,0,0.0,-2263.3855446861967,SB-QI,2263.385544686197,False,True,0.0986334619997251,0.000753918999635,0.0251218010002958,0.0001803780000955,0.0753546159994584,15,3,0,,0.0,True,small_23,1.0,650.0,8.0,discrete,0.01,True
41200,small,tight,standard,3,12,75,1478,0.5326126126126126,0.0636581180001485,0.1,2977.854377220308,0,0.0,-2977.8543772203084,MILP-HIGHS,2977.854377220308,True,True,0.0662011930003245,0.0002760900001703,0.0016507000000274,0.0006162849999782,0.0662011930003245,3,3,0,0.0,0.0,True,small_24,,,,,,True
41200,small,tight,standard,3,12,75,1478,0.5326126126126126,0.0636581180001485,0.1,2977.854377220308,0,0.0,-2977.8543772203084,GRASP-LS,2977.854377220308,True,True,0.0993764439995175,0.0001374539997414,0.0353592829997069,0.0002215889999206,0.063987225999881,3,3,0,,0.0,True,small_24,226.0,,,,,True
41200,small,tight,standard,3,12,75,1478,0.5326126126126126,0.0636581180001485,0.1,2977.854377220308,0,0.0,-2977.8543772203084,SB-QI,2884.753539515032,False,True,0.0996552880001218,0.00063364000016,0.0352486789997783,0.0001148510000348,0.0662788370000271,25,3,0,,3.1264402456167675,True,small_24,1.0,950.0,8.0,discrete,0.01,True
41201,small,tight,standard,3,12,75,1693,0.6100900900900901,0.0636834350002573,0.1,2335.003386267088,0,0.0,-2335.003386267088,MILP-HIGHS,2335.003386267088,True,True,0.071252366000408,0.0002784429998428,0.0065313220002281,0.0007591660000798,0.071252366000408,3,3,0,0.0,0.0,True,small_25,,,,,,True
41201,small,tight,standard,3,12,75,1693,0.6100900900900901,0.0636834350002573,0.1,2335.003386267088,0,0.0,-2335.003386267088,GRASP-LS,2335.003386267088,True,True,0.0993569840006785,0.0001395770000272,0.0352814770003533,0.0002524950000406,0.0640198440005406,3,3,0,,0.0,True,small_25,226.0,,,,,True
41201,small,tight,standard,3,12,75,1693,0.6100900900900901,0.0636834350002573,0.1,2335.003386267088,0,0.0,-2335.003386267088,SB-QI,2335.003386267088,False,True,0.0984526320003169,0.000705125999957,0.0339365820000239,0.0001274890000786,0.0663886400002411,19,3,0,,0.0,True,small_25,1.0,900.0,8.0,discrete,0.01,True
41202,small,tight,standard,3,12,75,1835,0.6612612612612613,0.0644827520000035,0.1,3393.085524727336,0,0.0,-3393.085524727336,MILP-HIGHS,3393.085524727336,True,True,0.0674738600000637,0.000259724999978,0.0019562329998734,0.0007751500002086,0.0674738600000637,3,3,0,0.0,0.0,True,small_26,,,,,,True
41202,small,tight,standard,3,12,75,1835,0.6612612612612613,0.0644827520000035,0.1,3393.085524727336,0,0.0,-3393.085524727336,GRASP-LS,3393.085524727336,True,True,0.0994929469993621,0.0001200679998873,0.0344897229997513,0.0004004039997198,0.0647984309998719,3,3,0,,0.0,True,small_26,242.0,,,,,True
41202,small,tight,standard,3,12,75,1835,0.6612612612612613,0.0644827520000035,0.1,3393.085524727336,0,0.0,-3393.085524727336,SB-QI,3393.085524727336,False,True,0.0983470269998179,0.0007430129999193,0.0329575390001082,0.0001637229997868,0.0672575700000379,20,3,0,,0.0,True,small_26,1.0,850.0,8.0,discrete,0.01,True
41203,small,tight,standard,3,12,75,1580,0.5693693693693693,0.0634692379999251,0.1,3187.6376007978142,0,0.0,-3187.6376007978142,MILP-HIGHS,3187.6376007978142,True,True,0.0661565249997693,0.0002482980003151,0.0017814829998314,0.0006575059996976,0.0661565249997693,3,3,0,0.0,0.0,True,small_27,,,,,,True
41203,small,tight,standard,3,12,75,1580,0.5693693693693693,0.0634692379999251,0.1,3187.6376007978142,0,0.0,-3187.6376007978142,GRASP-LS,3187.6376007978142,True,True,0.099386458999561,0.000118496000141,0.0355487939996237,0.0002499309998711,0.0637432349999471,3,3,0,,0.0,True,small_27,227.0,,,,,True
41203,small,tight,standard,3,12,75,1580,0.5693693693693693,0.0634692379999251,0.1,3187.6376007978142,0,0.0,-3187.6376007978142,SB-QI,3187.6376007978142,False,True,0.0998697060003905,0.0006832240001131,0.0355884630002947,0.0001287810000576,0.0661522200002764,34,3,0,,0.0,True,small_27,1.0,950.0,8.0,discrete,0.01,True
41204,small,tight,standard,3,12,75,1647,0.5935135135135136,0.0633951170002546,0.1,2820.891553682817,0,0.0,-2820.891553682817,MILP-HIGHS,2820.891553682817,True,True,0.0660548939999898,0.00026225900001,0.0017136629999185,0.0006838549998064,0.0660548939999898,3,3,0,0.0,0.0,True,small_28,,,,,,True
41204,small,tight,standard,3,12,75,1647,0.5935135135135136,0.0633951170002546,0.1,2820.891553682817,0,0.0,-2820.891553682817,GRASP-LS,2820.891553682817,True,True,0.0993002610002804,0.000125947000015,0.0355358649999288,0.0002433320000818,0.0637236450002092,3,3,0,,0.0,True,small_28,223.0,,,,,True
41204,small,tight,standard,3,12,75,1647,0.5935135135135136,0.0633951170002546,0.1,2820.891553682817,0,0.0,-2820.891553682817,SB-QI,2730.786272968854,False,True,0.0996634090001862,0.0007013009999354,0.0354393819998222,0.0001276090001738,0.0661002820002067,7,3,0,,3.1942128578578672,True,small_28,1.0,950.0,8.0,discrete,0.01,True
41205,small,tight,standard,3,12,75,1699,0.6122522522522522,0.064953499999774,0.1,2609.4648466078247,0,0.0,-2609.4648466078247,MILP-HIGHS,2609.4648466078247,True,True,0.0677367109992701,0.0002444429997012,0.0018192399998042,0.0007195279999905,0.0677367109992701,3,3,0,0.0,0.0,True,small_29,,,,,,True
41205,small,tight,standard,3,12,75,1699,0.6122522522522522,0.064953499999774,0.1,2609.4648466078247,0,0.0,-2609.4648466078247,GRASP-LS,2609.4648466078247,True,True,0.0993081419992449,0.000113618999876,0.0339911819996814,0.0002498409999134,0.0652543069995772,3,3,0,,0.0,True,small_29,233.0,,,,,True
41205,small,tight,standard,3,12,75,1699,0.6122522522522522,0.064953499999774,0.1,2609.4648466078247,0,0.0,-2609.4648466078247,SB-QI,2609.4648466078247,False,True,0.0982725059998301,0.0007223620000331,0.0324702160000924,0.0001264279999304,0.0676563009997153,24,3,0,,0.0,True,small_29,1.0,850.0,8.0,discrete,0.01,True
41206,small,tight,standard,3,12,75,1532,0.5520720720720721,0.0690872860000126,0.1,2636.4437709759904,0,0.0,-2636.4437709759904,MILP-HIGHS,2636.4437709759904,True,True,0.0718274119999478,0.0002817979998326,0.0017565970001669,0.0007017309999355,0.0718274119999478,3,3,0,0.0,0.0,True,small_30,,,,,,True
41206,small,tight,standard,3,12,75,1532,0.5520720720720721,0.0690872860000126,0.1,2636.4437709759904,0,0.0,-2636.4437709759904,GRASP-LS,2636.4437709759904,True,True,0.0993330910000622,0.0001254469998457,0.0298816940003234,0.0002386639998803,0.0694086240000615,3,3,0,,0.0,True,small_30,178.0,,,,,True
41206,small,tight,standard,3,12,75,1532,0.5520720720720721,0.0690872860000126,0.1,2636.4437709759904,0,0.0,-2636.4437709759904,SB-QI,2617.2085501697134,False,True,0.0998725809999996,0.0007495720001315,0.0299143830002321,0.0001213399996231,0.0718367860004036,32,3,0,,0.7295896471615763,True,small_30,1.0,800.0,8.0,discrete,0.01,True
41207,small,tight,standard,3,12,75,1693,0.6100900900900901,0.0644461870001578,0.1,2234.9505783149907,0,0.0,-2234.9505783149907,MILP-HIGHS,2234.9505783149907,True,True,0.0682113429998025,0.000291572000151,0.0027383329997974,0.0007352509996962,0.0682113429998025,3,3,0,0.0,0.0,True,small_31,,,,,,True
41207,small,tight,standard,3,12,75,1693,0.6100900900900901,0.0644461870001578,0.1,2234.9505783149907,0,0.0,-2234.9505783149907,GRASP-LS,2234.9505783149907,True,True,0.0993453080004656,0.0001334080002379,0.0345003490001545,0.0002653639999152,0.0647789410004406,3,3,0,,0.0,True,small_31,232.0,,,,,True
41207,small,tight,standard,3,12,75,1693,0.6100900900900901,0.0644461870001578,0.1,2234.9505783149907,0,0.0,-2234.9505783149907,SB-QI,2226.554264569884,False,True,0.0995729440001014,0.000713929000085,0.0342895049998333,0.0001233230000252,0.0671445300004052,31,3,0,,0.3756823003861519,True,small_31,1.0,900.0,8.0,discrete,0.01,True
41208,small,tight,standard,3,12,75,1758,0.6335135135135135,0.0631196389999786,0.1,1908.205355746971,0,0.0,-1908.2053557469708,MILP-HIGHS,1908.205355746971,True,True,0.0695753800000602,0.0002691200002118,0.0054182209996724,0.0007684000001972,0.0695753800000602,3,3,0,0.0,0.0,True,small_32,,,,,,True
41208,small,tight,standard,3,12,75,1758,0.6335135135135135,0.0631196389999786,0.1,1908.205355746971,0,0.0,-1908.2053557469708,GRASP-LS,1908.205355746971,True,True,0.0992773369998758,0.0001281800000469,0.0357704329999251,0.0002590849999251,0.0634659130000727,3,3,0,,0.0,True,small_32,251.0,,,,,True
41208,small,tight,standard,3,12,75,1758,0.6335135135135135,0.0631196389999786,0.1,1908.205355746971,0,0.0,-1908.2053557469708,SB-QI,1908.205355746971,False,True,0.0983659049998095,0.0007364729999608,0.0343727489998855,0.0001370439999845,0.0658639419998508,28,3,0,,0.0,True,small_32,1.0,900.0,8.0,discrete,0.01,True
41209,small,tight,standard,3,12,71,1302,0.523943661971831,0.0634150279997811,0.1,2903.6401385405934,0,0.0,-2903.6401385405934,MILP-HIGHS,2903.6401385405934,True,True,0.0658257850000154,0.0002456739998706,0.0015801450003891,0.0005849379999744,0.0658257850000154,3,3,0,0.0,0.0,True,small_33,,,,,,True
41209,small,tight,standard,3,12,71,1302,0.523943661971831,0.0634150279997811,0.1,2903.6401385405934,0,0.0,-2903.6401385405934,GRASP-LS,2903.6401385405934,True,True,0.0993622329997379,0.0001043239999489,0.0356250479999289,0.0002178330000788,0.0637016829996355,3,3,0,,0.0,True,small_33,232.0,,,,,True
41209,small,tight,standard,3,12,71,1302,0.523943661971831,0.0634150279997811,0.1,2903.6401385405934,0,0.0,-2903.6401385405934,SB-QI,2903.6401385405934,False,True,0.0991727619998528,0.0005711680000786,0.0350853760000973,0.0001011899998957,0.0659309620000385,25,3,0,,0.0,True,small_33,1.0,1000.0,8.0,discrete,0.01,True
41210,small,tight,standard,3,12,75,1746,0.6291891891891892,0.0642113389999394,0.1,2301.015079141516,0,0.0,-2301.015079141516,MILP-HIGHS,2301.015079141516,True,True,0.0670927049995953,0.0002798949999487,0.001857075999851,0.000744394999856,0.0670927049995953,3,3,0,0.0,0.0,True,small_34,,,,,,True
41210,small,tight,standard,3,12,75,1746,0.6291891891891892,0.0642113389999394,0.1,2301.015079141516,0,0.0,-2301.015079141516,GRASP-LS,2301.015079141516,True,True,0.0994296919998305,0.0001225720002366,0.0348224459999073,0.000273334999747,0.0644687009998961,3,3,0,,0.0,True,small_34,242.0,,,,,True
41210,small,tight,standard,3,12,75,1746,0.6291891891891892,0.0642113389999394,0.1,2301.015079141516,0,0.0,-2301.015079141516,SB-QI,2301.015079141516,False,True,0.0993209309999656,0.0007315259999813,0.0342395309999119,0.0001385350001328,0.0669649649998973,14,3,0,,0.0,True,small_34,1.0,900.0,8.0,discrete,0.01,True
41211,small,tight,standard,3,12,75,1571,0.5661261261261261,0.0640317930001401,0.1,2224.9314800466,0,0.0,-2224.9314800466,MILP-HIGHS,2224.9314800466,True,True,0.0761050999999497,0.0003218380002181,0.0110067739997248,0.0007446949998666,0.0761050999999497,3,3,0,0.0,0.0,True,small_35,,,,,,True
41211,small,tight,standard,3,12,75,1571,0.5661261261261261,0.0640317930001401,0.1,2224.9314800466,0,0.0,-2224.9314800466,GRASP-LS,2224.9314800466,True,True,0.0993901240008199,0.0001467780002712,0.0349668400003793,0.0002447130000291,0.0643123490003745,3,3,0,,0.0,True,small_35,222.0,,,,,True
41211,small,tight,standard,3,12,75,1571,0.5661261261261261,0.0640317930001401,0.1,2224.9314800466,0,0.0,-2224.9314800466,SB-QI,2224.9314800466,False,True,0.0988435430003846,0.0006817009998485,0.034011823000128,0.0001182260002678,0.0667443679999451,17,3,0,,0.0,True,small_35,1.0,900.0,8.0,discrete,0.01,True
41300,small,tight,high,3,12,75,1538,0.5542342342342342,0.0643311769999854,0.1,2246.027344510201,0,0.0,-2246.027344510201,MILP-HIGHS,2246.027344510201,True,True,0.0669334380004329,0.0002521840001463,0.00165054900026,0.000699528000041,0.0669334380004329,3,3,0,0.0,0.0,True,small_36,,,,,,True
41300,small,tight,high,3,12,75,1538,0.5542342342342342,0.0643311769999854,0.1,2246.027344510201,0,0.0,-2246.027344510201,GRASP-LS,2246.027344510201,True,True,0.0992900869996447,0.0001214409999192,0.0345548789996428,0.0002825900000971,0.0646740169995609,3,3,0,,0.0,True,small_36,223.0,,,,,True
41300,small,tight,high,3,12,75,1538,0.5542342342342342,0.0643311769999854,0.1,2246.027344510201,0,0.0,-2246.027344510201,SB-QI,2246.027344510201,False,True,0.0986337520002962,0.0006938699998499,0.0334871650002241,0.0001215400002365,0.0670396770001389,19,3,0,,0.0,True,small_36,1.0,900.0,8.0,discrete,0.01,True
41301,small,tight,high,3,12,75,1703,0.6136936936936936,0.0654165880000618,0.1,2424.5508494676674,0,0.0,-2424.5508494676674,MILP-HIGHS,2424.5508494676674,True,True,0.0698676430001796,0.0002826089998961,0.0034324940002079,0.0007359520000136,0.0698676430001796,3,3,0,0.0,0.0,True,small_37,,,,,,True
41301,small,tight,high,3,12,75,1703,0.6136936936936936,0.0654165880000618,0.1,2424.5508494676674,0,0.0,-2424.5508494676674,GRASP-LS,2424.5508494676674,True,True,0.0992998110004919,0.0001183459999083,0.0335060830002476,0.000258794000274,0.0656627140001546,3,3,0,,0.0,True,small_37,253.0,,,,,True
41301,small,tight,high,3,12,75,1703,0.6136936936936936,0.0654165880000618,0.1,2424.5508494676674,0,0.0,-2424.5508494676674,SB-QI,2363.083506035983,False,True,0.0984007059996656,0.0007140490001802,0.0321419079996303,0.0001281609997931,0.0681183560000135,17,3,0,,2.5352053740254576,True,small_37,1.0,850.0,8.0,discrete,0.01,True
41302,small,tight,high,3,12,75,1432,0.516036036036036,0.0645515539999905,0.1,2213.12699420962,0,0.0,-2213.12699420962,MILP-HIGHS,2213.12699420962,True,True,0.0694516559997282,0.0002960689998872,0.003937894000046,0.0006661389998043,0.0694516559997282,3,3,0,0.0,0.0,True,small_38,,,,,,True
41302,small,tight,high,3,12,75,1432,0.516036036036036,0.0645515539999905,0.1,2213.12699420962,0,0.0,-2213.12699420962,GRASP-LS,2213.12699420962,True,True,0.0993818819997613,0.000118976000067,0.0344837939996978,0.0002275580000059,0.0648679329997321,3,3,0,,0.0,True,small_38,206.0,,,,,True
41302,small,tight,high,3,12,75,1432,0.516036036036036,0.0645515539999905,0.1,2213.12699420962,0,0.0,-2213.12699420962,SB-QI,2211.2382932428127,False,True,0.0985770180000145,0.0006598700001632,0.0332525359999635,0.0001130579998971,0.0671747679998588,30,3,0,,0.0853408309486304,True,small_38,1.0,900.0,8.0,discrete,0.01,True
41303,small,tight,high,3,12,73,1594,0.606544901065449,0.064382413000203,0.1,2344.38474262929,0,0.0,-2344.38474262929,MILP-HIGHS,2344.38474262929,True,True,0.0671262749997367,0.0002499009997336,0.001830105999943,0.0006638549998569,0.0671262749997367,3,3,0,0.0,0.0,True,small_39,,,,,,True
41303,small,tight,high,3,12,73,1594,0.606544901065449,0.064382413000203,0.1,2344.38474262929,0,0.0,-2344.38474262929,GRASP-LS,2344.38474262929,True,True,0.0993706960002782,0.0001421510000909,0.0346040829999765,0.0002420490000076,0.0647140760002003,3,3,0,,0.0,True,small_39,239.0,,,,,True
41303,small,tight,high,3,12,73,1594,0.606544901065449,0.064382413000203,0.1,2344.38474262929,0,0.0,-2344.38474262929,SB-QI,2343.9387132359043,False,True,0.099927662000482,0.0006601000000046,0.0347595829998681,0.0001255660004062,0.0669888209999953,19,3,0,,0.0190254349158367,True,small_39,1.0,950.0,8.0,discrete,0.01,True
41304,small,tight,high,3,12,36,330,0.5238095238095238,0.0628995629999735,0.1,1738.6616959326338,0,0.0,-1738.6616959326338,MILP-HIGHS,1738.6616959326338,True,True,0.0658332759999211,0.0002277479998156,0.0025069100001928,0.0001990549999391,0.0658332759999211,3,3,0,0.0,0.0,True,small_40,,,,,,True
41304,small,tight,high,3,12,36,330,0.5238095238095238,0.0628995629999735,0.1,1738.6616959326338,0,0.0,-1738.6616959326338,GRASP-LS,1738.6616959326338,True,True,0.0991372789999331,3.588299978218856e-05,0.0361076829999547,9.41500002227258e-05,0.0630425749995993,3,3,0,,0.0,True,small_40,539.0,,,,,True
41304,small,tight,high,3,12,36,330,0.5238095238095238,0.0628995629999735,0.1,1738.6616959326338,0,0.0,-1738.6616959326338,SB-QI,1738.6616959326338,False,True,0.0981309559992951,0.0002789739996842,0.0349186290000034,3.378999963388196e-05,0.0649264609996862,10,3,0,,0.0,True,small_40,2.0,1450.0,8.0,discrete,0.01,True
41305,small,tight,high,3,12,75,1721,0.6201801801801802,0.0656081820002327,0.1,2365.561458369117,0,0.0,-2365.561458369117,MILP-HIGHS,2365.561458369117,True,True,0.0722152470002583,0.000269229999958,0.0055806509999456,0.0007571840001219,0.0722152470002583,3,3,0,0.0,0.0,True,small_41,,,,,,True
41305,small,tight,high,3,12,75,1721,0.6201801801801802,0.0656081820002327,0.1,2365.561458369117,0,0.0,-2365.561458369117,GRASP-LS,2365.561458369117,True,True,0.0993236059998707,0.0001308539999627,0.033316472000024,0.0002680979996512,0.0658699800005706,3,3,0,,0.0,True,small_41,222.0,,,,,True
41305,small,tight,high,3,12,75,1721,0.6201801801801802,0.0656081820002327,0.1,2365.561458369117,0,0.0,-2365.561458369117,SB-QI,2364.461275602835,False,True,0.0999331200000597,0.0007622309999533,0.0334341259999746,0.0001285809998989,0.0684396840001682,23,3,0,,0.0465083146493541,True,small_41,1.0,850.0,8.0,discrete,0.01,True
41306,small,tight,high,3,12,75,1634,0.5888288288288288,0.0657322359998033,0.1,2140.2994085179357,0,0.0,-2140.2994085179357,MILP-HIGHS,2140.2994085179357,True,True,0.0688979939995988,0.0002731949998633,0.0021751680001216,0.0007173949998104,0.0688979939995988,3,3,0,0.0,0.0,True,small_42,,,,,,True
41306,small,tight,high,3,12,75,1634,0.5888288288288288,0.0657322359998033,0.1,2140.2994085179357,0,0.0,-2140.2994085179357,GRASP-LS,2140.2994085179357,True,True,0.0993084119995728,0.0001217499998347,0.0331733589996474,0.0002810670002872,0.066013221999583,3,3,0,,0.0,True,small_42,211.0,,,,,True
41306,small,tight,high,3,12,75,1634,0.5888288288288288,0.0657322359998033,0.1,2140.2994085179357,0,0.0,-2140.2994085179357,SB-QI,2140.2994085179357,False,True,0.0994860409996363,0.000730423999812,0.0329024220000064,0.0001209590000144,0.0692783329996018,22,3,0,,0.0,True,small_42,1.0,850.0,8.0,discrete,0.01,True
41307,small,tight,high,3,12,75,1517,0.5466666666666666,0.063297643000169,0.1,2049.642327133297,0,0.0,-2049.6423271332965,MILP-HIGHS,2049.642327133297,True,True,0.066348840000046,0.0002645819999997,0.0021364909998737,0.0006501240000034,0.066348840000046,3,3,0,0.0,0.0,True,small_43,,,,,,True
41307,small,tight,high,3,12,75,1517,0.5466666666666666,0.063297643000169,0.1,2049.642327133297,0,0.0,-2049.6423271332965,GRASP-LS,2049.642327133297,True,True,0.0992807820007328,0.0001124970003729,0.0356169850001606,0.0002536570000302,0.0635357060004935,3,3,0,,0.0,True,small_43,237.0,,,,,True
41307,small,tight,high,3,12,75,1517,0.5466666666666666,0.063297643000169,0.1,2049.642327133297,0,0.0,-2049.6423271332965,SB-QI,2047.0178088768505,False,True,0.0997273450002467,0.0006440359998123,0.0356703050001669,0.0001153610000983,0.0662163750002946,17,3,0,,0.1280476218559157,True,small_43,1.0,950.0,8.0,discrete,0.01,True
41308,small,tight,high,3,12,67,1098,0.4966078697421981,0.064115276999928,0.1,1943.0036169735724,0,0.0,-1943.0036169735724,MILP-HIGHS,1943.0036169735724,True,True,0.0664057649996721,0.0002464750000399,0.0015493589999096,0.0004946539997945,0.0664057649996721,3,3,0,0.0,0.0,True,small_44,,,,,,True
41308,small,tight,high,3,12,67,1098,0.4966078697421981,0.064115276999928,0.1,1943.0036169735724,0,0.0,-1943.0036169735724,GRASP-LS,1943.0036169735724,True,True,0.0991979700002048,8.22719998723187e-05,0.0348104590002549,0.0001899620001495,0.0643209619997833,3,3,0,,0.0,True,small_44,244.0,,,,,True
41308,small,tight,high,3,12,67,1098,0.4966078697421981,0.064115276999928,0.1,1943.0036169735724,0,0.0,-1943.0036169735724,SB-QI,1943.0036169735724,False,True,0.09835682099947,0.0005419740000434,0.0336089849997733,9.058499972525168e-05,0.066548015999615,20,3,0,,0.0,True,small_44,1.0,1000.0,8.0,discrete,0.01,True
41309,small,tight,high,3,12,75,1738,0.6263063063063063,0.0661195809998389,0.1,2719.7515192071987,0,0.0,-2719.7515192071987,MILP-HIGHS,2719.7515192071987,True,True,0.0900090430004638,0.0003099200002907,0.0227856540000175,0.0007938880003166,0.0900090430004638,3,3,0,0.0,0.0,True,small_45,,,,,,True
41309,small,tight,high,3,12,75,1738,0.6263063063063063,0.0661195809998389,0.1,2719.7515192071987,0,0.0,-2719.7515192071987,GRASP-LS,2719.7515192071987,True,True,0.0993343410000306,0.0001611790003153,0.0327803660002246,0.0002732149996518,0.0664072980002856,3,3,0,,0.0,True,small_45,237.0,,,,,True
41309,small,tight,high,3,12,75,1738,0.6263063063063063,0.0661195809998389,0.1,2719.7515192071987,0,0.0,-2719.7515192071987,SB-QI,2718.3403329665525,False,True,0.0996557779994873,0.0007361620000665,0.0326653349998196,0.0001346999997622,0.0688450249999732,9,3,0,,0.0518865870900426,True,small_45,1.0,850.0,8.0,discrete,0.01,True
41310,small,tight,high,3,12,75,1954,0.7041441441441442,0.068158406999828,0.1,2764.512115060427,0,0.0,-2764.512115060427,MILP-HIGHS,2764.512115060427,True,True,0.0739233620001869,0.0004257520004102,0.0043860290002157,0.0009531739997328,0.0739233620001869,3,3,0,0.0,0.0,True,small_46,,,,,,True
41310,small,tight,high,3,12,75,1954,0.7041441441441442,0.068158406999828,0.1,2764.512115060427,0,0.0,-2764.512115060427,GRASP-LS,2764.512115060427,True,True,0.0994455369996103,0.0002700009999898,0.0307068879997132,0.0003102410000792,0.0686322499996094,3,3,0,,0.0,True,small_46,204.0,,,,,True
41310,small,tight,high,3,12,75,1954,0.7041441441441442,0.068158406999828,0.1,2764.512115060427,0,0.0,-2764.512115060427,SB-QI,2754.5730651930544,False,True,0.0995842010001979,0.0008109529999273,0.0304001430004063,0.0002146980000361,0.0710346450000543,28,3,0,,0.359522745920583,True,small_46,1.0,700.0,8.0,discrete,0.01,True
41311,small,tight,high,3,12,75,1586,0.5715315315315316,0.0650094329998864,0.1,2317.817108052688,0,0.0,-2317.817108052688,MILP-HIGHS,2317.817108052688,True,True,0.0678639089996977,0.0002735560001383,0.0018212929999208,0.000759626999752,0.0678639089996977,3,3,0,0.0,0.0,True,small_47,,,,,,True
41311,small,tight,high,3,12,75,1586,0.5715315315315316,0.0650094329998864,0.1,2317.817108052688,0,0.0,-2317.817108052688,GRASP-LS,2317.817108052688,True,True,0.0994349989996408,0.0001257959997928,0.0340165299999171,0.0002832400000443,0.0652932439998039,3,3,0,,0.0,True,small_47,215.0,,,,,True
41311,small,tight,high,3,12,75,1586,0.5715315315315316,0.0650094329998864,0.1,2317.817108052688,0,0.0,-2317.817108052688,SB-QI,2317.817108052688,False,True,0.0996622679995198,0.0006740200001331,0.0338580959996761,0.000120718999824,0.0677249429995754,16,3,0,,0.0,True,small_47,1.0,850.0,8.0,discrete,0.01,True
42000,medium,loose,standard,5,20,150,6010,0.537807606263982,0.1512222429996654,0.25,4875.300473067483,0,0.0,-4875.300473067483,MILP-HIGHS,4875.300473067483,True,True,0.1745865749999211,0.0005333310000423,0.0199388690002706,0.0028921319999426,0.1745865749999211,5,5,0,0.0,0.0,True,medium_0,,,,,,True
42000,medium,loose,standard,5,20,150,6010,0.537807606263982,0.1512222429996654,0.25,4875.300473067483,0,0.0,-4875.300473067483,GRASP-LS,4875.300473067483,True,True,0.2503246509995733,0.000635332999991,0.0974220739999509,0.0010450009999658,0.1523698169994531,5,5,0,,0.0,True,medium_0,255.0,,,,,True
42000,medium,loose,standard,5,20,150,6010,0.537807606263982,0.1512222429996654,0.25,4875.300473067483,0,0.0,-4875.300473067483,SB-QI,4581.786994430441,True,True,0.253029493998838,0.0023955449996719,0.0988645539996468,0.0005471519998536,0.1574431949993595,0,5,0,,6.020418233881008,True,medium_0,2.0,1050.0,8.0,discrete,0.01,True
42001,medium,loose,standard,5,20,150,7259,0.6495749440715883,0.1616041340002993,0.25,4443.961850110948,0,0.0,-4443.961850110948,MILP-HIGHS,4443.961850110948,True,True,0.1768897180004387,0.0004951249998157,0.0113667480000003,0.0034237110003232,0.1768897180004387,5,5,0,0.0,0.0,True,medium_1,,,,,,True
42001,medium,loose,standard,5,20,150,7259,0.6495749440715883,0.1616041340002993,0.25,4443.961850110948,0,0.0,-4443.961850110948,GRASP-LS,4443.961850110948,True,True,0.2502669080004125,0.0005573570001615,0.0868729789999633,0.0012324379999881,0.1624684070002331,5,5,0,,0.0,True,medium_1,265.0,,,,,True
42001,medium,loose,standard,5,20,150,7259,0.6495749440715883,0.1616041340002993,0.25,4443.961850110948,0,0.0,-4443.961850110948,SB-QI,4259.234783680234,False,True,0.2493967680002242,0.0029318410001906,0.0842752339999606,0.0005855589997736,0.1691372130003401,32,5,0,,4.156810356643868,True,medium_1,1.0,800.0,8.0,discrete,0.01,True
42002,medium,loose,standard,5,20,150,4988,0.4463534675615213,0.167816939000204,0.25,4177.469252387848,0,0.0,-4177.469252387849,MILP-HIGHS,4177.469252387848,True,True,0.1742317789999106,0.0007549510000899,0.0031214619998536,0.002538426999763,0.1742317789999106,5,5,0,0.0,0.0,True,medium_2,,,,,,True
42002,medium,loose,standard,5,20,150,4988,0.4463534675615213,0.167816939000204,0.25,4177.469252387848,0,0.0,-4177.469252387849,GRASP-LS,4177.469252387848,True,True,0.2498226439997779,0.000444539,0.0807431419998465,0.0008180239997273,0.1687436940001134,5,5,0,,0.0,True,medium_2,178.0,,,,,True
42002,medium,loose,standard,5,20,150,4988,0.4463534675615213,0.167816939000204,0.25,4177.469252387848,0,0.0,-4177.469252387849,SB-QI,3904.2897105986194,False,True,0.2519511349996719,0.0020824309999625,0.0816167189996122,0.0004350459998931,0.1735909589997391,67,5,0,,6.539354936797658,True,medium_2,1.0,850.0,8.0,discrete,0.01,True
42003,medium,loose,standard,5,20,150,5945,0.5319910514541387,0.1632215790000373,0.25,4230.669196831035,0,0.0,-4230.669196831035,MILP-HIGHS,4230.669196831035,True,True,0.2551430389999041,0.0006463189997703,0.0882148790001338,0.0030602619999626,0.2551430389999041,5,5,1,0.0179623534859249,0.0,True,medium_3,,,,,,True
42003,medium,loose,standard,5,20,150,5945,0.5319910514541387,0.1632215790000373,0.25,4230.669196831035,0,0.0,-4230.669196831035,GRASP-LS,4230.669196831035,True,True,0.2504281040000933,0.0008134370000334,0.0851572950000445,0.001235792999978,0.1643368140003076,5,5,0,,0.0,True,medium_3,207.0,,,,,True
42003,medium,loose,standard,5,20,150,5945,0.5319910514541387,0.1632215790000373,0.25,4230.669196831035,0,0.0,-4230.669196831035,SB-QI,4215.272799043464,False,True,0.2521829699999216,0.00221018000002,0.0862562859997524,0.0004949250001118,0.1694328769999629,41,5,0,,0.3639234615437106,True,medium_3,1.0,900.0,8.0,discrete,0.01,True
42004,medium,loose,standard,5,20,150,6774,0.6061744966442953,0.1618355179998616,0.25,3387.4680578928164,0,0.0,-3387.4680578928287,MILP-HIGHS,3387.4680578928164,True,True,0.2570405350002147,0.0006364350001604,0.091454270000213,0.0031143119999796,0.2570405350002147,5,5,1,0.0,0.0,True,medium_4,,,,,,True
42004,medium,loose,standard,5,20,150,6774,0.6061744966442953,0.1618355179998616,0.25,3387.4680578928164,0,0.0,-3387.4680578928287,GRASP-LS,3352.568658421776,True,True,0.2503629239995462,0.0009110020000662,0.0864383959997212,0.001178007999897,0.1630567099996369,5,5,0,,1.0302502894374188,True,medium_4,268.0,,,,,True
42004,medium,loose,standard,5,20,150,6774,0.6061744966442953,0.1618355179998616,0.25,3387.4680578928164,0,0.0,-3387.4680578928287,SB-QI,3368.4851959888774,False,True,0.2527012949999516,0.002426361000289,0.087892303999979,0.0005471119998219,0.1679495910002515,19,5,0,,0.560384971297629,True,medium_4,1.0,900.0,8.0,discrete,0.01,True
42005,medium,loose,standard,5,20,150,5248,0.4696196868008948,0.153268824999941,0.25,3931.01521519537,0,0.0,-3931.01521519537,MILP-HIGHS,3931.01521519537,True,True,0.1642840720001004,0.0004388610000205,0.008228412000335,0.0023479739998037,0.1642840720001004,5,5,0,0.0,0.0,True,medium_5,,,,,,True
42005,medium,loose,standard,5,20,150,5248,0.4696196868008948,0.153268824999941,0.25,3931.01521519537,0,0.0,-3931.01521519537,GRASP-LS,3929.271992609773,True,True,0.2500178130007953,0.0004184010003882,0.0954627290002463,0.0008678580002197,0.1541249650003919,5,5,0,,0.0443453533036169,True,medium_5,230.0,,,,,True
42005,medium,loose,standard,5,20,150,5248,0.4696196868008948,0.153268824999941,0.25,3931.01521519537,0,0.0,-3931.01521519537,SB-QI,3929.271992609773,False,True,0.2511143510000693,0.0018938210000669,0.0954970100001446,0.0004546949999166,0.1587069160000283,45,5,0,,0.0443453533036169,True,medium_5,2.0,1050.0,8.0,discrete,0.01,True
42006,medium,loose,standard,5,20,150,7008,0.6271140939597315,0.1553199990003122,0.25,4638.644612851497,0,0.0,-4638.644612851495,MILP-HIGHS,4638.644612851497,True,True,0.1647687310000947,0.0004893059999631,0.0053834089999327,0.0035760169998866,0.1647687310000947,5,5,0,0.0,0.0,True,medium_6,,,,,,True
42006,medium,loose,standard,5,20,150,7008,0.6271140939597315,0.1553199990003122,0.25,4638.644612851497,0,0.0,-4638.644612851495,GRASP-LS,4638.644612851497,True,True,0.250362223999673,0.0005068619998382,0.093392866999693,0.0011424959998294,0.156109380000089,5,5,0,,0.0,True,medium_6,267.0,,,,,True
42006,medium,loose,standard,5,20,150,7008,0.6271140939597315,0.1553199990003122,0.25,4638.644612851497,0,0.0,-4638.644612851495,SB-QI,4638.644612851497,False,True,0.2499645240004611,0.0025665789999038,0.0915364320003391,0.0005415139999058,0.1618056540005454,4,5,0,,0.0,True,medium_6,1.0,950.0,8.0,discrete,0.01,True
42007,medium,loose,standard,5,20,150,5474,0.4898434004474273,0.1555089290000069,0.25,4304.700771753583,0,0.0,-4304.700771753583,MILP-HIGHS,4304.700771753583,True,True,0.1740056280000317,0.0004932520000693,0.0155389500000637,0.0024644969998917,0.1740056280000317,5,5,0,0.0,0.0,True,medium_7,,,,,,True
42007,medium,loose,standard,5,20,150,5474,0.4898434004474273,0.1555089290000069,0.25,4304.700771753583,0,0.0,-4304.700771753583,GRASP-LS,4304.700771753583,True,True,0.2502217540004494,0.000556045000394,0.0931773369998154,0.000979443000233,0.156510776000232,5,5,0,,0.0,True,medium_7,250.0,,,,,True
42007,medium,loose,standard,5,20,150,5474,0.4898434004474273,0.1555089290000069,0.25,4304.700771753583,0,0.0,-4304.700771753583,SB-QI,4180.977203143971,False,True,0.248622933999286,0.0019556829997782,0.0906881239998256,0.0004701979996752,0.1611247239998192,28,5,0,,2.8741502643216545,True,medium_7,2.0,1000.0,8.0,discrete,0.01,True
42008,medium,loose,standard,5,20,150,5285,0.4729306487695749,0.1522697119999065,0.25,5399.25263700054,0,0.0,-5399.25263700054,MILP-HIGHS,5399.25263700054,True,True,0.1887755879993164,0.000556385999971,0.0333773129996188,0.0025721769998199,0.1887755879993164,5,5,0,0.0,0.0,True,medium_8,,,,,,True
42008,medium,loose,standard,5,20,150,5285,0.4729306487695749,0.1522697119999065,0.25,5399.25263700054,0,0.0,-5399.25263700054,GRASP-LS,5399.25263700054,True,True,0.2502985470000567,0.000695491999977,0.0963472500002353,0.0009860929999376,0.1534458270002687,5,5,0,,0.0,True,medium_8,238.0,,,,,True
42008,medium,loose,standard,5,20,150,5285,0.4729306487695749,0.1522697119999065,0.25,5399.25263700054,0,0.0,-5399.25263700054,SB-QI,5291.428736079444,False,True,0.2523621079994882,0.0020010690000162,0.09764368299966,0.0004476439999052,0.1578929959996458,36,5,0,,1.9970152939721544,True,medium_8,2.0,1050.0,8.0,discrete,0.01,True
42009,medium,loose,standard,5,20,150,5236,0.4685458612975391,0.1520335210002485,0.25,4581.70662514319,0,0.0,-4581.706625143188,MILP-HIGHS,4581.70662514319,True,True,0.1585679280001386,0.0004691359999924,0.0036233370001355,0.0024419339997621,0.1585679280001386,5,5,0,0.0,0.0,True,medium_9,,,,,,True
42009,medium,loose,standard,5,20,150,5236,0.4685458612975391,0.1520335210002485,0.25,4581.70662514319,0,0.0,-4581.706625143188,GRASP-LS,4581.70662514319,True,True,0.2501812520004023,0.0004981890001545,0.0966742139999041,0.000975328000095,0.1528458669999963,5,5,0,,0.0,True,medium_9,239.0,,,,,True
42009,medium,loose,standard,5,20,150,5236,0.4685458612975391,0.1520335210002485,0.25,4581.70662514319,0,0.0,-4581.706625143188,SB-QI,4581.70662514319,False,True,0.2485095400002137,0.001915112000006,0.0941170390001389,0.0004438679998202,0.1576408610003454,5,5,0,,0.0,True,medium_9,2.0,1050.0,8.0,discrete,0.01,True
42010,medium,loose,standard,5,20,150,5819,0.5207158836689038,0.1500888660002601,0.25,3741.7588712689553,0,0.0,-3741.758871268956,MILP-HIGHS,3741.7588712689553,True,True,0.1654609460001666,0.0004636379999283,0.0122463420002532,0.0026620999997248,0.1654609460001666,5,5,0,0.0,0.0,True,medium_10,,,,,,True
42010,medium,loose,standard,5,20,150,5819,0.5207158836689038,0.1500888660002601,0.25,3741.7588712689553,0,0.0,-3741.758871268956,GRASP-LS,3741.7588712689553,True,True,0.2504856030004703,0.0005165759998817,0.0987853660003565,0.0010947949999717,0.1508992280005259,5,5,0,,0.0,True,medium_10,265.0,,,,,True
42010,medium,loose,standard,5,20,150,5819,0.5207158836689038,0.1500888660002601,0.25,3741.7588712689553,0,0.0,-3741.758871268956,SB-QI,3623.045480841288,False,True,0.2506241700002647,0.0021512030002668,0.0979102179999245,0.0004738829998132,0.1560323070002596,52,5,0,,3.1726627640066867,True,medium_10,2.0,1050.0,8.0,discrete,0.01,True
42011,medium,loose,standard,5,20,150,6940,0.6210290827740492,0.1534065079999891,0.25,3938.6130049616654,0,0.0,-3938.613004961668,MILP-HIGHS,3938.6130049616654,True,True,0.2415403280001555,0.0005918780002502,0.084385968999868,0.0031559730000481,0.2415403280001555,5,5,0,0.0,0.0,True,medium_11,,,,,,True
42011,medium,loose,standard,5,20,150,6940,0.6210290827740492,0.1534065079999891,0.25,3938.6130049616654,0,0.0,-3938.613004961668,GRASP-LS,3917.258543954562,True,True,0.2503740649999599,0.0009158079997177,0.0948769860001448,0.0011747630001082,0.1546040739999625,5,5,0,,0.5421822601053274,True,medium_11,328.0,,,,,True
42011,medium,loose,standard,5,20,150,6940,0.6210290827740492,0.1534065079999891,0.25,3938.6130049616654,0,0.0,-3938.613004961668,SB-QI,3693.84626010496,False,True,0.2490888729998914,0.0023520310001003,0.0927942379998967,0.0005360959999052,0.159452431000318,54,5,0,,6.214541630476531,True,medium_11,1.0,950.0,8.0,discrete,0.01,True
42100,medium,loose,high,5,20,150,5603,0.5013870246085012,0.1483234739998806,0.25,3645.288036414639,0,0.0,-3645.28803641464,MILP-HIGHS,3645.288036414639,True,True,0.1588449969999601,0.0004779690002578,0.0076009489998796,0.0024426049999419,0.1588449969999601,5,5,0,0.0,0.0,True,medium_12,,,,,,True
42100,medium,loose,high,5,20,150,5603,0.5013870246085012,0.1483234739998806,0.25,3645.288036414639,0,0.0,-3645.28803641464,GRASP-LS,3635.4655309226814,True,True,0.2500393630002691,0.0004969180004081,0.100270953999825,0.0009480170001552,0.1492642810003417,5,5,0,,0.2694575954996036,True,medium_12,264.0,,,,,True
42100,medium,loose,high,5,20,150,5603,0.5013870246085012,0.1483234739998806,0.25,3645.288036414639,0,0.0,-3645.28803641464,SB-QI,3475.708853203471,False,True,0.2495172059998367,0.0020327769998402,0.098707111999829,0.0004538430002867,0.1539855369996985,30,5,0,,4.652010527485216,True,medium_12,2.0,1100.0,8.0,discrete,0.01,True
42101,medium,loose,high,5,20,150,5291,0.4734675615212528,0.1516480279997267,0.25,3569.9672848674613,0,0.0,-3569.967284867462,MILP-HIGHS,3569.9672848674613,True,True,0.1572761300003549,0.0004675740001403,0.0028557080004247,0.002304820000063,0.1572761300003549,5,5,0,0.0,0.0,True,medium_13,,,,,,True
42101,medium,loose,high,5,20,150,5291,0.4734675615212528,0.1516480279997267,0.25,3569.9672848674613,0,0.0,-3569.967284867462,GRASP-LS,3569.3681898080526,True,True,0.2502847679998012,0.0004321820001678,0.0972788340000079,0.0009257239998987,0.1525475439998445,5,5,0,,0.0167815279974176,True,medium_13,238.0,,,,,True
42101,medium,loose,high,5,20,150,5291,0.4734675615212528,0.1516480279997267,0.25,3569.9672848674613,0,0.0,-3569.967284867462,SB-QI,3557.59920693112,False,True,0.2530402150000554,0.001907611000206,0.0990202170000884,0.0004643590000341,0.1571116959999017,69,5,0,,0.346447934936773,True,medium_13,2.0,1100.0,8.0,discrete,0.01,True
42102,medium,loose,high,5,20,150,5698,0.5098881431767338,0.1519058600001699,0.25,3638.605899994148,0,0.0,-3638.605899994148,MILP-HIGHS,3638.605899994148,True,True,0.1650347929999043,0.0004571879999275,0.0102020199997241,0.0024697250000826,0.1650347929999043,5,5,0,0.0,0.0,True,medium_14,,,,,,True
42102,medium,loose,high,5,20,150,5698,0.5098881431767338,0.1519058600001699,0.25,3638.605899994148,0,0.0,-3638.605899994148,GRASP-LS,3633.724237582816,True,True,0.2501280720002796,0.0005285540000841,0.0966943449998325,0.000999313000193,0.1527263370003311,5,5,0,,0.134162988394533,True,medium_14,258.0,,,,,True
42102,medium,loose,high,5,20,150,5698,0.5098881431767338,0.1519058600001699,0.25,3638.605899994148,0,0.0,-3638.605899994148,SB-QI,3624.8089425202975,True,True,0.2503326259998175,0.0019886309996763,0.0959425999999439,0.0004955350000273,0.1578552089999902,0,5,0,,0.3791825180592666,True,medium_14,2.0,1050.0,8.0,discrete,0.01,True
42103,medium,loose,high,5,20,150,4983,0.4459060402684563,0.1509586250003849,0.25,4191.874121168552,0,0.0,-4191.874121168552,MILP-HIGHS,4191.874121168552,True,True,0.2263168580007004,0.000532490000296,0.0721410090000063,0.0026847340000131,0.2263168580007004,5,5,0,0.0,0.0,True,medium_15,,,,,,True
42103,medium,loose,high,5,20,150,4983,0.4459060402684563,0.1509586250003849,0.25,4191.874121168552,0,0.0,-4191.874121168552,GRASP-LS,4191.219627430813,True,True,0.2498881280007481,0.0006691329999739,0.0974195520002467,0.0008408180001424,0.1519774670005063,5,5,0,,0.0156133919774505,True,medium_15,246.0,,,,,True
42103,medium,loose,high,5,20,150,4983,0.4459060402684563,0.1509586250003849,0.25,4191.874121168552,0,0.0,-4191.874121168552,SB-QI,3875.443875042152,False,True,0.2518754379998427,0.0020552000000861,0.0981944629997997,0.0006671499995718,0.1568095680004262,42,5,0,,7.548658117581798,True,medium_15,2.0,1150.0,8.0,discrete,0.01,True
42104,medium,loose,high,5,20,150,5721,0.5119463087248323,0.1500969359999544,0.25,3286.8249088811644,0,0.0,-3286.8249088811644,MILP-HIGHS,3286.8249088811644,True,True,0.1862610850002966,0.0004914300002383,0.0330392109999593,0.0026335080001445,0.1862610850002966,5,5,0,0.0,0.0,True,medium_16,,,,,,True
42104,medium,loose,high,5,20,150,5721,0.5119463087248323,0.1500969359999544,0.25,3286.8249088811644,0,0.0,-3286.8249088811644,GRASP-LS,3286.8249088811644,True,True,0.2502030849996117,0.0006979959998716,0.0984423999998398,0.0009657529999458,0.151079713999934,5,5,0,,0.0,True,medium_16,267.0,,,,,True
42104,medium,loose,high,5,20,150,5721,0.5119463087248323,0.1500969359999544,0.25,3286.8249088811644,0,0.0,-3286.8249088811644,SB-QI,3272.7748199390903,False,True,0.2520627539997804,0.0020101229997635,0.0994832840001436,0.0004724109999187,0.1557073719995969,2,5,0,,0.4274669120375133,True,medium_16,2.0,1100.0,8.0,discrete,0.01,True
42105,medium,loose,high,5,20,150,6880,0.6156599552572707,0.15584016899993,0.25,4060.9305211676224,0,0.0,-4060.930521167622,MILP-HIGHS,4060.9305211676224,True,True,0.1875649899993732,0.0004742040000564,0.0281954929996572,0.0030551239997294,0.1875649899993732,5,5,0,0.0,0.0,True,medium_17,,,,,,True
42105,medium,loose,high,5,20,150,6880,0.6156599552572707,0.15584016899993,0.25,4060.9305211676224,0,0.0,-4060.930521167622,GRASP-LS,4060.9305211676224,True,True,0.2502988969999933,0.0006655480001427,0.0926743400000305,0.00111883999989,0.1567687169999772,5,5,0,,0.0,True,medium_17,283.0,,,,,True
42105,medium,loose,high,5,20,150,6880,0.6156599552572707,0.15584016899993,0.25,4060.9305211676224,0,0.0,-4060.930521167622,SB-QI,3824.604141485936,False,True,0.2505905899997742,0.0023958860001584,0.0918214839998654,0.0005330509998202,0.1619844269998793,34,4,0,,5.819513002003699,True,medium_17,1.0,950.0,8.0,discrete,0.01,True
42106,medium,loose,high,5,20,150,5908,0.5286800894854586,0.1464385369999945,0.25,4624.486714532253,0,0.0,-4624.486714532255,MILP-HIGHS,4624.486714532253,True,True,0.1524299079997035,0.0004840679998778,0.0028712210000776,0.0026360819997535,0.1524299079997035,5,5,0,0.0,0.0,True,medium_18,,,,,,True
42106,medium,loose,high,5,20,150,5908,0.5286800894854586,0.1464385369999945,0.25,4624.486714532253,0,0.0,-4624.486714532255,GRASP-LS,4624.486714532253,True,True,0.2504635909999706,0.0006741500001226,0.102255858999797,0.0010950450000564,0.1475622640000438,5,5,0,,0.0,True,medium_18,261.0,,,,,True
42106,medium,loose,high,5,20,150,5908,0.5286800894854586,0.1464385369999945,0.25,4624.486714532253,0,0.0,-4624.486714532255,SB-QI,4332.36369473758,False,True,0.2494835480001711,0.0021534259999498,0.1004180720001386,0.0004735130000881,0.1522124460002487,52,5,0,,6.316874451745946,True,medium_18,2.0,1100.0,8.0,discrete,0.01,True
42107,medium,loose,high,5,20,150,5641,0.5047874720357942,0.1520216419999087,0.25,3844.309949680636,0,0.0,-3844.309949680636,MILP-HIGHS,3844.309949680636,True,True,0.1648611249997884,0.0004321710002841,0.0099350139998932,0.0024722979997022,0.1648611249997884,5,5,0,0.0,0.0,True,medium_19,,,,,,True
42107,medium,loose,high,5,20,150,5641,0.5047874720357942,0.1520216419999087,0.25,3844.309949680636,0,0.0,-3844.309949680636,GRASP-LS,3844.309949680636,True,True,0.2502889729994422,0.0004547349999484,0.0968070939998142,0.0010055019997707,0.1529139169997506,5,5,0,,0.0,True,medium_19,258.0,,,,,True
42107,medium,loose,high,5,20,150,5641,0.5047874720357942,0.1520216419999087,0.25,3844.309949680636,0,0.0,-3844.309949680636,SB-QI,3827.420977879783,True,True,0.249068970999815,0.0020137480000812,0.0945584259998213,0.0004751550000037,0.1577036230000885,0,5,0,,0.4393238844400836,True,medium_19,2.0,1050.0,8.0,discrete,0.01,True
42108,medium,loose,high,5,20,150,5856,0.5240268456375838,0.153182294999624,0.25,3956.894693700341,0,0.0,-3956.8946937003407,MILP-HIGHS,3956.894693700341,True,True,0.1592261139994661,0.0004150869999648,0.0027778619996752,0.0028508700002021,0.1592261139994661,5,5,0,0.0,0.0,True,medium_20,,,,,,True
42108,medium,loose,high,5,20,150,5856,0.5240268456375838,0.153182294999624,0.25,3956.894693700341,0,0.0,-3956.8946937003407,GRASP-LS,3956.894693700341,True,True,0.250196466000034,0.0004446699999789,0.0955634380002266,0.0010060630002044,0.1539134199997534,5,5,0,,0.0,True,medium_20,252.0,,,,,True
42108,medium,loose,high,5,20,150,5856,0.5240268456375838,0.153182294999624,0.25,3956.894693700341,0,0.0,-3956.8946937003407,SB-QI,3956.894693700341,True,True,0.2512884859997939,0.0020894409999527,0.0955490860001191,0.000467664000098,0.1589128689997778,0,5,0,,0.0,True,medium_20,2.0,1050.0,8.0,discrete,0.01,True
42109,medium,loose,high,5,20,150,5404,0.483579418344519,0.1522321050001664,0.25,3649.435115746928,0,0.0,-3649.435115746928,MILP-HIGHS,3649.435115746928,True,True,0.1614494829996147,0.0004330619999564,0.0063168339997901,0.0024674819997017,0.1614494829996147,5,5,0,0.0,0.0,True,medium_21,,,,,,True
42109,medium,loose,high,5,20,150,5404,0.483579418344519,0.1522321050001664,0.25,3649.435115746928,0,0.0,-3649.435115746928,GRASP-LS,3648.618267367288,True,True,0.2504119549998904,0.0004553959997792,0.0967520310000509,0.0009724229998937,0.1531170379998911,5,5,0,,0.0223828716974645,True,medium_21,246.0,,,,,True
42109,medium,loose,high,5,20,150,5404,0.483579418344519,0.1522321050001664,0.25,3649.435115746928,0,0.0,-3649.435115746928,SB-QI,3643.4199675002874,False,True,0.2487900880009874,0.0020478290002756,0.0940779830002611,0.0004321710002841,0.1579030300003978,36,5,0,,0.1648240907390446,True,medium_21,2.0,1050.0,8.0,discrete,0.01,True
42110,medium,loose,high,5,20,150,5029,0.4500223713646532,0.1506871120000141,0.25,3637.7221754459433,0,0.0,-3637.7221754459433,MILP-HIGHS,3637.7221754459433,True,True,0.1559864350001589,0.0004456910000953,0.0026113650001207,0.0022422669999286,0.1559864350001589,5,5,0,0.0,0.0,True,medium_22,,,,,,True
42110,medium,loose,high,5,20,150,5029,0.4500223713646532,0.1506871120000141,0.25,3637.7221754459433,0,0.0,-3637.7221754459433,GRASP-LS,3637.7221754459433,True,True,0.2501821029995881,0.000406532999932,0.0981839659998513,0.0009044919997904,0.1513936699998339,5,5,0,,0.0,True,medium_22,238.0,,,,,True
42110,medium,loose,high,5,20,150,5029,0.4500223713646532,0.1506871120000141,0.25,3637.7221754459433,0,0.0,-3637.7221754459433,SB-QI,3530.8023295366747,False,True,0.2491391260005002,0.001785289000054,0.0962422450002122,0.0004244800002197,0.1560168109999722,4,5,0,,2.9391976834009164,True,medium_22,2.0,1100.0,8.0,discrete,0.01,True
42111,medium,loose,high,5,20,150,5193,0.4646979865771812,0.1531438279998838,0.25,3835.250573603542,0,0.0,-3835.250573603541,MILP-HIGHS,3835.250573603542,True,True,0.158804517999215,0.0004644089999601,0.0028443409996725,0.0023519399996985,0.158804517999215,5,5,0,0.0,0.0,True,medium_23,,,,,,True
42111,medium,loose,high,5,20,150,5193,0.4646979865771812,0.1531438279998838,0.25,3835.250573603542,0,0.0,-3835.250573603541,GRASP-LS,3805.8984058863302,True,True,0.2500313900000037,0.0004070029999638,0.095562226000311,0.000918332999845,0.1540246740000839,5,5,0,,0.7653259455648114,True,medium_23,235.0,,,,,True
42111,medium,loose,high,5,20,150,5193,0.4646979865771812,0.1531438279998838,0.25,3835.250573603542,0,0.0,-3835.250573603541,SB-QI,3743.3434745593618,False,True,0.252567414999703,0.0019410909999351,0.0970689820001098,0.0004135139997742,0.1586273959997015,40,5,0,,2.396377949246367,True,medium_23,2.0,1100.0,8.0,discrete,0.01,True
42200,medium,tight,standard,5,20,150,4789,0.4285458612975391,0.1425031970002237,0.25,3475.9082567805835,0,0.0,-3475.908256780583,MILP-HIGHS,3475.9082567805835,True,True,0.155809914999736,0.0004685459998654,0.0107758809999722,0.0020622909996745,0.155809914999736,5,5,0,0.0,0.0,True,medium_24,,,,,,True
42200,medium,tight,standard,5,20,150,4789,0.4285458612975391,0.1425031970002237,0.25,3475.9082567805835,0,0.0,-3475.908256780583,GRASP-LS,3475.9082567805835,True,True,0.250330254000346,0.0004237789999024,0.1064330079998399,0.0009702700003799,0.1432364649999726,5,5,0,,0.0,True,medium_24,282.0,,,,,True
42200,medium,tight,standard,5,20,150,4789,0.4285458612975391,0.1425031970002237,0.25,3475.9082567805835,0,0.0,-3475.908256780583,SB-QI,3475.9082567805835,True,True,0.2520004319999316,0.0018302759999642,0.107285192999825,0.0003817659999185,0.1480368490001637,0,5,0,,0.0,True,medium_24,2.0,1250.0,8.0,discrete,0.01,True
42201,medium,tight,standard,5,20,150,5536,0.4953914988814317,0.1397284290001152,0.25,3816.980724960686,0,0.0,-3816.9807249606856,MILP-HIGHS,3816.980724960686,True,True,0.1781286950003959,0.0005129010000928,0.0353551170001082,0.0025322480000795,0.1781286950003959,5,5,0,0.0,0.0,True,medium_25,,,,,,True
42201,medium,tight,standard,5,20,150,5536,0.4953914988814317,0.1397284290001152,0.25,3816.980724960686,0,0.0,-3816.9807249606856,GRASP-LS,3816.980724960686,True,True,0.2501347239999631,0.0006233549997887,0.1087618540000221,0.001021086000037,0.1406402220000018,5,5,0,,0.0,True,medium_25,290.0,,,,,True
42201,medium,tight,standard,5,20,150,5536,0.4953914988814317,0.1397284290001152,0.25,3816.980724960686,0,0.0,-3816.9807249606856,SB-QI,3816.980724960686,True,True,0.2513611829999718,0.0019248459998379,0.1092536639998797,0.0004542440001387,0.145209842999975,1,5,0,,0.0,True,medium_25,2.0,1200.0,8.0,discrete,0.01,True
42202,medium,tight,standard,5,20,150,5179,0.4634451901565996,0.1386618060000728,0.25,4385.614533859441,0,0.0,-4385.61453385944,MILP-HIGHS,4385.614533859441,True,True,0.1507939900002384,0.000442355999894,0.0094074810003803,0.0022823469998911,0.1507939900002384,5,5,0,0.0,0.0,True,medium_26,,,,,,True
42202,medium,tight,standard,5,20,150,5179,0.4634451901565996,0.1386618060000728,0.25,4385.614533859441,0,0.0,-4385.61453385944,GRASP-LS,4385.614533859441,True,True,0.250337773999945,0.0004300479999983,0.110243151999839,0.0010027680000348,0.1394051490001402,5,5,0,,0.0,True,medium_26,301.0,,,,,True
42202,medium,tight,standard,5,20,150,5179,0.4634451901565996,0.1386618060000728,0.25,4385.614533859441,0,0.0,-4385.61453385944,SB-QI,4280.988204409869,False,True,0.2521714659997087,0.0019021829998564,0.1111596830000962,0.0004477939996831,0.1441755679998095,39,5,0,,2.385670893823368,True,medium_26,2.0,1250.0,8.0,discrete,0.01,True
42203,medium,tight,standard,5,20,150,5769,0.516241610738255,0.1401523180002186,0.25,4260.785699977611,0,0.0,-4260.785699977611,MILP-HIGHS,4260.785699977611,True,True,0.1509798349998163,0.0004684649998125,0.0078854719999981,0.002473579999787,0.1509798349998163,5,5,0,0.0,0.0,True,medium_27,,,,,,True
42203,medium,tight,standard,5,20,150,5769,0.516241610738255,0.1401523180002186,0.25,4260.785699977611,0,0.0,-4260.785699977611,GRASP-LS,4260.785699977611,True,True,0.2501511790001132,0.0004450910000741,0.1084962810000433,0.0010574889997769,0.1410707220002223,5,5,0,,0.0,True,medium_27,275.0,,,,,True
42203,medium,tight,standard,5,20,150,5769,0.516241610738255,0.1401523180002186,0.25,4260.785699977611,0,0.0,-4260.785699977611,SB-QI,4071.8573076656808,False,True,0.25146617000064,0.0020288710002205,0.1087991800000054,0.0004858010001953,0.1457487330003459,36,5,0,,4.434120972404768,True,medium_27,2.0,1200.0,8.0,discrete,0.01,True
42204,medium,tight,standard,5,20,150,5249,0.4697091722595078,0.1383062479999353,0.25,4465.507718538961,0,0.0,-4465.507718538961,MILP-HIGHS,4465.507718538961,True,True,0.1670265689999723,0.0006191689999468,0.0255718080002225,0.0025293439998677,0.1670265689999723,5,5,0,0.0,0.0,True,medium_28,,,,,,True
42204,medium,tight,standard,5,20,150,5249,0.4697091722595078,0.1383062479999353,0.25,4465.507718538961,0,0.0,-4465.507718538961,GRASP-LS,4465.507718538961,True,True,0.2504828480000469,0.0006417419999706,0.1103703399999176,0.0011645180002233,0.1394289029999527,5,5,0,,0.0,True,medium_28,268.0,,,,,True
42204,medium,tight,standard,5,20,150,5249,0.4697091722595078,0.1383062479999353,0.25,4465.507718538961,0,0.0,-4465.507718538961,SB-QI,4438.068662159183,True,True,0.2504773579998982,0.0021214180001152,0.1096007760002066,0.000448915999641,0.1439448460000676,0,5,0,,0.6144666655901664,True,medium_28,2.0,1200.0,8.0,discrete,0.01,True
42205,medium,tight,standard,5,20,150,5247,0.4695302013422819,0.1447942119998515,0.25,4583.094904797306,0,0.0,-4583.094904797306,MILP-HIGHS,4583.094904797306,True,True,0.1548576559994217,0.0005818329996145,0.0067520299999159,0.0027295810000396,0.1548576559994217,5,5,0,0.0,0.0,True,medium_29,,,,,,True
42205,medium,tight,standard,5,20,150,5247,0.4695302013422819,0.1447942119998515,0.25,4583.094904797306,0,0.0,-4583.094904797306,GRASP-LS,4583.094904797306,True,True,0.2501339449995612,0.0005514889999176,0.1038251740001214,0.0009630699996705,0.1458827980000023,5,5,0,,0.0,True,medium_29,245.0,,,,,True
42205,medium,tight,standard,5,20,150,5247,0.4695302013422819,0.1447942119998515,0.25,4583.094904797306,0,0.0,-4583.094904797306,SB-QI,4456.0817737380285,False,True,0.2504450159999578,0.0019413710001572,0.1032863250002265,0.0004231079997225,0.1504691029999776,41,5,0,,2.771339753979962,True,medium_29,2.0,1150.0,8.0,discrete,0.01,True
42206,medium,tight,standard,5,20,150,5216,0.4667561521252796,0.143457367999872,0.25,3999.533398351718,0,0.0,-3999.533398351718,MILP-HIGHS,3999.533398351718,True,True,0.1686514759994679,0.0004710389998763,0.0221008569997138,0.0026222120000056,0.1686514759994679,5,5,0,0.0,0.0,True,medium_30,,,,,,True
42206,medium,tight,standard,5,20,150,5216,0.4667561521252796,0.143457367999872,0.25,3999.533398351718,0,0.0,-3999.533398351718,GRASP-LS,3999.533398351718,True,True,0.2500503899996147,0.0004975479996573,0.1050829910000175,0.0010124830000677,0.1442641049993653,5,5,0,,0.0,True,medium_30,286.0,,,,,True
42206,medium,tight,standard,5,20,150,5216,0.4667561521252796,0.143457367999872,0.25,3999.533398351718,0,0.0,-3999.533398351718,SB-QI,3886.8443711303375,True,True,0.2509602400000403,0.0019601290000537,0.1050819189999856,0.0004608240001289,0.1493523760000243,1,5,0,,2.817554349410401,True,medium_30,2.0,1150.0,8.0,discrete,0.01,True
42207,medium,tight,standard,5,20,150,5265,0.4711409395973154,0.1414407289998962,0.25,4137.246994350519,0,0.0,-4137.246994350519,MILP-HIGHS,4137.246994350519,True,True,0.148429820000274,0.000459451000097,0.0039736070002618,0.0025560330000189,0.148429820000274,5,5,0,0.0,0.0,True,medium_31,,,,,,True
42207,medium,tight,standard,5,20,150,5265,0.4711409395973154,0.1414407289998962,0.25,4137.246994350519,0,0.0,-4137.246994350519,GRASP-LS,4137.246994350519,True,True,0.2501706059993012,0.000416137999764,0.1072664349999286,0.0010473039997123,0.1423991509996085,5,5,0,,0.0,True,medium_31,279.0,,,,,True
42207,medium,tight,standard,5,20,150,5265,0.4711409395973154,0.1414407289998962,0.25,4137.246994350519,0,0.0,-4137.246994350519,SB-QI,3978.428896720778,False,True,0.2519959429996561,0.0019146609997733,0.1082054479998078,0.0004351050001787,0.1471170019995042,45,5,0,,3.838738606774264,True,medium_31,2.0,1150.0,8.0,discrete,0.01,True
42208,medium,tight,standard,5,20,150,5374,0.4808948545861297,0.1479187730001285,0.25,3929.3014290248266,0,0.0,-3929.3014290248266,MILP-HIGHS,3929.3014290248266,True,True,0.1708680090000598,0.0004905679998046,0.0197272750001502,0.0027313929999763,0.1708680090000598,5,5,0,0.0,0.0,True,medium_32,,,,,,True
42208,medium,tight,standard,5,20,150,5374,0.4808948545861297,0.1479187730001285,0.25,3929.3014290248266,0,0.0,-3929.3014290248266,GRASP-LS,3837.47141428312,True,True,0.2503669760008051,0.0005694850001418,0.100870352000129,0.0010083660004056,0.1489359320003132,5,5,0,,2.3370570163790307,True,medium_32,244.0,,,,,True
42208,medium,tight,standard,5,20,150,5374,0.4808948545861297,0.1479187730001285,0.25,3929.3014290248266,0,0.0,-3929.3014290248266,SB-QI,3729.694953201796,False,True,0.2494766179993348,0.0019699739996212,0.0989038049997361,0.0006840659998488,0.1536064449996956,48,5,0,,5.079948164541024,True,medium_32,1.0,1000.0,8.0,discrete,0.01,True
42209,medium,tight,standard,5,20,150,5161,0.461834451901566,0.1547279730002628,0.25,3462.2441668754573,0,0.0,-3462.2441668754577,MILP-HIGHS,3462.2441668754573,True,True,0.1602572780002447,0.0004251000000294,0.0026275390000591,0.0024766659998931,0.1602572780002447,5,5,0,0.0,0.0,True,medium_33,,,,,,True
42209,medium,tight,standard,5,20,150,5161,0.461834451901566,0.1547279730002628,0.25,3462.2441668754573,0,0.0,-3462.2441668754577,GRASP-LS,3462.2441668754573,True,True,0.2501092009997592,0.0003809959998761,0.0940407079997385,0.0009595239998816,0.1556131170000299,5,5,0,,0.0,True,medium_33,241.0,,,,,True
42209,medium,tight,standard,5,20,150,5161,0.461834451901566,0.1547279730002628,0.25,3462.2441668754573,0,0.0,-3462.2441668754577,SB-QI,3265.4790463113773,False,True,0.2526487490004001,0.0018568650002634,0.0955943240001033,0.0004695869997703,0.160154335000243,45,5,0,,5.683167075465188,True,medium_33,2.0,1100.0,8.0,discrete,0.01,True
42210,medium,tight,standard,5,20,150,5948,0.5322595078299777,0.1430353959999593,0.25,4567.956847519724,0,0.0,-4567.956847519724,MILP-HIGHS,4567.956847519724,True,True,0.2576412020002863,0.0005711670000891,0.1107306650001191,0.0033039740001186,0.2576412020002863,5,5,1,0.0130068190577792,0.0,True,medium_34,,,,,,True
42210,medium,tight,standard,5,20,150,5948,0.5322595078299777,0.1430353959999593,0.25,4567.956847519724,0,0.0,-4567.956847519724,GRASP-LS,4536.813281538012,True,True,0.25043366699947,0.0008014999998522,0.1054745959995671,0.0011221750000913,0.1442940349998025,5,5,0,,0.6817832790741385,True,medium_34,291.0,,,,,True
42210,medium,tight,standard,5,20,150,5948,0.5322595078299777,0.1430353959999593,0.25,4567.956847519724,0,0.0,-4567.956847519724,SB-QI,4449.638926598251,False,True,0.2523333549993367,0.0020974519998162,0.1066971799996281,0.000503326999933,0.1491235399994366,28,5,0,,2.5901715990534493,True,medium_34,2.0,1150.0,8.0,discrete,0.01,True
42211,medium,tight,standard,5,20,150,5376,0.4810738255033557,0.1401843049998206,0.25,4386.108416967853,0,0.0,-4386.108416967853,MILP-HIGHS,4386.108416967853,True,True,0.1503594649998376,0.0004528919998847,0.0072755669998514,0.0024467010002808,0.1503594649998376,5,5,0,0.0,0.0,True,medium_35,,,,,,True
42211,medium,tight,standard,5,20,150,5376,0.4810738255033557,0.1401843049998206,0.25,4386.108416967853,0,0.0,-4386.108416967853,GRASP-LS,4360.807705358629,True,True,0.2502124980001099,0.0004678840000451,0.1086085360002471,0.000951772999997,0.1411131730001216,5,5,0,,0.576837351109404,True,medium_35,351.0,,,,,True
42211,medium,tight,standard,5,20,150,5376,0.4810738255033557,0.1401843049998206,0.25,4386.108416967853,0,0.0,-4386.108416967853,SB-QI,4309.610839222277,False,True,0.2497053160000177,0.0020674180000241,0.1070047470002464,0.0004488459999265,0.145938605000083,44,5,0,,1.7440877076736707,True,medium_35,2.0,1200.0,8.0,discrete,0.01,True
42300,medium,tight,high,5,20,150,4709,0.4213870246085011,0.1454852580000079,0.25,3724.8762914837816,0,0.0,-3724.876291483781,MILP-HIGHS,3724.8762914837816,True,True,0.1543336399995496,0.0004798619997927,0.0063061490000109,0.002062370999738,0.1543336399995496,5,5,0,0.0,0.0,True,medium_36,,,,,,True
42300,medium,tight,high,5,20,150,4709,0.4213870246085011,0.1454852580000079,0.25,3724.8762914837816,0,0.0,-3724.876291483781,GRASP-LS,3724.8762914837816,True,True,0.2502430700005789,0.0003955570000471,0.1034994750002624,0.0008627800002614,0.1463365220001833,5,5,0,,0.0,True,medium_36,247.0,,,,,True
42300,medium,tight,high,5,20,150,4709,0.4213870246085011,0.1454852580000079,0.25,3724.8762914837816,0,0.0,-3724.876291483781,SB-QI,3724.8762914837816,False,True,0.2503424770002311,0.001735526000175,0.1027110740001262,0.000410618999922,0.1507018000002062,56,5,0,,0.0,True,medium_36,2.0,1200.0,8.0,discrete,0.01,True
42301,medium,tight,high,5,20,150,4703,0.4208501118568232,0.1392851320001682,0.25,3543.005079726096,0,0.0,-3543.005079726095,MILP-HIGHS,3543.005079726096,True,True,0.1453922840000814,0.0005379479998737,0.0035180199997739,0.0020511840002654,0.1453922840000814,5,5,0,0.0,0.0,True,medium_37,,,,,,True
42301,medium,tight,high,5,20,150,4703,0.4208501118568232,0.1392851320001682,0.25,3543.005079726096,0,0.0,-3543.005079726095,GRASP-LS,3542.3113810047985,True,True,0.2503715560001183,0.0003706600000441,0.1096739079998769,0.0010418560000289,0.1401357840004493,5,5,0,,0.0195793882787976,True,medium_37,302.0,,,,,True
42301,medium,tight,high,5,20,150,4703,0.4208501118568232,0.1392851320001682,0.25,3543.005079726096,0,0.0,-3543.005079726095,SB-QI,3445.7895686953725,False,True,0.2509023840002555,0.0018409119998068,0.1093999409999924,0.000376399000288,0.1445786479998787,46,5,0,,2.743871624317249,True,medium_37,2.0,1300.0,8.0,discrete,0.01,True
42302,medium,tight,high,5,20,150,4721,0.4224608501118568,0.1372235720000389,0.25,2824.017441661729,0,0.0,-2824.017441661729,MILP-HIGHS,2824.017441661729,True,True,0.1427473690000624,0.0004807539999092,0.0030394899999919,0.0020035530001223,0.1427473690000624,5,5,0,0.0,0.0,True,medium_38,,,,,,True
42302,medium,tight,high,5,20,150,4721,0.4224608501118568,0.1372235720000389,0.25,2824.017441661729,0,0.0,-2824.017441661729,GRASP-LS,2824.017441661729,True,True,0.2498501319996648,0.0003246319997742,0.1114663079997626,0.0008356200000889,0.1380115419997309,5,5,0,,0.0,True,medium_38,265.0,,,,,True
42302,medium,tight,high,5,20,150,4721,0.4224608501118568,0.1372235720000389,0.25,2824.017441661729,0,0.0,-2824.017441661729,SB-QI,2644.929616181992,False,True,0.2503844339998977,0.001722485999835,0.1110557990000415,0.0003825769999821,0.1426419730000816,49,5,0,,6.341597712454545,True,medium_38,2.0,1300.0,8.0,discrete,0.01,True
42303,medium,tight,high,5,20,150,4608,0.4123489932885906,0.1549960470001679,0.25,4000.8756881628815,0,0.0,-4000.8756881628815,MILP-HIGHS,4000.8756881628815,True,True,0.1638484340005561,0.0004297680002309,0.0064150100001825,0.0020076089999747,0.1638484340005561,5,5,0,0.0,0.0,True,medium_39,,,,,,True
42303,medium,tight,high,5,20,150,4608,0.4123489932885906,0.1549960470001679,0.25,4000.8756881628815,0,0.0,-4000.8756881628815,GRASP-LS,4000.2983072652582,True,True,0.2504288110003472,0.0003531040001689,0.0941852529999778,0.0008944070000325,0.1557815430005575,5,5,0,,0.0144313630971101,True,medium_39,226.0,,,,,True
42303,medium,tight,high,5,20,150,4608,0.4123489932885906,0.1549960470001679,0.25,4000.8756881628815,0,0.0,-4000.8756881628815,SB-QI,3820.594040290454,False,True,0.2511991940000371,0.0016566790000069,0.0941084179999052,0.000438049999957,0.1601894139998876,61,5,0,,4.506054722115326,True,medium_39,2.0,1050.0,8.0,discrete,0.01,True
42304,medium,tight,high,5,20,150,5938,0.5313646532438479,0.1434156209998036,0.25,3880.870689267744,0,0.0,-3880.87068926775,MILP-HIGHS,3880.870689267744,True,True,0.255198418999953,0.0005522900000869,0.1083821910001461,0.0028483169999162,0.255198418999953,5,5,1,0.0039611390263165,0.0,True,medium_40,,,,,,True
42304,medium,tight,high,5,20,150,5938,0.5313646532438479,0.1434156209998036,0.25,3880.870689267744,0,0.0,-3880.87068926775,GRASP-LS,3880.552216264917,True,True,0.2504138080003031,0.0008855539999785,0.1049858210003549,0.0011268120001659,0.1445740099998147,5,5,0,,0.0082062255696302,True,medium_40,324.0,,,,,True
42304,medium,tight,high,5,20,150,5938,0.5313646532438479,0.1434156209998036,0.25,3880.870689267744,0,0.0,-3880.87068926775,SB-QI,3854.9696669891937,True,True,0.250825027999781,0.0020519650001915,0.1048804039996866,0.0004770380000991,0.1490822399996432,1,5,0,,0.6674023525230518,True,medium_40,2.0,1150.0,8.0,discrete,0.01,True
42305,medium,tight,high,5,20,150,5019,0.4491275167785235,0.142222429999947,0.25,3807.006758773018,0,0.0,-3807.006758773018,MILP-HIGHS,3807.006758773018,True,True,0.150252188000195,0.0004205750001347,0.0053740560001642,0.0022351269999489,0.150252188000195,5,5,0,0.0,0.0,True,medium_41,,,,,,True
42305,medium,tight,high,5,20,150,5019,0.4491275167785235,0.142222429999947,0.25,3807.006758773018,0,0.0,-3807.006758773018,GRASP-LS,3729.301483750976,True,True,0.2501934800002345,0.0003562379997674,0.1067320920001293,0.0008827200003906,0.1428616879998117,5,5,0,,2.041112084788796,True,medium_41,250.0,,,,,True
42305,medium,tight,high,5,20,150,5019,0.4491275167785235,0.142222429999947,0.25,3807.006758773018,0,0.0,-3807.006758773018,SB-QI,3645.9637319112335,False,True,0.2502978860002258,0.0017959460001293,0.1058437030001187,0.0004358070000307,0.1475237680001555,5,5,0,,4.230174440606648,True,medium_41,2.0,1200.0,8.0,discrete,0.01,True
42306,medium,tight,high,5,20,141,4346,0.4403242147922999,0.1377647249996698,0.25,4234.233576460101,0,0.0,-4234.233576460102,MILP-HIGHS,4234.233576460101,True,True,0.1425673319995439,0.0003916410000783,0.0025815409999268,0.0018294249998689,0.1425673319995439,5,5,0,0.0,0.0,True,medium_42,,,,,,True
42306,medium,tight,high,5,20,141,4346,0.4403242147922999,0.1377647249996698,0.25,4234.233576460101,0,0.0,-4234.233576460102,GRASP-LS,4234.233576460101,True,True,0.2500002349997885,0.0003265650002504,0.1111176009999326,0.0007913439999356,0.138397224000073,5,5,0,,0.0,True,medium_42,329.0,,,,,True
42306,medium,tight,high,5,20,141,4346,0.4403242147922999,0.1377647249996698,0.25,4234.233576460101,0,0.0,-4234.233576460102,SB-QI,4234.233576460101,True,True,0.2506341999996948,0.0016048820002652,0.1108952849999695,0.0003693079997901,0.1426731389997257,0,5,0,,0.0,True,medium_42,2.0,1400.0,8.0,discrete,0.01,True
42307,medium,tight,high,5,20,150,4222,0.3778076062639821,0.1345907050003916,0.25,3589.990094017473,0,0.0,-3589.990094017474,MILP-HIGHS,3589.990094017473,True,True,0.1401272720008819,0.0004556460003186,0.0032753410000623,0.0018055800001093,0.1401272720008819,5,5,0,0.0,0.0,True,medium_43,,,,,,True
42307,medium,tight,high,5,20,150,4222,0.3778076062639821,0.1345907050003916,0.25,3589.990094017473,0,0.0,-3589.990094017474,GRASP-LS,3589.990094017473,True,True,0.2501736710005389,0.0003212970000276,0.1145060280000507,0.0007556410000688,0.1353442230001746,5,5,0,,0.0,True,medium_43,277.0,,,,,True
42307,medium,tight,high,5,20,150,4222,0.3778076062639821,0.1345907050003916,0.25,3589.990094017473,0,0.0,-3589.990094017474,SB-QI,3588.632672596468,True,True,0.2516698230006113,0.0016683060002833,0.1150691049997476,0.0003417070001887,0.1397136380005577,0,5,0,,0.0378112859772753,True,medium_43,2.0,1350.0,8.0,discrete,0.01,True
42308,medium,tight,high,5,20,150,4405,0.3941834451901566,0.1402499229998284,0.25,3852.076923440435,0,0.0,-3852.0769234404343,MILP-HIGHS,3852.076923440435,True,True,0.1695776749998003,0.0005225249997238,0.0268021340002633,0.0020030929999848,0.1695776749998003,5,5,0,0.0,0.0,True,medium_44,,,,,,True
42308,medium,tight,high,5,20,150,4405,0.3941834451901566,0.1402499229998284,0.25,3852.076923440435,0,0.0,-3852.0769234404343,GRASP-LS,3852.076923440435,True,True,0.2501541030001135,0.0004576989999804,0.1086401239999759,0.0008063570003287,0.1411815159995058,5,5,0,,0.0,True,medium_44,262.0,,,,,True
42308,medium,tight,high,5,20,150,4405,0.3941834451901566,0.1402499229998284,0.25,3852.076923440435,0,0.0,-3852.0769234404343,SB-QI,3759.4779118139168,False,True,0.2486990129996229,0.0016558269999222,0.1064352019998295,0.0003580610000426,0.1456843769997249,37,5,0,,2.4038723386607432,True,medium_44,2.0,1250.0,8.0,discrete,0.01,True
42309,medium,tight,high,5,20,150,4997,0.447158836689038,0.1413073519997851,0.25,2942.266878064227,0,0.0,-2942.266878064227,MILP-HIGHS,2942.266878064227,True,True,0.1468067229998269,0.000434063999819,0.0028814060001423,0.0021839010000803,0.1468067229998269,5,5,0,0.0,0.0,True,medium_45,,,,,,True
42309,medium,tight,high,5,20,150,4997,0.447158836689038,0.1413073519997851,0.25,2942.266878064227,0,0.0,-2942.266878064227,GRASP-LS,2942.266878064227,True,True,0.2499576909999632,0.0003941949998989,0.1073599640003521,0.0008961799999269,0.1421825909997096,5,5,0,,0.0,True,medium_45,281.0,,,,,True
42309,medium,tight,high,5,20,150,4997,0.447158836689038,0.1413073519997851,0.25,2942.266878064227,0,0.0,-2942.266878064227,SB-QI,2850.946520293454,False,True,0.2517931840002347,0.0018193100004282,0.1082378559999597,0.0004286660000616,0.1469073620000927,41,5,0,,3.103741487612931,True,medium_45,2.0,1250.0,8.0,discrete,0.01,True
42310,medium,tight,high,5,20,150,5100,0.4563758389261745,0.1421628819998659,0.25,2931.0551177264,0,0.0,-2931.0551177264,MILP-HIGHS,2931.0551177264,True,True,0.1476813109998147,0.0004223669998282,0.0027858640000886,0.0023101980000319,0.1476813109998147,5,5,0,0.0,0.0,True,medium_46,,,,,,True
42310,medium,tight,high,5,20,150,5100,0.4563758389261745,0.1421628819998659,0.25,2931.0551177264,0,0.0,-2931.0551177264,GRASP-LS,2931.0551177264,True,True,0.2499594629998682,0.0004129019998799,0.1064778949998981,0.0009057840002242,0.1430482749997281,5,5,0,,0.0,True,medium_46,254.0,,,,,True
42310,medium,tight,high,5,20,150,5100,0.4563758389261745,0.1421628819998659,0.25,2931.0551177264,0,0.0,-2931.0551177264,SB-QI,2819.320282926231,False,True,0.2485685199999352,0.0019043960000999,0.1040614889998323,0.0004397530001369,0.1476463290000538,61,5,0,,3.81210282005344,True,medium_46,2.0,1200.0,8.0,discrete,0.01,True
42311,medium,tight,high,5,20,150,5170,0.4626398210290828,0.1399127629997565,0.25,3945.6316915235143,0,0.0,-3945.6316915235143,MILP-HIGHS,3945.6316915235143,True,True,0.1496650959998078,0.0004325619997871,0.0069132300000092,0.0024065410002549,0.1496650959998078,5,5,0,0.0,0.0,True,medium_47,,,,,,True
42311,medium,tight,high,5,20,150,5170,0.4626398210290828,0.1399127629997565,0.25,3945.6316915235143,0,0.0,-3945.6316915235143,GRASP-LS,3945.6316915235143,True,True,0.2499590830002489,0.0004512290001912,0.1086506090000511,0.0009444820002499,0.1408268689997385,5,5,0,,0.0,True,medium_47,291.0,,,,,True
42311,medium,tight,high,5,20,150,5170,0.4626398210290828,0.1399127629997565,0.25,3945.6316915235143,0,0.0,-3945.6316915235143,SB-QI,3855.4129971724496,False,True,0.2486774509998213,0.0019226230001549,0.1063954520000152,0.0004466129998945,0.1454161199999362,43,5,0,,2.2865462720426706,True,medium_47,2.0,1200.0,8.0,discrete,0.01,True
43100,large,loose,high,7,28,224,11420,0.4572389493914157,0.2457456970000748,0.5,4822.593722619572,0,0.0,-4822.593722619572,MILP-HIGHS,4822.593722619572,True,True,0.2703191540003899,0.0007992260002538,0.0186992600001758,0.0050749709998854,0.2703191540003899,7,7,0,0.0,0.0,True,large_0_1_0,,,,,,True
43100,large,loose,high,7,28,224,11420,0.4572389493914157,0.2457456970000748,0.5,4822.593722619572,0,0.0,-4822.593722619572,GRASP-LS,4735.292141402025,True,True,0.5015092449998519,0.0008896399999684,0.2532488669999111,0.0016250409998974,0.2473504280001179,7,7,0,,1.8102619925886287,True,large_0_1_0,359.0,,,,,True
43100,large,loose,high,7,28,224,11420,0.4572389493914157,0.2457456970000748,0.5,4822.593722619572,0,0.0,-4822.593722619572,SB-QI,4553.686539025417,False,True,0.5023568950000481,0.0045152309999139,0.2511362019999978,0.0009597650000614,0.2565292499998577,92,7,0,,5.575986679800345,True,large_0_1_0,2.0,1500.0,8.0,discrete,0.01,True
43101,large,loose,high,7,28,224,10917,0.4370996156310057,0.2415748630000962,0.5,3724.053570659713,0,0.0,-3724.0535706597134,MILP-HIGHS,3724.053570659713,True,True,0.2506699810001009,0.0007782249999763,0.0033224710000467,0.0049944219999815,0.2506699810001009,7,7,0,0.0,0.0,True,large_0_1_1,,,,,,True
43101,large,loose,high,7,28,224,10917,0.4370996156310057,0.2415748630000962,0.5,3724.053570659713,0,0.0,-3724.0535706597134,GRASP-LS,3724.053570659713,True,True,0.5011626479999904,0.0007699230000071,0.257271947999925,0.001545913999962,0.2432684860000336,7,7,0,,0.0,True,large_0_1_1,377.0,,,,,True
43101,large,loose,high,7,28,224,10917,0.4370996156310057,0.2415748630000962,0.5,3724.053570659713,0,0.0,-3724.0535706597134,SB-QI,3524.4303683506505,False,True,0.5019935609998356,0.0039829099996495,0.2555727969997861,0.0008629910003037,0.251413042999502,68,7,0,,5.360374079519467,True,large_0_1_1,2.0,1550.0,8.0,discrete,0.01,True
43102,large,loose,high,7,28,224,9296,0.3721973094170404,0.2380240729999059,0.5,5415.293852289031,0,0.0,-5415.293852289031,MILP-HIGHS,5415.293852289031,True,True,0.2695764589989267,0.0007715349997852,0.0266479069996421,0.0041329439995934,0.2695764589989267,7,7,0,0.0,0.0,True,large_0_1_2,,,,,,True
43102,large,loose,high,7,28,224,9296,0.3721973094170404,0.2380240729999059,0.5,5415.293852289031,0,0.0,-5415.293852289031,GRASP-LS,5316.374140831506,True,True,0.500407004000408,0.0008729050000511,0.2602461310002582,0.0012638950001928,0.2394125929999973,7,7,0,,1.8266730145347767,True,large_0_1_2,365.0,,,,,True
43102,large,loose,high,7,28,224,9296,0.3721973094170404,0.2380240729999059,0.5,5415.293852289031,0,0.0,-5415.293852289031,SB-QI,5127.042966256883,False,True,0.5002186960000472,0.0033625999999458,0.2578842070001883,0.0009478160000071,0.2472219830001449,79,7,0,,5.322903869940591,True,large_0_1_2,2.0,1650.0,8.0,discrete,0.01,True
43103,large,loose,high,7,28,224,11160,0.4468289557975656,0.2381962990002648,0.5,5635.6918436877095,0,0.0,-5635.6918436877095,MILP-HIGHS,5635.6918436877095,True,True,0.2587900610005818,0.0007047760000205,0.0147759579999728,0.0051130280003235,0.2587900610005818,7,7,0,0.0,0.0,True,large_0_1_3,,,,,,True
43103,large,loose,high,7,28,224,11160,0.4468289557975656,0.2381962990002648,0.5,5635.6918436877095,0,0.0,-5635.6918436877095,GRASP-LS,5635.017623786767,True,True,0.5007747420004307,0.001049987999977,0.2600637909999932,0.0014646640001956,0.240015599000344,7,7,0,,0.0119633918894523,True,large_0_1_3,384.0,,,,,True
43103,large,loose,high,7,28,224,11160,0.4468289557975656,0.2381962990002648,0.5,5635.6918436877095,0,0.0,-5635.6918436877095,SB-QI,5055.06197393712,False,True,0.5008557020005355,0.0041096190002463,0.2576243409998824,0.0009254430001419,0.2485935890003929,57,7,0,,10.302725660930662,True,large_0_1_3,2.0,1550.0,8.0,discrete,0.01,True
43104,large,loose,high,7,28,168,4519,0.3221414314228685,0.2374070179998852,0.5,3920.9824516515696,0,0.0,-3920.9824516515696,MILP-HIGHS,3920.9824516515696,True,True,0.2431192549997831,0.0004855209999732,0.003130394999971,0.0020963209999536,0.2431192549997831,7,7,0,0.0,0.0,True,large_0_1_4,,,,,,True
43104,large,loose,high,7,28,168,4519,0.3221414314228685,0.2374070179998852,0.5,3920.9824516515696,0,0.0,-3920.9824516515696,GRASP-LS,3920.9824516515696,True,True,0.4999929810005596,0.0003196040001967,0.2616568540001935,0.0006095050002841,0.2381862040001579,7,7,0,,0.0,True,large_0_1_4,499.0,,,,,True
43104,large,loose,high,7,28,168,4519,0.3221414314228685,0.2374070179998852,0.5,3920.9824516515696,0,0.0,-3920.9824516515696,SB-QI,3913.4222548917314,False,True,0.5012802239998564,0.0016480360000059,0.2618364029999611,0.000388767000004,0.2429109259996948,3,7,0,,0.1928138381913366,True,large_0_1_4,3.0,2800.0,8.0,discrete,0.01,True
43105,large,loose,high,7,28,224,11199,0.4483904548366432,0.2429091610001705,0.5,5619.679333412017,0,0.0,-5619.679333412017,MILP-HIGHS,5619.679333412017,True,True,0.4133267740003248,0.0007493620000786,0.1643466129999069,0.0053216380001686,0.4133267740003248,7,7,0,0.0,0.0,True,large_0_1_5,,,,,,True
43105,large,loose,high,7,28,224,11199,0.4483904548366432,0.2429091610001705,0.5,5619.679333412017,0,0.0,-5619.679333412017,GRASP-LS,5521.852722142437,True,True,0.500892673999715,0.0007720650000919,0.2556899899996097,0.0015214579998428,0.244142439999905,7,7,0,,1.7407863592491366,True,large_0_1_5,427.0,,,,,True
43105,large,loose,high,7,28,224,11199,0.4483904548366432,0.2429091610001705,0.5,5619.679333412017,0,0.0,-5619.679333412017,SB-QI,5521.852722142437,True,True,0.4992202930002349,0.0037377369999376,0.2516251580000244,0.0009482370001023,0.2524045640002441,0,7,0,,1.7407863592491366,True,large_0_1_5,2.0,1500.0,8.0,discrete,0.01,True
43106,large,loose,high,7,28,224,10193,0.4081117873158232,0.2560997680002401,0.5,6567.561263665848,0,0.0,-6567.561263665848,MILP-HIGHS,6567.561263665848,True,True,0.2844513850004659,0.0008509029999004,0.0217322130001775,0.0057685010001478,0.2844513850004659,7,7,0,0.0,0.0,True,large_0_1_6,,,,,,True
43106,large,loose,high,7,28,224,10193,0.4081117873158232,0.2560997680002401,0.5,6567.561263665848,0,0.0,-6567.561263665848,GRASP-LS,6342.010464130115,True,True,0.5010562269999355,0.0011997899996458,0.2420262010000442,0.0017304680000052,0.258045834999848,7,7,0,,3.434315881963104,True,large_0_1_6,381.0,,,,,True
43106,large,loose,high,7,28,224,10193,0.4081117873158232,0.2560997680002401,0.5,6567.561263665848,0,0.0,-6567.561263665848,SB-QI,6145.272347799646,False,True,0.5073955260004368,0.0035128930003338,0.2468380430000252,0.0009448219998375,0.2688273970006776,75,7,0,,6.429919705545173,True,large_0_1_6,2.0,1400.0,8.0,discrete,0.01,True
43107,large,loose,high,7,28,224,8858,0.3546604740550929,0.2885210650001681,0.5,4938.282691436909,0,0.0,-4938.282691436909,MILP-HIGHS,4938.282691436909,True,True,0.2991687070002626,0.0008078490000116,0.0045760510001855,0.0052637419998973,0.2991687070002626,7,7,0,0.0,0.0,True,large_0_1_7,,,,,,True
43107,large,loose,high,7,28,224,8858,0.3546604740550929,0.2885210650001681,0.5,4938.282691436909,0,0.0,-4938.282691436909,GRASP-LS,4929.243292352101,True,True,0.5005817930004923,0.0009273670002585,0.2098003529999914,0.0013330080000741,0.290122132000306,7,7,0,,0.1830474205229765,True,large_0_1_7,295.0,,,,,True
43107,large,loose,high,7,28,224,8858,0.3546604740550929,0.2885210650001681,0.5,4938.282691436909,0,0.0,-4938.282691436909,SB-QI,4627.0842526898405,True,True,0.4990832270000283,0.0030557750001207,0.2066845179997471,0.0008218689999921,0.2972919020003246,1,7,0,,6.301754237089209,True,large_0_1_7,2.0,1350.0,8.0,discrete,0.01,True
43108,large,loose,high,7,28,224,8491,0.3399663677130045,0.2385320109997337,0.5,4826.937980907847,0,0.0,-4826.937980907847,MILP-HIGHS,4826.937980907847,True,True,0.2663213609994272,0.0007436239998241,0.0218928590002178,0.0051528669996514,0.2663213609994272,7,7,0,0.0,0.0,True,large_0_1_8,,,,,,True
43108,large,loose,high,7,28,224,8491,0.3399663677130045,0.2385320109997337,0.5,4826.937980907847,0,0.0,-4826.937980907847,GRASP-LS,4803.846375317552,True,True,0.5005774259998361,0.0010939230000985,0.2596425189999536,0.0013089730000501,0.2404186609996941,7,7,0,,0.4783903518468716,True,large_0_1_8,365.0,,,,,True
43108,large,loose,high,7,28,224,8491,0.3399663677130045,0.2385320109997337,0.5,4826.937980907847,0,0.0,-4826.937980907847,SB-QI,4544.360012824753,False,True,0.5050498330001574,0.0029242499999782,0.2628110200002993,0.000782552000146,0.2470707530001163,59,7,0,,5.854186840617903,True,large_0_1_8,2.0,1700.0,8.0,discrete,0.01,True
43109,large,loose,high,7,28,224,9918,0.3971012171684817,0.2700942000001305,0.5,5910.978378422305,0,0.0,-5910.978378422304,MILP-HIGHS,5910.978378422305,True,True,0.3205309810000472,0.0021951369999442,0.0428534269999545,0.0053882170000179,0.3205309810000472,7,7,0,0.0,0.0,True,large_0_1_9,,,,,,True
43109,large,loose,high,7,28,224,9918,0.3971012171684817,0.2700942000001305,0.5,5910.978378422305,0,0.0,-5910.978378422304,GRASP-LS,5910.792387009496,True,True,0.5011539360002644,0.0008054049999373,0.2285897609999665,0.00166457000023,0.2716414960000293,7,7,0,,0.003146541924211,True,large_0_1_9,297.0,,,,,True
43109,large,loose,high,7,28,224,9918,0.3971012171684817,0.2700942000001305,0.5,5910.978378422305,0,0.0,-5910.978378422304,SB-QI,5499.497518843271,False,True,0.5029020249999121,0.0036833859999205,0.2279760649998934,0.0011483739999675,0.279813003000072,89,7,0,,6.961298675717061,True,large_0_1_9,2.0,1400.0,8.0,discrete,0.01,True
43110,large,loose,high,7,28,224,10878,0.4355381165919282,0.2483121650002431,0.5,5234.09902788584,0,0.0,-5234.099027885839,MILP-HIGHS,5234.09902788584,True,True,0.2584964780003247,0.000674219999837,0.0044299240003056,0.0050801689999389,0.2584964780003247,7,7,0,0.0,0.0,True,large_0_1_10,,,,,,True
43110,large,loose,high,7,28,224,10878,0.4355381165919282,0.2483121650002431,0.5,5234.09902788584,0,0.0,-5234.099027885839,GRASP-LS,5234.09902788584,True,True,0.501126000000113,0.0009643610001148,0.2502686279999579,0.001580845999797,0.2503693780004141,7,7,0,,0.0,True,large_0_1_10,344.0,,,,,True
43110,large,loose,high,7,28,224,10878,0.4355381165919282,0.2483121650002431,0.5,5234.09902788584,0,0.0,-5234.099027885839,SB-QI,4950.060095726937,True,True,0.5085014350006531,0.0039616890003344,0.2552228199997444,0.0010047610003312,0.2588895720004984,0,7,0,,5.426701532501037,True,large_0_1_10,2.0,1450.0,8.0,discrete,0.01,True
43111,large,loose,high,7,28,224,10541,0.4220451633568226,0.2486642070002744,0.5,4677.231223394062,0,0.0,-4677.231223394062,MILP-HIGHS,4677.231223394062,True,True,0.2841865539999162,0.0007196379997367,0.0300134620001699,0.004789246999735,0.2841865539999162,7,7,0,0.0,0.0,True,large_0_1_11,,,,,,True
43111,large,loose,high,7,28,224,10541,0.4220451633568226,0.2486642070002744,0.5,4677.231223394062,0,0.0,-4677.231223394062,GRASP-LS,4596.393948201968,True,True,0.5008268760002466,0.0011246690000916,0.2494906039996749,0.0015473960002054,0.2502891190001719,7,7,0,,1.7283147086629207,True,large_0_1_11,366.0,,,,,True
43111,large,loose,high,7,28,224,10541,0.4220451633568226,0.2486642070002744,0.5,4677.231223394062,0,0.0,-4677.231223394062,SB-QI,4561.35328631924,False,True,0.5013109450005686,0.0035576599998421,0.248209923000104,0.0008791550003479,0.2585140650003268,13,7,0,,2.477490026476264,True,large_0_1_11,2.0,1450.0,8.0,discrete,0.01,True
43000,large,loose,standard,7,28,224,10055,0.4025864830237027,0.2371829069998057,0.5,7301.608138064945,0,0.0,-7301.608138064943,MILP-HIGHS,7301.608138064945,True,True,0.3704390489992875,0.0007407589996546,0.127933363000011,0.0045820199998161,0.3704390489992875,7,7,0,0.0,0.0,True,large_0_0_0,,,,,,True
43000,large,loose,standard,7,28,224,10055,0.4025864830237027,0.2371829069998057,0.5,7301.608138064945,0,0.0,-7301.608138064943,GRASP-LS,7124.772589312689,True,True,0.5003414930001782,0.0009032100001604,0.2610215650001919,0.00123381100002,0.2388665049998053,7,7,0,,2.421871256420512,True,large_0_0_0,413.0,,,,,True
43000,large,loose,standard,7,28,224,10055,0.4025864830237027,0.2371829069998057,0.5,7301.608138064945,0,0.0,-7301.608138064943,SB-QI,7010.739772539538,False,True,0.5018638119995558,0.0039420200000677,0.2598679929997161,0.0008708919999662,0.2480357429999458,75,7,0,,3.983620594606333,True,large_0_0_0,2.0,1600.0,8.0,discrete,0.01,True
43001,large,loose,standard,7,28,224,8853,0.3544602818705957,0.2346234279998498,0.5,6204.243951605053,0,0.0,-6204.243951605086,MILP-HIGHS,6204.243951605053,True,True,0.4131420720000278,0.0008025910001379,0.1736845400000675,0.0040315129999726,0.4131420720000278,7,7,0,0.0,0.0,True,large_0_0_1,,,,,,True
43001,large,loose,standard,7,28,224,8853,0.3544602818705957,0.2346234279998498,0.5,6204.243951605053,0,0.0,-6204.243951605086,GRASP-LS,6200.983854150723,True,True,0.5006838209997113,0.0008459549999315,0.2639808869998887,0.0012335510000411,0.2361827319996337,7,7,0,,0.0525462486607397,True,large_0_0_1,415.0,,,,,True
43001,large,loose,standard,7,28,224,8853,0.3544602818705957,0.2346234279998498,0.5,6204.243951605053,0,0.0,-6204.243951605086,SB-QI,6032.978563262709,True,True,0.506294085999798,0.0029557259999819,0.267943698000181,0.0007712339997851,0.2432084279998889,1,7,0,,2.7604554185532444,True,large_0_0_1,2.0,1750.0,8.0,discrete,0.01,True
43002,large,loose,standard,7,28,224,10644,0.4261691223574632,0.2383378610002182,0.5,6816.0046625931,0,0.0,-6816.004662593121,MILP-HIGHS,6816.0046625931,True,True,0.3928722599998764,0.0007759709997117,0.149022289000186,0.0047361389997604,0.3928722599998764,7,7,0,0.0,0.0,True,large_0_0_2,,,,,,True
43002,large,loose,standard,7,28,224,10644,0.4261691223574632,0.2383378610002182,0.5,6816.0046625931,0,0.0,-6816.004662593121,GRASP-LS,6628.91756860596,True,True,0.5014087879999352,0.0009792939999897,0.2596915509998325,0.0024000819998946,0.2398467010002605,7,7,0,,2.7448205106708987,True,large_0_0_2,404.0,,,,,True
43002,large,loose,standard,7,28,224,10644,0.4261691223574632,0.2383378610002182,0.5,6816.0046625931,0,0.0,-6816.004662593121,SB-QI,6713.714099285265,False,True,0.505185542000163,0.003682475000005,0.2622579399999267,0.0009072660000128,0.2479470910002419,60,7,0,,1.5007408059624128,True,large_0_0_2,2.0,1600.0,8.0,discrete,0.01,True
43003,large,loose,standard,7,28,224,9154,0.3665118513773222,0.2352560070003164,0.5,6883.097900438636,0,0.0,-6883.0979004386445,MILP-HIGHS,6883.097900438636,True,True,0.3026556810004877,0.0007875890000832,0.0615525170001092,0.0050595679999787,0.3026556810004877,7,7,0,0.0,0.0,True,large_0_0_3,,,,,,True
43003,large,loose,standard,7,28,224,9154,0.3665118513773222,0.2352560070003164,0.5,6883.097900438636,0,0.0,-6883.0979004386445,GRASP-LS,6883.097900438636,True,True,0.5010552180001469,0.0012994190001336,0.2630578319999586,0.0014419599997381,0.2370638710003731,7,7,0,,0.0,True,large_0_0_3,367.0,,,,,True
43003,large,loose,standard,7,28,224,9154,0.3665118513773222,0.2352560070003164,0.5,6883.097900438636,0,0.0,-6883.0979004386445,SB-QI,6687.662630033026,False,True,0.5054195240004447,0.0031387880003421,0.2662144259998058,0.0008103029999801,0.2441031860003022,83,7,0,,2.839350438312894,True,large_0_0_3,2.0,1700.0,8.0,discrete,0.01,True
43004,large,loose,standard,7,28,224,11078,0.4435458039718129,0.2449980209999012,0.5,8710.35965030363,0,0.0,-8710.359650303631,MILP-HIGHS,8710.35965030363,True,True,0.4274580549995335,0.0007805089999237,0.1765329780000684,0.0051465469996401,0.4274580549995335,7,7,0,0.0,0.0,True,large_0_0_4,,,,,,True
43004,large,loose,standard,7,28,224,11078,0.4435458039718129,0.2449980209999012,0.5,8710.35965030363,0,0.0,-8710.359650303631,GRASP-LS,8710.35965030363,True,True,0.5008119230001284,0.0011374080004316,0.253195056000095,0.0014814379997005,0.2466402880004352,7,7,0,,0.0,True,large_0_0_4,389.0,,,,,True
43004,large,loose,standard,7,28,224,11078,0.4435458039718129,0.2449980209999012,0.5,8710.35965030363,0,0.0,-8710.359650303631,SB-QI,8332.27438148113,False,True,0.5052254729998822,0.0036808429999837,0.255554487000154,0.0009921219998432,0.2544859119998364,103,7,0,,4.340639009197754,True,large_0_0_4,2.0,1500.0,8.0,discrete,0.01,True
43005,large,loose,standard,7,28,224,9434,0.3777226137091607,0.2391985339995699,0.5,5986.414977953882,0,0.0,-5986.414977953887,MILP-HIGHS,5986.414977953882,True,True,0.398015229000066,0.0008010080000531,0.1537413440000818,0.0042743430003611,0.398015229000066,7,7,0,0.0,0.0,True,large_0_0_5,,,,,,True
43005,large,loose,standard,7,28,224,9434,0.3777226137091607,0.2391985339995699,0.5,5986.414977953882,0,0.0,-5986.414977953887,GRASP-LS,5986.414977953882,True,True,0.5007809359999555,0.0009690279998721,0.2592824390003443,0.0013309350001691,0.2406774389996826,7,7,0,,0.0,True,large_0_0_5,374.0,,,,,True
43005,large,loose,standard,7,28,224,9434,0.3777226137091607,0.2391985339995699,0.5,5986.414977953882,0,0.0,-5986.414977953887,SB-QI,5986.414977953882,True,True,0.5018028729996331,0.00327031300003,0.258515781999904,0.0008182440001291,0.2483912259995122,0,7,0,,0.0,True,large_0_0_5,2.0,1650.0,8.0,discrete,0.01,True
43006,large,loose,standard,7,28,224,11241,0.4500720691864189,0.2335535870001877,0.5,5762.481129857261,0,0.0,-5762.481129857261,MILP-HIGHS,5762.481129857261,True,True,0.2503736989997378,0.0006811809998907,0.0112018639997586,0.0049370669999007,0.2503736989997378,7,7,0,0.0,0.0,True,large_0_0_6,,,,,,True
43006,large,loose,standard,7,28,224,11241,0.4500720691864189,0.2335535870001877,0.5,5762.481129857261,0,0.0,-5762.481129857261,GRASP-LS,5762.481129857261,True,True,0.5009512790002191,0.0008330059999934,0.2650717309998072,0.0014929550002307,0.2348836510000183,7,7,0,,0.0,True,large_0_0_6,409.0,,,,,True
43006,large,loose,standard,7,28,224,11241,0.4500720691864189,0.2335535870001877,0.5,5762.481129857261,0,0.0,-5762.481129857261,SB-QI,5573.701097088231,False,True,0.50058141000045,0.0038673290000588,0.2621641260002434,0.00099636799996,0.2432767860004787,66,7,0,,3.2760199732525,True,large_0_0_6,2.0,1550.0,8.0,discrete,0.01,True
43007,large,loose,standard,7,28,224,11618,0.4651665598975016,0.2384050740001839,0.5,5152.651476178801,0,0.0,-5152.651476178803,MILP-HIGHS,5152.651476178801,True,True,0.3025573710006028,0.0007891109999036,0.0578618920003464,0.0055012940001688,0.3025573710006028,7,7,0,0.0,0.0,True,large_0_0_7,,,,,,True
43007,large,loose,standard,7,28,224,11618,0.4651665598975016,0.2384050740001839,0.5,5152.651476178801,0,0.0,-5152.651476178803,GRASP-LS,5077.469819928124,True,True,0.5008840870000313,0.0007742190000499,0.2602544619999207,0.0014503319998766,0.239686776000326,7,7,0,,1.459086774998258,True,large_0_0_7,402.0,,,,,True
43007,large,loose,standard,7,28,224,11618,0.4651665598975016,0.2384050740001839,0.5,5152.651476178801,0,0.0,-5152.651476178803,SB-QI,5076.689663575454,True,True,0.5047490629999629,0.0038611909999417,0.2615917160001118,0.0008910819997254,0.2480642700002135,0,7,0,,1.4742276467664488,True,large_0_0_7,2.0,1650.0,8.0,discrete,0.01,True
43008,large,loose,standard,7,28,224,9524,0.3813260730301089,0.2338250970001354,0.5,5873.666002630165,0,0.0,-5873.666002630165,MILP-HIGHS,5873.666002630165,True,True,0.2432997090004391,0.0006520880001517,0.0044188679999024,0.0044036560002496,0.2432997090004391,7,7,0,0.0,0.0,True,large_0_0_8,,,,,,True
43008,large,loose,standard,7,28,224,9524,0.3813260730301089,0.2338250970001354,0.5,5873.666002630165,0,0.0,-5873.666002630165,GRASP-LS,5717.014413954797,True,True,0.5010122060007234,0.0006649060001109,0.2652288530002806,0.0012933500001963,0.2354719000004479,7,7,0,,2.6670156015888686,True,large_0_0_8,384.0,,,,,True
43008,large,loose,standard,7,28,224,9524,0.3813260730301089,0.2338250970001354,0.5,5873.666002630165,0,0.0,-5873.666002630165,SB-QI,5335.653234685818,False,True,0.5005478980001499,0.0032511350000277,0.2626794399998289,0.0007922260001578,0.2427384750003511,55,7,0,,9.159743977669674,True,large_0_0_8,2.0,1750.0,8.0,discrete,0.01,True
43009,large,loose,standard,7,28,224,10493,0.4201233183856502,0.2277821090001452,0.5,6300.540293529112,0,0.0,-6300.540293529112,MILP-HIGHS,6300.540293529112,True,True,0.3307502930001647,0.0007787059998918,0.0969845839999834,0.0052048940001441,0.3307502930001647,7,7,0,0.0,0.0,True,large_0_0_9,,,,,,True
43009,large,loose,standard,7,28,224,10493,0.4201233183856502,0.2277821090001452,0.5,6300.540293529112,0,0.0,-6300.540293529112,GRASP-LS,6193.477615918499,True,True,0.5008164159999069,0.0007329169998229,0.2708524399999987,0.0014489499999399,0.2292877830000179,7,7,0,,1.6992618509331674,True,large_0_0_9,419.0,,,,,True
43009,large,loose,standard,7,28,224,10493,0.4201233183856502,0.2277821090001452,0.5,6300.540293529112,0,0.0,-6300.540293529112,SB-QI,6067.140094987703,False,True,0.5056025299995781,0.0034844009996959,0.2734711169996444,0.0008649030000924,0.2370179459994688,84,7,0,,3.704447359556138,True,large_0_0_9,2.0,1750.0,8.0,discrete,0.01,True
43010,large,loose,standard,7,28,224,9670,0.3871716848174247,0.2361566380000113,0.5,6167.921134141708,0,0.0,-6167.921134141708,MILP-HIGHS,6167.921134141708,True,True,0.2633187789997464,0.0006953120000616,0.0219766549998894,0.004490173999784,0.2633187789997464,7,7,0,0.0,0.0,True,large_0_0_10,,,,,,True
43010,large,loose,standard,7,28,224,9670,0.3871716848174247,0.2361566380000113,0.5,6167.921134141708,0,0.0,-6167.921134141708,GRASP-LS,5991.554825592648,True,True,0.5007378010004686,0.0006948019999981,0.2624693580000894,0.0014170030003697,0.2373254829999496,7,7,0,,2.8594125105265618,True,large_0_0_10,409.0,,,,,True
43010,large,loose,standard,7,28,224,9670,0.3871716848174247,0.2361566380000113,0.5,6167.921134141708,0,0.0,-6167.921134141708,SB-QI,5883.104985867692,False,True,0.5050813950001611,0.0032475000002705,0.2648384819999592,0.0008387749999201,0.245065149000311,86,7,0,,4.617700876514994,True,large_0_0_10,2.0,1700.0,8.0,discrete,0.01,True
43011,large,loose,standard,7,28,224,9816,0.3930172966047405,0.2383687450001161,0.5,5857.703586852349,0,0.0,-5857.703586852349,MILP-HIGHS,5857.703586852349,True,True,0.2552404329999262,0.0006692639999528,0.0117581590002373,0.0044442649996199,0.2552404329999262,7,7,0,0.0,0.0,True,large_0_0_11,,,,,,True
43011,large,loose,standard,7,28,224,9816,0.3930172966047405,0.2383687450001161,0.5,5857.703586852349,0,0.0,-5857.703586852349,GRASP-LS,5857.703586852349,True,True,0.5008743900002628,0.0007012810001469,0.2604455069999858,0.0013588570000138,0.2395730820003336,7,7,0,,0.0,True,large_0_0_11,388.0,,,,,True
43011,large,loose,standard,7,28,224,9816,0.3930172966047405,0.2383687450001161,0.5,5857.703586852349,0,0.0,-5857.703586852349,SB-QI,5458.842578375097,False,True,0.5043612540007416,0.0032594770000287,0.2618283290003091,0.0009047030002875,0.2472865590002584,51,7,0,,6.809170224531294,True,large_0_0_11,2.0,1650.0,8.0,discrete,0.01,True
43300,large,tight,high,7,28,224,9449,0.3783231902626521,0.2094073349999234,0.5,4839.435376485778,0,0.0,-4839.435376485778,MILP-HIGHS,4839.435376485778,True,True,0.3045996340001693,0.0007574139999633,0.0902145320001182,0.0042203530001643,0.3045996340001693,7,7,0,0.0,0.0,True,large_1_1_0,,,,,,True
43300,large,tight,high,7,28,224,9449,0.3783231902626521,0.2094073349999234,0.5,4839.435376485778,0,0.0,-4839.435376485778,GRASP-LS,4839.435376485778,True,True,0.5007384940004158,0.0008592859999225,0.2892762680003216,0.0011956050002481,0.2110642249999728,7,7,0,,0.0,True,large_1_1_0,451.0,,,,,True
43300,large,tight,high,7,28,224,9449,0.3783231902626521,0.2094073349999234,0.5,4839.435376485778,0,0.0,-4839.435376485778,SB-QI,4556.77206072144,False,True,0.4990343330005089,0.0036880530001326,0.2850888530001612,0.0008500920002916,0.2195747030000348,70,7,0,,5.840832530541984,True,large_1_1_0,2.0,1600.0,8.0,discrete,0.01,True
43301,large,tight,high,7,28,224,8544,0.3420884048686739,0.2220642620000035,0.5,6387.60434516137,0,0.0,-6387.60434516137,MILP-HIGHS,6387.60434516137,True,True,0.3338748919995851,0.0007991150000634,0.1070596199997453,0.0039518949997727,0.3338748919995851,7,7,0,0.0,0.0,True,large_1_1_1,,,,,,True
43301,large,tight,high,7,28,224,8544,0.3420884048686739,0.2220642620000035,0.5,6387.60434516137,0,0.0,-6387.60434516137,GRASP-LS,6317.432441862119,True,True,0.5006837740002084,0.0008365310000044,0.2765781329999299,0.0012048480002704,0.2236248180001894,7,7,0,,1.0985637103902022,True,large_1_1_1,410.0,,,,,True
43301,large,tight,high,7,28,224,8544,0.3420884048686739,0.2220642620000035,0.5,6387.60434516137,0,0.0,-6387.60434516137,SB-QI,6117.342606826098,False,True,0.5035310780003783,0.0030851280002934,0.2776104240001587,0.0007712639999226,0.2312441350004519,90,7,0,,4.231034418091281,True,large_1_1_1,2.0,1850.0,8.0,discrete,0.01,True
43302,large,tight,high,7,28,224,9609,0.3847293401665599,0.2040559370002483,0.5,5657.561351893089,0,0.0,-5657.561351893089,MILP-HIGHS,5657.561351893089,True,True,0.2213102240002626,0.0006568250000782,0.0124289259997567,0.0041685360001793,0.2213102240002626,7,7,0,0.0,0.0,True,large_1_1_2,,,,,,True
43302,large,tight,high,7,28,224,9609,0.3847293401665599,0.2040559370002483,0.5,5657.561351893089,0,0.0,-5657.561351893089,GRASP-LS,5646.004739112196,True,True,0.5006240789998628,0.0007458860000042,0.2945456819998071,0.001276573999803,0.2055317760000434,7,7,0,,0.2042684482250551,True,large_1_1_2,479.0,,,,,True
43302,large,tight,high,7,28,224,9609,0.3847293401665599,0.2040559370002483,0.5,5657.561351893089,0,0.0,-5657.561351893089,SB-QI,5485.065946069979,False,True,0.5062663680000696,0.0032676589999027,0.2981340219998856,0.0008087500000328,0.213019678999899,71,7,0,,3.048935664929035,True,large_1_1_2,2.0,1950.0,8.0,discrete,0.01,True
43303,large,tight,high,7,28,224,9844,0.3941383728379244,0.2112941180002963,0.5,5204.798170602824,0,0.0,-5204.798170602824,MILP-HIGHS,5204.798170602824,True,True,0.2390157190002355,0.0006896039999446,0.0224230670000906,0.0046089299999039,0.2390157190002355,7,7,0,0.0,0.0,True,large_1_1_3,,,,,,True
43303,large,tight,high,7,28,224,9844,0.3941383728379244,0.2112941180002963,0.5,5204.798170602824,0,0.0,-5204.798170602824,GRASP-LS,5204.798170602824,True,True,0.5005429350003396,0.0007861670001148,0.287099747999946,0.0013629019999825,0.2127904890003265,7,7,0,,0.0,True,large_1_1_3,433.0,,,,,True
43303,large,tight,high,7,28,224,9844,0.3941383728379244,0.2112941180002963,0.5,5204.798170602824,0,0.0,-5204.798170602824,SB-QI,5204.798170602824,False,True,0.500267535000603,0.0035720410000976,0.2845492820001709,0.000852094000038,0.2206752000006417,69,7,0,,0.0,True,large_1_1_3,2.0,1800.0,8.0,discrete,0.01,True
43304,large,tight,high,7,28,224,8830,0.353539397821909,0.2129075729999385,0.5,5747.704562106599,0,0.0,-5747.704562106599,MILP-HIGHS,5747.704562106599,True,True,0.2221015169998281,0.0006469699997069,0.0047230590002982,0.0038239149998844,0.2221015169998281,7,7,0,0.0,0.0,True,large_1_1_4,,,,,,True
43304,large,tight,high,7,28,224,8830,0.353539397821909,0.2129075729999385,0.5,5747.704562106599,0,0.0,-5747.704562106599,GRASP-LS,5747.704562106599,True,True,0.5003878040001837,0.000725266000245,0.2854571689999829,0.0012977960000171,0.2143723160002082,7,7,0,,0.0,True,large_1_1_4,411.0,,,,,True
43304,large,tight,high,7,28,224,8830,0.353539397821909,0.2129075729999385,0.5,5747.704562106599,0,0.0,-5747.704562106599,SB-QI,5488.351222181483,False,True,0.5054785900001662,0.0030255599999691,0.2887666010001339,0.0007788560001245,0.2220805760002804,60,7,0,,4.512294205846594,True,large_1_1_4,2.0,1900.0,8.0,discrete,0.01,True
43305,large,tight,high,7,28,224,8672,0.3472133247918001,0.2088801259997126,0.5,6202.104277086567,0,0.0,-6202.104277086567,MILP-HIGHS,6202.104277086567,True,True,0.2176227699992523,0.0006334199997581,0.0040843709998625,0.0040248529999189,0.2176227699992523,7,7,0,0.0,0.0,True,large_1_1_5,,,,,,True
43305,large,tight,high,7,28,224,8672,0.3472133247918001,0.2088801259997126,0.5,6202.104277086567,0,0.0,-6202.104277086567,GRASP-LS,6201.970494772688,True,True,0.5003242099996896,0.0006253880001168,0.2895441649998247,0.0012745310000354,0.2101882569995723,7,7,0,,0.0021570471553258,True,large_1_1_5,410.0,,,,,True
43305,large,tight,high,7,28,224,8672,0.3472133247918001,0.2088801259997126,0.5,6202.104277086567,0,0.0,-6202.104277086567,SB-QI,6201.970494772688,True,True,0.5056363939993389,0.0030940719998397,0.2929260639998574,0.000736131999929,0.2180414019994714,0,7,0,,0.0021570471553258,True,large_1_1_5,2.0,1950.0,8.0,discrete,0.01,True
43306,large,tight,high,7,28,224,9914,0.396941063420884,0.2110479839998333,0.5,5086.941922534439,0,0.0,-5086.941922534439,MILP-HIGHS,5086.941922534439,True,True,0.2194961420000254,0.0006067409999559,0.003445382999871,0.004396034000365,0.2194961420000254,7,7,0,0.0,0.0,True,large_1_1_6,,,,,,True
43306,large,tight,high,7,28,224,9914,0.396941063420884,0.2110479839998333,0.5,5086.941922534439,0,0.0,-5086.941922534439,GRASP-LS,5071.8480646221,True,True,0.5004022660000373,0.0007560520002698,0.2872490479999214,0.0013491820000126,0.2122718900000109,7,7,0,,0.2967177165022421,True,large_1_1_6,468.0,,,,,True
43306,large,tight,high,7,28,224,9914,0.396941063420884,0.2110479839998333,0.5,5086.941922534439,0,0.0,-5086.941922534439,SB-QI,4873.384701802579,False,True,0.5047028979993229,0.0033601569998609,0.2894009609999557,0.0008937959996728,0.2201671869993333,96,7,0,,4.198145447382278,True,large_1_1_6,2.0,1800.0,8.0,discrete,0.01,True
43307,large,tight,high,7,28,224,9777,0.391455797565663,0.2091378189998067,0.5,6180.379275688007,0,0.0,-6180.379275688008,MILP-HIGHS,6180.379275688007,True,True,0.2341985599996405,0.0006849970000075,0.0200353529999119,0.0043403909999142,0.2341985599996405,7,7,0,0.0,0.0,True,large_1_1_7,,,,,,True
43307,large,tight,high,7,28,224,9777,0.391455797565663,0.2091378189998067,0.5,6180.379275688007,0,0.0,-6180.379275688008,GRASP-LS,6180.379275688007,True,True,0.500364069999705,0.0008068370002547,0.2890640020000319,0.0013554119996115,0.210672096000053,7,7,0,,0.0,True,large_1_1_7,441.0,,,,,True
43307,large,tight,high,7,28,224,9777,0.391455797565663,0.2091378189998067,0.5,6180.379275688007,0,0.0,-6180.379275688008,SB-QI,5879.154816938261,False,True,0.5023322410002038,0.0033020310002029,0.2890719629999694,0.0008204280002246,0.218099218000134,52,7,0,,4.873883063045716,True,large_1_1_7,2.0,1800.0,8.0,discrete,0.01,True
43308,large,tight,high,7,28,224,9482,0.3796444586803331,0.2059923510000771,0.5,6406.332075040106,0,0.0,-6406.332075040106,MILP-HIGHS,6406.332075040106,True,True,0.2178689370002757,0.0006433349999497,0.00713981600029,0.0040934349999588,0.2178689370002757,7,7,0,0.0,0.0,True,large_1_1_8,,,,,,True
43308,large,tight,high,7,28,224,9482,0.3796444586803331,0.2059923510000771,0.5,6406.332075040106,0,0.0,-6406.332075040106,GRASP-LS,6404.917685088254,True,True,0.5006845960001556,0.0007759920003991,0.2924780889998146,0.0014381639998646,0.2075522560003264,7,7,0,,0.0220779993182497,True,large_1_1_8,444.0,,,,,True
43308,large,tight,high,7,28,224,9482,0.3796444586803331,0.2059923510000771,0.5,6406.332075040106,0,0.0,-6406.332075040106,SB-QI,6000.7784286216265,True,True,0.5000603580001552,0.0032380950001424,0.2899963049999314,0.0008336070000041,0.2153742730001795,2,7,0,,6.33051240035728,True,large_1_1_8,2.0,1850.0,8.0,discrete,0.01,True
43309,large,tight,high,7,28,224,11288,0.4519538757206918,0.2165704990002268,0.5,6937.867462070128,0,0.0,-6937.867462070128,MILP-HIGHS,6937.867462070128,True,True,0.2553390440002658,0.0007044359999781,0.0330079860000296,0.0050561230000312,0.2553390440002658,7,7,0,0.0,0.0,True,large_1_1_9,,,,,,True
43309,large,tight,high,7,28,224,11288,0.4519538757206918,0.2165704990002268,0.5,6937.867462070128,0,0.0,-6937.867462070128,GRASP-LS,6847.181268956437,True,True,0.5007123760001377,0.0012987669997528,0.2811801019997801,0.0016630080003778,0.2186004509999293,7,7,0,,1.3071191343662811,True,large_1_1_9,435.0,,,,,True
43309,large,tight,high,7,28,224,11288,0.4519538757206918,0.2165704990002268,0.5,6937.867462070128,0,0.0,-6937.867462070128,SB-QI,6582.319839114659,False,True,0.5014881179999975,0.0037783569996463,0.2801754820002315,0.0009637799998927,0.2261438159998761,68,7,0,,5.124739336680556,True,large_1_1_9,2.0,1650.0,8.0,discrete,0.01,True
43310,large,tight,high,7,28,224,9493,0.3800848814862267,0.2089815970002746,0.5,5332.310347715277,0,0.0,-5332.310347715276,MILP-HIGHS,5332.310347715277,True,True,0.2321060740000575,0.0007354009999289,0.0176177150001421,0.0047713609997117,0.2321060740000575,7,7,0,0.0,0.0,True,large_1_1_10,,,,,,True
43310,large,tight,high,7,28,224,9493,0.3800848814862267,0.2089815970002746,0.5,5332.310347715277,0,0.0,-5332.310347715276,GRASP-LS,5332.310347715277,True,True,0.5010023659997387,0.0008957390000432,0.2897926629998437,0.001332366999577,0.2109738430003744,7,7,0,,0.0,True,large_1_1_10,408.0,,,,,True
43310,large,tight,high,7,28,224,9493,0.3800848814862267,0.2089815970002746,0.5,5332.310347715277,0,0.0,-5332.310347715276,SB-QI,5015.514349139227,False,True,0.5022786600006839,0.0034481370003049,0.2890546170001471,0.0007943089999571,0.2189950170004522,84,7,0,,5.941064527719898,True,large_1_1_10,2.0,1850.0,8.0,discrete,0.01,True
43311,large,tight,high,7,28,224,10254,0.410554131966688,0.2082589730002837,0.5,5355.617106621845,0,0.0,-5355.617106621832,MILP-HIGHS,5355.617106621845,True,True,0.2179627740006253,0.0006170460001158,0.0046688880001966,0.0044178670000292,0.2179627740006253,7,7,0,0.0,0.0,True,large_1_1_11,,,,,,True
43311,large,tight,high,7,28,224,10254,0.410554131966688,0.2082589730002837,0.5,5355.617106621845,0,0.0,-5355.617106621832,GRASP-LS,5198.713416761921,True,True,0.5008256320002147,0.0007649950002814,0.2903265649997593,0.0014750989998901,0.2097542520004935,7,7,0,,2.929703276694741,True,large_1_1_11,469.0,,,,,True
43311,large,tight,high,7,28,224,10254,0.410554131966688,0.2082589730002837,0.5,5355.617106621845,0,0.0,-5355.617106621832,SB-QI,4878.603311683742,False,True,0.4993007790012598,0.0035506490003172,0.2866004250004152,0.0008907320002435,0.2177012750007634,50,7,0,,8.906794220750195,True,large_1_1_11,2.0,1800.0,8.0,discrete,0.01,True
43200,large,tight,standard,7,28,224,9730,0.3895739910313901,0.2215089569999691,0.5,6131.985166795939,0,0.0,-6131.985166795939,MILP-HIGHS,6131.985166795939,True,True,0.2773485749999054,0.0007431529998029,0.0507022140000117,0.0043942510001215,0.2773485749999054,7,7,0,0.0,0.0,True,large_1_0_0,,,,,,True
43200,large,tight,standard,7,28,224,9730,0.3895739910313901,0.2215089569999691,0.5,6131.985166795939,0,0.0,-6131.985166795939,GRASP-LS,6131.985166795939,True,True,0.5011687019996316,0.0010856710000552,0.2768238969997583,0.0017501769998489,0.2230657169998267,7,7,0,,0.0,True,large_1_0_0,421.0,,,,,True
43200,large,tight,standard,7,28,224,9730,0.3895739910313901,0.2215089569999691,0.5,6131.985166795939,0,0.0,-6131.985166795939,SB-QI,5645.675118073887,False,True,0.5005882299992663,0.0035349959998711,0.2746889779996309,0.0008552989997951,0.2309664519998477,70,7,0,,7.93071143347461,True,large_1_0_0,2.0,1700.0,8.0,discrete,0.01,True
43201,large,tight,standard,7,28,224,9469,0.3791239590006406,0.2241124110000782,0.5,6181.997491097439,0,0.0,-6181.997491097438,MILP-HIGHS,6181.997491097439,True,True,0.2458077580004101,0.0009911700003613,0.0164923659999658,0.0042118110000046,0.2458077580004101,7,7,0,0.0,0.0,True,large_1_0_1,,,,,,True
43201,large,tight,standard,7,28,224,9469,0.3791239590006406,0.2241124110000782,0.5,6181.997491097439,0,0.0,-6181.997491097438,GRASP-LS,6181.997491097439,True,True,0.5010163249999096,0.0008114239999486,0.2746517830000812,0.0014407069998014,0.2256671280001683,7,7,0,,0.0,True,large_1_0_1,426.0,,,,,True
43201,large,tight,standard,7,28,224,9469,0.3791239590006406,0.2241124110000782,0.5,6181.997491097439,0,0.0,-6181.997491097438,SB-QI,6084.332636948837,False,True,0.5031008920009299,0.003174692000357,0.274731573000281,0.0010822160002135,0.2331808800004182,96,7,0,,1.5798268163202434,True,large_1_0_1,2.0,1750.0,8.0,discrete,0.01,True
43202,large,tight,standard,7,28,224,8677,0.3474135169762972,0.2241487860001143,0.5,5758.458560824799,0,0.0,-5758.458560824799,MILP-HIGHS,5758.458560824799,True,True,0.2358921740005826,0.0006627140001,0.0071269960003519,0.0039536780000162,0.2358921740005826,7,7,0,0.0,0.0,True,large_1_0_2,,,,,,True
43202,large,tight,standard,7,28,224,8677,0.3474135169762972,0.2241487860001143,0.5,5758.458560824799,0,0.0,-5758.458560824799,GRASP-LS,5661.179569427401,True,True,0.5010595070002637,0.0007737179998912,0.274746690000029,0.001390313000229,0.2254260119998434,7,7,0,,1.6893234599132874,True,large_1_0_2,414.0,,,,,True
43202,large,tight,standard,7,28,224,8677,0.3474135169762972,0.2241487860001143,0.5,5758.458560824799,0,0.0,-5758.458560824799,SB-QI,5567.834977346015,True,True,0.5060884700001225,0.0030075230001784,0.2781690479996541,0.0007631130001755,0.2328207850000581,0,7,0,,3.310323091940085,True,large_1_0_2,2.0,1800.0,8.0,discrete,0.01,True
43203,large,tight,standard,7,28,224,9299,0.3723174247277386,0.2281404430000293,0.5,6107.529604311337,0,0.0,-6107.529604311337,MILP-HIGHS,6107.529604311337,True,True,0.507295334000446,0.0007295230002455,0.2738462229999641,0.004579145000207,0.507295334000446,7,7,1,0.006251943499105,0.0,True,large_1_0_3,,,,,,True
43203,large,tight,standard,7,28,224,9299,0.3723174247277386,0.2281404430000293,0.5,6107.529604311337,0,0.0,-6107.529604311337,GRASP-LS,6051.121465492674,True,True,0.5010057000004053,0.0007366330000877,0.2704461570001513,0.0016824670001369,0.229350658000385,7,7,0,,0.9235835513403576,True,large_1_0_3,440.0,,,,,True
43203,large,tight,standard,7,28,224,9299,0.3723174247277386,0.2281404430000293,0.5,6107.529604311337,0,0.0,-6107.529604311337,SB-QI,5929.065554200674,True,True,0.5038269080000646,0.0032441949997519,0.2715490539999337,0.0008932160003496,0.2372162929996193,0,7,0,,2.9220333207174902,True,large_1_0_3,2.0,1700.0,8.0,discrete,0.01,True
43204,large,tight,standard,7,28,224,8736,0.3497757847533632,0.2198130749998199,0.5,5862.964447887043,0,0.0,-5862.964447887044,MILP-HIGHS,5862.964447887043,True,True,0.2381220569996003,0.0006784070001231,0.0132932379997328,0.0043373369999244,0.2381220569996003,7,7,0,0.0,0.0,True,large_1_0_4,,,,,,True
43204,large,tight,standard,7,28,224,8736,0.3497757847533632,0.2198130749998199,0.5,5862.964447887043,0,0.0,-5862.964447887044,GRASP-LS,5769.828467768101,True,True,0.5007348389995059,0.0008478289996673,0.2785756620000938,0.0014982729999246,0.2211581119995571,7,7,0,,1.588547584533064,True,large_1_0_4,464.0,,,,,True
43204,large,tight,standard,7,28,224,8736,0.3497757847533632,0.2198130749998199,0.5,5862.964447887043,0,0.0,-5862.964447887044,SB-QI,5583.819182564561,True,True,0.5007500509996134,0.0030067420002524,0.2768861039999137,0.0010441299996273,0.2290498519996617,0,7,0,,4.761162510939047,True,large_1_0_4,2.0,1750.0,8.0,discrete,0.01,True
43205,large,tight,standard,7,28,224,8156,0.3265534913516976,0.2164813009999306,0.5,6052.218432120659,0,0.0,-6052.218432120658,MILP-HIGHS,6052.218432120659,True,True,0.2299129050002193,0.0006424539997169,0.0086296170002242,0.0041595330003474,0.2299129050002193,7,7,0,0.0,0.0,True,large_1_0_5,,,,,,True
43205,large,tight,standard,7,28,224,8156,0.3265534913516976,0.2164813009999306,0.5,6052.218432120659,0,0.0,-6052.218432120658,GRASP-LS,5947.649183241996,True,True,0.5006413360001716,0.0007569940003122,0.2820429429998512,0.0013600980000774,0.2177202800003215,7,7,0,,1.7277837879030784,True,large_1_0_5,396.0,,,,,True
43205,large,tight,standard,7,28,224,8156,0.3265534913516976,0.2164813009999306,0.5,6052.218432120659,0,0.0,-6052.218432120658,SB-QI,5947.534337867548,True,True,0.5026588440000523,0.0031488130002799,0.2822803999997632,0.0007483300000785,0.2254756590000397,0,7,0,,1.7296813627466865,True,large_1_0_5,2.0,1850.0,8.0,discrete,0.01,True
43206,large,tight,standard,7,28,224,8101,0.3243513773222293,0.2298463540000739,0.5,5001.815152410455,0,0.0,-5001.815152410455,MILP-HIGHS,5001.815152410455,True,True,0.2399120930003846,0.0007917050002106,0.004414651999923,0.0048593820001769,0.2399120930003846,7,7,0,0.0,0.0,True,large_1_0_6,,,,,,True
43206,large,tight,standard,7,28,224,8101,0.3243513773222293,0.2298463540000739,0.5,5001.815152410455,0,0.0,-5001.815152410455,GRASP-LS,4985.917673497111,True,True,0.5010003810002672,0.0008854340003381,0.2689145140002438,0.0013540789996113,0.2317322920007427,7,7,0,,0.3178341947659382,True,large_1_0_6,375.0,,,,,True
43206,large,tight,standard,7,28,224,8101,0.3243513773222293,0.2298463540000739,0.5,5001.815152410455,0,0.0,-5001.815152410455,SB-QI,4801.864515786376,False,True,0.5000379129996873,0.002789969999867,0.2666804589998719,0.0007211299998743,0.2382030259996099,55,7,0,,3.997561495804577,True,large_1_0_6,2.0,1750.0,8.0,discrete,0.01,True
43207,large,tight,standard,7,28,224,10160,0.4067905188981422,0.2234786050003094,0.5,5525.06229259124,0,0.0,-5525.062292591241,MILP-HIGHS,5525.06229259124,True,True,0.2332056300006115,0.00065406099975,0.0045271180001691,0.0045458460003828,0.2332056300006115,7,7,0,0.0,0.0,True,large_1_0_7,,,,,,True
43207,large,tight,standard,7,28,224,10160,0.4067905188981422,0.2234786050003094,0.5,5525.06229259124,0,0.0,-5525.062292591241,GRASP-LS,5525.06229259124,True,True,0.501243383000201,0.0008609679998698,0.2752138519999789,0.0016899580000426,0.2250386100004107,7,7,0,,0.0,True,large_1_0_7,414.0,,,,,True
43207,large,tight,standard,7,28,224,10160,0.4067905188981422,0.2234786050003094,0.5,5525.06229259124,0,0.0,-5525.062292591241,SB-QI,5159.283100745912,False,True,0.5020083000003979,0.0035195340001337,0.2741401299999779,0.0008700309999767,0.2329041740003958,71,7,0,,6.620363218996018,True,large_1_0_7,2.0,1700.0,8.0,discrete,0.01,True
43208,large,tight,standard,7,28,224,8242,0.329996796925048,0.218118339999819,0.5,4574.017064530305,0,0.0,-4574.017064530305,MILP-HIGHS,4574.017064530305,True,True,0.3106259959995441,0.0009740949999468,0.0876188619999993,0.0039146989997789,0.3106259959995441,7,7,0,0.0,0.0,True,large_1_0_8,,,,,,True
43208,large,tight,standard,7,28,224,8242,0.329996796925048,0.218118339999819,0.5,4574.017064530305,0,0.0,-4574.017064530305,GRASP-LS,4562.527542547856,True,True,0.5009958769996956,0.0010211859998889,0.2804820209998979,0.0013743300000896,0.2197041339995848,7,7,0,,0.2511910607318463,True,large_1_0_8,386.0,,,,,True
43208,large,tight,standard,7,28,224,8242,0.329996796925048,0.218118339999819,0.5,4574.017064530305,0,0.0,-4574.017064530305,SB-QI,4400.18605069587,False,True,0.5015962770003171,0.0028147970001555,0.2799106130000837,0.0007525270002588,0.2264305850003438,78,7,0,,3.8004015153862416,True,large_1_0_8,2.0,1850.0,8.0,discrete,0.01,True
43209,large,tight,standard,7,28,224,8690,0.3479340166559898,0.2177773240000533,0.5,4650.365091317564,0,0.0,-4650.365091317564,MILP-HIGHS,4650.365091317564,True,True,0.3505015250002543,0.0007511650001106,0.1275268770000366,0.0044461590000537,0.3505015250002543,7,7,0,0.0,0.0,True,large_1_0_9,,,,,,True
43209,large,tight,standard,7,28,224,8690,0.3479340166559898,0.2177773240000533,0.5,4650.365091317564,0,0.0,-4650.365091317564,GRASP-LS,4640.156344489532,True,True,0.5009432880001441,0.0011947230000259,0.2804675090001183,0.0015037319999464,0.2197378830001071,7,7,0,,0.2195257066395194,True,large_1_0_9,409.0,,,,,True
43209,large,tight,standard,7,28,224,8690,0.3479340166559898,0.2177773240000533,0.5,4650.365091317564,0,0.0,-4650.365091317564,SB-QI,4454.620460618426,False,True,0.5056587560006847,0.0030586000002585,0.2840196400002241,0.0008031920001485,0.2266064780001215,62,7,0,,4.209231465817653,True,large_1_0_9,2.0,1800.0,8.0,discrete,0.01,True
43210,large,tight,standard,7,28,224,9717,0.3890534913516976,0.2229654829998253,0.5,5550.210934473128,0,0.0,-5550.210934473128,MILP-HIGHS,5550.210934473128,True,True,0.2529245429991533,0.0006689829997412,0.0249090349998368,0.0043810419997498,0.2529245429991533,7,7,0,0.0,0.0,True,large_1_0_10,,,,,,True
43210,large,tight,standard,7,28,224,9717,0.3890534913516976,0.2229654829998253,0.5,5550.210934473128,0,0.0,-5550.210934473128,GRASP-LS,5537.796619226793,True,True,0.5011488780000946,0.0010562170000412,0.2753935149999051,0.0017336630003228,0.2247328959997503,7,7,0,,0.2236728548320169,True,large_1_0_10,434.0,,,,,True
43210,large,tight,standard,7,28,224,9717,0.3890534913516976,0.2229654829998253,0.5,5550.210934473128,0,0.0,-5550.210934473128,SB-QI,5246.632426236086,False,True,0.5032791169996926,0.0035982790000161,0.2758720329998141,0.000843322000037,0.2324503679997178,58,7,0,,5.469675149668168,True,large_1_0_10,2.0,1700.0,8.0,discrete,0.01,True
43211,large,tight,standard,7,28,224,9070,0.3631486226777706,0.2186956919999829,0.5,7156.207174268235,0,0.0,-7156.207174268234,MILP-HIGHS,7156.207174268235,True,True,0.3476736499997059,0.0007498329996451,0.1240072210002836,0.0042209039997942,0.3476736499997059,7,7,0,0.0,0.0,True,large_1_0_11,,,,,,True
43211,large,tight,standard,7,28,224,9070,0.3631486226777706,0.2186956919999829,0.5,7156.207174268235,0,0.0,-7156.207174268234,GRASP-LS,7062.669446096101,True,True,0.5010979160006173,0.0011679930003083,0.2796056940001108,0.0016285370002151,0.2203438070005177,7,7,0,,1.3070852463364957,True,large_1_0_11,401.0,,,,,True
43211,large,tight,standard,7,28,224,9070,0.3631486226777706,0.2186956919999829,0.5,7156.207174268235,0,0.0,-7156.207174268234,SB-QI,6886.9939582770685,False,True,0.5025628499997765,0.003144205999888,0.2798979579997649,0.0008249940001405,0.2276564099997813,66,7,0,,3.761953915464932,True,large_1_0_11,2.0,1750.0,8.0,discrete,0.01,True
