Scenario,Controller,SeedIndex,rmse_m,p95_error_m,max_error_m,saturation_pct,excursion_gt1m_pct,authority_scale_mean,authority_active_pct,detector_conf_mean,ood_conf_mean,deadline_conf_mean,actuator_conf_mean,dynamic_conf_mean
nominal,CurrentOnly-AE-CeNN-494,8000,0.0100334561070702,0.013772355784146,0.0141950032040457,0.0,0.0,0.0,0.0,0.0,1.0,1.0,1.0,1.0
nominal,CurrentOnly-AE-CeNN-494,8001,0.0095235762805014,0.0129473570364112,0.0133029265845187,0.0,0.0,0.0,0.0,0.0,1.0,1.0,1.0,1.0
nominal,CurrentOnly-AE-CeNN-494,8002,0.0100618619287263,0.0136335859519349,0.0144943926393135,0.0,0.0,0.0,0.0,0.0,1.0,1.0,1.0,1.0
nominal,CurrentOnly-AE-CeNN-494,8003,0.0091565450938941,0.0121243259472883,0.0122736334975325,0.0,0.0,0.0,0.0,0.0,1.0,1.0,1.0,1.0
nominal,CurrentOnly-AE-CeNN-494,8004,0.0093516407509007,0.0118453239323265,0.0141040319010259,0.0,0.0,0.0,0.0,0.0,1.0,1.0,1.0,1.0
nominal,CurrentOnly-AE-CeNN-494,8005,0.0097234716986131,0.0123809120210173,0.012655559534292,0.0,0.0,0.0,0.0,0.0,1.0,1.0,1.0,1.0
nominal,CurrentOnly-AE-CeNN-494,8006,0.0097420663736859,0.0130505565248573,0.0138078444490915,0.0,0.0,0.0,0.0,0.0,1.0,1.0,1.0,1.0
nominal,CurrentOnly-AE-CeNN-494,8007,0.0092685121235529,0.0118172694374353,0.0122099550487003,0.0,0.0,0.0,0.0,0.0,1.0,1.0,1.0,1.0
nominal,CurrentOnly-AE-CeNN-494,8008,0.0096836290081966,0.0121040508305083,0.0125255279757333,0.0,0.0,0.0,0.0,0.0,1.0,1.0,1.0,1.0
nominal,CurrentOnly-AE-CeNN-494,8009,0.0099999176569457,0.0139095729124929,0.0140461462894258,0.0,0.0,0.0,0.0,0.0,1.0,1.0,1.0,1.0
nominal,CurrentOnly-AE-CeNN-494,8010,0.0099491956746708,0.0122994106927998,0.0126950390807951,0.0,0.0,0.0,0.0,0.0,1.0,1.0,1.0,1.0
nominal,CurrentOnly-AE-CeNN-494,8011,0.009535521647846,0.0130297707236468,0.0133787672875472,0.0,0.0,0.0,0.0,0.0,1.0,1.0,1.0,1.0
nominal,CurrentOnly-AE-CeNN-494,8012,0.0091972207156774,0.0125685810498504,0.0129819195601743,0.0,0.0,0.0,0.0,0.0,1.0,1.0,1.0,1.0
nominal,CurrentOnly-AE-CeNN-494,8013,0.0098532457456421,0.0134483938476013,0.0141642820074594,0.0,0.0,0.0,0.0,0.0,1.0,1.0,1.0,1.0
nominal,CurrentOnly-AE-CeNN-494,8014,0.0093644431169189,0.0122679081205703,0.0129120872359889,0.0,0.0,0.0,0.0,0.0,1.0,1.0,1.0,1.0
nominal,CurrentOnly-AE-CeNN-494,8015,0.0096058127975381,0.0124539206102817,0.0126920706118191,0.0,0.0,0.0,0.0,0.0,1.0,1.0,1.0,1.0
nominal,CurrentOnly-AE-CeNN-494,8016,0.0104316834602461,0.0135107468096956,0.0137723375943016,0.0,0.0,0.0,0.0,0.0,1.0,1.0,1.0,1.0
nominal,CurrentOnly-AE-CeNN-494,8017,0.00963675297793,0.0118794402953471,0.0128915564519907,0.0,0.0,0.0,0.0,0.0,1.0,1.0,1.0,1.0
nominal,CurrentOnly-AE-CeNN-494,8018,0.0096799824554407,0.0120020025210428,0.0121228387557706,0.0,0.0,0.0,0.0,0.0,1.0,1.0,1.0,1.0
nominal,CurrentOnly-AE-CeNN-494,8019,0.010336202511252,0.0134796018273066,0.0154824713742154,0.0,0.0,0.0,0.0,0.0,1.0,1.0,1.0,1.0
nominal,CurrentOnly-AE-CeNN-494,8020,0.0098924744398882,0.0125137516121938,0.0143341114376738,0.0,0.0,0.0,0.0,0.0,1.0,1.0,1.0,1.0
nominal,CurrentOnly-AE-CeNN-494,8021,0.0096465298565884,0.0118938820400392,0.0123812896282081,0.0,0.0,0.0,0.0,0.0,1.0,1.0,1.0,1.0
nominal,CurrentOnly-AE-CeNN-494,8022,0.0099869173143101,0.0122229352572571,0.0125421811311299,0.0,0.0,0.0,0.0,0.0,1.0,1.0,1.0,1.0
nominal,CurrentOnly-AE-CeNN-494,8023,0.0095424306986871,0.0117547009506825,0.012019494452189,0.0,0.0,0.0,0.0,0.0,1.0,1.0,1.0,1.0
nominal,CurrentOnly-AE-CeNN-494,8024,0.0096163123329273,0.0132298728848025,0.0136305383678759,0.0,0.0,0.0,0.0,0.0,1.0,1.0,1.0,1.0
nominal,CurrentOnly-AE-CeNN-494,8025,0.009953587404529,0.013048521916695,0.0134271697439924,0.0,0.0,0.0,0.0,0.0,1.0,1.0,1.0,1.0
nominal,CurrentOnly-AE-CeNN-494,8026,0.0098166624305126,0.013041604070564,0.0136418060754017,0.0,0.0,0.0,0.0,0.0,1.0,1.0,1.0,1.0
nominal,CurrentOnly-AE-CeNN-494,8027,0.0098795455322369,0.0131327722459591,0.0135763734475316,0.0,0.0,0.0,0.0,0.0,1.0,1.0,1.0,1.0
nominal,CurrentOnly-AE-CeNN-494,8028,0.0097442464641705,0.0125985811458799,0.0128538420123897,0.0,0.0,0.0,0.0,0.0,1.0,1.0,1.0,1.0
nominal,CurrentOnly-AE-CeNN-494,8029,0.0096440646514044,0.0118597492945371,0.0130405938689752,0.0,0.0,0.0,0.0,0.0,1.0,1.0,1.0,1.0
nominal,CurrentOnly-AE-CeNN-494,8030,0.0094759797187205,0.0124856130813078,0.0131362584277882,0.0,0.0,0.0,0.0,0.0,1.0,1.0,1.0,1.0
nominal,CurrentOnly-AE-CeNN-494,8031,0.0092906180627001,0.0122068330182038,0.0123217786651455,0.0,0.0,0.0,0.0,0.0,1.0,1.0,1.0,1.0
nominal,CurrentOnly-AE-CeNN-494,8032,0.0099755653283612,0.0123974900884442,0.0167401750548453,0.0,0.0,0.0,0.0,0.0,1.0,1.0,1.0,1.0
nominal,CurrentOnly-AE-CeNN-494,8033,0.0101010938578683,0.0126137226080995,0.0138958390504831,0.0,0.0,0.0,0.0,0.0,1.0,1.0,1.0,1.0
nominal,CurrentOnly-AE-CeNN-494,8034,0.0093093812651057,0.0123400600572821,0.012983714815199,0.0,0.0,0.0,0.0,0.0,1.0,1.0,1.0,1.0
nominal,CurrentOnly-AE-CeNN-494,8035,0.0094431032891011,0.0120510046324031,0.0124567041745566,0.0,0.0,0.0,0.0,0.0,1.0,1.0,1.0,1.0
nominal,CurrentOnly-AE-CeNN-494,8036,0.0093409931298355,0.0116675183381592,0.0118842565364036,0.0,0.0,0.0,0.0,0.0,1.0,1.0,1.0,1.0
nominal,CurrentOnly-AE-CeNN-494,8037,0.0096069594644104,0.0125577150938381,0.0127302649000486,0.0,0.0,0.0,0.0,0.0,1.0,1.0,1.0,1.0
nominal,CurrentOnly-AE-CeNN-494,8038,0.0098809183191627,0.0125620528920219,0.0128318323034458,0.0,0.0,0.0,0.0,0.0,1.0,1.0,1.0,1.0
nominal,CurrentOnly-AE-CeNN-494,8039,0.00898998688458,0.0117485641730625,0.0122481518820006,0.0,0.0,0.0,0.0,0.0,1.0,1.0,1.0,1.0
nominal,CurrentOnly-AE-CeNN-494,8040,0.0098207678774004,0.0134952295519778,0.0141621905889024,0.0,0.0,0.0,0.0,0.0,1.0,1.0,1.0,1.0
nominal,CurrentOnly-AE-CeNN-494,8041,0.0095890878129823,0.0122319999924646,0.0124870917375711,0.0,0.0,0.0,0.0,0.0,1.0,1.0,1.0,1.0
nominal,CurrentOnly-AE-CeNN-494,8042,0.0091238096434733,0.0118166983645622,0.0122321693096151,0.0,0.0,0.0,0.0,0.0,1.0,1.0,1.0,1.0
nominal,CurrentOnly-AE-CeNN-494,8043,0.0094794624886115,0.0134736514937895,0.0137444796041059,0.0,0.0,0.0,0.0,0.0,1.0,1.0,1.0,1.0
nominal,CurrentOnly-AE-CeNN-494,8044,0.0094608746850285,0.0124357613712885,0.0134662632962367,0.0,0.0,0.0,0.0,0.0,1.0,1.0,1.0,1.0
nominal,CurrentOnly-AE-CeNN-494,8045,0.0097300332204613,0.0123383188169172,0.0124681042579883,0.0,0.0,0.0,0.0,0.0,1.0,1.0,1.0,1.0
nominal,CurrentOnly-AE-CeNN-494,8046,0.0097260208799287,0.0125847381643968,0.0131416291035721,0.0,0.0,0.0,0.0,0.0,1.0,1.0,1.0,1.0
nominal,CurrentOnly-AE-CeNN-494,8047,0.0093672200861102,0.0126190125190897,0.0129439705179681,0.0,0.0,0.0,0.0,0.0,1.0,1.0,1.0,1.0
nominal,CurrentOnly-AE-CeNN-494,8048,0.0098905351074513,0.0128059988371502,0.0135512048041044,0.0,0.0,0.0,0.0,0.0,1.0,1.0,1.0,1.0
nominal,CurrentOnly-AE-CeNN-494,8049,0.0094458037993753,0.0120898477928783,0.0125062390711624,0.0,0.0,0.0,0.0,0.0,1.0,1.0,1.0,1.0
nominal,CurrentOnly-AE-CeNN-494,8050,0.0093979088890302,0.0126067324404395,0.0131605307345759,0.0,0.0,0.0,0.0,0.0,1.0,1.0,1.0,1.0
nominal,CurrentOnly-AE-CeNN-494,8051,0.0100584591490557,0.0138792029977204,0.0150330853271118,0.0,0.0,0.0,0.0,0.0,1.0,1.0,1.0,1.0
nominal,CurrentOnly-AE-CeNN-494,8052,0.0093469323874317,0.0121527389764766,0.0128044873542453,0.0,0.0,0.0,0.0,0.0,1.0,1.0,1.0,1.0
nominal,CurrentOnly-AE-CeNN-494,8053,0.0102528966773181,0.0131651612272872,0.0133343726060529,0.0,0.0,0.0,0.0,0.0,1.0,1.0,1.0,1.0
nominal,CurrentOnly-AE-CeNN-494,8054,0.0091397687576982,0.0118760300137933,0.01246795298254,0.0,0.0,0.0,0.0,0.0,1.0,1.0,1.0,1.0
nominal,CurrentOnly-AE-CeNN-494,8055,0.0096079625494604,0.0116825261278242,0.0118218176362399,0.0,0.0,0.0,0.0,0.0,1.0,1.0,1.0,1.0
nominal,CurrentOnly-AE-CeNN-494,8056,0.0102478533810431,0.0128898687297972,0.0133900388442514,0.0,0.0,0.0,0.0,0.0,1.0,1.0,1.0,1.0
nominal,CurrentOnly-AE-CeNN-494,8057,0.0097666801290854,0.0129980347505922,0.0134669431604524,0.0,0.0,0.0,0.0,0.0,1.0,1.0,1.0,1.0
nominal,CurrentOnly-AE-CeNN-494,8058,0.0100189611361773,0.0129233602593526,0.0133979502839079,0.0,0.0,0.0,0.0,0.0,1.0,1.0,1.0,1.0
nominal,CurrentOnly-AE-CeNN-494,8059,0.0093046404393648,0.0125944376818355,0.0131187930607862,0.0,0.0,0.0,0.0,0.0,1.0,1.0,1.0,1.0
nominal,CurrentOnly-AE-CeNN-494,8060,0.0099444252455998,0.0129417564076621,0.0133023795773881,0.0,0.0,0.0,0.0,0.0,1.0,1.0,1.0,1.0
nominal,CurrentOnly-AE-CeNN-494,8061,0.0106740540507664,0.015124248096905,0.0154355864494804,0.0,0.0,0.0,0.0,0.0,1.0,1.0,1.0,1.0
nominal,CurrentOnly-AE-CeNN-494,8062,0.0098194815188636,0.0134932215888465,0.0143913884758014,0.0,0.0,0.0,0.0,0.0,1.0,1.0,1.0,1.0
nominal,CurrentOnly-AE-CeNN-494,8063,0.0096931154156883,0.0123660161362309,0.0171369847579187,0.0,0.0,0.0,0.0,0.0,1.0,1.0,1.0,1.0
nominal,CurrentOnly-AE-CeNN-494,8064,0.0095275737470272,0.0119864424138564,0.0123561046294105,0.0,0.0,0.0,0.0,0.0,1.0,1.0,1.0,1.0
nominal,CurrentOnly-AE-CeNN-494,8065,0.0102445891230036,0.0142410015303242,0.0150920032939931,0.0,0.0,0.0,0.0,0.0,1.0,1.0,1.0,1.0
nominal,CurrentOnly-AE-CeNN-494,8066,0.0100169888278004,0.013117398780491,0.013543622995669,0.0,0.0,0.0,0.0,0.0,1.0,1.0,1.0,1.0
nominal,CurrentOnly-AE-CeNN-494,8067,0.0098725374955365,0.0122626285023734,0.0151769635516546,0.0,0.0,0.0,0.0,0.0,1.0,1.0,1.0,1.0
nominal,CurrentOnly-AE-CeNN-494,8068,0.0097073489373361,0.0124776026854834,0.0132521257420185,0.0,0.0,0.0,0.0,0.0,1.0,1.0,1.0,1.0
nominal,CurrentOnly-AE-CeNN-494,8069,0.0090904345582759,0.0119411722312552,0.0127410886384525,0.0,0.0,0.0,0.0,0.0,1.0,1.0,1.0,1.0
nominal,CurrentOnly-AE-CeNN-494,8070,0.0102071033276995,0.0131339098057989,0.0178290382573784,0.0,0.0,0.0,0.0,0.0,1.0,1.0,1.0,1.0
nominal,CurrentOnly-AE-CeNN-494,8071,0.0099229523288305,0.0127516209475528,0.0133640177192585,0.0,0.0,0.0,0.0,0.0,1.0,1.0,1.0,1.0
nominal,CurrentOnly-AE-CeNN-494,8072,0.009395302909639,0.0121903022658372,0.0126467635372258,0.0,0.0,0.0,0.0,0.0,1.0,1.0,1.0,1.0
nominal,CurrentOnly-AE-CeNN-494,8073,0.0096947694543355,0.0126302251288585,0.0132570711539791,0.0,0.0,0.0,0.0,0.0,1.0,1.0,1.0,1.0
nominal,CurrentOnly-AE-CeNN-494,8074,0.0096770190497349,0.0130932099890657,0.0137417481051226,0.0,0.0,0.0,0.0,0.0,1.0,1.0,1.0,1.0
nominal,CurrentOnly-AE-CeNN-494,8075,0.00998234650985,0.0133086913531438,0.0138105638226146,0.0,0.0,0.0,0.0,0.0,1.0,1.0,1.0,1.0
nominal,CurrentOnly-AE-CeNN-494,8076,0.009773420422157,0.0124113023807252,0.0133928993512356,0.0,0.0,0.0,0.0,0.0,1.0,1.0,1.0,1.0
nominal,CurrentOnly-AE-CeNN-494,8077,0.0096183805531716,0.0123187022572433,0.0128900771482043,0.0,0.0,0.0,0.0,0.0,1.0,1.0,1.0,1.0
nominal,CurrentOnly-AE-CeNN-494,8078,0.0098063305903002,0.0127077432124599,0.0130150636737291,0.0,0.0,0.0,0.0,0.0,1.0,1.0,1.0,1.0
nominal,CurrentOnly-AE-CeNN-494,8079,0.0097055265082808,0.0125456272700728,0.0131641866572408,0.0,0.0,0.0,0.0,0.0,1.0,1.0,1.0,1.0
nominal,CurrentOnly-AE-CeNN-494,8080,0.0100772257301297,0.0140360785726991,0.0145000693958735,0.0,0.0,0.0,0.0,0.0,1.0,1.0,1.0,1.0
nominal,CurrentOnly-AE-CeNN-494,8081,0.0099352760668711,0.0129319271255195,0.0136589556166742,0.0,0.0,0.0,0.0,0.0,1.0,1.0,1.0,1.0
nominal,CurrentOnly-AE-CeNN-494,8082,0.0098518352920252,0.0124217815229724,0.0129937557460923,0.0,0.0,0.0,0.0,0.0,1.0,1.0,1.0,1.0
nominal,CurrentOnly-AE-CeNN-494,8083,0.0095265865156755,0.0127409652610822,0.0133789337082516,0.0,0.0,0.0,0.0,0.0,1.0,1.0,1.0,1.0
nominal,CurrentOnly-AE-CeNN-494,8084,0.0094630654255418,0.0122359785944053,0.0123424412225507,0.0,0.0,0.0,0.0,0.0,1.0,1.0,1.0,1.0
nominal,CurrentOnly-AE-CeNN-494,8085,0.0097290405242896,0.0124762052197952,0.0129455414880641,0.0,0.0,0.0,0.0,0.0,1.0,1.0,1.0,1.0
nominal,CurrentOnly-AE-CeNN-494,8086,0.0098110598537209,0.0126102811784734,0.0133584686396744,0.0,0.0,0.0,0.0,0.0,1.0,1.0,1.0,1.0
nominal,CurrentOnly-AE-CeNN-494,8087,0.0095355245798641,0.0123791434031427,0.0129852394088805,0.0,0.0,0.0,0.0,0.0,1.0,1.0,1.0,1.0
nominal,CurrentOnly-AE-CeNN-494,8088,0.0097156439381167,0.0124848356678615,0.0130452554068481,0.0,0.0,0.0,0.0,0.0,1.0,1.0,1.0,1.0
nominal,CurrentOnly-AE-CeNN-494,8089,0.0101146672774254,0.013354689715205,0.0136209331178578,0.0,0.0,0.0,0.0,0.0,1.0,1.0,1.0,1.0
nominal,CurrentOnly-AE-CeNN-494,8090,0.0099740412194864,0.0120874407504295,0.0125547964847017,0.0,0.0,0.0,0.0,0.0,1.0,1.0,1.0,1.0
nominal,CurrentOnly-AE-CeNN-494,8091,0.0101022204372931,0.0134563117485602,0.0138858769573256,0.0,0.0,0.0,0.0,0.0,1.0,1.0,1.0,1.0
nominal,CurrentOnly-AE-CeNN-494,8092,0.0095345703874653,0.0127882060080609,0.0135963737103449,0.0,0.0,0.0,0.0,0.0,1.0,1.0,1.0,1.0
nominal,CurrentOnly-AE-CeNN-494,8093,0.0095754040507732,0.012664098912902,0.0132775113941208,0.0,0.0,0.0,0.0,0.0,1.0,1.0,1.0,1.0
nominal,CurrentOnly-AE-CeNN-494,8094,0.0093113846171485,0.0121460435870776,0.0125656143982143,0.0,0.0,0.0,0.0,0.0,1.0,1.0,1.0,1.0
nominal,CurrentOnly-AE-CeNN-494,8095,0.0099555756958244,0.0128010078435151,0.0132541100454141,0.0,0.0,0.0,0.0,0.0,1.0,1.0,1.0,1.0
nominal,CurrentOnly-AE-CeNN-494,8096,0.0097205490038295,0.0130618056652212,0.0147450256659586,0.0,0.0,0.0,0.0,0.0,1.0,1.0,1.0,1.0
nominal,CurrentOnly-AE-CeNN-494,8097,0.0097762376052159,0.0121912374537394,0.0142904765741336,0.0,0.0,0.0,0.0,0.0,1.0,1.0,1.0,1.0
nominal,CurrentOnly-AE-CeNN-494,8098,0.0096621802776007,0.0122209450315423,0.012767732242022,0.0,0.0,0.0,0.0,0.0,1.0,1.0,1.0,1.0
nominal,CurrentOnly-AE-CeNN-494,8099,0.0094291937648938,0.0119242719273638,0.0123474351948753,0.0,0.0,0.0,0.0,0.0,1.0,1.0,1.0,1.0
nominal,G-DetectorGate-noRTA,8000,0.0100291408133711,0.0137573394636556,0.0141938414804228,0.0,0.0,1.0,100.0,0.0152197212879762,1.0,1.0,1.0,1.0
nominal,G-DetectorGate-noRTA,8001,0.0095316106633524,0.012947144457086,0.0133159674614249,0.0,0.0,1.0,100.0,0.0155844971469368,1.0,1.0,1.0,1.0
nominal,G-DetectorGate-noRTA,8002,0.010065158351526,0.0136298803534238,0.0144914401414278,0.0,0.0,1.0,100.0,0.0182921551874209,1.0,1.0,1.0,1.0
nominal,G-DetectorGate-noRTA,8003,0.0091593848449951,0.0121226256371052,0.0122718222000267,0.0,0.0,1.0,100.0,0.0174484153099519,1.0,1.0,1.0,1.0
nominal,G-DetectorGate-noRTA,8004,0.0093475882320529,0.0118523480960406,0.0140071151310924,0.0,0.0,1.0,100.0,0.0183695870074875,1.0,1.0,1.0,1.0
nominal,G-DetectorGate-noRTA,8005,0.0097266018683608,0.0123864683119407,0.0126630532941445,0.0,0.0,1.0,100.0,0.0120023435643762,1.0,1.0,1.0,1.0
nominal,G-DetectorGate-noRTA,8006,0.0097428110667974,0.0130521033424738,0.0138100589511547,0.0,0.0,1.0,100.0,0.0256728852030898,1.0,1.0,1.0,1.0
nominal,G-DetectorGate-noRTA,8007,0.0092656547031994,0.011812816185272,0.0122080806341381,0.0,0.0,1.0,100.0,0.0134879440504822,1.0,1.0,1.0,1.0
nominal,G-DetectorGate-noRTA,8008,0.009682980370918,0.0121076920525137,0.0125168092450416,0.0,0.0,1.0,100.0,0.0158035899614161,1.0,1.0,1.0,1.0
nominal,G-DetectorGate-noRTA,8009,0.0099972870989359,0.0139180138873382,0.0140518243201553,0.0,0.0,1.0,100.0,0.0129033535704357,1.0,1.0,1.0,1.0
nominal,G-DetectorGate-noRTA,8010,0.0099433573223665,0.0123022133237895,0.0126974933174746,0.0,0.0,1.0,100.0,0.0182953122898175,1.0,1.0,1.0,1.0
nominal,G-DetectorGate-noRTA,8011,0.0095354946260916,0.0130279999820999,0.0133805273883327,0.0,0.0,1.0,100.0,0.0190019820956041,1.0,1.0,1.0,1.0
nominal,G-DetectorGate-noRTA,8012,0.009196782068594,0.0125718730108613,0.0129952489252554,0.0,0.0,1.0,100.0,0.0205525773388165,1.0,1.0,1.0,1.0
nominal,G-DetectorGate-noRTA,8013,0.0098480480476237,0.0134514599221873,0.014170326727774,0.0,0.0,1.0,100.0,0.0221450878264216,1.0,1.0,1.0,1.0
nominal,G-DetectorGate-noRTA,8014,0.0093604071514898,0.012256372656997,0.0128952208127586,0.0,0.0,1.0,100.0,0.0206437093984917,1.0,1.0,1.0,1.0
nominal,G-DetectorGate-noRTA,8015,0.0096054810725082,0.0124529657606276,0.0126900540862843,0.0,0.0,1.0,100.0,0.0151193882160652,1.0,1.0,1.0,1.0
nominal,G-DetectorGate-noRTA,8016,0.0104311172601827,0.0135172536236435,0.0137783222746834,0.0,0.0,1.0,100.0,0.0156396540300406,1.0,1.0,1.0,1.0
nominal,G-DetectorGate-noRTA,8017,0.0096299418983265,0.0118803827104599,0.012886865002714,0.0,0.0,1.0,100.0,0.0227683373411241,1.0,1.0,1.0,1.0
nominal,G-DetectorGate-noRTA,8018,0.009681611473026,0.0120071053465584,0.012122410595371,0.0,0.0,1.0,100.0,0.0144847891362251,1.0,1.0,1.0,1.0
nominal,G-DetectorGate-noRTA,8019,0.0103335443938723,0.0134759849591635,0.0154297584986779,0.0,0.0,1.0,100.0,0.0187288766582,1.0,1.0,1.0,1.0
nominal,G-DetectorGate-noRTA,8020,0.009888859297085,0.0125051885742406,0.0143397028715572,0.0,0.0,1.0,100.0,0.0167561658617018,1.0,1.0,1.0,1.0
nominal,G-DetectorGate-noRTA,8021,0.0096461076306815,0.0118951414667279,0.0123843737815631,0.0,0.0,1.0,100.0,0.017477724463706,1.0,1.0,1.0,1.0
nominal,G-DetectorGate-noRTA,8022,0.0099918722380828,0.0122270757742969,0.0125392410816774,0.0,0.0,1.0,100.0,0.0208034680446388,1.0,1.0,1.0,1.0
nominal,G-DetectorGate-noRTA,8023,0.0095463090152165,0.01174689498253,0.0120309728387985,0.0,0.0,1.0,100.0,0.0183626663828838,1.0,1.0,1.0,1.0
nominal,G-DetectorGate-noRTA,8024,0.0096168946839346,0.0132375614753587,0.0136363398548616,0.0,0.0,1.0,100.0,0.0149481597452242,1.0,1.0,1.0,1.0
nominal,G-DetectorGate-noRTA,8025,0.0099584931086216,0.0130676739017035,0.0134535728904357,0.0,0.0,1.0,100.0,0.0191350101259143,1.0,1.0,1.0,1.0
nominal,G-DetectorGate-noRTA,8026,0.0098143715193054,0.0130352485244663,0.0136463415818993,0.0,0.0,1.0,100.0,0.0169968109214065,1.0,1.0,1.0,1.0
nominal,G-DetectorGate-noRTA,8027,0.0098899012309283,0.0131700590224155,0.0135736634129597,0.0,0.0,1.0,100.0,0.0230718821230607,1.0,1.0,1.0,1.0
nominal,G-DetectorGate-noRTA,8028,0.0097430367758903,0.0126050248477081,0.0128476094391277,0.0,0.0,1.0,100.0,0.0149198105346462,1.0,1.0,1.0,1.0
nominal,G-DetectorGate-noRTA,8029,0.009635166406676,0.0118605321124451,0.0130371340476027,0.0,0.0,1.0,100.0,0.0179507519922368,1.0,1.0,1.0,1.0
nominal,G-DetectorGate-noRTA,8030,0.009477219512961,0.0124870018356849,0.0131345534886968,0.0,0.0,1.0,100.0,0.0205075117908784,1.0,1.0,1.0,1.0
nominal,G-DetectorGate-noRTA,8031,0.0092881179165235,0.0121990584659885,0.0123110578007745,0.0,0.0,1.0,100.0,0.0207039617856374,1.0,1.0,1.0,1.0
nominal,G-DetectorGate-noRTA,8032,0.0099632633846873,0.0123789664401411,0.0166100624757787,0.0,0.0,1.0,100.0,0.0248236703504174,1.0,1.0,1.0,1.0
nominal,G-DetectorGate-noRTA,8033,0.0101033707488346,0.0126084815964312,0.0140697923955853,0.0,0.0,1.0,100.0,0.0248926199615007,1.0,1.0,1.0,1.0
nominal,G-DetectorGate-noRTA,8034,0.0093084225462674,0.0123399032102276,0.0129839633721435,0.0,0.0,1.0,100.0,0.0126245924810418,1.0,1.0,1.0,1.0
nominal,G-DetectorGate-noRTA,8035,0.0094436899480031,0.0120524798781135,0.0124564035417695,0.0,0.0,1.0,100.0,0.0220141157332504,1.0,1.0,1.0,1.0
nominal,G-DetectorGate-noRTA,8036,0.0093406921218923,0.0116698815565363,0.0118877518803118,0.0,0.0,1.0,100.0,0.0223028633304453,1.0,1.0,1.0,1.0
nominal,G-DetectorGate-noRTA,8037,0.0096058052004521,0.0125641386560425,0.012738587600544,0.0,0.0,1.0,100.0,0.0205254699910239,1.0,1.0,1.0,1.0
nominal,G-DetectorGate-noRTA,8038,0.0098843900648082,0.0125715243860855,0.0128351222489436,0.0,0.0,1.0,100.0,0.019580049054519,1.0,1.0,1.0,1.0
nominal,G-DetectorGate-noRTA,8039,0.0089854437013727,0.0117500569825238,0.0122329529507671,0.0,0.0,1.0,100.0,0.0169768000367549,1.0,1.0,1.0,1.0
nominal,G-DetectorGate-noRTA,8040,0.0098192391519554,0.0134906905090128,0.014158295659787,0.0,0.0,1.0,100.0,0.0181188293902234,1.0,1.0,1.0,1.0
nominal,G-DetectorGate-noRTA,8041,0.0095933992315099,0.0122381081921466,0.0124854591479522,0.0,0.0,1.0,100.0,0.0187444466477719,1.0,1.0,1.0,1.0
nominal,G-DetectorGate-noRTA,8042,0.0091189782874073,0.0118211828361136,0.0122304616717335,0.0,0.0,1.0,100.0,0.0195791343858563,1.0,1.0,1.0,1.0
nominal,G-DetectorGate-noRTA,8043,0.0094794152757906,0.0134597251413946,0.0137345305414752,0.0,0.0,1.0,100.0,0.0145491507136515,1.0,1.0,1.0,1.0
nominal,G-DetectorGate-noRTA,8044,0.0094596738407729,0.0124229500202548,0.0134473410644015,0.0,0.0,1.0,100.0,0.0129370392465477,1.0,1.0,1.0,1.0
nominal,G-DetectorGate-noRTA,8045,0.0097351669147369,0.0123293493440103,0.0124590248645799,0.0,0.0,1.0,100.0,0.0188679306944493,1.0,1.0,1.0,1.0
nominal,G-DetectorGate-noRTA,8046,0.0097236514520987,0.0125809587648191,0.0131411663100929,0.0,0.0,1.0,100.0,0.0222642101403658,1.0,1.0,1.0,1.0
nominal,G-DetectorGate-noRTA,8047,0.0093653708968187,0.01261599638642,0.0129407085730024,0.0,0.0,1.0,100.0,0.0138305809389972,1.0,1.0,1.0,1.0
nominal,G-DetectorGate-noRTA,8048,0.0098808621613811,0.0128037712179251,0.0135475023973309,0.0,0.0,1.0,100.0,0.0249098720769653,1.0,1.0,1.0,1.0
nominal,G-DetectorGate-noRTA,8049,0.0094461246253298,0.0120974408617945,0.0125028120038476,0.0,0.0,1.0,100.0,0.0169361387778163,1.0,1.0,1.0,1.0
nominal,G-DetectorGate-noRTA,8050,0.0093904356753911,0.012597489638473,0.0131411858182181,0.0,0.0,1.0,100.0,0.0133951435906678,1.0,1.0,1.0,1.0
nominal,G-DetectorGate-noRTA,8051,0.0100549573269411,0.0138667089407165,0.015016156289661,0.0,0.0,1.0,100.0,0.0130489772042709,1.0,1.0,1.0,1.0
nominal,G-DetectorGate-noRTA,8052,0.0093455068851302,0.0121561985271747,0.0128033656078823,0.0,0.0,1.0,100.0,0.0145543856743556,1.0,1.0,1.0,1.0
nominal,G-DetectorGate-noRTA,8053,0.010248990334544,0.0131675721361636,0.0133380673002342,0.0,0.0,1.0,100.0,0.0152946150593484,1.0,1.0,1.0,1.0
nominal,G-DetectorGate-noRTA,8054,0.009136084228619,0.0118786181963635,0.0124704880502992,0.0,0.0,1.0,100.0,0.0261692058521695,1.0,1.0,1.0,1.0
nominal,G-DetectorGate-noRTA,8055,0.0095957614083665,0.0116804918146972,0.011821964528398,0.0,0.0,1.0,100.0,0.0222294088368563,1.0,1.0,1.0,1.0
nominal,G-DetectorGate-noRTA,8056,0.0102478924114489,0.0128830804644166,0.0133801789099584,0.0,0.0,1.0,100.0,0.0194226818177728,1.0,1.0,1.0,1.0
nominal,G-DetectorGate-noRTA,8057,0.0097649823210907,0.0129986969669948,0.0134685945885449,0.0,0.0,1.0,100.0,0.0146630378170024,1.0,1.0,1.0,1.0
nominal,G-DetectorGate-noRTA,8058,0.010022120310795,0.0129370752438406,0.0134122835734462,0.0,0.0,1.0,100.0,0.0202803859236001,1.0,1.0,1.0,1.0
nominal,G-DetectorGate-noRTA,8059,0.0093036311953227,0.0125952476580196,0.0131144617871768,0.0,0.0,1.0,100.0,0.0101297345165417,1.0,1.0,1.0,1.0
nominal,G-DetectorGate-noRTA,8060,0.0099425024753038,0.0129358356309619,0.0133021700006644,0.0,0.0,1.0,100.0,0.0228148359214832,1.0,1.0,1.0,1.0
nominal,G-DetectorGate-noRTA,8061,0.010682627348055,0.0151381782170289,0.0154441212301996,0.0,0.0,1.0,100.0,0.0241952612973363,1.0,1.0,1.0,1.0
nominal,G-DetectorGate-noRTA,8062,0.0098211785548405,0.0134989557099251,0.0144019847325298,0.0,0.0,1.0,100.0,0.0154075519619047,1.0,1.0,1.0,1.0
nominal,G-DetectorGate-noRTA,8063,0.0096937541363459,0.0123791267600909,0.0170689688162788,0.0,0.0,1.0,100.0,0.0191925444262271,1.0,1.0,1.0,1.0
nominal,G-DetectorGate-noRTA,8064,0.0095291761346818,0.0120031784522509,0.0123792332472056,0.0,0.0,1.0,100.0,0.015027946176364,1.0,1.0,1.0,1.0
nominal,G-DetectorGate-noRTA,8065,0.0102505112480837,0.014240754101371,0.015093235478883,0.0,0.0,1.0,100.0,0.0231833836103481,1.0,1.0,1.0,1.0
nominal,G-DetectorGate-noRTA,8066,0.0100187142447046,0.0131054307161905,0.0135260960096023,0.0,0.0,1.0,100.0,0.0219319047890985,1.0,1.0,1.0,1.0
nominal,G-DetectorGate-noRTA,8067,0.0098683228177681,0.0122443913349815,0.0150987845845082,0.0,0.0,1.0,100.0,0.0232290120153193,1.0,1.0,1.0,1.0
nominal,G-DetectorGate-noRTA,8068,0.0097066005430777,0.0124779025868222,0.0132589904416005,0.0,0.0,1.0,100.0,0.0138279026263058,1.0,1.0,1.0,1.0
nominal,G-DetectorGate-noRTA,8069,0.0090915230505506,0.0119386796121746,0.0127468125475084,0.0,0.0,1.0,100.0,0.0150937601271412,1.0,1.0,1.0,1.0
nominal,G-DetectorGate-noRTA,8070,0.0102091000158382,0.0131150575165038,0.0178241467476659,0.0,0.0,1.0,100.0,0.0269012329719963,1.0,1.0,1.0,1.0
nominal,G-DetectorGate-noRTA,8071,0.0099249078331093,0.0127589373511145,0.0133925522582581,0.0,0.0,1.0,100.0,0.0157725364345246,1.0,1.0,1.0,1.0
nominal,G-DetectorGate-noRTA,8072,0.0093983957299232,0.0121893173268411,0.0126460215243205,0.0,0.0,1.0,100.0,0.0146883319601656,1.0,1.0,1.0,1.0
nominal,G-DetectorGate-noRTA,8073,0.0096937355004763,0.0126326065105347,0.0132630668816855,0.0,0.0,1.0,100.0,0.0126007578294616,1.0,1.0,1.0,1.0
nominal,G-DetectorGate-noRTA,8074,0.0096772992197919,0.0130924170839579,0.0137398106392168,0.0,0.0,1.0,100.0,0.0133507079377501,1.0,1.0,1.0,1.0
nominal,G-DetectorGate-noRTA,8075,0.0099811583721573,0.0132974807571705,0.0137837644089715,0.0,0.0,1.0,100.0,0.0196534104789498,1.0,1.0,1.0,1.0
nominal,G-DetectorGate-noRTA,8076,0.0097727929652736,0.0124027859962288,0.013390580780328,0.0,0.0,1.0,100.0,0.0166015257807598,1.0,1.0,1.0,1.0
nominal,G-DetectorGate-noRTA,8077,0.0096138863445297,0.0123049612357464,0.012870793121033,0.0,0.0,1.0,100.0,0.0206715991733281,1.0,1.0,1.0,1.0
nominal,G-DetectorGate-noRTA,8078,0.0098079594268308,0.0127080420966116,0.013025377760038,0.0,0.0,1.0,100.0,0.0146978438448786,1.0,1.0,1.0,1.0
nominal,G-DetectorGate-noRTA,8079,0.0097043757077133,0.0125443600512478,0.0131675703303596,0.0,0.0,1.0,100.0,0.0137421559758613,1.0,1.0,1.0,1.0
nominal,G-DetectorGate-noRTA,8080,0.0100758005960477,0.0140426170746508,0.0145052281413686,0.0,0.0,1.0,100.0,0.018474617111774,1.0,1.0,1.0,1.0
nominal,G-DetectorGate-noRTA,8081,0.0099349846352661,0.0129339405192311,0.0136625555009974,0.0,0.0,1.0,100.0,0.0214524261086911,1.0,1.0,1.0,1.0
nominal,G-DetectorGate-noRTA,8082,0.0098509319699641,0.0124225319918195,0.0129938256317131,0.0,0.0,1.0,100.0,0.0135908525434507,1.0,1.0,1.0,1.0
nominal,G-DetectorGate-noRTA,8083,0.0095264186878782,0.0127358932192289,0.0133812004147447,0.0,0.0,1.0,100.0,0.0146473719102516,1.0,1.0,1.0,1.0
nominal,G-DetectorGate-noRTA,8084,0.0094607698590264,0.0122277888182656,0.0123451899304171,0.0,0.0,1.0,100.0,0.0162389705612427,1.0,1.0,1.0,1.0
nominal,G-DetectorGate-noRTA,8085,0.0097226682236321,0.0124779686191237,0.0129407256345886,0.0,0.0,1.0,100.0,0.0154243445113136,1.0,1.0,1.0,1.0
nominal,G-DetectorGate-noRTA,8086,0.0098073109617846,0.0126033901288121,0.0133492387855057,0.0,0.0,1.0,100.0,0.0186135389393219,1.0,1.0,1.0,1.0
nominal,G-DetectorGate-noRTA,8087,0.0095323665625194,0.0123777406854089,0.0129838082333309,0.0,0.0,1.0,100.0,0.0154302364206256,1.0,1.0,1.0,1.0
nominal,G-DetectorGate-noRTA,8088,0.0097139714396081,0.012482457872356,0.0130401772277951,0.0,0.0,1.0,100.0,0.0156271263613805,1.0,1.0,1.0,1.0
nominal,G-DetectorGate-noRTA,8089,0.0101196485383209,0.0133663204736114,0.0136422914827982,0.0,0.0,1.0,100.0,0.0188107328066386,1.0,1.0,1.0,1.0
nominal,G-DetectorGate-noRTA,8090,0.009972409394244,0.0120862732934447,0.0125437441155525,0.0,0.0,1.0,100.0,0.0218062882758354,1.0,1.0,1.0,1.0
nominal,G-DetectorGate-noRTA,8091,0.0101031672404669,0.0134555800061113,0.0138874880387561,0.0,0.0,1.0,100.0,0.0162447658507184,1.0,1.0,1.0,1.0
nominal,G-DetectorGate-noRTA,8092,0.009536508318479,0.0127879569352266,0.0135945272973864,0.0,0.0,1.0,100.0,0.0129097851636611,1.0,1.0,1.0,1.0
nominal,G-DetectorGate-noRTA,8093,0.0095746520622082,0.0126667639009316,0.0132804715449307,0.0,0.0,1.0,100.0,0.0167220214924205,1.0,1.0,1.0,1.0
nominal,G-DetectorGate-noRTA,8094,0.0093121858599204,0.0121482215737133,0.012582107804573,0.0,0.0,1.0,100.0,0.0160401859330321,1.0,1.0,1.0,1.0
nominal,G-DetectorGate-noRTA,8095,0.009950846236823,0.0127761404062769,0.0132331225243215,0.0,0.0,1.0,100.0,0.016729177341655,1.0,1.0,1.0,1.0
nominal,G-DetectorGate-noRTA,8096,0.0097243648547565,0.0130619815357197,0.0147518935025975,0.0,0.0,1.0,100.0,0.0168046824413505,1.0,1.0,1.0,1.0
nominal,G-DetectorGate-noRTA,8097,0.0097724500510138,0.0121882739714438,0.0142673755694809,0.0,0.0,1.0,100.0,0.0127895941160529,1.0,1.0,1.0,1.0
nominal,G-DetectorGate-noRTA,8098,0.0096631450643983,0.0122243735239623,0.0127643897116206,0.0,0.0,1.0,100.0,0.0183504127150761,1.0,1.0,1.0,1.0
nominal,G-DetectorGate-noRTA,8099,0.009434360945729,0.0119662940722546,0.0123812925217449,0.0,0.0,1.0,100.0,0.0156126063712868,1.0,1.0,1.0,1.0
nominal,H-RTA-SupervisedGate,8000,0.0100331947610566,0.01377235631071,0.0141950032173909,0.0,0.0,0.0,0.0,,,,,
nominal,H-RTA-SupervisedGate,8001,0.0095268840963521,0.0129461204843986,0.0133029265889171,0.0,0.0,0.0,0.0,,,,,
nominal,H-RTA-SupervisedGate,8002,0.010062764312595,0.0136335859174528,0.0144943926469185,0.0,0.0,0.0,0.0,,,,,
nominal,H-RTA-SupervisedGate,8003,0.0091587281744723,0.0121234345348837,0.0122726907492717,0.0,0.0,0.0,0.0,,,,,
nominal,H-RTA-SupervisedGate,8004,0.0093527791826932,0.0118453238325681,0.0140832358020407,0.0,0.0,0.0,0.0,,,,,
nominal,H-RTA-SupervisedGate,8005,0.0097247762607716,0.0123809062797785,0.0126555595040638,0.0,0.0,0.0,0.0,,,,,
nominal,H-RTA-SupervisedGate,8006,0.0097407706129262,0.0130505565133506,0.0138078444419933,0.0,0.0,0.0009099181073703,0.0909918107370336,,,,,
nominal,H-RTA-SupervisedGate,8007,0.0092682944789704,0.0118172009563161,0.0122098504061877,0.0,0.0,0.0,0.0,,,,,
nominal,H-RTA-SupervisedGate,8008,0.0096836290081966,0.0121040508305083,0.0125255279757333,0.0,0.0,0.0,0.0,,,,,
nominal,H-RTA-SupervisedGate,8009,0.009999710653466,0.0139095729010673,0.0140461462923817,0.0,0.0,0.0,0.0,,,,,
nominal,H-RTA-SupervisedGate,8010,0.0099485041872367,0.0122994108670709,0.0126950390940809,0.0,0.0,0.0,0.0,,,,,
nominal,H-RTA-SupervisedGate,8011,0.0095347385657468,0.0130297707446907,0.0133787673048048,0.0,0.0,0.0,0.0,,,,,
nominal,H-RTA-SupervisedGate,8012,0.0091962862662491,0.012567078179518,0.0129819195752132,0.0,0.0,0.0,0.0,,,,,
nominal,H-RTA-SupervisedGate,8013,0.009851035073957,0.013448393860826,0.0141642820176576,0.0,0.0,0.0,0.0,,,,,
nominal,H-RTA-SupervisedGate,8014,0.0093644431169189,0.0122679081205703,0.0129120872359889,0.0,0.0,0.0,0.0,,,,,
nominal,H-RTA-SupervisedGate,8015,0.0096055519726042,0.01245392060272,0.0126919323043999,0.0,0.0,0.0,0.0,,,,,
nominal,H-RTA-SupervisedGate,8016,0.0104341107861248,0.0135107467384676,0.0137723375573922,0.0,0.0,0.0,0.0,,,,,
nominal,H-RTA-SupervisedGate,8017,0.0096277420699543,0.0118791868588603,0.0128915564524613,0.0,0.0,0.0,0.0,,,,,
nominal,H-RTA-SupervisedGate,8018,0.009680099142153,0.0120018904956976,0.0121228374206185,0.0,0.0,0.0,0.0,,,,,
nominal,H-RTA-SupervisedGate,8019,0.0103359588768983,0.013475492022356,0.0154767240724724,0.0,0.0,0.0,0.0,,,,,
nominal,H-RTA-SupervisedGate,8020,0.0098923791495123,0.0125136631733072,0.0143316960365115,0.0,0.0,0.0,0.0,,,,,
nominal,H-RTA-SupervisedGate,8021,0.009645243673489,0.0118920150360357,0.0123812885095143,0.0,0.0,0.0,0.0,,,,,
nominal,H-RTA-SupervisedGate,8022,0.0099870142913768,0.0122229373963027,0.012542184491832,0.0,0.0,0.0,0.0,,,,,
nominal,H-RTA-SupervisedGate,8023,0.0095430796182959,0.0117542122522551,0.0120194911628828,0.0,0.0,0.0,0.0,,,,,
nominal,H-RTA-SupervisedGate,8024,0.0096181637040865,0.0132298728637075,0.0136305383429998,0.0,0.0,0.0,0.0,,,,,
nominal,H-RTA-SupervisedGate,8025,0.0099536210902985,0.0130485219162227,0.0134271697426294,0.0,0.0,0.0,0.0,,,,,
nominal,H-RTA-SupervisedGate,8026,0.0098175534301046,0.0130444665567943,0.0136418060888646,0.0,0.0,0.0,0.0,,,,,
nominal,H-RTA-SupervisedGate,8027,0.009880530770607,0.0131327722543252,0.0135763712694482,0.0,0.0,0.0,0.0,,,,,
nominal,H-RTA-SupervisedGate,8028,0.0097442307410941,0.0125985644759603,0.0128538158894027,0.0,0.0,0.0,0.0,,,,,
nominal,H-RTA-SupervisedGate,8029,0.0096355679789928,0.0118597295732436,0.0130405938686596,0.0,0.0,0.0,0.0,,,,,
nominal,H-RTA-SupervisedGate,8030,0.0094815630898981,0.0124852628381919,0.0131362440599989,0.0,0.0,0.0,0.0,,,,,
nominal,H-RTA-SupervisedGate,8031,0.0092891687324711,0.0122070782063883,0.0123217715899526,0.0,0.0,0.0,0.0,,,,,
nominal,H-RTA-SupervisedGate,8032,0.0099720607343431,0.0123965775897989,0.0166801524286132,0.0,0.0,0.0,0.0,,,,,
nominal,H-RTA-SupervisedGate,8033,0.0101044841775153,0.0126104272891868,0.0140246897750362,0.0,0.0,0.0009099181073703,0.0909918107370336,,,,,
nominal,H-RTA-SupervisedGate,8034,0.0093091304725511,0.0123399575328202,0.0129835923565382,0.0,0.0,0.0,0.0,,,,,
nominal,H-RTA-SupervisedGate,8035,0.009442961049284,0.0120508748201027,0.0124566019945538,0.0,0.0,0.0,0.0,,,,,
nominal,H-RTA-SupervisedGate,8036,0.0093396160962964,0.0116664897700903,0.0118831765358505,0.0,0.0,0.0009099181073703,0.0909918107370336,,,,,
nominal,H-RTA-SupervisedGate,8037,0.0096073565504526,0.0125577150938381,0.0127302649000486,0.0,0.0,0.0009099181073703,0.0909918107370336,,,,,
nominal,H-RTA-SupervisedGate,8038,0.0098811882891352,0.0125620528589024,0.0128318322617917,0.0,0.0,0.0,0.0,,,,,
nominal,H-RTA-SupervisedGate,8039,0.0089881747307147,0.0117484239165534,0.012247619178623,0.0,0.0,0.0,0.0,,,,,
nominal,H-RTA-SupervisedGate,8040,0.0098207678774004,0.0134952295519778,0.0141621905889024,0.0,0.0,0.0,0.0,,,,,
nominal,H-RTA-SupervisedGate,8041,0.0095888821135414,0.0122319999935552,0.0124870917415146,0.0,0.0,0.0,0.0,,,,,
nominal,H-RTA-SupervisedGate,8042,0.0091217447357536,0.011816672504751,0.0122321693428574,0.0,0.0,0.0,0.0,,,,,
nominal,H-RTA-SupervisedGate,8043,0.009479778177171,0.0134736514867305,0.0137444796004296,0.0,0.0,0.0,0.0,,,,,
nominal,H-RTA-SupervisedGate,8044,0.0094613942015185,0.0124357613198979,0.0134662632606673,0.0,0.0,0.0,0.0,,,,,
nominal,H-RTA-SupervisedGate,8045,0.0097330506516638,0.0123383188122587,0.0124681042405689,0.0,0.0,0.0,0.0,,,,,
nominal,H-RTA-SupervisedGate,8046,0.0097260208799287,0.0125847381643968,0.0131416291035721,0.0,0.0,0.0,0.0,,,,,
nominal,H-RTA-SupervisedGate,8047,0.0093668557817814,0.0126190124790781,0.0129439707384299,0.0,0.0,0.0,0.0,,,,,
nominal,H-RTA-SupervisedGate,8048,0.0098845687079227,0.0128059844474765,0.0135511996922206,0.0,0.0,0.0,0.0,,,,,
nominal,H-RTA-SupervisedGate,8049,0.0094463918248251,0.012089847738528,0.0125062322377512,0.0,0.0,0.0,0.0,,,,,
nominal,H-RTA-SupervisedGate,8050,0.0093974311024515,0.0126067318397772,0.0131605282155237,0.0,0.0,0.0,0.0,,,,,
nominal,H-RTA-SupervisedGate,8051,0.0100587099455185,0.0138792029699575,0.0150330852845837,0.0,0.0,0.0,0.0,,,,,
nominal,H-RTA-SupervisedGate,8052,0.0093469323874317,0.0121527389764766,0.0128044873542453,0.0,0.0,0.0,0.0,,,,,
nominal,H-RTA-SupervisedGate,8053,0.010249934258913,0.0131651466148906,0.0133343639910757,0.0,0.0,0.0,0.0,,,,,
nominal,H-RTA-SupervisedGate,8054,0.0091371863677241,0.0118760298526505,0.0124679529430999,0.0,0.0,0.0009099181073703,0.0909918107370336,,,,,
nominal,H-RTA-SupervisedGate,8055,0.0096069189477428,0.0116825250919613,0.011821543716545,0.0,0.0,0.0,0.0,,,,,
nominal,H-RTA-SupervisedGate,8056,0.0102464787413909,0.0128890079021883,0.0133890019763544,0.0,0.0,0.0,0.0,,,,,
nominal,H-RTA-SupervisedGate,8057,0.0097664711759564,0.0129980343514637,0.0134669426384956,0.0,0.0,0.0,0.0,,,,,
nominal,H-RTA-SupervisedGate,8058,0.0100189611361773,0.0129233602593526,0.0133979502839079,0.0,0.0,0.0,0.0,,,,,
nominal,H-RTA-SupervisedGate,8059,0.0093045447069447,0.0125942563506858,0.0131187915357604,0.0,0.0,0.0,0.0,,,,,
nominal,H-RTA-SupervisedGate,8060,0.0099423935701386,0.0129417564351724,0.0133023755117127,0.0,0.0,0.0,0.0,,,,,
nominal,H-RTA-SupervisedGate,8061,0.0106801544905564,0.0151242480267248,0.0154355864822587,0.0,0.0,0.0100090991810737,1.0009099181073704,,,,,
nominal,H-RTA-SupervisedGate,8062,0.0098176259530619,0.0134932216011605,0.0143913888509401,0.0,0.0,0.0,0.0,,,,,
nominal,H-RTA-SupervisedGate,8063,0.0096917852603365,0.0123660161179302,0.0170907667691342,0.0,0.0,0.0,0.0,,,,,
nominal,H-RTA-SupervisedGate,8064,0.0095254833277839,0.0119864424164427,0.0123561046324997,0.0,0.0,0.0,0.0,,,,,
nominal,H-RTA-SupervisedGate,8065,0.010244440287667,0.0142410014835382,0.0150920032620741,0.0,0.0,0.0,0.0,,,,,
nominal,H-RTA-SupervisedGate,8066,0.0100206554698607,0.0131173988175308,0.0135436230412874,0.0,0.0,0.0,0.0,,,,,
nominal,H-RTA-SupervisedGate,8067,0.0098717087361075,0.0122514789865457,0.01514771226113,0.0,0.0,0.0,0.0,,,,,
nominal,H-RTA-SupervisedGate,8068,0.0097079886791679,0.0124766076017415,0.0132521257379388,0.0,0.0,0.0,0.0,,,,,
nominal,H-RTA-SupervisedGate,8069,0.0090904345582759,0.0119411722312552,0.0127410886384525,0.0,0.0,0.0,0.0,,,,,
nominal,H-RTA-SupervisedGate,8070,0.0102087847658733,0.0131339097648591,0.0178242405351276,0.0,0.0,0.0,0.0,,,,,
nominal,H-RTA-SupervisedGate,8071,0.0099231356481587,0.0127516209463216,0.0133675873993243,0.0,0.0,0.0,0.0,,,,,
nominal,H-RTA-SupervisedGate,8072,0.0093964466073696,0.0121903022393396,0.0126467634971144,0.0,0.0,0.0,0.0,,,,,
nominal,H-RTA-SupervisedGate,8073,0.0096938160672708,0.0126302251344299,0.0132570711619798,0.0,0.0,0.0,0.0,,,,,
nominal,H-RTA-SupervisedGate,8074,0.0096771782610059,0.0130932099867629,0.0137417481005897,0.0,0.0,0.0,0.0,,,,,
nominal,H-RTA-SupervisedGate,8075,0.00998234650985,0.0133086913531438,0.0138105638226146,0.0,0.0,0.0,0.0,,,,,
nominal,H-RTA-SupervisedGate,8076,0.0097734484260756,0.0124113023801531,0.0133928993498519,0.0,0.0,0.0,0.0,,,,,
nominal,H-RTA-SupervisedGate,8077,0.0096183720435213,0.012318702247628,0.0128900771438708,0.0,0.0,0.0,0.0,,,,,
nominal,H-RTA-SupervisedGate,8078,0.0098063254808367,0.0127077431932869,0.0130150636728753,0.0,0.0,0.0,0.0,,,,,
nominal,H-RTA-SupervisedGate,8079,0.0097049336769101,0.0125456340076661,0.0131641941154848,0.0,0.0,0.0,0.0,,,,,
nominal,H-RTA-SupervisedGate,8080,0.0100771421933708,0.0140360785603414,0.0145000693920732,0.0,0.0,0.0,0.0,,,,,
nominal,H-RTA-SupervisedGate,8081,0.0099339112282186,0.0129319126117661,0.0136589301118448,0.0,0.0,0.0,0.0,,,,,
nominal,H-RTA-SupervisedGate,8082,0.0098508332107824,0.0124217774133624,0.012993748748115,0.0,0.0,0.0,0.0,,,,,
nominal,H-RTA-SupervisedGate,8083,0.009526545660879,0.0127409652603959,0.0133789337040327,0.0,0.0,0.0,0.0,,,,,
nominal,H-RTA-SupervisedGate,8084,0.0094632949609064,0.012235919689577,0.0123424412185831,0.0,0.0,0.0,0.0,,,,,
nominal,H-RTA-SupervisedGate,8085,0.0097290405242896,0.0124762052197952,0.0129455414880641,0.0,0.0,0.0,0.0,,,,,
nominal,H-RTA-SupervisedGate,8086,0.0098088997229679,0.0126102790872675,0.0133584632911554,0.0,0.0,0.0,0.0,,,,,
nominal,H-RTA-SupervisedGate,8087,0.0095355364435562,0.0123791424905575,0.0129852389398719,0.0,0.0,0.0,0.0,,,,,
nominal,H-RTA-SupervisedGate,8088,0.0097155356866008,0.012484657032435,0.0130452554077521,0.0,0.0,0.0,0.0,,,,,
nominal,H-RTA-SupervisedGate,8089,0.0101148296299117,0.0133546897120951,0.0136209331137692,0.0,0.0,0.0,0.0,,,,,
nominal,H-RTA-SupervisedGate,8090,0.0099740412194864,0.0120874407504295,0.0125547964847017,0.0,0.0,0.0,0.0,,,,,
nominal,H-RTA-SupervisedGate,8091,0.0101019026549574,0.013456311769551,0.0138858769685396,0.0,0.0,0.0,0.0,,,,,
nominal,H-RTA-SupervisedGate,8092,0.0095345407635716,0.0127882052027322,0.0135963731555354,0.0,0.0,0.0,0.0,,,,,
nominal,H-RTA-SupervisedGate,8093,0.0095781091697268,0.0126640988315363,0.0132775113345192,0.0,0.0,0.0,0.0,,,,,
nominal,H-RTA-SupervisedGate,8094,0.0093112615099116,0.0121459883384153,0.0125656143978935,0.0,0.0,0.0,0.0,,,,,
nominal,H-RTA-SupervisedGate,8095,0.0099534907385729,0.0128010078688563,0.0132541100735539,0.0,0.0,0.0,0.0,,,,,
nominal,H-RTA-SupervisedGate,8096,0.0097205490038295,0.0130618056652212,0.0147450256659586,0.0,0.0,0.0,0.0,,,,,
nominal,H-RTA-SupervisedGate,8097,0.0097770784411225,0.0121912044647662,0.0143026610762674,0.0,0.0,0.0,0.0,,,,,
nominal,H-RTA-SupervisedGate,8098,0.0096621802776007,0.0122209450315423,0.012767732242022,0.0,0.0,0.0,0.0,,,,,
nominal,H-RTA-SupervisedGate,8099,0.0094291937648938,0.0119242719273638,0.0123474351948753,0.0,0.0,0.0,0.0,,,,,
nominal,I-ContinuousRiskGovernor,8000,0.0100331947637258,0.013772356310591,0.0141950032173903,0.0,0.0,0.0,0.0,0.015222778219352,1.0,1.0,1.0,1.0
nominal,I-ContinuousRiskGovernor,8001,0.0095268840532894,0.012946120512725,0.0133029265889144,0.0,0.0,0.0,0.0,0.0155710570333493,1.0,1.0,1.0,1.0
nominal,I-ContinuousRiskGovernor,8002,0.0100627644738493,0.0136335859174544,0.0144943926469161,0.0,0.0,0.0,0.0,0.0183154339726503,1.0,1.0,1.0,1.0
nominal,I-ContinuousRiskGovernor,8003,0.0091587282583499,0.0121234345011161,0.0122726908137325,0.0,0.0,0.0,0.0,0.0174430820056918,1.0,1.0,1.0,1.0
nominal,I-ContinuousRiskGovernor,8004,0.0093527785841825,0.0118453238325727,0.014083222784523,0.0,0.0,0.0,0.0,0.0183213217556213,1.0,1.0,1.0,1.0
nominal,I-ContinuousRiskGovernor,8005,0.0097247762917623,0.0123809062791672,0.0126555595040619,0.0,0.0,0.0,0.0,0.0119903438305442,1.0,1.0,1.0,1.0
nominal,I-ContinuousRiskGovernor,8006,0.0097407705443198,0.0130505565133525,0.0138078444419947,0.0,0.0,0.0008792672914345,0.0909918107370336,0.0256594780389345,1.0,1.0,1.0,1.0
nominal,I-ContinuousRiskGovernor,8007,0.0092682944247306,0.0118172008999571,0.0122098503409251,0.0,0.0,0.0,0.0,0.013486811198603,1.0,1.0,1.0,1.0
nominal,I-ContinuousRiskGovernor,8008,0.0096836290081966,0.0121040508305083,0.0125255279757333,0.0,0.0,0.0,0.0,0.0158177389864029,1.0,1.0,1.0,1.0
nominal,I-ContinuousRiskGovernor,8009,0.0099997106525645,0.0139095729010657,0.0140461462923803,0.0,0.0,0.0,0.0,0.0129103106415234,1.0,1.0,1.0,1.0
nominal,I-ContinuousRiskGovernor,8010,0.0099485042461354,0.0122994108670974,0.0126950390940819,0.0,0.0,0.0,0.0,0.0183049046988483,1.0,1.0,1.0,1.0
nominal,I-ContinuousRiskGovernor,8011,0.009534738529138,0.0130297707446942,0.0133787673048069,0.0,0.0,0.0,0.0,0.0190000267809227,1.0,1.0,1.0,1.0
nominal,I-ContinuousRiskGovernor,8012,0.0091962863859735,0.0125670782018966,0.0129819195752164,0.0,0.0,0.0,0.0,0.0205385203415707,1.0,1.0,1.0,1.0
nominal,I-ContinuousRiskGovernor,8013,0.0098510350489352,0.0134483938608285,0.0141642820176609,0.0,0.0,0.0,0.0,0.022153873308781,1.0,1.0,1.0,1.0
nominal,I-ContinuousRiskGovernor,8014,0.0093644431169189,0.0122679081205703,0.0129120872359889,0.0,0.0,0.0,0.0,0.0206416871067559,1.0,1.0,1.0,1.0
nominal,I-ContinuousRiskGovernor,8015,0.0096055518805074,0.0124539206027218,0.0126919322044233,0.0,0.0,0.0,0.0,0.0151324918176804,1.0,1.0,1.0,1.0
nominal,I-ContinuousRiskGovernor,8016,0.0104341107758992,0.0135107467384658,0.0137723375573904,0.0,0.0,0.0,0.0,0.0156837565336702,1.0,1.0,1.0,1.0
nominal,I-ContinuousRiskGovernor,8017,0.0096277419514859,0.0118791868531943,0.0128915564524612,0.0,0.0,0.0,0.0,0.0226555819982715,1.0,1.0,1.0,1.0
nominal,I-ContinuousRiskGovernor,8018,0.0096800991370911,0.0120018904611269,0.012122837420453,0.0,0.0,0.0,0.0,0.0144796836618264,1.0,1.0,1.0,1.0
nominal,I-ContinuousRiskGovernor,8019,0.0103359588765174,0.0134754914853245,0.0154767231124601,0.0,0.0,0.0,0.0,0.0187841987010549,1.0,1.0,1.0,1.0
nominal,I-ContinuousRiskGovernor,8020,0.0098923790735819,0.0125136631427917,0.0143316942038223,0.0,0.0,0.0,0.0,0.0167566781417876,1.0,1.0,1.0,1.0
nominal,I-ContinuousRiskGovernor,8021,0.0096452438483161,0.0118920153102943,0.0123812885110611,0.0,0.0,0.0,0.0,0.0174795251128577,1.0,1.0,1.0,1.0
nominal,I-ContinuousRiskGovernor,8022,0.0099870142375338,0.01222293739395,0.0125421844629937,0.0,0.0,0.0,0.0,0.0208070607350421,1.0,1.0,1.0,1.0
nominal,I-ContinuousRiskGovernor,8023,0.0095430795488734,0.0117542122012826,0.0120194911626668,0.0,0.0,0.0,0.0,0.0183525919267997,1.0,1.0,1.0,1.0
nominal,I-ContinuousRiskGovernor,8024,0.0096181633823602,0.0132298728637054,0.0136305383429973,0.0,0.0,0.0,0.0,0.0149621285849568,1.0,1.0,1.0,1.0
nominal,I-ContinuousRiskGovernor,8025,0.0099536211208272,0.0130485219162219,0.0134271697426278,0.0,0.0,0.0,0.0,0.0191434634909682,1.0,1.0,1.0,1.0
nominal,I-ContinuousRiskGovernor,8026,0.0098175533551192,0.0130444665484033,0.0136418060888639,0.0,0.0,0.0,0.0,0.0169878716328732,1.0,1.0,1.0,1.0
nominal,I-ContinuousRiskGovernor,8027,0.0098805303015299,0.0131327722543327,0.0135763712708183,0.0,0.0,0.0,0.0,0.0230104619773949,1.0,1.0,1.0,1.0
nominal,I-ContinuousRiskGovernor,8028,0.0097442307471461,0.0125985644846375,0.0128538158994767,0.0,0.0,0.0,0.0,0.0149082944011205,1.0,1.0,1.0,1.0
nominal,I-ContinuousRiskGovernor,8029,0.0096355678544446,0.0118597295737761,0.0130405938686598,0.0,0.0,0.0,0.0,0.0178023094992565,1.0,1.0,1.0,1.0
nominal,I-ContinuousRiskGovernor,8030,0.0094815628956371,0.012485262853784,0.0131362440602883,0.0,0.0,0.0,0.0,0.0205065013086156,1.0,1.0,1.0,1.0
nominal,I-ContinuousRiskGovernor,8031,0.0092891686312011,0.0122070781317304,0.0123217715901783,0.0,0.0,0.0,0.0,0.0207422843572461,1.0,1.0,1.0,1.0
nominal,I-ContinuousRiskGovernor,8032,0.0099720610457367,0.0123965775897932,0.0166801546310989,0.0,0.0,0.0,0.0,0.0247552562119,1.0,1.0,1.0,1.0
nominal,I-ContinuousRiskGovernor,8033,0.0101044831276681,0.0126104267233836,0.0140246587632238,0.0,0.0,0.0006436822756758,0.0909918107370336,0.0248802360442926,1.0,1.0,1.0,1.0
nominal,I-ContinuousRiskGovernor,8034,0.0093091304304603,0.012339957496242,0.0129835923147686,0.0,0.0,0.0,0.0,0.0126152198843608,1.0,1.0,1.0,1.0
nominal,I-ContinuousRiskGovernor,8035,0.0094429610464642,0.0120508748233503,0.0124566019966294,0.0,0.0,0.0,0.0,0.0220022288212326,1.0,1.0,1.0,1.0
nominal,I-ContinuousRiskGovernor,8036,0.0093396150836912,0.0116664897300198,0.0118831764631745,0.0,0.0,0.0007044733096352,0.0909918107370336,0.0223055348551562,1.0,1.0,1.0,1.0
nominal,I-ContinuousRiskGovernor,8037,0.0096073564458702,0.0125577150938381,0.0127302649000486,0.0,0.0,0.0005265048070917,0.0909918107370336,0.0204907196406415,1.0,1.0,1.0,1.0
nominal,I-ContinuousRiskGovernor,8038,0.0098811882040797,0.0125620528589023,0.0128318322617915,0.0,0.0,0.0,0.0,0.0195670410356279,1.0,1.0,1.0,1.0
nominal,I-ContinuousRiskGovernor,8039,0.0089881745035184,0.0117484239165147,0.0122476190913577,0.0,0.0,0.0,0.0,0.0169784574445951,1.0,1.0,1.0,1.0
nominal,I-ContinuousRiskGovernor,8040,0.0098207678774004,0.0134952295519778,0.0141621905889024,0.0,0.0,0.0,0.0,0.0181077205012741,1.0,1.0,1.0,1.0
nominal,I-ContinuousRiskGovernor,8041,0.0095888822011476,0.0122319999935539,0.0124870917415137,0.0,0.0,0.0,0.0,0.0187546757592529,1.0,1.0,1.0,1.0
nominal,I-ContinuousRiskGovernor,8042,0.0091217450164203,0.011816672521916,0.012232169342856,0.0,0.0,0.0,0.0,0.0195801479979428,1.0,1.0,1.0,1.0
nominal,I-ContinuousRiskGovernor,8043,0.0094797781494474,0.0134736514867298,0.0137444796004287,0.0,0.0,0.0,0.0,0.0145293244575977,1.0,1.0,1.0,1.0
nominal,I-ContinuousRiskGovernor,8044,0.0094613941176145,0.0124357613199048,0.0134662632606725,0.0,0.0,0.0,0.0,0.012934956697288,1.0,1.0,1.0,1.0
nominal,I-ContinuousRiskGovernor,8045,0.0097330505292017,0.0123383188122579,0.0124681042405677,0.0,0.0,0.0,0.0,0.0188246055718148,1.0,1.0,1.0,1.0
nominal,I-ContinuousRiskGovernor,8046,0.0097260208799287,0.0125847381643968,0.0131416291035721,0.0,0.0,0.0,0.0,0.022258291334483,1.0,1.0,1.0,1.0
nominal,I-ContinuousRiskGovernor,8047,0.0093668557707931,0.0126190124790829,0.0129439707384061,0.0,0.0,0.0,0.0,0.0138449268300502,1.0,1.0,1.0,1.0
nominal,I-ContinuousRiskGovernor,8048,0.0098845687941144,0.0128059844476109,0.013551199692231,0.0,0.0,0.0,0.0,0.0248011130712907,1.0,1.0,1.0,1.0
nominal,I-ContinuousRiskGovernor,8049,0.0094463915469238,0.0120898477385331,0.0125062322376461,0.0,0.0,0.0,0.0,0.0169195467388886,1.0,1.0,1.0,1.0
nominal,I-ContinuousRiskGovernor,8050,0.0093974310583888,0.0126067318403015,0.0131605282157678,0.0,0.0,0.0,0.0,0.0134135443972393,1.0,1.0,1.0,1.0
nominal,I-ContinuousRiskGovernor,8051,0.0100587098799135,0.0138792029699586,0.0150330852845853,0.0,0.0,0.0,0.0,0.013061266093797,1.0,1.0,1.0,1.0
nominal,I-ContinuousRiskGovernor,8052,0.0093469323874317,0.0121527389764766,0.0128044873542453,0.0,0.0,0.0,0.0,0.0145578715713287,1.0,1.0,1.0,1.0
nominal,I-ContinuousRiskGovernor,8053,0.0102499342421718,0.0131651466151564,0.013334363990882,0.0,0.0,0.0,0.0,0.0152900611970138,1.0,1.0,1.0,1.0
nominal,I-ContinuousRiskGovernor,8054,0.0091371861258547,0.0118760298526627,0.0124679529431035,0.0,0.0,0.0007484612535803,0.0909918107370336,0.0261515859098399,1.0,1.0,1.0,1.0
nominal,I-ContinuousRiskGovernor,8055,0.0096069188745619,0.0116825250919703,0.011821543754074,0.0,0.0,0.0,0.0,0.0222486479228938,1.0,1.0,1.0,1.0
nominal,I-ContinuousRiskGovernor,8056,0.010246478909124,0.0128890080134488,0.0133890020878347,0.0,0.0,0.0,0.0,0.0194327188307308,1.0,1.0,1.0,1.0
nominal,I-ContinuousRiskGovernor,8057,0.0097664711745385,0.0129980343514514,0.0134669426384832,0.0,0.0,0.0,0.0,0.0146754886990417,1.0,1.0,1.0,1.0
nominal,I-ContinuousRiskGovernor,8058,0.0100189611361773,0.0129233602593526,0.0133979502839079,0.0,0.0,0.0,0.0,0.0202822713108678,1.0,1.0,1.0,1.0
nominal,I-ContinuousRiskGovernor,8059,0.0093045447688059,0.0125942563619894,0.0131187915357284,0.0,0.0,0.0,0.0,0.0101378070957487,1.0,1.0,1.0,1.0
nominal,I-ContinuousRiskGovernor,8060,0.0099423939199249,0.0129417564351622,0.0133023755088573,0.0,0.0,0.0,0.0,0.0228186848272011,1.0,1.0,1.0,1.0
nominal,I-ContinuousRiskGovernor,8061,0.0106801538990138,0.0151242480267292,0.0154355864822667,0.0,0.0,0.0086246325457427,1.0009099181073704,0.0241887847117752,1.0,1.0,1.0,1.0
nominal,I-ContinuousRiskGovernor,8062,0.0098176260851969,0.013493221601164,0.0143913888512061,0.0,0.0,0.0,0.0,0.0154357204159616,1.0,1.0,1.0,1.0
nominal,I-ContinuousRiskGovernor,8063,0.0096917853265363,0.0123660161179288,0.017090767515965,0.0,0.0,0.0,0.0,0.0192505946257811,1.0,1.0,1.0,1.0
nominal,I-ContinuousRiskGovernor,8064,0.009525483272615,0.011986442416441,0.0123561046324968,0.0,0.0,0.0,0.0,0.0150205144962113,1.0,1.0,1.0,1.0
nominal,I-ContinuousRiskGovernor,8065,0.0102444402846209,0.0142410014835394,0.015092003262075,0.0,0.0,0.0,0.0,0.0231758206786089,1.0,1.0,1.0,1.0
nominal,I-ContinuousRiskGovernor,8066,0.0100206555137425,0.013117398817529,0.0135436230412858,0.0,0.0,0.0,0.0,0.0219417274146918,1.0,1.0,1.0,1.0
nominal,I-ContinuousRiskGovernor,8067,0.0098717084626477,0.0122514727613678,0.0151477047581341,0.0,0.0,0.0,0.0,0.0232415241967511,1.0,1.0,1.0,1.0
nominal,I-ContinuousRiskGovernor,8068,0.0097079887560732,0.0124766077215667,0.0132521257379378,0.0,0.0,0.0,0.0,0.0138211138420408,1.0,1.0,1.0,1.0
nominal,I-ContinuousRiskGovernor,8069,0.0090904345582759,0.0119411722312552,0.0127410886384525,0.0,0.0,0.0,0.0,0.0150839676135882,1.0,1.0,1.0,1.0
nominal,I-ContinuousRiskGovernor,8070,0.0102087831660845,0.013133909764871,0.0178242326731143,0.0,0.0,0.0,0.0,0.0268938464282084,1.0,1.0,1.0,1.0
nominal,I-ContinuousRiskGovernor,8071,0.0099231356646415,0.0127516209463212,0.0133675876467504,0.0,0.0,0.0,0.0,0.015769928950864,1.0,1.0,1.0,1.0
nominal,I-ContinuousRiskGovernor,8072,0.0093964460450865,0.0121903022393493,0.0126467634971277,0.0,0.0,0.0,0.0,0.0146964382552395,1.0,1.0,1.0,1.0
nominal,I-ContinuousRiskGovernor,8073,0.0096938160738395,0.0126302251344303,0.0132570711619801,0.0,0.0,0.0,0.0,0.0126030277516189,1.0,1.0,1.0,1.0
nominal,I-ContinuousRiskGovernor,8074,0.0096771782498366,0.0130932099867627,0.0137417481005895,0.0,0.0,0.0,0.0,0.0133480342268284,1.0,1.0,1.0,1.0
nominal,I-ContinuousRiskGovernor,8075,0.00998234650985,0.0133086913531438,0.0138105638226146,0.0,0.0,0.0,0.0,0.019659785394289,1.0,1.0,1.0,1.0
nominal,I-ContinuousRiskGovernor,8076,0.0097734484162867,0.0124113023801528,0.0133928993498514,0.0,0.0,0.0,0.0,0.0166221169509111,1.0,1.0,1.0,1.0
nominal,I-ContinuousRiskGovernor,8077,0.0096183720773036,0.0123187022476293,0.0128900771438713,0.0,0.0,0.0,0.0,0.0207092040971739,1.0,1.0,1.0,1.0
nominal,I-ContinuousRiskGovernor,8078,0.0098063254755953,0.0127077431932844,0.0130150636728753,0.0,0.0,0.0,0.0,0.0147003824671174,1.0,1.0,1.0,1.0
nominal,I-ContinuousRiskGovernor,8079,0.0097049332670658,0.0125456340063017,0.013164194114021,0.0,0.0,0.0,0.0,0.0137509299423003,1.0,1.0,1.0,1.0
nominal,I-ContinuousRiskGovernor,8080,0.0100771419875365,0.0140360785603496,0.0145000693920786,0.0,0.0,0.0,0.0,0.0184706355821036,1.0,1.0,1.0,1.0
nominal,I-ContinuousRiskGovernor,8081,0.0099339106718612,0.0129319126132071,0.0136589301124146,0.0,0.0,0.0,0.0,0.021436594436023,1.0,1.0,1.0,1.0
nominal,I-ContinuousRiskGovernor,8082,0.0098508332204416,0.0124217774135884,0.0129937487484363,0.0,0.0,0.0,0.0,0.0135941021860687,1.0,1.0,1.0,1.0
nominal,I-ContinuousRiskGovernor,8083,0.009526545594236,0.0127409652603961,0.013378933704034,0.0,0.0,0.0,0.0,0.0146402020172225,1.0,1.0,1.0,1.0
nominal,I-ContinuousRiskGovernor,8084,0.0094632948841628,0.0122359196939797,0.0123424412185838,0.0,0.0,0.0,0.0,0.016231798302364,1.0,1.0,1.0,1.0
nominal,I-ContinuousRiskGovernor,8085,0.0097290405242896,0.0124762052197952,0.0129455414880641,0.0,0.0,0.0,0.0,0.01543867852211,1.0,1.0,1.0,1.0
nominal,I-ContinuousRiskGovernor,8086,0.0098088999985591,0.0126102790882133,0.0133584632924187,0.0,0.0,0.0,0.0,0.0185692335308679,1.0,1.0,1.0,1.0
nominal,I-ContinuousRiskGovernor,8087,0.0095355364409792,0.0123791424905958,0.0129852389399088,0.0,0.0,0.0,0.0,0.0154274280374603,1.0,1.0,1.0,1.0
nominal,I-ContinuousRiskGovernor,8088,0.0097155357767107,0.0124846571167757,0.0130452554077535,0.0,0.0,0.0,0.0,0.0156338386751271,1.0,1.0,1.0,1.0
nominal,I-ContinuousRiskGovernor,8089,0.0101148295333246,0.0133546897120948,0.0136209331137688,0.0,0.0,0.0,0.0,0.0188088449935377,1.0,1.0,1.0,1.0
nominal,I-ContinuousRiskGovernor,8090,0.0099740412194864,0.0120874407504295,0.0125547964847017,0.0,0.0,0.0,0.0,0.0218308308695967,1.0,1.0,1.0,1.0
nominal,I-ContinuousRiskGovernor,8091,0.0101019025487186,0.0134563117695535,0.0138858769685445,0.0,0.0,0.0,0.0,0.0162448696712631,1.0,1.0,1.0,1.0
nominal,I-ContinuousRiskGovernor,8092,0.0095345406542695,0.0127882052029148,0.0135963731556443,0.0,0.0,0.0,0.0,0.0129285694315953,1.0,1.0,1.0,1.0
nominal,I-ContinuousRiskGovernor,8093,0.0095781091231427,0.0126640988315381,0.0132775113345205,0.0,0.0,0.0,0.0,0.0167292101190524,1.0,1.0,1.0,1.0
nominal,I-ContinuousRiskGovernor,8094,0.0093112614248379,0.0121459882706169,0.0125656143978923,0.0,0.0,0.0,0.0,0.0160390944499227,1.0,1.0,1.0,1.0
nominal,I-ContinuousRiskGovernor,8095,0.0099534902875319,0.0128010078688748,0.013254110073567,0.0,0.0,0.0,0.0,0.0167564510773566,1.0,1.0,1.0,1.0
nominal,I-ContinuousRiskGovernor,8096,0.0097205490038295,0.0130618056652212,0.0147450256659586,0.0,0.0,0.0,0.0,0.0167828513284284,1.0,1.0,1.0,1.0
nominal,I-ContinuousRiskGovernor,8097,0.0097770784154821,0.0121912044621906,0.0143026606070775,0.0,0.0,0.0,0.0,0.0128155700943278,1.0,1.0,1.0,1.0
nominal,I-ContinuousRiskGovernor,8098,0.0096621802776007,0.0122209450315423,0.012767732242022,0.0,0.0,0.0,0.0,0.0183438582470504,1.0,1.0,1.0,1.0
nominal,I-ContinuousRiskGovernor,8099,0.0094291937648938,0.0119242719273638,0.0123474351948753,0.0,0.0,0.0,0.0,0.0156261308434116,1.0,1.0,1.0,1.0
wind3,CurrentOnly-AE-CeNN-494,8000,0.1103717584714881,0.1458013952455386,0.1489076459425285,0.0,0.0,0.0,0.0,0.0,1.0,1.0,1.0,1.0
wind3,CurrentOnly-AE-CeNN-494,8001,0.1288777597334083,0.1593896566753466,0.165757273469916,0.0,0.0,0.0,0.0,0.0,1.0,1.0,1.0,1.0
wind3,CurrentOnly-AE-CeNN-494,8002,0.1166140076159471,0.1619271321460527,0.1654940819792131,0.0,0.0,0.0,0.0,0.0,1.0,1.0,1.0,1.0
wind3,CurrentOnly-AE-CeNN-494,8003,0.1159581577611336,0.141798684101519,0.1490736409549501,0.0,0.0,0.0,0.0,0.0,1.0,1.0,1.0,1.0
wind3,CurrentOnly-AE-CeNN-494,8004,0.1275121712193629,0.156524993028704,0.1628198110294881,0.0,0.0,0.0,0.0,0.0,1.0,1.0,1.0,1.0
wind3,CurrentOnly-AE-CeNN-494,8005,0.1226561845803815,0.1550272065385555,0.1580739856433037,0.0,0.0,0.0,0.0,0.0,1.0,1.0,1.0,1.0
wind3,CurrentOnly-AE-CeNN-494,8006,0.1562961946908338,0.208168864812988,0.2164364852894201,0.0,0.0,0.0,0.0,0.0,1.0,1.0,1.0,1.0
wind3,CurrentOnly-AE-CeNN-494,8007,0.1161622471666346,0.1487681498507017,0.1510668995888759,0.0,0.0,0.0,0.0,0.0,1.0,1.0,1.0,1.0
wind3,CurrentOnly-AE-CeNN-494,8008,0.1322872788779992,0.1797900252395772,0.1865711300769271,0.0,0.0,0.0,0.0,0.0,1.0,1.0,1.0,1.0
wind3,CurrentOnly-AE-CeNN-494,8009,0.1503508628272293,0.2095267400458377,0.2170420058673486,0.0,0.0,0.0,0.0,0.0,1.0,1.0,1.0,1.0
wind3,CurrentOnly-AE-CeNN-494,8010,0.1260448827000946,0.1642185286465925,0.1712174513648613,0.0,0.0,0.0,0.0,0.0,1.0,1.0,1.0,1.0
wind3,CurrentOnly-AE-CeNN-494,8011,0.1173212135354594,0.1499376834212331,0.153154271739734,0.0,0.0,0.0,0.0,0.0,1.0,1.0,1.0,1.0
wind3,CurrentOnly-AE-CeNN-494,8012,0.1055822558666246,0.137496864863626,0.1477809544510187,0.0,0.0,0.0,0.0,0.0,1.0,1.0,1.0,1.0
wind3,CurrentOnly-AE-CeNN-494,8013,0.1091000687200788,0.1333732888819268,0.1348885929320799,0.0,0.0,0.0,0.0,0.0,1.0,1.0,1.0,1.0
wind3,CurrentOnly-AE-CeNN-494,8014,0.1226894044648778,0.1609102954779417,0.1642972459792376,0.0,0.0,0.0,0.0,0.0,1.0,1.0,1.0,1.0
wind3,CurrentOnly-AE-CeNN-494,8015,0.1114831738476218,0.1372878855125371,0.1390283644061086,0.0,0.0,0.0,0.0,0.0,1.0,1.0,1.0,1.0
wind3,CurrentOnly-AE-CeNN-494,8016,0.1067519571370914,0.135369909901819,0.1418022208904676,0.0,0.0,0.0,0.0,0.0,1.0,1.0,1.0,1.0
wind3,CurrentOnly-AE-CeNN-494,8017,0.1310014327965651,0.1747037277333454,0.1811780197397883,0.0,0.0,0.0,0.0,0.0,1.0,1.0,1.0,1.0
wind3,CurrentOnly-AE-CeNN-494,8018,0.1316615763609323,0.1567733017926067,0.1595736646492238,0.0,0.0,0.0,0.0,0.0,1.0,1.0,1.0,1.0
wind3,CurrentOnly-AE-CeNN-494,8019,0.1020000002948545,0.1309733126189576,0.1392532104086659,0.0,0.0,0.0,0.0,0.0,1.0,1.0,1.0,1.0
wind3,CurrentOnly-AE-CeNN-494,8020,0.1288311942108002,0.1726467418682916,0.182175696542277,0.0,0.0,0.0,0.0,0.0,1.0,1.0,1.0,1.0
wind3,CurrentOnly-AE-CeNN-494,8021,0.1073263430452566,0.12248990067235,0.1261624315165727,0.0,0.0,0.0,0.0,0.0,1.0,1.0,1.0,1.0
wind3,CurrentOnly-AE-CeNN-494,8022,0.1094206093845034,0.151357161445555,0.1556195197828576,0.0,0.0,0.0,0.0,0.0,1.0,1.0,1.0,1.0
wind3,CurrentOnly-AE-CeNN-494,8023,0.1409896641234461,0.1832247176510338,0.1913019306630753,0.0,0.0,0.0,0.0,0.0,1.0,1.0,1.0,1.0
wind3,CurrentOnly-AE-CeNN-494,8024,0.1162482130256699,0.1462490499773182,0.1772179332453781,0.0,0.0,0.0,0.0,0.0,1.0,1.0,1.0,1.0
wind3,CurrentOnly-AE-CeNN-494,8025,0.1204360447979883,0.1398554277631829,0.1409592891031558,0.0,0.0,0.0,0.0,0.0,1.0,1.0,1.0,1.0
wind3,CurrentOnly-AE-CeNN-494,8026,0.1323776665577413,0.1641615815209778,0.1648640566005456,0.0,0.0,0.0,0.0,0.0,1.0,1.0,1.0,1.0
wind3,CurrentOnly-AE-CeNN-494,8027,0.1218185750176821,0.1492063396267582,0.1548946166452983,0.0,0.0,0.0,0.0,0.0,1.0,1.0,1.0,1.0
wind3,CurrentOnly-AE-CeNN-494,8028,0.1189058258940312,0.1363770228705485,0.1384401861796374,0.0,0.0,0.0,0.0,0.0,1.0,1.0,1.0,1.0
wind3,CurrentOnly-AE-CeNN-494,8029,0.1198370001814929,0.181012468162355,0.1885947101924587,0.0,0.0,0.0,0.0,0.0,1.0,1.0,1.0,1.0
wind3,CurrentOnly-AE-CeNN-494,8030,0.1234802071761723,0.1525868649302595,0.1578015418669011,0.0,0.0,0.0,0.0,0.0,1.0,1.0,1.0,1.0
wind3,CurrentOnly-AE-CeNN-494,8031,0.1259046790862139,0.1518244402070676,0.1559019499552024,0.0,0.0,0.0,0.0,0.0,1.0,1.0,1.0,1.0
wind3,CurrentOnly-AE-CeNN-494,8032,0.1245099457779311,0.1520893688573585,0.1595188110076857,0.0,0.0,0.0,0.0,0.0,1.0,1.0,1.0,1.0
wind3,CurrentOnly-AE-CeNN-494,8033,0.1150102505120727,0.1371546927495193,0.139824575624841,0.0,0.0,0.0,0.0,0.0,1.0,1.0,1.0,1.0
wind3,CurrentOnly-AE-CeNN-494,8034,0.1159600052902803,0.1555730889314091,0.161926486893488,0.0,0.0,0.0,0.0,0.0,1.0,1.0,1.0,1.0
wind3,CurrentOnly-AE-CeNN-494,8035,0.1161259697802477,0.1414913310631152,0.1472215369115951,0.0,0.0,0.0,0.0,0.0,1.0,1.0,1.0,1.0
wind3,CurrentOnly-AE-CeNN-494,8036,0.1236951460098546,0.170889666331858,0.1739730001126139,0.0,0.0,0.0,0.0,0.0,1.0,1.0,1.0,1.0
wind3,CurrentOnly-AE-CeNN-494,8037,0.1171768930147398,0.1819070397768124,0.199291110860486,0.0,0.0,0.0,0.0,0.0,1.0,1.0,1.0,1.0
wind3,CurrentOnly-AE-CeNN-494,8038,0.1397139230783211,0.1811035783926803,0.1884680912021962,0.0,0.0,0.0,0.0,0.0,1.0,1.0,1.0,1.0
wind3,CurrentOnly-AE-CeNN-494,8039,0.1211418872220639,0.1450138309996745,0.1485090841743166,0.0,0.0,0.0,0.0,0.0,1.0,1.0,1.0,1.0
wind3,CurrentOnly-AE-CeNN-494,8040,0.1156488976578458,0.1361618118498638,0.1456366342951319,0.0,0.0,0.0,0.0,0.0,1.0,1.0,1.0,1.0
wind3,CurrentOnly-AE-CeNN-494,8041,0.1374705118177465,0.1595684633626586,0.1680982259199201,0.0,0.0,0.0,0.0,0.0,1.0,1.0,1.0,1.0
wind3,CurrentOnly-AE-CeNN-494,8042,0.1076077761353974,0.1355311318709728,0.1385781649294968,0.0,0.0,0.0,0.0,0.0,1.0,1.0,1.0,1.0
wind3,CurrentOnly-AE-CeNN-494,8043,0.1021900070364155,0.1439269642866048,0.1493856426271185,0.0,0.0,0.0,0.0,0.0,1.0,1.0,1.0,1.0
wind3,CurrentOnly-AE-CeNN-494,8044,0.1244047680578081,0.1516597305024419,0.1581043970776714,0.0,0.0,0.0,0.0,0.0,1.0,1.0,1.0,1.0
wind3,CurrentOnly-AE-CeNN-494,8045,0.1326772857795829,0.1974318110969361,0.2130345234479684,0.0,0.0,0.0,0.0,0.0,1.0,1.0,1.0,1.0
wind3,CurrentOnly-AE-CeNN-494,8046,0.1065955392046828,0.1322003183296486,0.1402065617277056,0.0,0.0,0.0,0.0,0.0,1.0,1.0,1.0,1.0
wind3,CurrentOnly-AE-CeNN-494,8047,0.1135725795128321,0.146255891917678,0.1488051114673629,0.0,0.0,0.0,0.0,0.0,1.0,1.0,1.0,1.0
wind3,CurrentOnly-AE-CeNN-494,8048,0.1181553026033202,0.1403440405801453,0.143539438067591,0.0,0.0,0.0,0.0,0.0,1.0,1.0,1.0,1.0
wind3,CurrentOnly-AE-CeNN-494,8049,0.1047940146587296,0.1346406309193496,0.1407723205497744,0.0,0.0,0.0,0.0,0.0,1.0,1.0,1.0,1.0
wind3,CurrentOnly-AE-CeNN-494,8050,0.1024247838265019,0.126325885234599,0.1317894960813543,0.0,0.0,0.0,0.0,0.0,1.0,1.0,1.0,1.0
wind3,CurrentOnly-AE-CeNN-494,8051,0.1160473273255364,0.1458398876901814,0.1676138879674476,0.0,0.0,0.0,0.0,0.0,1.0,1.0,1.0,1.0
wind3,CurrentOnly-AE-CeNN-494,8052,0.1134138086675045,0.1238994470532878,0.1247870535048813,0.0,0.0,0.0,0.0,0.0,1.0,1.0,1.0,1.0
wind3,CurrentOnly-AE-CeNN-494,8053,0.1079552252281136,0.1318061197961873,0.1351695568264634,0.0,0.0,0.0,0.0,0.0,1.0,1.0,1.0,1.0
wind3,CurrentOnly-AE-CeNN-494,8054,0.1284448904624817,0.1787537060739528,0.1815476077970331,0.0,0.0,0.0,0.0,0.0,1.0,1.0,1.0,1.0
wind3,CurrentOnly-AE-CeNN-494,8055,0.1048418806406277,0.1326901510076881,0.134659149020411,0.0,0.0,0.0,0.0,0.0,1.0,1.0,1.0,1.0
wind3,CurrentOnly-AE-CeNN-494,8056,0.1062825107892822,0.1288082258939809,0.1307587980545337,0.0,0.0,0.0,0.0,0.0,1.0,1.0,1.0,1.0
wind3,CurrentOnly-AE-CeNN-494,8057,0.1175883866726292,0.1460503326254879,0.155677294337557,0.0,0.0,0.0,0.0,0.0,1.0,1.0,1.0,1.0
wind3,CurrentOnly-AE-CeNN-494,8058,0.0999131024422698,0.1364720742423175,0.1439558653552515,0.0,0.0,0.0,0.0,0.0,1.0,1.0,1.0,1.0
wind3,CurrentOnly-AE-CeNN-494,8059,0.1086419817403964,0.139942263965716,0.1430501868961279,0.0,0.0,0.0,0.0,0.0,1.0,1.0,1.0,1.0
wind3,CurrentOnly-AE-CeNN-494,8060,0.120846349476497,0.189812106506768,0.1964677223076937,0.0,0.0,0.0,0.0,0.0,1.0,1.0,1.0,1.0
wind3,CurrentOnly-AE-CeNN-494,8061,0.1128372742631243,0.1350702358831858,0.1415495902587737,0.0,0.0,0.0,0.0,0.0,1.0,1.0,1.0,1.0
wind3,CurrentOnly-AE-CeNN-494,8062,0.1189705962770357,0.146885808765578,0.1501080775706304,0.0,0.0,0.0,0.0,0.0,1.0,1.0,1.0,1.0
wind3,CurrentOnly-AE-CeNN-494,8063,0.1339794656618387,0.1767569414282488,0.1821001764225812,0.0,0.0,0.0,0.0,0.0,1.0,1.0,1.0,1.0
wind3,CurrentOnly-AE-CeNN-494,8064,0.105190693904328,0.1336701408315342,0.1397506025964902,0.0,0.0,0.0,0.0,0.0,1.0,1.0,1.0,1.0
wind3,CurrentOnly-AE-CeNN-494,8065,0.1410228274998403,0.1676079905561735,0.1735685285207751,0.0,0.0,0.0,0.0,0.0,1.0,1.0,1.0,1.0
wind3,CurrentOnly-AE-CeNN-494,8066,0.1205578020643215,0.1564989123804801,0.160515807021619,0.0,0.0,0.0,0.0,0.0,1.0,1.0,1.0,1.0
wind3,CurrentOnly-AE-CeNN-494,8067,0.1178649759383363,0.1381074938829126,0.1446865316386319,0.0,0.0,0.0,0.0,0.0,1.0,1.0,1.0,1.0
wind3,CurrentOnly-AE-CeNN-494,8068,0.1125813931705103,0.1406537502874037,0.1449369014173528,0.0,0.0,0.0,0.0,0.0,1.0,1.0,1.0,1.0
wind3,CurrentOnly-AE-CeNN-494,8069,0.1229483543294858,0.165745280010507,0.176655035656504,0.0,0.0,0.0,0.0,0.0,1.0,1.0,1.0,1.0
wind3,CurrentOnly-AE-CeNN-494,8070,0.1177996205590567,0.1462697780566683,0.1609133368361219,0.0,0.0,0.0,0.0,0.0,1.0,1.0,1.0,1.0
wind3,CurrentOnly-AE-CeNN-494,8071,0.1339758615844645,0.1795374814584196,0.186065917555996,0.0,0.0,0.0,0.0,0.0,1.0,1.0,1.0,1.0
wind3,CurrentOnly-AE-CeNN-494,8072,0.1249445941432369,0.1752877680069837,0.1804715580921304,0.0,0.0,0.0,0.0,0.0,1.0,1.0,1.0,1.0
wind3,CurrentOnly-AE-CeNN-494,8073,0.1139778971852141,0.1280097250926231,0.1300432806656722,0.0,0.0,0.0,0.0,0.0,1.0,1.0,1.0,1.0
wind3,CurrentOnly-AE-CeNN-494,8074,0.1254352339268644,0.1496512285264929,0.1522049191610043,0.0,0.0,0.0,0.0,0.0,1.0,1.0,1.0,1.0
wind3,CurrentOnly-AE-CeNN-494,8075,0.1157562928240527,0.1383925434141513,0.1449591800464893,0.0,0.0,0.0,0.0,0.0,1.0,1.0,1.0,1.0
wind3,CurrentOnly-AE-CeNN-494,8076,0.102714090518728,0.1372820123463773,0.1409138185623275,0.0,0.0,0.0,0.0,0.0,1.0,1.0,1.0,1.0
wind3,CurrentOnly-AE-CeNN-494,8077,0.1113009326294951,0.1635172595246672,0.1680438753194504,0.0,0.0,0.0,0.0,0.0,1.0,1.0,1.0,1.0
wind3,CurrentOnly-AE-CeNN-494,8078,0.1024346142135242,0.1305851234220441,0.1332549636930308,0.0,0.0,0.0,0.0,0.0,1.0,1.0,1.0,1.0
wind3,CurrentOnly-AE-CeNN-494,8079,0.110936708871131,0.1372242226728195,0.1396712410859457,0.0,0.0,0.0,0.0,0.0,1.0,1.0,1.0,1.0
wind3,CurrentOnly-AE-CeNN-494,8080,0.108543270948634,0.1493058732594775,0.1577798587400891,0.0,0.0,0.0,0.0,0.0,1.0,1.0,1.0,1.0
wind3,CurrentOnly-AE-CeNN-494,8081,0.1377371115203145,0.1592000084720214,0.1686645887211273,0.0,0.0,0.0,0.0,0.0,1.0,1.0,1.0,1.0
wind3,CurrentOnly-AE-CeNN-494,8082,0.1365250029679889,0.1804009251212036,0.1851822500347215,0.0,0.0,0.0,0.0,0.0,1.0,1.0,1.0,1.0
wind3,CurrentOnly-AE-CeNN-494,8083,0.1281297353862526,0.1653977148091426,0.1729990948150904,0.0,0.0,0.0,0.0,0.0,1.0,1.0,1.0,1.0
wind3,CurrentOnly-AE-CeNN-494,8084,0.1102807102187691,0.1471681823275082,0.1487119181436122,0.0,0.0,0.0,0.0,0.0,1.0,1.0,1.0,1.0
wind3,CurrentOnly-AE-CeNN-494,8085,0.1330565157681771,0.1567617130729776,0.1603646709149739,0.0,0.0,0.0,0.0,0.0,1.0,1.0,1.0,1.0
wind3,CurrentOnly-AE-CeNN-494,8086,0.1563555439290155,0.1813975543568049,0.1854929843086239,0.0,0.0,0.0,0.0,0.0,1.0,1.0,1.0,1.0
wind3,CurrentOnly-AE-CeNN-494,8087,0.1441454066658011,0.1668696819390756,0.1743580995923581,0.0,0.0,0.0,0.0,0.0,1.0,1.0,1.0,1.0
wind3,CurrentOnly-AE-CeNN-494,8088,0.1419773527083923,0.1957352161478069,0.201726806090172,0.0,0.0,0.0,0.0,0.0,1.0,1.0,1.0,1.0
wind3,CurrentOnly-AE-CeNN-494,8089,0.1222372399356531,0.1513804616822086,0.1539383645301294,0.0,0.0,0.0,0.0,0.0,1.0,1.0,1.0,1.0
wind3,CurrentOnly-AE-CeNN-494,8090,0.0959092244946301,0.1364266176883838,0.1433920932925198,0.0,0.0,0.0,0.0,0.0,1.0,1.0,1.0,1.0
wind3,CurrentOnly-AE-CeNN-494,8091,0.1242000523656355,0.1730941689546784,0.179951389647877,0.0,0.0,0.0,0.0,0.0,1.0,1.0,1.0,1.0
wind3,CurrentOnly-AE-CeNN-494,8092,0.1118814492777577,0.1459256418626725,0.1547249050651361,0.0,0.0,0.0,0.0,0.0,1.0,1.0,1.0,1.0
wind3,CurrentOnly-AE-CeNN-494,8093,0.119654685297109,0.1487062325443609,0.1509660301388663,0.0,0.0,0.0,0.0,0.0,1.0,1.0,1.0,1.0
wind3,CurrentOnly-AE-CeNN-494,8094,0.1319626460373341,0.1724358908154348,0.1733806622004571,0.0,0.0,0.0,0.0,0.0,1.0,1.0,1.0,1.0
wind3,CurrentOnly-AE-CeNN-494,8095,0.117914916919031,0.1647212883070979,0.1779319447669448,0.0,0.0,0.0,0.0,0.0,1.0,1.0,1.0,1.0
wind3,CurrentOnly-AE-CeNN-494,8096,0.1240917399158347,0.1566913055114229,0.1615936627239508,0.0,0.0,0.0,0.0,0.0,1.0,1.0,1.0,1.0
wind3,CurrentOnly-AE-CeNN-494,8097,0.1064636298916683,0.1299764610552567,0.1319846800376485,0.0,0.0,0.0,0.0,0.0,1.0,1.0,1.0,1.0
wind3,CurrentOnly-AE-CeNN-494,8098,0.1246232102201067,0.1445435401530201,0.1465014533721526,0.0,0.0,0.0,0.0,0.0,1.0,1.0,1.0,1.0
wind3,CurrentOnly-AE-CeNN-494,8099,0.1237117051034225,0.1572000529957642,0.1581366460019229,0.0,0.0,0.0,0.0,0.0,1.0,1.0,1.0,1.0
wind3,G-DetectorGate-noRTA,8000,0.1098130457837017,0.1453075863445863,0.1480853991813871,0.0,0.0,1.0,100.0,0.9999999999999064,1.0,1.0,1.0,1.0
wind3,G-DetectorGate-noRTA,8001,0.1283322780974234,0.1584195675355966,0.1654695477517075,0.0,0.0,1.0,100.0,0.9999999999999064,1.0,1.0,1.0,1.0
wind3,G-DetectorGate-noRTA,8002,0.1156614511470585,0.1609572646839951,0.1645222939520091,0.0,0.0,1.0,100.0,0.9999999999999064,1.0,1.0,1.0,1.0
wind3,G-DetectorGate-noRTA,8003,0.1156022521988404,0.1414886667328741,0.1487501794155536,0.0,0.0,1.0,100.0,0.9999999999999064,1.0,1.0,1.0,1.0
wind3,G-DetectorGate-noRTA,8004,0.1268950001050441,0.1554815077135349,0.1625034731682447,0.0,0.0,1.0,100.0,0.9999999999999064,1.0,1.0,1.0,1.0
wind3,G-DetectorGate-noRTA,8005,0.1220841565660189,0.1547359806263152,0.1577365172390187,0.0,0.0,1.0,100.0,0.9999999999999064,1.0,1.0,1.0,1.0
wind3,G-DetectorGate-noRTA,8006,0.1554901137320902,0.207529596625554,0.2157665787012993,0.0,0.0,1.0,100.0,0.9999999999999064,1.0,1.0,1.0,1.0
wind3,G-DetectorGate-noRTA,8007,0.1153302216185641,0.1479526636316258,0.1502401662871291,0.0,0.0,1.0,100.0,0.9999999999999064,1.0,1.0,1.0,1.0
wind3,G-DetectorGate-noRTA,8008,0.1314103549531875,0.1789256670647176,0.1857337996807396,0.0,0.0,1.0,100.0,0.9999999999999049,1.0,1.0,1.0,1.0
wind3,G-DetectorGate-noRTA,8009,0.149899838722252,0.2096065475400972,0.2171804702979325,0.0,0.0,1.0,100.0,0.9999999999999064,1.0,1.0,1.0,1.0
wind3,G-DetectorGate-noRTA,8010,0.1254744929549154,0.1642416407601455,0.171277855364816,0.0,0.0,1.0,100.0,0.9999999999999064,1.0,1.0,1.0,1.0
wind3,G-DetectorGate-noRTA,8011,0.1164354012771151,0.1488715494608418,0.1520851349478939,0.0,0.0,1.0,100.0,0.9999999999999064,1.0,1.0,1.0,1.0
wind3,G-DetectorGate-noRTA,8012,0.1048845206174911,0.1373623578048487,0.147713614766882,0.0,0.0,1.0,100.0,0.9999999999999064,1.0,1.0,1.0,1.0
wind3,G-DetectorGate-noRTA,8013,0.1085813993529273,0.1329857717157017,0.1345049309490884,0.0,0.0,1.0,100.0,0.9999999999999052,1.0,1.0,1.0,1.0
wind3,G-DetectorGate-noRTA,8014,0.1220277241826931,0.1601339568568253,0.1636054187991536,0.0,0.0,1.0,100.0,0.9999999999999064,1.0,1.0,1.0,1.0
wind3,G-DetectorGate-noRTA,8015,0.1109545709322593,0.1367900971649025,0.1384989965021647,0.0,0.0,1.0,100.0,0.9999999999999064,1.0,1.0,1.0,1.0
wind3,G-DetectorGate-noRTA,8016,0.1061973882633181,0.1348346162768119,0.1413059191775289,0.0,0.0,1.0,100.0,0.9999999999999064,1.0,1.0,1.0,1.0
wind3,G-DetectorGate-noRTA,8017,0.1302858998986567,0.173723697483721,0.1802414373032881,0.0,0.0,1.0,100.0,0.9999999998869856,1.0,1.0,1.0,1.0
wind3,G-DetectorGate-noRTA,8018,0.1313158506932383,0.1565732704949823,0.1593303289150124,0.0,0.0,1.0,100.0,0.9999999999999064,1.0,1.0,1.0,1.0
wind3,G-DetectorGate-noRTA,8019,0.1014799267168442,0.130792673817921,0.1390563936041415,0.0,0.0,1.0,100.0,0.999999999999774,1.0,1.0,1.0,1.0
wind3,G-DetectorGate-noRTA,8020,0.128216982104504,0.1718839037863429,0.181457208193735,0.0,0.0,1.0,100.0,0.9999999999999064,1.0,1.0,1.0,1.0
wind3,G-DetectorGate-noRTA,8021,0.1068092632660136,0.1219506806514326,0.1256086236621853,0.0,0.0,1.0,100.0,0.9999999999999064,1.0,1.0,1.0,1.0
wind3,G-DetectorGate-noRTA,8022,0.1088922549579458,0.1507789516062234,0.155092424729717,0.0,0.0,1.0,100.0,0.9999999999999064,1.0,1.0,1.0,1.0
wind3,G-DetectorGate-noRTA,8023,0.139951555655533,0.182609188792192,0.1907458013480453,0.0,0.0,1.0,100.0,0.9999999999999064,1.0,1.0,1.0,1.0
wind3,G-DetectorGate-noRTA,8024,0.1158220627751723,0.1459398491951548,0.1768582213146356,0.0,0.0,1.0,100.0,0.9999999999999064,1.0,1.0,1.0,1.0
wind3,G-DetectorGate-noRTA,8025,0.1198286260508103,0.1390700465687374,0.1398908495902287,0.0,0.0,1.0,100.0,0.9999999999999064,1.0,1.0,1.0,1.0
wind3,G-DetectorGate-noRTA,8026,0.1317872961462096,0.1634495713717394,0.1641363947424106,0.0,0.0,1.0,100.0,0.9999999999999064,1.0,1.0,1.0,1.0
wind3,G-DetectorGate-noRTA,8027,0.1210947657597682,0.1481770880683183,0.1539095714604756,0.0,0.0,1.0,100.0,0.9999999999999064,1.0,1.0,1.0,1.0
wind3,G-DetectorGate-noRTA,8028,0.117808814255632,0.1352653464342029,0.1373951831718204,0.0,0.0,1.0,100.0,0.9999999999999064,1.0,1.0,1.0,1.0
wind3,G-DetectorGate-noRTA,8029,0.1192860892316745,0.1802647257720991,0.1878700173573513,0.0,0.0,1.0,100.0,0.9999999999999064,1.0,1.0,1.0,1.0
wind3,G-DetectorGate-noRTA,8030,0.1227091551696104,0.1515594117486773,0.1570439579468904,0.0,0.0,1.0,100.0,0.9999999999999064,1.0,1.0,1.0,1.0
wind3,G-DetectorGate-noRTA,8031,0.1247994858404558,0.1507307365131268,0.1548163616978139,0.0,0.0,1.0,100.0,0.9999999999999064,1.0,1.0,1.0,1.0
wind3,G-DetectorGate-noRTA,8032,0.12372154571724,0.1514377901458265,0.1587188010114364,0.0,0.0,1.0,100.0,0.9999999999999064,1.0,1.0,1.0,1.0
wind3,G-DetectorGate-noRTA,8033,0.1146717740930639,0.1367152045469167,0.139379119426981,0.0,0.0,1.0,100.0,0.9999999999999064,1.0,1.0,1.0,1.0
wind3,G-DetectorGate-noRTA,8034,0.1156853477193255,0.1554842792684832,0.1618307245475831,0.0,0.0,1.0,100.0,0.9999999999999064,1.0,1.0,1.0,1.0
wind3,G-DetectorGate-noRTA,8035,0.1151993623409236,0.1405485020772025,0.1462703469879486,0.0,0.0,1.0,100.0,0.9999999999999064,1.0,1.0,1.0,1.0
wind3,G-DetectorGate-noRTA,8036,0.1228130570664247,0.1702757375535398,0.1733571049571029,0.0,0.0,1.0,100.0,0.9999999999999064,1.0,1.0,1.0,1.0
wind3,G-DetectorGate-noRTA,8037,0.1166593235059786,0.1810039914214572,0.1983606980307333,0.0,0.0,1.0,100.0,0.9999999999999064,1.0,1.0,1.0,1.0
wind3,G-DetectorGate-noRTA,8038,0.1389502715259626,0.1802183711156706,0.1875599959771215,0.0,0.0,1.0,100.0,0.9999999999999064,1.0,1.0,1.0,1.0
wind3,G-DetectorGate-noRTA,8039,0.1208229168059112,0.1446301285255198,0.1481100939516853,0.0,0.0,1.0,100.0,0.9999999999999064,1.0,1.0,1.0,1.0
wind3,G-DetectorGate-noRTA,8040,0.1145141438416147,0.1349274084468945,0.1447482006496667,0.0,0.0,1.0,100.0,0.9999999999999064,1.0,1.0,1.0,1.0
wind3,G-DetectorGate-noRTA,8041,0.1365900270983497,0.1587985511002841,0.1675031708062081,0.0,0.0,1.0,100.0,0.9999999999999064,1.0,1.0,1.0,1.0
wind3,G-DetectorGate-noRTA,8042,0.1065985302543322,0.1345636829287843,0.1372658684683768,0.0,0.0,1.0,100.0,0.9999999999999064,1.0,1.0,1.0,1.0
wind3,G-DetectorGate-noRTA,8043,0.1014637594731514,0.1434353284461324,0.1487904285590032,0.0,0.0,1.0,100.0,0.9999999999999064,1.0,1.0,1.0,1.0
wind3,G-DetectorGate-noRTA,8044,0.1234423231550044,0.1508740684571467,0.1571114772887683,0.0,0.0,1.0,100.0,0.9999999999999064,1.0,1.0,1.0,1.0
wind3,G-DetectorGate-noRTA,8045,0.132180289547303,0.1971489911971387,0.2126826553700497,0.0,0.0,1.0,100.0,0.9999999999999064,1.0,1.0,1.0,1.0
wind3,G-DetectorGate-noRTA,8046,0.1060109925530422,0.1316763884286391,0.1396511115001854,0.0,0.0,1.0,100.0,0.9999999999999064,1.0,1.0,1.0,1.0
wind3,G-DetectorGate-noRTA,8047,0.1130044473393175,0.1454569697225053,0.1481462827487916,0.0,0.0,1.0,100.0,0.9999999999999064,1.0,1.0,1.0,1.0
wind3,G-DetectorGate-noRTA,8048,0.1178442729158283,0.1400713065169608,0.1431161848025694,0.0,0.0,1.0,100.0,0.9999999999999064,1.0,1.0,1.0,1.0
wind3,G-DetectorGate-noRTA,8049,0.1040661602207189,0.1335885621269698,0.1397304779597333,0.0,0.0,1.0,100.0,0.9999999999997996,1.0,1.0,1.0,1.0
wind3,G-DetectorGate-noRTA,8050,0.1018031396983302,0.1260432441468607,0.1314154474070538,0.0,0.0,1.0,100.0,0.9999999999999044,1.0,1.0,1.0,1.0
wind3,G-DetectorGate-noRTA,8051,0.115238739626151,0.1444098334609886,0.1662351142646821,0.0,0.0,1.0,100.0,0.9999999999999064,1.0,1.0,1.0,1.0
wind3,G-DetectorGate-noRTA,8052,0.1128101185249707,0.1234211329811252,0.1243767038107474,0.0,0.0,1.0,100.0,0.9999999999999064,1.0,1.0,1.0,1.0
wind3,G-DetectorGate-noRTA,8053,0.1072750340454929,0.1309625757454872,0.1342062958523391,0.0,0.0,1.0,100.0,0.9999999999999064,1.0,1.0,1.0,1.0
wind3,G-DetectorGate-noRTA,8054,0.1275715410619789,0.1778636454313735,0.1806461799389136,0.0,0.0,1.0,100.0,0.9999999999999049,1.0,1.0,1.0,1.0
wind3,G-DetectorGate-noRTA,8055,0.1040955140052521,0.1315159168410396,0.1335323238186296,0.0,0.0,1.0,100.0,0.9999999999365464,1.0,1.0,1.0,1.0
wind3,G-DetectorGate-noRTA,8056,0.1059338859823082,0.1285799085181352,0.1305520923237738,0.0,0.0,1.0,100.0,0.9999999999998848,1.0,1.0,1.0,1.0
wind3,G-DetectorGate-noRTA,8057,0.1169820799319865,0.14510825582552,0.1547714248690649,0.0,0.0,1.0,100.0,0.9999999999999064,1.0,1.0,1.0,1.0
wind3,G-DetectorGate-noRTA,8058,0.0993047323445426,0.1359307613375681,0.1433926137216662,0.0,0.0,1.0,100.0,0.9999999999902688,1.0,1.0,1.0,1.0
wind3,G-DetectorGate-noRTA,8059,0.108206395603317,0.1392888271773031,0.1424423187266244,0.0,0.0,1.0,100.0,0.9999999999999064,1.0,1.0,1.0,1.0
wind3,G-DetectorGate-noRTA,8060,0.120032652189433,0.1893150185976655,0.1960105994783374,0.0,0.0,1.0,100.0,0.9999999999999064,1.0,1.0,1.0,1.0
wind3,G-DetectorGate-noRTA,8061,0.1122837017250539,0.1342514488887969,0.1407359824191971,0.0,0.0,1.0,100.0,0.9999999999999064,1.0,1.0,1.0,1.0
wind3,G-DetectorGate-noRTA,8062,0.1183993920807482,0.1462798794508954,0.1492430297843245,0.0,0.0,1.0,100.0,0.9999999999999064,1.0,1.0,1.0,1.0
wind3,G-DetectorGate-noRTA,8063,0.1333396732307015,0.1759683725626005,0.1811979002311744,0.0,0.0,1.0,100.0,0.9999999999999064,1.0,1.0,1.0,1.0
wind3,G-DetectorGate-noRTA,8064,0.1045387565505572,0.1327512222001504,0.1388031183576188,0.0,0.0,1.0,100.0,0.9999999999999064,1.0,1.0,1.0,1.0
wind3,G-DetectorGate-noRTA,8065,0.1401423150701966,0.1670039976376124,0.1730184095256763,0.0,0.0,1.0,100.0,0.9999999999999064,1.0,1.0,1.0,1.0
wind3,G-DetectorGate-noRTA,8066,0.1197842501919621,0.1554154621939865,0.1593406431668859,0.0,0.0,1.0,100.0,0.9999999999999064,1.0,1.0,1.0,1.0
wind3,G-DetectorGate-noRTA,8067,0.1172796261870306,0.1374648403579459,0.1439995564386074,0.0,0.0,1.0,100.0,0.9999999999999064,1.0,1.0,1.0,1.0
wind3,G-DetectorGate-noRTA,8068,0.1122798073804933,0.1401713483051548,0.1444322185743859,0.0,0.0,1.0,100.0,0.9999999999995874,1.0,1.0,1.0,1.0
wind3,G-DetectorGate-noRTA,8069,0.1224790755987275,0.1656759580063517,0.1766042727738145,0.0,0.0,1.0,100.0,0.9999999999999064,1.0,1.0,1.0,1.0
wind3,G-DetectorGate-noRTA,8070,0.1171067067596483,0.1457366801901036,0.1600418426845377,0.0,0.0,1.0,100.0,0.9999999999999064,1.0,1.0,1.0,1.0
wind3,G-DetectorGate-noRTA,8071,0.1336157895479517,0.1795074737422151,0.1860013685581549,0.0,0.0,1.0,100.0,0.9999999999999064,1.0,1.0,1.0,1.0
wind3,G-DetectorGate-noRTA,8072,0.1243025712335213,0.1749385219101022,0.1801557582125051,0.0,0.0,1.0,100.0,0.9999999999999064,1.0,1.0,1.0,1.0
wind3,G-DetectorGate-noRTA,8073,0.1127961401207786,0.1267369176774992,0.1288286435128465,0.0,0.0,1.0,100.0,0.9999999999999064,1.0,1.0,1.0,1.0
wind3,G-DetectorGate-noRTA,8074,0.125098700950162,0.1493428161496514,0.1518887446498384,0.0,0.0,1.0,100.0,0.9999999999999064,1.0,1.0,1.0,1.0
wind3,G-DetectorGate-noRTA,8075,0.1150751064094822,0.1377034026774389,0.1441896969299622,0.0,0.0,1.0,100.0,0.9999999999999064,1.0,1.0,1.0,1.0
wind3,G-DetectorGate-noRTA,8076,0.1019722494162408,0.1364129931111241,0.1400898219270505,0.0,0.0,1.0,100.0,0.9999999999999064,1.0,1.0,1.0,1.0
wind3,G-DetectorGate-noRTA,8077,0.1108012224279897,0.1632251626616976,0.1677816228350847,0.0,0.0,1.0,100.0,0.9999999999976468,1.0,1.0,1.0,1.0
wind3,G-DetectorGate-noRTA,8078,0.1019892385619698,0.1301684396194622,0.1328090203240309,0.0,0.0,1.0,100.0,0.9999999999999064,1.0,1.0,1.0,1.0
wind3,G-DetectorGate-noRTA,8079,0.109922356448677,0.1361794351514683,0.1385319591455016,0.0,0.0,1.0,100.0,0.9999999999999064,1.0,1.0,1.0,1.0
wind3,G-DetectorGate-noRTA,8080,0.1079262801555177,0.1486473329448118,0.1570964947613616,0.0,0.0,1.0,100.0,0.999999999999894,1.0,1.0,1.0,1.0
wind3,G-DetectorGate-noRTA,8081,0.1375110674928616,0.1591527010543314,0.1683277858675388,0.0,0.0,1.0,100.0,0.9999999999999064,1.0,1.0,1.0,1.0
wind3,G-DetectorGate-noRTA,8082,0.136202971604098,0.1803606996796644,0.1851787239542064,0.0,0.0,1.0,100.0,0.9999999999999064,1.0,1.0,1.0,1.0
wind3,G-DetectorGate-noRTA,8083,0.12767038255416,0.1646718390374821,0.172244197379438,0.0,0.0,1.0,100.0,0.9999999999999064,1.0,1.0,1.0,1.0
wind3,G-DetectorGate-noRTA,8084,0.1092459349700374,0.1460390456800019,0.1476336926363762,0.0,0.0,1.0,100.0,0.9999999999998832,1.0,1.0,1.0,1.0
wind3,G-DetectorGate-noRTA,8085,0.1326151261622161,0.1567367101786595,0.1602026321201204,0.0,0.0,1.0,100.0,0.9999999999999064,1.0,1.0,1.0,1.0
wind3,G-DetectorGate-noRTA,8086,0.155664981273629,0.1808941936659467,0.1849119874790646,0.0,0.0,1.0,100.0,0.9999999999999064,1.0,1.0,1.0,1.0
wind3,G-DetectorGate-noRTA,8087,0.1438010623474168,0.1668048383622592,0.1743072024294324,0.0,0.0,1.0,100.0,0.9999999999999064,1.0,1.0,1.0,1.0
wind3,G-DetectorGate-noRTA,8088,0.1414903391902322,0.195011367222983,0.2013210923322847,0.0,0.0,1.0,100.0,0.9999999999999064,1.0,1.0,1.0,1.0
wind3,G-DetectorGate-noRTA,8089,0.1218827686146551,0.1511271030525163,0.1538042491307629,0.0,0.0,1.0,100.0,0.9999999999999064,1.0,1.0,1.0,1.0
wind3,G-DetectorGate-noRTA,8090,0.0953557034618617,0.1360833379024477,0.1429601065114611,0.0,0.0,1.0,100.0,0.9999999999964418,1.0,1.0,1.0,1.0
wind3,G-DetectorGate-noRTA,8091,0.1236753778596311,0.1723403697269608,0.1791564360349703,0.0,0.0,1.0,100.0,0.9999999999999064,1.0,1.0,1.0,1.0
wind3,G-DetectorGate-noRTA,8092,0.1112789684879665,0.1449328416615834,0.153615727788599,0.0,0.0,1.0,100.0,0.9999999999999064,1.0,1.0,1.0,1.0
wind3,G-DetectorGate-noRTA,8093,0.1190572408722859,0.1479596964621834,0.1502365310566053,0.0,0.0,1.0,100.0,0.9999999999999064,1.0,1.0,1.0,1.0
wind3,G-DetectorGate-noRTA,8094,0.131296016150354,0.1718668992694424,0.1728136106857321,0.0,0.0,1.0,100.0,0.9999999999999064,1.0,1.0,1.0,1.0
wind3,G-DetectorGate-noRTA,8095,0.1174088098395211,0.1643425412033501,0.1776820681733443,0.0,0.0,1.0,100.0,0.9999999999999064,1.0,1.0,1.0,1.0
wind3,G-DetectorGate-noRTA,8096,0.123786204587727,0.1564582308213943,0.1613481477690186,0.0,0.0,1.0,100.0,0.9999999999999064,1.0,1.0,1.0,1.0
wind3,G-DetectorGate-noRTA,8097,0.1060838857154244,0.1295945076337875,0.1315833972988142,0.0,0.0,1.0,100.0,0.9999999999999064,1.0,1.0,1.0,1.0
wind3,G-DetectorGate-noRTA,8098,0.1242276848569465,0.1441507591729015,0.1459891564465821,0.0,0.0,1.0,100.0,0.9999999999999064,1.0,1.0,1.0,1.0
wind3,G-DetectorGate-noRTA,8099,0.1228327098557618,0.1562837394732243,0.1571528496362382,0.0,0.0,1.0,100.0,0.9999999999999064,1.0,1.0,1.0,1.0
wind3,H-RTA-SupervisedGate,8000,0.1098129168984163,0.1453075861474098,0.1480853991813722,0.0,0.0,1.0,100.0,,,,,
wind3,H-RTA-SupervisedGate,8001,0.1283324132952103,0.1584195675356229,0.1654695481629757,0.0,0.0,1.0,100.0,,,,,
wind3,H-RTA-SupervisedGate,8002,0.1156615520641851,0.1609575137190761,0.1645223988026683,0.0,0.0,1.0,100.0,,,,,
wind3,H-RTA-SupervisedGate,8003,0.1156022992081865,0.1414886667328647,0.148750179803499,0.0,0.0,1.0,100.0,,,,,
wind3,H-RTA-SupervisedGate,8004,0.1268948127119983,0.1554815077138958,0.1625034724575912,0.0,0.0,1.0,100.0,,,,,
wind3,H-RTA-SupervisedGate,8005,0.1220841375838052,0.1547359806262406,0.157736517238906,0.0,0.0,1.0,100.0,,,,,
wind3,H-RTA-SupervisedGate,8006,0.1554900351738573,0.2075296052826533,0.2157666024230136,0.0,0.0,1.0,100.0,,,,,
wind3,H-RTA-SupervisedGate,8007,0.1153301448303648,0.1479526684008236,0.1502401647778359,0.0,0.0,1.0,100.0,,,,,
wind3,H-RTA-SupervisedGate,8008,0.1314102742442772,0.1789256906327782,0.1857338365346764,0.0,0.0,1.0,100.0,,,,,
wind3,H-RTA-SupervisedGate,8009,0.1498998229891165,0.209606547543291,0.2171804703021244,0.0,0.0,1.0,100.0,,,,,
wind3,H-RTA-SupervisedGate,8010,0.1254744409965795,0.1642416407645709,0.1712778553688167,0.0,0.0,1.0,100.0,,,,,
wind3,H-RTA-SupervisedGate,8011,0.1164355314865166,0.148871476310177,0.1520850880688491,0.0,0.0,1.0,100.0,,,,,
wind3,H-RTA-SupervisedGate,8012,0.1048842768955059,0.1373620506760968,0.1477127239924947,0.0,0.0,1.0,100.0,,,,,
wind3,H-RTA-SupervisedGate,8013,0.1085812050846713,0.1329857717155766,0.1345049309489338,0.0,0.0,1.0,100.0,,,,,
wind3,H-RTA-SupervisedGate,8014,0.1220279637116775,0.1601339207526927,0.1636054015974507,0.0,0.0,1.0,100.0,,,,,
wind3,H-RTA-SupervisedGate,8015,0.110954289408128,0.1367903480586546,0.1384989963188995,0.0,0.0,1.0,100.0,,,,,
wind3,H-RTA-SupervisedGate,8016,0.1061971755723653,0.1348346152822333,0.1413059187449073,0.0,0.0,1.0,100.0,,,,,
wind3,H-RTA-SupervisedGate,8017,0.130285891758731,0.1737236948356,0.1802414353191832,0.0,0.0,1.0,100.0,,,,,
wind3,H-RTA-SupervisedGate,8018,0.1313156764556222,0.1565731756463374,0.1593285044627459,0.0,0.0,1.0,100.0,,,,,
wind3,H-RTA-SupervisedGate,8019,0.1014798380412381,0.1307926738217921,0.1390563936112278,0.0,0.0,1.0,100.0,,,,,
wind3,H-RTA-SupervisedGate,8020,0.1282169754836843,0.1718839006926803,0.1814572040032128,0.0,0.0,1.0,100.0,,,,,
wind3,H-RTA-SupervisedGate,8021,0.1068092284194103,0.1219506806512396,0.1256086236620922,0.0,0.0,1.0,100.0,,,,,
wind3,H-RTA-SupervisedGate,8022,0.1088920094847865,0.1507789516062551,0.155092424729682,0.0,0.0,1.0,100.0,,,,,
wind3,H-RTA-SupervisedGate,8023,0.1399514654556621,0.182609090765405,0.1907454887981809,0.0,0.0,1.0,100.0,,,,,
wind3,H-RTA-SupervisedGate,8024,0.1158216369410892,0.1459367741168838,0.1768582213146245,0.0,0.0,1.0,100.0,,,,,
wind3,H-RTA-SupervisedGate,8025,0.1198285919146351,0.1390700465687467,0.1398908495902438,0.0,0.0,1.0,100.0,,,,,
wind3,H-RTA-SupervisedGate,8026,0.1317871670469524,0.1634495713705057,0.1641363947403564,0.0,0.0,1.0,100.0,,,,,
wind3,H-RTA-SupervisedGate,8027,0.1210948738247155,0.1481770885894844,0.1539095718268016,0.0,0.0,1.0,100.0,,,,,
wind3,H-RTA-SupervisedGate,8028,0.1178088690360722,0.1352653464342264,0.1373951831718621,0.0,0.0,1.0,100.0,,,,,
wind3,H-RTA-SupervisedGate,8029,0.1192860581358809,0.1802647257721106,0.1878700173573807,0.0,0.0,1.0,100.0,,,,,
wind3,H-RTA-SupervisedGate,8030,0.1227095043216654,0.1515593399601744,0.1570452347791577,0.0,0.0,1.0,100.0,,,,,
wind3,H-RTA-SupervisedGate,8031,0.1247996424580611,0.1507307365131801,0.1548163616978509,0.0,0.0,1.0,100.0,,,,,
wind3,H-RTA-SupervisedGate,8032,0.1237218908450319,0.1514410778678819,0.1587188012031004,0.0,0.0,1.0,100.0,,,,,
wind3,H-RTA-SupervisedGate,8033,0.1146719337810966,0.1367152054234462,0.1393791207278154,0.0,0.0,1.0,100.0,,,,,
wind3,H-RTA-SupervisedGate,8034,0.1156849683856796,0.1554842767893658,0.1618307212900116,0.0,0.0,1.0,100.0,,,,,
wind3,H-RTA-SupervisedGate,8035,0.1151994169294596,0.140548502077641,0.1462703469878759,0.0,0.0,1.0,100.0,,,,,
wind3,H-RTA-SupervisedGate,8036,0.1228133817650046,0.1702757375531388,0.1733571049570038,0.0,0.0,1.0,100.0,,,,,
wind3,H-RTA-SupervisedGate,8037,0.116658969591777,0.1810039914215115,0.1983606980307653,0.0,0.0,1.0,100.0,,,,,
wind3,H-RTA-SupervisedGate,8038,0.1389504867181385,0.1802182848614646,0.1875599206899981,0.0,0.0,1.0,100.0,,,,,
wind3,H-RTA-SupervisedGate,8039,0.1208226128783717,0.1446301285277461,0.1481100939523033,0.0,0.0,1.0,100.0,,,,,
wind3,H-RTA-SupervisedGate,8040,0.1145143905888663,0.1349273730500097,0.144748200649658,0.0,0.0,1.0,100.0,,,,,
wind3,H-RTA-SupervisedGate,8041,0.1365900050992252,0.1587985510996493,0.1675031708062204,0.0,0.0,1.0,100.0,,,,,
wind3,H-RTA-SupervisedGate,8042,0.1065985152831681,0.1345636875516883,0.1372658684662698,0.0,0.0,1.0,100.0,,,,,
wind3,H-RTA-SupervisedGate,8043,0.1014643060982276,0.143435328456451,0.1487904285638918,0.0,0.0,1.0,100.0,,,,,
wind3,H-RTA-SupervisedGate,8044,0.1234429086588854,0.1508740684461522,0.1571114772887826,0.0,0.0,1.0,100.0,,,,,
wind3,H-RTA-SupervisedGate,8045,0.1321820098001874,0.1971489930488267,0.2126826583586708,0.0,0.0,1.0,100.0,,,,,
wind3,H-RTA-SupervisedGate,8046,0.1060112581854123,0.1316820461358959,0.1396547456301129,0.0,0.0,1.0,100.0,,,,,
wind3,H-RTA-SupervisedGate,8047,0.1130042506084504,0.1454569697238827,0.1481462827503038,0.0,0.0,1.0,100.0,,,,,
wind3,H-RTA-SupervisedGate,8048,0.1178439784483901,0.1400713065171571,0.1431161848031453,0.0,0.0,1.0,100.0,,,,,
wind3,H-RTA-SupervisedGate,8049,0.1040662651765646,0.1335885621270422,0.1397304779597592,0.0,0.0,1.0,100.0,,,,,
wind3,H-RTA-SupervisedGate,8050,0.1018029449078113,0.1260432593746292,0.1314154717345092,0.0,0.0,1.0,100.0,,,,,
wind3,H-RTA-SupervisedGate,8051,0.1152382302157499,0.1444098334610237,0.166235114264684,0.0,0.0,1.0,100.0,,,,,
wind3,H-RTA-SupervisedGate,8052,0.1128094453874147,0.1234209630600817,0.1243727441058839,0.0,0.0,1.0,100.0,,,,,
wind3,H-RTA-SupervisedGate,8053,0.1072753657794999,0.1309632138227869,0.1342062960784743,0.0,0.0,1.0,100.0,,,,,
wind3,H-RTA-SupervisedGate,8054,0.127571390201067,0.1778637519789014,0.1806462986970619,0.0,0.0,1.0,100.0,,,,,
wind3,H-RTA-SupervisedGate,8055,0.1040955092247804,0.1315159168408688,0.1335323238182507,0.0,0.0,1.0,100.0,,,,,
wind3,H-RTA-SupervisedGate,8056,0.1059336148968345,0.1285800687638728,0.1305521745772314,0.0,0.0,1.0,100.0,,,,,
wind3,H-RTA-SupervisedGate,8057,0.1169821238940401,0.1451082552192021,0.154771425248121,0.0,0.0,1.0,100.0,,,,,
wind3,H-RTA-SupervisedGate,8058,0.0993046282448193,0.1359307613369883,0.1433926137209595,0.0,0.0,1.0,100.0,,,,,
wind3,H-RTA-SupervisedGate,8059,0.1082062603541867,0.1392888268871142,0.1424423187266029,0.0,0.0,1.0,100.0,,,,,
wind3,H-RTA-SupervisedGate,8060,0.1200328051443687,0.1893150198692735,0.1960106003921885,0.0,0.0,1.0,100.0,,,,,
wind3,H-RTA-SupervisedGate,8061,0.1122838753610954,0.1342513597800088,0.1407358681406677,0.0,0.0,1.0,100.0,,,,,
wind3,H-RTA-SupervisedGate,8062,0.1183992809854063,0.1462798794664357,0.1492430297807377,0.0,0.0,1.0,100.0,,,,,
wind3,H-RTA-SupervisedGate,8063,0.1333396632197227,0.1759683762683473,0.1811978982064215,0.0,0.0,1.0,100.0,,,,,
wind3,H-RTA-SupervisedGate,8064,0.1045385353890371,0.1327512221984537,0.1388031183549754,0.0,0.0,1.0,100.0,,,,,
wind3,H-RTA-SupervisedGate,8065,0.1401422121163438,0.1670040577670755,0.1730183076580222,0.0,0.0,1.0,100.0,,,,,
wind3,H-RTA-SupervisedGate,8066,0.1197843955501358,0.1554154694052715,0.1593406377025436,0.0,0.0,1.0,100.0,,,,,
wind3,H-RTA-SupervisedGate,8067,0.1172800683202763,0.1374655335290396,0.1439995950689816,0.0,0.0,1.0,100.0,,,,,
wind3,H-RTA-SupervisedGate,8068,0.112279559865521,0.1401713470455735,0.1444322205653187,0.0,0.0,1.0,100.0,,,,,
wind3,H-RTA-SupervisedGate,8069,0.1224785352981896,0.1656758440127975,0.176602531521553,0.0,0.0,1.0,100.0,,,,,
wind3,H-RTA-SupervisedGate,8070,0.1171071905912836,0.1457366801895738,0.1600418431382805,0.0,0.0,1.0,100.0,,,,,
wind3,H-RTA-SupervisedGate,8071,0.1336160413343404,0.1795074737454503,0.1860013685629358,0.0,0.0,1.0,100.0,,,,,
wind3,H-RTA-SupervisedGate,8072,0.1243028716299912,0.1749385219100739,0.1801557582124946,0.0,0.0,1.0,100.0,,,,,
wind3,H-RTA-SupervisedGate,8073,0.1127964830278822,0.1267369176776418,0.1288286435130618,0.0,0.0,1.0,100.0,,,,,
wind3,H-RTA-SupervisedGate,8074,0.1250987184439423,0.1493428175968258,0.1518887449726302,0.0,0.0,1.0,100.0,,,,,
wind3,H-RTA-SupervisedGate,8075,0.1150752042839289,0.1377034026770717,0.144189696929241,0.0,0.0,1.0,100.0,,,,,
wind3,H-RTA-SupervisedGate,8076,0.1019728905238916,0.1364129931112538,0.1400898219271081,0.0,0.0,1.0,100.0,,,,,
wind3,H-RTA-SupervisedGate,8077,0.1108012417380037,0.1632251626616313,0.1677816228349902,0.0,0.0,1.0,100.0,,,,,
wind3,H-RTA-SupervisedGate,8078,0.1019893830820314,0.1301684396194818,0.1328090203240447,0.0,0.0,1.0,100.0,,,,,
wind3,H-RTA-SupervisedGate,8079,0.1099224052510622,0.1361796761726171,0.1385321902389326,0.0,0.0,1.0,100.0,,,,,
wind3,H-RTA-SupervisedGate,8080,0.1079260393824094,0.1486473613225309,0.1570965075119152,0.0,0.0,1.0,100.0,,,,,
wind3,H-RTA-SupervisedGate,8081,0.1375107785059623,0.1591526343488672,0.1683277858675415,0.0,0.0,1.0,100.0,,,,,
wind3,H-RTA-SupervisedGate,8082,0.1362028858433198,0.1803605638225987,0.1851783813791934,0.0,0.0,1.0,100.0,,,,,
wind3,H-RTA-SupervisedGate,8083,0.1276703344923472,0.1646718390366059,0.1722441973781351,0.0,0.0,1.0,100.0,,,,,
wind3,H-RTA-SupervisedGate,8084,0.109246013931461,0.1460390466720102,0.147633693712954,0.0,0.0,1.0,100.0,,,,,
wind3,H-RTA-SupervisedGate,8085,0.1326150641734661,0.1567365004544384,0.1602026319913908,0.0,0.0,1.0,100.0,,,,,
wind3,H-RTA-SupervisedGate,8086,0.1556649690199802,0.1808941936622404,0.1849119874780689,0.0,0.0,1.0,100.0,,,,,
wind3,H-RTA-SupervisedGate,8087,0.1438011292644667,0.1668048383474019,0.1743072024194788,0.0,0.0,1.0,100.0,,,,,
wind3,H-RTA-SupervisedGate,8088,0.1414904985263208,0.1950113527156019,0.2013216083773486,0.0,0.0,1.0,100.0,,,,,
wind3,H-RTA-SupervisedGate,8089,0.1218827869248875,0.1511271029168288,0.1538042490722491,0.0,0.0,1.0,100.0,,,,,
wind3,H-RTA-SupervisedGate,8090,0.0953554684784813,0.1360833371241876,0.1429601060392505,0.0,0.0,1.0,100.0,,,,,
wind3,H-RTA-SupervisedGate,8091,0.1236754385040381,0.1723403697251799,0.1791564360336641,0.0,0.0,1.0,100.0,,,,,
wind3,H-RTA-SupervisedGate,8092,0.1112787595922451,0.1449328416617634,0.1536157277886104,0.0,0.0,1.0,100.0,,,,,
wind3,H-RTA-SupervisedGate,8093,0.1190575927950809,0.1479596964618179,0.150236531055397,0.0,0.0,1.0,100.0,,,,,
wind3,H-RTA-SupervisedGate,8094,0.1312960547960386,0.1718668992679435,0.172813610684398,0.0,0.0,1.0,100.0,,,,,
wind3,H-RTA-SupervisedGate,8095,0.1174091358926071,0.1643425412033571,0.1776820681733399,0.0,0.0,1.0,100.0,,,,,
wind3,H-RTA-SupervisedGate,8096,0.1237860570481651,0.1564582308129227,0.1613481477668483,0.0,0.0,1.0,100.0,,,,,
wind3,H-RTA-SupervisedGate,8097,0.106083572218712,0.1295945076422011,0.131583397308227,0.0,0.0,1.0,100.0,,,,,
wind3,H-RTA-SupervisedGate,8098,0.124227719433465,0.1441507526158244,0.1459891127621135,0.0,0.0,1.0,100.0,,,,,
wind3,H-RTA-SupervisedGate,8099,0.1228326648119774,0.1562838774801164,0.1571530049597269,0.0,0.0,1.0,100.0,,,,,
wind3,I-ContinuousRiskGovernor,8000,0.1098133248719017,0.1453103933865949,0.1480886795253073,0.0,0.0,0.9996361829939576,100.0,0.9999999999999064,0.999636182994051,1.0,1.0,1.0
wind3,I-ContinuousRiskGovernor,8001,0.1283339722348644,0.1584195675883645,0.1654695540457426,0.0,0.0,0.9989525029096524,100.0,0.9999999999999064,0.9999999856666688,1.0,0.9989525172430772,1.0
wind3,I-ContinuousRiskGovernor,8002,0.1156617182202222,0.1609578368813136,0.1645224898171729,0.0,0.0,0.9999707974126748,100.0,0.9999999999999064,0.9999707974127684,1.0,1.0,1.0
wind3,I-ContinuousRiskGovernor,8003,0.1156028670271444,0.1414886667328492,0.1487501836087105,0.0,0.0,0.9999999851205514,100.0,0.9999999999999064,1.0,1.0,0.9999999851206448,1.0
wind3,I-ContinuousRiskGovernor,8004,0.126895162346338,0.1554814986194226,0.1625034729281206,0.0,0.0,0.999780947725958,100.0,0.9999999999999064,1.0,1.0,0.9997809477260516,1.0
wind3,I-ContinuousRiskGovernor,8005,0.1220842296595692,0.1547363540417606,0.1577368782327874,0.0,0.0,0.9995682702489538,100.0,0.9999999999999064,1.0,1.0,0.9995682702490474,1.0
wind3,I-ContinuousRiskGovernor,8006,0.155494598432077,0.2075354966884366,0.2157706640271591,0.0,0.0,0.9934885424705732,100.0,0.9999999999999064,0.9993222594852372,1.0,0.9940213150383028,0.999870029081818
wind3,I-ContinuousRiskGovernor,8007,0.1153302739273528,0.1479526385599911,0.1502401484503156,0.0,0.0,0.9999999999999064,100.0,0.9999999999999064,1.0,1.0,1.0,1.0
wind3,I-ContinuousRiskGovernor,8008,0.1314123623877382,0.1789251903533535,0.1857331842162431,0.0,0.0,0.9997552456715394,100.0,0.9999999999999049,1.0,1.0,0.9997552456716344,1.0
wind3,I-ContinuousRiskGovernor,8009,0.1498999171824647,0.2096066617065691,0.2171805130316502,0.0,0.0,0.9982757480819244,100.0,0.9999999999999064,0.9993267286428708,1.0,0.998998092983672,0.9998429960062444
wind3,I-ContinuousRiskGovernor,8010,0.1254758736646368,0.1642416965535454,0.1712778885843286,0.0,0.0,0.9988012032727864,100.0,0.9999999999999064,0.9999813525101036,1.0,0.998819850762776,1.0
wind3,I-ContinuousRiskGovernor,8011,0.1164365528882207,0.1488708371770952,0.1520845638070603,0.0,0.0,0.9999999999999064,100.0,0.9999999999999064,1.0,1.0,1.0,1.0
wind3,I-ContinuousRiskGovernor,8012,0.1048842768955071,0.1373620506761011,0.1477127239925033,0.0,0.0,0.9999999999999064,100.0,0.9999999999999064,1.0,1.0,1.0,1.0
wind3,I-ContinuousRiskGovernor,8013,0.1085812137866395,0.1329857718423356,0.1345049311179348,0.0,0.0,0.9999896289869976,100.0,0.9999999999999052,1.0,1.0,0.9999896289870922,1.0
wind3,I-ContinuousRiskGovernor,8014,0.1220292531029162,0.1601341892913932,0.1636058651446818,0.0,0.0,0.9997772353382391,100.0,0.9999999999999064,1.0,1.0,0.9997772353383326,1.0
wind3,I-ContinuousRiskGovernor,8015,0.1109543333547896,0.1367904085448402,0.138499579569418,0.0,0.0,0.9994822688304004,100.0,0.9999999999999064,0.9997259689218974,1.0,0.9997562999085966,1.0
wind3,I-ContinuousRiskGovernor,8016,0.1061972419645422,0.1348346154077536,0.1413059189017571,0.0,0.0,0.9999999999999064,100.0,0.9999999999999064,1.0,1.0,1.0,1.0
wind3,I-ContinuousRiskGovernor,8017,0.1302866509275236,0.1737236572620598,0.1802414139573862,0.0,0.0,0.9997310797036768,100.0,0.999999999886986,1.0,1.0,0.9997310798166906,1.0
wind3,I-ContinuousRiskGovernor,8018,0.1313159990594155,0.1565733665312519,0.1593316117054855,0.0,0.0,0.9999553048064443,100.0,0.9999999999999064,1.0,1.0,0.9999553048065376,1.0
wind3,I-ContinuousRiskGovernor,8019,0.1014798380412928,0.130792673821792,0.1390563936112278,0.0,0.0,0.999999999999774,100.0,0.999999999999774,1.0,1.0,1.0,1.0
wind3,I-ContinuousRiskGovernor,8020,0.1282178382715449,0.1718890709084822,0.1814616433190632,0.0,0.0,0.9981742162123016,100.0,0.9999999999999064,1.0,1.0,0.9981742162123944,1.0
wind3,I-ContinuousRiskGovernor,8021,0.1068101212549227,0.1219506806503108,0.1256086236615803,0.0,0.0,0.9997689452769446,100.0,0.9999999999999064,1.0,1.0,0.999768945277038,1.0
wind3,I-ContinuousRiskGovernor,8022,0.1088920475079413,0.1507790136566778,0.1550925217329368,0.0,0.0,0.9999412223866762,100.0,0.9999999999999064,1.0,1.0,0.9999412223867696,1.0
wind3,I-ContinuousRiskGovernor,8023,0.1399521234786707,0.1826098463508161,0.1907468617332844,0.0,0.0,0.9995398254576116,100.0,0.9999999999999064,0.999941139671853,1.0,0.999605470138454,0.9999932156473978
wind3,I-ContinuousRiskGovernor,8024,0.1158218683118362,0.1459386248217666,0.1768582222892674,0.0,0.0,0.9997913292556532,100.0,0.9999999999999064,0.999998367663338,1.0,0.9997929615924088,1.0
wind3,I-ContinuousRiskGovernor,8025,0.1198289490599946,0.1390700285247862,0.1398908274396338,0.0,0.0,0.9988503595790256,100.0,0.9999999999999064,1.0,1.0,0.9988503595791184,1.0
wind3,I-ContinuousRiskGovernor,8026,0.1317874299856884,0.1634495713705058,0.1641363947403566,0.0,0.0,0.9993209361859718,100.0,0.9999999999999064,1.0,1.0,0.9993209361860652,1.0
wind3,I-ContinuousRiskGovernor,8027,0.1210954079708026,0.1481772466771919,0.1539100187409333,0.0,0.0,0.9992757362150304,100.0,0.9999999999999064,1.0,1.0,0.9992757362151236,1.0
wind3,I-ContinuousRiskGovernor,8028,0.1178089602742987,0.135265368187833,0.1373952153739348,0.0,0.0,0.9998690599340284,100.0,0.9999999999999064,0.9999853523956692,1.0,0.9998837075384528,1.0
wind3,I-ContinuousRiskGovernor,8029,0.1192881741714724,0.1802677630089734,0.1878761681969133,0.0,0.0,0.9992286941681008,100.0,0.9999999999999064,0.9993423021754764,1.0,0.9998864350082568,0.9999999569844608
wind3,I-ContinuousRiskGovernor,8030,0.1227095112178579,0.1515593679343245,0.1570452934647015,0.0,0.0,0.9999971640989104,100.0,0.9999999999999064,0.9999972294634412,1.0,0.999999934635562,1.0
wind3,I-ContinuousRiskGovernor,8031,0.1248008391897448,0.1507307399507411,0.1548163568430247,0.0,0.0,0.9997617793640036,100.0,0.9999999999999064,0.9999586023244492,1.0,0.9998031770396476,1.0
wind3,I-ContinuousRiskGovernor,8032,0.1237258566443108,0.1514775727025402,0.1587188029314101,0.0,0.0,0.999951634188986,100.0,0.9999999999999064,1.0,1.0,0.9999516341890792,1.0
wind3,I-ContinuousRiskGovernor,8033,0.1146720304610974,0.1367152032462209,0.1393791180496961,0.0,0.0,0.9999631706278218,100.0,0.9999999999999064,1.0,1.0,0.9999631706279152,1.0
wind3,I-ContinuousRiskGovernor,8034,0.115685853784418,0.1554841609871724,0.1618307260515902,0.0,0.0,0.9997769166625716,100.0,0.9999999999999064,0.9999756020969034,1.0,0.999801314565762,1.0
wind3,I-ContinuousRiskGovernor,8035,0.1152001991149478,0.1405489945707754,0.1462703443601732,0.0,0.0,0.9986828586273232,100.0,0.9999999999999064,1.0,1.0,0.9986828586274168,1.0
wind3,I-ContinuousRiskGovernor,8036,0.1228136147455471,0.1702757460359942,0.1733570967588396,0.0,0.0,0.9995384286052248,100.0,0.9999999999999064,0.9999532948107446,1.0,0.9995851337945736,1.0
wind3,I-ContinuousRiskGovernor,8037,0.1166602566295729,0.1810052875454079,0.198364084426937,0.0,0.0,0.9994552946008318,100.0,0.9999999999999064,0.9995049322544324,1.0,0.9999564430626824,0.9999857706981216
wind3,I-ContinuousRiskGovernor,8038,0.1389522747869716,0.1802147208521284,0.1875626833954541,0.0,0.0,0.9967009995800616,100.0,0.9999999999999064,0.9978852554702878,1.0,0.998815820403548,0.999999876135202
wind3,I-ContinuousRiskGovernor,8039,0.1208226128783708,0.1446301285277461,0.1481100939523033,0.0,0.0,0.9999999999999064,100.0,0.9999999999999064,1.0,1.0,1.0,1.0
wind3,I-ContinuousRiskGovernor,8040,0.1145144114084168,0.1349273721343126,0.1447482005519226,0.0,0.0,0.9999842160842284,100.0,0.9999999999999064,1.0,1.0,0.9999842160843216,1.0
wind3,I-ContinuousRiskGovernor,8041,0.1365909561960734,0.1587992698914934,0.1675343538182423,0.0,0.0,0.9955293602742828,100.0,0.9999999999999064,0.9979484616408726,1.0,0.9975100647064457,1.0
wind3,I-ContinuousRiskGovernor,8042,0.1065988571777268,0.1345664759239039,0.1372686213894346,0.0,0.0,0.99951645028521,100.0,0.9999999999999064,0.9995185381485449,1.0,0.9999979121367584,1.0
wind3,I-ContinuousRiskGovernor,8043,0.1014664251409786,0.1434353333356587,0.1487904340556271,0.0,0.0,0.9999499571564516,100.0,0.9999999999999064,0.9999542739330654,1.0,0.99999568322348,1.0
wind3,I-ContinuousRiskGovernor,8044,0.1234442917165579,0.1508742462823768,0.1571114768616977,0.0,0.0,0.9999637752208576,100.0,0.9999999999999064,1.0,1.0,0.9999637752209511,1.0
wind3,I-ContinuousRiskGovernor,8045,0.1321835136249046,0.1971508071455938,0.212684399268148,0.0,0.0,0.9988962976430928,100.0,0.9999999999999064,0.9995758385683596,1.0,0.9993727916440784,0.9999438054968932
wind3,I-ContinuousRiskGovernor,8046,0.1060116745758695,0.1316840192146795,0.1396577254836631,0.0,0.0,0.9995172073723204,100.0,0.9999999999999064,1.0,1.0,0.9995172073724136,1.0
wind3,I-ContinuousRiskGovernor,8047,0.113005514515837,0.1454655760855521,0.1481558933713494,0.0,0.0,0.9984203630712192,100.0,0.9999999999999064,1.0,1.0,0.9984203630713122,1.0
wind3,I-ContinuousRiskGovernor,8048,0.1178451151560709,0.1400716916198177,0.1431170665285334,0.0,0.0,0.9979710824320994,100.0,0.9999999999999064,0.9996319550903664,1.0,0.9983391273418264,1.0
wind3,I-ContinuousRiskGovernor,8049,0.104066265854765,0.1335885619797447,0.1397304778147453,0.0,0.0,0.9999988609125616,100.0,0.9999999999997996,1.0,1.0,0.999998860912762,1.0
wind3,I-ContinuousRiskGovernor,8050,0.1018028783064547,0.126043259376642,0.13141547173794,0.0,0.0,0.9998371437735668,100.0,0.9999999999999044,0.9998371437736622,1.0,1.0,1.0
wind3,I-ContinuousRiskGovernor,8051,0.1152393067573804,0.1444113615666703,0.1662563331780723,0.0,0.0,0.9984697239211694,100.0,0.9999999999999064,0.9984746993683262,1.0,0.9999949232052446,1.0
wind3,I-ContinuousRiskGovernor,8052,0.112809545210698,0.1234214882958531,0.1243727441058838,0.0,0.0,0.9997741751407652,100.0,0.9999999999999064,1.0,1.0,0.9997741751408586,1.0
wind3,I-ContinuousRiskGovernor,8053,0.1072767316491687,0.13096648578793,0.1342062969956323,0.0,0.0,0.9999710465575684,100.0,0.9999999999999064,1.0,1.0,0.9999710465576618,1.0
wind3,I-ContinuousRiskGovernor,8054,0.1275717416913339,0.1778660303266594,0.1806486927801503,0.0,0.0,0.9997994495372812,100.0,0.9999999999999049,0.9998011260022814,1.0,0.9999983235350948,1.0
wind3,I-ContinuousRiskGovernor,8055,0.1040964269926316,0.1315159168398215,0.1335323238169156,0.0,0.0,0.9998363952793012,100.0,0.9999999999365464,1.0,1.0,0.9998363953427544,1.0
wind3,I-ContinuousRiskGovernor,8056,0.1059336148967244,0.1285800687639085,0.1305521745772631,0.0,0.0,0.9999999999998848,100.0,0.9999999999998848,1.0,1.0,1.0,1.0
wind3,I-ContinuousRiskGovernor,8057,0.1169821369931804,0.1451082546174605,0.1547714248219397,0.0,0.0,0.999968381663236,100.0,0.9999999999999064,1.0,1.0,0.9999683816633294,1.0
wind3,I-ContinuousRiskGovernor,8058,0.0993046986473905,0.1359307613369884,0.1433926137209595,0.0,0.0,0.999630864092758,100.0,0.9999999999902688,1.0,1.0,0.9996308641024894,1.0
wind3,I-ContinuousRiskGovernor,8059,0.1082062573708169,0.1392887133271562,0.1424420399070379,0.0,0.0,0.9987430257103032,100.0,0.9999999999999064,0.9993207162673986,1.0,0.9992869087054886,1.0
wind3,I-ContinuousRiskGovernor,8060,0.1200336895942751,0.1893150214842318,0.1960106038390301,0.0,0.0,0.999723972303187,100.0,0.9999999999999064,1.0,1.0,0.9997267300808635,0.9999972422224168
wind3,I-ContinuousRiskGovernor,8061,0.1122846538856571,0.134251261286619,0.1407357895674299,0.0,0.0,0.999380601860571,100.0,0.9999999999999064,0.9998425941829177,1.0,0.9995380076777468,1.0
wind3,I-ContinuousRiskGovernor,8062,0.1183996141231912,0.1462798768829636,0.1492430297836648,0.0,0.0,0.9993379563173704,100.0,0.9999999999999064,1.0,1.0,0.9993379563174638,1.0
wind3,I-ContinuousRiskGovernor,8063,0.1333396579623223,0.1759683752305779,0.1811978977856676,0.0,0.0,0.999926986463868,100.0,0.9999999999999064,0.999927079125689,1.0,0.9999999073382724,1.0
wind3,I-ContinuousRiskGovernor,8064,0.1045386208804464,0.1327512221984556,0.1388031183549793,0.0,0.0,0.9996900414904906,100.0,0.9999999999999064,1.0,1.0,0.999690041490584,1.0
wind3,I-ContinuousRiskGovernor,8065,0.1401443881077715,0.1670040577678853,0.1730183076579155,0.0,0.0,0.996340574481579,100.0,0.9999999999999064,1.0,1.0,0.996340574481672,1.0
wind3,I-ContinuousRiskGovernor,8066,0.1197844841392627,0.1554154672940972,0.1593406361667497,0.0,0.0,0.999285674240089,100.0,0.9999999999999064,1.0,1.0,0.9992856742401824,1.0
wind3,I-ContinuousRiskGovernor,8067,0.1172802756800502,0.1374656082856946,0.1439996005377514,0.0,0.0,0.999532742533907,100.0,0.9999999999999064,1.0,1.0,0.9995327425340004,1.0
wind3,I-ContinuousRiskGovernor,8068,0.1122795598646319,0.1401713470456005,0.1444322205653715,0.0,0.0,0.9999999999995874,100.0,0.9999999999995874,1.0,1.0,1.0,1.0
wind3,I-ContinuousRiskGovernor,8069,0.1224783470287411,0.1656741901254289,0.1766007102135454,0.0,0.0,0.9988235449919474,100.0,0.9999999999999064,0.9989356062292571,1.0,0.9998855165142309,1.0
wind3,I-ContinuousRiskGovernor,8070,0.1171076460308686,0.1457366702187554,0.1600421097578699,0.0,0.0,0.9998945905165322,100.0,0.9999999999999064,0.9998993316035576,1.0,0.9999946937703196,1.0
wind3,I-ContinuousRiskGovernor,8071,0.1336170513125897,0.1795074737699524,0.1860013685958938,0.0,0.0,0.999412628514768,100.0,0.9999999999999064,1.0,1.0,0.9994126285148616,1.0
wind3,I-ContinuousRiskGovernor,8072,0.1243034258579036,0.174938505406652,0.1801557497180527,0.0,0.0,0.9992320407128154,100.0,0.9999999999999064,0.999891728982409,1.0,0.9993402290342672,1.0
wind3,I-ContinuousRiskGovernor,8073,0.1127968936379073,0.1267369175026444,0.1288286433401472,0.0,0.0,0.9999984123057568,100.0,0.9999999999999064,1.0,1.0,0.9999984123058504,1.0
wind3,I-ContinuousRiskGovernor,8074,0.1250989466402452,0.1493428153937839,0.1518887449288175,0.0,0.0,0.9998212780450793,100.0,0.9999999999999064,1.0,1.0,0.9998212780451726,1.0
wind3,I-ContinuousRiskGovernor,8075,0.1150752329533016,0.1377034026767901,0.1441896969281536,0.0,0.0,0.9997751426089692,100.0,0.9999999999999064,1.0,1.0,0.9997751426090624,1.0
wind3,I-ContinuousRiskGovernor,8076,0.1019729812124428,0.1364129930831612,0.140089821910758,0.0,0.0,0.9999978978503912,100.0,0.9999999999999064,1.0,1.0,0.9999978978504848,1.0
wind3,I-ContinuousRiskGovernor,8077,0.1108013479535845,0.1632258672265336,0.1677821567475156,0.0,0.0,0.9994635237437104,100.0,0.9999999999976468,1.0,1.0,0.9994635237460632,1.0
wind3,I-ContinuousRiskGovernor,8078,0.1019893926710036,0.1301685747328899,0.132809233096514,0.0,0.0,0.9999281574982838,100.0,0.9999999999999064,1.0,1.0,0.9999281574983774,1.0
wind3,I-ContinuousRiskGovernor,8079,0.10992244128828,0.1361796761926455,0.138532190283719,0.0,0.0,0.9999492246093182,100.0,0.9999999999999064,1.0,1.0,0.9999492246094116,1.0
wind3,I-ContinuousRiskGovernor,8080,0.1079261405484681,0.1486473613225999,0.1570965075119517,0.0,0.0,0.9998728994287488,100.0,0.999999999999894,1.0,1.0,0.9998728994288548,1.0
wind3,I-ContinuousRiskGovernor,8081,0.1375112105502361,0.1591526707293924,0.1683283459070789,0.0,0.0,0.9990218963739442,100.0,0.9999999999999064,0.9994271806646972,1.0,0.9995818122993084,1.0
wind3,I-ContinuousRiskGovernor,8082,0.1362032332892701,0.1803595463291216,0.1851790822611198,0.0,0.0,0.9983001947896551,100.0,0.9999999999999064,1.0,1.0,0.9983001947897484,1.0
wind3,I-ContinuousRiskGovernor,8083,0.1276703433879306,0.1646718390367471,0.1722441973783895,0.0,0.0,0.9999458450820304,100.0,0.9999999999999064,1.0,1.0,0.999945845082124,1.0
wind3,I-ContinuousRiskGovernor,8084,0.1092460150161157,0.1460390466720103,0.147633693712954,0.0,0.0,0.9999679143067564,100.0,0.9999999999998832,1.0,1.0,0.999967914306873,1.0
wind3,I-ContinuousRiskGovernor,8085,0.132615073158656,0.1567363586555454,0.1602026320612565,0.0,0.0,0.9994988836882416,100.0,0.9999999999999064,0.9998590778172692,1.0,0.9996398058710656,1.0
wind3,I-ContinuousRiskGovernor,8086,0.1556660472393078,0.1808941402886289,0.1849119130700531,0.0,0.0,0.9977208688141,100.0,0.9999999999999064,1.0,1.0,0.997721079909242,0.9999997889049512
wind3,I-ContinuousRiskGovernor,8087,0.1438030940142782,0.1668047036480668,0.1743076186678998,0.0,0.0,0.9963165207109628,100.0,0.9999999999999064,1.0,1.0,0.996316520711056,1.0
wind3,I-ContinuousRiskGovernor,8088,0.1414934396805302,0.1950184876185794,0.2013226260062139,0.0,0.0,0.9969807349769458,100.0,0.9999999999999064,0.9997719099171268,1.0,0.997209036826014,0.9999679399650698
wind3,I-ContinuousRiskGovernor,8089,0.1218827884009874,0.1511271029163147,0.1538042490704891,0.0,0.0,0.9999958619950782,100.0,0.9999999999999064,0.9999998800118473,1.0,0.9999959819833244,1.0
wind3,I-ContinuousRiskGovernor,8090,0.0953548442465419,0.1360835445281248,0.1429601869224541,0.0,0.0,0.9984605143638926,100.0,0.9999999999964412,0.9986516580539142,1.0,0.9998088563135372,1.0
wind3,I-ContinuousRiskGovernor,8091,0.1236756051645322,0.1723403697332287,0.1791564360401641,0.0,0.0,0.9995286982401388,100.0,0.9999999999999064,1.0,1.0,0.999528698240232,1.0
wind3,I-ContinuousRiskGovernor,8092,0.1112793144189795,0.1449328355832977,0.153615726964071,0.0,0.0,0.9998591440962868,100.0,0.9999999999999064,1.0,1.0,0.9998591440963802,1.0
wind3,I-ContinuousRiskGovernor,8093,0.1190585867390889,0.1479596964586158,0.1502365310513967,0.0,0.0,0.9998934181700588,100.0,0.9999999999999064,1.0,1.0,0.999893418170152,1.0
wind3,I-ContinuousRiskGovernor,8094,0.1312973257097175,0.1718668993712662,0.1728136107752982,0.0,0.0,0.9996694743708072,100.0,0.9999999999999064,1.0,1.0,0.9996694743709008,1.0
wind3,I-ContinuousRiskGovernor,8095,0.11740926514329,0.1643425270547524,0.1776820606891937,0.0,0.0,0.9996783077173969,100.0,0.9999999999999064,1.0,1.0,0.9996783077174904,1.0
wind3,I-ContinuousRiskGovernor,8096,0.1237862512933684,0.1564582308064902,0.1613481477667649,0.0,0.0,0.9999003025162928,100.0,0.9999999999999064,1.0,1.0,0.9999003025163862,1.0
wind3,I-ContinuousRiskGovernor,8097,0.1060836124844658,0.1295945150611544,0.131583397915153,0.0,0.0,0.9998558234125856,100.0,0.9999999999999064,1.0,1.0,0.999855823412679,1.0
wind3,I-ContinuousRiskGovernor,8098,0.1242281699475338,0.1441508026153743,0.1459894695844294,0.0,0.0,0.9994877797033894,100.0,0.9999999999999064,1.0,1.0,0.9994877797034828,1.0
wind3,I-ContinuousRiskGovernor,8099,0.1228330965225873,0.1562838774797126,0.1571530049594028,0.0,0.0,0.9995727528420364,100.0,0.9999999999999064,0.9999254542718844,1.0,0.9996472985702451,1.0
force_step,CurrentOnly-AE-CeNN-494,8000,0.0826502199351116,0.1528894965261422,0.1574536869328631,0.0,0.0,0.0,0.0,0.0,1.0,1.0,1.0,1.0
force_step,CurrentOnly-AE-CeNN-494,8001,0.0770413807443103,0.1433529426116181,0.1502026437320034,0.0,0.0,0.0,0.0,0.0,1.0,1.0,1.0,1.0
force_step,CurrentOnly-AE-CeNN-494,8002,0.0873996353551965,0.1635150541027397,0.1679519802584226,0.0,0.0,0.0,0.0,0.0,1.0,1.0,1.0,1.0
force_step,CurrentOnly-AE-CeNN-494,8003,0.0871835452989412,0.1664848869383346,0.1764198626455203,0.0,0.0,0.0,0.0,0.0,1.0,1.0,1.0,1.0
force_step,CurrentOnly-AE-CeNN-494,8004,0.084878510426322,0.1610973990219348,0.1669744348860936,0.0,0.0,0.0,0.0,0.0,1.0,1.0,1.0,1.0
force_step,CurrentOnly-AE-CeNN-494,8005,0.0863797148206564,0.1639730967472593,0.1696360333166112,0.0,0.0,0.0,0.0,0.0,1.0,1.0,1.0,1.0
force_step,CurrentOnly-AE-CeNN-494,8006,0.091450153160445,0.1744924695192849,0.1795428139001001,0.0,0.0,0.0,0.0,0.0,1.0,1.0,1.0,1.0
force_step,CurrentOnly-AE-CeNN-494,8007,0.0901293658004587,0.1798511904150059,0.1826049293924994,0.0,0.0,0.0,0.0,0.0,1.0,1.0,1.0,1.0
force_step,CurrentOnly-AE-CeNN-494,8008,0.081662720847604,0.1543113019360671,0.1572676329745295,0.0,0.0,0.0,0.0,0.0,1.0,1.0,1.0,1.0
force_step,CurrentOnly-AE-CeNN-494,8009,0.0836823856014272,0.1514482562888573,0.1533626499886856,0.0,0.0,0.0,0.0,0.0,1.0,1.0,1.0,1.0
force_step,CurrentOnly-AE-CeNN-494,8010,0.0821490166665812,0.1526168136986839,0.156063411594835,0.0,0.0,0.0,0.0,0.0,1.0,1.0,1.0,1.0
force_step,CurrentOnly-AE-CeNN-494,8011,0.0816034229561538,0.1502292651573721,0.1542371252510768,0.0,0.0,0.0,0.0,0.0,1.0,1.0,1.0,1.0
force_step,CurrentOnly-AE-CeNN-494,8012,0.0826810975133724,0.162756997653878,0.1685180747512586,0.0,0.0,0.0,0.0,0.0,1.0,1.0,1.0,1.0
force_step,CurrentOnly-AE-CeNN-494,8013,0.0783204883028318,0.1492771458735337,0.1556157734307351,0.0,0.0,0.0,0.0,0.0,1.0,1.0,1.0,1.0
force_step,CurrentOnly-AE-CeNN-494,8014,0.0808032917427457,0.1479485709032188,0.1547307203235657,0.0,0.0,0.0,0.0,0.0,1.0,1.0,1.0,1.0
force_step,CurrentOnly-AE-CeNN-494,8015,0.0885588352313544,0.1650793428369426,0.1666619765295152,0.0,0.0,0.0,0.0,0.0,1.0,1.0,1.0,1.0
force_step,CurrentOnly-AE-CeNN-494,8016,0.0930108564283291,0.1769170119874025,0.1810398002416811,0.0,0.0,0.0,0.0,0.0,1.0,1.0,1.0,1.0
force_step,CurrentOnly-AE-CeNN-494,8017,0.0804915836469071,0.1482991947885383,0.1557708339123256,0.0,0.0,0.0,0.0,0.0,1.0,1.0,1.0,1.0
force_step,CurrentOnly-AE-CeNN-494,8018,0.0839874030637873,0.1546454417970598,0.1605372292733947,0.0,0.0,0.0,0.0,0.0,1.0,1.0,1.0,1.0
force_step,CurrentOnly-AE-CeNN-494,8019,0.082836930498131,0.1539785529533716,0.1592642462154588,0.0,0.0,0.0,0.0,0.0,1.0,1.0,1.0,1.0
force_step,CurrentOnly-AE-CeNN-494,8020,0.0856419581464852,0.1685965300911771,0.1718558266091854,0.0,0.0,0.0,0.0,0.0,1.0,1.0,1.0,1.0
force_step,CurrentOnly-AE-CeNN-494,8021,0.0833523126014898,0.1536511044086599,0.1570327908992654,0.0,0.0,0.0,0.0,0.0,1.0,1.0,1.0,1.0
force_step,CurrentOnly-AE-CeNN-494,8022,0.0808179696117997,0.1485561166062884,0.1525606681060711,0.0,0.0,0.0,0.0,0.0,1.0,1.0,1.0,1.0
force_step,CurrentOnly-AE-CeNN-494,8023,0.0885757467337879,0.1739691095889363,0.180271839584909,0.0,0.0,0.0,0.0,0.0,1.0,1.0,1.0,1.0
force_step,CurrentOnly-AE-CeNN-494,8024,0.0932380874793798,0.1736644349283737,0.1766163115323704,0.0,0.0,0.0,0.0,0.0,1.0,1.0,1.0,1.0
force_step,CurrentOnly-AE-CeNN-494,8025,0.0830207590459128,0.1536713970771691,0.1559330141277712,0.0,0.0,0.0,0.0,0.0,1.0,1.0,1.0,1.0
force_step,CurrentOnly-AE-CeNN-494,8026,0.0889193258281513,0.1682699208043614,0.1711261291197213,0.0,0.0,0.0,0.0,0.0,1.0,1.0,1.0,1.0
force_step,CurrentOnly-AE-CeNN-494,8027,0.086006392391828,0.1625292412420958,0.1699998078584595,0.0,0.0,0.0,0.0,0.0,1.0,1.0,1.0,1.0
force_step,CurrentOnly-AE-CeNN-494,8028,0.0927363017303732,0.1743368648781426,0.1777473353135477,0.0,0.0,0.0,0.0,0.0,1.0,1.0,1.0,1.0
force_step,CurrentOnly-AE-CeNN-494,8029,0.0920863803944845,0.1854721987394827,0.1893090558149378,0.0,0.0,0.0,0.0,0.0,1.0,1.0,1.0,1.0
force_step,CurrentOnly-AE-CeNN-494,8030,0.0851207606339314,0.1621417770017691,0.1692444012770692,0.0,0.0,0.0,0.0,0.0,1.0,1.0,1.0,1.0
force_step,CurrentOnly-AE-CeNN-494,8031,0.1006754980007697,0.1844752335918077,0.1869980241377789,0.0,0.0,0.0,0.0,0.0,1.0,1.0,1.0,1.0
force_step,CurrentOnly-AE-CeNN-494,8032,0.0903538407884217,0.1733650535069391,0.1799476614351125,0.0,0.0,0.0,0.0,0.0,1.0,1.0,1.0,1.0
force_step,CurrentOnly-AE-CeNN-494,8033,0.0874682254863915,0.1718977055519659,0.1746329468828733,0.0,0.0,0.0,0.0,0.0,1.0,1.0,1.0,1.0
force_step,CurrentOnly-AE-CeNN-494,8034,0.0876228470458071,0.1639436929623299,0.1672494866695148,0.0,0.0,0.0,0.0,0.0,1.0,1.0,1.0,1.0
force_step,CurrentOnly-AE-CeNN-494,8035,0.094194015740188,0.1763817728666603,0.179489932407549,0.0,0.0,0.0,0.0,0.0,1.0,1.0,1.0,1.0
force_step,CurrentOnly-AE-CeNN-494,8036,0.0923090114148123,0.176580978310001,0.1824589150046097,0.0,0.0,0.0,0.0,0.0,1.0,1.0,1.0,1.0
force_step,CurrentOnly-AE-CeNN-494,8037,0.0837310375676216,0.1566668203945605,0.1624122359331482,0.0,0.0,0.0,0.0,0.0,1.0,1.0,1.0,1.0
force_step,CurrentOnly-AE-CeNN-494,8038,0.0867580148861465,0.159788272292301,0.1637875288647677,0.0,0.0,0.0,0.0,0.0,1.0,1.0,1.0,1.0
force_step,CurrentOnly-AE-CeNN-494,8039,0.0944912879716643,0.1761175583925688,0.1825986794310193,0.0,0.0,0.0,0.0,0.0,1.0,1.0,1.0,1.0
force_step,CurrentOnly-AE-CeNN-494,8040,0.0914642649909058,0.1763591605329029,0.1789649723812068,0.0,0.0,0.0,0.0,0.0,1.0,1.0,1.0,1.0
force_step,CurrentOnly-AE-CeNN-494,8041,0.0950381650999438,0.1886437719092777,0.1935348802385552,0.0,0.0,0.0,0.0,0.0,1.0,1.0,1.0,1.0
force_step,CurrentOnly-AE-CeNN-494,8042,0.0950030464336053,0.1805731722655497,0.1847706338821597,0.0,0.0,0.0,0.0,0.0,1.0,1.0,1.0,1.0
force_step,CurrentOnly-AE-CeNN-494,8043,0.0896420674735164,0.1684458249065696,0.1711949997039449,0.0,0.0,0.0,0.0,0.0,1.0,1.0,1.0,1.0
force_step,CurrentOnly-AE-CeNN-494,8044,0.1002416587161402,0.1829225689807871,0.1877144718408209,0.0,0.0,0.0,0.0,0.0,1.0,1.0,1.0,1.0
force_step,CurrentOnly-AE-CeNN-494,8045,0.0883341001919634,0.1620820576596132,0.1695719201917769,0.0,0.0,0.0,0.0,0.0,1.0,1.0,1.0,1.0
force_step,CurrentOnly-AE-CeNN-494,8046,0.0909011348963912,0.1704531639352964,0.1727969805182919,0.0,0.0,0.0,0.0,0.0,1.0,1.0,1.0,1.0
force_step,CurrentOnly-AE-CeNN-494,8047,0.0842814684178619,0.1535992255931272,0.1541081294571469,0.0,0.0,0.0,0.0,0.0,1.0,1.0,1.0,1.0
force_step,CurrentOnly-AE-CeNN-494,8048,0.0878548293417559,0.1627518755031941,0.165959073939926,0.0,0.0,0.0,0.0,0.0,1.0,1.0,1.0,1.0
force_step,CurrentOnly-AE-CeNN-494,8049,0.0878987738485634,0.1611320644132097,0.1621209574108587,0.0,0.0,0.0,0.0,0.0,1.0,1.0,1.0,1.0
force_step,CurrentOnly-AE-CeNN-494,8050,0.0823066770090007,0.1499342969319811,0.1537588958448504,0.0,0.0,0.0,0.0,0.0,1.0,1.0,1.0,1.0
force_step,CurrentOnly-AE-CeNN-494,8051,0.0875169875722372,0.1691942351567332,0.1728271735118333,0.0,0.0,0.0,0.0,0.0,1.0,1.0,1.0,1.0
force_step,CurrentOnly-AE-CeNN-494,8052,0.0855491777906298,0.1574444586685783,0.1640044886644968,0.0,0.0,0.0,0.0,0.0,1.0,1.0,1.0,1.0
force_step,CurrentOnly-AE-CeNN-494,8053,0.0850718558856807,0.1570021565841734,0.1626332986381856,0.0,0.0,0.0,0.0,0.0,1.0,1.0,1.0,1.0
force_step,CurrentOnly-AE-CeNN-494,8054,0.0788573996575906,0.150102573432007,0.1519706826687846,0.0,0.0,0.0,0.0,0.0,1.0,1.0,1.0,1.0
force_step,CurrentOnly-AE-CeNN-494,8055,0.0903156319802238,0.1704241827050378,0.1727969585969491,0.0,0.0,0.0,0.0,0.0,1.0,1.0,1.0,1.0
force_step,CurrentOnly-AE-CeNN-494,8056,0.0869834987086731,0.1585757420781185,0.1649475360510688,0.0,0.0,0.0,0.0,0.0,1.0,1.0,1.0,1.0
force_step,CurrentOnly-AE-CeNN-494,8057,0.0819463195618275,0.1620758648621236,0.171109261510649,0.0,0.0,0.0,0.0,0.0,1.0,1.0,1.0,1.0
force_step,CurrentOnly-AE-CeNN-494,8058,0.0852065417719093,0.1674440870733353,0.1757317772572655,0.0,0.0,0.0,0.0,0.0,1.0,1.0,1.0,1.0
force_step,CurrentOnly-AE-CeNN-494,8059,0.093645153408488,0.1759242024007793,0.1787418002758412,0.0,0.0,0.0,0.0,0.0,1.0,1.0,1.0,1.0
force_step,CurrentOnly-AE-CeNN-494,8060,0.0876697706419268,0.1598274309053551,0.1635200928452386,0.0,0.0,0.0,0.0,0.0,1.0,1.0,1.0,1.0
force_step,CurrentOnly-AE-CeNN-494,8061,0.0920045980893844,0.1826515630734257,0.1868380074843747,0.0,0.0,0.0,0.0,0.0,1.0,1.0,1.0,1.0
force_step,CurrentOnly-AE-CeNN-494,8062,0.0884850400988069,0.1754755004223991,0.1778387175842665,0.0,0.0,0.0,0.0,0.0,1.0,1.0,1.0,1.0
force_step,CurrentOnly-AE-CeNN-494,8063,0.0912470162632746,0.1787039725847401,0.1824625818959318,0.0,0.0,0.0,0.0,0.0,1.0,1.0,1.0,1.0
force_step,CurrentOnly-AE-CeNN-494,8064,0.0900446088191141,0.1692490233664388,0.1731599569343044,0.0,0.0,0.0,0.0,0.0,1.0,1.0,1.0,1.0
force_step,CurrentOnly-AE-CeNN-494,8065,0.0802971991992069,0.1525525478382913,0.1588168056498167,0.0,0.0,0.0,0.0,0.0,1.0,1.0,1.0,1.0
force_step,CurrentOnly-AE-CeNN-494,8066,0.0852654007224483,0.1637811770023538,0.1700644726773698,0.0,0.0,0.0,0.0,0.0,1.0,1.0,1.0,1.0
force_step,CurrentOnly-AE-CeNN-494,8067,0.0826789864690284,0.1531378602236491,0.1557964397278238,0.0,0.0,0.0,0.0,0.0,1.0,1.0,1.0,1.0
force_step,CurrentOnly-AE-CeNN-494,8068,0.0866023820545311,0.1623080243194444,0.1647290759994527,0.0,0.0,0.0,0.0,0.0,1.0,1.0,1.0,1.0
force_step,CurrentOnly-AE-CeNN-494,8069,0.0931897923576724,0.1733370088995801,0.1760957651179354,0.0,0.0,0.0,0.0,0.0,1.0,1.0,1.0,1.0
force_step,CurrentOnly-AE-CeNN-494,8070,0.0818563988458492,0.149460657521442,0.1521571281277943,0.0,0.0,0.0,0.0,0.0,1.0,1.0,1.0,1.0
force_step,CurrentOnly-AE-CeNN-494,8071,0.0970511829635288,0.1799047280477486,0.1828707651693164,0.0,0.0,0.0,0.0,0.0,1.0,1.0,1.0,1.0
force_step,CurrentOnly-AE-CeNN-494,8072,0.0968207525952192,0.1830966896541074,0.189261838833225,0.0,0.0,0.0,0.0,0.0,1.0,1.0,1.0,1.0
force_step,CurrentOnly-AE-CeNN-494,8073,0.080714382601836,0.1496488702283723,0.1513777995988327,0.0,0.0,0.0,0.0,0.0,1.0,1.0,1.0,1.0
force_step,CurrentOnly-AE-CeNN-494,8074,0.0830358700690845,0.1527727678316236,0.1557185595891832,0.0,0.0,0.0,0.0,0.0,1.0,1.0,1.0,1.0
force_step,CurrentOnly-AE-CeNN-494,8075,0.0795325279709603,0.1459894040938002,0.1472051487601291,0.0,0.0,0.0,0.0,0.0,1.0,1.0,1.0,1.0
force_step,CurrentOnly-AE-CeNN-494,8076,0.0873342069622544,0.1747275572740036,0.1776106916849375,0.0,0.0,0.0,0.0,0.0,1.0,1.0,1.0,1.0
force_step,CurrentOnly-AE-CeNN-494,8077,0.0892886405149255,0.1680739146930676,0.1724509883608079,0.0,0.0,0.0,0.0,0.0,1.0,1.0,1.0,1.0
force_step,CurrentOnly-AE-CeNN-494,8078,0.0894798312432662,0.1686830043647105,0.1739495106512568,0.0,0.0,0.0,0.0,0.0,1.0,1.0,1.0,1.0
force_step,CurrentOnly-AE-CeNN-494,8079,0.097238557993407,0.1842017013294015,0.1888358117412664,0.0,0.0,0.0,0.0,0.0,1.0,1.0,1.0,1.0
force_step,CurrentOnly-AE-CeNN-494,8080,0.0860829613533657,0.1647569487295839,0.1743062420271119,0.0,0.0,0.0,0.0,0.0,1.0,1.0,1.0,1.0
force_step,CurrentOnly-AE-CeNN-494,8081,0.0943150942169588,0.1794807553252616,0.1820008952111603,0.0,0.0,0.0,0.0,0.0,1.0,1.0,1.0,1.0
force_step,CurrentOnly-AE-CeNN-494,8082,0.0878285246534337,0.1641303569046255,0.1676470538161851,0.0,0.0,0.0,0.0,0.0,1.0,1.0,1.0,1.0
force_step,CurrentOnly-AE-CeNN-494,8083,0.0834043668558651,0.1519151442225837,0.1544071461049269,0.0,0.0,0.0,0.0,0.0,1.0,1.0,1.0,1.0
force_step,CurrentOnly-AE-CeNN-494,8084,0.0914820063251828,0.1693812681849477,0.1720790302120755,0.0,0.0,0.0,0.0,0.0,1.0,1.0,1.0,1.0
force_step,CurrentOnly-AE-CeNN-494,8085,0.0831681853737657,0.1548851812308031,0.1592229986710059,0.0,0.0,0.0,0.0,0.0,1.0,1.0,1.0,1.0
force_step,CurrentOnly-AE-CeNN-494,8086,0.0879345072951199,0.1636986444145886,0.1669947751508292,0.0,0.0,0.0,0.0,0.0,1.0,1.0,1.0,1.0
force_step,CurrentOnly-AE-CeNN-494,8087,0.0912721784562186,0.1707553183181614,0.177166050561879,0.0,0.0,0.0,0.0,0.0,1.0,1.0,1.0,1.0
force_step,CurrentOnly-AE-CeNN-494,8088,0.0826602118544346,0.1652729123653017,0.1745751016859728,0.0,0.0,0.0,0.0,0.0,1.0,1.0,1.0,1.0
force_step,CurrentOnly-AE-CeNN-494,8089,0.0818645965043639,0.1517337512369922,0.1539267150430791,0.0,0.0,0.0,0.0,0.0,1.0,1.0,1.0,1.0
force_step,CurrentOnly-AE-CeNN-494,8090,0.0871316282578343,0.1617214060425547,0.164727111028095,0.0,0.0,0.0,0.0,0.0,1.0,1.0,1.0,1.0
force_step,CurrentOnly-AE-CeNN-494,8091,0.0951298087992532,0.1769158567221558,0.1835172564062915,0.0,0.0,0.0,0.0,0.0,1.0,1.0,1.0,1.0
force_step,CurrentOnly-AE-CeNN-494,8092,0.0852724917527998,0.1617223012200724,0.1644979428058216,0.0,0.0,0.0,0.0,0.0,1.0,1.0,1.0,1.0
force_step,CurrentOnly-AE-CeNN-494,8093,0.0874029912184234,0.1697148724621727,0.1758152569610617,0.0,0.0,0.0,0.0,0.0,1.0,1.0,1.0,1.0
force_step,CurrentOnly-AE-CeNN-494,8094,0.0892029101281848,0.1678394895233038,0.1768095239613425,0.0,0.0,0.0,0.0,0.0,1.0,1.0,1.0,1.0
force_step,CurrentOnly-AE-CeNN-494,8095,0.0872475056445619,0.1676194156416651,0.1719563899480044,0.0,0.0,0.0,0.0,0.0,1.0,1.0,1.0,1.0
force_step,CurrentOnly-AE-CeNN-494,8096,0.0833051071178667,0.1519729928331407,0.1542495777251357,0.0,0.0,0.0,0.0,0.0,1.0,1.0,1.0,1.0
force_step,CurrentOnly-AE-CeNN-494,8097,0.1016050211581997,0.1882862404695628,0.1934432870944765,0.0,0.0,0.0,0.0,0.0,1.0,1.0,1.0,1.0
force_step,CurrentOnly-AE-CeNN-494,8098,0.0836202646137697,0.1546702185333218,0.1618947531965159,0.0,0.0,0.0,0.0,0.0,1.0,1.0,1.0,1.0
force_step,CurrentOnly-AE-CeNN-494,8099,0.0942836156431167,0.1758155366290821,0.1800271510617688,0.0,0.0,0.0,0.0,0.0,1.0,1.0,1.0,1.0
force_step,G-DetectorGate-noRTA,8000,0.0823548359912324,0.1523503827793741,0.1568204700455774,0.0,0.0,1.0,100.0,0.6588180351925023,1.0,1.0,1.0,1.0
force_step,G-DetectorGate-noRTA,8001,0.0765743895430337,0.1424807743591593,0.1491558019230844,0.0,0.0,1.0,100.0,0.6451012202525279,1.0,1.0,1.0,1.0
force_step,G-DetectorGate-noRTA,8002,0.0868127271536678,0.1625437668456871,0.1668140837353896,0.0,0.0,1.0,100.0,0.6603588598918848,1.0,1.0,1.0,1.0
force_step,G-DetectorGate-noRTA,8003,0.0870848405377614,0.1663402928576845,0.1763085398768688,0.0,0.0,1.0,100.0,0.6612370921512337,1.0,1.0,1.0,1.0
force_step,G-DetectorGate-noRTA,8004,0.0844975968387024,0.1604578737790522,0.1663540935843078,0.0,0.0,1.0,100.0,0.6532247779036298,1.0,1.0,1.0,1.0
force_step,G-DetectorGate-noRTA,8005,0.0861624121550673,0.1637859440056799,0.1693257834554577,0.0,0.0,1.0,100.0,0.6680955963010042,1.0,1.0,1.0,1.0
force_step,G-DetectorGate-noRTA,8006,0.0911883949191058,0.1737669008411339,0.1787515788221372,0.0,0.0,1.0,100.0,0.6572154582017359,1.0,1.0,1.0,1.0
force_step,G-DetectorGate-noRTA,8007,0.0897869719330463,0.1794660111144337,0.1821648872002773,0.0,0.0,1.0,100.0,0.6534712027266374,1.0,1.0,1.0,1.0
force_step,G-DetectorGate-noRTA,8008,0.0815069093652927,0.1540001552199592,0.1569244171787322,0.0,0.0,1.0,100.0,0.6397684197642155,1.0,1.0,1.0,1.0
force_step,G-DetectorGate-noRTA,8009,0.083611808531928,0.1513018424800977,0.1531579654241901,0.0,0.0,1.0,100.0,0.6501664085170549,1.0,1.0,1.0,1.0
force_step,G-DetectorGate-noRTA,8010,0.0818033298667918,0.1520028923108154,0.1555352262039105,0.0,0.0,1.0,100.0,0.6600330418234055,1.0,1.0,1.0,1.0
force_step,G-DetectorGate-noRTA,8011,0.0812083543134696,0.1491020859394333,0.1530589478601083,0.0,0.0,1.0,100.0,0.6406188742828212,1.0,1.0,1.0,1.0
force_step,G-DetectorGate-noRTA,8012,0.0821532256149508,0.1618775778899696,0.1674972138252076,0.0,0.0,1.0,100.0,0.6454556240475776,1.0,1.0,1.0,1.0
force_step,G-DetectorGate-noRTA,8013,0.0780210347165257,0.1489811669223936,0.1552675949742891,0.0,0.0,1.0,100.0,0.647729849184298,1.0,1.0,1.0,1.0
force_step,G-DetectorGate-noRTA,8014,0.0805619055754612,0.1475883522919992,0.1541149967013952,0.0,0.0,1.0,100.0,0.6502851173705114,1.0,1.0,1.0,1.0
force_step,G-DetectorGate-noRTA,8015,0.0883901159072023,0.1648001885399782,0.1663490951992337,0.0,0.0,1.0,100.0,0.6576975668732362,1.0,1.0,1.0,1.0
force_step,G-DetectorGate-noRTA,8016,0.0926777144395501,0.1764327999081397,0.1804836296161958,0.0,0.0,1.0,100.0,0.6483705368039434,1.0,1.0,1.0,1.0
force_step,G-DetectorGate-noRTA,8017,0.0802871797177093,0.1477773120953298,0.1552003097528681,0.0,0.0,1.0,100.0,0.6505741879290247,1.0,1.0,1.0,1.0
force_step,G-DetectorGate-noRTA,8018,0.0838792925981631,0.1544677163862809,0.1602801892728026,0.0,0.0,1.0,100.0,0.6579097112960048,1.0,1.0,1.0,1.0
force_step,G-DetectorGate-noRTA,8019,0.0822090923392561,0.1529854634908154,0.1580543335821815,0.0,0.0,1.0,100.0,0.6420214010027303,1.0,1.0,1.0,1.0
force_step,G-DetectorGate-noRTA,8020,0.0853839746335476,0.1680217367371377,0.1711694589811729,0.0,0.0,1.0,100.0,0.6358209621301881,1.0,1.0,1.0,1.0
force_step,G-DetectorGate-noRTA,8021,0.083077090604652,0.1535638401502031,0.1568513395682812,0.0,0.0,1.0,100.0,0.6409344637425376,1.0,1.0,1.0,1.0
force_step,G-DetectorGate-noRTA,8022,0.0803199653656315,0.1477416555448099,0.15148635857508,0.0,0.0,1.0,100.0,0.6365943596183342,1.0,1.0,1.0,1.0
force_step,G-DetectorGate-noRTA,8023,0.0882127213059803,0.1730644416169845,0.1793712131505881,0.0,0.0,1.0,100.0,0.6562308747636985,1.0,1.0,1.0,1.0
force_step,G-DetectorGate-noRTA,8024,0.0930932611907414,0.1734559968449124,0.1763739023202427,0.0,0.0,1.0,100.0,0.6606823710381048,1.0,1.0,1.0,1.0
force_step,G-DetectorGate-noRTA,8025,0.0827029032514935,0.1537036229001702,0.1558844238530729,0.0,0.0,1.0,100.0,0.6375912559506521,1.0,1.0,1.0,1.0
force_step,G-DetectorGate-noRTA,8026,0.0887958992495293,0.1678819582276558,0.1707492857578344,0.0,0.0,1.0,100.0,0.6433100967141995,1.0,1.0,1.0,1.0
force_step,G-DetectorGate-noRTA,8027,0.0858257752153909,0.1621171677112284,0.1695337437855232,0.0,0.0,1.0,100.0,0.6461916718930277,1.0,1.0,1.0,1.0
force_step,G-DetectorGate-noRTA,8028,0.0923031086752258,0.1733780720520945,0.1767822422903869,0.0,0.0,1.0,100.0,0.6501038862849389,1.0,1.0,1.0,1.0
force_step,G-DetectorGate-noRTA,8029,0.0917972968987373,0.1851528943508666,0.1888783668095063,0.0,0.0,1.0,100.0,0.6440793204159779,1.0,1.0,1.0,1.0
force_step,G-DetectorGate-noRTA,8030,0.0851103378419058,0.1621169704326842,0.1691433226996819,0.0,0.0,1.0,100.0,0.6539006717327044,1.0,1.0,1.0,1.0
force_step,G-DetectorGate-noRTA,8031,0.1003590690022167,0.1840244058349502,0.1863135842314355,0.0,0.0,1.0,100.0,0.656977558018088,1.0,1.0,1.0,1.0
force_step,G-DetectorGate-noRTA,8032,0.0900567762227629,0.1726834292018459,0.1791350223302658,0.0,0.0,1.0,100.0,0.6685233872495979,1.0,1.0,1.0,1.0
force_step,G-DetectorGate-noRTA,8033,0.0871443887079849,0.1716616571266447,0.1743202936675898,0.0,0.0,1.0,100.0,0.6496697296564924,1.0,1.0,1.0,1.0
force_step,G-DetectorGate-noRTA,8034,0.0875037226250636,0.1637771489027693,0.1669304151013161,0.0,0.0,1.0,100.0,0.6713904475811316,1.0,1.0,1.0,1.0
force_step,G-DetectorGate-noRTA,8035,0.0938091047474407,0.1758865548763271,0.1789181481210185,0.0,0.0,1.0,100.0,0.6670090678896966,1.0,1.0,1.0,1.0
force_step,G-DetectorGate-noRTA,8036,0.091993890701386,0.1759400014256981,0.1816617787688725,0.0,0.0,1.0,100.0,0.6697534323422631,1.0,1.0,1.0,1.0
force_step,G-DetectorGate-noRTA,8037,0.0835484282524543,0.1562166276265611,0.1619615512508971,0.0,0.0,1.0,100.0,0.6514706062213427,1.0,1.0,1.0,1.0
force_step,G-DetectorGate-noRTA,8038,0.0863938798469767,0.1594639514418628,0.1634378202791135,0.0,0.0,1.0,100.0,0.6379748365172525,1.0,1.0,1.0,1.0
force_step,G-DetectorGate-noRTA,8039,0.0942289880047755,0.1754182912208629,0.1818157719360257,0.0,0.0,1.0,100.0,0.6651826554651514,1.0,1.0,1.0,1.0
force_step,G-DetectorGate-noRTA,8040,0.0913063911969841,0.1760478651100257,0.1786116039404514,0.0,0.0,1.0,100.0,0.6684396398547865,1.0,1.0,1.0,1.0
force_step,G-DetectorGate-noRTA,8041,0.0946342091206522,0.1884133789149361,0.1932017407482019,0.0,0.0,1.0,100.0,0.6573415095151677,1.0,1.0,1.0,1.0
force_step,G-DetectorGate-noRTA,8042,0.0945586151806362,0.1800160201541822,0.1841678716706718,0.0,0.0,1.0,100.0,0.6550880209533984,1.0,1.0,1.0,1.0
force_step,G-DetectorGate-noRTA,8043,0.0892370114650781,0.1680444901175819,0.1707133382785003,0.0,0.0,1.0,100.0,0.6333644077831811,1.0,1.0,1.0,1.0
force_step,G-DetectorGate-noRTA,8044,0.0999835932160824,0.1825228316777812,0.1871423651689204,0.0,0.0,1.0,100.0,0.6538042338385341,1.0,1.0,1.0,1.0
force_step,G-DetectorGate-noRTA,8045,0.0878421425811602,0.16127917513956,0.1686814328398836,0.0,0.0,1.0,100.0,0.6474746500532252,1.0,1.0,1.0,1.0
force_step,G-DetectorGate-noRTA,8046,0.0906396306683985,0.1699478203878054,0.1722606955914561,0.0,0.0,1.0,100.0,0.6408854743277943,1.0,1.0,1.0,1.0
force_step,G-DetectorGate-noRTA,8047,0.0842292722215452,0.153476164170463,0.1539732157893658,0.0,0.0,1.0,100.0,0.635493728177164,1.0,1.0,1.0,1.0
force_step,G-DetectorGate-noRTA,8048,0.0875234314751399,0.1621359083185022,0.1652739350631201,0.0,0.0,1.0,100.0,0.6496368077241554,1.0,1.0,1.0,1.0
force_step,G-DetectorGate-noRTA,8049,0.0876592622906419,0.160773503005496,0.1614565625257936,0.0,0.0,1.0,100.0,0.6497449449425213,1.0,1.0,1.0,1.0
force_step,G-DetectorGate-noRTA,8050,0.0819559933852634,0.1492579005427871,0.1529796377962073,0.0,0.0,1.0,100.0,0.6262339012700728,1.0,1.0,1.0,1.0
force_step,G-DetectorGate-noRTA,8051,0.0873121983455213,0.1691573788430738,0.1727179221900281,0.0,0.0,1.0,100.0,0.6453095002381685,1.0,1.0,1.0,1.0
force_step,G-DetectorGate-noRTA,8052,0.0850942043924196,0.1564959785116026,0.1634238509694437,0.0,0.0,1.0,100.0,0.6441641907169882,1.0,1.0,1.0,1.0
force_step,G-DetectorGate-noRTA,8053,0.0849055762856732,0.1564985070546487,0.1624879336053059,0.0,0.0,1.0,100.0,0.6488769854516435,1.0,1.0,1.0,1.0
force_step,G-DetectorGate-noRTA,8054,0.0783816324063654,0.1490303604473682,0.1509490296623424,0.0,0.0,1.0,100.0,0.6508826476604975,1.0,1.0,1.0,1.0
force_step,G-DetectorGate-noRTA,8055,0.0899373594214678,0.169848311149304,0.17226772637908,0.0,0.0,1.0,100.0,0.6477621754191925,1.0,1.0,1.0,1.0
force_step,G-DetectorGate-noRTA,8056,0.0863362950686942,0.1575133440491985,0.1637731560862558,0.0,0.0,1.0,100.0,0.6552681598604021,1.0,1.0,1.0,1.0
force_step,G-DetectorGate-noRTA,8057,0.0815342949216124,0.16127956033592,0.1703179399721192,0.0,0.0,1.0,100.0,0.6491874129146984,1.0,1.0,1.0,1.0
force_step,G-DetectorGate-noRTA,8058,0.0849362368939436,0.1674223937025679,0.1756790176974201,0.0,0.0,1.0,100.0,0.6723462475951246,1.0,1.0,1.0,1.0
force_step,G-DetectorGate-noRTA,8059,0.0933375841716495,0.1754754784150831,0.1783241525121164,0.0,0.0,1.0,100.0,0.6667915912751838,1.0,1.0,1.0,1.0
force_step,G-DetectorGate-noRTA,8060,0.0875983083062158,0.1597047720462412,0.1633196712032544,0.0,0.0,1.0,100.0,0.6434452002635989,1.0,1.0,1.0,1.0
force_step,G-DetectorGate-noRTA,8061,0.0917664367433164,0.1823185301506471,0.1863687359131811,0.0,0.0,1.0,100.0,0.6512678666580208,1.0,1.0,1.0,1.0
force_step,G-DetectorGate-noRTA,8062,0.0879776776943894,0.1748612398665003,0.1771851649088112,0.0,0.0,1.0,100.0,0.6589313448023567,1.0,1.0,1.0,1.0
force_step,G-DetectorGate-noRTA,8063,0.0906406884302563,0.1778576169505464,0.1814825907058357,0.0,0.0,1.0,100.0,0.6517330929558944,1.0,1.0,1.0,1.0
force_step,G-DetectorGate-noRTA,8064,0.0897173206074095,0.1683477509912224,0.1720719559158448,0.0,0.0,1.0,100.0,0.6421945130364141,1.0,1.0,1.0,1.0
force_step,G-DetectorGate-noRTA,8065,0.0801170675283264,0.1525689845988829,0.1587370426673853,0.0,0.0,1.0,100.0,0.666110459219122,1.0,1.0,1.0,1.0
force_step,G-DetectorGate-noRTA,8066,0.0849908160511399,0.1631808528442542,0.1693776898320063,0.0,0.0,1.0,100.0,0.6530529800643052,1.0,1.0,1.0,1.0
force_step,G-DetectorGate-noRTA,8067,0.082220140693727,0.1523168036525525,0.1548662020764079,0.0,0.0,1.0,100.0,0.6394763694200574,1.0,1.0,1.0,1.0
force_step,G-DetectorGate-noRTA,8068,0.0861988200421993,0.1615038031345548,0.1637934172551427,0.0,0.0,1.0,100.0,0.645686771072202,1.0,1.0,1.0,1.0
force_step,G-DetectorGate-noRTA,8069,0.0928556315035104,0.1727840613322182,0.1755869877249698,0.0,0.0,1.0,100.0,0.6602799770669114,1.0,1.0,1.0,1.0
force_step,G-DetectorGate-noRTA,8070,0.0815928210512203,0.1493897436686491,0.1511951137650843,0.0,0.0,1.0,100.0,0.6353747553433979,1.0,1.0,1.0,1.0
force_step,G-DetectorGate-noRTA,8071,0.0967390593906906,0.1794560700482916,0.1825033267615303,0.0,0.0,1.0,100.0,0.6684327163718358,1.0,1.0,1.0,1.0
force_step,G-DetectorGate-noRTA,8072,0.0967422923808308,0.1830976654157505,0.1892044139810324,0.0,0.0,1.0,100.0,0.6512840803500641,1.0,1.0,1.0,1.0
force_step,G-DetectorGate-noRTA,8073,0.0801583862324367,0.1486616099065483,0.1504807362034236,0.0,0.0,1.0,100.0,0.6385010849905632,1.0,1.0,1.0,1.0
force_step,G-DetectorGate-noRTA,8074,0.0825180239403694,0.1519425347828552,0.1548503118881211,0.0,0.0,1.0,100.0,0.6329687401509615,1.0,1.0,1.0,1.0
force_step,G-DetectorGate-noRTA,8075,0.0792463764091254,0.1453823109914628,0.1468269877259823,0.0,0.0,1.0,100.0,0.6484661833808392,1.0,1.0,1.0,1.0
force_step,G-DetectorGate-noRTA,8076,0.0868341861555635,0.1738949124056927,0.1766590537775987,0.0,0.0,1.0,100.0,0.6515068647796262,1.0,1.0,1.0,1.0
force_step,G-DetectorGate-noRTA,8077,0.0888310995666252,0.1672574639750241,0.1714766348038744,0.0,0.0,1.0,100.0,0.6439382066719982,1.0,1.0,1.0,1.0
force_step,G-DetectorGate-noRTA,8078,0.0889403057698065,0.1679662722660617,0.1730510791377394,0.0,0.0,1.0,100.0,0.6518945638519608,1.0,1.0,1.0,1.0
force_step,G-DetectorGate-noRTA,8079,0.0969573012488636,0.1837733768187081,0.1882522488819606,0.0,0.0,1.0,100.0,0.6659219470873584,1.0,1.0,1.0,1.0
force_step,G-DetectorGate-noRTA,8080,0.0857824046234412,0.1645813764691036,0.1741682780100476,0.0,0.0,1.0,100.0,0.6697583748325979,1.0,1.0,1.0,1.0
force_step,G-DetectorGate-noRTA,8081,0.0941819957492965,0.1791645935026292,0.1817264775616334,0.0,0.0,1.0,100.0,0.6617933733347101,1.0,1.0,1.0,1.0
force_step,G-DetectorGate-noRTA,8082,0.0874461211192934,0.1633480935185484,0.1667956613714988,0.0,0.0,1.0,100.0,0.6507300566271822,1.0,1.0,1.0,1.0
force_step,G-DetectorGate-noRTA,8083,0.0830457788065757,0.1517253201284684,0.1541472729632234,0.0,0.0,1.0,100.0,0.6364185046065184,1.0,1.0,1.0,1.0
force_step,G-DetectorGate-noRTA,8084,0.0912607170919221,0.1688575617303852,0.171603055744704,0.0,0.0,1.0,100.0,0.6470223748512566,1.0,1.0,1.0,1.0
force_step,G-DetectorGate-noRTA,8085,0.082954482247588,0.1544580248149985,0.1586914449039465,0.0,0.0,1.0,100.0,0.6464312220866161,1.0,1.0,1.0,1.0
force_step,G-DetectorGate-noRTA,8086,0.0875792265474767,0.1629974804385429,0.1662337554588009,0.0,0.0,1.0,100.0,0.6556381354800025,1.0,1.0,1.0,1.0
force_step,G-DetectorGate-noRTA,8087,0.0909509042786301,0.1699677617577111,0.176227035334697,0.0,0.0,1.0,100.0,0.669371949541736,1.0,1.0,1.0,1.0
force_step,G-DetectorGate-noRTA,8088,0.0823857937641017,0.1651598342858814,0.1743773507203014,0.0,0.0,1.0,100.0,0.6542402814092371,1.0,1.0,1.0,1.0
force_step,G-DetectorGate-noRTA,8089,0.0816951221771594,0.1517972900237448,0.1539473213167892,0.0,0.0,1.0,100.0,0.643525350077799,1.0,1.0,1.0,1.0
force_step,G-DetectorGate-noRTA,8090,0.0868939250816609,0.1613066966606621,0.1642757190692379,0.0,0.0,1.0,100.0,0.6563573086220831,1.0,1.0,1.0,1.0
force_step,G-DetectorGate-noRTA,8091,0.0948173618153361,0.1765116178219767,0.1827623866948401,0.0,0.0,1.0,100.0,0.6725119341879772,1.0,1.0,1.0,1.0
force_step,G-DetectorGate-noRTA,8092,0.0851238496133837,0.1614842622175957,0.1641697336370688,0.0,0.0,1.0,100.0,0.6500309623233109,1.0,1.0,1.0,1.0
force_step,G-DetectorGate-noRTA,8093,0.0870927817703904,0.1688666843301503,0.1748824930520493,0.0,0.0,1.0,100.0,0.6526537158108201,1.0,1.0,1.0,1.0
force_step,G-DetectorGate-noRTA,8094,0.0889400578256142,0.1672050067495275,0.1760989204675029,0.0,0.0,1.0,100.0,0.658014440288924,1.0,1.0,1.0,1.0
force_step,G-DetectorGate-noRTA,8095,0.0871308339212873,0.1673748539242134,0.1716376257732737,0.0,0.0,1.0,100.0,0.6444703624570272,1.0,1.0,1.0,1.0
force_step,G-DetectorGate-noRTA,8096,0.0830500549076439,0.151882943194287,0.1540962335827066,0.0,0.0,1.0,100.0,0.640532258228142,1.0,1.0,1.0,1.0
force_step,G-DetectorGate-noRTA,8097,0.1013347841973862,0.1878308368037486,0.193008679838092,0.0,0.0,1.0,100.0,0.6679645081851345,1.0,1.0,1.0,1.0
force_step,G-DetectorGate-noRTA,8098,0.0833321292985441,0.1543441760384621,0.1615207681636138,0.0,0.0,1.0,100.0,0.6559860790886055,1.0,1.0,1.0,1.0
force_step,G-DetectorGate-noRTA,8099,0.0939374873368584,0.1748977906778438,0.1790349144006962,0.0,0.0,1.0,100.0,0.6504438491801413,1.0,1.0,1.0,1.0
force_step,H-RTA-SupervisedGate,8000,0.0823539271270036,0.152351510862446,0.1568206105406826,0.0,0.0,0.6414922656960873,64.14922656960873,,,,,
force_step,H-RTA-SupervisedGate,8001,0.076571992002655,0.1424793175983231,0.1491551544469288,0.0,0.0,0.6260236578707916,62.602365787079165,,,,,
force_step,H-RTA-SupervisedGate,8002,0.0868122299500988,0.162550350515059,0.1668159926896829,0.0,0.0,0.6369426751592356,63.69426751592356,,,,,
force_step,H-RTA-SupervisedGate,8003,0.0870834498951861,0.1663399771333447,0.1763081223394736,0.0,0.0,0.6424021838034577,64.24021838034577,,,,,
force_step,H-RTA-SupervisedGate,8004,0.0844992554436844,0.1604585932837053,0.1663548988735846,0.0,0.0,0.6360327570518653,63.60327570518653,,,,,
force_step,H-RTA-SupervisedGate,8005,0.0861636581104815,0.1637893568114443,0.1693266172215011,0.0,0.0,0.6442220200181984,64.42220200181984,,,,,
force_step,H-RTA-SupervisedGate,8006,0.0911854865221018,0.1737665373468567,0.1787511960791664,0.0,0.0,0.6342129208371247,63.42129208371247,,,,,
force_step,H-RTA-SupervisedGate,8007,0.0897886763786901,0.1794649277081816,0.182162707328067,0.0,0.0,0.6305732484076433,63.05732484076433,,,,,
force_step,H-RTA-SupervisedGate,8008,0.0815050760331256,0.1540025463833561,0.1569272863596409,0.0,0.0,0.6205641492265697,62.05641492265697,,,,,
force_step,H-RTA-SupervisedGate,8009,0.083604805959665,0.1513010330001745,0.1531541203457005,0.0,0.0,0.6196542311191993,61.965423111919925,,,,,
force_step,H-RTA-SupervisedGate,8010,0.0818018546756297,0.1520050149050518,0.1555362129791034,0.0,0.0,0.640582347588717,64.0582347588717,,,,,
force_step,H-RTA-SupervisedGate,8011,0.0812102921278981,0.1491037360358521,0.1530605428285976,0.0,0.0,0.618744313011829,61.874431301182895,,,,,
force_step,H-RTA-SupervisedGate,8012,0.0821524848664643,0.1618780261288219,0.1674971526019706,0.0,0.0,0.6287534121929026,62.87534121929026,,,,,
force_step,H-RTA-SupervisedGate,8013,0.0780210269884351,0.1489770881937872,0.1552666299671372,0.0,0.0,0.626933575978162,62.6933575978162,,,,,
force_step,H-RTA-SupervisedGate,8014,0.0805607106140747,0.147588249422272,0.1541151431616316,0.0,0.0,0.6278434940855323,62.78434940855323,,,,,
force_step,H-RTA-SupervisedGate,8015,0.0883899050887558,0.1647994937192463,0.1663490006024463,0.0,0.0,0.629663330300273,62.9663330300273,,,,,
force_step,H-RTA-SupervisedGate,8016,0.0926659874230169,0.1764236428014733,0.1804816523479579,0.0,0.0,0.6287534121929026,62.87534121929026,,,,,
force_step,H-RTA-SupervisedGate,8017,0.0802844351585107,0.1477785629935926,0.1552017512736317,0.0,0.0,0.629663330300273,62.9663330300273,,,,,
force_step,H-RTA-SupervisedGate,8018,0.0838776966787463,0.1544661448305236,0.1602802271990609,0.0,0.0,0.6387625113739763,63.87625113739763,,,,,
force_step,H-RTA-SupervisedGate,8019,0.08221381654482,0.1529889919703499,0.1580550919778378,0.0,0.0,0.6196542311191993,61.965423111919925,,,,,
force_step,H-RTA-SupervisedGate,8020,0.0853795326327479,0.1680157175568205,0.171167594285752,0.0,0.0,0.6169244767970883,61.69244767970883,,,,,
force_step,H-RTA-SupervisedGate,8021,0.0830798254171404,0.1535641265910204,0.1568532449415326,0.0,0.0,0.6114649681528662,61.14649681528663,,,,,
force_step,H-RTA-SupervisedGate,8022,0.0803229051877002,0.1477441273303378,0.1514861467218427,0.0,0.0,0.6096451319381255,60.96451319381255,,,,,
force_step,H-RTA-SupervisedGate,8023,0.0882122144334056,0.1730612058600069,0.1793703755530947,0.0,0.0,0.637852593266606,63.7852593266606,,,,,
force_step,H-RTA-SupervisedGate,8024,0.0930959406243674,0.1734577109354638,0.1763742826972156,0.0,0.0,0.6424021838034577,64.24021838034577,,,,,
force_step,H-RTA-SupervisedGate,8025,0.0827022422699481,0.1536997315291644,0.1558836507725453,0.0,0.0,0.6160145586897179,61.60145586897179,,,,,
force_step,H-RTA-SupervisedGate,8026,0.0887914309311617,0.1678799044201977,0.1707487411783625,0.0,0.0,0.6223839854413102,62.23839854413102,,,,,
force_step,H-RTA-SupervisedGate,8027,0.0858261078099689,0.1621229902103959,0.1695352814320561,0.0,0.0,0.629663330300273,62.9663330300273,,,,,
force_step,H-RTA-SupervisedGate,8028,0.0922967493981453,0.1733728743791002,0.1767805233947515,0.0,0.0,0.635122838944495,63.512283894449496,,,,,
force_step,H-RTA-SupervisedGate,8029,0.0917996537549104,0.1851549939088032,0.1888796237015743,0.0,0.0,0.6251137397634213,62.511373976342135,,,,,
force_step,H-RTA-SupervisedGate,8030,0.0851050425216578,0.1621148381547207,0.1691424771343273,0.0,0.0,0.629663330300273,62.9663330300273,,,,,
force_step,H-RTA-SupervisedGate,8031,0.1003629574060586,0.1840238121049043,0.1863169122328724,0.0,0.0,0.6342129208371247,63.42129208371247,,,,,
force_step,H-RTA-SupervisedGate,8032,0.0900538921494965,0.1726806229563947,0.1791340109858714,0.0,0.0,0.6478616924476797,64.78616924476796,,,,,
force_step,H-RTA-SupervisedGate,8033,0.087150996426062,0.1716717725762903,0.1743252209925343,0.0,0.0,0.629663330300273,62.9663330300273,,,,,
force_step,H-RTA-SupervisedGate,8034,0.0875070634052137,0.1637800218244472,0.1669307103003806,0.0,0.0,0.6496815286624203,64.96815286624204,,,,,
force_step,H-RTA-SupervisedGate,8035,0.0938113975404783,0.1758960275366954,0.178922742557792,0.0,0.0,0.6369426751592356,63.69426751592356,,,,,
force_step,H-RTA-SupervisedGate,8036,0.0919936774282464,0.1759386791057396,0.1816615135884647,0.0,0.0,0.6496815286624203,64.96815286624204,,,,,
force_step,H-RTA-SupervisedGate,8037,0.0835444093489953,0.1562155056105469,0.1619608399540196,0.0,0.0,0.629663330300273,62.9663330300273,,,,,
force_step,H-RTA-SupervisedGate,8038,0.08639108876492,0.1594491900017402,0.1634332589135216,0.0,0.0,0.6151046405823476,61.51046405823476,,,,,
force_step,H-RTA-SupervisedGate,8039,0.0942291181728217,0.1754186090469932,0.1818161302774177,0.0,0.0,0.6487716105550501,64.87716105550501,,,,,
force_step,H-RTA-SupervisedGate,8040,0.0913064406013233,0.1760465851648786,0.1786092835307121,0.0,0.0,0.6478616924476797,64.78616924476796,,,,,
force_step,H-RTA-SupervisedGate,8041,0.0946383511356941,0.1884271565471963,0.1932059843441234,0.0,0.0,0.6342129208371247,63.42129208371247,,,,,
force_step,H-RTA-SupervisedGate,8042,0.0945660951114124,0.1800185680705183,0.1841714094669997,0.0,0.0,0.6333030027297544,63.33030027297544,,,,,
force_step,H-RTA-SupervisedGate,8043,0.0892363673402538,0.1680451861101773,0.1707138025623473,0.0,0.0,0.6141947224749773,61.41947224749773,,,,,
force_step,H-RTA-SupervisedGate,8044,0.0999887161403759,0.1825337358980365,0.1871466905024628,0.0,0.0,0.6396724294813467,63.96724294813468,,,,,
force_step,H-RTA-SupervisedGate,8045,0.0878341456901733,0.161276733764591,0.1686786695172522,0.0,0.0,0.6287534121929026,62.87534121929026,,,,,
force_step,H-RTA-SupervisedGate,8046,0.0906386120811458,0.1699482244932572,0.1722612797459885,0.0,0.0,0.6242038216560509,62.42038216560509,,,,,
force_step,H-RTA-SupervisedGate,8047,0.0842203052411223,0.1534719819614003,0.1539684203100743,0.0,0.0,0.6069153776160146,60.69153776160145,,,,,
force_step,H-RTA-SupervisedGate,8048,0.0875227136983048,0.1621343577703532,0.1652719525785885,0.0,0.0,0.6314831665150137,63.14831665150137,,,,,
force_step,H-RTA-SupervisedGate,8049,0.0876592231850059,0.1607750989080614,0.1614566403084316,0.0,0.0,0.626933575978162,62.6933575978162,,,,,
force_step,H-RTA-SupervisedGate,8050,0.0819536650491986,0.149255637892272,0.152978922662374,0.0,0.0,0.6014558689717925,60.14558689717925,,,,,
force_step,H-RTA-SupervisedGate,8051,0.0873122493319326,0.1691497729350862,0.1727145216613127,0.0,0.0,0.6223839854413102,62.23839854413102,,,,,
force_step,H-RTA-SupervisedGate,8052,0.0851006240474469,0.1564993058358189,0.1634246766978053,0.0,0.0,0.62147406733394,62.14740673339399,,,,,
force_step,H-RTA-SupervisedGate,8053,0.0849037905760149,0.1564993941631391,0.1624883850339579,0.0,0.0,0.6278434940855323,62.78434940855323,,,,,
force_step,H-RTA-SupervisedGate,8054,0.0783766463480677,0.1490291331361659,0.1509463731499665,0.0,0.0,0.6251137397634213,62.511373976342135,,,,,
force_step,H-RTA-SupervisedGate,8055,0.0899409984000087,0.1698421111521365,0.1722648930289614,0.0,0.0,0.6305732484076433,63.05732484076433,,,,,
force_step,H-RTA-SupervisedGate,8056,0.086341892637381,0.1575128409390537,0.1637727426268278,0.0,0.0,0.6342129208371247,63.42129208371247,,,,,
force_step,H-RTA-SupervisedGate,8057,0.0815342687794323,0.16128111384351,0.1703178897876562,0.0,0.0,0.618744313011829,61.874431301182895,,,,,
force_step,H-RTA-SupervisedGate,8058,0.0849354837202959,0.1674179503810662,0.17567802633481,0.0,0.0,0.6414922656960873,64.14922656960873,,,,,
force_step,H-RTA-SupervisedGate,8059,0.0933386748977166,0.1754745379857203,0.1783225598939117,0.0,0.0,0.6396724294813467,63.96724294813468,,,,,
force_step,H-RTA-SupervisedGate,8060,0.0875902616501787,0.1597000647598318,0.1633153452914122,0.0,0.0,0.6242038216560509,62.42038216560509,,,,,
force_step,H-RTA-SupervisedGate,8061,0.091766042592114,0.1823210978124801,0.1863697148102191,0.0,0.0,0.6278434940855323,62.78434940855323,,,,,
force_step,H-RTA-SupervisedGate,8062,0.0879798660243451,0.1748618699472318,0.1771860160892908,0.0,0.0,0.6387625113739763,63.87625113739763,,,,,
force_step,H-RTA-SupervisedGate,8063,0.0906390304976455,0.1778482501736946,0.1814786478424743,0.0,0.0,0.629663330300273,62.9663330300273,,,,,
force_step,H-RTA-SupervisedGate,8064,0.0897181621501504,0.1683522851878786,0.172072937957834,0.0,0.0,0.6196542311191993,61.965423111919925,,,,,
force_step,H-RTA-SupervisedGate,8065,0.0801099163082912,0.1525633213427547,0.1587354960992111,0.0,0.0,0.632393084622384,63.2393084622384,,,,,
force_step,H-RTA-SupervisedGate,8066,0.0849844580695107,0.1631801698154214,0.1693785675461765,0.0,0.0,0.6278434940855323,62.78434940855323,,,,,
force_step,H-RTA-SupervisedGate,8067,0.0822198015837802,0.1523169193305198,0.1548663832229028,0.0,0.0,0.6160145586897179,61.60145586897179,,,,,
force_step,H-RTA-SupervisedGate,8068,0.086199256211368,0.1615059778174931,0.16379383892594,0.0,0.0,0.6223839854413102,62.23839854413102,,,,,
force_step,H-RTA-SupervisedGate,8069,0.0928540744480936,0.1727840395870943,0.1755872552798316,0.0,0.0,0.6342129208371247,63.42129208371247,,,,,
force_step,H-RTA-SupervisedGate,8070,0.0815874474154317,0.1493885231170911,0.1511951579536553,0.0,0.0,0.6105550500454959,61.0555050045496,,,,,
force_step,H-RTA-SupervisedGate,8071,0.0967400644300603,0.1794593949246352,0.1825053563571225,0.0,0.0,0.6424021838034577,64.24021838034577,,,,,
force_step,H-RTA-SupervisedGate,8072,0.0967397414034448,0.1830939664542139,0.1892031570222616,0.0,0.0,0.6369426751592356,63.69426751592356,,,,,
force_step,H-RTA-SupervisedGate,8073,0.0801621060123885,0.1486636935023348,0.1504813029137523,0.0,0.0,0.6123748862602366,61.23748862602366,,,,,
force_step,H-RTA-SupervisedGate,8074,0.0825201393146827,0.1519412816534056,0.1548486935953196,0.0,0.0,0.6096451319381255,60.96451319381255,,,,,
force_step,H-RTA-SupervisedGate,8075,0.0792474209594533,0.1453838480294148,0.1468285125915331,0.0,0.0,0.6223839854413102,62.23839854413102,,,,,
force_step,H-RTA-SupervisedGate,8076,0.0868312426924828,0.1738929090836126,0.1766585030032897,0.0,0.0,0.6278434940855323,62.78434940855323,,,,,
force_step,H-RTA-SupervisedGate,8077,0.0888341754195414,0.1672624557463928,0.1714780161854617,0.0,0.0,0.6260236578707916,62.602365787079165,,,,,
force_step,H-RTA-SupervisedGate,8078,0.0889436485014395,0.1679772053569511,0.1730539804057714,0.0,0.0,0.6305732484076433,63.05732484076433,,,,,
force_step,H-RTA-SupervisedGate,8079,0.0969529547699382,0.1837687577406257,0.1882506326261371,0.0,0.0,0.6460418562329391,64.60418562329392,,,,,
force_step,H-RTA-SupervisedGate,8080,0.0857830500978357,0.1645817653767412,0.1741687736012628,0.0,0.0,0.6460418562329391,64.60418562329392,,,,,
force_step,H-RTA-SupervisedGate,8081,0.0941849256626773,0.179168533257058,0.181733670189477,0.0,0.0,0.6387625113739763,63.87625113739763,,,,,
force_step,H-RTA-SupervisedGate,8082,0.0874426403176101,0.1633412966073218,0.1667932942379838,0.0,0.0,0.6287534121929026,62.87534121929026,,,,,
force_step,H-RTA-SupervisedGate,8083,0.0830440151331479,0.15172732114902,0.1541485540713316,0.0,0.0,0.6123748862602366,61.23748862602366,,,,,
force_step,H-RTA-SupervisedGate,8084,0.0912570855993805,0.1688539035979367,0.1716021196276232,0.0,0.0,0.6251137397634213,62.511373976342135,,,,,
force_step,H-RTA-SupervisedGate,8085,0.0829548353470486,0.1544626692480781,0.1586923682622995,0.0,0.0,0.6223839854413102,62.23839854413102,,,,,
force_step,H-RTA-SupervisedGate,8086,0.0875806328833654,0.1629981987920549,0.1662343293066021,0.0,0.0,0.6360327570518653,63.60327570518653,,,,,
force_step,H-RTA-SupervisedGate,8087,0.0909518787318379,0.1699742704420929,0.1762288830540038,0.0,0.0,0.6496815286624203,64.96815286624204,,,,,
force_step,H-RTA-SupervisedGate,8088,0.0823814733833835,0.1651627311310932,0.1743780177585575,0.0,0.0,0.635122838944495,63.512283894449496,,,,,
force_step,H-RTA-SupervisedGate,8089,0.0816950263957346,0.1517943833507853,0.1539472401265665,0.0,0.0,0.6205641492265697,62.05641492265697,,,,,
force_step,H-RTA-SupervisedGate,8090,0.0868970067236904,0.1613088561737403,0.1642763464065992,0.0,0.0,0.6278434940855323,62.78434940855323,,,,,
force_step,H-RTA-SupervisedGate,8091,0.0948176196320272,0.1765126791156887,0.1827617853212732,0.0,0.0,0.6533212010919017,65.33212010919017,,,,,
force_step,H-RTA-SupervisedGate,8092,0.0851187615944382,0.16147279249486,0.1641647713749765,0.0,0.0,0.6314831665150137,63.14831665150137,,,,,
force_step,H-RTA-SupervisedGate,8093,0.0870909277118407,0.1688637840471578,0.174881901786144,0.0,0.0,0.635122838944495,63.512283894449496,,,,,
force_step,H-RTA-SupervisedGate,8094,0.0889372607459545,0.1672047239500755,0.1760988585627758,0.0,0.0,0.6333030027297544,63.33030027297544,,,,,
force_step,H-RTA-SupervisedGate,8095,0.0871313986571587,0.1673771724383423,0.1716386814636367,0.0,0.0,0.6251137397634213,62.511373976342135,,,,,
force_step,H-RTA-SupervisedGate,8096,0.0830521524662878,0.1518855530908016,0.1540982951141251,0.0,0.0,0.6196542311191993,61.965423111919925,,,,,
force_step,H-RTA-SupervisedGate,8097,0.1013368284736273,0.1878325470253425,0.1930096657267296,0.0,0.0,0.6414922656960873,64.14922656960873,,,,,
force_step,H-RTA-SupervisedGate,8098,0.0833368361769251,0.1543444535634428,0.1615210747691502,0.0,0.0,0.632393084622384,63.2393084622384,,,,,
force_step,H-RTA-SupervisedGate,8099,0.0939349616067088,0.1748973690113081,0.1790344712754417,0.0,0.0,0.6278434940855323,62.78434940855323,,,,,
force_step,I-ContinuousRiskGovernor,8000,0.0823543682356936,0.1523532147444659,0.1568210514090457,0.0,0.0,0.6275662312442705,63.7852593266606,0.658633950078043,0.9887869426818128,1.0,0.999965531629035,1.0
force_step,I-ContinuousRiskGovernor,8001,0.0765762049473836,0.1424909544458384,0.14915957677506,0.0,0.0,0.6172638351465651,62.42038216560509,0.6448181973415937,0.992886589789527,1.0,0.9998573251760968,1.0
force_step,I-ContinuousRiskGovernor,8002,0.0868321956452681,0.1625974512081786,0.1668300269159359,0.0,0.0,0.6166879245119259,63.512283894449496,0.6601887956481548,0.9811296724470476,1.0,1.0,1.0
force_step,I-ContinuousRiskGovernor,8003,0.0870852354730698,0.1663450036724088,0.1763086566083227,0.0,0.0,0.6296057502762376,64.24021838034577,0.661187534848534,0.9905111409894078,1.0,0.9997926250081344,1.0
force_step,I-ContinuousRiskGovernor,8004,0.084500596315323,0.1604639078881075,0.1663578759821142,0.0,0.0,0.622568248196206,63.2393084622384,0.6532461507762426,0.9890858394358104,1.0,1.0,1.0
force_step,I-ContinuousRiskGovernor,8005,0.0861687984710203,0.1637893645491735,0.1693265637956579,0.0,0.0,0.6259208690416262,63.512283894449496,0.6679284727854179,0.983394227549475,1.0,0.9998035806485174,1.0
force_step,I-ContinuousRiskGovernor,8006,0.0911965514434063,0.1737720479660629,0.1787566383916022,0.0,0.0,0.6145769333503736,63.2393084622384,0.657225246030268,0.9827881735574412,1.0,0.9999375393244044,1.0
force_step,I-ContinuousRiskGovernor,8007,0.0898001970001283,0.1794845246245278,0.182184209810412,0.0,0.0,0.6099948071707597,63.05732484076433,0.6533594651027496,0.9841393496672312,1.0,0.996843602484386,1.0
force_step,I-ContinuousRiskGovernor,8008,0.0815130139242297,0.1540111397404436,0.1569385798439967,0.0,0.0,0.6063907554394925,62.05641492265697,0.639858617111406,0.9883570918376388,1.0,1.0,1.0
force_step,I-ContinuousRiskGovernor,8009,0.0836127961809511,0.15131131575554,0.1531585308317405,0.0,0.0,0.5954326700442664,61.41947224749773,0.6500762688070291,0.9778269690733888,1.0,0.999999978083236,1.0
force_step,I-ContinuousRiskGovernor,8010,0.081804143053093,0.1520091327378905,0.1555378588214905,0.0,0.0,0.6255394986837692,64.0582347588717,0.6598400743247564,0.9874055603261888,1.0,0.9991231613157432,1.0
force_step,I-ContinuousRiskGovernor,8011,0.0812163306590771,0.1491103696537846,0.1530666359069478,0.0,0.0,0.6002092132450132,61.874431301182895,0.6405234322769413,0.9851830872364762,1.0,1.0,1.0
force_step,I-ContinuousRiskGovernor,8012,0.0821685812906154,0.161914012619598,0.1675072078390299,0.0,0.0,0.6098195850966386,62.32939035486807,0.6452219493259488,0.982912892526586,1.0,1.0,1.0
force_step,I-ContinuousRiskGovernor,8013,0.0780344723074866,0.148983358395995,0.1552685489665305,0.0,0.0,0.6110857892010338,62.511373976342135,0.6477309655586811,0.9856451315930508,1.0,1.0,1.0
force_step,I-ContinuousRiskGovernor,8014,0.0805602284003003,0.1475890099730942,0.1541166951740148,0.0,0.0,0.6161786314614681,62.78434940855323,0.6501822053933394,0.9897579005374764,1.0,0.9999995546929858,1.0
force_step,I-ContinuousRiskGovernor,8015,0.0883914684104693,0.1648074047088268,0.1663493247379743,0.0,0.0,0.6189490073451793,62.78434940855323,0.6576064559984716,0.9903913715557002,1.0,1.0,1.0
force_step,I-ContinuousRiskGovernor,8016,0.0926743263585324,0.176426823328988,0.1804827542398249,0.0,0.0,0.6112579288847457,62.6933575978162,0.648215031209578,0.9837435604037236,1.0,0.9977723435028876,1.0
force_step,I-ContinuousRiskGovernor,8017,0.0802884006619883,0.1477847396642803,0.1552030888186862,0.0,0.0,0.6183080399356184,62.78434940855323,0.6504732098282362,0.9911804411673094,1.0,1.0,1.0
force_step,I-ContinuousRiskGovernor,8018,0.0838847119091881,0.1544761080476082,0.1602841711165937,0.0,0.0,0.6289225107734234,63.87625113739763,0.6580147163008441,0.9929194634331948,1.0,0.9998300169864546,1.0
force_step,I-ContinuousRiskGovernor,8019,0.0822193358336955,0.1529949175127604,0.1580570922604445,0.0,0.0,0.6016994738538944,61.60145586897179,0.6418734531745302,0.9827118760114704,1.0,0.9998726530578884,1.0
force_step,I-ContinuousRiskGovernor,8020,0.085382262400329,0.1680398229046729,0.1711761609696619,0.0,0.0,0.5981636269297382,61.14649681528663,0.6358156473678034,0.9827341800568424,1.0,1.0,1.0
force_step,I-ContinuousRiskGovernor,8021,0.083095269379646,0.1535863356822949,0.1568612269850037,0.0,0.0,0.5896214868039985,60.32757051865332,0.6407703685763969,0.9779986892673576,1.0,1.0,1.0
force_step,I-ContinuousRiskGovernor,8022,0.080325683162671,0.1477470007347449,0.1514882623778005,0.0,0.0,0.5981905729486636,60.69153776160145,0.6363979049837122,0.9917743597123796,1.0,1.0,1.0
force_step,I-ContinuousRiskGovernor,8023,0.0882213697331461,0.1730759534222903,0.179374971504904,0.0,0.0,0.6283108982836886,63.7852593266606,0.6562037352214777,0.993159578794029,1.0,1.0,1.0
force_step,I-ContinuousRiskGovernor,8024,0.093103522174813,0.1734740693159677,0.1763760772588262,0.0,0.0,0.6238623709408748,63.69426751592356,0.6605515859873732,0.9838637147068316,1.0,0.9999911497262628,1.0
force_step,I-ContinuousRiskGovernor,8025,0.0827039914688134,0.1537002130560542,0.1558842350959376,0.0,0.0,0.6050628238733318,61.41947224749773,0.6376062328416275,0.9908743369945444,1.0,0.999999672468895,1.0
force_step,I-ContinuousRiskGovernor,8026,0.0887877195641389,0.1678818362579258,0.170752460696703,0.0,0.0,0.6050548147104847,61.41947224749773,0.6432892198987633,0.9843833187303456,1.0,0.9988428177994768,1.0
force_step,I-ContinuousRiskGovernor,8027,0.0858422529839061,0.1621571210680731,0.169547237762723,0.0,0.0,0.59672660124143,61.0555050045496,0.6462128921150639,0.9733041583390784,1.0,0.9986745640422,1.0
force_step,I-ContinuousRiskGovernor,8028,0.0923001585105986,0.1733743551552657,0.176781050027581,0.0,0.0,0.6212391249256651,63.33030027297544,0.6499717067259284,0.988735743145868,1.0,1.0,1.0
force_step,I-ContinuousRiskGovernor,8029,0.0918003472593181,0.1851572901170004,0.1888805309557735,0.0,0.0,0.6157830030253497,62.32939035486807,0.6440021526579143,0.9920963650017712,1.0,1.0,1.0
force_step,I-ContinuousRiskGovernor,8030,0.0851094254408532,0.1621312015581155,0.169147296978157,0.0,0.0,0.613618618280592,62.78434940855323,0.6539865431375113,0.9857283137583436,1.0,0.9999871856462272,1.0
force_step,I-ContinuousRiskGovernor,8031,0.1003618125413528,0.1840241410106504,0.1863169122402299,0.0,0.0,0.6250768636728903,63.2393084622384,0.6569402097846971,0.9917041738486032,1.0,1.0,1.0
force_step,I-ContinuousRiskGovernor,8032,0.0900581898611311,0.1726983879484973,0.1791393996567887,0.0,0.0,0.6317091161435704,64.24021838034577,0.6684355872363337,0.9852520431993907,1.0,1.0,1.0
force_step,I-ContinuousRiskGovernor,8033,0.0871623010785997,0.171682598484235,0.1743342710862122,0.0,0.0,0.6079438728020055,62.32939035486807,0.6495219290512251,0.984213349137602,1.0,0.9977526807503404,1.0
force_step,I-ContinuousRiskGovernor,8034,0.0875056806678521,0.163784000207282,0.1669325678492501,0.0,0.0,0.6280914291541827,64.96815286624204,0.6711842043706715,0.9832120851899836,1.0,0.9979453994060664,1.0
force_step,I-ContinuousRiskGovernor,8035,0.0938294686224584,0.1759011109367085,0.1789253866130955,0.0,0.0,0.6135807093903585,63.33030027297544,0.6669637072815947,0.9777539094182977,1.0,1.0,1.0
force_step,I-ContinuousRiskGovernor,8036,0.0919941366004469,0.1759414094252469,0.1816623124076981,0.0,0.0,0.6421150588218844,64.96815286624204,0.6697533292234165,0.9938788800721228,1.0,0.9999988974195654,1.0
force_step,I-ContinuousRiskGovernor,8037,0.0835493332922043,0.1562270395458253,0.1619636513586954,0.0,0.0,0.615981215290391,62.9663330300273,0.6512672742702498,0.9883247948633476,1.0,0.9998806762091278,1.0
force_step,I-ContinuousRiskGovernor,8038,0.0863956439370144,0.1594566920975883,0.1634357926125449,0.0,0.0,0.60398360354969,61.51046405823476,0.6379974594492298,0.9901616432877404,1.0,1.0,1.0
force_step,I-ContinuousRiskGovernor,8039,0.0942317065669435,0.1754196215293982,0.1818161904457868,0.0,0.0,0.6401562984519732,64.87716105550501,0.6651008588762601,0.9926061487291874,1.0,0.9999994067607602,1.0
force_step,I-ContinuousRiskGovernor,8040,0.0913069254563643,0.1760586326850496,0.1786208119016575,0.0,0.0,0.6331595614769313,64.60418562329392,0.668367282790114,0.9905550710163002,1.0,0.996825114638828,1.0
force_step,I-ContinuousRiskGovernor,8041,0.0946446050061782,0.1884475953946678,0.193212442081048,0.0,0.0,0.6172610759885034,62.511373976342135,0.6572742484403526,0.9830197288602018,1.0,1.0,0.9999996904654874
force_step,I-ContinuousRiskGovernor,8042,0.094563723834752,0.1800227604025389,0.1841750539563506,0.0,0.0,0.6136697838341267,62.602365787079165,0.6547325432231956,0.98200767829841,1.0,1.0,1.0
force_step,I-ContinuousRiskGovernor,8043,0.0892422539837858,0.1680634488650717,0.1707227216111234,0.0,0.0,0.5987715277750982,61.23748862602366,0.6332109492061185,0.985102429215723,1.0,1.0,1.0
force_step,I-ContinuousRiskGovernor,8044,0.1000032505058785,0.1825558668307343,0.187154974626161,0.0,0.0,0.6071196852925934,63.42129208371247,0.6537628391015697,0.973643338902871,1.0,0.9960153966586136,1.0
force_step,I-ContinuousRiskGovernor,8045,0.0878352165249476,0.1612879145385183,0.1686813379831505,0.0,0.0,0.6196415186395334,62.87534121929026,0.6473289867909344,0.9930437684866124,1.0,1.0,1.0
force_step,I-ContinuousRiskGovernor,8046,0.0906527117317604,0.1699719093438873,0.1722909739801711,0.0,0.0,0.6014124791910518,61.69244767970883,0.6408309661159306,0.981706200806393,1.0,0.9973241458289416,1.0
force_step,I-ContinuousRiskGovernor,8047,0.0842314073978555,0.1534805996154125,0.1539736990944991,0.0,0.0,0.5830504279765645,59.69062784349408,0.6355751742768324,0.976302171604306,1.0,1.0,1.0
force_step,I-ContinuousRiskGovernor,8048,0.0875171633007704,0.1621355980737187,0.1652730780710566,0.0,0.0,0.6159295476585638,62.511373976342135,0.6494822835922244,0.986596299871586,1.0,0.9998955577804668,1.0
force_step,I-ContinuousRiskGovernor,8049,0.0876727588364708,0.1607851667469388,0.1614860897923772,0.0,0.0,0.5997998874784706,62.14740673339399,0.6497609760396179,0.9775533957926328,1.0,0.997148954668678,1.0
force_step,I-ContinuousRiskGovernor,8050,0.0819548308496725,0.1492618803378607,0.1529805253397573,0.0,0.0,0.5830879365468113,59.599636032757054,0.6256845524474822,0.9830626802642926,1.0,1.0,1.0
force_step,I-ContinuousRiskGovernor,8051,0.0873346156041251,0.1691795943369683,0.1727262164697851,0.0,0.0,0.6020918816958388,61.32848043676069,0.6451403754668316,0.9804557540566784,1.0,0.9999947817792366,1.0
force_step,I-ContinuousRiskGovernor,8052,0.0851056160332032,0.1565073527209629,0.1634247093670264,0.0,0.0,0.6090733189949689,62.14740673339399,0.6439096839772833,0.988195656696052,1.0,1.0,1.0
force_step,I-ContinuousRiskGovernor,8053,0.0849002104777556,0.1565030093350451,0.162488498573682,0.0,0.0,0.6116722563090169,62.23839854413102,0.6487664343450229,0.9850342210728747,1.0,0.9999999823675656,1.0
force_step,I-ContinuousRiskGovernor,8054,0.078386707882936,0.1490348784711566,0.1509506467211964,0.0,0.0,0.6069258831293245,62.14740673339399,0.6505067754772248,0.9852767663955488,1.0,0.9986500529693992,1.0
force_step,I-ContinuousRiskGovernor,8055,0.0899606496560788,0.169894134592598,0.1723023806467544,0.0,0.0,0.6078789201710808,62.511373976342135,0.6476648929848411,0.98386717087679,1.0,0.996286147725998,1.0
force_step,I-ContinuousRiskGovernor,8056,0.086366271802481,0.157538471776343,0.1637795676689172,0.0,0.0,0.6133521431084736,62.6933575978162,0.6551453592687817,0.9806428526004412,1.0,1.0,1.0
force_step,I-ContinuousRiskGovernor,8057,0.0815464475182904,0.161283208442462,0.1703186353734266,0.0,0.0,0.6060808143069519,61.69244767970883,0.6489460642630205,0.9878759272504218,1.0,1.0,1.0
force_step,I-ContinuousRiskGovernor,8058,0.0849344806975786,0.167424405894615,0.1756801968976523,0.0,0.0,0.6203275045169884,63.60327570518653,0.6718807075173171,0.9814633710394433,1.0,0.9997680379940582,1.0
force_step,I-ContinuousRiskGovernor,8059,0.0933504801938137,0.1754942856587819,0.1783421383483421,0.0,0.0,0.6145594064669552,63.2393084622384,0.6666470915137169,0.980281051765778,1.0,0.99592090192492,1.0
force_step,I-ContinuousRiskGovernor,8060,0.08759777191431,0.1597103378794068,0.1633255992606735,0.0,0.0,0.6007335090557901,61.874431301182895,0.6434733915244377,0.9786223116208338,1.0,0.9999995713277404,1.0
force_step,I-ContinuousRiskGovernor,8061,0.0917651810550374,0.1823318221632313,0.1863750674538342,0.0,0.0,0.6024683647399134,61.874431301182895,0.6510094237052758,0.9754428962816136,1.0,0.9999842201632,1.0
force_step,I-ContinuousRiskGovernor,8062,0.088000333501994,0.1748893684798499,0.1772191831508416,0.0,0.0,0.6125310852081579,63.512283894449496,0.6588048485751579,0.9781285280435826,1.0,0.997432974664192,1.0
force_step,I-ContinuousRiskGovernor,8063,0.0906672246534091,0.177864353537201,0.1814837102334445,0.0,0.0,0.6039686179824764,62.78434940855323,0.6515370987161592,0.9763340549015496,1.0,1.0,1.0
force_step,I-ContinuousRiskGovernor,8064,0.0897213827627223,0.1683650186328616,0.1720768674854501,0.0,0.0,0.5953001504958678,61.0555050045496,0.6420472750796273,0.9768018834854612,1.0,1.0,1.0
force_step,I-ContinuousRiskGovernor,8065,0.0801103321302892,0.152564277115942,0.1587357527417011,0.0,0.0,0.6226115640653441,63.2393084622384,0.6661288799360894,0.991645628475644,1.0,0.9999970308484416,1.0
force_step,I-ContinuousRiskGovernor,8066,0.0849934706347453,0.1632132749237188,0.1693886838228481,0.0,0.0,0.6113990877959843,62.602365787079165,0.6530359524218957,0.9838798412586672,1.0,1.0,1.0
force_step,I-ContinuousRiskGovernor,8067,0.0822370177494238,0.1523487188088428,0.1548890458905832,0.0,0.0,0.5964350015461398,61.14649681528663,0.6393685135348834,0.9817704865803352,1.0,0.9985378704935046,1.0
force_step,I-ContinuousRiskGovernor,8068,0.0862024837426356,0.1615095249771131,0.1638008998241037,0.0,0.0,0.6064615984995658,61.874431301182895,0.6455443158051157,0.9870648285923744,1.0,0.998984357348097,1.0
force_step,I-ContinuousRiskGovernor,8069,0.0928615389361539,0.172786255010835,0.1755878457842074,0.0,0.0,0.6183973638004175,63.05732484076433,0.6602634573296076,0.985086020003197,1.0,1.0,1.0
force_step,I-ContinuousRiskGovernor,8070,0.0815926161923775,0.1493916971126073,0.1511990343111689,0.0,0.0,0.5893500923006747,60.14558689717925,0.6352610387037632,0.9802029236841936,1.0,0.9999963972678984,1.0
force_step,I-ContinuousRiskGovernor,8071,0.0967508707908771,0.1794847251003226,0.1825265839551491,0.0,0.0,0.6141641970952655,63.69426751592356,0.6681864908601257,0.9766358798104502,1.0,0.995727154409216,1.0
force_step,I-ContinuousRiskGovernor,8072,0.0967459845663806,0.1830975710398234,0.1892044630917949,0.0,0.0,0.613211778664792,63.14831665150137,0.6512299282798144,0.9793490583712932,1.0,0.9986214584341164,1.0
force_step,I-ContinuousRiskGovernor,8073,0.0801711284577956,0.148667398989361,0.1504867019960148,0.0,0.0,0.5990177024493131,61.23748862602366,0.6382230535864056,0.9872931091517688,1.0,1.0,1.0
force_step,I-ContinuousRiskGovernor,8074,0.0825243209799535,0.1519443369162954,0.15485265779241,0.0,0.0,0.5965729862621675,60.60054595086443,0.6325808517435898,0.9878450698968768,1.0,1.0,1.0
force_step,I-ContinuousRiskGovernor,8075,0.0792430520281519,0.1453867546202038,0.1468314496481605,0.0,0.0,0.6069726960786148,61.874431301182895,0.6485821791977959,0.9872414769632736,1.0,0.9998310161029246,1.0
force_step,I-ContinuousRiskGovernor,8076,0.0868406765203937,0.1739021344901682,0.1766632091343406,0.0,0.0,0.6119837252143244,62.42038216560509,0.651374091301607,0.9865278070317262,1.0,0.9999868038041596,1.0
force_step,I-ContinuousRiskGovernor,8077,0.0888451172785709,0.1673104331121503,0.1714947533531206,0.0,0.0,0.6077233025145096,62.23839854413102,0.6436315998209131,0.9835595117962564,1.0,1.0,1.0
force_step,I-ContinuousRiskGovernor,8078,0.0889407757986063,0.1679784579936323,0.1730544412358958,0.0,0.0,0.6167498858805495,63.05732484076433,0.6516258885934852,0.9876237746689238,1.0,1.0,1.0
force_step,I-ContinuousRiskGovernor,8079,0.0969648158556648,0.1837908488467355,0.1882590983443768,0.0,0.0,0.626947856176762,64.60418562329392,0.6657228502725402,0.985840570550544,1.0,0.9970865084316676,1.0
force_step,I-ContinuousRiskGovernor,8080,0.0857832998631422,0.1645906246106931,0.1741725662702449,0.0,0.0,0.6288585728016518,63.87625113739763,0.6695480533956538,0.9838245843216936,1.0,0.999996283447776,1.0
force_step,I-ContinuousRiskGovernor,8081,0.0941959796383035,0.1791880891513189,0.1817571416332156,0.0,0.0,0.6198415566573681,63.69426751592356,0.6617936117109949,0.986754421613267,1.0,0.996400711581606,1.0
force_step,I-ContinuousRiskGovernor,8082,0.0874557801171018,0.1633782436711776,0.166807082893473,0.0,0.0,0.6145409785460939,62.6933575978162,0.6507797746882454,0.987326065258151,1.0,1.0,1.0
force_step,I-ContinuousRiskGovernor,8083,0.0830444947339597,0.1517287674200344,0.1541492818153319,0.0,0.0,0.6012642061347385,61.23748862602366,0.6363259663504551,0.9902824164810357,1.0,0.9997491677167948,1.0
force_step,I-ContinuousRiskGovernor,8084,0.0912609710289946,0.1688669140806963,0.1716114360996739,0.0,0.0,0.6139093524885202,62.511373976342135,0.6471567530288553,0.9907473524403698,1.0,0.9989055300397656,1.0
force_step,I-ContinuousRiskGovernor,8085,0.082955816177736,0.1544778762046433,0.1586963328887649,0.0,0.0,0.6059727955323835,62.05641492265697,0.646268609346499,0.985008739853106,1.0,0.9999966541569576,1.0
force_step,I-ContinuousRiskGovernor,8086,0.0875838228217658,0.1630377631854102,0.1662541647228347,0.0,0.0,0.6130207288326263,62.14740673339399,0.6555059835832308,0.979707442295815,1.0,0.9997252630910158,1.0
force_step,I-ContinuousRiskGovernor,8087,0.0909467765231119,0.1699762353053128,0.1762295463968319,0.0,0.0,0.6347496868565627,64.24021838034577,0.6692072901603338,0.9868501515593986,1.0,1.0,1.0
force_step,I-ContinuousRiskGovernor,8088,0.0823728350691233,0.1651668971185633,0.1743793171620488,0.0,0.0,0.6182565649032368,62.6933575978162,0.6540227218382472,0.9876528656266922,1.0,0.999949350986839,1.0
force_step,I-ContinuousRiskGovernor,8089,0.0817041823874714,0.1518046038500448,0.1539511450588836,0.0,0.0,0.5938295982395122,60.41856232939036,0.6433353896384388,0.9745639794077116,1.0,0.9999915832322216,1.0
force_step,I-ContinuousRiskGovernor,8090,0.0869042392713987,0.1613161073812665,0.1642797241675351,0.0,0.0,0.6119454716608099,62.42038216560509,0.6562587418834279,0.9856063265585118,1.0,1.0,1.0
force_step,I-ContinuousRiskGovernor,8091,0.0948217771016939,0.1765137787018688,0.1827649354450295,0.0,0.0,0.6461081536482953,65.33212010919017,0.6724492805354149,0.995146605133402,1.0,1.0,1.0
force_step,I-ContinuousRiskGovernor,8092,0.0851202918246961,0.1614767189626397,0.1641665121340444,0.0,0.0,0.6179764118945851,63.14831665150137,0.6500151752812053,0.9894844710153322,1.0,1.0,1.0
force_step,I-ContinuousRiskGovernor,8093,0.0871059979224868,0.1688927274585864,0.174890858769078,0.0,0.0,0.6111166506610605,62.9663330300273,0.6525303801848547,0.9783392125365448,1.0,1.0,1.0
force_step,I-ContinuousRiskGovernor,8094,0.0889472540477678,0.1672369843527295,0.1761107297312138,0.0,0.0,0.6169952777223358,63.14831665150137,0.6580558034054146,0.9861646416251932,1.0,1.0,1.0
force_step,I-ContinuousRiskGovernor,8095,0.0871396669993933,0.1674014954335059,0.171649392676049,0.0,0.0,0.6074180884454453,62.32939035486807,0.6444734743899249,0.9845493362426756,1.0,0.9999989617557496,1.0
force_step,I-ContinuousRiskGovernor,8096,0.0830624732586639,0.151889987055659,0.1541007118628943,0.0,0.0,0.6007828583452268,61.41947224749773,0.640455283551956,0.9838131351826392,1.0,0.998182686097137,1.0
force_step,I-ContinuousRiskGovernor,8097,0.1013470393576224,0.1878497252392942,0.1930150995538425,0.0,0.0,0.6197122756791158,63.7852593266606,0.6680071782690151,0.9826969041851362,1.0,0.9968835624768688,0.9999999039786012
force_step,I-ContinuousRiskGovernor,8098,0.0833353617745025,0.1543477708463048,0.1615220364267468,0.0,0.0,0.6193030600177407,62.87534121929026,0.6557566583385825,0.9884578983241396,1.0,0.99999927666237,1.0
force_step,I-ContinuousRiskGovernor,8099,0.0939393501786704,0.174904686693046,0.1790388515399624,0.0,0.0,0.6104723557228965,62.42038216560509,0.6503018415221163,0.984424511466396,1.0,1.0,1.0
model20,CurrentOnly-AE-CeNN-494,8000,0.0108916362084169,0.0163175313588272,0.0168070862978051,0.0,0.0,0.0,0.0,0.0,1.0,1.0,1.0,1.0
model20,CurrentOnly-AE-CeNN-494,8001,0.0171282143696219,0.024328141857823,0.0253864367894294,0.0,0.0,0.0,0.0,0.0,1.0,1.0,1.0,1.0
model20,CurrentOnly-AE-CeNN-494,8002,0.0097297358800051,0.0130279723518687,0.0139330212612295,0.0,0.0,0.0,0.0,0.0,1.0,1.0,1.0,1.0
model20,CurrentOnly-AE-CeNN-494,8003,0.0128874182660912,0.0175826892977609,0.0178997843453073,0.0,0.0,0.0,0.0,0.0,1.0,1.0,1.0,1.0
model20,CurrentOnly-AE-CeNN-494,8004,0.0221891235658527,0.0315391195431778,0.0326005254392855,0.0,0.0,0.0,0.0,0.0,1.0,1.0,1.0,1.0
model20,CurrentOnly-AE-CeNN-494,8005,0.0141691117337853,0.0214572976704999,0.0222268633920883,0.0,0.0,0.0,0.0,0.0,1.0,1.0,1.0,1.0
model20,CurrentOnly-AE-CeNN-494,8006,0.0264293507019104,0.0359436518737712,0.0372206476253284,0.0,0.0,0.0,0.0,0.0,1.0,1.0,1.0,1.0
model20,CurrentOnly-AE-CeNN-494,8007,0.0108288175977202,0.0158187002318953,0.0163731525063849,0.0,0.0,0.0,0.0,0.0,1.0,1.0,1.0,1.0
model20,CurrentOnly-AE-CeNN-494,8008,0.0116925737006651,0.0167104527438956,0.0201257196750001,0.0,0.0,0.0,0.0,0.0,1.0,1.0,1.0,1.0
model20,CurrentOnly-AE-CeNN-494,8009,0.0107008944717951,0.0155067343131335,0.0161805893544962,0.0,0.0,0.0,0.0,0.0,1.0,1.0,1.0,1.0
model20,CurrentOnly-AE-CeNN-494,8010,0.0268533533873092,0.0353936064525077,0.0365059252144819,0.0,0.0,0.0,0.0,0.0,1.0,1.0,1.0,1.0
model20,CurrentOnly-AE-CeNN-494,8011,0.0136783971935501,0.0182858708283639,0.0184807085307468,0.0,0.0,0.0,0.0,0.0,1.0,1.0,1.0,1.0
model20,CurrentOnly-AE-CeNN-494,8012,0.0085006699451246,0.0107207868879614,0.0116739438920301,0.0,0.0,0.0,0.0,0.0,1.0,1.0,1.0,1.0
model20,CurrentOnly-AE-CeNN-494,8013,0.0154785159249753,0.021637152948378,0.0220423348975283,0.0,0.0,0.0,0.0,0.0,1.0,1.0,1.0,1.0
model20,CurrentOnly-AE-CeNN-494,8014,0.0116777568714362,0.0155389354709369,0.0156997485876919,0.0,0.0,0.0,0.0,0.0,1.0,1.0,1.0,1.0
model20,CurrentOnly-AE-CeNN-494,8015,0.0121864842235051,0.0160002299851691,0.0164308296659516,0.0,0.0,0.0,0.0,0.0,1.0,1.0,1.0,1.0
model20,CurrentOnly-AE-CeNN-494,8016,0.0099988572424576,0.0153077534522505,0.0162926682055647,0.0,0.0,0.0,0.0,0.0,1.0,1.0,1.0,1.0
model20,CurrentOnly-AE-CeNN-494,8017,0.010837441582663,0.0155512009316697,0.015891017998585,0.0,0.0,0.0,0.0,0.0,1.0,1.0,1.0,1.0
model20,CurrentOnly-AE-CeNN-494,8018,0.0210280827994524,0.0284273919827103,0.030212650617872,0.0,0.0,0.0,0.0,0.0,1.0,1.0,1.0,1.0
model20,CurrentOnly-AE-CeNN-494,8019,0.0273954226732259,0.0372561687405604,0.0386631938439425,0.0,0.0,0.0,0.0,0.0,1.0,1.0,1.0,1.0
model20,CurrentOnly-AE-CeNN-494,8020,0.0142143958912172,0.0189933934848985,0.0196070687669988,0.0,0.0,0.0,0.0,0.0,1.0,1.0,1.0,1.0
model20,CurrentOnly-AE-CeNN-494,8021,0.0141956518636019,0.0188353917903617,0.0195005128594543,0.0,0.0,0.0,0.0,0.0,1.0,1.0,1.0,1.0
model20,CurrentOnly-AE-CeNN-494,8022,0.0194750853081406,0.0262609747460864,0.0268519952925768,0.0,0.0,0.0,0.0,0.0,1.0,1.0,1.0,1.0
model20,CurrentOnly-AE-CeNN-494,8023,0.0102774589076119,0.0133652828419557,0.0134933086350264,0.0,0.0,0.0,0.0,0.0,1.0,1.0,1.0,1.0
model20,CurrentOnly-AE-CeNN-494,8024,0.019233726387768,0.0264940465629268,0.0269069482492437,0.0,0.0,0.0,0.0,0.0,1.0,1.0,1.0,1.0
model20,CurrentOnly-AE-CeNN-494,8025,0.0191263689136815,0.0263711551288816,0.027308673931133,0.0,0.0,0.0,0.0,0.0,1.0,1.0,1.0,1.0
model20,CurrentOnly-AE-CeNN-494,8026,0.0160465477240313,0.0226335262514412,0.0231854289981453,0.0,0.0,0.0,0.0,0.0,1.0,1.0,1.0,1.0
model20,CurrentOnly-AE-CeNN-494,8027,0.0101557576030295,0.0144426603844223,0.0148234390426962,0.0,0.0,0.0,0.0,0.0,1.0,1.0,1.0,1.0
model20,CurrentOnly-AE-CeNN-494,8028,0.0167266612982412,0.0220203141494125,0.0224885400217075,0.0,0.0,0.0,0.0,0.0,1.0,1.0,1.0,1.0
model20,CurrentOnly-AE-CeNN-494,8029,0.0100788345365335,0.014676462250056,0.0155890256997718,0.0,0.0,0.0,0.0,0.0,1.0,1.0,1.0,1.0
model20,CurrentOnly-AE-CeNN-494,8030,0.0091849195353991,0.0125098890347401,0.0128477626714032,0.0,0.0,0.0,0.0,0.0,1.0,1.0,1.0,1.0
model20,CurrentOnly-AE-CeNN-494,8031,0.0165634660623594,0.0221658315098126,0.0228479040868021,0.0,0.0,0.0,0.0,0.0,1.0,1.0,1.0,1.0
model20,CurrentOnly-AE-CeNN-494,8032,0.0137206076443674,0.0210586141135578,0.0212286521162308,0.0,0.0,0.0,0.0,0.0,1.0,1.0,1.0,1.0
model20,CurrentOnly-AE-CeNN-494,8033,0.0141646209826743,0.0190279872868576,0.0196239008594939,0.0,0.0,0.0,0.0,0.0,1.0,1.0,1.0,1.0
model20,CurrentOnly-AE-CeNN-494,8034,0.009450536766015,0.0133436953690842,0.0137121523539353,0.0,0.0,0.0,0.0,0.0,1.0,1.0,1.0,1.0
model20,CurrentOnly-AE-CeNN-494,8035,0.0119446558238702,0.0161076502701396,0.0163658214669418,0.0,0.0,0.0,0.0,0.0,1.0,1.0,1.0,1.0
model20,CurrentOnly-AE-CeNN-494,8036,0.0284347668584559,0.0383010296470853,0.0397490288095391,0.0,0.0,0.0,0.0,0.0,1.0,1.0,1.0,1.0
model20,CurrentOnly-AE-CeNN-494,8037,0.013391104178557,0.0189295456598702,0.0259504829884229,0.0,0.0,0.0,0.0,0.0,1.0,1.0,1.0,1.0
model20,CurrentOnly-AE-CeNN-494,8038,0.0134765460093907,0.0187852156495353,0.0196923535757055,0.0,0.0,0.0,0.0,0.0,1.0,1.0,1.0,1.0
model20,CurrentOnly-AE-CeNN-494,8039,0.0122826780866984,0.017176923412316,0.0176004058756245,0.0,0.0,0.0,0.0,0.0,1.0,1.0,1.0,1.0
model20,CurrentOnly-AE-CeNN-494,8040,0.0158658140546493,0.0215746662860388,0.0220774812363643,0.0,0.0,0.0,0.0,0.0,1.0,1.0,1.0,1.0
model20,CurrentOnly-AE-CeNN-494,8041,0.0241475234115977,0.0338198089317141,0.0342672063920602,0.0,0.0,0.0,0.0,0.0,1.0,1.0,1.0,1.0
model20,CurrentOnly-AE-CeNN-494,8042,0.0091329530434763,0.0109409738480055,0.013408493582202,0.0,0.0,0.0,0.0,0.0,1.0,1.0,1.0,1.0
model20,CurrentOnly-AE-CeNN-494,8043,0.0125357314228213,0.0162804434550764,0.0168365606307107,0.0,0.0,0.0,0.0,0.0,1.0,1.0,1.0,1.0
model20,CurrentOnly-AE-CeNN-494,8044,0.0092474615285363,0.0123046780304252,0.0123854415654405,0.0,0.0,0.0,0.0,0.0,1.0,1.0,1.0,1.0
model20,CurrentOnly-AE-CeNN-494,8045,0.0096070801737774,0.0139666927654662,0.0144308897557907,0.0,0.0,0.0,0.0,0.0,1.0,1.0,1.0,1.0
model20,CurrentOnly-AE-CeNN-494,8046,0.0088630983766034,0.0118999889735139,0.0124373355663489,0.0,0.0,0.0,0.0,0.0,1.0,1.0,1.0,1.0
model20,CurrentOnly-AE-CeNN-494,8047,0.0238812938377438,0.0331882857670791,0.0346575108778433,0.0,0.0,0.0,0.0,0.0,1.0,1.0,1.0,1.0
model20,CurrentOnly-AE-CeNN-494,8048,0.0251301024863289,0.0352806713620165,0.0362573538105879,0.0,0.0,0.0,0.0,0.0,1.0,1.0,1.0,1.0
model20,CurrentOnly-AE-CeNN-494,8049,0.0180029008857483,0.0251631196787695,0.0257002026232437,0.0,0.0,0.0,0.0,0.0,1.0,1.0,1.0,1.0
model20,CurrentOnly-AE-CeNN-494,8050,0.0247158459419625,0.0323150932774308,0.0333800213695233,0.0,0.0,0.0,0.0,0.0,1.0,1.0,1.0,1.0
model20,CurrentOnly-AE-CeNN-494,8051,0.0106957607543659,0.0142177297562864,0.0153800826537942,0.0,0.0,0.0,0.0,0.0,1.0,1.0,1.0,1.0
model20,CurrentOnly-AE-CeNN-494,8052,0.0096177344307099,0.0130061756324501,0.0134159792074562,0.0,0.0,0.0,0.0,0.0,1.0,1.0,1.0,1.0
model20,CurrentOnly-AE-CeNN-494,8053,0.0205862639483119,0.0289322290247076,0.0296916648510144,0.0,0.0,0.0,0.0,0.0,1.0,1.0,1.0,1.0
model20,CurrentOnly-AE-CeNN-494,8054,0.0103020631240233,0.0139946743595386,0.0162298488282,0.0,0.0,0.0,0.0,0.0,1.0,1.0,1.0,1.0
model20,CurrentOnly-AE-CeNN-494,8055,0.0200151933089845,0.0280570211622472,0.0291328214432205,0.0,0.0,0.0,0.0,0.0,1.0,1.0,1.0,1.0
model20,CurrentOnly-AE-CeNN-494,8056,0.0192934081866879,0.0266749519396974,0.0277418560071279,0.0,0.0,0.0,0.0,0.0,1.0,1.0,1.0,1.0
model20,CurrentOnly-AE-CeNN-494,8057,0.0223870095667932,0.0314433723420193,0.0323872107439205,0.0,0.0,0.0,0.0,0.0,1.0,1.0,1.0,1.0
model20,CurrentOnly-AE-CeNN-494,8058,0.012524485132806,0.0172737210996818,0.0178571495927182,0.0,0.0,0.0,0.0,0.0,1.0,1.0,1.0,1.0
model20,CurrentOnly-AE-CeNN-494,8059,0.0181898654220073,0.0250723615388798,0.0259607532946535,0.0,0.0,0.0,0.0,0.0,1.0,1.0,1.0,1.0
model20,CurrentOnly-AE-CeNN-494,8060,0.0233980134653699,0.0311298420971331,0.0317816997229912,0.0,0.0,0.0,0.0,0.0,1.0,1.0,1.0,1.0
model20,CurrentOnly-AE-CeNN-494,8061,0.0177255428661032,0.0230456606968957,0.0234774418701408,0.0,0.0,0.0,0.0,0.0,1.0,1.0,1.0,1.0
model20,CurrentOnly-AE-CeNN-494,8062,0.0105225863189012,0.0154315952486441,0.0165260587477864,0.0,0.0,0.0,0.0,0.0,1.0,1.0,1.0,1.0
model20,CurrentOnly-AE-CeNN-494,8063,0.0093005496518837,0.0115912831964357,0.0120104511156754,0.0,0.0,0.0,0.0,0.0,1.0,1.0,1.0,1.0
model20,CurrentOnly-AE-CeNN-494,8064,0.0172990248196887,0.0237146031284311,0.0244602033401024,0.0,0.0,0.0,0.0,0.0,1.0,1.0,1.0,1.0
model20,CurrentOnly-AE-CeNN-494,8065,0.0165793912191924,0.0238926756713153,0.0253658132162661,0.0,0.0,0.0,0.0,0.0,1.0,1.0,1.0,1.0
model20,CurrentOnly-AE-CeNN-494,8066,0.0121512288932736,0.0176752675808293,0.0178210045417862,0.0,0.0,0.0,0.0,0.0,1.0,1.0,1.0,1.0
model20,CurrentOnly-AE-CeNN-494,8067,0.0203633527649917,0.028101837400086,0.0287397356964543,0.0,0.0,0.0,0.0,0.0,1.0,1.0,1.0,1.0
model20,CurrentOnly-AE-CeNN-494,8068,0.0158860611821842,0.0218335752936336,0.0223936427874549,0.0,0.0,0.0,0.0,0.0,1.0,1.0,1.0,1.0
model20,CurrentOnly-AE-CeNN-494,8069,0.011637128607515,0.015166431238385,0.015514380644486,0.0,0.0,0.0,0.0,0.0,1.0,1.0,1.0,1.0
model20,CurrentOnly-AE-CeNN-494,8070,0.0111236999152478,0.0152801776101998,0.0157121871036956,0.0,0.0,0.0,0.0,0.0,1.0,1.0,1.0,1.0
model20,CurrentOnly-AE-CeNN-494,8071,0.0174879121052491,0.0240791850301123,0.0248714339967434,0.0,0.0,0.0,0.0,0.0,1.0,1.0,1.0,1.0
model20,CurrentOnly-AE-CeNN-494,8072,0.0134001685667391,0.0183348604487318,0.0236960655223031,0.0,0.0,0.0,0.0,0.0,1.0,1.0,1.0,1.0
model20,CurrentOnly-AE-CeNN-494,8073,0.0113520410114925,0.0148713496407872,0.0198184642753928,0.0,0.0,0.0,0.0,0.0,1.0,1.0,1.0,1.0
model20,CurrentOnly-AE-CeNN-494,8074,0.023758625706538,0.0329090796256689,0.0337676496028794,0.0,0.0,0.0,0.0,0.0,1.0,1.0,1.0,1.0
model20,CurrentOnly-AE-CeNN-494,8075,0.0283621788972387,0.0389593944713012,0.0398823575962349,0.0,0.0,0.0,0.0,0.0,1.0,1.0,1.0,1.0
model20,CurrentOnly-AE-CeNN-494,8076,0.0238057022253091,0.031333496351052,0.0321681896978444,0.0,0.0,0.0,0.0,0.0,1.0,1.0,1.0,1.0
model20,CurrentOnly-AE-CeNN-494,8077,0.0225936145760265,0.0304742285553471,0.0313919158414624,0.0,0.0,0.0,0.0,0.0,1.0,1.0,1.0,1.0
model20,CurrentOnly-AE-CeNN-494,8078,0.0196268568101937,0.0251951762321769,0.0258547989135648,0.0,0.0,0.0,0.0,0.0,1.0,1.0,1.0,1.0
model20,CurrentOnly-AE-CeNN-494,8079,0.0115723063008061,0.0169432931767591,0.0175614084904705,0.0,0.0,0.0,0.0,0.0,1.0,1.0,1.0,1.0
model20,CurrentOnly-AE-CeNN-494,8080,0.0298491919053408,0.0413520190552029,0.042570035843876,0.0,0.0,0.0,0.0,0.0,1.0,1.0,1.0,1.0
model20,CurrentOnly-AE-CeNN-494,8081,0.0186541070345915,0.0264225836609318,0.0270094998806647,0.0,0.0,0.0,0.0,0.0,1.0,1.0,1.0,1.0
model20,CurrentOnly-AE-CeNN-494,8082,0.0201901375438723,0.0277544947116814,0.0289282431188117,0.0,0.0,0.0,0.0,0.0,1.0,1.0,1.0,1.0
model20,CurrentOnly-AE-CeNN-494,8083,0.0091243435444183,0.011694102494054,0.0121681115859717,0.0,0.0,0.0,0.0,0.0,1.0,1.0,1.0,1.0
model20,CurrentOnly-AE-CeNN-494,8084,0.0247897347888806,0.0324220139106422,0.0332742499033667,0.0,0.0,0.0,0.0,0.0,1.0,1.0,1.0,1.0
model20,CurrentOnly-AE-CeNN-494,8085,0.0112454779776625,0.0160813551077195,0.0169701876824286,0.0,0.0,0.0,0.0,0.0,1.0,1.0,1.0,1.0
model20,CurrentOnly-AE-CeNN-494,8086,0.0198202737759367,0.0266386125932734,0.0272754761665625,0.0,0.0,0.0,0.0,0.0,1.0,1.0,1.0,1.0
model20,CurrentOnly-AE-CeNN-494,8087,0.0110182933809831,0.0153904823161051,0.0159163576925099,0.0,0.0,0.0,0.0,0.0,1.0,1.0,1.0,1.0
model20,CurrentOnly-AE-CeNN-494,8088,0.0121719384306798,0.0174435645866542,0.0178864022154852,0.0,0.0,0.0,0.0,0.0,1.0,1.0,1.0,1.0
model20,CurrentOnly-AE-CeNN-494,8089,0.0132164701543981,0.0163181410049951,0.016757415941217,0.0,0.0,0.0,0.0,0.0,1.0,1.0,1.0,1.0
model20,CurrentOnly-AE-CeNN-494,8090,0.0092404044102615,0.0115897416507693,0.0229943742931605,0.0,0.0,0.0,0.0,0.0,1.0,1.0,1.0,1.0
model20,CurrentOnly-AE-CeNN-494,8091,0.0194238888821462,0.0265429759646954,0.0275796258711445,0.0,0.0,0.0,0.0,0.0,1.0,1.0,1.0,1.0
model20,CurrentOnly-AE-CeNN-494,8092,0.012483320190598,0.0165888313939039,0.0174482108585446,0.0,0.0,0.0,0.0,0.0,1.0,1.0,1.0,1.0
model20,CurrentOnly-AE-CeNN-494,8093,0.0102424927189653,0.0140553500888689,0.0150048493484424,0.0,0.0,0.0,0.0,0.0,1.0,1.0,1.0,1.0
model20,CurrentOnly-AE-CeNN-494,8094,0.0202628504526665,0.0288928872472169,0.0296445742813848,0.0,0.0,0.0,0.0,0.0,1.0,1.0,1.0,1.0
model20,CurrentOnly-AE-CeNN-494,8095,0.0137618050861672,0.0191778887040801,0.0198301109517953,0.0,0.0,0.0,0.0,0.0,1.0,1.0,1.0,1.0
model20,CurrentOnly-AE-CeNN-494,8096,0.0224366109172697,0.0287272506578082,0.0293140219480228,0.0,0.0,0.0,0.0,0.0,1.0,1.0,1.0,1.0
model20,CurrentOnly-AE-CeNN-494,8097,0.0172371534833033,0.0226564844970922,0.0233736039522072,0.0,0.0,0.0,0.0,0.0,1.0,1.0,1.0,1.0
model20,CurrentOnly-AE-CeNN-494,8098,0.0176000454527215,0.0248587094513096,0.0250707907855215,0.0,0.0,0.0,0.0,0.0,1.0,1.0,1.0,1.0
model20,CurrentOnly-AE-CeNN-494,8099,0.0123073819422421,0.0176933735008325,0.0183385410394136,0.0,0.0,0.0,0.0,0.0,1.0,1.0,1.0,1.0
model20,G-DetectorGate-noRTA,8000,0.0108928888051845,0.0163270716361689,0.0168211024472,0.0,0.0,1.0,100.0,0.0575097838795159,1.0,1.0,1.0,1.0
model20,G-DetectorGate-noRTA,8001,0.0170835874601077,0.0242645692231498,0.0253405442510651,0.0,0.0,1.0,100.0,0.4751108157247733,1.0,1.0,1.0,1.0
model20,G-DetectorGate-noRTA,8002,0.0097230245418824,0.0130250836234506,0.0138225275936842,0.0,0.0,1.0,100.0,0.0474141443509039,1.0,1.0,1.0,1.0
model20,G-DetectorGate-noRTA,8003,0.0128899063748097,0.0175934995222303,0.0179154771448342,0.0,0.0,1.0,100.0,0.0290607169165746,1.0,1.0,1.0,1.0
model20,G-DetectorGate-noRTA,8004,0.022059802176246,0.0314437918281721,0.032474390548162,0.0,0.0,1.0,100.0,0.8128326626863697,1.0,1.0,1.0,1.0
model20,G-DetectorGate-noRTA,8005,0.0141487803418231,0.021459262476671,0.0222061894819793,0.0,0.0,1.0,100.0,0.2284291479815145,1.0,1.0,1.0,1.0
model20,G-DetectorGate-noRTA,8006,0.0262764358224864,0.0357093512151586,0.0369820617667033,0.0,0.0,1.0,100.0,0.710961271221423,1.0,1.0,1.0,1.0
model20,G-DetectorGate-noRTA,8007,0.0108299182764732,0.0158170922124034,0.016372161474822,0.0,0.0,1.0,100.0,0.0407130521891449,1.0,1.0,1.0,1.0
model20,G-DetectorGate-noRTA,8008,0.0116694912046941,0.0166225199330998,0.0201509145584789,0.0,0.0,1.0,100.0,0.1376445373120074,1.0,1.0,1.0,1.0
model20,G-DetectorGate-noRTA,8009,0.0107024697493786,0.0155018548919303,0.0161800709440526,0.0,0.0,1.0,100.0,0.0318653284385825,1.0,1.0,1.0,1.0
model20,G-DetectorGate-noRTA,8010,0.0266908377937578,0.0351681245755234,0.0362557759284861,0.0,0.0,1.0,100.0,0.7360053042119927,1.0,1.0,1.0,1.0
model20,G-DetectorGate-noRTA,8011,0.01367659357738,0.0182786163761201,0.018475679779166,0.0,0.0,1.0,100.0,0.0359883667376088,1.0,1.0,1.0,1.0
model20,G-DetectorGate-noRTA,8012,0.0085013891228475,0.0107226031223022,0.0116551739060538,0.0,0.0,1.0,100.0,0.0279930785066048,1.0,1.0,1.0,1.0
model20,G-DetectorGate-noRTA,8013,0.0154643309767548,0.0216389753157948,0.0220522070812952,0.0,0.0,1.0,100.0,0.1191746181786302,1.0,1.0,1.0,1.0
model20,G-DetectorGate-noRTA,8014,0.011670914381472,0.0155313835021147,0.0156900922837216,0.0,0.0,1.0,100.0,0.0342400490054528,1.0,1.0,1.0,1.0
model20,G-DetectorGate-noRTA,8015,0.0121812383477519,0.0159924887998584,0.0164223177550084,0.0,0.0,1.0,100.0,0.0211967939257769,1.0,1.0,1.0,1.0
model20,G-DetectorGate-noRTA,8016,0.0099804436417396,0.0153039788518391,0.0162964037507728,0.0,0.0,1.0,100.0,0.0367063252903874,1.0,1.0,1.0,1.0
model20,G-DetectorGate-noRTA,8017,0.0108340937595332,0.0155614072894432,0.0158916437071128,0.0,0.0,1.0,100.0,0.079824246162831,1.0,1.0,1.0,1.0
model20,G-DetectorGate-noRTA,8018,0.0209873283370279,0.0283475394467826,0.0301181269140582,0.0,0.0,1.0,100.0,0.3247785130042056,1.0,1.0,1.0,1.0
model20,G-DetectorGate-noRTA,8019,0.0272099677310816,0.0369862592566886,0.0383956424159217,0.0,0.0,1.0,100.0,0.7457647969371566,1.0,1.0,1.0,1.0
model20,G-DetectorGate-noRTA,8020,0.0142175974924831,0.0189914311718993,0.019611070974376,0.0,0.0,1.0,100.0,0.0479714592288833,1.0,1.0,1.0,1.0
model20,G-DetectorGate-noRTA,8021,0.014191277445267,0.0188311571727863,0.0194974811756302,0.0,0.0,1.0,100.0,0.0376282176293118,1.0,1.0,1.0,1.0
model20,G-DetectorGate-noRTA,8022,0.0194389187754949,0.026166732924969,0.0267561521906472,0.0,0.0,1.0,100.0,0.1876222580959225,1.0,1.0,1.0,1.0
model20,G-DetectorGate-noRTA,8023,0.010276072712845,0.0133653323258831,0.0134847981717022,0.0,0.0,1.0,100.0,0.0273700514781756,1.0,1.0,1.0,1.0
model20,G-DetectorGate-noRTA,8024,0.0191108795854793,0.0263501993840872,0.0267828738027405,0.0,0.0,1.0,100.0,0.7325904205218126,1.0,1.0,1.0,1.0
model20,G-DetectorGate-noRTA,8025,0.0191024131022436,0.0263317817355104,0.0273075695511718,0.0,0.0,1.0,100.0,0.2389130800540108,1.0,1.0,1.0,1.0
model20,G-DetectorGate-noRTA,8026,0.0160480246995031,0.0226149593572014,0.0231274733270422,0.0,0.0,1.0,100.0,0.120126859042946,1.0,1.0,1.0,1.0
model20,G-DetectorGate-noRTA,8027,0.0101513648239387,0.0144301634843275,0.0148134169072816,0.0,0.0,1.0,100.0,0.0589572083032994,1.0,1.0,1.0,1.0
model20,G-DetectorGate-noRTA,8028,0.0167163093453091,0.0219723125228992,0.0224329558871076,0.0,0.0,1.0,100.0,0.1023675909470363,1.0,1.0,1.0,1.0
model20,G-DetectorGate-noRTA,8029,0.0100771084783633,0.0146655033301396,0.0155732821055836,0.0,0.0,1.0,100.0,0.017260797292005,1.0,1.0,1.0,1.0
model20,G-DetectorGate-noRTA,8030,0.0091830326093755,0.0125078578228351,0.0128549277124174,0.0,0.0,1.0,100.0,0.0191799443651096,1.0,1.0,1.0,1.0
model20,G-DetectorGate-noRTA,8031,0.0165004847201635,0.0219398519445846,0.0226344661718507,0.0,0.0,1.0,100.0,0.4059055059057581,1.0,1.0,1.0,1.0
model20,G-DetectorGate-noRTA,8032,0.013711822189861,0.0210651807773194,0.0212458611375543,0.0,0.0,1.0,100.0,0.0766007078248834,1.0,1.0,1.0,1.0
model20,G-DetectorGate-noRTA,8033,0.0141606547795753,0.0190150439093658,0.0195999222085829,0.0,0.0,1.0,100.0,0.0496622600781507,1.0,1.0,1.0,1.0
model20,G-DetectorGate-noRTA,8034,0.0094531565362388,0.0133485580669642,0.013719009593838,0.0,0.0,1.0,100.0,0.0430276215437267,1.0,1.0,1.0,1.0
model20,G-DetectorGate-noRTA,8035,0.0119419615309577,0.0160966034599428,0.0163577773853936,0.0,0.0,1.0,100.0,0.0257779898706038,1.0,1.0,1.0,1.0
model20,G-DetectorGate-noRTA,8036,0.0282251298466032,0.0380179836617099,0.0394570367804773,0.0,0.0,1.0,100.0,0.853184523166582,1.0,1.0,1.0,1.0
model20,G-DetectorGate-noRTA,8037,0.0133447470205559,0.0187964570419661,0.0258245553826031,0.0,0.0,1.0,100.0,0.2203408604296532,1.0,1.0,1.0,1.0
model20,G-DetectorGate-noRTA,8038,0.0134635339812464,0.018799812367024,0.0197016740410494,0.0,0.0,1.0,100.0,0.2104329649442434,1.0,1.0,1.0,1.0
model20,G-DetectorGate-noRTA,8039,0.012261281466366,0.0171156474148781,0.0175268764236451,0.0,0.0,1.0,100.0,0.220639277550094,1.0,1.0,1.0,1.0
model20,G-DetectorGate-noRTA,8040,0.0158170078578462,0.021578572913937,0.0220690975164122,0.0,0.0,1.0,100.0,0.4400428577228188,1.0,1.0,1.0,1.0
model20,G-DetectorGate-noRTA,8041,0.0240303007269099,0.0335983875901209,0.0340585578485781,0.0,0.0,1.0,100.0,0.5859768387844271,1.0,1.0,1.0,1.0
model20,G-DetectorGate-noRTA,8042,0.0091344271119222,0.0109287095690388,0.0133638814477597,0.0,0.0,1.0,100.0,0.0597959303156061,1.0,1.0,1.0,1.0
model20,G-DetectorGate-noRTA,8043,0.0125239340309241,0.0162782366341358,0.0168391395555912,0.0,0.0,1.0,100.0,0.0279055120391532,1.0,1.0,1.0,1.0
model20,G-DetectorGate-noRTA,8044,0.0092444552664323,0.0122971997901072,0.012379491702353,0.0,0.0,1.0,100.0,0.0227528227117128,1.0,1.0,1.0,1.0
model20,G-DetectorGate-noRTA,8045,0.0096081092412809,0.0139578963476111,0.0144249643063003,0.0,0.0,1.0,100.0,0.0498128732073123,1.0,1.0,1.0,1.0
model20,G-DetectorGate-noRTA,8046,0.0088595679511175,0.0118933057402463,0.0124360760016153,0.0,0.0,1.0,100.0,0.0199900699425802,1.0,1.0,1.0,1.0
model20,G-DetectorGate-noRTA,8047,0.023750280084861,0.0329530189110235,0.0344249539662942,0.0,0.0,1.0,100.0,0.5149250551614587,1.0,1.0,1.0,1.0
model20,G-DetectorGate-noRTA,8048,0.0249946037243758,0.0350466074356369,0.0360038429131415,0.0,0.0,1.0,100.0,0.6429972923104144,1.0,1.0,1.0,1.0
model20,G-DetectorGate-noRTA,8049,0.0179675518180498,0.0250950112149366,0.0256280291193914,0.0,0.0,1.0,100.0,0.1615697978035568,1.0,1.0,1.0,1.0
model20,G-DetectorGate-noRTA,8050,0.0245452985905709,0.0321698873954286,0.0332097350737364,0.0,0.0,1.0,100.0,0.9327589977044984,1.0,1.0,1.0,1.0
model20,G-DetectorGate-noRTA,8051,0.010698005554073,0.0142307864454463,0.0153899804373861,0.0,0.0,1.0,100.0,0.1215598301309586,1.0,1.0,1.0,1.0
model20,G-DetectorGate-noRTA,8052,0.0096202231421999,0.0130142497389962,0.0134247588231745,0.0,0.0,1.0,100.0,0.0139614547106395,1.0,1.0,1.0,1.0
model20,G-DetectorGate-noRTA,8053,0.0205118422948448,0.0287620442082215,0.0295520364307871,0.0,0.0,1.0,100.0,0.2981493155826293,1.0,1.0,1.0,1.0
model20,G-DetectorGate-noRTA,8054,0.0102951457913815,0.013989622311955,0.0162064192887771,0.0,0.0,1.0,100.0,0.0730506482516422,1.0,1.0,1.0,1.0
model20,G-DetectorGate-noRTA,8055,0.0199795505186988,0.0279505014359372,0.0290332709408577,0.0,0.0,1.0,100.0,0.2929783739653298,1.0,1.0,1.0,1.0
model20,G-DetectorGate-noRTA,8056,0.0192358328969118,0.0265823444721314,0.0276745794754413,0.0,0.0,1.0,100.0,0.267477182546318,1.0,1.0,1.0,1.0
model20,G-DetectorGate-noRTA,8057,0.0222762400452323,0.0312901155820276,0.0322192311204897,0.0,0.0,1.0,100.0,0.4883205409652148,1.0,1.0,1.0,1.0
model20,G-DetectorGate-noRTA,8058,0.0125222704593136,0.0172855349942555,0.0178814689878525,0.0,0.0,1.0,100.0,0.0867068706273301,1.0,1.0,1.0,1.0
model20,G-DetectorGate-noRTA,8059,0.0181607648820771,0.0250116984299879,0.0259167658859811,0.0,0.0,1.0,100.0,0.1482835877979657,1.0,1.0,1.0,1.0
model20,G-DetectorGate-noRTA,8060,0.0233091055209848,0.0309915210751402,0.0316489932356729,0.0,0.0,1.0,100.0,0.4676447805344789,1.0,1.0,1.0,1.0
model20,G-DetectorGate-noRTA,8061,0.0177076716662113,0.0230282808001754,0.0234519521369683,0.0,0.0,1.0,100.0,0.1074545445619045,1.0,1.0,1.0,1.0
model20,G-DetectorGate-noRTA,8062,0.0104955109345335,0.0153813383417524,0.0164945494449626,0.0,0.0,1.0,100.0,0.1018978255443059,1.0,1.0,1.0,1.0
model20,G-DetectorGate-noRTA,8063,0.0092942565565412,0.011583868439211,0.0120060567914466,0.0,0.0,1.0,100.0,0.0471170762410615,1.0,1.0,1.0,1.0
model20,G-DetectorGate-noRTA,8064,0.0172186595976437,0.0235746251905899,0.0243092539739807,0.0,0.0,1.0,100.0,0.5352858792540491,1.0,1.0,1.0,1.0
model20,G-DetectorGate-noRTA,8065,0.0165429482604133,0.0238628191293373,0.0253037150630347,0.0,0.0,1.0,100.0,0.1389815429095081,1.0,1.0,1.0,1.0
model20,G-DetectorGate-noRTA,8066,0.0121402486696436,0.0176689806911322,0.0178157671832771,0.0,0.0,1.0,100.0,0.0516342504807761,1.0,1.0,1.0,1.0
model20,G-DetectorGate-noRTA,8067,0.0203141452956992,0.0279919791922866,0.0286293888791649,0.0,0.0,1.0,100.0,0.2265097865481009,1.0,1.0,1.0,1.0
model20,G-DetectorGate-noRTA,8068,0.0158664452107378,0.0218216959494249,0.0223834674510556,0.0,0.0,1.0,100.0,0.0935584465345076,1.0,1.0,1.0,1.0
model20,G-DetectorGate-noRTA,8069,0.0116273306805304,0.0151519230427229,0.0154890774291351,0.0,0.0,1.0,100.0,0.0300097664542816,1.0,1.0,1.0,1.0
model20,G-DetectorGate-noRTA,8070,0.0111166540911782,0.0152758389287355,0.015710733201793,0.0,0.0,1.0,100.0,0.0311636445286998,1.0,1.0,1.0,1.0
model20,G-DetectorGate-noRTA,8071,0.0174820167782797,0.0240687316907349,0.0248606907964842,0.0,0.0,1.0,100.0,0.1377094213092175,1.0,1.0,1.0,1.0
model20,G-DetectorGate-noRTA,8072,0.013384285053087,0.0183231103154986,0.0236660934704932,0.0,0.0,1.0,100.0,0.2357224559160293,1.0,1.0,1.0,1.0
model20,G-DetectorGate-noRTA,8073,0.0113395322442302,0.0148349604778379,0.0196702819207978,0.0,0.0,1.0,100.0,0.1135823777013615,1.0,1.0,1.0,1.0
model20,G-DetectorGate-noRTA,8074,0.0236266270373978,0.0326672418595493,0.0334844620020367,0.0,0.0,1.0,100.0,0.5523025161821307,1.0,1.0,1.0,1.0
model20,G-DetectorGate-noRTA,8075,0.0281682719536814,0.0386656666006965,0.0396269453855647,0.0,0.0,1.0,100.0,0.8363025244342853,1.0,1.0,1.0,1.0
model20,G-DetectorGate-noRTA,8076,0.0237057436122281,0.0311301338620812,0.0319716848329366,0.0,0.0,1.0,100.0,0.4942401323035287,1.0,1.0,1.0,1.0
model20,G-DetectorGate-noRTA,8077,0.0225037893194351,0.0302989151785569,0.031194555190965,0.0,0.0,1.0,100.0,0.4617669430037486,1.0,1.0,1.0,1.0
model20,G-DetectorGate-noRTA,8078,0.019509717113873,0.0250779211414292,0.0257518647568706,0.0,0.0,1.0,100.0,0.7623934270005198,1.0,1.0,1.0,1.0
model20,G-DetectorGate-noRTA,8079,0.0115692287344817,0.0169580006221516,0.0175796906103268,0.0,0.0,1.0,100.0,0.0713162576914604,1.0,1.0,1.0,1.0
model20,G-DetectorGate-noRTA,8080,0.0296367535860906,0.0410968911585712,0.0423005133120655,0.0,0.0,1.0,100.0,0.8973659794185971,1.0,1.0,1.0,1.0
model20,G-DetectorGate-noRTA,8081,0.0186364991377796,0.0264084817764777,0.0270092576174896,0.0,0.0,1.0,100.0,0.2051607166075684,1.0,1.0,1.0,1.0
model20,G-DetectorGate-noRTA,8082,0.0201292975244289,0.0276566627953233,0.0288242151854431,0.0,0.0,1.0,100.0,0.3106052572521594,1.0,1.0,1.0,1.0
model20,G-DetectorGate-noRTA,8083,0.0091229325056393,0.011675601433737,0.0121716922602153,0.0,0.0,1.0,100.0,0.0322596897043344,1.0,1.0,1.0,1.0
model20,G-DetectorGate-noRTA,8084,0.0245615913280652,0.0322082953339139,0.0330459369522987,0.0,0.0,1.0,100.0,0.9317522325971912,1.0,1.0,1.0,1.0
model20,G-DetectorGate-noRTA,8085,0.0112192816553171,0.016070927000867,0.0169753241717444,0.0,0.0,1.0,100.0,0.0593543994978041,1.0,1.0,1.0,1.0
model20,G-DetectorGate-noRTA,8086,0.0197886668287783,0.0265822460457966,0.0272160767599175,0.0,0.0,1.0,100.0,0.2067818552680967,1.0,1.0,1.0,1.0
model20,G-DetectorGate-noRTA,8087,0.0110186983965055,0.0153838915737656,0.0159100864873717,0.0,0.0,1.0,100.0,0.0213418994765999,1.0,1.0,1.0,1.0
model20,G-DetectorGate-noRTA,8088,0.0121496961416854,0.0173901833978438,0.0178589153096426,0.0,0.0,1.0,100.0,0.153785213609773,1.0,1.0,1.0,1.0
model20,G-DetectorGate-noRTA,8089,0.0131879889959308,0.0162972918018047,0.0167242883373542,0.0,0.0,1.0,100.0,0.2431463446689017,1.0,1.0,1.0,1.0
model20,G-DetectorGate-noRTA,8090,0.0092333764410067,0.0115586175637669,0.0229783923974961,0.0,0.0,1.0,100.0,0.0436007410350663,1.0,1.0,1.0,1.0
model20,G-DetectorGate-noRTA,8091,0.0194047889121732,0.0264815124890383,0.0275104195927663,0.0,0.0,1.0,100.0,0.2281111046877231,1.0,1.0,1.0,1.0
model20,G-DetectorGate-noRTA,8092,0.0124584358761341,0.0165549335702635,0.0174228596102971,0.0,0.0,1.0,100.0,0.1646454222362825,1.0,1.0,1.0,1.0
model20,G-DetectorGate-noRTA,8093,0.0102442716968221,0.0140595379672319,0.0150307552036723,0.0,0.0,1.0,100.0,0.0246189018477121,1.0,1.0,1.0,1.0
model20,G-DetectorGate-noRTA,8094,0.0202015228441211,0.0287807883470366,0.0295383154551763,0.0,0.0,1.0,100.0,0.2930748159205084,1.0,1.0,1.0,1.0
model20,G-DetectorGate-noRTA,8095,0.0137645950777234,0.0191698323951091,0.0198380881379816,0.0,0.0,1.0,100.0,0.0474664926894171,1.0,1.0,1.0,1.0
model20,G-DetectorGate-noRTA,8096,0.0222914400973441,0.0285766046739445,0.0291427246211966,0.0,0.0,1.0,100.0,0.8399219294751821,1.0,1.0,1.0,1.0
model20,G-DetectorGate-noRTA,8097,0.0172249374773486,0.0226303701476467,0.0233497457356927,0.0,0.0,1.0,100.0,0.1062239411396612,1.0,1.0,1.0,1.0
model20,G-DetectorGate-noRTA,8098,0.0175691829681912,0.0248173147172235,0.0250685449944047,0.0,0.0,1.0,100.0,0.1871477222452953,1.0,1.0,1.0,1.0
model20,G-DetectorGate-noRTA,8099,0.0122975710204281,0.0176940876665375,0.0183472751834182,0.0,0.0,1.0,100.0,0.1919817489733049,1.0,1.0,1.0,1.0
model20,H-RTA-SupervisedGate,8000,0.010892030780835,0.0163314829071707,0.016818084008383,0.0,0.0,0.0009099181073703,0.0909918107370336,,,,,
model20,H-RTA-SupervisedGate,8001,0.0171280119859622,0.0243364799993093,0.0253945500384744,0.0,0.0,0.200181983621474,20.01819836214741,,,,,
model20,H-RTA-SupervisedGate,8002,0.0097290377553224,0.0130279724244685,0.013923252372508,0.0,0.0,0.0,0.0,,,,,
model20,H-RTA-SupervisedGate,8003,0.0128868542681902,0.0175828453946085,0.0178997739581765,0.0,0.0,0.0,0.0,,,,,
model20,H-RTA-SupervisedGate,8004,0.0220693643475359,0.0314332417289199,0.0324631810319941,0.0,0.0,0.6660600545950864,66.60600545950864,,,,,
model20,H-RTA-SupervisedGate,8005,0.0141659522693077,0.0214589609407811,0.0222294815360291,0.0,0.0,0.0300272975432211,3.002729754322111,,,,,
model20,H-RTA-SupervisedGate,8006,0.0263129062780189,0.0357161514962143,0.036994083417571,0.0,0.0,0.5150136487716106,51.50136487716106,,,,,
model20,H-RTA-SupervisedGate,8007,0.010828400500173,0.01581870102757,0.0163731536580116,0.0,0.0,0.0,0.0,,,,,
model20,H-RTA-SupervisedGate,8008,0.0116932029102697,0.0167017515657184,0.020143592838517,0.0,0.0,0.002729754322111,0.272975432211101,,,,,
model20,H-RTA-SupervisedGate,8009,0.0107008944717951,0.0155067343131335,0.0161805893544962,0.0,0.0,0.0,0.0,,,,,
model20,H-RTA-SupervisedGate,8010,0.0267281113584115,0.0352135922878091,0.0362911743652185,0.0,0.0,0.5595996360327571,55.95996360327571,,,,,
model20,H-RTA-SupervisedGate,8011,0.0136773952102791,0.0182858550523759,0.0184805614312699,0.0,0.0,0.0,0.0,,,,,
model20,H-RTA-SupervisedGate,8012,0.0085006699451246,0.0107207868879614,0.0116739438920301,0.0,0.0,0.0,0.0,,,,,
model20,H-RTA-SupervisedGate,8013,0.0154795052595134,0.0216371495882195,0.02204230144,0.0,0.0,0.0036396724294813,0.3639672429481347,,,,,
model20,H-RTA-SupervisedGate,8014,0.0116772499701367,0.0155387952306867,0.0156994190629892,0.0,0.0,0.0,0.0,,,,,
model20,H-RTA-SupervisedGate,8015,0.0121858756590393,0.0160002299927901,0.0164308296618209,0.0,0.0,0.0,0.0,,,,,
model20,H-RTA-SupervisedGate,8016,0.0099838019929437,0.0153077533254999,0.0162926679697104,0.0,0.0,0.0036396724294813,0.3639672429481347,,,,,
model20,H-RTA-SupervisedGate,8017,0.0108335629882682,0.0155512283007255,0.0158910288117322,0.0,0.0,0.0009099181073703,0.0909918107370336,,,,,
model20,H-RTA-SupervisedGate,8018,0.0210261827711604,0.0284093890598267,0.0301880211225481,0.0,0.0,0.0636942675159235,6.369426751592357,,,,,
model20,H-RTA-SupervisedGate,8019,0.0272551225129852,0.0369915702400055,0.0384047958590202,0.0,0.0,0.5696087352138307,56.96087352138307,,,,,
model20,H-RTA-SupervisedGate,8020,0.0142150231065576,0.0189933179974094,0.0196068397232531,0.0,0.0,0.0,0.0,,,,,
model20,H-RTA-SupervisedGate,8021,0.0141954088720085,0.018835265507449,0.0194995095540996,0.0,0.0,0.0,0.0,,,,,
model20,H-RTA-SupervisedGate,8022,0.0194706718386225,0.0262574550541989,0.0268356654031423,0.0,0.0,0.0154686078252957,1.5468607825295724,,,,,
model20,H-RTA-SupervisedGate,8023,0.0102790487604087,0.013365282841971,0.0134937958975273,0.0,0.0,0.0,0.0,,,,,
model20,H-RTA-SupervisedGate,8024,0.0191353666552697,0.0263685499212994,0.026804895642318,0.0,0.0,0.5168334849863512,51.68334849863512,,,,,
model20,H-RTA-SupervisedGate,8025,0.0191242597089633,0.0263858831984321,0.0273109573058453,0.0,0.0,0.021838034576888,2.1838034576888083,,,,,
model20,H-RTA-SupervisedGate,8026,0.016047758938362,0.022637781200023,0.023185434162315,0.0,0.0,0.0018198362147406,0.1819836214740673,,,,,
model20,H-RTA-SupervisedGate,8027,0.0101504426797776,0.0144426611741354,0.0148234405929853,0.0,0.0,0.0,0.0,,,,,
model20,H-RTA-SupervisedGate,8028,0.016724848200115,0.0220149109812979,0.0224836988274986,0.0,0.0,0.0018198362147406,0.1819836214740673,,,,,
model20,H-RTA-SupervisedGate,8029,0.0100787365233156,0.0146764622517539,0.0155890257018853,0.0,0.0,0.0,0.0,,,,,
model20,H-RTA-SupervisedGate,8030,0.0091849452489671,0.0125098886982604,0.0128476593806531,0.0,0.0,0.0,0.0,,,,,
model20,H-RTA-SupervisedGate,8031,0.0165539268869016,0.0220777153754663,0.0228245442459404,0.0,0.0,0.1037306642402183,10.37306642402184,,,,,
model20,H-RTA-SupervisedGate,8032,0.0137206076443674,0.0210586141135578,0.0212286521162308,0.0,0.0,0.0,0.0,,,,,
model20,H-RTA-SupervisedGate,8033,0.014163439415642,0.0190225828888613,0.019621397578743,0.0,0.0,0.0018198362147406,0.1819836214740673,,,,,
model20,H-RTA-SupervisedGate,8034,0.0094511362280369,0.0133436977173755,0.0137121530027466,0.0,0.0,0.0,0.0,,,,,
model20,H-RTA-SupervisedGate,8035,0.0119447460219301,0.016107401769166,0.0163656016744384,0.0,0.0,0.0,0.0,,,,,
model20,H-RTA-SupervisedGate,8036,0.028263751617978,0.0380177724174492,0.0394568160307412,0.0,0.0,0.7434030937215651,74.34030937215651,,,,,
model20,H-RTA-SupervisedGate,8037,0.0133795121802127,0.0188568322975595,0.0258186619011594,0.0,0.0,0.0127388535031847,1.2738853503184715,,,,,
model20,H-RTA-SupervisedGate,8038,0.0134762458143344,0.018791023868435,0.0197004073251814,0.0,0.0,0.024567788898999,2.456778889899909,,,,,
model20,H-RTA-SupervisedGate,8039,0.0122763852398755,0.0171158521183437,0.0175759160358326,0.0,0.0,0.0272975432211101,2.72975432211101,,,,,
model20,H-RTA-SupervisedGate,8040,0.0158586808481751,0.0215610398445709,0.0220517624454186,0.0,0.0,0.1273885350318471,12.738853503184714,,,,,
model20,H-RTA-SupervisedGate,8041,0.0240901955691226,0.0337098339549371,0.0341461296207482,0.0,0.0,0.3230209281164695,32.30209281164696,,,,,
model20,H-RTA-SupervisedGate,8042,0.0091329530434763,0.0109409738480055,0.013408493582202,0.0,0.0,0.0,0.0,,,,,
model20,H-RTA-SupervisedGate,8043,0.0125358978622652,0.0162804429737609,0.0168365600529053,0.0,0.0,0.0,0.0,,,,,
model20,H-RTA-SupervisedGate,8044,0.0092470437399372,0.012304678231132,0.0123854417549165,0.0,0.0,0.0009099181073703,0.0909918107370336,,,,,
model20,H-RTA-SupervisedGate,8045,0.0096070801737774,0.0139666927654662,0.0144308897557907,0.0,0.0,0.0,0.0,,,,,
model20,H-RTA-SupervisedGate,8046,0.0088631551299127,0.0118988658184339,0.0124360321261222,0.0,0.0,0.0,0.0,,,,,
model20,H-RTA-SupervisedGate,8047,0.0238286026224816,0.03294670648072,0.0344201857105448,0.0,0.0,0.2156505914467698,21.56505914467698,,,,,
model20,H-RTA-SupervisedGate,8048,0.025046795041013,0.0350528216437138,0.0360119429776038,0.0,0.0,0.4085532302092811,40.85532302092811,,,,,
model20,H-RTA-SupervisedGate,8049,0.0180023259040494,0.0251536186189363,0.0256899645121061,0.0,0.0,0.002729754322111,0.272975432211101,,,,,
model20,H-RTA-SupervisedGate,8050,0.0245437493804392,0.0321668919038109,0.0332060020359627,0.0,0.0,0.8744313011828936,87.44313011828936,,,,,
model20,H-RTA-SupervisedGate,8051,0.010694736018336,0.0142085084241318,0.0153562507071031,0.0,0.0,0.0018198362147406,0.1819836214740673,,,,,
model20,H-RTA-SupervisedGate,8052,0.0096177344307099,0.0130061756324501,0.0134159792074562,0.0,0.0,0.0,0.0,,,,,
model20,H-RTA-SupervisedGate,8053,0.0205720823782076,0.0288893741293744,0.0296344800184706,0.0,0.0,0.0691537761601455,6.915377616014559,,,,,
model20,H-RTA-SupervisedGate,8054,0.0103017731199806,0.013994628160383,0.0162221578799691,0.0,0.0,0.0,0.0,,,,,
model20,H-RTA-SupervisedGate,8055,0.0200148916104919,0.0280182252415438,0.0291167812091075,0.0,0.0,0.0464058234758871,4.640582347588717,,,,,
model20,H-RTA-SupervisedGate,8056,0.019276020981048,0.0266324950131455,0.0277416665634911,0.0,0.0,0.0300272975432211,3.002729754322111,,,,,
model20,H-RTA-SupervisedGate,8057,0.0223217225980309,0.0312569318530163,0.0321852913269073,0.0,0.0,0.2247497725204731,22.474977252047317,,,,,
model20,H-RTA-SupervisedGate,8058,0.01252439998365,0.0172736112133106,0.0178571495927182,0.0,0.0,0.002729754322111,0.272975432211101,,,,,
model20,H-RTA-SupervisedGate,8059,0.0181884716890379,0.0250652333842866,0.0259518536505417,0.0,0.0,0.0018198362147406,0.1819836214740673,,,,,
model20,H-RTA-SupervisedGate,8060,0.0233782231768491,0.0310607067258894,0.0317143100256804,0.0,0.0,0.1710646041856233,17.10646041856233,,,,,
model20,H-RTA-SupervisedGate,8061,0.017725396732009,0.0230448866276304,0.0234775035242578,0.0,0.0,0.0009099181073703,0.0909918107370336,,,,,
model20,H-RTA-SupervisedGate,8062,0.0105135946810163,0.0154181601796639,0.0165223222329874,0.0,0.0,0.0045495905368516,0.4549590536851683,,,,,
model20,H-RTA-SupervisedGate,8063,0.0092999496331317,0.0115912831964357,0.0120104511156754,0.0,0.0,0.0009099181073703,0.0909918107370336,,,,,
model20,H-RTA-SupervisedGate,8064,0.0172530623839351,0.0236678854719648,0.0243754775929308,0.0,0.0,0.2511373976342129,25.113739763421293,,,,,
model20,H-RTA-SupervisedGate,8065,0.0165793830321089,0.0238925823829619,0.0253526930007263,0.0,0.0,0.0045495905368516,0.4549590536851683,,,,,
model20,H-RTA-SupervisedGate,8066,0.0121467851646495,0.0176752693864177,0.0178210061770075,0.0,0.0,0.0,0.0,,,,,
model20,H-RTA-SupervisedGate,8067,0.0203556872581025,0.0280612856093429,0.0286967260587154,0.0,0.0,0.0263876251137397,2.6387625113739763,,,,,
model20,H-RTA-SupervisedGate,8068,0.015885711063001,0.0218327921176556,0.0223931643442543,0.0,0.0,0.0,0.0,,,,,
model20,H-RTA-SupervisedGate,8069,0.0116364325418639,0.0151655178011681,0.0155136119625701,0.0,0.0,0.0,0.0,,,,,
model20,H-RTA-SupervisedGate,8070,0.0111226284900908,0.0152806324216231,0.0157125649713753,0.0,0.0,0.0,0.0,,,,,
model20,H-RTA-SupervisedGate,8071,0.0174901195321844,0.024078766128435,0.0248714231998751,0.0,0.0,0.0018198362147406,0.1819836214740673,,,,,
model20,H-RTA-SupervisedGate,8072,0.0134002546165779,0.0183193741139304,0.0236829558330518,0.0,0.0,0.0263876251137397,2.6387625113739763,,,,,
model20,H-RTA-SupervisedGate,8073,0.0113468290313957,0.0148597084314989,0.0197114377413013,0.0,0.0,0.0009099181073703,0.0909918107370336,,,,,
model20,H-RTA-SupervisedGate,8074,0.0236791005295378,0.0327469289294334,0.0335293164046499,0.0,0.0,0.2893539581437671,28.935395814376708,,,,,
model20,H-RTA-SupervisedGate,8075,0.0282030358990064,0.0386675716288453,0.0396287036804517,0.0,0.0,0.7042766151046406,70.42766151046406,,,,,
model20,H-RTA-SupervisedGate,8076,0.0237736336910674,0.0312358892860133,0.0320688304959353,0.0,0.0,0.1828935395814376,18.289353958143767,,,,,
model20,H-RTA-SupervisedGate,8077,0.0225626660895334,0.0303487734836083,0.0312639833049694,0.0,0.0,0.1619654231119199,16.19654231119199,,,,,
model20,H-RTA-SupervisedGate,8078,0.0195170429618565,0.0250845646470386,0.0257361849466388,0.0,0.0,0.6105550500454959,61.0555050045496,,,,,
model20,H-RTA-SupervisedGate,8079,0.0115716098987375,0.0169433583946896,0.0175614458449211,0.0,0.0,0.0009099181073703,0.0909918107370336,,,,,
model20,H-RTA-SupervisedGate,8080,0.0296483716146384,0.0411004314817941,0.0423064046741368,0.0,0.0,0.8252957233848953,82.52957233848953,,,,,
model20,H-RTA-SupervisedGate,8081,0.0186514727474944,0.0264373336158518,0.0270250505033665,0.0,0.0,0.0090991810737033,0.9099181073703366,,,,,
model20,H-RTA-SupervisedGate,8082,0.02016716151969,0.0277009798177755,0.0288789129658719,0.0,0.0,0.0518653321201091,5.18653321201092,,,,,
model20,H-RTA-SupervisedGate,8083,0.0091241799844222,0.0116933412426853,0.012168111586488,0.0,0.0,0.0,0.0,,,,,
model20,H-RTA-SupervisedGate,8084,0.0245536899790694,0.0322002204819555,0.0330414082275089,0.0,0.0,0.899909008189263,89.9909008189263,,,,,
model20,H-RTA-SupervisedGate,8085,0.0112385349774814,0.0160813554155692,0.0169701890356593,0.0,0.0,0.0,0.0,,,,,
model20,H-RTA-SupervisedGate,8086,0.0198211990495478,0.0266420818911749,0.0272875899392053,0.0,0.0,0.0090991810737033,0.9099181073703366,,,,,
model20,H-RTA-SupervisedGate,8087,0.0110214565966597,0.0153916178086171,0.0159175874813626,0.0,0.0,0.0,0.0,,,,,
model20,H-RTA-SupervisedGate,8088,0.0121702446940526,0.0174363071524114,0.017885901357867,0.0,0.0,0.0063694267515923,0.6369426751592357,,,,,
model20,H-RTA-SupervisedGate,8089,0.0132136721566399,0.0163173484241038,0.0167473051116777,0.0,0.0,0.021838034576888,2.1838034576888083,,,,,
model20,H-RTA-SupervisedGate,8090,0.0092402693995266,0.0115976061297211,0.0229739144434078,0.0,0.0,0.0,0.0,,,,,
model20,H-RTA-SupervisedGate,8091,0.0194184664225755,0.0265427241030288,0.0275783998426781,0.0,0.0,0.0090991810737033,0.9099181073703366,,,,,
model20,H-RTA-SupervisedGate,8092,0.0124846841365155,0.0165888313939039,0.0174482108585446,0.0,0.0,0.005459508644222,0.5459508644222021,,,,,
model20,H-RTA-SupervisedGate,8093,0.0102425576735182,0.0140553500787322,0.0150048493604111,0.0,0.0,0.0,0.0,,,,,
model20,H-RTA-SupervisedGate,8094,0.0202462051285319,0.0288491180188185,0.0296079189392609,0.0,0.0,0.0500454959053685,5.004549590536852,,,,,
model20,H-RTA-SupervisedGate,8095,0.013765519007354,0.0191778886754447,0.0198301109375077,0.0,0.0,0.0,0.0,,,,,
model20,H-RTA-SupervisedGate,8096,0.0223218236792342,0.0286757043747987,0.0292619980400485,0.0,0.0,0.7470427661510464,74.70427661510463,,,,,
model20,H-RTA-SupervisedGate,8097,0.0172382773325245,0.0226594293986067,0.0233762508033943,0.0,0.0,0.0018198362147406,0.1819836214740673,,,,,
model20,H-RTA-SupervisedGate,8098,0.0175971664168233,0.0248577630371474,0.0250707819013086,0.0,0.0,0.010919017288444,1.0919017288444042,,,,,
model20,H-RTA-SupervisedGate,8099,0.0123091113097651,0.01769513590576,0.0183407566312376,0.0,0.0,0.0045495905368516,0.4549590536851683,,,,,
model20,I-ContinuousRiskGovernor,8000,0.0108920292146733,0.0163314803748152,0.0168180821391485,0.0,0.0,0.0005929812721562,0.0909918107370336,0.0575313607430031,1.0,1.0,1.0,1.0
model20,I-ContinuousRiskGovernor,8001,0.0171280184417261,0.02433646372204,0.0253945410927595,0.0,0.0,0.1756081713430891,20.01819836214741,0.477059993270403,1.0,1.0,1.0,1.0
model20,I-ContinuousRiskGovernor,8002,0.0097290376677057,0.0130279724244739,0.0139232509170913,0.0,0.0,0.0,0.0,0.0474393316540959,1.0,1.0,1.0,1.0
model20,I-ContinuousRiskGovernor,8003,0.0128868542747265,0.0175828453046825,0.0178997738729195,0.0,0.0,0.0,0.0,0.0290635279136456,1.0,1.0,1.0,1.0
model20,I-ContinuousRiskGovernor,8004,0.0220693821265464,0.031433268630874,0.0324632021856791,0.0,0.0,0.6352783670300334,66.60600545950864,0.8128753410755879,1.0,1.0,1.0,1.0
model20,I-ContinuousRiskGovernor,8005,0.0141659541326605,0.021458960508943,0.0222294807544941,0.0,0.0,0.0255558395310804,3.002729754322111,0.2288741206633442,1.0,1.0,1.0,1.0
model20,I-ContinuousRiskGovernor,8006,0.0263129411870319,0.035716181052647,0.03699411654671,0.0,0.0,0.461592301886604,51.50136487716106,0.7124981819270929,1.0,1.0,1.0,1.0
model20,I-ContinuousRiskGovernor,8007,0.0108284005294433,0.0158187010273609,0.0163731536577468,0.0,0.0,0.0,0.0,0.0407480008609507,1.0,1.0,1.0,1.0
model20,I-ContinuousRiskGovernor,8008,0.0116931983535056,0.016701733897438,0.0201435859032985,0.0,0.0,0.0017106336906183,0.272975432211101,0.1381454499959383,1.0,1.0,1.0,1.0
model20,I-ContinuousRiskGovernor,8009,0.0107008944717951,0.0155067343131335,0.0161805893544962,0.0,0.0,0.0,0.0,0.0317985657823055,1.0,1.0,1.0,1.0
model20,I-ContinuousRiskGovernor,8010,0.0267281452094507,0.0352136175229858,0.036291202257616,0.0,0.0,0.5099264163504501,55.95996360327571,0.7368230022483244,1.0,1.0,1.0,1.0
model20,I-ContinuousRiskGovernor,8011,0.0136773953914714,0.01828585486668,0.0184805612095387,0.0,0.0,0.0,0.0,0.0359370404264087,1.0,1.0,1.0,1.0
model20,I-ContinuousRiskGovernor,8012,0.0085006699451246,0.0107207868879614,0.0116739438920301,0.0,0.0,0.0,0.0,0.0280179865402154,1.0,1.0,1.0,1.0
model20,I-ContinuousRiskGovernor,8013,0.0154795056833422,0.0216371495909164,0.022042301465389,0.0,0.0,0.0029670790133013,0.3639672429481347,0.1194797409923377,1.0,1.0,1.0,1.0
model20,I-ContinuousRiskGovernor,8014,0.0116772498189625,0.0155387951213872,0.0156994189485598,0.0,0.0,0.0,0.0,0.0342788535162346,1.0,1.0,1.0,1.0
model20,I-ContinuousRiskGovernor,8015,0.0121858760047104,0.0160002299927887,0.0164308296618192,0.0,0.0,0.0,0.0,0.0212345128260326,1.0,1.0,1.0,1.0
model20,I-ContinuousRiskGovernor,8016,0.0099838017862733,0.015307753325496,0.0162926679697049,0.0,0.0,0.0032465384564916,0.3639672429481347,0.0365325281674188,1.0,1.0,1.0,1.0
model20,I-ContinuousRiskGovernor,8017,0.0108335648545263,0.0155512283134829,0.0158910288169947,0.0,0.0,0.0004757692812865,0.0909918107370336,0.0798149789345501,1.0,1.0,1.0,1.0
model20,I-ContinuousRiskGovernor,8018,0.0210261867495903,0.0284094135865158,0.0301880335728892,0.0,0.0,0.0506714008133476,6.369426751592357,0.3259876880174303,1.0,1.0,1.0,1.0
model20,I-ContinuousRiskGovernor,8019,0.0272551534036929,0.0369915882911103,0.038404817158397,0.0,0.0,0.52384864520772,56.96087352138307,0.7470410821193252,1.0,1.0,1.0,1.0
model20,I-ContinuousRiskGovernor,8020,0.0142150232050512,0.0189933179991083,0.0196068396705981,0.0,0.0,0.0,0.0,0.0479232483948116,1.0,1.0,1.0,1.0
model20,I-ContinuousRiskGovernor,8021,0.0141954088973113,0.0188352654997948,0.0194995095530835,0.0,0.0,0.0,0.0,0.0375931583858928,1.0,1.0,1.0,1.0
model20,I-ContinuousRiskGovernor,8022,0.0194706751138918,0.0262574644155796,0.026835690554402,0.0,0.0,0.0118586510011991,1.5468607825295724,0.1884383434158339,1.0,1.0,1.0,1.0
model20,I-ContinuousRiskGovernor,8023,0.0102790486482595,0.0133652828418101,0.0134937958762953,0.0,0.0,0.0,0.0,0.0273382415747182,1.0,1.0,1.0,1.0
model20,I-ContinuousRiskGovernor,8024,0.0191353834418588,0.0263685373718561,0.0268048890958222,0.0,0.0,0.4718377249750639,51.68334849863512,0.7341918584570014,1.0,1.0,1.0,1.0
model20,I-ContinuousRiskGovernor,8025,0.0191242603746948,0.0263858893931727,0.02731095571108,0.0,0.0,0.0178027217507208,2.1838034576888083,0.2398403829347075,1.0,1.0,1.0,1.0
model20,I-ContinuousRiskGovernor,8026,0.0160477591742541,0.0226377825634124,0.0231854341633162,0.0,0.0,0.0009473640152447,0.1819836214740673,0.1201346701705118,1.0,1.0,1.0,1.0
model20,I-ContinuousRiskGovernor,8027,0.0101504419888644,0.0144426611740711,0.0148234405928776,0.0,0.0,0.0,0.0,0.0588999295562133,1.0,1.0,1.0,1.0
model20,I-ContinuousRiskGovernor,8028,0.0167248485475019,0.0220149102829882,0.0224836977531186,0.0,0.0,0.0013961551452555,0.1819836214740673,0.1022748343259209,1.0,1.0,1.0,1.0
model20,I-ContinuousRiskGovernor,8029,0.0100787365932739,0.0146764622517542,0.0155890257018858,0.0,0.0,0.0,0.0,0.0172604732105589,1.0,1.0,1.0,1.0
model20,I-ContinuousRiskGovernor,8030,0.0091849452428477,0.0125098886981252,0.0128476593502607,0.0,0.0,0.0,0.0,0.019172048895589,1.0,1.0,1.0,1.0
model20,I-ContinuousRiskGovernor,8031,0.0165539374161312,0.0220777439501954,0.0228245584837046,0.0,0.0,0.0879114803939362,10.37306642402184,0.4076339908798513,1.0,1.0,1.0,1.0
model20,I-ContinuousRiskGovernor,8032,0.0137206076443674,0.0210586141135578,0.0212286521162308,0.0,0.0,0.0,0.0,0.0766808141875387,1.0,1.0,1.0,1.0
model20,I-ContinuousRiskGovernor,8033,0.0141634388241693,0.0190225811416969,0.0196213966053161,0.0,0.0,0.0011601421335792,0.1819836214740673,0.049815692036238,1.0,1.0,1.0,1.0
model20,I-ContinuousRiskGovernor,8034,0.0094511360651004,0.0133436977172696,0.0137121530026334,0.0,0.0,0.0,0.0,0.0431623831842035,1.0,1.0,1.0,1.0
model20,I-ContinuousRiskGovernor,8035,0.0119447460106228,0.0161074017119631,0.0163656016069187,0.0,0.0,0.0,0.0,0.0257667405080097,1.0,1.0,1.0,1.0
model20,I-ContinuousRiskGovernor,8036,0.0282637815462534,0.0380177894509278,0.0394568307020493,0.0,0.0,0.6985597962874529,74.34030937215651,0.8542364499525281,1.0,1.0,1.0,1.0
model20,I-ContinuousRiskGovernor,8037,0.0133795083380763,0.0188568016693435,0.0258186529496931,0.0,0.0,0.0096795855783811,1.2738853503184715,0.2211626635218801,1.0,1.0,1.0,1.0
model20,I-ContinuousRiskGovernor,8038,0.0134762496932626,0.018791027661544,0.0197004120632415,0.0,0.0,0.020262055069509,2.456778889899909,0.2111102282354727,1.0,1.0,1.0,1.0
model20,I-ContinuousRiskGovernor,8039,0.0122763850755539,0.0171158593924126,0.0175759078243133,0.0,0.0,0.0233930048627481,2.72975432211101,0.2209108093440862,1.0,1.0,1.0,1.0
model20,I-ContinuousRiskGovernor,8040,0.0158586875051906,0.0215610389925867,0.0220517614778844,0.0,0.0,0.1085385434142772,12.738853503184714,0.4421590361148262,1.0,1.0,1.0,1.0
model20,I-ContinuousRiskGovernor,8041,0.0240902209335845,0.0337098755241415,0.0341461732180316,0.0,0.0,0.281768714057183,32.30209281164696,0.5883712981161007,1.0,1.0,1.0,1.0
model20,I-ContinuousRiskGovernor,8042,0.0091329530434763,0.0109409738480055,0.013408493582202,0.0,0.0,0.0,0.0,0.0598531563475377,1.0,1.0,1.0,1.0
model20,I-ContinuousRiskGovernor,8043,0.0125358979962309,0.016280442972849,0.0168365600519314,0.0,0.0,0.0,0.0,0.0278645586588356,1.0,1.0,1.0,1.0
model20,I-ContinuousRiskGovernor,8044,0.009247043710913,0.0123046782311412,0.012385441754927,0.0,0.0,0.0005370656097829,0.0909918107370336,0.022737544761848,1.0,1.0,1.0,1.0
model20,I-ContinuousRiskGovernor,8045,0.0096070801737774,0.0139666927654662,0.0144308897557907,0.0,0.0,0.0,0.0,0.0498201698701564,1.0,1.0,1.0,1.0
model20,I-ContinuousRiskGovernor,8046,0.0088631551823534,0.0118988659600159,0.012436032002598,0.0,0.0,0.0,0.0,0.0200008190655971,1.0,1.0,1.0,1.0
model20,I-ContinuousRiskGovernor,8047,0.0238286216637802,0.0329467596382685,0.0344202356424017,0.0,0.0,0.188563156338275,21.56505914467698,0.5176337768639269,1.0,1.0,1.0,1.0
model20,I-ContinuousRiskGovernor,8048,0.0250468328918817,0.0350528938684171,0.036012007995582,0.0,0.0,0.3617906208370223,40.85532302092811,0.6448880134232743,1.0,1.0,1.0,1.0
model20,I-ContinuousRiskGovernor,8049,0.0180023272459724,0.0251536231987078,0.0256899702865494,0.0,0.0,0.0020595794558735,0.272975432211101,0.1623915177200414,1.0,1.0,1.0,1.0
model20,I-ContinuousRiskGovernor,8050,0.0245437623289694,0.0321668962259786,0.0332060084150448,0.0,0.0,0.8514266737397981,87.44313011828936,0.9323381440284618,1.0,1.0,1.0,1.0
model20,I-ContinuousRiskGovernor,8051,0.0106947356560661,0.0142085010024993,0.0153562470163009,0.0,0.0,0.0015436385577623,0.1819836214740673,0.121497317051415,1.0,1.0,1.0,1.0
model20,I-ContinuousRiskGovernor,8052,0.0096177344307099,0.0130061756324501,0.0134159792074562,0.0,0.0,0.0,0.0,0.0139585714731969,1.0,1.0,1.0,1.0
model20,I-ContinuousRiskGovernor,8053,0.0205720891546521,0.0288893773003351,0.0296344957273249,0.0,0.0,0.0563680412812674,6.915377616014559,0.299920603884298,1.0,1.0,1.0,1.0
model20,I-ContinuousRiskGovernor,8054,0.0103017731793364,0.0139946282181504,0.0162221587637977,0.0,0.0,0.0,0.0,0.0730706486992516,1.0,1.0,1.0,1.0
model20,I-ContinuousRiskGovernor,8055,0.0200148932835469,0.0280182336584783,0.0291167886971904,0.0,0.0,0.0370956844003108,4.640582347588717,0.2941429365279429,1.0,1.0,1.0,1.0
model20,I-ContinuousRiskGovernor,8056,0.019276024462252,0.0266325128939359,0.0277416665388992,0.0,0.0,0.0243276145953731,3.002729754322111,0.2681084299239943,1.0,1.0,1.0,1.0
model20,I-ContinuousRiskGovernor,8057,0.0223217462745427,0.0312569842844789,0.0321853533485855,0.0,0.0,0.1920883971250321,22.474977252047317,0.4899756863506864,1.0,1.0,1.0,1.0
model20,I-ContinuousRiskGovernor,8058,0.0125243999949014,0.0172736112141514,0.0178571495927182,0.0,0.0,0.0022686782103377,0.272975432211101,0.0866730193236365,1.0,1.0,1.0,1.0
model20,I-ContinuousRiskGovernor,8059,0.0181884701657145,0.0250652254339123,0.0259518426020103,0.0,0.0,0.0013944345057822,0.1819836214740673,0.1485885549752706,1.0,1.0,1.0,1.0
model20,I-ContinuousRiskGovernor,8060,0.0233782356280053,0.031060756715657,0.0317143548121584,0.0,0.0,0.1456411152970643,17.10646041856233,0.4700177479906624,1.0,1.0,1.0,1.0
model20,I-ContinuousRiskGovernor,8061,0.0177253970962434,0.0230448865687927,0.0234775037378416,0.0,0.0,0.0008416198228891,0.0909918107370336,0.1078434580986449,1.0,1.0,1.0,1.0
model20,I-ContinuousRiskGovernor,8062,0.0105135959890286,0.0154181626250832,0.0165223229347833,0.0,0.0,0.0033501595518299,0.4549590536851683,0.1020296098574257,1.0,1.0,1.0,1.0
model20,I-ContinuousRiskGovernor,8063,0.0092999496936555,0.0115912831964357,0.0120104511156754,0.0,0.0,0.0007371624777689,0.0909918107370336,0.0471604987253387,1.0,1.0,1.0,1.0
model20,I-ContinuousRiskGovernor,8064,0.0172530679935271,0.0236679054672415,0.0243754751879919,0.0,0.0,0.2209838682858851,25.113739763421293,0.5379088208895748,1.0,1.0,1.0,1.0
model20,I-ContinuousRiskGovernor,8065,0.0165793830588008,0.0238925823881987,0.0253526919778231,0.0,0.0,0.0038836019210227,0.4549590536851683,0.1396071358375668,1.0,1.0,1.0,1.0
model20,I-ContinuousRiskGovernor,8066,0.0121467856045453,0.0176752693865313,0.0178210061770724,0.0,0.0,0.0,0.0,0.0515814360376951,1.0,1.0,1.0,1.0
model20,I-ContinuousRiskGovernor,8067,0.0203556951948411,0.0280613309962744,0.028696778271831,0.0,0.0,0.0201404709656358,2.6387625113739763,0.227533237592573,1.0,1.0,1.0,1.0
model20,I-ContinuousRiskGovernor,8068,0.0158857111466951,0.0218327922297317,0.0223931642872637,0.0,0.0,0.0,0.0,0.093653908685597,1.0,1.0,1.0,1.0
model20,I-ContinuousRiskGovernor,8069,0.0116364328368902,0.0151655178130235,0.0155136119010054,0.0,0.0,0.0,0.0,0.0300857538400777,1.0,1.0,1.0,1.0
model20,I-ContinuousRiskGovernor,8070,0.0111226282258704,0.0152806323531495,0.0157125648740809,0.0,0.0,0.0,0.0,0.0311708506794104,1.0,1.0,1.0,1.0
model20,I-ContinuousRiskGovernor,8071,0.0174901196965941,0.0240787661813941,0.0248714232000498,0.0,0.0,0.001488973465374,0.1819836214740673,0.137898254403216,1.0,1.0,1.0,1.0
model20,I-ContinuousRiskGovernor,8072,0.0134002546741425,0.0183193741833346,0.0236829548985017,0.0,0.0,0.0221358859056425,2.6387625113739763,0.2366088252527217,1.0,1.0,1.0,1.0
model20,I-ContinuousRiskGovernor,8073,0.0113468284088499,0.0148597045401925,0.0197114310916765,0.0,0.0,0.000907662094175,0.0909918107370336,0.1135653168282254,1.0,1.0,1.0,1.0
model20,I-ContinuousRiskGovernor,8074,0.0236791264078651,0.0327469931565571,0.0335293824406889,0.0,0.0,0.2566651410846846,28.935395814376708,0.5541973404948504,1.0,1.0,1.0,1.0
model20,I-ContinuousRiskGovernor,8075,0.0282030668574336,0.0386675850797167,0.0396287148124773,0.0,0.0,0.6650211300673119,70.42766151046406,0.8373949522026599,1.0,1.0,1.0,1.0
model20,I-ContinuousRiskGovernor,8076,0.0237736543558416,0.0312359362912639,0.0320688921304766,0.0,0.0,0.1549067606833033,18.289353958143767,0.4968489880515098,1.0,1.0,1.0,1.0
model20,I-ContinuousRiskGovernor,8077,0.0225626799308628,0.0303488204547547,0.0312640408302002,0.0,0.0,0.1344886639649815,16.19654231119199,0.4641459651000793,1.0,1.0,1.0,1.0
model20,I-ContinuousRiskGovernor,8078,0.0195170683206698,0.025084607865296,0.0257362111303186,0.0,0.0,0.554711431642357,61.0555050045496,0.7634511298510825,1.0,1.0,1.0,1.0
model20,I-ContinuousRiskGovernor,8079,0.0115716099368821,0.0169433584069858,0.0175614458542607,0.0,0.0,0.0008726184174367,0.0909918107370336,0.071300800746614,1.0,1.0,1.0,1.0
model20,I-ContinuousRiskGovernor,8080,0.0296484004313351,0.0411004384176833,0.0423064146748849,0.0,0.0,0.7857313401651106,82.52957233848953,0.897676152994533,1.0,1.0,1.0,1.0
model20,I-ContinuousRiskGovernor,8081,0.0186514726321191,0.0264373294114824,0.0270250461962226,0.0,0.0,0.0076829756639162,0.9099181073703366,0.2054648740804197,1.0,1.0,1.0,1.0
model20,I-ContinuousRiskGovernor,8082,0.0201671692699528,0.0277009994137399,0.0288789208269409,0.0,0.0,0.0442964961881306,5.18653321201092,0.3119065586211926,1.0,1.0,1.0,1.0
model20,I-ContinuousRiskGovernor,8083,0.0091241800307564,0.0116933413492589,0.0121681115864888,0.0,0.0,0.0,0.0,0.0322595087938149,1.0,1.0,1.0,1.0
model20,I-ContinuousRiskGovernor,8084,0.024553696241333,0.0322002234705968,0.0330414043498116,0.0,0.0,0.8712013760299113,89.9909008189263,0.9312996294720888,1.0,1.0,1.0,1.0
model20,I-ContinuousRiskGovernor,8085,0.0112385349294762,0.0160813554155676,0.0169701890356908,0.0,0.0,0.0,0.0,0.0595132908787524,1.0,1.0,1.0,1.0
model20,I-ContinuousRiskGovernor,8086,0.0198211993091474,0.0266420844854759,0.0272875897347901,0.0,0.0,0.0067872069126469,0.9099181073703366,0.2077187342068117,1.0,1.0,1.0,1.0
model20,I-ContinuousRiskGovernor,8087,0.0110214565972158,0.0153916178190207,0.0159175873971074,0.0,0.0,0.0,0.0,0.0213525787787303,1.0,1.0,1.0,1.0
model20,I-ContinuousRiskGovernor,8088,0.012170243347713,0.0174363084207502,0.0178859015592161,0.0,0.0,0.0048965983396122,0.6369426751592357,0.1541490008269088,1.0,1.0,1.0,1.0
model20,I-ContinuousRiskGovernor,8089,0.013213670196191,0.0163173555889215,0.0167473030809757,0.0,0.0,0.01734797071547,2.1838034576888083,0.2441725573306296,1.0,1.0,1.0,1.0
model20,I-ContinuousRiskGovernor,8090,0.0092402693144264,0.0115976052464225,0.0229739138946601,0.0,0.0,0.0,0.0,0.0435588683564583,1.0,1.0,1.0,1.0
model20,I-ContinuousRiskGovernor,8091,0.0194184666264255,0.0265427230516171,0.0275783982201924,0.0,0.0,0.0070029321178603,0.9099181073703366,0.2283161224618033,1.0,1.0,1.0,1.0
model20,I-ContinuousRiskGovernor,8092,0.0124846822858744,0.0165888313939039,0.0174482108585446,0.0,0.0,0.0038723896697443,0.5459508644222021,0.1650786521834863,1.0,1.0,1.0,1.0
model20,I-ContinuousRiskGovernor,8093,0.0102425577715183,0.0140553500787288,0.0150048493604082,0.0,0.0,0.0,0.0,0.0245640268689157,1.0,1.0,1.0,1.0
model20,I-ContinuousRiskGovernor,8094,0.0202462179411096,0.0288491477722968,0.0296079617697203,0.0,0.0,0.0402386602294298,5.004549590536852,0.294076465883006,1.0,1.0,1.0,1.0
model20,I-ContinuousRiskGovernor,8095,0.0137655190184173,0.0191778886754444,0.0198301109375075,0.0,0.0,0.0,0.0,0.047490930204737,1.0,1.0,1.0,1.0
model20,I-ContinuousRiskGovernor,8096,0.0223218434782314,0.0286757284878672,0.0292619810979321,0.0,0.0,0.7027958047605026,74.70427661510463,0.8408305915784372,1.0,1.0,1.0,1.0
model20,I-ContinuousRiskGovernor,8097,0.0172382779214177,0.0226594325518107,0.0233762531693058,0.0,0.0,0.0016599554972563,0.1819836214740673,0.1064901171055446,1.0,1.0,1.0,1.0
model20,I-ContinuousRiskGovernor,8098,0.0175971665048869,0.0248577631670381,0.0250707819014294,0.0,0.0,0.0088858074938919,1.0919017288444042,0.1876226910634748,1.0,1.0,1.0,1.0
model20,I-ContinuousRiskGovernor,8099,0.0123091088734116,0.0176951268226497,0.0183407542768373,0.0,0.0,0.0036923016818347,0.4549590536851683,0.1923524471525451,1.0,1.0,1.0,1.0
latency40,CurrentOnly-AE-CeNN-494,8000,0.0119264663783656,0.014940816353376,0.0157306876899395,0.0,0.0,0.0,0.0,0.0,1.0,1.0,1.0,1.0
latency40,CurrentOnly-AE-CeNN-494,8001,0.0117319827782641,0.0148681543000377,0.0151525213501325,0.0,0.0,0.0,0.0,0.0,1.0,1.0,1.0,1.0
latency40,CurrentOnly-AE-CeNN-494,8002,0.0114844145348399,0.0144566256637901,0.0148345902694154,0.0,0.0,0.0,0.0,0.0,1.0,1.0,1.0,1.0
latency40,CurrentOnly-AE-CeNN-494,8003,0.0113992641868248,0.0146766065269737,0.0151527446047262,0.0,0.0,0.0,0.0,0.0,1.0,1.0,1.0,1.0
latency40,CurrentOnly-AE-CeNN-494,8004,0.0119536768724116,0.0153754063563079,0.0167914626955978,0.0,0.0,0.0,0.0,0.0,1.0,1.0,1.0,1.0
latency40,CurrentOnly-AE-CeNN-494,8005,0.0112477105442985,0.0145722463356479,0.0148620086369584,0.0,0.0,0.0,0.0,0.0,1.0,1.0,1.0,1.0
latency40,CurrentOnly-AE-CeNN-494,8006,0.0117823725546062,0.0148564806550087,0.0151105479783844,0.0,0.0,0.0,0.0,0.0,1.0,1.0,1.0,1.0
latency40,CurrentOnly-AE-CeNN-494,8007,0.0121592520753778,0.0155631230371613,0.0166350195801578,0.0,0.0,0.0,0.0,0.0,1.0,1.0,1.0,1.0
latency40,CurrentOnly-AE-CeNN-494,8008,0.0119444086100716,0.0152156755891333,0.0157974764735805,0.0,0.0,0.0,0.0,0.0,1.0,1.0,1.0,1.0
latency40,CurrentOnly-AE-CeNN-494,8009,0.012216231554032,0.0164120873649754,0.016826383373824,0.0,0.0,0.0,0.0,0.0,1.0,1.0,1.0,1.0
latency40,CurrentOnly-AE-CeNN-494,8010,0.011591934836593,0.0152550345450071,0.0158963808295579,0.0,0.0,0.0,0.0,0.0,1.0,1.0,1.0,1.0
latency40,CurrentOnly-AE-CeNN-494,8011,0.0119147922603697,0.01505234692831,0.01624639438667,0.0,0.0,0.0,0.0,0.0,1.0,1.0,1.0,1.0
latency40,CurrentOnly-AE-CeNN-494,8012,0.0118508257798052,0.0149860747729575,0.0153754078577986,0.0,0.0,0.0,0.0,0.0,1.0,1.0,1.0,1.0
latency40,CurrentOnly-AE-CeNN-494,8013,0.0116895821666203,0.0150233764340235,0.0153140597811933,0.0,0.0,0.0,0.0,0.0,1.0,1.0,1.0,1.0
latency40,CurrentOnly-AE-CeNN-494,8014,0.0119075545750472,0.0154454050053288,0.0160617506749569,0.0,0.0,0.0,0.0,0.0,1.0,1.0,1.0,1.0
latency40,CurrentOnly-AE-CeNN-494,8015,0.0121340355453517,0.0149699187257202,0.01507928934155,0.0,0.0,0.0,0.0,0.0,1.0,1.0,1.0,1.0
latency40,CurrentOnly-AE-CeNN-494,8016,0.0120025586594579,0.0154929214056949,0.0163425810465049,0.0,0.0,0.0,0.0,0.0,1.0,1.0,1.0,1.0
latency40,CurrentOnly-AE-CeNN-494,8017,0.0114994344595352,0.014234304685493,0.0147834849857552,0.0,0.0,0.0,0.0,0.0,1.0,1.0,1.0,1.0
latency40,CurrentOnly-AE-CeNN-494,8018,0.0119200160706589,0.0154497144451355,0.0157803629890717,0.0,0.0,0.0,0.0,0.0,1.0,1.0,1.0,1.0
latency40,CurrentOnly-AE-CeNN-494,8019,0.012648523765116,0.0171999428199433,0.0176916094226181,0.0,0.0,0.0,0.0,0.0,1.0,1.0,1.0,1.0
latency40,CurrentOnly-AE-CeNN-494,8020,0.0124645613775118,0.0164277639576627,0.0169360849565021,0.0,0.0,0.0,0.0,0.0,1.0,1.0,1.0,1.0
latency40,CurrentOnly-AE-CeNN-494,8021,0.011776959232124,0.0149567830870248,0.0152859063424393,0.0,0.0,0.0,0.0,0.0,1.0,1.0,1.0,1.0
latency40,CurrentOnly-AE-CeNN-494,8022,0.0111652399939273,0.0146790217134971,0.014972860628341,0.0,0.0,0.0,0.0,0.0,1.0,1.0,1.0,1.0
latency40,CurrentOnly-AE-CeNN-494,8023,0.0114143042570254,0.0149129989775798,0.0151770700424695,0.0,0.0,0.0,0.0,0.0,1.0,1.0,1.0,1.0
latency40,CurrentOnly-AE-CeNN-494,8024,0.011918726442714,0.0156266907897615,0.0161789044489038,0.0,0.0,0.0,0.0,0.0,1.0,1.0,1.0,1.0
latency40,CurrentOnly-AE-CeNN-494,8025,0.0122885250903051,0.0155384703232611,0.0159844347627705,0.0,0.0,0.0,0.0,0.0,1.0,1.0,1.0,1.0
latency40,CurrentOnly-AE-CeNN-494,8026,0.0117887597678862,0.0148858737476911,0.0150663637869731,0.0,0.0,0.0,0.0,0.0,1.0,1.0,1.0,1.0
latency40,CurrentOnly-AE-CeNN-494,8027,0.0120238998554203,0.0152765702017598,0.0159789755830333,0.0,0.0,0.0,0.0,0.0,1.0,1.0,1.0,1.0
latency40,CurrentOnly-AE-CeNN-494,8028,0.0118126539624457,0.0156473889845015,0.0163056775572114,0.0,0.0,0.0,0.0,0.0,1.0,1.0,1.0,1.0
latency40,CurrentOnly-AE-CeNN-494,8029,0.0120207668616648,0.0153945321857375,0.0155192661099253,0.0,0.0,0.0,0.0,0.0,1.0,1.0,1.0,1.0
latency40,CurrentOnly-AE-CeNN-494,8030,0.0118746224710544,0.0147667463932648,0.0155871244662441,0.0,0.0,0.0,0.0,0.0,1.0,1.0,1.0,1.0
latency40,CurrentOnly-AE-CeNN-494,8031,0.0118133249923592,0.0151229413705181,0.0154717113070844,0.0,0.0,0.0,0.0,0.0,1.0,1.0,1.0,1.0
latency40,CurrentOnly-AE-CeNN-494,8032,0.0117640739894409,0.0152001915462306,0.0154141355598546,0.0,0.0,0.0,0.0,0.0,1.0,1.0,1.0,1.0
latency40,CurrentOnly-AE-CeNN-494,8033,0.0123172751131426,0.0163149988342002,0.0172443437724144,0.0,0.0,0.0,0.0,0.0,1.0,1.0,1.0,1.0
latency40,CurrentOnly-AE-CeNN-494,8034,0.0114794990222692,0.0148298181144926,0.0152260842040528,0.0,0.0,0.0,0.0,0.0,1.0,1.0,1.0,1.0
latency40,CurrentOnly-AE-CeNN-494,8035,0.0120214827475874,0.0147862613600456,0.0149405611262209,0.0,0.0,0.0,0.0,0.0,1.0,1.0,1.0,1.0
latency40,CurrentOnly-AE-CeNN-494,8036,0.0119476037288587,0.0156100069741367,0.0157164734788087,0.0,0.0,0.0,0.0,0.0,1.0,1.0,1.0,1.0
latency40,CurrentOnly-AE-CeNN-494,8037,0.0119824739828088,0.0162701568564486,0.0175789404744041,0.0,0.0,0.0,0.0,0.0,1.0,1.0,1.0,1.0
latency40,CurrentOnly-AE-CeNN-494,8038,0.0113913224120696,0.0149408442589298,0.0157817724483836,0.0,0.0,0.0,0.0,0.0,1.0,1.0,1.0,1.0
latency40,CurrentOnly-AE-CeNN-494,8039,0.0120373144720268,0.0153547857961318,0.0154918436252276,0.0,0.0,0.0,0.0,0.0,1.0,1.0,1.0,1.0
latency40,CurrentOnly-AE-CeNN-494,8040,0.0118273641631308,0.015119941955001,0.015664230958927,0.0,0.0,0.0,0.0,0.0,1.0,1.0,1.0,1.0
latency40,CurrentOnly-AE-CeNN-494,8041,0.0114515068369071,0.0151952852968808,0.0157480764574355,0.0,0.0,0.0,0.0,0.0,1.0,1.0,1.0,1.0
latency40,CurrentOnly-AE-CeNN-494,8042,0.0117435559156625,0.0149207684038964,0.0151250355101128,0.0,0.0,0.0,0.0,0.0,1.0,1.0,1.0,1.0
latency40,CurrentOnly-AE-CeNN-494,8043,0.0122457063484276,0.015523621992452,0.0159361768402618,0.0,0.0,0.0,0.0,0.0,1.0,1.0,1.0,1.0
latency40,CurrentOnly-AE-CeNN-494,8044,0.0120756515819262,0.015417357165856,0.0156101723147174,0.0,0.0,0.0,0.0,0.0,1.0,1.0,1.0,1.0
latency40,CurrentOnly-AE-CeNN-494,8045,0.0118668845887664,0.0156599767256432,0.0161715512386906,0.0,0.0,0.0,0.0,0.0,1.0,1.0,1.0,1.0
latency40,CurrentOnly-AE-CeNN-494,8046,0.0117431850318123,0.0149428906429191,0.015109471601316,0.0,0.0,0.0,0.0,0.0,1.0,1.0,1.0,1.0
latency40,CurrentOnly-AE-CeNN-494,8047,0.0121263235607886,0.0151798884212552,0.0153248312500202,0.0,0.0,0.0,0.0,0.0,1.0,1.0,1.0,1.0
latency40,CurrentOnly-AE-CeNN-494,8048,0.0112072671232825,0.0145616076769928,0.0151683889781992,0.0,0.0,0.0,0.0,0.0,1.0,1.0,1.0,1.0
latency40,CurrentOnly-AE-CeNN-494,8049,0.011987402049471,0.0146786258478002,0.0148806619602114,0.0,0.0,0.0,0.0,0.0,1.0,1.0,1.0,1.0
latency40,CurrentOnly-AE-CeNN-494,8050,0.0118549963417048,0.0151280525843635,0.0176183603422542,0.0,0.0,0.0,0.0,0.0,1.0,1.0,1.0,1.0
latency40,CurrentOnly-AE-CeNN-494,8051,0.0113178015954489,0.014551618883304,0.0149256961750586,0.0,0.0,0.0,0.0,0.0,1.0,1.0,1.0,1.0
latency40,CurrentOnly-AE-CeNN-494,8052,0.0120548796829463,0.0148237575786653,0.0155895557541759,0.0,0.0,0.0,0.0,0.0,1.0,1.0,1.0,1.0
latency40,CurrentOnly-AE-CeNN-494,8053,0.0118810839571615,0.0149080330851352,0.0152081539715692,0.0,0.0,0.0,0.0,0.0,1.0,1.0,1.0,1.0
latency40,CurrentOnly-AE-CeNN-494,8054,0.0122219969460578,0.0153367789264159,0.0164019688525704,0.0,0.0,0.0,0.0,0.0,1.0,1.0,1.0,1.0
latency40,CurrentOnly-AE-CeNN-494,8055,0.011756424101932,0.0151358321614225,0.0154538922589277,0.0,0.0,0.0,0.0,0.0,1.0,1.0,1.0,1.0
latency40,CurrentOnly-AE-CeNN-494,8056,0.0124092577784702,0.015983229231275,0.0162060904536184,0.0,0.0,0.0,0.0,0.0,1.0,1.0,1.0,1.0
latency40,CurrentOnly-AE-CeNN-494,8057,0.0115411056780742,0.0154214321405779,0.0159043940729701,0.0,0.0,0.0,0.0,0.0,1.0,1.0,1.0,1.0
latency40,CurrentOnly-AE-CeNN-494,8058,0.0119369304427917,0.0151758898928001,0.0162615213292475,0.0,0.0,0.0,0.0,0.0,1.0,1.0,1.0,1.0
latency40,CurrentOnly-AE-CeNN-494,8059,0.0114206926385302,0.0149718723475748,0.0176109529375342,0.0,0.0,0.0,0.0,0.0,1.0,1.0,1.0,1.0
latency40,CurrentOnly-AE-CeNN-494,8060,0.0119027357729802,0.0151806909224564,0.0160915074653173,0.0,0.0,0.0,0.0,0.0,1.0,1.0,1.0,1.0
latency40,CurrentOnly-AE-CeNN-494,8061,0.0117628393666033,0.0154069720992394,0.0156297395104766,0.0,0.0,0.0,0.0,0.0,1.0,1.0,1.0,1.0
latency40,CurrentOnly-AE-CeNN-494,8062,0.0118470859334472,0.0154257163049232,0.0155405888368158,0.0,0.0,0.0,0.0,0.0,1.0,1.0,1.0,1.0
latency40,CurrentOnly-AE-CeNN-494,8063,0.0116097738283417,0.0148435088153874,0.0153868810615628,0.0,0.0,0.0,0.0,0.0,1.0,1.0,1.0,1.0
latency40,CurrentOnly-AE-CeNN-494,8064,0.0120738251896036,0.0151457574866529,0.0162917415167008,0.0,0.0,0.0,0.0,0.0,1.0,1.0,1.0,1.0
latency40,CurrentOnly-AE-CeNN-494,8065,0.011738698739812,0.0147031616346924,0.0156178326773655,0.0,0.0,0.0,0.0,0.0,1.0,1.0,1.0,1.0
latency40,CurrentOnly-AE-CeNN-494,8066,0.0111046261927501,0.0145982382335907,0.0151225112172954,0.0,0.0,0.0,0.0,0.0,1.0,1.0,1.0,1.0
latency40,CurrentOnly-AE-CeNN-494,8067,0.0116341899206514,0.0148684736048785,0.0151585383974206,0.0,0.0,0.0,0.0,0.0,1.0,1.0,1.0,1.0
latency40,CurrentOnly-AE-CeNN-494,8068,0.0114791948884285,0.0145319741507727,0.0148952337596631,0.0,0.0,0.0,0.0,0.0,1.0,1.0,1.0,1.0
latency40,CurrentOnly-AE-CeNN-494,8069,0.0120809506036347,0.0153235228208542,0.0157607224187962,0.0,0.0,0.0,0.0,0.0,1.0,1.0,1.0,1.0
latency40,CurrentOnly-AE-CeNN-494,8070,0.0122163729356627,0.015478174458821,0.0161287348030838,0.0,0.0,0.0,0.0,0.0,1.0,1.0,1.0,1.0
latency40,CurrentOnly-AE-CeNN-494,8071,0.0116984161869981,0.0147870374440395,0.0153714440492747,0.0,0.0,0.0,0.0,0.0,1.0,1.0,1.0,1.0
latency40,CurrentOnly-AE-CeNN-494,8072,0.0113868072814829,0.01507726697204,0.0153878135011425,0.0,0.0,0.0,0.0,0.0,1.0,1.0,1.0,1.0
latency40,CurrentOnly-AE-CeNN-494,8073,0.0114603970417429,0.0152325844528632,0.0160559866586382,0.0,0.0,0.0,0.0,0.0,1.0,1.0,1.0,1.0
latency40,CurrentOnly-AE-CeNN-494,8074,0.0118690393926313,0.0153864809424431,0.016576555640997,0.0,0.0,0.0,0.0,0.0,1.0,1.0,1.0,1.0
latency40,CurrentOnly-AE-CeNN-494,8075,0.0114269766853857,0.0146440073216974,0.0149152149553736,0.0,0.0,0.0,0.0,0.0,1.0,1.0,1.0,1.0
latency40,CurrentOnly-AE-CeNN-494,8076,0.0117178959185465,0.015280346705561,0.0154954367606454,0.0,0.0,0.0,0.0,0.0,1.0,1.0,1.0,1.0
latency40,CurrentOnly-AE-CeNN-494,8077,0.0114925007269572,0.0147288059337773,0.0152860281881925,0.0,0.0,0.0,0.0,0.0,1.0,1.0,1.0,1.0
latency40,CurrentOnly-AE-CeNN-494,8078,0.0115904593399726,0.0153777079770418,0.0156784326653119,0.0,0.0,0.0,0.0,0.0,1.0,1.0,1.0,1.0
latency40,CurrentOnly-AE-CeNN-494,8079,0.0116396753092478,0.0148917031643034,0.0150741167058451,0.0,0.0,0.0,0.0,0.0,1.0,1.0,1.0,1.0
latency40,CurrentOnly-AE-CeNN-494,8080,0.0119718694862554,0.01509554526241,0.0157066107917045,0.0,0.0,0.0,0.0,0.0,1.0,1.0,1.0,1.0
latency40,CurrentOnly-AE-CeNN-494,8081,0.0119939818577159,0.0161371156506775,0.0166446865036771,0.0,0.0,0.0,0.0,0.0,1.0,1.0,1.0,1.0
latency40,CurrentOnly-AE-CeNN-494,8082,0.0121189070332224,0.0157503588911731,0.0162452795464179,0.0,0.0,0.0,0.0,0.0,1.0,1.0,1.0,1.0
latency40,CurrentOnly-AE-CeNN-494,8083,0.0120224158081157,0.0151562681841646,0.0153982675385872,0.0,0.0,0.0,0.0,0.0,1.0,1.0,1.0,1.0
latency40,CurrentOnly-AE-CeNN-494,8084,0.0124580968621784,0.0160189139593242,0.0172786867088874,0.0,0.0,0.0,0.0,0.0,1.0,1.0,1.0,1.0
latency40,CurrentOnly-AE-CeNN-494,8085,0.0116619254278868,0.0144890697714768,0.0147603316952843,0.0,0.0,0.0,0.0,0.0,1.0,1.0,1.0,1.0
latency40,CurrentOnly-AE-CeNN-494,8086,0.0117768151399266,0.0149979230053809,0.015292152901806,0.0,0.0,0.0,0.0,0.0,1.0,1.0,1.0,1.0
latency40,CurrentOnly-AE-CeNN-494,8087,0.0123288608025561,0.0169646770652156,0.0176360222410974,0.0,0.0,0.0,0.0,0.0,1.0,1.0,1.0,1.0
latency40,CurrentOnly-AE-CeNN-494,8088,0.0115719657757584,0.0155445221362404,0.0165448153822434,0.0,0.0,0.0,0.0,0.0,1.0,1.0,1.0,1.0
latency40,CurrentOnly-AE-CeNN-494,8089,0.0115916699795472,0.0147961028431184,0.0148781191849332,0.0,0.0,0.0,0.0,0.0,1.0,1.0,1.0,1.0
latency40,CurrentOnly-AE-CeNN-494,8090,0.0116634972312701,0.0150340911782991,0.0154297796047973,0.0,0.0,0.0,0.0,0.0,1.0,1.0,1.0,1.0
latency40,CurrentOnly-AE-CeNN-494,8091,0.0119314435946732,0.0155218677231827,0.0157802470123527,0.0,0.0,0.0,0.0,0.0,1.0,1.0,1.0,1.0
latency40,CurrentOnly-AE-CeNN-494,8092,0.0113401345135874,0.014589413117006,0.0159267142361978,0.0,0.0,0.0,0.0,0.0,1.0,1.0,1.0,1.0
latency40,CurrentOnly-AE-CeNN-494,8093,0.0121069682006885,0.0156232261735797,0.0170392686906233,0.0,0.0,0.0,0.0,0.0,1.0,1.0,1.0,1.0
latency40,CurrentOnly-AE-CeNN-494,8094,0.0120841222144804,0.0159805415916126,0.0162495796682968,0.0,0.0,0.0,0.0,0.0,1.0,1.0,1.0,1.0
latency40,CurrentOnly-AE-CeNN-494,8095,0.0118946542611597,0.0155414749192985,0.0163605226201055,0.0,0.0,0.0,0.0,0.0,1.0,1.0,1.0,1.0
latency40,CurrentOnly-AE-CeNN-494,8096,0.0112119880323926,0.0151945795325283,0.0155911147653625,0.0,0.0,0.0,0.0,0.0,1.0,1.0,1.0,1.0
latency40,CurrentOnly-AE-CeNN-494,8097,0.0120449351042994,0.0150500812746147,0.0156197556182855,0.0,0.0,0.0,0.0,0.0,1.0,1.0,1.0,1.0
latency40,CurrentOnly-AE-CeNN-494,8098,0.0120582929682126,0.0152276164175037,0.0154602087408078,0.0,0.0,0.0,0.0,0.0,1.0,1.0,1.0,1.0
latency40,CurrentOnly-AE-CeNN-494,8099,0.0123855394290204,0.0166828240480085,0.0179035850537725,0.0,0.0,0.0,0.0,0.0,1.0,1.0,1.0,1.0
latency40,G-DetectorGate-noRTA,8000,0.011925748534724,0.0149396685742329,0.0157295342665383,0.0,0.0,1.0,100.0,0.0189015443040019,1.0,1.0,1.0,1.0
latency40,G-DetectorGate-noRTA,8001,0.0117276898049123,0.0148707220342729,0.0151371680690453,0.0,0.0,1.0,100.0,0.0210501530087389,1.0,1.0,1.0,1.0
latency40,G-DetectorGate-noRTA,8002,0.0114856977133526,0.0144497392212687,0.0148306973959848,0.0,0.0,1.0,100.0,0.0282172558722978,1.0,1.0,1.0,1.0
latency40,G-DetectorGate-noRTA,8003,0.0114022116173879,0.014675222193636,0.0151585015112773,0.0,0.0,1.0,100.0,0.0220214107529529,1.0,1.0,1.0,1.0
latency40,G-DetectorGate-noRTA,8004,0.0119498410586948,0.015372384742996,0.0167830339828252,0.0,0.0,1.0,100.0,0.0193857165226888,1.0,1.0,1.0,1.0
latency40,G-DetectorGate-noRTA,8005,0.0112459137936715,0.0145690707378887,0.0148646923225933,0.0,0.0,1.0,100.0,0.0295082635126794,1.0,1.0,1.0,1.0
latency40,G-DetectorGate-noRTA,8006,0.011798749380306,0.0148818841206209,0.0151320375583661,0.0,0.0,1.0,100.0,0.0264081861381733,1.0,1.0,1.0,1.0
latency40,G-DetectorGate-noRTA,8007,0.0121560343554077,0.0155472637658912,0.0166191132547846,0.0,0.0,1.0,100.0,0.0139472888794992,1.0,1.0,1.0,1.0
latency40,G-DetectorGate-noRTA,8008,0.0119458394076358,0.015222302111554,0.0158015064045309,0.0,0.0,1.0,100.0,0.0230356181380175,1.0,1.0,1.0,1.0
latency40,G-DetectorGate-noRTA,8009,0.0122227461965665,0.0164283888302688,0.0168441341980635,0.0,0.0,1.0,100.0,0.0214084312634273,1.0,1.0,1.0,1.0
latency40,G-DetectorGate-noRTA,8010,0.011594196004666,0.0152592380092426,0.0158972472752475,0.0,0.0,1.0,100.0,0.0217640216831441,1.0,1.0,1.0,1.0
latency40,G-DetectorGate-noRTA,8011,0.0119135754839504,0.0150577057406689,0.0161548702181638,0.0,0.0,1.0,100.0,0.025611260679071,1.0,1.0,1.0,1.0
latency40,G-DetectorGate-noRTA,8012,0.011849915372475,0.0149831724796891,0.0153673352167903,0.0,0.0,1.0,100.0,0.0180009619924545,1.0,1.0,1.0,1.0
latency40,G-DetectorGate-noRTA,8013,0.0117012500434248,0.0150230570940879,0.0153127595824471,0.0,0.0,1.0,100.0,0.0267779920570248,1.0,1.0,1.0,1.0
latency40,G-DetectorGate-noRTA,8014,0.011903746970818,0.0154335844005732,0.0160393869984136,0.0,0.0,1.0,100.0,0.0225382348333108,1.0,1.0,1.0,1.0
latency40,G-DetectorGate-noRTA,8015,0.0121293586458625,0.0149712163255997,0.0150778604339742,0.0,0.0,1.0,100.0,0.026801050702207,1.0,1.0,1.0,1.0
latency40,G-DetectorGate-noRTA,8016,0.0120067258302308,0.0154901432689518,0.0163420821793778,0.0,0.0,1.0,100.0,0.0180600989639519,1.0,1.0,1.0,1.0
latency40,G-DetectorGate-noRTA,8017,0.011494017338795,0.0142295892787987,0.0147797246580014,0.0,0.0,1.0,100.0,0.0197098000106248,1.0,1.0,1.0,1.0
latency40,G-DetectorGate-noRTA,8018,0.0119131140374245,0.0154351185883972,0.0157731376543491,0.0,0.0,1.0,100.0,0.029106049770936,1.0,1.0,1.0,1.0
latency40,G-DetectorGate-noRTA,8019,0.012645564065962,0.0171983624333411,0.0177003794069737,0.0,0.0,1.0,100.0,0.0237686630628378,1.0,1.0,1.0,1.0
latency40,G-DetectorGate-noRTA,8020,0.0124681465700671,0.0164328461246657,0.0169434769778213,0.0,0.0,1.0,100.0,0.0226803360934657,1.0,1.0,1.0,1.0
latency40,G-DetectorGate-noRTA,8021,0.0117763936335636,0.0149534917173212,0.0152801123857118,0.0,0.0,1.0,100.0,0.0309021375861524,1.0,1.0,1.0,1.0
latency40,G-DetectorGate-noRTA,8022,0.0111677170566999,0.0146771508784668,0.0149724440280191,0.0,0.0,1.0,100.0,0.0241599038223134,1.0,1.0,1.0,1.0
latency40,G-DetectorGate-noRTA,8023,0.0114118332315934,0.0149160019249613,0.0151800839417815,0.0,0.0,1.0,100.0,0.0228844524934929,1.0,1.0,1.0,1.0
latency40,G-DetectorGate-noRTA,8024,0.0119210873102263,0.0156396831057358,0.0161845664740838,0.0,0.0,1.0,100.0,0.0304087693196885,1.0,1.0,1.0,1.0
latency40,G-DetectorGate-noRTA,8025,0.0122785952865374,0.0155398135397951,0.015974815537655,0.0,0.0,1.0,100.0,0.0277921151564168,1.0,1.0,1.0,1.0
latency40,G-DetectorGate-noRTA,8026,0.0117816670770339,0.0148815005107212,0.0150623113557167,0.0,0.0,1.0,100.0,0.0264445304687438,1.0,1.0,1.0,1.0
latency40,G-DetectorGate-noRTA,8027,0.0120365154861029,0.0152865279374217,0.0159743305303628,0.0,0.0,1.0,100.0,0.0319462610798185,1.0,1.0,1.0,1.0
latency40,G-DetectorGate-noRTA,8028,0.0118153386272636,0.0156573758864359,0.0163228952423115,0.0,0.0,1.0,100.0,0.0238262478704704,1.0,1.0,1.0,1.0
latency40,G-DetectorGate-noRTA,8029,0.0120185800771299,0.0153895927316886,0.0155116026296765,0.0,0.0,1.0,100.0,0.0257907428251668,1.0,1.0,1.0,1.0
latency40,G-DetectorGate-noRTA,8030,0.0118786826392144,0.0147799979794531,0.0156049811559404,0.0,0.0,1.0,100.0,0.019181184936278,1.0,1.0,1.0,1.0
latency40,G-DetectorGate-noRTA,8031,0.0118095996152349,0.015118737788819,0.0154545377121288,0.0,0.0,1.0,100.0,0.0171048302409938,1.0,1.0,1.0,1.0
latency40,G-DetectorGate-noRTA,8032,0.0117584463483421,0.015204666304929,0.0154197348224511,0.0,0.0,1.0,100.0,0.0210375879977062,1.0,1.0,1.0,1.0
latency40,G-DetectorGate-noRTA,8033,0.012325814277725,0.016321134248307,0.0172663985621576,0.0,0.0,1.0,100.0,0.0406245530468581,1.0,1.0,1.0,1.0
latency40,G-DetectorGate-noRTA,8034,0.0114810640682205,0.0148312455899928,0.0152212122384859,0.0,0.0,1.0,100.0,0.0217822463371366,1.0,1.0,1.0,1.0
latency40,G-DetectorGate-noRTA,8035,0.012018210593731,0.0147742851951731,0.0149287861870327,0.0,0.0,1.0,100.0,0.0177923870571641,1.0,1.0,1.0,1.0
latency40,G-DetectorGate-noRTA,8036,0.0119369854366267,0.0156048643778645,0.0157121055041744,0.0,0.0,1.0,100.0,0.0290089427737599,1.0,1.0,1.0,1.0
latency40,G-DetectorGate-noRTA,8037,0.0119802737132828,0.0162800503564421,0.0175559724938544,0.0,0.0,1.0,100.0,0.0217766709200864,1.0,1.0,1.0,1.0
latency40,G-DetectorGate-noRTA,8038,0.0113899791284293,0.0149390169861836,0.0157834007355834,0.0,0.0,1.0,100.0,0.0205375646253003,1.0,1.0,1.0,1.0
latency40,G-DetectorGate-noRTA,8039,0.0120289853309859,0.0153398257194435,0.0154880044864566,0.0,0.0,1.0,100.0,0.0317325308491857,1.0,1.0,1.0,1.0
latency40,G-DetectorGate-noRTA,8040,0.0118283560010747,0.015133414835686,0.0156668471756985,0.0,0.0,1.0,100.0,0.0203868762038573,1.0,1.0,1.0,1.0
latency40,G-DetectorGate-noRTA,8041,0.0114464636937514,0.0151911657728246,0.015745512471387,0.0,0.0,1.0,100.0,0.016813791433717,1.0,1.0,1.0,1.0
latency40,G-DetectorGate-noRTA,8042,0.0117423274534787,0.0149229350674171,0.0151272192971429,0.0,0.0,1.0,100.0,0.0190869321807435,1.0,1.0,1.0,1.0
latency40,G-DetectorGate-noRTA,8043,0.0122430696435053,0.0155220861286282,0.0159382711086586,0.0,0.0,1.0,100.0,0.0276549723484299,1.0,1.0,1.0,1.0
latency40,G-DetectorGate-noRTA,8044,0.0120757358972537,0.0154118295600006,0.0155994615727481,0.0,0.0,1.0,100.0,0.0200433418865295,1.0,1.0,1.0,1.0
latency40,G-DetectorGate-noRTA,8045,0.0118726054395163,0.0156642161772439,0.016171827831981,0.0,0.0,1.0,100.0,0.0248620194675907,1.0,1.0,1.0,1.0
latency40,G-DetectorGate-noRTA,8046,0.0117425033325218,0.0149455600028018,0.0151038464669739,0.0,0.0,1.0,100.0,0.0195250935625255,1.0,1.0,1.0,1.0
latency40,G-DetectorGate-noRTA,8047,0.012124256363576,0.0151718518908447,0.015310976061038,0.0,0.0,1.0,100.0,0.0256756781926422,1.0,1.0,1.0,1.0
latency40,G-DetectorGate-noRTA,8048,0.0112054355997112,0.0145604226397312,0.0151719030558846,0.0,0.0,1.0,100.0,0.0232055353353497,1.0,1.0,1.0,1.0
latency40,G-DetectorGate-noRTA,8049,0.0119814035495306,0.0146765499361792,0.0148824468421358,0.0,0.0,1.0,100.0,0.0217266237674987,1.0,1.0,1.0,1.0
latency40,G-DetectorGate-noRTA,8050,0.0118647059611069,0.015126082268867,0.0177483560686,0.0,0.0,1.0,100.0,0.0305073276444149,1.0,1.0,1.0,1.0
latency40,G-DetectorGate-noRTA,8051,0.0113061478877438,0.0145502376757059,0.0149274461031663,0.0,0.0,1.0,100.0,0.0224277912439454,1.0,1.0,1.0,1.0
latency40,G-DetectorGate-noRTA,8052,0.0120465602091837,0.0148163677600213,0.0155752628735833,0.0,0.0,1.0,100.0,0.0266131235313076,1.0,1.0,1.0,1.0
latency40,G-DetectorGate-noRTA,8053,0.0118818017679984,0.0149055645669092,0.0152114178997626,0.0,0.0,1.0,100.0,0.0247634436291027,1.0,1.0,1.0,1.0
latency40,G-DetectorGate-noRTA,8054,0.0122199871880747,0.015331415032059,0.0163461199312145,0.0,0.0,1.0,100.0,0.0154230188521995,1.0,1.0,1.0,1.0
latency40,G-DetectorGate-noRTA,8055,0.0117547261544243,0.0151494058936266,0.0154551528313625,0.0,0.0,1.0,100.0,0.0241761721817579,1.0,1.0,1.0,1.0
latency40,G-DetectorGate-noRTA,8056,0.012409692484443,0.0159777570125155,0.0162049943157457,0.0,0.0,1.0,100.0,0.0240980213876894,1.0,1.0,1.0,1.0
latency40,G-DetectorGate-noRTA,8057,0.0115429224744598,0.0154176958382104,0.0159041675407736,0.0,0.0,1.0,100.0,0.0211438408515376,1.0,1.0,1.0,1.0
latency40,G-DetectorGate-noRTA,8058,0.0119322329494347,0.0151734927715057,0.0162341118662185,0.0,0.0,1.0,100.0,0.024876666282728,1.0,1.0,1.0,1.0
latency40,G-DetectorGate-noRTA,8059,0.0114280696268407,0.0149756847248151,0.0176996800004424,0.0,0.0,1.0,100.0,0.0282861164463954,1.0,1.0,1.0,1.0
latency40,G-DetectorGate-noRTA,8060,0.011897507648251,0.015175822242037,0.0160929277293923,0.0,0.0,1.0,100.0,0.021689442680169,1.0,1.0,1.0,1.0
latency40,G-DetectorGate-noRTA,8061,0.0117573234262714,0.0154122535389544,0.0156192159548407,0.0,0.0,1.0,100.0,0.0277956045742392,1.0,1.0,1.0,1.0
latency40,G-DetectorGate-noRTA,8062,0.0118542707606362,0.0154418823350354,0.0155792768491341,0.0,0.0,1.0,100.0,0.0215870642698815,1.0,1.0,1.0,1.0
latency40,G-DetectorGate-noRTA,8063,0.0116051708909061,0.0148470821318918,0.0153860329972175,0.0,0.0,1.0,100.0,0.019298843965558,1.0,1.0,1.0,1.0
latency40,G-DetectorGate-noRTA,8064,0.0120662125316569,0.0151332070575256,0.0162603783739032,0.0,0.0,1.0,100.0,0.0221451561435966,1.0,1.0,1.0,1.0
latency40,G-DetectorGate-noRTA,8065,0.0117378358739378,0.0146999986928441,0.0155717607664434,0.0,0.0,1.0,100.0,0.0188130747535429,1.0,1.0,1.0,1.0
latency40,G-DetectorGate-noRTA,8066,0.0111013752270857,0.0145966142127039,0.0151168444916595,0.0,0.0,1.0,100.0,0.0252825816606814,1.0,1.0,1.0,1.0
latency40,G-DetectorGate-noRTA,8067,0.0116293588687985,0.0148629604854488,0.0151544697840884,0.0,0.0,1.0,100.0,0.0203786837141204,1.0,1.0,1.0,1.0
latency40,G-DetectorGate-noRTA,8068,0.0114763165786724,0.014526951178242,0.0148889837961078,0.0,0.0,1.0,100.0,0.0210565059612072,1.0,1.0,1.0,1.0
latency40,G-DetectorGate-noRTA,8069,0.012081191644667,0.0153299515200216,0.0157523045396609,0.0,0.0,1.0,100.0,0.0212055243320896,1.0,1.0,1.0,1.0
latency40,G-DetectorGate-noRTA,8070,0.0122137038710933,0.0154790867396968,0.0161308394944844,0.0,0.0,1.0,100.0,0.0224137604832759,1.0,1.0,1.0,1.0
latency40,G-DetectorGate-noRTA,8071,0.0117014806983173,0.0147957531307885,0.0153734181110144,0.0,0.0,1.0,100.0,0.0246234180653934,1.0,1.0,1.0,1.0
latency40,G-DetectorGate-noRTA,8072,0.0113862003478477,0.0150757956019868,0.0153883652831497,0.0,0.0,1.0,100.0,0.0230148923732495,1.0,1.0,1.0,1.0
latency40,G-DetectorGate-noRTA,8073,0.0114573799941939,0.0152324277653998,0.0160523789982208,0.0,0.0,1.0,100.0,0.0226740665977571,1.0,1.0,1.0,1.0
latency40,G-DetectorGate-noRTA,8074,0.0118702116568867,0.0153836031252698,0.0166015384745651,0.0,0.0,1.0,100.0,0.0193448770605716,1.0,1.0,1.0,1.0
latency40,G-DetectorGate-noRTA,8075,0.0114283642727296,0.0146512805111118,0.0149213072665492,0.0,0.0,1.0,100.0,0.0178028373273203,1.0,1.0,1.0,1.0
latency40,G-DetectorGate-noRTA,8076,0.0117131013440051,0.015287337954599,0.0154952309432185,0.0,0.0,1.0,100.0,0.0405275923644508,1.0,1.0,1.0,1.0
latency40,G-DetectorGate-noRTA,8077,0.0114908027424836,0.0147175973524306,0.0152847202998917,0.0,0.0,1.0,100.0,0.0226614734427178,1.0,1.0,1.0,1.0
latency40,G-DetectorGate-noRTA,8078,0.0115859937095035,0.0153800937540374,0.0156715433676814,0.0,0.0,1.0,100.0,0.0216219795042418,1.0,1.0,1.0,1.0
latency40,G-DetectorGate-noRTA,8079,0.0116343966890928,0.0148761815019998,0.0150501602464497,0.0,0.0,1.0,100.0,0.0212665257458271,1.0,1.0,1.0,1.0
latency40,G-DetectorGate-noRTA,8080,0.0119695327157609,0.0151005462540748,0.0157077665675234,0.0,0.0,1.0,100.0,0.0277323917232163,1.0,1.0,1.0,1.0
latency40,G-DetectorGate-noRTA,8081,0.0119879690234247,0.0161286704962859,0.016639776029951,0.0,0.0,1.0,100.0,0.0215237339441461,1.0,1.0,1.0,1.0
latency40,G-DetectorGate-noRTA,8082,0.0121211353384358,0.0157773141872112,0.0162558633597139,0.0,0.0,1.0,100.0,0.0279504562991627,1.0,1.0,1.0,1.0
latency40,G-DetectorGate-noRTA,8083,0.0120230696785939,0.0151524795637215,0.0153863799576111,0.0,0.0,1.0,100.0,0.0203104581569015,1.0,1.0,1.0,1.0
latency40,G-DetectorGate-noRTA,8084,0.0124590548388676,0.0160370140116125,0.0172798429463516,0.0,0.0,1.0,100.0,0.0258453322244264,1.0,1.0,1.0,1.0
latency40,G-DetectorGate-noRTA,8085,0.0116590036253495,0.0144825353326136,0.0147648295383645,0.0,0.0,1.0,100.0,0.0160350106193776,1.0,1.0,1.0,1.0
latency40,G-DetectorGate-noRTA,8086,0.0117741246533723,0.0149998387059187,0.0152978820285441,0.0,0.0,1.0,100.0,0.0235834140077818,1.0,1.0,1.0,1.0
latency40,G-DetectorGate-noRTA,8087,0.0123257810223282,0.0169735580616545,0.0176385766779843,0.0,0.0,1.0,100.0,0.0277408843820276,1.0,1.0,1.0,1.0
latency40,G-DetectorGate-noRTA,8088,0.0115667866974028,0.0155470507773925,0.0165419056532381,0.0,0.0,1.0,100.0,0.0179632303710322,1.0,1.0,1.0,1.0
latency40,G-DetectorGate-noRTA,8089,0.0115969322806782,0.0147956120339551,0.0148747405652084,0.0,0.0,1.0,100.0,0.0216137225976643,1.0,1.0,1.0,1.0
latency40,G-DetectorGate-noRTA,8090,0.0116713354466859,0.0150551599040442,0.0154287903490772,0.0,0.0,1.0,100.0,0.0164434948751839,1.0,1.0,1.0,1.0
latency40,G-DetectorGate-noRTA,8091,0.0119365130501973,0.0155234612256583,0.0157783611256106,0.0,0.0,1.0,100.0,0.0225033525744757,1.0,1.0,1.0,1.0
latency40,G-DetectorGate-noRTA,8092,0.0113376546588638,0.0145843182212872,0.015927464250661,0.0,0.0,1.0,100.0,0.0176100552277748,1.0,1.0,1.0,1.0
latency40,G-DetectorGate-noRTA,8093,0.0121078462144718,0.0156227780640415,0.0170395992262011,0.0,0.0,1.0,100.0,0.0242773692313527,1.0,1.0,1.0,1.0
latency40,G-DetectorGate-noRTA,8094,0.0120838655061061,0.0159767818805568,0.0162396012971287,0.0,0.0,1.0,100.0,0.0198225443653464,1.0,1.0,1.0,1.0
latency40,G-DetectorGate-noRTA,8095,0.0118854846122689,0.0155369839960092,0.0163493465483687,0.0,0.0,1.0,100.0,0.0258595863305176,1.0,1.0,1.0,1.0
latency40,G-DetectorGate-noRTA,8096,0.0112088200998686,0.0152002102692016,0.0155952565841534,0.0,0.0,1.0,100.0,0.0309513187783821,1.0,1.0,1.0,1.0
latency40,G-DetectorGate-noRTA,8097,0.0120473962578061,0.0150509207511734,0.0156178744028519,0.0,0.0,1.0,100.0,0.0281243652598723,1.0,1.0,1.0,1.0
latency40,G-DetectorGate-noRTA,8098,0.0120504098530082,0.0152206612939017,0.0154677748935098,0.0,0.0,1.0,100.0,0.0219516223484606,1.0,1.0,1.0,1.0
latency40,G-DetectorGate-noRTA,8099,0.012377357496873,0.0166721362152402,0.0178814544165363,0.0,0.0,1.0,100.0,0.0246638190373156,1.0,1.0,1.0,1.0
latency40,H-RTA-SupervisedGate,8000,0.0119256692950953,0.0149397476473632,0.0157299486697029,0.0,0.0,0.0,0.0,,,,,
latency40,H-RTA-SupervisedGate,8001,0.0117325291424738,0.0148767402186328,0.0151525101713388,0.0,0.0,0.0,0.0,,,,,
latency40,H-RTA-SupervisedGate,8002,0.0114826206862843,0.0144563204463948,0.0148341289067918,0.0,0.0,0.0,0.0,,,,,
latency40,H-RTA-SupervisedGate,8003,0.0113990771593151,0.0146763212080547,0.0151522175741075,0.0,0.0,0.0,0.0,,,,,
latency40,H-RTA-SupervisedGate,8004,0.0119538460063288,0.015376326755978,0.016791462728636,0.0,0.0,0.0,0.0,,,,,
latency40,H-RTA-SupervisedGate,8005,0.0112467222630271,0.0145713467680435,0.0148619212396755,0.0,0.0,0.0018198362147406,0.1819836214740673,,,,,
latency40,H-RTA-SupervisedGate,8006,0.0117904391835832,0.0148564805854019,0.0151105479390261,0.0,0.0,0.0,0.0,,,,,
latency40,H-RTA-SupervisedGate,8007,0.0121570232982953,0.0155631230483192,0.0166350195923072,0.0,0.0,0.0,0.0,,,,,
latency40,H-RTA-SupervisedGate,8008,0.0119450644079898,0.0152147216827281,0.0157966613567735,0.0,0.0,0.0,0.0,,,,,
latency40,H-RTA-SupervisedGate,8009,0.0122170317882834,0.0164120873550353,0.0168263833506534,0.0,0.0,0.0,0.0,,,,,
latency40,H-RTA-SupervisedGate,8010,0.0115920531359799,0.0152550345177469,0.0158963808123734,0.0,0.0,0.0,0.0,,,,,
latency40,H-RTA-SupervisedGate,8011,0.0119120611904165,0.0150523469059755,0.0161633064144614,0.0,0.0,0.0,0.0,,,,,
latency40,H-RTA-SupervisedGate,8012,0.0118506848499027,0.0149860607331481,0.0153754078434978,0.0,0.0,0.0,0.0,,,,,
latency40,H-RTA-SupervisedGate,8013,0.0116885725815345,0.0150233259661896,0.015314004481626,0.0,0.0,0.0,0.0,,,,,
latency40,H-RTA-SupervisedGate,8014,0.0119082493106988,0.0154450569441126,0.0160617506712594,0.0,0.0,0.0,0.0,,,,,
latency40,H-RTA-SupervisedGate,8015,0.0121343266992863,0.01496991875523,0.0150792985739492,0.0,0.0,0.0,0.0,,,,,
latency40,H-RTA-SupervisedGate,8016,0.0120022215796343,0.0154929214057858,0.0163425810474538,0.0,0.0,0.0,0.0,,,,,
latency40,H-RTA-SupervisedGate,8017,0.011496963743486,0.0142341670980201,0.0147829804534198,0.0,0.0,0.0,0.0,,,,,
latency40,H-RTA-SupervisedGate,8018,0.011920840865785,0.0154497294458447,0.0157803567101315,0.0,0.0,0.0,0.0,,,,,
latency40,H-RTA-SupervisedGate,8019,0.0126439447080195,0.0171999429060895,0.0176916095003808,0.0,0.0,0.0,0.0,,,,,
latency40,H-RTA-SupervisedGate,8020,0.012464692522936,0.0164277639492624,0.0169360812845782,0.0,0.0,0.0,0.0,,,,,
latency40,H-RTA-SupervisedGate,8021,0.0117758376969074,0.0149564723640836,0.0152854187263224,0.0,0.0,0.0,0.0,,,,,
latency40,H-RTA-SupervisedGate,8022,0.0111652399939273,0.0146790217134971,0.014972860628341,0.0,0.0,0.0,0.0,,,,,
latency40,H-RTA-SupervisedGate,8023,0.01141391783744,0.0149118714373874,0.0151762411988227,0.0,0.0,0.0,0.0,,,,,
latency40,H-RTA-SupervisedGate,8024,0.0119191847512417,0.0156277799598708,0.0161789652577127,0.0,0.0,0.0009099181073703,0.0909918107370336,,,,,
latency40,H-RTA-SupervisedGate,8025,0.0122873937638949,0.0155384703306116,0.015984163392671,0.0,0.0,0.0,0.0,,,,,
latency40,H-RTA-SupervisedGate,8026,0.0117856591715656,0.0148858367872336,0.0150658671286755,0.0,0.0,0.0,0.0,,,,,
latency40,H-RTA-SupervisedGate,8027,0.0120268814946045,0.0152769030277277,0.0159781563312194,0.0,0.0,0.0,0.0,,,,,
latency40,H-RTA-SupervisedGate,8028,0.0118120564289761,0.015647389022661,0.0163056838357608,0.0,0.0,0.0,0.0,,,,,
latency40,H-RTA-SupervisedGate,8029,0.0120217699701947,0.015393905083852,0.0155192661529514,0.0,0.0,0.0,0.0,,,,,
latency40,H-RTA-SupervisedGate,8030,0.0118778339911897,0.0147667463561567,0.0155871244416306,0.0,0.0,0.0,0.0,,,,,
latency40,H-RTA-SupervisedGate,8031,0.0118133396330963,0.0151228215253468,0.0154716093193631,0.0,0.0,0.0,0.0,,,,,
latency40,H-RTA-SupervisedGate,8032,0.0117628934236769,0.0152001915572051,0.0154141355723635,0.0,0.0,0.0,0.0,,,,,
latency40,H-RTA-SupervisedGate,8033,0.0123240169064481,0.016315010559595,0.0172443708382911,0.0,0.0,0.0045495905368516,0.4549590536851683,,,,,
latency40,H-RTA-SupervisedGate,8034,0.0114795008971549,0.0148295354885417,0.015226083225525,0.0,0.0,0.0,0.0,,,,,
latency40,H-RTA-SupervisedGate,8035,0.0120214827475874,0.0147862613600456,0.0149405611262209,0.0,0.0,0.0,0.0,,,,,
latency40,H-RTA-SupervisedGate,8036,0.0119446491967945,0.0156097862531109,0.0157164383578623,0.0,0.0,0.0,0.0,,,,,
latency40,H-RTA-SupervisedGate,8037,0.0119824739828088,0.0162701568564486,0.0175789404744041,0.0,0.0,0.0,0.0,,,,,
latency40,H-RTA-SupervisedGate,8038,0.0113904743829998,0.0149406626295488,0.0157813710723214,0.0,0.0,0.0,0.0,,,,,
latency40,H-RTA-SupervisedGate,8039,0.0120382408722498,0.0153542881728871,0.0154913266841189,0.0,0.0,0.0,0.0,,,,,
latency40,H-RTA-SupervisedGate,8040,0.0118260158924398,0.015119593774556,0.0156642309505063,0.0,0.0,0.0,0.0,,,,,
latency40,H-RTA-SupervisedGate,8041,0.0114490659344117,0.0151956233932893,0.0157485844758105,0.0,0.0,0.0,0.0,,,,,
latency40,H-RTA-SupervisedGate,8042,0.0117435559156625,0.0149207684038964,0.0151250355101128,0.0,0.0,0.0,0.0,,,,,
latency40,H-RTA-SupervisedGate,8043,0.0122457140615089,0.0155235993126592,0.0159361685941618,0.0,0.0,0.0,0.0,,,,,
latency40,H-RTA-SupervisedGate,8044,0.0120760647810034,0.0154172704851505,0.0156101718440701,0.0,0.0,0.0,0.0,,,,,
latency40,H-RTA-SupervisedGate,8045,0.0118677156138552,0.0156585913046127,0.0161715555991921,0.0,0.0,0.0018198362147406,0.1819836214740673,,,,,
latency40,H-RTA-SupervisedGate,8046,0.0117429770302108,0.0149428907363975,0.0151094716051648,0.0,0.0,0.0,0.0,,,,,
latency40,H-RTA-SupervisedGate,8047,0.0121312717031019,0.0151799557999865,0.0153248316479998,0.0,0.0,0.0009099181073703,0.0909918107370336,,,,,
latency40,H-RTA-SupervisedGate,8048,0.0112082445927308,0.0145608310093183,0.0151679409230977,0.0,0.0,0.0,0.0,,,,,
latency40,H-RTA-SupervisedGate,8049,0.0119805502107133,0.0146784183041141,0.0148786903488199,0.0,0.0,0.0,0.0,,,,,
latency40,H-RTA-SupervisedGate,8050,0.0118607629073919,0.015129127928049,0.0177483430043114,0.0,0.0,0.0009099181073703,0.0909918107370336,,,,,
latency40,H-RTA-SupervisedGate,8051,0.0113095316468698,0.0145506560753918,0.0149256746058099,0.0,0.0,0.0,0.0,,,,,
latency40,H-RTA-SupervisedGate,8052,0.0120557427232227,0.0148237679139038,0.0155895545103989,0.0,0.0,0.0,0.0,,,,,
latency40,H-RTA-SupervisedGate,8053,0.0118811766003688,0.0149078310859476,0.0152082479146159,0.0,0.0,0.0009099181073703,0.0909918107370336,,,,,
latency40,H-RTA-SupervisedGate,8054,0.0122208218204665,0.0153263817906411,0.0163593326425422,0.0,0.0,0.0,0.0,,,,,
latency40,H-RTA-SupervisedGate,8055,0.011756424101932,0.0151358321614225,0.0154538922589277,0.0,0.0,0.0,0.0,,,,,
latency40,H-RTA-SupervisedGate,8056,0.0124096302545428,0.0159832292359767,0.0162060904486227,0.0,0.0,0.0,0.0,,,,,
latency40,H-RTA-SupervisedGate,8057,0.0115414250839152,0.0154210842965302,0.015904122677502,0.0,0.0,0.0,0.0,,,,,
latency40,H-RTA-SupervisedGate,8058,0.0119358511873471,0.0151758898894896,0.0162287846595407,0.0,0.0,0.0,0.0,,,,,
latency40,H-RTA-SupervisedGate,8059,0.0114227713864855,0.0149720631512689,0.0176944384419819,0.0,0.0,0.005459508644222,0.5459508644222021,,,,,
latency40,H-RTA-SupervisedGate,8060,0.0119026274396939,0.0151808107834147,0.0160915074729327,0.0,0.0,0.0,0.0,,,,,
latency40,H-RTA-SupervisedGate,8061,0.0117640153660304,0.0154068215201726,0.0156293403229161,0.0,0.0,0.0,0.0,,,,,
latency40,H-RTA-SupervisedGate,8062,0.0118488345326294,0.015425521122254,0.0155405888282425,0.0,0.0,0.0,0.0,,,,,
latency40,H-RTA-SupervisedGate,8063,0.0116091793978725,0.0148434165989631,0.0153862369483401,0.0,0.0,0.0,0.0,,,,,
latency40,H-RTA-SupervisedGate,8064,0.01207082660215,0.0151454021147768,0.016254708043491,0.0,0.0,0.0,0.0,,,,,
latency40,H-RTA-SupervisedGate,8065,0.0117377425100293,0.0147034882439785,0.0156169702770806,0.0,0.0,0.0,0.0,,,,,
latency40,H-RTA-SupervisedGate,8066,0.0111044176896734,0.0145982255650341,0.0151224504883764,0.0,0.0,0.0,0.0,,,,,
latency40,H-RTA-SupervisedGate,8067,0.0116333947692673,0.0148675338195169,0.0151582244353864,0.0,0.0,0.0,0.0,,,,,
latency40,H-RTA-SupervisedGate,8068,0.0114791373818225,0.0145319164848171,0.014895187742636,0.0,0.0,0.0,0.0,,,,,
latency40,H-RTA-SupervisedGate,8069,0.0120801282371313,0.015323536218332,0.0157607204102241,0.0,0.0,0.0,0.0,,,,,
latency40,H-RTA-SupervisedGate,8070,0.0122118414050742,0.0154781695283992,0.016128724158379,0.0,0.0,0.0,0.0,,,,,
latency40,H-RTA-SupervisedGate,8071,0.0116963057838988,0.014787123517083,0.0153714517984594,0.0,0.0,0.0,0.0,,,,,
latency40,H-RTA-SupervisedGate,8072,0.0113858806633467,0.0150767419816758,0.0153874138029415,0.0,0.0,0.0,0.0,,,,,
latency40,H-RTA-SupervisedGate,8073,0.0114590919344102,0.0152325843474789,0.0160559866859679,0.0,0.0,0.0,0.0,,,,,
latency40,H-RTA-SupervisedGate,8074,0.0118690393926313,0.0153864809424431,0.016576555640997,0.0,0.0,0.0,0.0,,,,,
latency40,H-RTA-SupervisedGate,8075,0.0114262153988261,0.0146435428779214,0.0149151040458737,0.0,0.0,0.0,0.0,,,,,
latency40,H-RTA-SupervisedGate,8076,0.0117176090324077,0.0152781823000392,0.015494713118591,0.0,0.0,0.0,0.0,,,,,
latency40,H-RTA-SupervisedGate,8077,0.0114884694553124,0.0147187800002052,0.015284245633481,0.0,0.0,0.0,0.0,,,,,
latency40,H-RTA-SupervisedGate,8078,0.0115899678878935,0.0153767266272531,0.0156784343484455,0.0,0.0,0.0,0.0,,,,,
latency40,H-RTA-SupervisedGate,8079,0.0116396234526579,0.014891692158818,0.0150740914212593,0.0,0.0,0.0,0.0,,,,,
latency40,H-RTA-SupervisedGate,8080,0.0119684484498086,0.0150949634998032,0.0157066107946534,0.0,0.0,0.0,0.0,,,,,
latency40,H-RTA-SupervisedGate,8081,0.0119926396926374,0.0161371156601907,0.0166446865148073,0.0,0.0,0.0,0.0,,,,,
latency40,H-RTA-SupervisedGate,8082,0.0121206056669692,0.0157503565351198,0.0162452751432763,0.0,0.0,0.0,0.0,,,,,
latency40,H-RTA-SupervisedGate,8083,0.0120224004667726,0.0151562582690657,0.0153982671125408,0.0,0.0,0.0,0.0,,,,,
latency40,H-RTA-SupervisedGate,8084,0.0124530735352435,0.0160189139406701,0.0172786867134824,0.0,0.0,0.0,0.0,,,,,
latency40,H-RTA-SupervisedGate,8085,0.0116607052163344,0.0144890697673551,0.0147603316843857,0.0,0.0,0.0,0.0,,,,,
latency40,H-RTA-SupervisedGate,8086,0.0117752374687757,0.0149979154763424,0.015292152912502,0.0,0.0,0.0,0.0,,,,,
latency40,H-RTA-SupervisedGate,8087,0.0123291019593366,0.0169646771629523,0.0176360223347625,0.0,0.0,0.0,0.0,,,,,
latency40,H-RTA-SupervisedGate,8088,0.0115713695000398,0.0155445221575306,0.0165448154023848,0.0,0.0,0.0,0.0,,,,,
latency40,H-RTA-SupervisedGate,8089,0.0115953995904058,0.0147955394907889,0.0148770923853881,0.0,0.0,0.0,0.0,,,,,
latency40,H-RTA-SupervisedGate,8090,0.0116642188997052,0.0150340911474918,0.0154297782641211,0.0,0.0,0.0,0.0,,,,,
latency40,H-RTA-SupervisedGate,8091,0.011930842459557,0.0155218676851975,0.0157802469866455,0.0,0.0,0.0,0.0,,,,,
latency40,H-RTA-SupervisedGate,8092,0.0113376204521521,0.0145894134212044,0.0159267124621735,0.0,0.0,0.0,0.0,,,,,
latency40,H-RTA-SupervisedGate,8093,0.0121075182167063,0.0156232261665555,0.0170392686861765,0.0,0.0,0.0,0.0,,,,,
latency40,H-RTA-SupervisedGate,8094,0.0120823009372753,0.0159805421008268,0.0162495848580515,0.0,0.0,0.0,0.0,,,,,
latency40,H-RTA-SupervisedGate,8095,0.0118928975714263,0.0155414342263232,0.0163605242182457,0.0,0.0,0.0,0.0,,,,,
latency40,H-RTA-SupervisedGate,8096,0.0112069700109962,0.0151932176975033,0.0155909298943298,0.0,0.0,0.0,0.0,,,,,
latency40,H-RTA-SupervisedGate,8097,0.0120440365088884,0.0150498192466474,0.0156192850890094,0.0,0.0,0.0,0.0,,,,,
latency40,H-RTA-SupervisedGate,8098,0.0120567689716757,0.0152275912857104,0.015459710933888,0.0,0.0,0.0,0.0,,,,,
latency40,H-RTA-SupervisedGate,8099,0.0123863518547936,0.0166828240455892,0.0179035850484047,0.0,0.0,0.0,0.0,,,,,
latency40,I-ContinuousRiskGovernor,8000,0.0119256694850702,0.0149397477724816,0.0157299487813149,0.0,0.0,0.0,0.0,0.0189164842570891,1.0,1.0,1.0,1.0
latency40,I-ContinuousRiskGovernor,8001,0.011732529078842,0.0148767400555451,0.0151525101549415,0.0,0.0,0.0,0.0,0.020996311438136,1.0,1.0,1.0,1.0
latency40,I-ContinuousRiskGovernor,8002,0.0114826208811131,0.0144563204887262,0.0148341289664681,0.0,0.0,0.0,0.0,0.0282134553586056,1.0,1.0,1.0,1.0
latency40,I-ContinuousRiskGovernor,8003,0.0113990770655704,0.0146763212358521,0.0151522176362404,0.0,0.0,0.0,0.0,0.0220290304562145,1.0,1.0,1.0,1.0
latency40,I-ContinuousRiskGovernor,8004,0.0119538459441306,0.0153763266981091,0.0167914627286341,0.0,0.0,0.0,0.0,0.019366003710061,1.0,1.0,1.0,1.0
latency40,I-ContinuousRiskGovernor,8005,0.0112467220471984,0.0145713464070328,0.0148619212007114,0.0,0.0,0.0016543716965296,0.1819836214740673,0.0292479145486771,1.0,1.0,1.0,1.0
latency40,I-ContinuousRiskGovernor,8006,0.0117904385628422,0.0148564805854113,0.0151105479390347,0.0,0.0,0.0,0.0,0.0264411253700139,1.0,1.0,1.0,1.0
latency40,I-ContinuousRiskGovernor,8007,0.0121570234508081,0.0155631230483246,0.0166350195923111,0.0,0.0,0.0,0.0,0.0139366804750985,1.0,1.0,1.0,1.0
latency40,I-ContinuousRiskGovernor,8008,0.0119450645394978,0.0152147217392892,0.0157966614072337,0.0,0.0,0.0,0.0,0.023004126139107,1.0,1.0,1.0,1.0
latency40,I-ContinuousRiskGovernor,8009,0.0122170316340861,0.0164120873550367,0.016826383350656,0.0,0.0,0.0,0.0,0.0213533855451348,1.0,1.0,1.0,1.0
latency40,I-ContinuousRiskGovernor,8010,0.0115920530489888,0.0152550345177498,0.0158963808123754,0.0,0.0,0.0,0.0,0.0217659259380952,1.0,1.0,1.0,1.0
latency40,I-ContinuousRiskGovernor,8011,0.0119120613877699,0.0150523469059802,0.0161633132594655,0.0,0.0,0.0,0.0,0.025626151489961,1.0,1.0,1.0,1.0
latency40,I-ContinuousRiskGovernor,8012,0.0118506848465395,0.0149860607332303,0.0153754078434983,0.0,0.0,0.0,0.0,0.0180408232215226,1.0,1.0,1.0,1.0
latency40,I-ContinuousRiskGovernor,8013,0.0116885725919649,0.0150233260002976,0.0153140045276921,0.0,0.0,0.0,0.0,0.0267825565096565,1.0,1.0,1.0,1.0
latency40,I-ContinuousRiskGovernor,8014,0.0119082493249634,0.0154450569577074,0.0160617506712591,0.0,0.0,0.0,0.0,0.0225628064487872,1.0,1.0,1.0,1.0
latency40,I-ContinuousRiskGovernor,8015,0.0121343265454574,0.0149699187553288,0.0150792985438393,0.0,0.0,0.0,0.0,0.0268583201087315,1.0,1.0,1.0,1.0
latency40,I-ContinuousRiskGovernor,8016,0.0120022215246791,0.0154929214057846,0.0163425810474527,0.0,0.0,0.0,0.0,0.0180464398468738,1.0,1.0,1.0,1.0
latency40,I-ContinuousRiskGovernor,8017,0.0114969629457857,0.0142341669626111,0.0147829803110805,0.0,0.0,0.0,0.0,0.0197176741172775,1.0,1.0,1.0,1.0
latency40,I-ContinuousRiskGovernor,8018,0.011920841032055,0.0154497294456751,0.0157803567114811,0.0,0.0,0.0,0.0,0.0291363827126031,1.0,1.0,1.0,1.0
latency40,I-ContinuousRiskGovernor,8019,0.0126439446211352,0.017199942906086,0.0176916095003779,0.0,0.0,0.0,0.0,0.023813876734947,1.0,1.0,1.0,1.0
latency40,I-ContinuousRiskGovernor,8020,0.0124646924892854,0.0164277639492633,0.0169360812849286,0.0,0.0,0.0,0.0,0.0226575676740469,1.0,1.0,1.0,1.0
latency40,I-ContinuousRiskGovernor,8021,0.0117758379360706,0.0149564724464792,0.0152854188348855,0.0,0.0,0.0,0.0,0.0308274316716113,1.0,1.0,1.0,1.0
latency40,I-ContinuousRiskGovernor,8022,0.0111652399939273,0.0146790217134971,0.014972860628341,0.0,0.0,0.0,0.0,0.0241237182775249,1.0,1.0,1.0,1.0
latency40,I-ContinuousRiskGovernor,8023,0.0114139182158736,0.0149118716350474,0.0151762414249218,0.0,0.0,0.0,0.0,0.022878033692577,1.0,1.0,1.0,1.0
latency40,I-ContinuousRiskGovernor,8024,0.0119191847812766,0.0156277804270333,0.0161789655399539,0.0,0.0,0.0005564492488419,0.0909918107370336,0.0303776144090383,1.0,1.0,1.0,1.0
latency40,I-ContinuousRiskGovernor,8025,0.0122873937196266,0.015538470330609,0.0159841632702071,0.0,0.0,0.0,0.0,0.0278017786926184,1.0,1.0,1.0,1.0
latency40,I-ContinuousRiskGovernor,8026,0.0117856589775746,0.0148858367931132,0.0150658671958783,0.0,0.0,0.0,0.0,0.0265730716845199,1.0,1.0,1.0,1.0
latency40,I-ContinuousRiskGovernor,8027,0.0120268815958011,0.0152769030039169,0.0159781563380899,0.0,0.0,0.0,0.0,0.0319165782330803,1.0,1.0,1.0,1.0
latency40,I-ContinuousRiskGovernor,8028,0.0118120564482126,0.0156473890226606,0.0163056838356794,0.0,0.0,0.0,0.0,0.0237048120505451,1.0,1.0,1.0,1.0
latency40,I-ContinuousRiskGovernor,8029,0.0120217699613613,0.0153939051291103,0.0155192661529566,0.0,0.0,0.0,0.0,0.0257142075513573,1.0,1.0,1.0,1.0
latency40,I-ContinuousRiskGovernor,8030,0.0118778335356254,0.014766746356162,0.0155871244416345,0.0,0.0,0.0,0.0,0.0191433170668922,1.0,1.0,1.0,1.0
latency40,I-ContinuousRiskGovernor,8031,0.0118133396243842,0.0151228214924019,0.0154716092916288,0.0,0.0,0.0,0.0,0.0171255173439604,1.0,1.0,1.0,1.0
latency40,I-ContinuousRiskGovernor,8032,0.0117628934621265,0.0152001915572052,0.0154141355723635,0.0,0.0,0.0,0.0,0.0210245839800252,1.0,1.0,1.0,1.0
latency40,I-ContinuousRiskGovernor,8033,0.0123240184237153,0.0163150105634932,0.0172443708476028,0.0,0.0,0.0033809253208595,0.4549590536851683,0.040328731024795,1.0,1.0,1.0,1.0
latency40,I-ContinuousRiskGovernor,8034,0.011479500930609,0.0148295355246185,0.0152260832256273,0.0,0.0,0.0,0.0,0.0217881955109089,1.0,1.0,1.0,1.0
latency40,I-ContinuousRiskGovernor,8035,0.0120214827475874,0.0147862613600456,0.0149405611262209,0.0,0.0,0.0,0.0,0.0177702707682784,1.0,1.0,1.0,1.0
latency40,I-ContinuousRiskGovernor,8036,0.0119446490830283,0.0156097862530863,0.015716438355855,0.0,0.0,0.0,0.0,0.0289865250623578,1.0,1.0,1.0,1.0
latency40,I-ContinuousRiskGovernor,8037,0.0119824739828088,0.0162701568564486,0.0175789404744041,0.0,0.0,0.0,0.0,0.0217794766710303,1.0,1.0,1.0,1.0
latency40,I-ContinuousRiskGovernor,8038,0.0113904743490456,0.0149406625073967,0.0157813709285043,0.0,0.0,0.0,0.0,0.0205254079469976,1.0,1.0,1.0,1.0
latency40,I-ContinuousRiskGovernor,8039,0.0120382408225454,0.0153542882167879,0.0154913267434389,0.0,0.0,0.0,0.0,0.0316678471939006,1.0,1.0,1.0,1.0
latency40,I-ContinuousRiskGovernor,8040,0.0118260157013883,0.0151195937860368,0.0156642309508887,0.0,0.0,0.0,0.0,0.0203436825723176,1.0,1.0,1.0,1.0
latency40,I-ContinuousRiskGovernor,8041,0.0114490661284848,0.0151956234058682,0.0157485844971148,0.0,0.0,0.0,0.0,0.0168364989748498,1.0,1.0,1.0,1.0
latency40,I-ContinuousRiskGovernor,8042,0.0117435559156625,0.0149207684038964,0.0151250355101128,0.0,0.0,0.0,0.0,0.0190706578506298,1.0,1.0,1.0,1.0
latency40,I-ContinuousRiskGovernor,8043,0.0122457139611751,0.0155235992562471,0.0159361685419452,0.0,0.0,0.0,0.0,0.0276397815775272,1.0,1.0,1.0,1.0
latency40,I-ContinuousRiskGovernor,8044,0.0120760645665625,0.0154172704375237,0.0156101718441058,0.0,0.0,0.0,0.0,0.0200432992857198,1.0,1.0,1.0,1.0
latency40,I-ContinuousRiskGovernor,8045,0.0118677157184462,0.0156585913286057,0.0161715555991171,0.0,0.0,0.0014042432118381,0.1819836214740673,0.0248094159658823,1.0,1.0,1.0,1.0
latency40,I-ContinuousRiskGovernor,8046,0.0117429769706732,0.0149428907363916,0.0151094716051645,0.0,0.0,0.0,0.0,0.0195427156624342,1.0,1.0,1.0,1.0
latency40,I-ContinuousRiskGovernor,8047,0.0121312715398537,0.0151799558035331,0.0153248316480111,0.0,0.0,0.0007510603438568,0.0909918107370336,0.0257058802603162,1.0,1.0,1.0,1.0
latency40,I-ContinuousRiskGovernor,8048,0.0112082446358805,0.0145608310200852,0.0151679409462604,0.0,0.0,0.0,0.0,0.0232153279111592,1.0,1.0,1.0,1.0
latency40,I-ContinuousRiskGovernor,8049,0.0119805501749832,0.014678418303425,0.0148786904502153,0.0,0.0,0.0,0.0,0.0216827617652893,1.0,1.0,1.0,1.0
latency40,I-ContinuousRiskGovernor,8050,0.0118607630187252,0.0151291279857284,0.0177483467010764,0.0,0.0,0.0008500634660893,0.0909918107370336,0.0305715322132234,1.0,1.0,1.0,1.0
latency40,I-ContinuousRiskGovernor,8051,0.0113095318614726,0.0145506559489734,0.0149256744518707,0.0,0.0,0.0,0.0,0.022198223374353,1.0,1.0,1.0,1.0
latency40,I-ContinuousRiskGovernor,8052,0.0120557429053913,0.0148237680107487,0.0155895545108336,0.0,0.0,0.0,0.0,0.0265774011744266,1.0,1.0,1.0,1.0
latency40,I-ContinuousRiskGovernor,8053,0.011881176063993,0.014907831081161,0.0152082478883147,0.0,0.0,0.000590376430164,0.0909918107370336,0.0247600523708941,1.0,1.0,1.0,1.0
latency40,I-ContinuousRiskGovernor,8054,0.0122208217191225,0.0153263817906439,0.0163593321306704,0.0,0.0,0.0,0.0,0.0154049930349035,1.0,1.0,1.0,1.0
latency40,I-ContinuousRiskGovernor,8055,0.011756424101932,0.0151358321614225,0.0154538922589277,0.0,0.0,0.0,0.0,0.0241959542279859,1.0,1.0,1.0,1.0
latency40,I-ContinuousRiskGovernor,8056,0.0124096302601628,0.015983229235977,0.0162060904486248,0.0,0.0,0.0,0.0,0.0240755591467395,1.0,1.0,1.0,1.0
latency40,I-ContinuousRiskGovernor,8057,0.0115414249487412,0.0154210841667425,0.0159041225589422,0.0,0.0,0.0,0.0,0.0211266030073454,1.0,1.0,1.0,1.0
latency40,I-ContinuousRiskGovernor,8058,0.0119358511787078,0.01517588988949,0.0162287845696274,0.0,0.0,0.0,0.0,0.0248219229519335,1.0,1.0,1.0,1.0
latency40,I-ContinuousRiskGovernor,8059,0.0114227705506868,0.0149720628847461,0.0176944214258421,0.0,0.0,0.0048490689374959,0.5459508644222021,0.0284563499688202,1.0,1.0,1.0,1.0
latency40,I-ContinuousRiskGovernor,8060,0.0119026276284613,0.0151808108562819,0.016091507472933,0.0,0.0,0.0,0.0,0.021681540434122,1.0,1.0,1.0,1.0
latency40,I-ContinuousRiskGovernor,8061,0.0117640154219984,0.0154068213697147,0.015629340205133,0.0,0.0,0.0,0.0,0.0278069308590109,1.0,1.0,1.0,1.0
latency40,I-ContinuousRiskGovernor,8062,0.0118488344810166,0.015425521134238,0.0155405888282437,0.0,0.0,0.0,0.0,0.0215433307949275,1.0,1.0,1.0,1.0
latency40,I-ContinuousRiskGovernor,8063,0.0116091791934206,0.0148434165902954,0.0153862368646642,0.0,0.0,0.0,0.0,0.0193096791815322,1.0,1.0,1.0,1.0
latency40,I-ContinuousRiskGovernor,8064,0.0120708270032649,0.0151454022313288,0.0162547188519154,0.0,0.0,0.0,0.0,0.0221021314240872,1.0,1.0,1.0,1.0
latency40,I-ContinuousRiskGovernor,8065,0.0117377423453208,0.0147034884197677,0.0156169744968338,0.0,0.0,0.0,0.0,0.0187848199649672,1.0,1.0,1.0,1.0
latency40,I-ContinuousRiskGovernor,8066,0.0111044176943624,0.0145982255689415,0.0151224504945919,0.0,0.0,0.0,0.0,0.0252635138678762,1.0,1.0,1.0,1.0
latency40,I-ContinuousRiskGovernor,8067,0.0116333947906378,0.014867533845671,0.0151582244521108,0.0,0.0,0.0,0.0,0.0203761223055356,1.0,1.0,1.0,1.0
latency40,I-ContinuousRiskGovernor,8068,0.0114791373783881,0.0145319164791524,0.0148951877373444,0.0,0.0,0.0,0.0,0.021064201657726,1.0,1.0,1.0,1.0
latency40,I-ContinuousRiskGovernor,8069,0.0120801283152736,0.0153235362206325,0.0157607204514844,0.0,0.0,0.0,0.0,0.0211359456979141,1.0,1.0,1.0,1.0
latency40,I-ContinuousRiskGovernor,8070,0.0122118409924371,0.0154781695281529,0.01612872415805,0.0,0.0,0.0,0.0,0.0224157893720388,1.0,1.0,1.0,1.0
latency40,I-ContinuousRiskGovernor,8071,0.0116963055444529,0.0147871234532507,0.0153714517428871,0.0,0.0,0.0,0.0,0.0246070084434872,1.0,1.0,1.0,1.0
latency40,I-ContinuousRiskGovernor,8072,0.0113858806578908,0.0150767420209442,0.0153874138396781,0.0,0.0,0.0,0.0,0.0229936199700516,1.0,1.0,1.0,1.0
latency40,I-ContinuousRiskGovernor,8073,0.011459091606673,0.0152325843474729,0.0160559866859729,0.0,0.0,0.0,0.0,0.0226604339004297,1.0,1.0,1.0,1.0
latency40,I-ContinuousRiskGovernor,8074,0.0118690393926313,0.0153864809424431,0.016576555640997,0.0,0.0,0.0,0.0,0.0193211918077342,1.0,1.0,1.0,1.0
latency40,I-ContinuousRiskGovernor,8075,0.0114262154313056,0.0146435429209431,0.0149151040947892,0.0,0.0,0.0,0.0,0.017806268927068,1.0,1.0,1.0,1.0
latency40,I-ContinuousRiskGovernor,8076,0.0117176089481763,0.0152781824613881,0.0154947129789947,0.0,0.0,0.0,0.0,0.0404930158867112,1.0,1.0,1.0,1.0
latency40,I-ContinuousRiskGovernor,8077,0.011488469745666,0.0147187801153902,0.0152842457529608,0.0,0.0,0.0,0.0,0.022605588741756,1.0,1.0,1.0,1.0
latency40,I-ContinuousRiskGovernor,8078,0.0115899675492057,0.0153767264266065,0.0156784343481679,0.0,0.0,0.0,0.0,0.0215793386817227,1.0,1.0,1.0,1.0
latency40,I-ContinuousRiskGovernor,8079,0.0116396234779374,0.0148916921763393,0.0150740914470992,0.0,0.0,0.0,0.0,0.021253811001747,1.0,1.0,1.0,1.0
latency40,I-ContinuousRiskGovernor,8080,0.011968448669135,0.0150949635674858,0.0157066107946531,0.0,0.0,0.0,0.0,0.0276750949674037,1.0,1.0,1.0,1.0
latency40,I-ContinuousRiskGovernor,8081,0.0119926398480135,0.0161371156601907,0.0166446865148074,0.0,0.0,0.0,0.0,0.0215273136263888,1.0,1.0,1.0,1.0
latency40,I-ContinuousRiskGovernor,8082,0.0121206061418826,0.0157503565354923,0.0162452751438885,0.0,0.0,0.0,0.0,0.0279403836888237,1.0,1.0,1.0,1.0
latency40,I-ContinuousRiskGovernor,8083,0.012022400321098,0.0151562582612333,0.015398267112247,0.0,0.0,0.0,0.0,0.02033841063464,1.0,1.0,1.0,1.0
latency40,I-ContinuousRiskGovernor,8084,0.0124530732825535,0.0160189139406729,0.0172786867134843,0.0,0.0,0.0,0.0,0.0257760979949956,1.0,1.0,1.0,1.0
latency40,I-ContinuousRiskGovernor,8085,0.0116607051087699,0.0144890697673548,0.0147603316843856,0.0,0.0,0.0,0.0,0.0160411193383727,1.0,1.0,1.0,1.0
latency40,I-ContinuousRiskGovernor,8086,0.0117752373873301,0.0149979154714325,0.0152921529125019,0.0,0.0,0.0,0.0,0.0235782862821796,1.0,1.0,1.0,1.0
latency40,I-ContinuousRiskGovernor,8087,0.0123291017146353,0.0169646771629544,0.0176360223347655,0.0,0.0,0.0,0.0,0.027732884441531,1.0,1.0,1.0,1.0
latency40,I-ContinuousRiskGovernor,8088,0.01157136948674,0.0155445221575289,0.0165448154023835,0.0,0.0,0.0,0.0,0.0179772336857226,1.0,1.0,1.0,1.0
latency40,I-ContinuousRiskGovernor,8089,0.0115953989660113,0.0147955396172141,0.0148770924934961,0.0,0.0,0.0,0.0,0.0215965372609663,1.0,1.0,1.0,1.0
latency40,I-ContinuousRiskGovernor,8090,0.0116642188842526,0.0150340911474924,0.015429778264134,0.0,0.0,0.0,0.0,0.0164711472361945,1.0,1.0,1.0,1.0
latency40,I-ContinuousRiskGovernor,8091,0.0119308421270251,0.0155218676851929,0.015780246986639,0.0,0.0,0.0,0.0,0.0224871978298178,1.0,1.0,1.0,1.0
latency40,I-ContinuousRiskGovernor,8092,0.0113376202750965,0.0145894134208546,0.0159267124619775,0.0,0.0,0.0,0.0,0.0175567954505665,1.0,1.0,1.0,1.0
latency40,I-ContinuousRiskGovernor,8093,0.0121075179998527,0.0156232261665561,0.0170392686861767,0.0,0.0,0.0,0.0,0.0242435088306284,1.0,1.0,1.0,1.0
latency40,I-ContinuousRiskGovernor,8094,0.0120823011342295,0.015980542100724,0.0162495848569954,0.0,0.0,0.0,0.0,0.0197677479702167,1.0,1.0,1.0,1.0
latency40,I-ContinuousRiskGovernor,8095,0.0118928977377439,0.0155414343871956,0.0163605242187083,0.0,0.0,0.0,0.0,0.0258920453591922,1.0,1.0,1.0,1.0
latency40,I-ContinuousRiskGovernor,8096,0.0112069700380617,0.0151932177096147,0.015590929888503,0.0,0.0,0.0,0.0,0.0309222453417984,1.0,1.0,1.0,1.0
latency40,I-ContinuousRiskGovernor,8097,0.0120440366307261,0.0150498192950707,0.0156192851726814,0.0,0.0,0.0,0.0,0.0281264033140274,1.0,1.0,1.0,1.0
latency40,I-ContinuousRiskGovernor,8098,0.0120567690016574,0.0152275912866542,0.0154597109431061,0.0,0.0,0.0,0.0,0.0219396046275323,1.0,1.0,1.0,1.0
latency40,I-ContinuousRiskGovernor,8099,0.012386352548757,0.0166828240455891,0.0179035850484046,0.0,0.0,0.0,0.0,0.0247017187643702,1.0,1.0,1.0,1.0
payload50,CurrentOnly-AE-CeNN-494,8000,0.0328797174979672,0.044103765889211,0.0452829032632109,0.0,0.0,0.0,0.0,0.0,1.0,1.0,1.0,1.0
payload50,CurrentOnly-AE-CeNN-494,8001,0.0359646642222116,0.0478150051555864,0.0493751931272631,0.0,0.0,0.0,0.0,0.0,1.0,1.0,1.0,1.0
payload50,CurrentOnly-AE-CeNN-494,8002,0.0396817218915259,0.0532702735868752,0.0550263567769964,0.0,0.0,0.0,0.0,0.0,1.0,1.0,1.0,1.0
payload50,CurrentOnly-AE-CeNN-494,8003,0.0287126326060515,0.0371254957200997,0.0380546096770307,0.0,0.0,0.0,0.0,0.0,1.0,1.0,1.0,1.0
payload50,CurrentOnly-AE-CeNN-494,8004,0.0316791108551782,0.0430464542558811,0.0445223463454719,0.0,0.0,0.0,0.0,0.0,1.0,1.0,1.0,1.0
payload50,CurrentOnly-AE-CeNN-494,8005,0.0395373165962808,0.0526457298440082,0.0542100453509247,0.0,0.0,0.0,0.0,0.0,1.0,1.0,1.0,1.0
payload50,CurrentOnly-AE-CeNN-494,8006,0.0305373175957677,0.0398908744869768,0.0409981695428412,0.0,0.0,0.0,0.0,0.0,1.0,1.0,1.0,1.0
payload50,CurrentOnly-AE-CeNN-494,8007,0.0303673898523937,0.0409973961272225,0.0420341377381238,0.0,0.0,0.0,0.0,0.0,1.0,1.0,1.0,1.0
payload50,CurrentOnly-AE-CeNN-494,8008,0.0396263841927653,0.0521037074717585,0.0533927447527109,0.0,0.0,0.0,0.0,0.0,1.0,1.0,1.0,1.0
payload50,CurrentOnly-AE-CeNN-494,8009,0.0368363705556551,0.0474177984759503,0.049157451483135,0.0,0.0,0.0,0.0,0.0,1.0,1.0,1.0,1.0
payload50,CurrentOnly-AE-CeNN-494,8010,0.0296516891669144,0.0389450417349275,0.0401541960356502,0.0,0.0,0.0,0.0,0.0,1.0,1.0,1.0,1.0
payload50,CurrentOnly-AE-CeNN-494,8011,0.0291350539473222,0.0391639630192909,0.0405441198277652,0.0,0.0,0.0,0.0,0.0,1.0,1.0,1.0,1.0
payload50,CurrentOnly-AE-CeNN-494,8012,0.0372179416163492,0.0489324394822192,0.0503359806851429,0.0,0.0,0.0,0.0,0.0,1.0,1.0,1.0,1.0
payload50,CurrentOnly-AE-CeNN-494,8013,0.0308403755264081,0.0401329067071031,0.0416124136974376,0.0,0.0,0.0,0.0,0.0,1.0,1.0,1.0,1.0
payload50,CurrentOnly-AE-CeNN-494,8014,0.0386175648948994,0.052436128043223,0.0540174307586865,0.0,0.0,0.0,0.0,0.0,1.0,1.0,1.0,1.0
payload50,CurrentOnly-AE-CeNN-494,8015,0.0355192401568773,0.0462975770408902,0.0474520277877448,0.0,0.0,0.0,0.0,0.0,1.0,1.0,1.0,1.0
payload50,CurrentOnly-AE-CeNN-494,8016,0.0292748278313839,0.0389369998448401,0.0402570818806238,0.0,0.0,0.0,0.0,0.0,1.0,1.0,1.0,1.0
payload50,CurrentOnly-AE-CeNN-494,8017,0.0394261274480883,0.0519442794334475,0.0533124235505263,0.0,0.0,0.0,0.0,0.0,1.0,1.0,1.0,1.0
payload50,CurrentOnly-AE-CeNN-494,8018,0.0319123642250436,0.0428784569318151,0.0440030014515566,0.0,0.0,0.0,0.0,0.0,1.0,1.0,1.0,1.0
payload50,CurrentOnly-AE-CeNN-494,8019,0.0390792168571555,0.0513024586482386,0.0523512382983673,0.0,0.0,0.0,0.0,0.0,1.0,1.0,1.0,1.0
payload50,CurrentOnly-AE-CeNN-494,8020,0.0315088504972801,0.0428845419917815,0.0438514772690364,0.0,0.0,0.0,0.0,0.0,1.0,1.0,1.0,1.0
payload50,CurrentOnly-AE-CeNN-494,8021,0.033575972347054,0.0468087658612876,0.0484625754543752,0.0,0.0,0.0,0.0,0.0,1.0,1.0,1.0,1.0
payload50,CurrentOnly-AE-CeNN-494,8022,0.0306027078583138,0.0422124129072721,0.0435941900672887,0.0,0.0,0.0,0.0,0.0,1.0,1.0,1.0,1.0
payload50,CurrentOnly-AE-CeNN-494,8023,0.0421002547391948,0.0528849967101633,0.0544978910823467,0.0,0.0,0.0,0.0,0.0,1.0,1.0,1.0,1.0
payload50,CurrentOnly-AE-CeNN-494,8024,0.0378005096294509,0.0490233347822147,0.0507817476491571,0.0,0.0,0.0,0.0,0.0,1.0,1.0,1.0,1.0
payload50,CurrentOnly-AE-CeNN-494,8025,0.0273505721205003,0.0373627526959725,0.0389351060604057,0.0,0.0,0.0,0.0,0.0,1.0,1.0,1.0,1.0
payload50,CurrentOnly-AE-CeNN-494,8026,0.0416722127889703,0.0543397085643029,0.0555692569607811,0.0,0.0,0.0,0.0,0.0,1.0,1.0,1.0,1.0
payload50,CurrentOnly-AE-CeNN-494,8027,0.0347517667188808,0.0463440301390023,0.0475292001979031,0.0,0.0,0.0,0.0,0.0,1.0,1.0,1.0,1.0
payload50,CurrentOnly-AE-CeNN-494,8028,0.0289219766117459,0.0391429267581352,0.0406629407022138,0.0,0.0,0.0,0.0,0.0,1.0,1.0,1.0,1.0
payload50,CurrentOnly-AE-CeNN-494,8029,0.0269957114418778,0.0364102018062431,0.0375681016001153,0.0,0.0,0.0,0.0,0.0,1.0,1.0,1.0,1.0
payload50,CurrentOnly-AE-CeNN-494,8030,0.0283596246775566,0.0377799895656014,0.0391445216709244,0.0,0.0,0.0,0.0,0.0,1.0,1.0,1.0,1.0
payload50,CurrentOnly-AE-CeNN-494,8031,0.040934976487027,0.0537024284887138,0.0552206546088883,0.0,0.0,0.0,0.0,0.0,1.0,1.0,1.0,1.0
payload50,CurrentOnly-AE-CeNN-494,8032,0.0301100992478692,0.0403996272721337,0.0414304408104187,0.0,0.0,0.0,0.0,0.0,1.0,1.0,1.0,1.0
payload50,CurrentOnly-AE-CeNN-494,8033,0.0397934778842197,0.0533211812840767,0.0553224426911221,0.0,0.0,0.0,0.0,0.0,1.0,1.0,1.0,1.0
payload50,CurrentOnly-AE-CeNN-494,8034,0.033254779949413,0.0438241987412815,0.0443954390948836,0.0,0.0,0.0,0.0,0.0,1.0,1.0,1.0,1.0
payload50,CurrentOnly-AE-CeNN-494,8035,0.0321773226188523,0.0430908238021339,0.04450853897289,0.0,0.0,0.0,0.0,0.0,1.0,1.0,1.0,1.0
payload50,CurrentOnly-AE-CeNN-494,8036,0.0385911830673861,0.0551301567059281,0.0569097716366081,0.0,0.0,0.0,0.0,0.0,1.0,1.0,1.0,1.0
payload50,CurrentOnly-AE-CeNN-494,8037,0.0345177088202621,0.0463841064053259,0.0479311970392129,0.0,0.0,0.0,0.0,0.0,1.0,1.0,1.0,1.0
payload50,CurrentOnly-AE-CeNN-494,8038,0.0325771322605232,0.0435963731542828,0.0446511322759616,0.0,0.0,0.0,0.0,0.0,1.0,1.0,1.0,1.0
payload50,CurrentOnly-AE-CeNN-494,8039,0.031872925177244,0.0431204767417774,0.043870514334498,0.0,0.0,0.0,0.0,0.0,1.0,1.0,1.0,1.0
payload50,CurrentOnly-AE-CeNN-494,8040,0.0400558833019522,0.0523667742601764,0.0539500605532409,0.0,0.0,0.0,0.0,0.0,1.0,1.0,1.0,1.0
payload50,CurrentOnly-AE-CeNN-494,8041,0.0299433383162705,0.0402649986659425,0.0415941018022267,0.0,0.0,0.0,0.0,0.0,1.0,1.0,1.0,1.0
payload50,CurrentOnly-AE-CeNN-494,8042,0.0424307115609092,0.0554489326961962,0.0569434971559363,0.0,0.0,0.0,0.0,0.0,1.0,1.0,1.0,1.0
payload50,CurrentOnly-AE-CeNN-494,8043,0.036456934998757,0.0482718780376721,0.0494086824244862,0.0,0.0,0.0,0.0,0.0,1.0,1.0,1.0,1.0
payload50,CurrentOnly-AE-CeNN-494,8044,0.0340985108914945,0.0452214767151702,0.0468687827567802,0.0,0.0,0.0,0.0,0.0,1.0,1.0,1.0,1.0
payload50,CurrentOnly-AE-CeNN-494,8045,0.0283231756570604,0.0380455890734183,0.0393931837682248,0.0,0.0,0.0,0.0,0.0,1.0,1.0,1.0,1.0
payload50,CurrentOnly-AE-CeNN-494,8046,0.0328554830134298,0.0430926906743496,0.0445444977767647,0.0,0.0,0.0,0.0,0.0,1.0,1.0,1.0,1.0
payload50,CurrentOnly-AE-CeNN-494,8047,0.0345785056645721,0.0472525730107808,0.0486556478553979,0.0,0.0,0.0,0.0,0.0,1.0,1.0,1.0,1.0
payload50,CurrentOnly-AE-CeNN-494,8048,0.0387957541208518,0.0527268626830696,0.0545832403496926,0.0,0.0,0.0,0.0,0.0,1.0,1.0,1.0,1.0
payload50,CurrentOnly-AE-CeNN-494,8049,0.0286220973549482,0.0382090452241034,0.0397065427410829,0.0,0.0,0.0,0.0,0.0,1.0,1.0,1.0,1.0
payload50,CurrentOnly-AE-CeNN-494,8050,0.0332537221259779,0.0454650671038319,0.0470511700495522,0.0,0.0,0.0,0.0,0.0,1.0,1.0,1.0,1.0
payload50,CurrentOnly-AE-CeNN-494,8051,0.0407121018772469,0.0551352009527342,0.0568908188313833,0.0,0.0,0.0,0.0,0.0,1.0,1.0,1.0,1.0
payload50,CurrentOnly-AE-CeNN-494,8052,0.032465770857296,0.0435033590002797,0.0448374671996727,0.0,0.0,0.0,0.0,0.0,1.0,1.0,1.0,1.0
payload50,CurrentOnly-AE-CeNN-494,8053,0.032230223542192,0.0435524292355969,0.0447465072640973,0.0,0.0,0.0,0.0,0.0,1.0,1.0,1.0,1.0
payload50,CurrentOnly-AE-CeNN-494,8054,0.029763895757978,0.0419063334303183,0.0435983102888084,0.0,0.0,0.0,0.0,0.0,1.0,1.0,1.0,1.0
payload50,CurrentOnly-AE-CeNN-494,8055,0.0411041508228532,0.0545039006633614,0.0560235442593776,0.0,0.0,0.0,0.0,0.0,1.0,1.0,1.0,1.0
payload50,CurrentOnly-AE-CeNN-494,8056,0.0291364297056514,0.0372279149971907,0.0384957624135258,0.0,0.0,0.0,0.0,0.0,1.0,1.0,1.0,1.0
payload50,CurrentOnly-AE-CeNN-494,8057,0.0402441772477001,0.053811383891292,0.055514258533934,0.0,0.0,0.0,0.0,0.0,1.0,1.0,1.0,1.0
payload50,CurrentOnly-AE-CeNN-494,8058,0.0351382154649628,0.0480748761878576,0.0495508194713606,0.0,0.0,0.0,0.0,0.0,1.0,1.0,1.0,1.0
payload50,CurrentOnly-AE-CeNN-494,8059,0.0284828258589289,0.0384629428801623,0.0397985017372237,0.0,0.0,0.0,0.0,0.0,1.0,1.0,1.0,1.0
payload50,CurrentOnly-AE-CeNN-494,8060,0.0328349967147474,0.0440733975901631,0.0454510071813733,0.0,0.0,0.0,0.0,0.0,1.0,1.0,1.0,1.0
payload50,CurrentOnly-AE-CeNN-494,8061,0.0323541277336981,0.0446033624640869,0.0458962953242163,0.0,0.0,0.0,0.0,0.0,1.0,1.0,1.0,1.0
payload50,CurrentOnly-AE-CeNN-494,8062,0.0349977638077486,0.0463905861343142,0.0474496657729588,0.0,0.0,0.0,0.0,0.0,1.0,1.0,1.0,1.0
payload50,CurrentOnly-AE-CeNN-494,8063,0.0321998729028645,0.0426131036882629,0.0438271897301801,0.0,0.0,0.0,0.0,0.0,1.0,1.0,1.0,1.0
payload50,CurrentOnly-AE-CeNN-494,8064,0.0391531688965978,0.0531143400107912,0.0549478403816841,0.0,0.0,0.0,0.0,0.0,1.0,1.0,1.0,1.0
payload50,CurrentOnly-AE-CeNN-494,8065,0.0291858645789278,0.0397895440308961,0.0407272130146984,0.0,0.0,0.0,0.0,0.0,1.0,1.0,1.0,1.0
payload50,CurrentOnly-AE-CeNN-494,8066,0.0280198554186913,0.0383279566239989,0.0392243414172003,0.0,0.0,0.0,0.0,0.0,1.0,1.0,1.0,1.0
payload50,CurrentOnly-AE-CeNN-494,8067,0.0387418570056655,0.0499750660911571,0.0510327038769063,0.0,0.0,0.0,0.0,0.0,1.0,1.0,1.0,1.0
payload50,CurrentOnly-AE-CeNN-494,8068,0.0272467411134265,0.037158111195537,0.0384773764438382,0.0,0.0,0.0,0.0,0.0,1.0,1.0,1.0,1.0
payload50,CurrentOnly-AE-CeNN-494,8069,0.0358952531762637,0.0485945223442964,0.0500806688680133,0.0,0.0,0.0,0.0,0.0,1.0,1.0,1.0,1.0
payload50,CurrentOnly-AE-CeNN-494,8070,0.0302956585871832,0.039172384759604,0.0404553580158941,0.0,0.0,0.0,0.0,0.0,1.0,1.0,1.0,1.0
payload50,CurrentOnly-AE-CeNN-494,8071,0.027259737139978,0.0360278760189956,0.0366139326417733,0.0,0.0,0.0,0.0,0.0,1.0,1.0,1.0,1.0
payload50,CurrentOnly-AE-CeNN-494,8072,0.0380522608218656,0.0505810282931383,0.0522597629857199,0.0,0.0,0.0,0.0,0.0,1.0,1.0,1.0,1.0
payload50,CurrentOnly-AE-CeNN-494,8073,0.039747907537268,0.0529720992062411,0.0547115959212759,0.0,0.0,0.0,0.0,0.0,1.0,1.0,1.0,1.0
payload50,CurrentOnly-AE-CeNN-494,8074,0.0401882850450954,0.053732421028699,0.0557479874965736,0.0,0.0,0.0,0.0,0.0,1.0,1.0,1.0,1.0
payload50,CurrentOnly-AE-CeNN-494,8075,0.0360425988885415,0.0476956364753789,0.0489219983082936,0.0,0.0,0.0,0.0,0.0,1.0,1.0,1.0,1.0
payload50,CurrentOnly-AE-CeNN-494,8076,0.0304579629617941,0.0408804347266866,0.0425395991000612,0.0,0.0,0.0,0.0,0.0,1.0,1.0,1.0,1.0
payload50,CurrentOnly-AE-CeNN-494,8077,0.0301059306932856,0.0396550835340412,0.0406808834409672,0.0,0.0,0.0,0.0,0.0,1.0,1.0,1.0,1.0
payload50,CurrentOnly-AE-CeNN-494,8078,0.0309932419632938,0.0415951303823734,0.0432159215838544,0.0,0.0,0.0,0.0,0.0,1.0,1.0,1.0,1.0
payload50,CurrentOnly-AE-CeNN-494,8079,0.0288679089503853,0.0393556435652316,0.0403660606476789,0.0,0.0,0.0,0.0,0.0,1.0,1.0,1.0,1.0
payload50,CurrentOnly-AE-CeNN-494,8080,0.0279025758612985,0.0371141460336522,0.0383945228450724,0.0,0.0,0.0,0.0,0.0,1.0,1.0,1.0,1.0
payload50,CurrentOnly-AE-CeNN-494,8081,0.0383432286320793,0.0510259665915676,0.052469370451928,0.0,0.0,0.0,0.0,0.0,1.0,1.0,1.0,1.0
payload50,CurrentOnly-AE-CeNN-494,8082,0.028050504608121,0.0355461425458407,0.0365038775722952,0.0,0.0,0.0,0.0,0.0,1.0,1.0,1.0,1.0
payload50,CurrentOnly-AE-CeNN-494,8083,0.0391743540711286,0.0525992781165422,0.0543438575674621,0.0,0.0,0.0,0.0,0.0,1.0,1.0,1.0,1.0
payload50,CurrentOnly-AE-CeNN-494,8084,0.0365262469147734,0.0497495229719844,0.0512074071257078,0.0,0.0,0.0,0.0,0.0,1.0,1.0,1.0,1.0
payload50,CurrentOnly-AE-CeNN-494,8085,0.0418234737721495,0.0568661707855082,0.0592430354171941,0.0,0.0,0.0,0.0,0.0,1.0,1.0,1.0,1.0
payload50,CurrentOnly-AE-CeNN-494,8086,0.0276773380201637,0.0382228932423852,0.0390694516547189,0.0,0.0,0.0,0.0,0.0,1.0,1.0,1.0,1.0
payload50,CurrentOnly-AE-CeNN-494,8087,0.0280248122150772,0.0373170221665213,0.0385511207997814,0.0,0.0,0.0,0.0,0.0,1.0,1.0,1.0,1.0
payload50,CurrentOnly-AE-CeNN-494,8088,0.0357474710307035,0.0479393464132131,0.0497545925613236,0.0,0.0,0.0,0.0,0.0,1.0,1.0,1.0,1.0
payload50,CurrentOnly-AE-CeNN-494,8089,0.0406464215543995,0.0532102818250549,0.0548476178378538,0.0,0.0,0.0,0.0,0.0,1.0,1.0,1.0,1.0
payload50,CurrentOnly-AE-CeNN-494,8090,0.0401058166196446,0.0523345463867204,0.0541263926700274,0.0,0.0,0.0,0.0,0.0,1.0,1.0,1.0,1.0
payload50,CurrentOnly-AE-CeNN-494,8091,0.0327212611005994,0.045024004432746,0.0461570930092038,0.0,0.0,0.0,0.0,0.0,1.0,1.0,1.0,1.0
payload50,CurrentOnly-AE-CeNN-494,8092,0.031199008687934,0.0415752129058613,0.0428400519003631,0.0,0.0,0.0,0.0,0.0,1.0,1.0,1.0,1.0
payload50,CurrentOnly-AE-CeNN-494,8093,0.0277526280960879,0.0372033026630792,0.0380579486524768,0.0,0.0,0.0,0.0,0.0,1.0,1.0,1.0,1.0
payload50,CurrentOnly-AE-CeNN-494,8094,0.0293860509347734,0.0400083754351105,0.0412054338023207,0.0,0.0,0.0,0.0,0.0,1.0,1.0,1.0,1.0
payload50,CurrentOnly-AE-CeNN-494,8095,0.0341794522748969,0.0441610637362848,0.0448647768558459,0.0,0.0,0.0,0.0,0.0,1.0,1.0,1.0,1.0
payload50,CurrentOnly-AE-CeNN-494,8096,0.0336768788894816,0.0446988880896733,0.04632195035556,0.0,0.0,0.0,0.0,0.0,1.0,1.0,1.0,1.0
payload50,CurrentOnly-AE-CeNN-494,8097,0.0338462796845122,0.0453510367632675,0.0465560900406759,0.0,0.0,0.0,0.0,0.0,1.0,1.0,1.0,1.0
payload50,CurrentOnly-AE-CeNN-494,8098,0.0362144124972,0.0484204514743041,0.0496408972700566,0.0,0.0,0.0,0.0,0.0,1.0,1.0,1.0,1.0
payload50,CurrentOnly-AE-CeNN-494,8099,0.0291030399011699,0.0390489816552938,0.0403730952057852,0.0,0.0,0.0,0.0,0.0,1.0,1.0,1.0,1.0
payload50,G-DetectorGate-noRTA,8000,0.032613235518264,0.0438289977313766,0.0450038485356825,0.0,0.0,1.0,100.0,0.9978718356919178,1.0,1.0,1.0,1.0
payload50,G-DetectorGate-noRTA,8001,0.0356677737479757,0.0475789661062937,0.0491113477470981,0.0,0.0,1.0,100.0,0.9999267407120468,1.0,1.0,1.0,1.0
payload50,G-DetectorGate-noRTA,8002,0.0393825189132384,0.0530244658286564,0.0547635362272465,0.0,0.0,1.0,100.0,0.99998913766397,1.0,1.0,1.0,1.0
payload50,G-DetectorGate-noRTA,8003,0.0284645601052015,0.0368920097620482,0.0378243984525958,0.0,0.0,1.0,100.0,0.9925841748851492,1.0,1.0,1.0,1.0
payload50,G-DetectorGate-noRTA,8004,0.0314252979059879,0.0428483761850931,0.0443121340292906,0.0,0.0,1.0,100.0,0.99833461437447,1.0,1.0,1.0,1.0
payload50,G-DetectorGate-noRTA,8005,0.039206990657911,0.0523674980316539,0.0539283189288378,0.0,0.0,1.0,100.0,0.9999801964888267,1.0,1.0,1.0,1.0
payload50,G-DetectorGate-noRTA,8006,0.0302847258998331,0.0396756021429368,0.0407624361170993,0.0,0.0,1.0,100.0,0.9978476064495446,1.0,1.0,1.0,1.0
payload50,G-DetectorGate-noRTA,8007,0.0300957879155461,0.0407269433874619,0.0417664742828813,0.0,0.0,1.0,100.0,0.9974590208691392,1.0,1.0,1.0,1.0
payload50,G-DetectorGate-noRTA,8008,0.0393203814775031,0.0518155060749112,0.053096205657173,0.0,0.0,1.0,100.0,0.9999895783308,1.0,1.0,1.0,1.0
payload50,G-DetectorGate-noRTA,8009,0.0365424513705059,0.0471685244943236,0.0489100373750423,0.0,0.0,1.0,100.0,0.9998819613605237,1.0,1.0,1.0,1.0
payload50,G-DetectorGate-noRTA,8010,0.0294109849586776,0.0387229568900004,0.0399437567982301,0.0,0.0,1.0,100.0,0.9946821305272135,1.0,1.0,1.0,1.0
payload50,G-DetectorGate-noRTA,8011,0.0289169842795284,0.0390359028351914,0.0404087472168798,0.0,0.0,1.0,100.0,0.9884278210215138,1.0,1.0,1.0,1.0
payload50,G-DetectorGate-noRTA,8012,0.0369205981516758,0.0486880230681442,0.050109134665213,0.0,0.0,1.0,100.0,0.9999247233873252,1.0,1.0,1.0,1.0
payload50,G-DetectorGate-noRTA,8013,0.0306056543929379,0.0399002255861101,0.0413830499432554,0.0,0.0,1.0,100.0,0.9915243616188124,1.0,1.0,1.0,1.0
payload50,G-DetectorGate-noRTA,8014,0.0382980623935815,0.0521361186056622,0.0537269766071553,0.0,0.0,1.0,100.0,0.9999881661270252,1.0,1.0,1.0,1.0
payload50,G-DetectorGate-noRTA,8015,0.0352276593059714,0.0459967229036698,0.0471630820936775,0.0,0.0,1.0,100.0,0.9999296765857304,1.0,1.0,1.0,1.0
payload50,G-DetectorGate-noRTA,8016,0.0290243571364955,0.038722614501577,0.0400180989733208,0.0,0.0,1.0,100.0,0.9945717332864144,1.0,1.0,1.0,1.0
payload50,G-DetectorGate-noRTA,8017,0.0391209390006045,0.051713523283058,0.0530835329863109,0.0,0.0,1.0,100.0,0.9999887444571088,1.0,1.0,1.0,1.0
payload50,G-DetectorGate-noRTA,8018,0.0316196272405899,0.0426198470189227,0.0437356392831216,0.0,0.0,1.0,100.0,0.9973206719250576,1.0,1.0,1.0,1.0
payload50,G-DetectorGate-noRTA,8019,0.0387726478620859,0.0510218198249704,0.0520570871556181,0.0,0.0,1.0,100.0,0.9999884421286884,1.0,1.0,1.0,1.0
payload50,G-DetectorGate-noRTA,8020,0.0312900711680881,0.0427165785080542,0.0436768998807341,0.0,0.0,1.0,100.0,0.9930139373428416,1.0,1.0,1.0,1.0
payload50,G-DetectorGate-noRTA,8021,0.0332948802127259,0.0465511658916863,0.0482284032402814,0.0,0.0,1.0,100.0,0.9989936157873164,1.0,1.0,1.0,1.0
payload50,G-DetectorGate-noRTA,8022,0.0303356881430239,0.0419684177103732,0.0433280114748872,0.0,0.0,1.0,100.0,0.9975815848476868,1.0,1.0,1.0,1.0
payload50,G-DetectorGate-noRTA,8023,0.0417839729802266,0.0525793268282474,0.0541942187946121,0.0,0.0,1.0,100.0,0.9999987578590712,1.0,1.0,1.0,1.0
payload50,G-DetectorGate-noRTA,8024,0.0374807206847102,0.0487851892486137,0.0505173955233749,0.0,0.0,1.0,100.0,0.9999355836563576,1.0,1.0,1.0,1.0
payload50,G-DetectorGate-noRTA,8025,0.0271544357610374,0.0371618439897975,0.038755639193238,0.0,0.0,1.0,100.0,0.9693835790066808,1.0,1.0,1.0,1.0
payload50,G-DetectorGate-noRTA,8026,0.0413227441649355,0.054095608869307,0.05531665866558,0.0,0.0,1.0,100.0,0.9999992544468834,1.0,1.0,1.0,1.0
payload50,G-DetectorGate-noRTA,8027,0.0344746907652703,0.0461397939861241,0.0473093186617405,0.0,0.0,1.0,100.0,0.9997096452779264,1.0,1.0,1.0,1.0
payload50,G-DetectorGate-noRTA,8028,0.0286981317333043,0.0389432680415244,0.0404870847211911,0.0,0.0,1.0,100.0,0.9935708165766828,1.0,1.0,1.0,1.0
payload50,G-DetectorGate-noRTA,8029,0.0267870364953619,0.0361702973700805,0.0373285134792438,0.0,0.0,1.0,100.0,0.988825050408468,1.0,1.0,1.0,1.0
payload50,G-DetectorGate-noRTA,8030,0.02811531210144,0.0375200713800668,0.0388575918602047,0.0,0.0,1.0,100.0,0.9781535166074258,1.0,1.0,1.0,1.0
payload50,G-DetectorGate-noRTA,8031,0.0406354936760558,0.0534456345900465,0.0549512431132414,0.0,0.0,1.0,100.0,0.9999946087932602,1.0,1.0,1.0,1.0
payload50,G-DetectorGate-noRTA,8032,0.0298909756290451,0.0402474478201047,0.0412810317527928,0.0,0.0,1.0,100.0,0.9944566022894434,1.0,1.0,1.0,1.0
payload50,G-DetectorGate-noRTA,8033,0.03950665724013,0.0530539579137486,0.0550843954509437,0.0,0.0,1.0,100.0,0.9999846912844128,1.0,1.0,1.0,1.0
payload50,G-DetectorGate-noRTA,8034,0.0329820567053029,0.0435141088106701,0.0440909828443888,0.0,0.0,1.0,100.0,0.999168660934296,1.0,1.0,1.0,1.0
payload50,G-DetectorGate-noRTA,8035,0.0319139780029154,0.0428483376945242,0.0442771250568927,0.0,0.0,1.0,100.0,0.999381674937699,1.0,1.0,1.0,1.0
payload50,G-DetectorGate-noRTA,8036,0.0382838269816252,0.0549193722334119,0.0566934247385727,0.0,0.0,1.0,100.0,0.9999385957044062,1.0,1.0,1.0,1.0
payload50,G-DetectorGate-noRTA,8037,0.0342656588781861,0.0461309325829571,0.0476658555094207,0.0,0.0,1.0,100.0,0.9996981414085976,1.0,1.0,1.0,1.0
payload50,G-DetectorGate-noRTA,8038,0.0323008865101666,0.0432955148091057,0.0443444235947798,0.0,0.0,1.0,100.0,0.9966543975241052,1.0,1.0,1.0,1.0
payload50,G-DetectorGate-noRTA,8039,0.0316140425756972,0.0428776108125664,0.0436215672096277,0.0,0.0,1.0,100.0,0.9963720899304314,1.0,1.0,1.0,1.0
payload50,G-DetectorGate-noRTA,8040,0.0397290269299125,0.0520262340853007,0.0535992236404866,0.0,0.0,1.0,100.0,0.9999917737407076,1.0,1.0,1.0,1.0
payload50,G-DetectorGate-noRTA,8041,0.0296908661993372,0.0401172408503614,0.0414614228178778,0.0,0.0,1.0,100.0,0.9907814119927252,1.0,1.0,1.0,1.0
payload50,G-DetectorGate-noRTA,8042,0.042112103983428,0.0551649735088278,0.0566542487205521,0.0,0.0,1.0,100.0,0.9999985910549256,1.0,1.0,1.0,1.0
payload50,G-DetectorGate-noRTA,8043,0.0361499165726261,0.0479931948087972,0.0491241779487807,0.0,0.0,1.0,100.0,0.9998986606124752,1.0,1.0,1.0,1.0
payload50,G-DetectorGate-noRTA,8044,0.0338328519893572,0.0448715772663539,0.0466386571036061,0.0,0.0,1.0,100.0,0.9998597163268308,1.0,1.0,1.0,1.0
payload50,G-DetectorGate-noRTA,8045,0.0281005594681869,0.0378633467755753,0.039217568387221,0.0,0.0,1.0,100.0,0.9936835747091493,1.0,1.0,1.0,1.0
payload50,G-DetectorGate-noRTA,8046,0.0325956442804505,0.0429070534122205,0.0443901115395127,0.0,0.0,1.0,100.0,0.999653963575967,1.0,1.0,1.0,1.0
payload50,G-DetectorGate-noRTA,8047,0.0342934379364925,0.0469694395788944,0.048367431655104,0.0,0.0,1.0,100.0,0.9993610419546524,1.0,1.0,1.0,1.0
payload50,G-DetectorGate-noRTA,8048,0.0384911671097355,0.0524751872847691,0.0543314315841147,0.0,0.0,1.0,100.0,0.9999660727870132,1.0,1.0,1.0,1.0
payload50,G-DetectorGate-noRTA,8049,0.02839754358151,0.0380232893775214,0.0395246353277475,0.0,0.0,1.0,100.0,0.9844466723293488,1.0,1.0,1.0,1.0
payload50,G-DetectorGate-noRTA,8050,0.0329986953369017,0.0452615762151054,0.0468590871779351,0.0,0.0,1.0,100.0,0.9990016001899706,1.0,1.0,1.0,1.0
payload50,G-DetectorGate-noRTA,8051,0.0404000588270672,0.0549546242038572,0.0566815504249599,0.0,0.0,1.0,100.0,0.9999967286325842,1.0,1.0,1.0,1.0
payload50,G-DetectorGate-noRTA,8052,0.0322332711870549,0.0432709029393853,0.0446043353019188,0.0,0.0,1.0,100.0,0.9929769795437366,1.0,1.0,1.0,1.0
payload50,G-DetectorGate-noRTA,8053,0.0320147495633208,0.0433450981403553,0.0445093907106672,0.0,0.0,1.0,100.0,0.9986890433635884,1.0,1.0,1.0,1.0
payload50,G-DetectorGate-noRTA,8054,0.0295040460856166,0.0416385683800446,0.0433353243217057,0.0,0.0,1.0,100.0,0.9931858762048394,1.0,1.0,1.0,1.0
payload50,G-DetectorGate-noRTA,8055,0.0408038312247163,0.0542676676781592,0.0557960553762796,0.0,0.0,1.0,100.0,0.999985281745302,1.0,1.0,1.0,1.0
payload50,G-DetectorGate-noRTA,8056,0.0289009119541588,0.0370607588100679,0.0383123358785458,0.0,0.0,1.0,100.0,0.9972793455204704,1.0,1.0,1.0,1.0
payload50,G-DetectorGate-noRTA,8057,0.039939722395507,0.0535816529647502,0.0552800735634141,0.0,0.0,1.0,100.0,0.999956366445692,1.0,1.0,1.0,1.0
payload50,G-DetectorGate-noRTA,8058,0.0348855225163069,0.0478228002698109,0.0493167097452259,0.0,0.0,1.0,100.0,0.9994792059016304,1.0,1.0,1.0,1.0
payload50,G-DetectorGate-noRTA,8059,0.0282554773052457,0.0382708543610959,0.0396036151327994,0.0,0.0,1.0,100.0,0.9843501547808424,1.0,1.0,1.0,1.0
payload50,G-DetectorGate-noRTA,8060,0.0325672613782157,0.043766332010121,0.0451309627676273,0.0,0.0,1.0,100.0,0.995287237191385,1.0,1.0,1.0,1.0
payload50,G-DetectorGate-noRTA,8061,0.0321348950876314,0.0443899669752672,0.0456876993915916,0.0,0.0,1.0,100.0,0.994659461264076,1.0,1.0,1.0,1.0
payload50,G-DetectorGate-noRTA,8062,0.0346862029095146,0.0461393771048191,0.0471859732632956,0.0,0.0,1.0,100.0,0.999625795690553,1.0,1.0,1.0,1.0
payload50,G-DetectorGate-noRTA,8063,0.0319587220473171,0.0423896959824323,0.0435829033934118,0.0,0.0,1.0,100.0,0.9984877171685368,1.0,1.0,1.0,1.0
payload50,G-DetectorGate-noRTA,8064,0.0388564948139103,0.0529123409345146,0.0547743518054783,0.0,0.0,1.0,100.0,0.9999684790156286,1.0,1.0,1.0,1.0
payload50,G-DetectorGate-noRTA,8065,0.0290120750258034,0.0396891893764431,0.0406212675364846,0.0,0.0,1.0,100.0,0.9932658979244456,1.0,1.0,1.0,1.0
payload50,G-DetectorGate-noRTA,8066,0.0277992053373667,0.0380729105053338,0.0389430689456798,0.0,0.0,1.0,100.0,0.9844569524893516,1.0,1.0,1.0,1.0
payload50,G-DetectorGate-noRTA,8067,0.0384406631166908,0.0496081014130561,0.0507696958111856,0.0,0.0,1.0,100.0,0.9999340771976456,1.0,1.0,1.0,1.0
payload50,G-DetectorGate-noRTA,8068,0.0270298168406757,0.0369736605941251,0.0382989505763808,0.0,0.0,1.0,100.0,0.9786250591437512,1.0,1.0,1.0,1.0
payload50,G-DetectorGate-noRTA,8069,0.0356178350155281,0.0483695502957008,0.0498824707166344,0.0,0.0,1.0,100.0,0.9997939866138178,1.0,1.0,1.0,1.0
payload50,G-DetectorGate-noRTA,8070,0.0300612611825336,0.0389855509394714,0.0402461068383755,0.0,0.0,1.0,100.0,0.9955165038152776,1.0,1.0,1.0,1.0
payload50,G-DetectorGate-noRTA,8071,0.0270652348534068,0.0358661975481864,0.0364365039330466,0.0,0.0,1.0,100.0,0.9860656102510478,1.0,1.0,1.0,1.0
payload50,G-DetectorGate-noRTA,8072,0.0377648540600618,0.0503598142231591,0.0520503785526507,0.0,0.0,1.0,100.0,0.9999757926714204,1.0,1.0,1.0,1.0
payload50,G-DetectorGate-noRTA,8073,0.0394467953420479,0.0526933012411648,0.0544340073851821,0.0,0.0,1.0,100.0,0.9999703010318756,1.0,1.0,1.0,1.0
payload50,G-DetectorGate-noRTA,8074,0.0398846451412998,0.0535368801555897,0.0555515181328903,0.0,0.0,1.0,100.0,0.9999908802565274,1.0,1.0,1.0,1.0
payload50,G-DetectorGate-noRTA,8075,0.0357583744895094,0.0473755700935101,0.0486230885248317,0.0,0.0,1.0,100.0,0.9997090328232864,1.0,1.0,1.0,1.0
payload50,G-DetectorGate-noRTA,8076,0.030205072929132,0.0405805842556808,0.0422587649281754,0.0,0.0,1.0,100.0,0.9973142660317676,1.0,1.0,1.0,1.0
payload50,G-DetectorGate-noRTA,8077,0.0298482541781175,0.0394351302350812,0.0404543535936546,0.0,0.0,1.0,100.0,0.9968564800096515,1.0,1.0,1.0,1.0
payload50,G-DetectorGate-noRTA,8078,0.0307675098235873,0.0414062221752373,0.0430224550532812,0.0,0.0,1.0,100.0,0.9980875133692348,1.0,1.0,1.0,1.0
payload50,G-DetectorGate-noRTA,8079,0.0286270692909099,0.0391208538190185,0.0401529776079144,0.0,0.0,1.0,100.0,0.9946112579251396,1.0,1.0,1.0,1.0
payload50,G-DetectorGate-noRTA,8080,0.0276902370121302,0.0368985595079746,0.0381895316742132,0.0,0.0,1.0,100.0,0.9906252032015178,1.0,1.0,1.0,1.0
payload50,G-DetectorGate-noRTA,8081,0.0380598964581493,0.0508305605100929,0.0522963064766218,0.0,0.0,1.0,100.0,0.9999311897107288,1.0,1.0,1.0,1.0
payload50,G-DetectorGate-noRTA,8082,0.0278374502743603,0.0353041169937372,0.0362421001520931,0.0,0.0,1.0,100.0,0.988044559311908,1.0,1.0,1.0,1.0
payload50,G-DetectorGate-noRTA,8083,0.0388683372922126,0.0523809714215875,0.054090478563746,0.0,0.0,1.0,100.0,0.9999292111986674,1.0,1.0,1.0,1.0
payload50,G-DetectorGate-noRTA,8084,0.0362059021134801,0.0494534165759676,0.0509133680990325,0.0,0.0,1.0,100.0,0.9997008100298792,1.0,1.0,1.0,1.0
payload50,G-DetectorGate-noRTA,8085,0.0414879853355046,0.0565614363207444,0.0589430715954604,0.0,0.0,1.0,100.0,0.999993967169561,1.0,1.0,1.0,1.0
payload50,G-DetectorGate-noRTA,8086,0.0274675557259411,0.0380271429906975,0.0388832528203566,0.0,0.0,1.0,100.0,0.9862318724735868,1.0,1.0,1.0,1.0
payload50,G-DetectorGate-noRTA,8087,0.02778380327027,0.0370845112512379,0.0383034219545857,0.0,0.0,1.0,100.0,0.9874664750827992,1.0,1.0,1.0,1.0
payload50,G-DetectorGate-noRTA,8088,0.0354525014430868,0.047637492415962,0.0494325647750131,0.0,0.0,1.0,100.0,0.9996975604585924,1.0,1.0,1.0,1.0
payload50,G-DetectorGate-noRTA,8089,0.0403337320316621,0.0529740060146419,0.0546347955223209,0.0,0.0,1.0,100.0,0.9999955870549988,1.0,1.0,1.0,1.0
payload50,G-DetectorGate-noRTA,8090,0.039768799619089,0.0520639136930023,0.053859925031835,0.0,0.0,1.0,100.0,0.9999872379711652,1.0,1.0,1.0,1.0
payload50,G-DetectorGate-noRTA,8091,0.0324781343464596,0.0447931834109353,0.0459021379925092,0.0,0.0,1.0,100.0,0.9985991235120985,1.0,1.0,1.0,1.0
payload50,G-DetectorGate-noRTA,8092,0.0309482990895835,0.0413671978712312,0.042635412493619,0.0,0.0,1.0,100.0,0.997719878218822,1.0,1.0,1.0,1.0
payload50,G-DetectorGate-noRTA,8093,0.0275514918306988,0.0370475792785462,0.037884727971731,0.0,0.0,1.0,100.0,0.984861856621444,1.0,1.0,1.0,1.0
payload50,G-DetectorGate-noRTA,8094,0.0291442599886637,0.0397600643907096,0.0409778986691851,0.0,0.0,1.0,100.0,0.9923719928717296,1.0,1.0,1.0,1.0
payload50,G-DetectorGate-noRTA,8095,0.0339198587826405,0.0438552563105016,0.0445489210678664,0.0,0.0,1.0,100.0,0.999789091197813,1.0,1.0,1.0,1.0
payload50,G-DetectorGate-noRTA,8096,0.0334085490905136,0.0444237222478986,0.0460437679735108,0.0,0.0,1.0,100.0,0.9992957753587576,1.0,1.0,1.0,1.0
payload50,G-DetectorGate-noRTA,8097,0.0335568013043307,0.0450358013376276,0.0462427494535468,0.0,0.0,1.0,100.0,0.9993208031157328,1.0,1.0,1.0,1.0
payload50,G-DetectorGate-noRTA,8098,0.0359346291874586,0.0481574674340032,0.0493277043034136,0.0,0.0,1.0,100.0,0.999633452798668,1.0,1.0,1.0,1.0
payload50,G-DetectorGate-noRTA,8099,0.0288630929665438,0.0388444918564442,0.0401916408900564,0.0,0.0,1.0,100.0,0.9919138381813112,1.0,1.0,1.0,1.0
payload50,H-RTA-SupervisedGate,8000,0.032612691971226,0.0438255553064079,0.0449988725785737,0.0,0.0,1.0,100.0,,,,,
payload50,H-RTA-SupervisedGate,8001,0.0356714655363948,0.0475835277224077,0.0491219313681459,0.0,0.0,1.0,100.0,,,,,
payload50,H-RTA-SupervisedGate,8002,0.0393826695967743,0.0530242705091877,0.0547635307966894,0.0,0.0,1.0,100.0,,,,,
payload50,H-RTA-SupervisedGate,8003,0.0284649276079071,0.0368916637066999,0.0378241733083462,0.0,0.0,0.994540491355778,99.4540491355778,,,,,
payload50,H-RTA-SupervisedGate,8004,0.0314253636669139,0.0428482082870229,0.0443121627348558,0.0,0.0,1.0,100.0,,,,,
payload50,H-RTA-SupervisedGate,8005,0.0392098366369159,0.0523768997096988,0.0539298706533939,0.0,0.0,1.0,100.0,,,,,
payload50,H-RTA-SupervisedGate,8006,0.030287794711963,0.0396809160350876,0.0407722191001444,0.0,0.0,1.0,100.0,,,,,
payload50,H-RTA-SupervisedGate,8007,0.0300990903012767,0.0407297423363718,0.04177523746303,0.0,0.0,1.0,100.0,,,,,
payload50,H-RTA-SupervisedGate,8008,0.0393227489125441,0.0518223827178579,0.0531010783187573,0.0,0.0,1.0,100.0,,,,,
payload50,H-RTA-SupervisedGate,8009,0.0365425063324771,0.0471674170116608,0.0489088759019735,0.0,0.0,1.0,100.0,,,,,
payload50,H-RTA-SupervisedGate,8010,0.029415638551525,0.0387272693926467,0.0399520981809605,0.0,0.0,0.997270245677889,99.7270245677889,,,,,
payload50,H-RTA-SupervisedGate,8011,0.0289239175810754,0.0390397220911799,0.0404107130926646,0.0,0.0,0.9818016378525932,98.18016378525932,,,,,
payload50,H-RTA-SupervisedGate,8012,0.0369237054144396,0.0487045664847682,0.0501174428372804,0.0,0.0,1.0,100.0,,,,,
payload50,H-RTA-SupervisedGate,8013,0.0306057242969178,0.0399081297478191,0.0413958960142277,0.0,0.0,0.986351228389445,98.6351228389445,,,,,
payload50,H-RTA-SupervisedGate,8014,0.0382998549534942,0.0521463561792929,0.0537327584188862,0.0,0.0,1.0,100.0,,,,,
payload50,H-RTA-SupervisedGate,8015,0.0352303567787196,0.0459997376904322,0.0471730451390877,0.0,0.0,1.0,100.0,,,,,
payload50,H-RTA-SupervisedGate,8016,0.0290254643931026,0.0387295265405848,0.0400211986112427,0.0,0.0,0.997270245677889,99.7270245677889,,,,,
payload50,H-RTA-SupervisedGate,8017,0.039123126097658,0.0517218104398897,0.0530875109735125,0.0,0.0,1.0,100.0,,,,,
payload50,H-RTA-SupervisedGate,8018,0.0316213814769859,0.0426228226231166,0.0437415404792693,0.0,0.0,0.997270245677889,99.7270245677889,,,,,
payload50,H-RTA-SupervisedGate,8019,0.0387754489818663,0.0510263440178698,0.0520661583740156,0.0,0.0,1.0,100.0,,,,,
payload50,H-RTA-SupervisedGate,8020,0.0312898315836779,0.0427383076537453,0.0436904941129166,0.0,0.0,0.9899909008189264,98.99909008189265,,,,,
payload50,H-RTA-SupervisedGate,8021,0.0332949159151153,0.0465510737578688,0.0482282485771364,0.0,0.0,1.0,100.0,,,,,
payload50,H-RTA-SupervisedGate,8022,0.0303378403849117,0.0419805268442558,0.0433319749281879,0.0,0.0,1.0,100.0,,,,,
payload50,H-RTA-SupervisedGate,8023,0.0417839760346479,0.0525781273785235,0.0541929276833898,0.0,0.0,1.0,100.0,,,,,
payload50,H-RTA-SupervisedGate,8024,0.0374818612311112,0.0487964945296151,0.0505248328452452,0.0,0.0,1.0,100.0,,,,,
payload50,H-RTA-SupervisedGate,8025,0.0271532878452388,0.0371618906153194,0.038755498572783,0.0,0.0,0.9508644222020018,95.08644222020018,,,,,
payload50,H-RTA-SupervisedGate,8026,0.04132500485331,0.0541055610789208,0.0553195173553298,0.0,0.0,1.0,100.0,,,,,
payload50,H-RTA-SupervisedGate,8027,0.0344742097674303,0.0461382993440679,0.0473082646642816,0.0,0.0,1.0,100.0,,,,,
payload50,H-RTA-SupervisedGate,8028,0.0286982289625786,0.0389431422036554,0.0404870613609742,0.0,0.0,1.0,100.0,,,,,
payload50,H-RTA-SupervisedGate,8029,0.0267881243078479,0.0361702402571423,0.037328539423103,0.0,0.0,0.997270245677889,99.7270245677889,,,,,
payload50,H-RTA-SupervisedGate,8030,0.0281115195147889,0.0375277306134682,0.0388625736195276,0.0,0.0,0.9626933575978162,96.2693357597816,,,,,
payload50,H-RTA-SupervisedGate,8031,0.0406359038866351,0.0534468114422726,0.0549503984084944,0.0,0.0,1.0,100.0,,,,,
payload50,H-RTA-SupervisedGate,8032,0.029891640284521,0.0402492867704181,0.0412849690043968,0.0,0.0,0.989080982711556,98.9080982711556,,,,,
payload50,H-RTA-SupervisedGate,8033,0.0395099545567707,0.0530554785546243,0.0550901539435169,0.0,0.0,1.0,100.0,,,,,
payload50,H-RTA-SupervisedGate,8034,0.0329823908127753,0.0435145983737189,0.0440901729445174,0.0,0.0,1.0,100.0,,,,,
payload50,H-RTA-SupervisedGate,8035,0.0319133496205146,0.0428439212394982,0.0442731101858289,0.0,0.0,1.0,100.0,,,,,
payload50,H-RTA-SupervisedGate,8036,0.0382838457527675,0.0549193837663349,0.0566933104905023,0.0,0.0,1.0,100.0,,,,,
payload50,H-RTA-SupervisedGate,8037,0.0342700897433271,0.0461419735959346,0.0476845032361742,0.0,0.0,1.0,100.0,,,,,
payload50,H-RTA-SupervisedGate,8038,0.0323006560130645,0.043295385319278,0.0443434713501386,0.0,0.0,1.0,100.0,,,,,
payload50,H-RTA-SupervisedGate,8039,0.0316201500676505,0.0428775245377083,0.0436214389381847,0.0,0.0,0.997270245677889,99.7270245677889,,,,,
payload50,H-RTA-SupervisedGate,8040,0.0397331689498851,0.0520289190631516,0.0536055895089451,0.0,0.0,1.0,100.0,,,,,
payload50,H-RTA-SupervisedGate,8041,0.0296953526716762,0.0401407924692255,0.0414822227184447,0.0,0.0,0.991810737033667,99.18107370336668,,,,,
payload50,H-RTA-SupervisedGate,8042,0.0421124999640837,0.0551624019198718,0.0566521239122763,0.0,0.0,1.0,100.0,,,,,
payload50,H-RTA-SupervisedGate,8043,0.0361526403695339,0.0479928806942233,0.0491296602399847,0.0,0.0,1.0,100.0,,,,,
payload50,H-RTA-SupervisedGate,8044,0.0338329900224529,0.0448719502873541,0.0466385740456282,0.0,0.0,1.0,100.0,,,,,
payload50,H-RTA-SupervisedGate,8045,0.0281015168668462,0.037868837357865,0.0392208190845832,0.0,0.0,1.0,100.0,,,,,
payload50,H-RTA-SupervisedGate,8046,0.0325984956895199,0.0429236310142276,0.0443996458688842,0.0,0.0,1.0,100.0,,,,,
payload50,H-RTA-SupervisedGate,8047,0.0342938989596405,0.0469697454901865,0.0483690095165451,0.0,0.0,1.0,100.0,,,,,
payload50,H-RTA-SupervisedGate,8048,0.0384913054962428,0.0524751624578961,0.0543316613163018,0.0,0.0,1.0,100.0,,,,,
payload50,H-RTA-SupervisedGate,8049,0.028404629097515,0.0380230948580805,0.039524432486704,0.0,0.0,0.9745222929936306,97.45222929936304,,,,,
payload50,H-RTA-SupervisedGate,8050,0.0329989223922246,0.0452608806956345,0.046859156825683,0.0,0.0,1.0,100.0,,,,,
payload50,H-RTA-SupervisedGate,8051,0.0404001888122356,0.0549551476818973,0.0566816511143694,0.0,0.0,1.0,100.0,,,,,
payload50,H-RTA-SupervisedGate,8052,0.0322385017122878,0.0432731569704493,0.0446100629380221,0.0,0.0,0.997270245677889,99.7270245677889,,,,,
payload50,H-RTA-SupervisedGate,8053,0.0320116559396146,0.0433405576369175,0.0445034113798078,0.0,0.0,0.997270245677889,99.7270245677889,,,,,
payload50,H-RTA-SupervisedGate,8054,0.0295031972196591,0.0416345969473582,0.0433290160074173,0.0,0.0,0.994540491355778,99.4540491355778,,,,,
payload50,H-RTA-SupervisedGate,8055,0.0408055710008567,0.0542679224853853,0.0557981774950257,0.0,0.0,1.0,100.0,,,,,
payload50,H-RTA-SupervisedGate,8056,0.0289033107675841,0.0370757145434111,0.0383186315634949,0.0,0.0,1.0,100.0,,,,,
payload50,H-RTA-SupervisedGate,8057,0.0399397570437363,0.0535809509055506,0.0552792945257059,0.0,0.0,1.0,100.0,,,,,
payload50,H-RTA-SupervisedGate,8058,0.0348877757932751,0.0478253323902517,0.0493254890319463,0.0,0.0,1.0,100.0,,,,,
payload50,H-RTA-SupervisedGate,8059,0.028253277409709,0.0382555742621631,0.0395935748152403,0.0,0.0,0.9808917197452228,98.08917197452227,,,,,
payload50,H-RTA-SupervisedGate,8060,0.0325669388373077,0.0437842225986087,0.0451407277082193,0.0,0.0,0.994540491355778,99.4540491355778,,,,,
payload50,H-RTA-SupervisedGate,8061,0.0321343230224582,0.0443898243672451,0.0456875901469515,0.0,0.0,0.994540491355778,99.4540491355778,,,,,
payload50,H-RTA-SupervisedGate,8062,0.0346881220375151,0.0461524430291109,0.0471929929782772,0.0,0.0,1.0,100.0,,,,,
payload50,H-RTA-SupervisedGate,8063,0.0319600734631448,0.0423976795198258,0.0435873990045591,0.0,0.0,1.0,100.0,,,,,
payload50,H-RTA-SupervisedGate,8064,0.0388564530784046,0.0529122015000245,0.0547741987333029,0.0,0.0,1.0,100.0,,,,,
payload50,H-RTA-SupervisedGate,8065,0.0290131069027168,0.0396750994231176,0.0406087665966513,0.0,0.0,0.997270245677889,99.7270245677889,,,,,
payload50,H-RTA-SupervisedGate,8066,0.0278057042152315,0.0380732477937027,0.0389430142509134,0.0,0.0,0.9845313921747044,98.45313921747044,,,,,
payload50,H-RTA-SupervisedGate,8067,0.0384406562595006,0.0496081014141528,0.0507695711058771,0.0,0.0,1.0,100.0,,,,,
payload50,H-RTA-SupervisedGate,8068,0.0270398318270508,0.0369676378038692,0.0382924339197157,0.0,0.0,0.9754322111010008,97.54322111010008,,,,,
payload50,H-RTA-SupervisedGate,8069,0.0356220453999561,0.0483776439184969,0.0498946590455026,0.0,0.0,1.0,100.0,,,,,
payload50,H-RTA-SupervisedGate,8070,0.0300622740560463,0.0389889732262281,0.040245758220085,0.0,0.0,1.0,100.0,,,,,
payload50,H-RTA-SupervisedGate,8071,0.0270685070664615,0.0358728564687909,0.0364391469146125,0.0,0.0,0.989080982711556,98.9080982711556,,,,,
payload50,H-RTA-SupervisedGate,8072,0.0377651841909013,0.0503582945885337,0.0520491125892789,0.0,0.0,1.0,100.0,,,,,
payload50,H-RTA-SupervisedGate,8073,0.0394491244947982,0.0527041264539548,0.0544378685196146,0.0,0.0,1.0,100.0,,,,,
payload50,H-RTA-SupervisedGate,8074,0.0398847896482966,0.0535374573914452,0.0555516112655074,0.0,0.0,1.0,100.0,,,,,
payload50,H-RTA-SupervisedGate,8075,0.0357579613835834,0.0473744614300698,0.0486212810370791,0.0,0.0,1.0,100.0,,,,,
payload50,H-RTA-SupervisedGate,8076,0.0302052378580821,0.0405804001987997,0.0422587431622052,0.0,0.0,1.0,100.0,,,,,
payload50,H-RTA-SupervisedGate,8077,0.0298490584535838,0.0394352791179213,0.0404568657662484,0.0,0.0,0.997270245677889,99.7270245677889,,,,,
payload50,H-RTA-SupervisedGate,8078,0.0307667615656893,0.0414019428302164,0.0430198149452271,0.0,0.0,1.0,100.0,,,,,
payload50,H-RTA-SupervisedGate,8079,0.0286231500057555,0.0391205896323603,0.0401527268056792,0.0,0.0,0.997270245677889,99.7270245677889,,,,,
payload50,H-RTA-SupervisedGate,8080,0.0276968638730842,0.0369311105618285,0.0382055949688925,0.0,0.0,0.991810737033667,99.18107370336668,,,,,
payload50,H-RTA-SupervisedGate,8081,0.0380612651544056,0.0508368406127717,0.0522991199753757,0.0,0.0,1.0,100.0,,,,,
payload50,H-RTA-SupervisedGate,8082,0.0278422724670715,0.0353060423695955,0.0362472615143948,0.0,0.0,0.986351228389445,98.6351228389445,,,,,
payload50,H-RTA-SupervisedGate,8083,0.0388683803809474,0.0523808647108534,0.0540903792240053,0.0,0.0,1.0,100.0,,,,,
payload50,H-RTA-SupervisedGate,8084,0.0362098603464838,0.0494566860795677,0.0509204609310762,0.0,0.0,1.0,100.0,,,,,
payload50,H-RTA-SupervisedGate,8085,0.0414873719695718,0.0565603084514732,0.0589419463479993,0.0,0.0,1.0,100.0,,,,,
payload50,H-RTA-SupervisedGate,8086,0.0274722460140228,0.0380297650322114,0.0388871010183155,0.0,0.0,0.9909008189262968,99.09008189262968,,,,,
payload50,H-RTA-SupervisedGate,8087,0.0277881578421962,0.0371089319307375,0.0383143626489187,0.0,0.0,0.989080982711556,98.9080982711556,,,,,
payload50,H-RTA-SupervisedGate,8088,0.0354565521022805,0.0476595962452378,0.0494443087516173,0.0,0.0,1.0,100.0,,,,,
payload50,H-RTA-SupervisedGate,8089,0.0403362733727565,0.0529749919685293,0.0546406055025272,0.0,0.0,1.0,100.0,,,,,
payload50,H-RTA-SupervisedGate,8090,0.0397687565420546,0.0520636485128957,0.0538602107413102,0.0,0.0,1.0,100.0,,,,,
payload50,H-RTA-SupervisedGate,8091,0.0324803331207035,0.044804980341665,0.0459099911093792,0.0,0.0,1.0,100.0,,,,,
payload50,H-RTA-SupervisedGate,8092,0.0309556031949755,0.0413989481412591,0.0426537158446067,0.0,0.0,0.994540491355778,99.4540491355778,,,,,
payload50,H-RTA-SupervisedGate,8093,0.0275415026594458,0.037026250140655,0.0378690291750807,0.0,0.0,0.989080982711556,98.9080982711556,,,,,
payload50,H-RTA-SupervisedGate,8094,0.0291455108666539,0.0397602602991026,0.040981032663621,0.0,0.0,0.991810737033667,99.18107370336668,,,,,
payload50,H-RTA-SupervisedGate,8095,0.033918640023436,0.0438537340860573,0.0445464171089471,0.0,0.0,1.0,100.0,,,,,
payload50,H-RTA-SupervisedGate,8096,0.0334107520805115,0.0444243073818582,0.0460472675780788,0.0,0.0,1.0,100.0,,,,,
payload50,H-RTA-SupervisedGate,8097,0.0335567860022798,0.0450358543935094,0.0462426356659034,0.0,0.0,1.0,100.0,,,,,
payload50,H-RTA-SupervisedGate,8098,0.0359390604160275,0.0481779763260351,0.0493393448944133,0.0,0.0,1.0,100.0,,,,,
payload50,H-RTA-SupervisedGate,8099,0.0288693856362651,0.0388443466116616,0.0401917230345252,0.0,0.0,0.991810737033667,99.18107370336668,,,,,
payload50,I-ContinuousRiskGovernor,8000,0.0326126911638928,0.043825545721445,0.0449988657857822,0.0,0.0,0.9978718354876722,100.0,0.9978718354876722,1.0,1.0,1.0,1.0
payload50,I-ContinuousRiskGovernor,8001,0.0356714665497749,0.0475835306534875,0.0491219359681222,0.0,0.0,0.9999267359226902,100.0,0.9999267359226902,1.0,1.0,1.0,1.0
payload50,I-ContinuousRiskGovernor,8002,0.0393826694658359,0.0530242702098277,0.0547635301664907,0.0,0.0,0.9999891373154552,100.0,0.9999891376579856,1.0,1.0,0.9999999996574698,1.0
payload50,I-ContinuousRiskGovernor,8003,0.0284649301962765,0.0368916644921188,0.0378241741398136,0.0,0.0,0.9887909354852116,99.4540491355778,0.9925672023492536,1.0,1.0,1.0,1.0
payload50,I-ContinuousRiskGovernor,8004,0.0314253640999523,0.0428482083250704,0.0443121627795794,0.0,0.0,0.9983345984678316,100.0,0.9983345984678316,1.0,1.0,1.0,1.0
payload50,I-ContinuousRiskGovernor,8005,0.039209836405818,0.0523768986619566,0.0539298702056423,0.0,0.0,0.9999801923831342,100.0,0.9999801963834984,1.0,1.0,0.9999999959996356,1.0
payload50,I-ContinuousRiskGovernor,8006,0.0302877959040589,0.0396809170028466,0.0407722206290937,0.0,0.0,0.997848954634641,100.0,0.997848954634641,1.0,1.0,1.0,1.0
payload50,I-ContinuousRiskGovernor,8007,0.0300990909662485,0.0407297443054998,0.0417752405690657,0.0,0.0,0.997461362434218,100.0,0.997461362434218,1.0,1.0,1.0,1.0
payload50,I-ContinuousRiskGovernor,8008,0.0393227489210829,0.051822382873528,0.0531010792969799,0.0,0.0,0.9999895877112926,100.0,0.9999895877112926,1.0,1.0,1.0,1.0
payload50,I-ContinuousRiskGovernor,8009,0.0365425066881635,0.0471674166775745,0.0489088759378913,0.0,0.0,0.9998819347102064,100.0,0.9998819347102064,1.0,1.0,1.0,1.0
payload50,I-ContinuousRiskGovernor,8010,0.0294156389275201,0.0387272698113556,0.0399520985671345,0.0,0.0,0.9925291556946017,99.7270245677889,0.9946837489668768,1.0,1.0,1.0,1.0
payload50,I-ContinuousRiskGovernor,8011,0.0289239203550105,0.0390397269153478,0.0404107190175971,0.0,0.0,0.9747935361939782,98.18016378525932,0.9884955607091526,1.0,1.0,1.0,1.0
payload50,I-ContinuousRiskGovernor,8012,0.0369237049246866,0.048704563887933,0.0501174415029361,0.0,0.0,0.9999245827098954,100.0,0.9999245829932188,1.0,1.0,0.9999999997166766,1.0
payload50,I-ContinuousRiskGovernor,8013,0.0306057272278786,0.0399081377914465,0.041395902747612,0.0,0.0,0.9813544217006568,98.6351228389445,0.9915055461209156,1.0,1.0,1.0,1.0
payload50,I-ContinuousRiskGovernor,8014,0.0382998554616104,0.0521463589690465,0.0537327599488699,0.0,0.0,0.9999881658554328,100.0,0.9999881658554328,1.0,1.0,1.0,1.0
payload50,I-ContinuousRiskGovernor,8015,0.0352303571683029,0.0459997388320989,0.0471730471500236,0.0,0.0,0.999929767346166,100.0,0.999929767346166,1.0,1.0,1.0,1.0
payload50,I-ContinuousRiskGovernor,8016,0.0290254660057348,0.0387295254446429,0.0400211974067549,0.0,0.0,0.9923408845744596,99.7270245677889,0.9945694981124482,1.0,1.0,1.0,1.0
payload50,I-ContinuousRiskGovernor,8017,0.0391231259340433,0.051721809085301,0.0530875097546438,0.0,0.0,0.9999887480850912,100.0,0.9999887480850912,1.0,1.0,1.0,1.0
payload50,I-ContinuousRiskGovernor,8018,0.0316213834800069,0.0426228252456848,0.0437415446263405,0.0,0.0,0.9950837737350549,99.7270245677889,0.9973040687398896,1.0,1.0,1.0,1.0
payload50,I-ContinuousRiskGovernor,8019,0.0387754503250246,0.0510263463672313,0.0520661627301419,0.0,0.0,0.9999884502526384,100.0,0.9999884502526384,1.0,1.0,1.0,1.0
payload50,I-ContinuousRiskGovernor,8020,0.0312898339823323,0.0427383180500032,0.0436905027110473,0.0,0.0,0.9855685554153012,98.99909008189265,0.9929101778483412,1.0,1.0,1.0,1.0
payload50,I-ContinuousRiskGovernor,8021,0.0332949159102126,0.0465510737975991,0.0482282486117142,0.0,0.0,0.998993614527632,100.0,0.998993614527632,1.0,1.0,1.0,1.0
payload50,I-ContinuousRiskGovernor,8022,0.0303378396524682,0.0419805190826744,0.0433319732696599,0.0,0.0,0.9975815035504386,100.0,0.9975815035504386,1.0,1.0,1.0,1.0
payload50,I-ContinuousRiskGovernor,8023,0.0417839770117686,0.0525781314364474,0.0541929294856624,0.0,0.0,0.9999987388789964,100.0,0.9999987580071008,1.0,1.0,0.9999999808718956,1.0
payload50,I-ContinuousRiskGovernor,8024,0.0374818624101548,0.0487965015680797,0.0505248383035753,0.0,0.0,0.9999355797806752,100.0,0.9999355797806752,1.0,1.0,1.0,1.0
payload50,I-ContinuousRiskGovernor,8025,0.0271532914495421,0.0371618946472522,0.0387555020530715,0.0,0.0,0.9377533419989168,95.08644222020018,0.9691055158245891,1.0,1.0,1.0,1.0
payload50,I-ContinuousRiskGovernor,8026,0.0413250043011601,0.0541055581447369,0.055319516186985,0.0,0.0,0.999999238622995,100.0,0.9999992543957552,1.0,1.0,0.9999999842272398,1.0
payload50,I-ContinuousRiskGovernor,8027,0.0344742114717151,0.046138304270445,0.0473082729286945,0.0,0.0,0.9997096538785262,100.0,0.9997096538785262,1.0,1.0,1.0,1.0
payload50,I-ContinuousRiskGovernor,8028,0.0286982319357602,0.0389431427697881,0.0404870625024832,0.0,0.0,0.993570784940172,100.0,0.993570784940172,1.0,1.0,1.0,1.0
payload50,I-ContinuousRiskGovernor,8029,0.0267881294925904,0.0361702522820124,0.0373285562986156,0.0,0.0,0.9866300435458156,99.7270245677889,0.98884748751338,1.0,1.0,1.0,1.0
payload50,I-ContinuousRiskGovernor,8030,0.0281115295981942,0.0375277614037567,0.0388626160474019,0.0,0.0,0.9546187063168444,96.2693357597816,0.9779286095645876,1.0,1.0,1.0,1.0
payload50,I-ContinuousRiskGovernor,8031,0.0406359032413022,0.0534468086327931,0.0549503970909004,0.0,0.0,0.9999945038874531,100.0,0.9999946087446712,1.0,1.0,0.9999998951427818,1.0
payload50,I-ContinuousRiskGovernor,8032,0.0298916442121903,0.0402492942585455,0.0412849787527487,0.0,0.0,0.9858746949876154,98.9080982711556,0.9944326090888008,1.0,1.0,1.0,1.0
payload50,I-ContinuousRiskGovernor,8033,0.0395099547194319,0.0530554787748451,0.0550901543531092,0.0,0.0,0.9999846572724712,100.0,0.9999846905883016,1.0,1.0,0.9999999666841688,1.0
payload50,I-ContinuousRiskGovernor,8034,0.0329823943169618,0.0435146128148348,0.0440901824773114,0.0,0.0,0.9991686158950386,100.0,0.9991686158950386,1.0,1.0,1.0,1.0
payload50,I-ContinuousRiskGovernor,8035,0.0319133493105133,0.0428439178632248,0.0442731074064057,0.0,0.0,0.9993816074858288,100.0,0.9993816074858288,1.0,1.0,1.0,1.0
payload50,I-ContinuousRiskGovernor,8036,0.0382838457490526,0.0549193836603859,0.0566933103927383,0.0,0.0,0.9999385689100512,100.0,0.9999385956872456,1.0,1.0,0.9999999732228056,1.0
payload50,I-ContinuousRiskGovernor,8037,0.0342700895668917,0.0461419723748337,0.0476845006682956,0.0,0.0,0.9996981337416084,100.0,0.9996981337416084,1.0,1.0,1.0,1.0
payload50,I-ContinuousRiskGovernor,8038,0.0323006584867052,0.0432954014117165,0.0443434800098152,0.0,0.0,0.996654362372558,100.0,0.996654362372558,1.0,1.0,1.0,1.0
payload50,I-ContinuousRiskGovernor,8039,0.0316201510069079,0.042877524414981,0.0436214389177468,0.0,0.0,0.9944263594075896,99.7270245677889,0.9964157297907896,1.0,1.0,1.0,1.0
payload50,I-ContinuousRiskGovernor,8040,0.0397331686961026,0.0520289189037332,0.0536055890064569,0.0,0.0,0.9999917784433784,100.0,0.9999917784433784,1.0,1.0,1.0,1.0
payload50,I-ContinuousRiskGovernor,8041,0.029695356230191,0.0401408050864192,0.0414822394170561,0.0,0.0,0.9853931652380504,99.18107370336668,0.9907437030300938,1.0,1.0,1.0,1.0
payload50,I-ContinuousRiskGovernor,8042,0.0421124998863275,0.0551624015071686,0.0566521233033109,0.0,0.0,0.9999985406152466,100.0,0.9999985910365172,1.0,1.0,0.9999999495787296,1.0
payload50,I-ContinuousRiskGovernor,8043,0.03615264013091,0.0479928816841343,0.0491296604806227,0.0,0.0,0.9998986625842172,100.0,0.9998986625842172,1.0,1.0,1.0,1.0
payload50,I-ContinuousRiskGovernor,8044,0.0338329901127986,0.0448719500285232,0.0466385739557621,0.0,0.0,0.9998597157738068,100.0,0.9998597157738068,1.0,1.0,1.0,1.0
payload50,I-ContinuousRiskGovernor,8045,0.0281015217283734,0.037868845982716,0.0392208249651174,0.0,0.0,0.9936832037289776,100.0,0.9936832037289776,1.0,1.0,1.0,1.0
payload50,I-ContinuousRiskGovernor,8046,0.0325984952213501,0.0429236272298134,0.0443996428948467,0.0,0.0,0.9996539565699264,100.0,0.9996539565699264,1.0,1.0,1.0,1.0
payload50,I-ContinuousRiskGovernor,8047,0.0342938993201775,0.0469697459850311,0.0483690103562001,0.0,0.0,0.9993610391380208,100.0,0.9993610391380208,1.0,1.0,1.0,1.0
payload50,I-ContinuousRiskGovernor,8048,0.0384913058219623,0.0524751625196985,0.0543316620282697,0.0,0.0,0.999966042812736,100.0,0.9999660726556558,1.0,1.0,0.9999999701570804,1.0
payload50,I-ContinuousRiskGovernor,8049,0.0284046307598293,0.0380230941241016,0.0395244321097408,0.0,0.0,0.967954069594286,97.45222929936304,0.98444341478838,1.0,1.0,1.0,1.0
payload50,I-ContinuousRiskGovernor,8050,0.0329989226672615,0.0452608804221822,0.0468591565389945,0.0,0.0,0.9990015953942932,100.0,0.9990015953942932,1.0,1.0,1.0,1.0
payload50,I-ContinuousRiskGovernor,8051,0.0404001900710624,0.0549551541854784,0.0566816549652868,0.0,0.0,0.9999967189657014,100.0,0.9999967286818164,1.0,1.0,0.9999999902838852,1.0
payload50,I-ContinuousRiskGovernor,8052,0.0322385045659993,0.0432731602211787,0.0446100681090057,0.0,0.0,0.9909630850633196,99.7270245677889,0.9929772704318268,1.0,1.0,1.0,1.0
payload50,I-ContinuousRiskGovernor,8053,0.0320116558873644,0.0433405578187419,0.0445034112499936,0.0,0.0,0.9964251897475732,99.7270245677889,0.9986874244448368,1.0,1.0,1.0,1.0
payload50,I-ContinuousRiskGovernor,8054,0.0295031997651694,0.041634600966657,0.0433290219045766,0.0,0.0,0.9891905928598648,99.4540491355778,0.9931830512293264,1.0,1.0,1.0,1.0
payload50,I-ContinuousRiskGovernor,8055,0.0408055713494613,0.0542679225135911,0.0557981778663308,0.0,0.0,0.9999852367287592,100.0,0.9999852815317354,1.0,1.0,0.999999955197024,1.0
payload50,I-ContinuousRiskGovernor,8056,0.0289033110935381,0.0370757127729099,0.0383186314585341,0.0,0.0,0.99728133754413,100.0,0.99728133754413,1.0,1.0,1.0,1.0
payload50,I-ContinuousRiskGovernor,8057,0.0399397567613621,0.0535809497977097,0.0552792943230113,0.0,0.0,0.999956405967652,100.0,0.999956405967652,1.0,1.0,1.0,1.0
payload50,I-ContinuousRiskGovernor,8058,0.0348877758275783,0.0478253329452368,0.0493254899817122,0.0,0.0,0.9994791937749666,100.0,0.9994791937749666,1.0,1.0,1.0,1.0
payload50,I-ContinuousRiskGovernor,8059,0.0282532793031004,0.0382555745720032,0.0395935758883049,0.0,0.0,0.97045004901255,98.08917197452227,0.9843961187599202,1.0,1.0,1.0,1.0
payload50,I-ContinuousRiskGovernor,8060,0.0325669378796003,0.0437842145378797,0.0451407227724724,0.0,0.0,0.9912319472612836,99.4540491355778,0.9952387019349443,1.0,1.0,1.0,1.0
payload50,I-ContinuousRiskGovernor,8061,0.0321343255576721,0.0443898259488749,0.0456875925068702,0.0,0.0,0.990511130485436,99.4540491355778,0.9946460717621862,1.0,1.0,1.0,1.0
payload50,I-ContinuousRiskGovernor,8062,0.0346881227036245,0.0461524470314749,0.0471929953804267,0.0,0.0,0.9996258121539584,100.0,0.9996258121539584,1.0,1.0,1.0,1.0
payload50,I-ContinuousRiskGovernor,8063,0.0319600731509835,0.042397677163965,0.0435873977854549,0.0,0.0,0.9984879142960816,100.0,0.9984879142960816,1.0,1.0,1.0,1.0
payload50,I-ContinuousRiskGovernor,8064,0.0388564531112657,0.0529122017651448,0.0547741990024641,0.0,0.0,0.9999684468493304,100.0,0.9999684789971288,1.0,1.0,0.9999999678522016,1.0
payload50,I-ContinuousRiskGovernor,8065,0.0290131080118358,0.0396750980300157,0.040608766999142,0.0,0.0,0.9910232779443674,99.7270245677889,0.993259166717906,1.0,1.0,1.0,1.0
payload50,I-ContinuousRiskGovernor,8066,0.0278057083312811,0.0380732491148811,0.0389430160983413,0.0,0.0,0.9743151038606486,98.45313921747044,0.984540629979106,1.0,1.0,1.0,1.0
payload50,I-ContinuousRiskGovernor,8067,0.0384406562657945,0.0496081014350792,0.0507695711121515,0.0,0.0,0.9999340585002569,100.0,0.999934077191956,1.0,1.0,0.9999999813082988,1.0
payload50,I-ContinuousRiskGovernor,8068,0.0270398337720071,0.0369676375911143,0.0382924328480073,0.0,0.0,0.9617732487696622,97.54322111010008,0.9787819115893306,1.0,1.0,1.0,1.0
payload50,I-ContinuousRiskGovernor,8069,0.0356220452289232,0.0483776415758693,0.0498946568304883,0.0,0.0,0.9997939954621616,100.0,0.9997939954621616,1.0,1.0,1.0,1.0
payload50,I-ContinuousRiskGovernor,8070,0.0300622745750496,0.038988975845092,0.0402457611282216,0.0,0.0,0.9955153558187448,100.0,0.9955153558187448,1.0,1.0,1.0,1.0
payload50,I-ContinuousRiskGovernor,8071,0.0270685126972301,0.0358728562331588,0.0364391482752608,0.0,0.0,0.978023094696454,98.9080982711556,0.9860726026863096,1.0,1.0,1.0,1.0
payload50,I-ContinuousRiskGovernor,8072,0.0377651840703353,0.0503582947681039,0.0520491125505893,0.0,0.0,0.9999757915541332,100.0,0.9999757915541332,1.0,1.0,1.0,1.0
payload50,I-ContinuousRiskGovernor,8073,0.0394491249040478,0.0527041271833212,0.0544378689114791,0.0,0.0,0.9999703008529752,100.0,0.9999703008529752,1.0,1.0,1.0,1.0
payload50,I-ContinuousRiskGovernor,8074,0.0398847896403929,0.0535374573596843,0.0555516112376285,0.0,0.0,0.9999908460161144,100.0,0.9999908802468376,1.0,1.0,0.9999999657692772,1.0
payload50,I-ContinuousRiskGovernor,8075,0.0357579620090572,0.0473744622481462,0.0486212828771048,0.0,0.0,0.9997090318827484,100.0,0.9997090318827484,1.0,1.0,1.0,1.0
payload50,I-ContinuousRiskGovernor,8076,0.0302052396354285,0.0405804018371278,0.0422587455779206,0.0,0.0,0.9973142825329562,100.0,0.9973142825329562,1.0,1.0,1.0,1.0
payload50,I-ContinuousRiskGovernor,8077,0.0298490591079012,0.0394352798214608,0.0404568667893115,0.0,0.0,0.9946421650589848,99.7270245677889,0.9968506242498136,1.0,1.0,1.0,1.0
payload50,I-ContinuousRiskGovernor,8078,0.0307667621290559,0.0414019432553246,0.0430198155137219,0.0,0.0,0.9980875771400032,100.0,0.9980875771400032,1.0,1.0,1.0,1.0
payload50,I-ContinuousRiskGovernor,8079,0.0286231541160495,0.0391205933751438,0.0401527292155049,0.0,0.0,0.992377415427824,99.7270245677889,0.994585438428517,1.0,1.0,1.0,1.0
payload50,I-ContinuousRiskGovernor,8080,0.027696867975052,0.0369311299965747,0.0382056167299648,0.0,0.0,0.9843333530203288,99.18107370336668,0.990627310760234,1.0,1.0,1.0,1.0
payload50,I-ContinuousRiskGovernor,8081,0.0380612656971534,0.0508368434044356,0.0522991214421036,0.0,0.0,0.9999311892016732,100.0,0.9999311893578752,1.0,1.0,0.9999999998437978,1.0
payload50,I-ContinuousRiskGovernor,8082,0.0278422765870418,0.0353060490678905,0.0362472692542113,0.0,0.0,0.97891300785536,98.6351228389445,0.98799729847575,1.0,1.0,1.0,1.0
payload50,I-ContinuousRiskGovernor,8083,0.0388683804058168,0.0523808647382848,0.0540903792741188,0.0,0.0,0.9999292098003238,100.0,0.9999292111980288,1.0,1.0,0.9999999986022954,1.0
payload50,I-ContinuousRiskGovernor,8084,0.0362098620657322,0.0494566895245842,0.0509204660389745,0.0,0.0,0.9997008065580452,100.0,0.9997008065580452,1.0,1.0,1.0,1.0
payload50,I-ContinuousRiskGovernor,8085,0.041487372826396,0.0565603098456841,0.0589419484082315,0.0,0.0,0.9999939105159888,100.0,0.9999939623372304,1.0,1.0,0.9999999481787584,1.0
payload50,I-ContinuousRiskGovernor,8086,0.0274722481472916,0.0380297574157612,0.0388870918673582,0.0,0.0,0.9796436172320472,99.09008189262968,0.9862686516706471,1.0,1.0,1.0,1.0
payload50,I-ContinuousRiskGovernor,8087,0.0277881607992747,0.0371089306833722,0.0383143634935125,0.0,0.0,0.9798792560252638,98.9080982711556,0.9874393868114664,1.0,1.0,1.0,1.0
payload50,I-ContinuousRiskGovernor,8088,0.0354565516841016,0.0476595937710077,0.0494443072407879,0.0,0.0,0.9996975684392974,100.0,0.9996975684392974,1.0,1.0,1.0,1.0
payload50,I-ContinuousRiskGovernor,8089,0.0403362734223378,0.0529749925616712,0.054640606185728,0.0,0.0,0.9999955807708182,100.0,0.999995587094466,1.0,1.0,0.999999993676352,1.0
payload50,I-ContinuousRiskGovernor,8090,0.0397687561624247,0.0520636479353807,0.0538602092993096,0.0,0.0,0.9999872376800854,100.0,0.9999872376800854,1.0,1.0,1.0,1.0
payload50,I-ContinuousRiskGovernor,8091,0.0324803348869421,0.0448049873301665,0.0459099957866063,0.0,0.0,0.998599161450416,100.0,0.998599161450416,1.0,1.0,1.0,1.0
payload50,I-ContinuousRiskGovernor,8092,0.0309556038217797,0.0413989480317967,0.0426537156130122,0.0,0.0,0.9932667446966404,99.4540491355778,0.9977205479719028,1.0,1.0,1.0,1.0
payload50,I-ContinuousRiskGovernor,8093,0.0275415104476547,0.0370262742394859,0.0378690497701329,0.0,0.0,0.976480396284616,98.9080982711556,0.9847803173561857,1.0,1.0,1.0,1.0
payload50,I-ContinuousRiskGovernor,8094,0.0291455151469838,0.0397602647025277,0.0409810400548787,0.0,0.0,0.9865700911406804,99.18107370336668,0.9923560146522176,1.0,1.0,1.0,1.0
payload50,I-ContinuousRiskGovernor,8095,0.0339186404095158,0.0438537349012074,0.0445464181410627,0.0,0.0,0.9997890776178384,100.0,0.9997890776178384,1.0,1.0,1.0,1.0
payload50,I-ContinuousRiskGovernor,8096,0.0334107523226157,0.0444243077019594,0.0460472679673578,0.0,0.0,0.9992957778153202,100.0,0.9992957778153202,1.0,1.0,1.0,1.0
payload50,I-ContinuousRiskGovernor,8097,0.0335567862810448,0.0450358556944503,0.0462426366072153,0.0,0.0,0.9993207940784568,100.0,0.9993207940784568,1.0,1.0,1.0,1.0
payload50,I-ContinuousRiskGovernor,8098,0.0359390602818335,0.0481779760951083,0.0493393447445204,0.0,0.0,0.9996337826974478,100.0,0.9996337826974478,1.0,1.0,1.0,1.0
payload50,I-ContinuousRiskGovernor,8099,0.0288693862450118,0.0388443467185643,0.040191723231782,0.0,0.0,0.9857652470429604,99.18107370336668,0.9918734939013234,1.0,1.0,1.0,1.0
rotoreff30,CurrentOnly-AE-CeNN-494,8000,0.0378198959408169,0.0526258463332164,0.054074667311045,0.0,0.0,0.0,0.0,0.0,1.0,1.0,1.0,1.0
rotoreff30,CurrentOnly-AE-CeNN-494,8001,0.0273660624232744,0.045724453224632,0.0467932019065405,0.0,0.0,0.0,0.0,0.0,1.0,1.0,1.0,1.0
rotoreff30,CurrentOnly-AE-CeNN-494,8002,0.0162918213717186,0.019644341044107,0.0202963665135195,0.0,0.0,0.0,0.0,0.0,1.0,1.0,1.0,1.0
rotoreff30,CurrentOnly-AE-CeNN-494,8003,0.0287167642615075,0.0382536953002237,0.0392519848363339,0.0,0.0,0.0,0.0,0.0,1.0,1.0,1.0,1.0
rotoreff30,CurrentOnly-AE-CeNN-494,8004,0.0597984012392794,0.100860653776881,0.1052247083928419,0.0,0.0,0.0,0.0,0.0,1.0,1.0,1.0,1.0
rotoreff30,CurrentOnly-AE-CeNN-494,8005,0.0341577792392713,0.0451367411354617,0.0469964247203272,0.0,0.0,0.0,0.0,0.0,1.0,1.0,1.0,1.0
rotoreff30,CurrentOnly-AE-CeNN-494,8006,0.0124343832806766,0.0187880453712092,0.0193946732792236,0.0,0.0,0.0,0.0,0.0,1.0,1.0,1.0,1.0
rotoreff30,CurrentOnly-AE-CeNN-494,8007,0.0520385181421021,0.0755374582091496,0.0788499482919971,0.0,0.0,0.0,0.0,0.0,1.0,1.0,1.0,1.0
rotoreff30,CurrentOnly-AE-CeNN-494,8008,0.0624743257249862,0.1009222950258572,0.1058193417581081,0.0,0.0,0.0,0.0,0.0,1.0,1.0,1.0,1.0
rotoreff30,CurrentOnly-AE-CeNN-494,8009,0.055344330419987,0.0840349882182856,0.0901751837803849,0.0,0.0,0.0,0.0,0.0,1.0,1.0,1.0,1.0
rotoreff30,CurrentOnly-AE-CeNN-494,8010,0.0632423271875179,0.0989320071873182,0.1020843734767028,0.0,0.0,0.0,0.0,0.0,1.0,1.0,1.0,1.0
rotoreff30,CurrentOnly-AE-CeNN-494,8011,0.0410661181489835,0.0635017773594526,0.065281047532909,0.0,0.0,0.0,0.0,0.0,1.0,1.0,1.0,1.0
rotoreff30,CurrentOnly-AE-CeNN-494,8012,0.0238314081490729,0.0329553849228372,0.0333418501387133,0.0,0.0,0.0,0.0,0.0,1.0,1.0,1.0,1.0
rotoreff30,CurrentOnly-AE-CeNN-494,8013,0.0355657995027815,0.0493486817323622,0.0504861598404318,0.0,0.0,0.0,0.0,0.0,1.0,1.0,1.0,1.0
rotoreff30,CurrentOnly-AE-CeNN-494,8014,0.0187656583279918,0.026361051180078,0.02681148746981,0.0,0.0,0.0,0.0,0.0,1.0,1.0,1.0,1.0
rotoreff30,CurrentOnly-AE-CeNN-494,8015,0.0830563446400844,0.1188427290005384,0.1231360820104627,0.0,0.0,0.0,0.0,0.0,1.0,1.0,1.0,1.0
rotoreff30,CurrentOnly-AE-CeNN-494,8016,0.0272575212527307,0.0453551603068963,0.0469205314580882,0.0,0.0,0.0,0.0,0.0,1.0,1.0,1.0,1.0
rotoreff30,CurrentOnly-AE-CeNN-494,8017,0.0378693762953034,0.0549747141587663,0.0564181517356945,0.0,0.0,0.0,0.0,0.0,1.0,1.0,1.0,1.0
rotoreff30,CurrentOnly-AE-CeNN-494,8018,0.0302292052369472,0.0435049028888316,0.0455795294929307,0.0,0.0,0.0,0.0,0.0,1.0,1.0,1.0,1.0
rotoreff30,CurrentOnly-AE-CeNN-494,8019,0.021686717656642,0.0284396679558149,0.0293727377359429,0.0,0.0,0.0,0.0,0.0,1.0,1.0,1.0,1.0
rotoreff30,CurrentOnly-AE-CeNN-494,8020,0.0258467375292984,0.034703034814719,0.0357426514112323,0.0,0.0,0.0,0.0,0.0,1.0,1.0,1.0,1.0
rotoreff30,CurrentOnly-AE-CeNN-494,8021,0.0802540263534764,0.1154625660824853,0.1182485274939036,0.0,0.0,0.0,0.0,0.0,1.0,1.0,1.0,1.0
rotoreff30,CurrentOnly-AE-CeNN-494,8022,0.0338992477098736,0.0508063090074714,0.0519477076509402,0.0,0.0,0.0,0.0,0.0,1.0,1.0,1.0,1.0
rotoreff30,CurrentOnly-AE-CeNN-494,8023,0.0491451406125825,0.0824598878945248,0.0855660185497895,0.0,0.0,0.0,0.0,0.0,1.0,1.0,1.0,1.0
rotoreff30,CurrentOnly-AE-CeNN-494,8024,0.0577482769629568,0.0870548368062146,0.0900792299072076,0.0,0.0,0.0,0.0,0.0,1.0,1.0,1.0,1.0
rotoreff30,CurrentOnly-AE-CeNN-494,8025,0.0535351457504398,0.0730618702402806,0.0738414069553136,0.0,0.0,0.0,0.0,0.0,1.0,1.0,1.0,1.0
rotoreff30,CurrentOnly-AE-CeNN-494,8026,0.0419723693348663,0.0594101416546044,0.0604236613278039,0.0,0.0,0.0,0.0,0.0,1.0,1.0,1.0,1.0
rotoreff30,CurrentOnly-AE-CeNN-494,8027,0.0392737450101631,0.0598165802387973,0.0613318419333881,0.0,0.0,0.0,0.0,0.0,1.0,1.0,1.0,1.0
rotoreff30,CurrentOnly-AE-CeNN-494,8028,0.0326672443141561,0.0480925834946601,0.0518236683401113,0.0,0.0,0.0,0.0,0.0,1.0,1.0,1.0,1.0
rotoreff30,CurrentOnly-AE-CeNN-494,8029,0.0305725590291557,0.0493269114374528,0.0505285147849786,0.0,0.0,0.0,0.0,0.0,1.0,1.0,1.0,1.0
rotoreff30,CurrentOnly-AE-CeNN-494,8030,0.0294933898124398,0.043257001806229,0.0449699865080863,0.0,0.0,0.0,0.0,0.0,1.0,1.0,1.0,1.0
rotoreff30,CurrentOnly-AE-CeNN-494,8031,0.0335558070960256,0.0464110371407451,0.0482308062709474,0.0,0.0,0.0,0.0,0.0,1.0,1.0,1.0,1.0
rotoreff30,CurrentOnly-AE-CeNN-494,8032,0.0102283867187942,0.0165798649190328,0.0170377588251899,0.0,0.0,0.0,0.0,0.0,1.0,1.0,1.0,1.0
rotoreff30,CurrentOnly-AE-CeNN-494,8033,0.0587954758671714,0.0866993814827232,0.0884961098527181,0.0,0.0,0.0,0.0,0.0,1.0,1.0,1.0,1.0
rotoreff30,CurrentOnly-AE-CeNN-494,8034,0.0599339523252031,0.0887434789590039,0.0911086168146097,0.0,0.0,0.0,0.0,0.0,1.0,1.0,1.0,1.0
rotoreff30,CurrentOnly-AE-CeNN-494,8035,0.0385946913166596,0.0522673078488119,0.0536561537630338,0.0,0.0,0.0,0.0,0.0,1.0,1.0,1.0,1.0
rotoreff30,CurrentOnly-AE-CeNN-494,8036,0.0191397708653343,0.0301167889991973,0.031790687204712,0.0,0.0,0.0,0.0,0.0,1.0,1.0,1.0,1.0
rotoreff30,CurrentOnly-AE-CeNN-494,8037,0.0153197219293192,0.0216721234333776,0.0221135886951651,0.0,0.0,0.0,0.0,0.0,1.0,1.0,1.0,1.0
rotoreff30,CurrentOnly-AE-CeNN-494,8038,0.0346490894597775,0.0565199714549532,0.060386773157558,0.0,0.0,0.0,0.0,0.0,1.0,1.0,1.0,1.0
rotoreff30,CurrentOnly-AE-CeNN-494,8039,0.0385866358859883,0.0605749442152419,0.0631417602215451,0.0,0.0,0.0,0.0,0.0,1.0,1.0,1.0,1.0
rotoreff30,CurrentOnly-AE-CeNN-494,8040,0.0164108928223286,0.0218497819365218,0.0228604053203779,0.0,0.0,0.0,0.0,0.0,1.0,1.0,1.0,1.0
rotoreff30,CurrentOnly-AE-CeNN-494,8041,0.0530341548292564,0.0804028919903458,0.0866386874769765,0.0,0.0,0.0,0.0,0.0,1.0,1.0,1.0,1.0
rotoreff30,CurrentOnly-AE-CeNN-494,8042,0.0397573293075471,0.0559240286384629,0.0570639359492823,0.0,0.0,0.0,0.0,0.0,1.0,1.0,1.0,1.0
rotoreff30,CurrentOnly-AE-CeNN-494,8043,0.0199457391166199,0.0272129008732523,0.0280750704178847,0.0,0.0,0.0,0.0,0.0,1.0,1.0,1.0,1.0
rotoreff30,CurrentOnly-AE-CeNN-494,8044,0.051035311480313,0.0800130529010964,0.0823013743808329,0.0,0.0,0.0,0.0,0.0,1.0,1.0,1.0,1.0
rotoreff30,CurrentOnly-AE-CeNN-494,8045,0.0283666350035077,0.0468889824528342,0.0481412739303549,0.0,0.0,0.0,0.0,0.0,1.0,1.0,1.0,1.0
rotoreff30,CurrentOnly-AE-CeNN-494,8046,0.0251297801338506,0.0393723249535658,0.0409513229720254,0.0,0.0,0.0,0.0,0.0,1.0,1.0,1.0,1.0
rotoreff30,CurrentOnly-AE-CeNN-494,8047,0.0365751028257927,0.052920283552584,0.0544013471175645,0.0,0.0,0.0,0.0,0.0,1.0,1.0,1.0,1.0
rotoreff30,CurrentOnly-AE-CeNN-494,8048,0.0321442845253521,0.0469872702231846,0.0483289430381319,0.0,0.0,0.0,0.0,0.0,1.0,1.0,1.0,1.0
rotoreff30,CurrentOnly-AE-CeNN-494,8049,0.0340549056395345,0.0499074166263091,0.0512537901149288,0.0,0.0,0.0,0.0,0.0,1.0,1.0,1.0,1.0
rotoreff30,CurrentOnly-AE-CeNN-494,8050,0.037705809956926,0.0634726655899061,0.0648301800454615,0.0,0.0,0.0,0.0,0.0,1.0,1.0,1.0,1.0
rotoreff30,CurrentOnly-AE-CeNN-494,8051,0.0466703407224435,0.0620619789439701,0.0627374239975868,0.0,0.0,0.0,0.0,0.0,1.0,1.0,1.0,1.0
rotoreff30,CurrentOnly-AE-CeNN-494,8052,0.0575154396784928,0.0820788120813022,0.0933174091714726,0.0,0.0,0.0,0.0,0.0,1.0,1.0,1.0,1.0
rotoreff30,CurrentOnly-AE-CeNN-494,8053,0.0767809659768321,0.1081903493277443,0.1118510016348879,0.0,0.0,0.0,0.0,0.0,1.0,1.0,1.0,1.0
rotoreff30,CurrentOnly-AE-CeNN-494,8054,0.0466783603917462,0.0730211038938759,0.0760974964314408,0.0,0.0,0.0,0.0,0.0,1.0,1.0,1.0,1.0
rotoreff30,CurrentOnly-AE-CeNN-494,8055,0.0719840520369566,0.1078812663833955,0.1141583274718031,0.0,0.0,0.0,0.0,0.0,1.0,1.0,1.0,1.0
rotoreff30,CurrentOnly-AE-CeNN-494,8056,0.0628449740078462,0.0866981410444464,0.0885753927162358,0.0,0.0,0.0,0.0,0.0,1.0,1.0,1.0,1.0
rotoreff30,CurrentOnly-AE-CeNN-494,8057,0.0101696815996179,0.0148423636169804,0.0153843887183451,0.0,0.0,0.0,0.0,0.0,1.0,1.0,1.0,1.0
rotoreff30,CurrentOnly-AE-CeNN-494,8058,0.0249610559926082,0.0351648833104705,0.0361471606468338,0.0,0.0,0.0,0.0,0.0,1.0,1.0,1.0,1.0
rotoreff30,CurrentOnly-AE-CeNN-494,8059,0.0426425853872753,0.0648166557473998,0.0669764058498921,0.0,0.0,0.0,0.0,0.0,1.0,1.0,1.0,1.0
rotoreff30,CurrentOnly-AE-CeNN-494,8060,0.053890913408773,0.0734057752181052,0.0753034508977461,0.0,0.0,0.0,0.0,0.0,1.0,1.0,1.0,1.0
rotoreff30,CurrentOnly-AE-CeNN-494,8061,0.0358300463240455,0.050144187815921,0.0509255997023168,0.0,0.0,0.0,0.0,0.0,1.0,1.0,1.0,1.0
rotoreff30,CurrentOnly-AE-CeNN-494,8062,0.0416161874622141,0.0660694142714913,0.068646525914896,0.0,0.0,0.0,0.0,0.0,1.0,1.0,1.0,1.0
rotoreff30,CurrentOnly-AE-CeNN-494,8063,0.0721316644398501,0.1023477525409869,0.1047425178965425,0.0,0.0,0.0,0.0,0.0,1.0,1.0,1.0,1.0
rotoreff30,CurrentOnly-AE-CeNN-494,8064,0.0458509930750287,0.0651120734718559,0.0671369527144687,0.0,0.0,0.0,0.0,0.0,1.0,1.0,1.0,1.0
rotoreff30,CurrentOnly-AE-CeNN-494,8065,0.0547018980502289,0.0775050589831204,0.0841189461911399,0.0,0.0,0.0,0.0,0.0,1.0,1.0,1.0,1.0
rotoreff30,CurrentOnly-AE-CeNN-494,8066,0.0476202494956959,0.0783083086879321,0.0806601646544428,0.0,0.0,0.0,0.0,0.0,1.0,1.0,1.0,1.0
rotoreff30,CurrentOnly-AE-CeNN-494,8067,0.0095122980135979,0.0131346567899687,0.0160074366703713,0.0,0.0,0.0,0.0,0.0,1.0,1.0,1.0,1.0
rotoreff30,CurrentOnly-AE-CeNN-494,8068,0.0579162921402169,0.0810967601993192,0.0840015999104355,0.0,0.0,0.0,0.0,0.0,1.0,1.0,1.0,1.0
rotoreff30,CurrentOnly-AE-CeNN-494,8069,0.0433495039769231,0.0731632420969331,0.0780480770771545,0.0,0.0,0.0,0.0,0.0,1.0,1.0,1.0,1.0
rotoreff30,CurrentOnly-AE-CeNN-494,8070,0.0523766823137399,0.0843185326022861,0.0901734285070896,0.0,0.0,0.0,0.0,0.0,1.0,1.0,1.0,1.0
rotoreff30,CurrentOnly-AE-CeNN-494,8071,0.0161700537137963,0.0201363337298253,0.0203101902743131,0.0,0.0,0.0,0.0,0.0,1.0,1.0,1.0,1.0
rotoreff30,CurrentOnly-AE-CeNN-494,8072,0.0161753557757759,0.0304033947289771,0.0309085143584487,0.0,0.0,0.0,0.0,0.0,1.0,1.0,1.0,1.0
rotoreff30,CurrentOnly-AE-CeNN-494,8073,0.0312979113536527,0.0431024276618398,0.0476644149688235,0.0,0.0,0.0,0.0,0.0,1.0,1.0,1.0,1.0
rotoreff30,CurrentOnly-AE-CeNN-494,8074,0.0111160518019527,0.0152010681296288,0.0173786568669396,0.0,0.0,0.0,0.0,0.0,1.0,1.0,1.0,1.0
rotoreff30,CurrentOnly-AE-CeNN-494,8075,0.0164325586976789,0.0229863613286667,0.0232897502952238,0.0,0.0,0.0,0.0,0.0,1.0,1.0,1.0,1.0
rotoreff30,CurrentOnly-AE-CeNN-494,8076,0.0163928325237051,0.0233878353531436,0.0244579277983165,0.0,0.0,0.0,0.0,0.0,1.0,1.0,1.0,1.0
rotoreff30,CurrentOnly-AE-CeNN-494,8077,0.0288157676189539,0.0403868762516653,0.0427681143628326,0.0,0.0,0.0,0.0,0.0,1.0,1.0,1.0,1.0
rotoreff30,CurrentOnly-AE-CeNN-494,8078,0.0246871065869067,0.0428031675095142,0.0446882081672826,0.0,0.0,0.0,0.0,0.0,1.0,1.0,1.0,1.0
rotoreff30,CurrentOnly-AE-CeNN-494,8079,0.0170149248743946,0.0244869637628734,0.0249988189280271,0.0,0.0,0.0,0.0,0.0,1.0,1.0,1.0,1.0
rotoreff30,CurrentOnly-AE-CeNN-494,8080,0.027261605869191,0.0422568297583529,0.0442845767258041,0.0,0.0,0.0,0.0,0.0,1.0,1.0,1.0,1.0
rotoreff30,CurrentOnly-AE-CeNN-494,8081,0.0286055801672003,0.0408451754973939,0.0420241407287372,0.0,0.0,0.0,0.0,0.0,1.0,1.0,1.0,1.0
rotoreff30,CurrentOnly-AE-CeNN-494,8082,0.0357239784288315,0.0515466746882147,0.0536332342483058,0.0,0.0,0.0,0.0,0.0,1.0,1.0,1.0,1.0
rotoreff30,CurrentOnly-AE-CeNN-494,8083,0.0364958773313642,0.0577265375960099,0.0591711016532015,0.0,0.0,0.0,0.0,0.0,1.0,1.0,1.0,1.0
rotoreff30,CurrentOnly-AE-CeNN-494,8084,0.0380538368467997,0.0603385427770369,0.0619980465589105,0.0,0.0,0.0,0.0,0.0,1.0,1.0,1.0,1.0
rotoreff30,CurrentOnly-AE-CeNN-494,8085,0.0725508921302408,0.101608323164766,0.1079923799488635,0.0,0.0,0.0,0.0,0.0,1.0,1.0,1.0,1.0
rotoreff30,CurrentOnly-AE-CeNN-494,8086,0.0091687793955003,0.0127056847015283,0.0158050549340478,0.0,0.0,0.0,0.0,0.0,1.0,1.0,1.0,1.0
rotoreff30,CurrentOnly-AE-CeNN-494,8087,0.0200965643743219,0.0333850920819007,0.0342689653435744,0.0,0.0,0.0,0.0,0.0,1.0,1.0,1.0,1.0
rotoreff30,CurrentOnly-AE-CeNN-494,8088,0.060498647138354,0.0883373542807152,0.0907947429759877,0.0,0.0,0.0,0.0,0.0,1.0,1.0,1.0,1.0
rotoreff30,CurrentOnly-AE-CeNN-494,8089,0.0163756896791768,0.0206110817928779,0.0216263758921933,0.0,0.0,0.0,0.0,0.0,1.0,1.0,1.0,1.0
rotoreff30,CurrentOnly-AE-CeNN-494,8090,0.0602817494158108,0.0816026460075365,0.0834212170463864,0.0,0.0,0.0,0.0,0.0,1.0,1.0,1.0,1.0
rotoreff30,CurrentOnly-AE-CeNN-494,8091,0.0249450034333144,0.0334694514760993,0.033939632317417,0.0,0.0,0.0,0.0,0.0,1.0,1.0,1.0,1.0
rotoreff30,CurrentOnly-AE-CeNN-494,8092,0.084870715242007,0.1221871528551758,0.1248458992066711,0.0,0.0,0.0,0.0,0.0,1.0,1.0,1.0,1.0
rotoreff30,CurrentOnly-AE-CeNN-494,8093,0.0407300279575041,0.0562633444651031,0.0614479197659121,0.0,0.0,0.0,0.0,0.0,1.0,1.0,1.0,1.0
rotoreff30,CurrentOnly-AE-CeNN-494,8094,0.0341138333030013,0.0474537600403019,0.049462218596248,0.0,0.0,0.0,0.0,0.0,1.0,1.0,1.0,1.0
rotoreff30,CurrentOnly-AE-CeNN-494,8095,0.0370998583522842,0.0516560553898226,0.0533722926370652,0.0,0.0,0.0,0.0,0.0,1.0,1.0,1.0,1.0
rotoreff30,CurrentOnly-AE-CeNN-494,8096,0.0197362054847643,0.0265984522359365,0.0279161853744696,0.0,0.0,0.0,0.0,0.0,1.0,1.0,1.0,1.0
rotoreff30,CurrentOnly-AE-CeNN-494,8097,0.0774988037819736,0.1105204808503271,0.1142614854771983,0.0,0.0,0.0,0.0,0.0,1.0,1.0,1.0,1.0
rotoreff30,CurrentOnly-AE-CeNN-494,8098,0.0549688975232892,0.0950830664269121,0.098230565375361,0.0,0.0,0.0,0.0,0.0,1.0,1.0,1.0,1.0
rotoreff30,CurrentOnly-AE-CeNN-494,8099,0.0290220533641767,0.0391797502963765,0.0407958622726126,0.0,0.0,0.0,0.0,0.0,1.0,1.0,1.0,1.0
rotoreff30,G-DetectorGate-noRTA,8000,0.0375980965307936,0.0523497776829335,0.0537434104679658,0.0,0.0,1.0,100.0,0.9992811160236724,1.0,1.0,1.0,1.0
rotoreff30,G-DetectorGate-noRTA,8001,0.0272504870249334,0.045690335000627,0.0467397589782179,0.0,0.0,1.0,100.0,0.8376675647689065,1.0,1.0,1.0,1.0
rotoreff30,G-DetectorGate-noRTA,8002,0.0162494672302813,0.0194482368494543,0.0201323482074647,0.0,0.0,1.0,100.0,0.4265911585237964,1.0,1.0,1.0,1.0
rotoreff30,G-DetectorGate-noRTA,8003,0.0285375179534125,0.0381378404913621,0.0391239610479149,0.0,0.0,1.0,100.0,0.9949684375070142,1.0,1.0,1.0,1.0
rotoreff30,G-DetectorGate-noRTA,8004,0.0594821185121249,0.1006816849773694,0.1049725997063961,0.0,0.0,1.0,100.0,0.999957054505866,1.0,1.0,1.0,1.0
rotoreff30,G-DetectorGate-noRTA,8005,0.0339497097249417,0.0450230093224296,0.0464511291837243,0.0,0.0,1.0,100.0,0.9952821401862876,1.0,1.0,1.0,1.0
rotoreff30,G-DetectorGate-noRTA,8006,0.0123637771678563,0.0185633978117611,0.0191573727373587,0.0,0.0,1.0,100.0,0.4389953144039399,1.0,1.0,1.0,1.0
rotoreff30,G-DetectorGate-noRTA,8007,0.0517514811415199,0.0752509735042048,0.0783401087187116,0.0,0.0,1.0,100.0,0.9999995760813732,1.0,1.0,1.0,1.0
rotoreff30,G-DetectorGate-noRTA,8008,0.0621110055418947,0.1006346373408048,0.1054626430085643,0.0,0.0,1.0,100.0,0.999997863471868,1.0,1.0,1.0,1.0
rotoreff30,G-DetectorGate-noRTA,8009,0.0550237195924046,0.0836954554081456,0.0896136174027653,0.0,0.0,1.0,100.0,0.9999998946426358,1.0,1.0,1.0,1.0
rotoreff30,G-DetectorGate-noRTA,8010,0.0629434600270348,0.0987409079673608,0.1018618587065288,0.0,0.0,1.0,100.0,0.9998560094638632,1.0,1.0,1.0,1.0
rotoreff30,G-DetectorGate-noRTA,8011,0.0408004210668919,0.0631542381420705,0.0649208654541975,0.0,0.0,1.0,100.0,0.9898361186096836,1.0,1.0,1.0,1.0
rotoreff30,G-DetectorGate-noRTA,8012,0.0237026693097749,0.0328157806590933,0.0331737469482867,0.0,0.0,1.0,100.0,0.91588745632416,1.0,1.0,1.0,1.0
rotoreff30,G-DetectorGate-noRTA,8013,0.0353605936667893,0.0493018305605965,0.0501204588440952,0.0,0.0,1.0,100.0,0.9968457648388684,1.0,1.0,1.0,1.0
rotoreff30,G-DetectorGate-noRTA,8014,0.018673351650139,0.0262743143694087,0.0267239375127798,0.0,0.0,1.0,100.0,0.6306665737374629,1.0,1.0,1.0,1.0
rotoreff30,G-DetectorGate-noRTA,8015,0.0828145591079905,0.1184220178515332,0.1226520573666848,0.0,0.0,1.0,100.0,0.9999999999999044,1.0,1.0,1.0,1.0
rotoreff30,G-DetectorGate-noRTA,8016,0.0270512217855858,0.0449153244233391,0.0464309022260357,0.0,0.0,1.0,100.0,0.9532602993474076,1.0,1.0,1.0,1.0
rotoreff30,G-DetectorGate-noRTA,8017,0.037596737516705,0.0547956192189255,0.0562303132663349,0.0,0.0,1.0,100.0,0.9993928435778224,1.0,1.0,1.0,1.0
rotoreff30,G-DetectorGate-noRTA,8018,0.0300188387263938,0.0434514216832957,0.0455442883626811,0.0,0.0,1.0,100.0,0.9489822859222784,1.0,1.0,1.0,1.0
rotoreff30,G-DetectorGate-noRTA,8019,0.0215315265046144,0.0282505576936251,0.0293472120539894,0.0,0.0,1.0,100.0,0.916637152452219,1.0,1.0,1.0,1.0
rotoreff30,G-DetectorGate-noRTA,8020,0.0256398451568907,0.0344601737570097,0.0356023986438389,0.0,0.0,1.0,100.0,0.9822061048120142,1.0,1.0,1.0,1.0
rotoreff30,G-DetectorGate-noRTA,8021,0.0799873645003917,0.1151465152829084,0.1178119235450832,0.0,0.0,1.0,100.0,0.999999999999906,1.0,1.0,1.0,1.0
rotoreff30,G-DetectorGate-noRTA,8022,0.0336463294651552,0.0502848174141752,0.0514423939641209,0.0,0.0,1.0,100.0,0.9935025738852182,1.0,1.0,1.0,1.0
rotoreff30,G-DetectorGate-noRTA,8023,0.0488234136526185,0.0821371762185547,0.0852236349883391,0.0,0.0,1.0,100.0,0.9966205628311792,1.0,1.0,1.0,1.0
rotoreff30,G-DetectorGate-noRTA,8024,0.0574220449993329,0.0866563385325402,0.0897098026953434,0.0,0.0,1.0,100.0,0.9999999987000804,1.0,1.0,1.0,1.0
rotoreff30,G-DetectorGate-noRTA,8025,0.0531807902071354,0.0728380577997513,0.0735059918925779,0.0,0.0,1.0,100.0,0.9999430691836604,1.0,1.0,1.0,1.0
rotoreff30,G-DetectorGate-noRTA,8026,0.0417210881199128,0.0592284720111504,0.0601811491980821,0.0,0.0,1.0,100.0,0.9953771254525698,1.0,1.0,1.0,1.0
rotoreff30,G-DetectorGate-noRTA,8027,0.0390988011969216,0.059885676337339,0.0614038307376266,0.0,0.0,1.0,100.0,0.9879721846397926,1.0,1.0,1.0,1.0
rotoreff30,G-DetectorGate-noRTA,8028,0.0324055147423558,0.0476308571529139,0.0512589597958261,0.0,0.0,1.0,100.0,0.998426842208498,1.0,1.0,1.0,1.0
rotoreff30,G-DetectorGate-noRTA,8029,0.0303145188149179,0.048963408703528,0.0501800948255001,0.0,0.0,1.0,100.0,0.9550447708388476,1.0,1.0,1.0,1.0
rotoreff30,G-DetectorGate-noRTA,8030,0.0292787872308,0.0428419146496089,0.0449272194660094,0.0,0.0,1.0,100.0,0.9823349741870024,1.0,1.0,1.0,1.0
rotoreff30,G-DetectorGate-noRTA,8031,0.033319629339819,0.0460233083791198,0.0478377520450597,0.0,0.0,1.0,100.0,0.997202664658356,1.0,1.0,1.0,1.0
rotoreff30,G-DetectorGate-noRTA,8032,0.0102478366695493,0.0167913263382215,0.0172176055904645,0.0,0.0,1.0,100.0,0.3352399621621907,1.0,1.0,1.0,1.0
rotoreff30,G-DetectorGate-noRTA,8033,0.0584902221461562,0.0865245220230328,0.0883284193161462,0.0,0.0,1.0,100.0,0.9999166983690772,1.0,1.0,1.0,1.0
rotoreff30,G-DetectorGate-noRTA,8034,0.059611510244225,0.0884690521156157,0.0908603670211271,0.0,0.0,1.0,100.0,0.9987855717888284,1.0,1.0,1.0,1.0
rotoreff30,G-DetectorGate-noRTA,8035,0.0383183540971158,0.0519465925696847,0.0533521572292441,0.0,0.0,1.0,100.0,0.9998936696059236,1.0,1.0,1.0,1.0
rotoreff30,G-DetectorGate-noRTA,8036,0.0190160324342664,0.0300010768845072,0.0316693799783052,0.0,0.0,1.0,100.0,0.8149576250624151,1.0,1.0,1.0,1.0
rotoreff30,G-DetectorGate-noRTA,8037,0.0151702001278933,0.0212437224358998,0.0216995673670976,0.0,0.0,1.0,100.0,0.6213725525679591,1.0,1.0,1.0,1.0
rotoreff30,G-DetectorGate-noRTA,8038,0.0344218960762806,0.0564487445499493,0.0602636525567297,0.0,0.0,1.0,100.0,0.9682139013646032,1.0,1.0,1.0,1.0
rotoreff30,G-DetectorGate-noRTA,8039,0.0382492732340324,0.0601923505872433,0.0626661847428762,0.0,0.0,1.0,100.0,0.9997811163278316,1.0,1.0,1.0,1.0
rotoreff30,G-DetectorGate-noRTA,8040,0.0163107434045608,0.0218672730934545,0.0225382539806242,0.0,0.0,1.0,100.0,0.7265016169696225,1.0,1.0,1.0,1.0
rotoreff30,G-DetectorGate-noRTA,8041,0.0528219497636311,0.0802232546280576,0.0861647479683709,0.0,0.0,1.0,100.0,0.9999993227692447,1.0,1.0,1.0,1.0
rotoreff30,G-DetectorGate-noRTA,8042,0.0394968569432638,0.0557071501156268,0.0568524669947246,0.0,0.0,1.0,100.0,0.999226397485963,1.0,1.0,1.0,1.0
rotoreff30,G-DetectorGate-noRTA,8043,0.019877582875554,0.02722868486974,0.0281054577985901,0.0,0.0,1.0,100.0,0.8272473132583831,1.0,1.0,1.0,1.0
rotoreff30,G-DetectorGate-noRTA,8044,0.0507923479402066,0.0798429278642016,0.0821392193075415,0.0,0.0,1.0,100.0,0.998916931667424,1.0,1.0,1.0,1.0
rotoreff30,G-DetectorGate-noRTA,8045,0.0281738063536235,0.046539525601454,0.0478342495502287,0.0,0.0,1.0,100.0,0.972061896054282,1.0,1.0,1.0,1.0
rotoreff30,G-DetectorGate-noRTA,8046,0.0250433063426027,0.0395550686280889,0.0411244030605174,0.0,0.0,1.0,100.0,0.8823822652043833,1.0,1.0,1.0,1.0
rotoreff30,G-DetectorGate-noRTA,8047,0.0363478212069144,0.0527147695260378,0.0541577019126908,0.0,0.0,1.0,100.0,0.9971681575410094,1.0,1.0,1.0,1.0
rotoreff30,G-DetectorGate-noRTA,8048,0.0319468102998565,0.046883139595849,0.0482139166959321,0.0,0.0,1.0,100.0,0.9926052610016346,1.0,1.0,1.0,1.0
rotoreff30,G-DetectorGate-noRTA,8049,0.0338750795911451,0.0497634972838978,0.0510750815903984,0.0,0.0,1.0,100.0,0.9665155866863384,1.0,1.0,1.0,1.0
rotoreff30,G-DetectorGate-noRTA,8050,0.0374544031694663,0.0633532844541445,0.0647161062233432,0.0,0.0,1.0,100.0,0.9834357443766304,1.0,1.0,1.0,1.0
rotoreff30,G-DetectorGate-noRTA,8051,0.0463794136194248,0.0619704634292375,0.062644891516942,0.0,0.0,1.0,100.0,0.9998965116370684,1.0,1.0,1.0,1.0
rotoreff30,G-DetectorGate-noRTA,8052,0.0572559863361917,0.0818500030245385,0.0929105279423497,0.0,0.0,1.0,100.0,0.9999997290360072,1.0,1.0,1.0,1.0
rotoreff30,G-DetectorGate-noRTA,8053,0.0765412797310003,0.1079904470289319,0.1113594819843206,0.0,0.0,1.0,100.0,0.9999999999829402,1.0,1.0,1.0,1.0
rotoreff30,G-DetectorGate-noRTA,8054,0.0464496018558559,0.0727482150763768,0.0758197802433568,0.0,0.0,1.0,100.0,0.9999929994866754,1.0,1.0,1.0,1.0
rotoreff30,G-DetectorGate-noRTA,8055,0.0716705288106755,0.1075922513213081,0.1135229641870453,0.0,0.0,1.0,100.0,0.9999999999974428,1.0,1.0,1.0,1.0
rotoreff30,G-DetectorGate-noRTA,8056,0.0625507641435732,0.0863588870220698,0.0880334889362466,0.0,0.0,1.0,100.0,0.9999999999686886,1.0,1.0,1.0,1.0
rotoreff30,G-DetectorGate-noRTA,8057,0.0101641480904005,0.0149707710683923,0.0155003819222491,0.0,0.0,1.0,100.0,0.3342015633250831,1.0,1.0,1.0,1.0
rotoreff30,G-DetectorGate-noRTA,8058,0.0247907889276613,0.0347334250939137,0.0356907588970619,0.0,0.0,1.0,100.0,0.8602898311841931,1.0,1.0,1.0,1.0
rotoreff30,G-DetectorGate-noRTA,8059,0.0423802595482356,0.0646335116996672,0.066750448262787,0.0,0.0,1.0,100.0,0.999771483372891,1.0,1.0,1.0,1.0
rotoreff30,G-DetectorGate-noRTA,8060,0.0535701759741048,0.073284603014824,0.0752242940800499,0.0,0.0,1.0,100.0,0.999856749465976,1.0,1.0,1.0,1.0
rotoreff30,G-DetectorGate-noRTA,8061,0.035649475115608,0.0501262778649785,0.0508050256575232,0.0,0.0,1.0,100.0,0.9777479562965437,1.0,1.0,1.0,1.0
rotoreff30,G-DetectorGate-noRTA,8062,0.0413568117040473,0.0659336859257321,0.0684876404043761,0.0,0.0,1.0,100.0,0.9897872474832764,1.0,1.0,1.0,1.0
rotoreff30,G-DetectorGate-noRTA,8063,0.0718016387795744,0.102030191434688,0.1045049435662685,0.0,0.0,1.0,100.0,0.9999999999993824,1.0,1.0,1.0,1.0
rotoreff30,G-DetectorGate-noRTA,8064,0.0455746674738126,0.0648013468418728,0.0668125755113528,0.0,0.0,1.0,100.0,0.999991240226704,1.0,1.0,1.0,1.0
rotoreff30,G-DetectorGate-noRTA,8065,0.0544736643529442,0.0772726220291355,0.0836584975570194,0.0,0.0,1.0,100.0,0.999999949154473,1.0,1.0,1.0,1.0
rotoreff30,G-DetectorGate-noRTA,8066,0.0473293671792076,0.0781692450984713,0.0804886615025605,0.0,0.0,1.0,100.0,0.9991737646920988,1.0,1.0,1.0,1.0
rotoreff30,G-DetectorGate-noRTA,8067,0.0094534321458626,0.0128262413628176,0.0158111562531591,0.0,0.0,1.0,100.0,0.4017791992669314,1.0,1.0,1.0,1.0
rotoreff30,G-DetectorGate-noRTA,8068,0.0576685301591657,0.0807320603575728,0.083581183472108,0.0,0.0,1.0,100.0,0.9999999998055576,1.0,1.0,1.0,1.0
rotoreff30,G-DetectorGate-noRTA,8069,0.0430241313299444,0.072834869616785,0.0776215594652666,0.0,0.0,1.0,100.0,0.998996691093818,1.0,1.0,1.0,1.0
rotoreff30,G-DetectorGate-noRTA,8070,0.0520243504606145,0.0838582529115121,0.0896051815862697,0.0,0.0,1.0,100.0,0.9999209571298152,1.0,1.0,1.0,1.0
rotoreff30,G-DetectorGate-noRTA,8071,0.0161313343472896,0.0203276217716251,0.0204617154477968,0.0,0.0,1.0,100.0,0.6153518350502579,1.0,1.0,1.0,1.0
rotoreff30,G-DetectorGate-noRTA,8072,0.0161202838546622,0.0302549840706149,0.0307826483531573,0.0,0.0,1.0,100.0,0.6345164377449664,1.0,1.0,1.0,1.0
rotoreff30,G-DetectorGate-noRTA,8073,0.0310949051612008,0.0428170821218445,0.0472344846517038,0.0,0.0,1.0,100.0,0.9951838588844906,1.0,1.0,1.0,1.0
rotoreff30,G-DetectorGate-noRTA,8074,0.0111250794199156,0.0152906015652748,0.0175638509728971,0.0,0.0,1.0,100.0,0.3197538495199428,1.0,1.0,1.0,1.0
rotoreff30,G-DetectorGate-noRTA,8075,0.0163042979282019,0.0227942377485202,0.0230954136738567,0.0,0.0,1.0,100.0,0.6642532984571696,1.0,1.0,1.0,1.0
rotoreff30,G-DetectorGate-noRTA,8076,0.016302174647853,0.0232744680697401,0.0241860635132241,0.0,0.0,1.0,100.0,0.6328948239061147,1.0,1.0,1.0,1.0
rotoreff30,G-DetectorGate-noRTA,8077,0.0286134275536095,0.0403136421956588,0.0422747918751831,0.0,0.0,1.0,100.0,0.9831910058333244,1.0,1.0,1.0,1.0
rotoreff30,G-DetectorGate-noRTA,8078,0.0245598202420626,0.0426368516132507,0.0445561287981634,0.0,0.0,1.0,100.0,0.7892133676645059,1.0,1.0,1.0,1.0
rotoreff30,G-DetectorGate-noRTA,8079,0.0169725798241812,0.024728017757846,0.0252445804604827,0.0,0.0,1.0,100.0,0.7006731369986864,1.0,1.0,1.0,1.0
rotoreff30,G-DetectorGate-noRTA,8080,0.0270701294313827,0.0420705733061765,0.044083702821981,0.0,0.0,1.0,100.0,0.9743839066628124,1.0,1.0,1.0,1.0
rotoreff30,G-DetectorGate-noRTA,8081,0.0284477201859266,0.0406901855247382,0.0418650108628107,0.0,0.0,1.0,100.0,0.9468551643346846,1.0,1.0,1.0,1.0
rotoreff30,G-DetectorGate-noRTA,8082,0.0355129510116961,0.0513229152137673,0.0533663519521776,0.0,0.0,1.0,100.0,0.9992290618387032,1.0,1.0,1.0,1.0
rotoreff30,G-DetectorGate-noRTA,8083,0.0362963246963497,0.0575603458712096,0.0590152436850529,0.0,0.0,1.0,100.0,0.959052375943126,1.0,1.0,1.0,1.0
rotoreff30,G-DetectorGate-noRTA,8084,0.0378402564332838,0.0602344809598734,0.0618914884413335,0.0,0.0,1.0,100.0,0.9595387477414146,1.0,1.0,1.0,1.0
rotoreff30,G-DetectorGate-noRTA,8085,0.0722394698066366,0.1010167573691608,0.107433668873521,0.0,0.0,1.0,100.0,0.999999999999158,1.0,1.0,1.0,1.0
rotoreff30,G-DetectorGate-noRTA,8086,0.0091939308192793,0.0128624671359898,0.0159101505682471,0.0,0.0,1.0,100.0,0.3303129090866412,1.0,1.0,1.0,1.0
rotoreff30,G-DetectorGate-noRTA,8087,0.0199764821774887,0.0332375955758141,0.0340661765781086,0.0,0.0,1.0,100.0,0.8341541057245844,1.0,1.0,1.0,1.0
rotoreff30,G-DetectorGate-noRTA,8088,0.0601790261068799,0.0881474487306729,0.0906116645212535,0.0,0.0,1.0,100.0,0.9999937688178028,1.0,1.0,1.0,1.0
rotoreff30,G-DetectorGate-noRTA,8089,0.0163572425946633,0.0207524192705466,0.0217375760372506,0.0,0.0,1.0,100.0,0.3699464085880801,1.0,1.0,1.0,1.0
rotoreff30,G-DetectorGate-noRTA,8090,0.0599966955153519,0.0813088088440277,0.0829566387923579,0.0,0.0,1.0,100.0,0.9999999999033948,1.0,1.0,1.0,1.0
rotoreff30,G-DetectorGate-noRTA,8091,0.0247773860025827,0.0332352256526627,0.0336753705962966,0.0,0.0,1.0,100.0,0.8881634398468845,1.0,1.0,1.0,1.0
rotoreff30,G-DetectorGate-noRTA,8092,0.0845423423255962,0.1217131684058545,0.1245069856060312,0.0,0.0,1.0,100.0,0.9999999999999049,1.0,1.0,1.0,1.0
rotoreff30,G-DetectorGate-noRTA,8093,0.0404166411116722,0.0559126024452707,0.0609957343613488,0.0,0.0,1.0,100.0,0.9998973406346324,1.0,1.0,1.0,1.0
rotoreff30,G-DetectorGate-noRTA,8094,0.0339397155408946,0.0472730953409494,0.0491074948377427,0.0,0.0,1.0,100.0,0.9983187907045756,1.0,1.0,1.0,1.0
rotoreff30,G-DetectorGate-noRTA,8095,0.0369004151730146,0.0513509939238255,0.0530215863442045,0.0,0.0,1.0,100.0,0.9990111662369698,1.0,1.0,1.0,1.0
rotoreff30,G-DetectorGate-noRTA,8096,0.0196463287940491,0.0262742698772795,0.0276183429509359,0.0,0.0,1.0,100.0,0.7146954370238754,1.0,1.0,1.0,1.0
rotoreff30,G-DetectorGate-noRTA,8097,0.0772684869569911,0.1100871053631688,0.1137367747426434,0.0,0.0,1.0,100.0,0.9999999999997238,1.0,1.0,1.0,1.0
rotoreff30,G-DetectorGate-noRTA,8098,0.0547128636864007,0.094923901212133,0.0980490979271345,0.0,0.0,1.0,100.0,0.9979554216370076,1.0,1.0,1.0,1.0
rotoreff30,G-DetectorGate-noRTA,8099,0.0288217773440517,0.039008118498071,0.0406382117522818,0.0,0.0,1.0,100.0,0.9934582584063284,1.0,1.0,1.0,1.0
rotoreff30,H-RTA-SupervisedGate,8000,0.0375998616131239,0.0523496233576611,0.0537434104929105,0.0,0.0,1.0,100.0,,,,,
rotoreff30,H-RTA-SupervisedGate,8001,0.0272489600906601,0.0456904200910541,0.0467398106494869,0.0,0.0,0.6897179253867152,68.97179253867152,,,,,
rotoreff30,H-RTA-SupervisedGate,8002,0.0162766813254953,0.0195239726809085,0.0201795109059169,0.0,0.0,0.1301182893539581,13.011828935395814,,,,,
rotoreff30,H-RTA-SupervisedGate,8003,0.0285437665807241,0.0381451242639223,0.0391393017523491,0.0,0.0,0.994540491355778,99.4540491355778,,,,,
rotoreff30,H-RTA-SupervisedGate,8004,0.0594821624357607,0.1006816849442248,0.1049725997027699,0.0,0.0,1.0,100.0,,,,,
rotoreff30,H-RTA-SupervisedGate,8005,0.033946649435343,0.0450230063701488,0.0464511302819739,0.0,0.0,0.997270245677889,99.7270245677889,,,,,
rotoreff30,H-RTA-SupervisedGate,8006,0.0124195066685221,0.0187692242712835,0.0193608334215841,0.0,0.0,0.1337579617834395,13.375796178343949,,,,,
rotoreff30,H-RTA-SupervisedGate,8007,0.0517543554918768,0.075250972706997,0.0783401088794206,0.0,0.0,1.0,100.0,,,,,
rotoreff30,H-RTA-SupervisedGate,8008,0.0621114220739091,0.1006346372325115,0.1054626430180488,0.0,0.0,1.0,100.0,,,,,
rotoreff30,H-RTA-SupervisedGate,8009,0.05502423466983,0.083695452700628,0.0896136175100829,0.0,0.0,1.0,100.0,,,,,
rotoreff30,H-RTA-SupervisedGate,8010,0.0629473121407881,0.0987390649360574,0.1018626949415216,0.0,0.0,1.0,100.0,,,,,
rotoreff30,H-RTA-SupervisedGate,8011,0.0408068086502924,0.0631558012579224,0.064924536262436,0.0,0.0,0.978161965423112,97.8161965423112,,,,,
rotoreff30,H-RTA-SupervisedGate,8012,0.023710443651863,0.0328365673804878,0.0331974658873345,0.0,0.0,0.835304822565969,83.53048225659691,,,,,
rotoreff30,H-RTA-SupervisedGate,8013,0.0353568740060247,0.0493010914393737,0.0501091362357653,0.0,0.0,0.994540491355778,99.4540491355778,,,,,
rotoreff30,H-RTA-SupervisedGate,8014,0.0187150203808984,0.0264292410682656,0.0268882449629385,0.0,0.0,0.3039126478616925,30.39126478616925,,,,,
rotoreff30,H-RTA-SupervisedGate,8015,0.0828146348523118,0.1184219806616199,0.1226520245341766,0.0,0.0,1.0,100.0,,,,,
rotoreff30,H-RTA-SupervisedGate,8016,0.0270529215553744,0.0449146741311437,0.0464351801013019,0.0,0.0,0.910828025477707,91.0828025477707,,,,,
rotoreff30,H-RTA-SupervisedGate,8017,0.0376000475061924,0.0548067298513777,0.0562347400803273,0.0,0.0,1.0,100.0,,,,,
rotoreff30,H-RTA-SupervisedGate,8018,0.0300056258051575,0.0434595079802175,0.0455579082351946,0.0,0.0,0.8935395814376706,89.35395814376706,,,,,
rotoreff30,H-RTA-SupervisedGate,8019,0.0215391112571465,0.0282715191623565,0.0293756687665254,0.0,0.0,0.8544131028207461,85.44131028207461,,,,,
rotoreff30,H-RTA-SupervisedGate,8020,0.0256456914936722,0.0344687366517183,0.0356049118394624,0.0,0.0,0.9772520473157416,97.72520473157417,,,,,
rotoreff30,H-RTA-SupervisedGate,8021,0.0799908310685238,0.1151458029842198,0.117811092064141,0.0,0.0,1.0,100.0,,,,,
rotoreff30,H-RTA-SupervisedGate,8022,0.0336519455126967,0.0503144868466578,0.051459002190463,0.0,0.0,0.989080982711556,98.9080982711556,,,,,
rotoreff30,H-RTA-SupervisedGate,8023,0.0488209038036279,0.0821371735886779,0.0852236333817328,0.0,0.0,0.994540491355778,99.4540491355778,,,,,
rotoreff30,H-RTA-SupervisedGate,8024,0.0574220927010572,0.0866564802089669,0.0897096911766779,0.0,0.0,1.0,100.0,,,,,
rotoreff30,H-RTA-SupervisedGate,8025,0.053181824332495,0.0728403016996251,0.0735059921581342,0.0,0.0,1.0,100.0,,,,,
rotoreff30,H-RTA-SupervisedGate,8026,0.0417195201815435,0.0592191092949386,0.0601760615822426,0.0,0.0,0.994540491355778,99.4540491355778,,,,,
rotoreff30,H-RTA-SupervisedGate,8027,0.0390951346299212,0.0598788300263995,0.0614013451976933,0.0,0.0,0.9745222929936306,97.45222929936304,,,,,
rotoreff30,H-RTA-SupervisedGate,8028,0.0324098066194915,0.0476308571274307,0.0512589598469614,0.0,0.0,1.0,100.0,,,,,
rotoreff30,H-RTA-SupervisedGate,8029,0.0303070658048153,0.0489607439189247,0.0501760624591225,0.0,0.0,0.9144676979071884,91.44676979071885,,,,,
rotoreff30,H-RTA-SupervisedGate,8030,0.0292800110900274,0.0428452299824633,0.0449342947970944,0.0,0.0,0.967242948134668,96.7242948134668,,,,,
rotoreff30,H-RTA-SupervisedGate,8031,0.0333245731824822,0.046041098055963,0.0478458823246312,0.0,0.0,1.0,100.0,,,,,
rotoreff30,H-RTA-SupervisedGate,8032,0.0102363639426834,0.0166178194045888,0.0170918217237981,0.0,0.0,0.0491355777979981,4.913557779799818,,,,,
rotoreff30,H-RTA-SupervisedGate,8033,0.0584942587032908,0.0865245233346854,0.088328420587162,0.0,0.0,1.0,100.0,,,,,
rotoreff30,H-RTA-SupervisedGate,8034,0.0596145108372418,0.0884713449678015,0.0908596606381745,0.0,0.0,0.997270245677889,99.7270245677889,,,,,
rotoreff30,H-RTA-SupervisedGate,8035,0.0383195260298934,0.05195572878353,0.0533586617136001,0.0,0.0,1.0,100.0,,,,,
rotoreff30,H-RTA-SupervisedGate,8036,0.019017050559167,0.030003094367551,0.0316692060932017,0.0,0.0,0.6387625113739763,63.87625113739763,,,,,
rotoreff30,H-RTA-SupervisedGate,8037,0.0151964772842227,0.0213555299958823,0.0217969973211398,0.0,0.0,0.3330300272975432,33.30300272975432,,,,,
rotoreff30,H-RTA-SupervisedGate,8038,0.0344358898468245,0.0564557892908712,0.0602685635575006,0.0,0.0,0.9390354868061874,93.90354868061874,,,,,
rotoreff30,H-RTA-SupervisedGate,8039,0.0382566355791935,0.0601923503979307,0.0626661847132061,0.0,0.0,1.0,100.0,,,,,
rotoreff30,H-RTA-SupervisedGate,8040,0.0163611513931524,0.0218531266406195,0.0226981926814169,0.0,0.0,0.4831665150136487,48.31665150136487,,,,,
rotoreff30,H-RTA-SupervisedGate,8041,0.052822398128575,0.0802232545374209,0.0861647479925466,0.0,0.0,1.0,100.0,,,,,
rotoreff30,H-RTA-SupervisedGate,8042,0.0394945549142495,0.0556944697859078,0.0568414968764291,0.0,0.0,1.0,100.0,,,,,
rotoreff30,H-RTA-SupervisedGate,8043,0.019863815659834,0.0272063467526819,0.0280520861193562,0.0,0.0,0.6651501364877161,66.51501364877161,,,,,
rotoreff30,H-RTA-SupervisedGate,8044,0.0507923328006617,0.079842802192755,0.0821390451829112,0.0,0.0,1.0,100.0,,,,,
rotoreff30,H-RTA-SupervisedGate,8045,0.0281757871827213,0.0465395431385496,0.0478342668210447,0.0,0.0,0.9681528662420382,96.81528662420382,,,,,
rotoreff30,H-RTA-SupervisedGate,8046,0.0250428737740962,0.0395760185815397,0.041154775754017,0.0,0.0,0.7661510464058234,76.61510464058235,,,,,
rotoreff30,H-RTA-SupervisedGate,8047,0.0363574495741399,0.0527274501836472,0.0541852707982718,0.0,0.0,1.0,100.0,,,,,
rotoreff30,H-RTA-SupervisedGate,8048,0.031950077426112,0.0468828689851022,0.0482136079779418,0.0,0.0,0.989080982711556,98.9080982711556,,,,,
rotoreff30,H-RTA-SupervisedGate,8049,0.0338579186654343,0.0497730181804175,0.0510794016167057,0.0,0.0,0.924476797088262,92.4476797088262,,,,,
rotoreff30,H-RTA-SupervisedGate,8050,0.0374590975632502,0.0633536974605894,0.0647163470417649,0.0,0.0,0.9772520473157416,97.72520473157417,,,,,
rotoreff30,H-RTA-SupervisedGate,8051,0.0463789687477749,0.0619704494044221,0.0626464127093067,0.0,0.0,1.0,100.0,,,,,
rotoreff30,H-RTA-SupervisedGate,8052,0.0572564815699798,0.0818499971891314,0.0929105282411933,0.0,0.0,1.0,100.0,,,,,
rotoreff30,H-RTA-SupervisedGate,8053,0.076541581124157,0.1079904458520065,0.1113594085403009,0.0,0.0,1.0,100.0,,,,,
rotoreff30,H-RTA-SupervisedGate,8054,0.0464494624806835,0.0727475820597672,0.0758192952741464,0.0,0.0,1.0,100.0,,,,,
rotoreff30,H-RTA-SupervisedGate,8055,0.071670674228549,0.1075922502389671,0.1135229642182367,0.0,0.0,1.0,100.0,,,,,
rotoreff30,H-RTA-SupervisedGate,8056,0.0625521038892876,0.0863588850450481,0.0880332457817474,0.0,0.0,1.0,100.0,,,,,
rotoreff30,H-RTA-SupervisedGate,8057,0.0101667806012582,0.014834570078725,0.015391199257278,0.0,0.0,0.0655141037306642,6.551410373066425,,,,,
rotoreff30,H-RTA-SupervisedGate,8058,0.0248143742447591,0.0348294938534411,0.0358053226528679,0.0,0.0,0.7570518653321201,75.70518653321201,,,,,
rotoreff30,H-RTA-SupervisedGate,8059,0.0423804038241051,0.0646344222382068,0.0667508085342946,0.0,0.0,1.0,100.0,,,,,
rotoreff30,H-RTA-SupervisedGate,8060,0.0535701246897331,0.0732841450532689,0.0752253111652573,0.0,0.0,1.0,100.0,,,,,
rotoreff30,H-RTA-SupervisedGate,8061,0.0356511256207272,0.0501174787734455,0.0508049083161713,0.0,0.0,0.9526842584167424,95.26842584167426,,,,,
rotoreff30,H-RTA-SupervisedGate,8062,0.0413607300433412,0.0659391237810033,0.0684891789547568,0.0,0.0,0.9818016378525932,98.18016378525932,,,,,
rotoreff30,H-RTA-SupervisedGate,8063,0.0718027492887476,0.102030181961419,0.1045049378589374,0.0,0.0,1.0,100.0,,,,,
rotoreff30,H-RTA-SupervisedGate,8064,0.0455798665017189,0.0648073472957646,0.066826254139039,0.0,0.0,1.0,100.0,,,,,
rotoreff30,H-RTA-SupervisedGate,8065,0.0544737781558441,0.0772726219744701,0.083658497580188,0.0,0.0,1.0,100.0,,,,,
rotoreff30,H-RTA-SupervisedGate,8066,0.0473292589201996,0.0781695596995664,0.0804896748151167,0.0,0.0,1.0,100.0,,,,,
rotoreff30,H-RTA-SupervisedGate,8067,0.0094926288695967,0.0130592991495393,0.0159434023082673,0.0,0.0,0.091901728844404,9.1901728844404,,,,,
rotoreff30,H-RTA-SupervisedGate,8068,0.0576715188809812,0.0807314922226605,0.0835806387100206,0.0,0.0,1.0,100.0,,,,,
rotoreff30,H-RTA-SupervisedGate,8069,0.0430262590914193,0.0728348694378899,0.077621559450636,0.0,0.0,1.0,100.0,,,,,
rotoreff30,H-RTA-SupervisedGate,8070,0.0520243175922054,0.0838582529151062,0.0896051815981346,0.0,0.0,1.0,100.0,,,,,
rotoreff30,H-RTA-SupervisedGate,8071,0.016147033498545,0.0201324454362397,0.020378069294395,0.0,0.0,0.2575068243858053,25.75068243858053,,,,,
rotoreff30,H-RTA-SupervisedGate,8072,0.0161385698084712,0.0302610083974381,0.0307909088645002,0.0,0.0,0.4021838034576888,40.21838034576888,,,,,
rotoreff30,H-RTA-SupervisedGate,8073,0.0310935437378137,0.042819432770707,0.0472368793765803,0.0,0.0,0.991810737033667,99.18107370336668,,,,,
rotoreff30,H-RTA-SupervisedGate,8074,0.0111223665202523,0.015229315117463,0.0175295263750848,0.0,0.0,0.0600545950864422,6.005459508644222,,,,,
rotoreff30,H-RTA-SupervisedGate,8075,0.0163485440705553,0.0228636299587925,0.0231676316760326,0.0,0.0,0.3494085532302093,34.940855323020934,,,,,
rotoreff30,H-RTA-SupervisedGate,8076,0.0163300275782499,0.0233208015914114,0.0243055451816897,0.0,0.0,0.3248407643312102,32.48407643312102,,,,,
rotoreff30,H-RTA-SupervisedGate,8077,0.0286157018479057,0.0403207872545746,0.042290278606321,0.0,0.0,0.967242948134668,96.7242948134668,,,,,
rotoreff30,H-RTA-SupervisedGate,8078,0.0245398305795723,0.0426290591981598,0.0445516855197527,0.0,0.0,0.6533212010919017,65.33212010919017,,,,,
rotoreff30,H-RTA-SupervisedGate,8079,0.0170288369414314,0.0247137395583785,0.0252374304799327,0.0,0.0,0.4376706096451319,43.76706096451319,,,,,
rotoreff30,H-RTA-SupervisedGate,8080,0.0270628607436524,0.042090279140182,0.0440930083283548,0.0,0.0,0.951774340309372,95.1774340309372,,,,,
rotoreff30,H-RTA-SupervisedGate,8081,0.0284353127097442,0.0406968464680842,0.0418746473857624,0.0,0.0,0.8844404003639672,88.44404003639671,,,,,
rotoreff30,H-RTA-SupervisedGate,8082,0.0355129964300963,0.0513232519171416,0.0533663591378507,0.0,0.0,1.0,100.0,,,,,
rotoreff30,H-RTA-SupervisedGate,8083,0.036296472477849,0.0575644771645467,0.0590206475609221,0.0,0.0,0.9235668789808916,92.35668789808918,,,,,
rotoreff30,H-RTA-SupervisedGate,8084,0.0378388122306301,0.0602357811744656,0.0618966007762713,0.0,0.0,0.9272065514103732,92.72065514103733,,,,,
rotoreff30,H-RTA-SupervisedGate,8085,0.0722401477205495,0.1010165427293145,0.1074336690483651,0.0,0.0,1.0,100.0,,,,,
rotoreff30,H-RTA-SupervisedGate,8086,0.0091750145972956,0.0127115177764436,0.0158829332795599,0.0,0.0,0.0573248407643312,5.7324840764331215,,,,,
rotoreff30,H-RTA-SupervisedGate,8087,0.0200065171248132,0.0332807961914331,0.0340969845336622,0.0,0.0,0.643312101910828,64.3312101910828,,,,,
rotoreff30,H-RTA-SupervisedGate,8088,0.0601808460670974,0.088150483752717,0.0906137622521331,0.0,0.0,1.0,100.0,,,,,
rotoreff30,H-RTA-SupervisedGate,8089,0.0163857145569159,0.0206345332322282,0.0216256053913685,0.0,0.0,0.0655141037306642,6.551410373066425,,,,,
rotoreff30,H-RTA-SupervisedGate,8090,0.0599972679794854,0.0813098498691422,0.0829566388524868,0.0,0.0,1.0,100.0,,,,,
rotoreff30,H-RTA-SupervisedGate,8091,0.024816340222855,0.0332429039835802,0.0337207738056201,0.0,0.0,0.7879890809827116,78.79890809827116,,,,,
rotoreff30,H-RTA-SupervisedGate,8092,0.0845443200563076,0.1217131496505006,0.124506958402828,0.0,0.0,1.0,100.0,,,,,
rotoreff30,H-RTA-SupervisedGate,8093,0.0404187857631121,0.055912602443919,0.0609957343818584,0.0,0.0,1.0,100.0,,,,,
rotoreff30,H-RTA-SupervisedGate,8094,0.0339427255709778,0.0472720002754592,0.0491074955998215,0.0,0.0,0.997270245677889,99.7270245677889,,,,,
rotoreff30,H-RTA-SupervisedGate,8095,0.0368980978715516,0.0513509802469584,0.0530215744887849,0.0,0.0,0.997270245677889,99.7270245677889,,,,,
rotoreff30,H-RTA-SupervisedGate,8096,0.0196757447173017,0.0263979938362433,0.0277338721850396,0.0,0.0,0.445859872611465,44.5859872611465,,,,,
rotoreff30,H-RTA-SupervisedGate,8097,0.0772680226510265,0.1100871368200722,0.1137367873521186,0.0,0.0,1.0,100.0,,,,,
rotoreff30,H-RTA-SupervisedGate,8098,0.0547143254265824,0.0949261327846419,0.0980499191420843,0.0,0.0,1.0,100.0,,,,,
rotoreff30,H-RTA-SupervisedGate,8099,0.0288268712331882,0.0390150422876557,0.0406518155570526,0.0,0.0,0.994540491355778,99.4540491355778,,,,,
rotoreff30,I-ContinuousRiskGovernor,8000,0.0375996314176672,0.0523496294667016,0.0537434261948698,0.0,0.0,0.9988893482222708,100.0,0.999280968561498,0.9996085671833628,1.0,0.9999998095369976,1.0
rotoreff30,I-ContinuousRiskGovernor,8001,0.0272489967123406,0.0456904125930175,0.0467397989478325,0.0,0.0,0.6693690805360799,68.97179253867152,0.8372159773945947,0.999740919732142,1.0,1.0,1.0
rotoreff30,I-ContinuousRiskGovernor,8002,0.016276704658234,0.0195239880813424,0.0201795271334989,0.0,0.0,0.1164354945678422,13.011828935395814,0.4267092677936304,0.999794120074909,1.0,1.0,1.0
rotoreff30,I-ContinuousRiskGovernor,8003,0.0285438072500945,0.0381451283799894,0.039139306988839,0.0,0.0,0.9906284607226312,99.4540491355778,0.9949658970110636,0.9998545025433212,1.0,1.0,1.0
rotoreff30,I-ContinuousRiskGovernor,8004,0.05948261081729,0.1006817918508079,0.1049726303016571,0.0,0.0,0.999778080878581,100.0,0.9999570260477344,0.999828113341486,1.0,0.9999929414893604,1.0
rotoreff30,I-ContinuousRiskGovernor,8005,0.0339481174529367,0.045023009263189,0.0464652470051512,0.0,0.0,0.992114591094766,99.7270245677889,0.9952795706018284,0.998879916824308,1.0,1.0,1.0
rotoreff30,I-ContinuousRiskGovernor,8006,0.0124181527173142,0.0187692227860371,0.0193608270609966,0.0,0.0,0.1178113850467317,13.375796178343949,0.4404054168170043,0.9977429563785768,1.0,1.0,1.0
rotoreff30,I-ContinuousRiskGovernor,8007,0.0517540444679603,0.075249424925731,0.07833906162615,0.0,0.0,0.9994743403462304,100.0,0.9999995758734972,0.9996889979681736,1.0,0.9997857665043944,1.0
rotoreff30,I-ContinuousRiskGovernor,8008,0.0621111877353516,0.1006354610143637,0.1054615815869885,0.0,0.0,0.9982396201538,100.0,0.999997878478362,0.9982423046678408,1.0,0.9999994370075964,1.0
rotoreff30,I-ContinuousRiskGovernor,8009,0.0550245980799242,0.0836956666341607,0.0896142453674779,0.0,0.0,0.997962248024426,100.0,0.9999998949557282,0.9984105178586928,1.0,0.9995496032281658,1.0
rotoreff30,I-ContinuousRiskGovernor,8010,0.0629471807967685,0.0987390642364672,0.1018626947824531,0.0,0.0,0.9995567884380911,100.0,0.999856010974972,0.9997061587831612,1.0,0.9999946186793744,1.0
rotoreff30,I-ContinuousRiskGovernor,8011,0.0408067724881585,0.0631612641536606,0.0649308473723525,0.0,0.0,0.9707714211967168,97.8161965423112,0.9897839864143652,0.996838494812464,1.0,1.0,1.0
rotoreff30,I-ContinuousRiskGovernor,8012,0.0237101669045355,0.0328366753839131,0.0331976266218366,0.0,0.0,0.8094352483600445,83.53048225659691,0.9156779028315428,0.998754692791424,1.0,1.0,1.0
rotoreff30,I-ContinuousRiskGovernor,8013,0.0353565290620639,0.0492993516908225,0.0501091405572214,0.0,0.0,0.9911797346073224,99.4540491355778,0.9968318793216506,0.9986057118548785,1.0,0.9999995964440874,1.0
rotoreff30,I-ContinuousRiskGovernor,8014,0.0187150272969425,0.026429243048341,0.0268882403173956,0.0,0.0,0.2730605654844535,30.39126478616925,0.6314620829323182,0.9999998063507906,1.0,1.0,1.0
rotoreff30,I-ContinuousRiskGovernor,8015,0.0828099502228746,0.1184123711177779,0.1226259747855966,0.0,0.0,0.9904333287004669,100.0,0.9999999999999044,0.9939477526019505,1.0,0.9963779265874936,1.0
rotoreff30,I-ContinuousRiskGovernor,8016,0.0270550037801793,0.0449146724018072,0.0464351768422302,0.0,0.0,0.8913690391673406,91.0828025477707,0.952993791983528,0.9975081174224444,1.0,1.0,1.0
rotoreff30,I-ContinuousRiskGovernor,8017,0.0376001783345874,0.0548067351722792,0.0562347432517201,0.0,0.0,0.9993074656665796,100.0,0.9993928587442348,0.9999146069223432,1.0,1.0,1.0
rotoreff30,I-ContinuousRiskGovernor,8018,0.0300041896251629,0.0434595092807159,0.0455579109496514,0.0,0.0,0.8806466476980799,89.35395814376706,0.9487189492185812,0.9987002775327952,1.0,1.0,1.0
rotoreff30,I-ContinuousRiskGovernor,8019,0.0215388440885261,0.0282740722959631,0.0293783756353118,0.0,0.0,0.8179376846879669,85.44131028207461,0.9167023176986936,0.9993318830213134,1.0,1.0,1.0
rotoreff30,I-ContinuousRiskGovernor,8020,0.0256464629846245,0.0344688182414352,0.0356063090470902,0.0,0.0,0.9621042099099294,97.54322111010008,0.982264010787566,0.9964763077638727,1.0,1.0,1.0
rotoreff30,I-ContinuousRiskGovernor,8021,0.0799929690443587,0.1151488617578205,0.117813666789627,0.0,0.0,0.9944317592188257,100.0,0.999999999999906,0.9971688797607912,1.0,0.9972241821206052,1.0
rotoreff30,I-ContinuousRiskGovernor,8022,0.0336519473327121,0.0503144964011483,0.0514590090001892,0.0,0.0,0.9852365209545216,98.9080982711556,0.9934612911098982,1.0,1.0,1.0,1.0
rotoreff30,I-ContinuousRiskGovernor,8023,0.0488207981298693,0.0821371753415444,0.0852236343892166,0.0,0.0,0.9926491656086428,99.4540491355778,0.9966312698488804,0.9998044023661232,1.0,1.0,1.0
rotoreff30,I-ContinuousRiskGovernor,8024,0.0574225314965311,0.0866568457666323,0.0897100630142917,0.0,0.0,0.9990382709085608,100.0,0.9999999986998148,0.999314479517772,1.0,0.999721249954442,1.0
rotoreff30,I-ContinuousRiskGovernor,8025,0.0531860766075772,0.072840477190038,0.0735080245997177,0.0,0.0,0.9980411606961654,100.0,0.9999430545569808,0.9980981061381232,1.0,1.0,1.0
rotoreff30,I-ContinuousRiskGovernor,8026,0.0417195488902834,0.0592208252995151,0.060173239178825,0.0,0.0,0.98998894599044,99.4540491355778,0.9953728699685316,0.9989504651990964,1.0,1.0,1.0
rotoreff30,I-ContinuousRiskGovernor,8027,0.0390944902163479,0.0598781543374611,0.0614007858177376,0.0,0.0,0.9693966825194192,97.45222929936304,0.9879736391384876,0.99852433677958,1.0,1.0,1.0
rotoreff30,I-ContinuousRiskGovernor,8028,0.0324105500788182,0.0476337070301547,0.0512634280814214,0.0,0.0,0.997257006882285,100.0,0.998432476248462,0.9988245321186868,1.0,0.9999999984843002,1.0
rotoreff30,I-ContinuousRiskGovernor,8029,0.0303070979328639,0.0489607420929756,0.0501760594133,0.0,0.0,0.903201762843927,91.44676979071885,0.9551278273607484,0.9999552454774632,1.0,1.0,1.0
rotoreff30,I-ContinuousRiskGovernor,8030,0.0292799976641585,0.0428452331634757,0.0449343007497976,0.0,0.0,0.958924560110926,96.7242948134668,0.982268987177386,0.9999728901627104,1.0,1.0,1.0
rotoreff30,I-ContinuousRiskGovernor,8031,0.0333223571285202,0.046037202573172,0.0478330581041601,0.0,0.0,0.9953181162326542,100.0,0.9972024711999408,0.9981147353399804,1.0,1.0,1.0
rotoreff30,I-ContinuousRiskGovernor,8032,0.0102362454999202,0.0166175446345448,0.0170913579331554,0.0,0.0,0.0436134148864219,4.913557779799818,0.3345258451659204,0.9993027404621938,1.0,1.0,1.0
rotoreff30,I-ContinuousRiskGovernor,8033,0.0584946241686369,0.0865245118755577,0.0883284053262557,0.0,0.0,0.999718998543728,100.0,0.999918475531067,0.9998005230126544,1.0,1.0,1.0
rotoreff30,I-ContinuousRiskGovernor,8034,0.0596164130485188,0.0884723753030008,0.0908603054144593,0.0,0.0,0.9959150366938904,99.7270245677889,0.9987854571658852,0.9989776033629226,1.0,0.9999998203594694,1.0
rotoreff30,I-ContinuousRiskGovernor,8035,0.0383213763690556,0.051956886733751,0.0533595608214149,0.0,0.0,0.998378058184961,100.0,0.9998936867848516,0.9984844794450598,1.0,0.9999998918919014,1.0
rotoreff30,I-ContinuousRiskGovernor,8036,0.0190170404672136,0.0300025819492053,0.0316685887415767,0.0,0.0,0.6097705597960135,63.87625113739763,0.8147589703575373,0.9999566146114516,1.0,1.0,1.0
rotoreff30,I-ContinuousRiskGovernor,8037,0.0151965100041502,0.0213556450154645,0.0217971256736355,0.0,0.0,0.2996931366589069,33.30300272975432,0.6218869949271616,0.9998992925639876,1.0,1.0,1.0
rotoreff30,I-ContinuousRiskGovernor,8038,0.0344358816402424,0.0564557906836577,0.0602685644516918,0.0,0.0,0.9331645304095234,93.90354868061874,0.9683144161579964,0.9999409378267764,1.0,1.0,1.0
rotoreff30,I-ContinuousRiskGovernor,8039,0.0382566419205095,0.0601923504798708,0.0626661847569733,0.0,0.0,0.9997830021798396,100.0,0.9997897857615012,0.9999932164183328,1.0,1.0,1.0
rotoreff30,I-ContinuousRiskGovernor,8040,0.0163613855675275,0.0218531467514505,0.0226982110112029,0.0,0.0,0.4468823597542803,48.31665150136487,0.7273062042978089,0.9994934960117356,1.0,1.0,1.0
rotoreff30,I-ContinuousRiskGovernor,8041,0.052820946126868,0.0802229210540443,0.0861635641409266,0.0,0.0,0.9962921075874646,100.0,0.9999993227881608,0.996562270501375,1.0,0.999723360591059,1.0
rotoreff30,I-ContinuousRiskGovernor,8042,0.039494557104309,0.0556944791678448,0.0568415026031571,0.0,0.0,0.9992252650159776,100.0,0.9992263853888452,0.9999988796266984,1.0,1.0,1.0
rotoreff30,I-ContinuousRiskGovernor,8043,0.0198649037991314,0.0272059150792519,0.0280515123217433,0.0,0.0,0.6271944248013976,66.51501364877161,0.8275152536637376,0.998795506226574,1.0,1.0,1.0
rotoreff30,I-ContinuousRiskGovernor,8044,0.0507931088483983,0.0798427881301001,0.082139021807973,0.0,0.0,0.997227712170628,100.0,0.9989168926817537,0.9983108194111936,1.0,1.0,1.0
rotoreff30,I-ContinuousRiskGovernor,8045,0.0281792233135139,0.0465408228501324,0.0478379545282516,0.0,0.0,0.9456234213420762,96.81528662420382,0.9720849468962758,0.99549396061357,1.0,1.0,1.0
rotoreff30,I-ContinuousRiskGovernor,8046,0.0250428674262799,0.0395760167419615,0.0411547726712746,0.0,0.0,0.7390588257332199,76.61510464058235,0.8820400313039675,0.9996512242363664,1.0,1.0,1.0
rotoreff30,I-ContinuousRiskGovernor,8047,0.0363575673735193,0.0527273232415951,0.0541851011253537,0.0,0.0,0.9966045120813708,100.0,0.9971681987927568,0.9994363084767932,1.0,1.0,1.0
rotoreff30,I-ContinuousRiskGovernor,8048,0.0319495141694146,0.0468828777792855,0.0482136385723549,0.0,0.0,0.9839707712449616,98.9080982711556,0.9926195818532662,0.999421064500799,1.0,1.0,1.0
rotoreff30,I-ContinuousRiskGovernor,8049,0.0338600865663871,0.0497730213250106,0.0510794075849737,0.0,0.0,0.9147386733812188,92.4476797088262,0.9661127108424572,0.9974739042713496,1.0,1.0,1.0
rotoreff30,I-ContinuousRiskGovernor,8050,0.0374591301598113,0.063353697783595,0.0647163472319345,0.0,0.0,0.9705914983863004,97.72520473157417,0.98344219773466,0.9999232258325296,1.0,1.0,1.0
rotoreff30,I-ContinuousRiskGovernor,8051,0.0463786404784642,0.0619699224032399,0.0626444677503373,0.0,0.0,0.9963962052557288,100.0,0.9998963967031136,0.9964998085507968,1.0,1.0,1.0
rotoreff30,I-ContinuousRiskGovernor,8052,0.0572559244764806,0.0818501316584508,0.0929004438678971,0.0,0.0,0.996516472701926,100.0,0.9999997290363736,0.9969840770737326,1.0,0.9995114413380284,1.0
rotoreff30,I-ContinuousRiskGovernor,8053,0.0765426027860919,0.1079967101885947,0.1113615272010079,0.0,0.0,0.9964961466954302,100.0,0.9999999999829496,0.9983597186301736,1.0,0.9981206813672844,1.0
rotoreff30,I-ContinuousRiskGovernor,8054,0.0464494938013441,0.0727476649143943,0.0758193899460653,0.0,0.0,0.9999221895476744,100.0,0.9999929995037036,1.0,1.0,0.9999291900437854,1.0
rotoreff30,I-ContinuousRiskGovernor,8055,0.0716737916823157,0.1075945007461866,0.1135285601789453,0.0,0.0,0.996889542504364,100.0,0.9999999999974438,0.9991951852514688,1.0,0.997691132570092,1.0
rotoreff30,I-ContinuousRiskGovernor,8056,0.0625530704285032,0.0863614507180366,0.0880356828182512,0.0,0.0,0.9977453908428404,100.0,0.9999999999687444,0.9982884232398448,1.0,0.999454596924146,1.0
rotoreff30,I-ContinuousRiskGovernor,8057,0.0101669202889452,0.0148346915450986,0.0153912882176833,0.0,0.0,0.056196295075446,6.551410373066425,0.3336351411831928,0.99939637553474,1.0,1.0,1.0
rotoreff30,I-ContinuousRiskGovernor,8058,0.0248142891161977,0.0348294977950515,0.0358053270550657,0.0,0.0,0.7336986576632558,75.70518653321201,0.8602372332092864,0.9997334512131733,1.0,1.0,1.0
rotoreff30,I-ContinuousRiskGovernor,8059,0.0423805152254464,0.0646344208290273,0.066750807421965,0.0,0.0,0.9993095485646134,100.0,0.999771482662355,0.9995414130113938,1.0,0.999996652878297,1.0
rotoreff30,I-ContinuousRiskGovernor,8060,0.0535703555605119,0.0732841812521739,0.0752254333358494,0.0,0.0,0.9989566483752592,100.0,0.9998579358288308,0.9990987125360636,1.0,1.0,1.0
rotoreff30,I-ContinuousRiskGovernor,8061,0.0356513183268062,0.0501184389433588,0.0508058413564834,0.0,0.0,0.9431853723567512,95.26842584167426,0.9779239060895516,0.9976293091236422,1.0,1.0,1.0
rotoreff30,I-ContinuousRiskGovernor,8062,0.0413608991474554,0.0659398346562043,0.0684896956902295,0.0,0.0,0.9766722187017264,98.18016378525932,0.989807111338048,0.9999212821691684,1.0,1.0,1.0
rotoreff30,I-ContinuousRiskGovernor,8063,0.0718057239984855,0.1020339880253551,0.1045101128659567,0.0,0.0,0.9951583714352904,100.0,0.9999999999993844,0.9969171530939148,1.0,0.9982165306619292,1.0
rotoreff30,I-ContinuousRiskGovernor,8064,0.0455799402904683,0.0648073552049167,0.0668262640422749,0.0,0.0,0.9997433680066108,100.0,0.9999912402537724,0.9997591219745852,1.0,0.9999930057778844,1.0
rotoreff30,I-ContinuousRiskGovernor,8065,0.0544739456979836,0.077272667477723,0.0836588877873766,0.0,0.0,0.9993449508567398,100.0,0.9999999491541084,0.999607278245872,1.0,0.9997377234567592,1.0
rotoreff30,I-ContinuousRiskGovernor,8066,0.0473293388586529,0.0781695597983961,0.080489675132779,0.0,0.0,0.9989380575150684,100.0,0.9991737595014424,0.9997643066414352,1.0,0.9999999912881268,1.0
rotoreff30,I-ContinuousRiskGovernor,8067,0.0094926257717516,0.0130593019158407,0.0159433930206238,0.0,0.0,0.0779089837131952,9.1901728844404,0.4021073645850303,1.0,1.0,1.0,1.0
rotoreff30,I-ContinuousRiskGovernor,8068,0.0576716140083127,0.0807314593470853,0.0835808576697051,0.0,0.0,0.9991810697101272,100.0,0.9999999998055096,0.999530628568204,1.0,0.9996477882314462,1.0
rotoreff30,I-ContinuousRiskGovernor,8069,0.0430262670111751,0.0728348689212221,0.0776215588791189,0.0,0.0,0.9989729499340342,100.0,0.9990089959115028,0.9999639540218338,1.0,1.0,1.0
rotoreff30,I-ContinuousRiskGovernor,8070,0.0520236768627471,0.0838582517906087,0.0896051808856624,0.0,0.0,0.9995296424696628,100.0,0.9999209647979188,0.9996086776717328,1.0,1.0,1.0
rotoreff30,I-ContinuousRiskGovernor,8071,0.0161470298242672,0.0201324413392881,0.020378070269122,0.0,0.0,0.2330763913659543,25.75068243858053,0.6156306302593864,0.9997768293231362,1.0,1.0,1.0
rotoreff30,I-ContinuousRiskGovernor,8072,0.0161383795477931,0.030261022086861,0.0307909199801446,0.0,0.0,0.3789003527160337,40.21838034576888,0.6347801575228311,0.9996235829767534,1.0,1.0,1.0
rotoreff30,I-ContinuousRiskGovernor,8073,0.0310934045373708,0.0428194845253629,0.0472368800645317,0.0,0.0,0.9892921393492607,99.18107370336668,0.995178827578684,0.9996587905032044,1.0,0.9999999999111164,1.0
rotoreff30,I-ContinuousRiskGovernor,8074,0.0111223580060286,0.0152293127208776,0.0175293006208379,0.0,0.0,0.0521604225270472,6.005459508644222,0.3195043070254839,0.9997006696225424,1.0,1.0,1.0
rotoreff30,I-ContinuousRiskGovernor,8075,0.0163486284589613,0.0228636357564408,0.0231676216057514,0.0,0.0,0.3140240482416016,34.940855323020934,0.6650982242723672,0.9995566266416752,1.0,1.0,1.0
rotoreff30,I-ContinuousRiskGovernor,8076,0.0163300821820611,0.0233208064712761,0.0243055280602249,0.0,0.0,0.2964964406632455,32.48407643312102,0.6335480174728676,0.999807966832012,1.0,1.0,1.0
rotoreff30,I-ContinuousRiskGovernor,8077,0.0286157606499141,0.0403207859149654,0.0422912672280758,0.0,0.0,0.9600114202380092,96.7242948134668,0.983202304964328,0.9999352018340404,1.0,1.0,1.0
rotoreff30,I-ContinuousRiskGovernor,8078,0.0245428926519724,0.0426290695523184,0.0445516926309037,0.0,0.0,0.6281034166546662,65.33212010919017,0.7886886429416788,0.9948137478862792,1.0,1.0,1.0
rotoreff30,I-ContinuousRiskGovernor,8079,0.0170288955308241,0.0247137619497915,0.0252374495863957,0.0,0.0,0.4124944063233691,43.76706096451319,0.7020384846288263,0.9998790498302776,1.0,1.0,1.0
rotoreff30,I-ContinuousRiskGovernor,8080,0.0270629690161653,0.0420902792843332,0.0440930084661344,0.0,0.0,0.9407705801445416,95.1774340309372,0.9741363072874336,0.9991272109853176,1.0,1.0,1.0
rotoreff30,I-ContinuousRiskGovernor,8081,0.0284356569255338,0.0406968436364639,0.0418746442654156,0.0,0.0,0.8684346598108253,88.44404003639671,0.9467124240166856,0.9991510388645928,1.0,1.0,1.0
rotoreff30,I-ContinuousRiskGovernor,8082,0.0355139414464385,0.0513232524558743,0.0533663595060195,0.0,0.0,0.9984316947365012,100.0,0.9992290572033696,0.999202901676408,1.0,0.9999997358517536,1.0
rotoreff30,I-ContinuousRiskGovernor,8083,0.0362979689447221,0.0575644777813807,0.0590206483528661,0.0,0.0,0.9122015683248224,92.35668789808918,0.9590396924095111,0.997778652486868,1.0,1.0,1.0
rotoreff30,I-ContinuousRiskGovernor,8084,0.0378388287488249,0.0602357895120719,0.0618966143429865,0.0,0.0,0.919108249367388,92.72065514103733,0.9594007300831552,0.9999511648651664,1.0,1.0,1.0
rotoreff30,I-ContinuousRiskGovernor,8085,0.0722409282388442,0.1010190457730296,0.1074360793848044,0.0,0.0,0.9978841946935706,100.0,0.9999999999991586,0.9996176134799668,1.0,0.9982520934774938,1.0
rotoreff30,I-ContinuousRiskGovernor,8086,0.0091750882906336,0.0127115171661907,0.0158829375580821,0.0,0.0,0.0485450449189415,5.7324840764331215,0.3305569714366053,0.99699314193969,1.0,1.0,1.0
rotoreff30,I-ContinuousRiskGovernor,8087,0.020007246560898,0.033280917706599,0.0340981158151088,0.0,0.0,0.6214315313086983,64.3312101910828,0.8346628617139088,0.9993247079110704,1.0,1.0,1.0
rotoreff30,I-ContinuousRiskGovernor,8088,0.060180517337236,0.0881504883509996,0.0906137622356567,0.0,0.0,0.9994336770720622,100.0,0.9999937689465456,0.9994399816270892,1.0,0.9999999264984276,1.0
rotoreff30,I-ContinuousRiskGovernor,8089,0.0163856646098868,0.0206343982374267,0.0216258661766865,0.0,0.0,0.0546482696486016,6.551410373066425,0.3700429171956191,0.9996687070344632,1.0,1.0,1.0
rotoreff30,I-ContinuousRiskGovernor,8090,0.0599951785447212,0.0813091738683821,0.0829553778984147,0.0,0.0,0.9969372947040293,100.0,0.9999999999033624,0.9972419758610064,1.0,0.9996952176418904,1.0
rotoreff30,I-ContinuousRiskGovernor,8091,0.0248166070187103,0.033242937991492,0.0337211418728016,0.0,0.0,0.7611254569159922,78.79890809827116,0.888288381241346,0.9973096675985686,1.0,1.0,1.0
rotoreff30,I-ContinuousRiskGovernor,8092,0.0845451351163591,0.1217158647892101,0.1245095504790146,0.0,0.0,0.993839949802198,100.0,0.9999999999999049,0.9980489667475604,1.0,0.9957679353737644,1.0
rotoreff30,I-ContinuousRiskGovernor,8093,0.0404182745098495,0.0559103103941212,0.0609915675776114,0.0,0.0,0.9992876710499706,100.0,0.9998985483899888,0.9993941774944848,1.0,0.9999949451425212,1.0
rotoreff30,I-ContinuousRiskGovernor,8094,0.0339426661667131,0.0472720022365838,0.0491073975361255,0.0,0.0,0.9964204388850793,99.7270245677889,0.998317998642928,0.9999583446409376,1.0,0.9999996657858146,1.0
rotoreff30,I-ContinuousRiskGovernor,8095,0.0368982746827854,0.0513511087122536,0.0530216513140103,0.0,0.0,0.9963837716933802,99.7270245677889,0.999010670576358,0.9994778214878244,1.0,0.9999999925878412,1.0
rotoreff30,I-ContinuousRiskGovernor,8096,0.0196759274901293,0.0263980436011886,0.0277339200901456,0.0,0.0,0.4081869746741452,44.5859872611465,0.7157666758943918,0.9990856928058982,1.0,1.0,1.0
rotoreff30,I-ContinuousRiskGovernor,8097,0.0772689146268576,0.1100893833668424,0.1137393127063804,0.0,0.0,0.9965148667718672,100.0,0.999999999999724,0.9988856184841532,1.0,0.9976095363388124,1.0
rotoreff30,I-ContinuousRiskGovernor,8098,0.0547146628689823,0.0949261358890225,0.0980498655246393,0.0,0.0,0.9973243972486224,100.0,0.9979553982717182,0.9993704853726822,1.0,0.9999981039366874,1.0
rotoreff30,I-ContinuousRiskGovernor,8099,0.0288267486446957,0.0390150484324917,0.040651824421493,0.0,0.0,0.9891543217924575,99.4540491355778,0.9934565067921516,0.9999229485659494,1.0,1.0,1.0
compound,CurrentOnly-AE-CeNN-494,8000,0.086061461201387,0.1369180570852878,0.1468894725757785,0.0,0.0,0.0,0.0,0.0,1.0,1.0,1.0,1.0
compound,CurrentOnly-AE-CeNN-494,8001,0.0949225191603076,0.1238662999213431,0.1298278703206509,0.0,0.0,0.0,0.0,0.0,1.0,1.0,1.0,1.0
compound,CurrentOnly-AE-CeNN-494,8002,0.1173390489707665,0.2051778282457508,0.2168630315942279,0.0,0.0,0.0,0.0,0.0,1.0,1.0,1.0,1.0
compound,CurrentOnly-AE-CeNN-494,8003,0.085065258455802,0.1311939546436321,0.1395568834153969,0.0,0.0,0.0,0.0,0.0,1.0,1.0,1.0,1.0
compound,CurrentOnly-AE-CeNN-494,8004,0.1169126134293717,0.1972013167887168,0.2044499249835367,0.0,0.0,0.0,0.0,0.0,1.0,1.0,1.0,1.0
compound,CurrentOnly-AE-CeNN-494,8005,0.1234360659874646,0.197497672892521,0.2042334266937124,0.0,0.0,0.0,0.0,0.0,1.0,1.0,1.0,1.0
compound,CurrentOnly-AE-CeNN-494,8006,0.0974250343179598,0.1538742183184207,0.1652556438384034,0.0,0.0,0.0,0.0,0.0,1.0,1.0,1.0,1.0
compound,CurrentOnly-AE-CeNN-494,8007,0.1297557815692835,0.18937832614436,0.1945019870224708,0.0,0.0,0.0,0.0,0.0,1.0,1.0,1.0,1.0
compound,CurrentOnly-AE-CeNN-494,8008,0.1132877790793108,0.2075570304622209,0.2217397911254948,0.0,0.0,0.0,0.0,0.0,1.0,1.0,1.0,1.0
compound,CurrentOnly-AE-CeNN-494,8009,0.1166711328349412,0.1917842123936078,0.2054507051269028,0.0,0.0,0.0,0.0,0.0,1.0,1.0,1.0,1.0
compound,CurrentOnly-AE-CeNN-494,8010,0.1538177384885118,0.2833311022833124,0.3090162158311765,0.0,0.0,0.0,0.0,0.0,1.0,1.0,1.0,1.0
compound,CurrentOnly-AE-CeNN-494,8011,0.109696815955392,0.1531662730693654,0.1611935451476711,0.0,0.0,0.0,0.0,0.0,1.0,1.0,1.0,1.0
compound,CurrentOnly-AE-CeNN-494,8012,0.1362039065178209,0.191170381957551,0.2025480641458246,0.0,0.0,0.0,0.0,0.0,1.0,1.0,1.0,1.0
compound,CurrentOnly-AE-CeNN-494,8013,0.1063774639111075,0.1761827565329483,0.1820245143121915,0.0,0.0,0.0,0.0,0.0,1.0,1.0,1.0,1.0
compound,CurrentOnly-AE-CeNN-494,8014,0.0982249386173113,0.177770986717586,0.1928792843095832,0.0,0.0,0.0,0.0,0.0,1.0,1.0,1.0,1.0
compound,CurrentOnly-AE-CeNN-494,8015,0.1122261758460372,0.2358989874672699,0.2516888609105042,0.0,0.0,0.0,0.0,0.0,1.0,1.0,1.0,1.0
compound,CurrentOnly-AE-CeNN-494,8016,0.1259066359434056,0.2389044486491601,0.253058928831848,0.0,0.0,0.0,0.0,0.0,1.0,1.0,1.0,1.0
compound,CurrentOnly-AE-CeNN-494,8017,0.1008560672777378,0.174431186078351,0.1851461835564874,0.0,0.0,0.0,0.0,0.0,1.0,1.0,1.0,1.0
compound,CurrentOnly-AE-CeNN-494,8018,0.1024867788342823,0.2005300007053969,0.2134640662245563,0.0,0.0,0.0,0.0,0.0,1.0,1.0,1.0,1.0
compound,CurrentOnly-AE-CeNN-494,8019,0.0911789894680956,0.1347155049786275,0.1391613121607752,0.0,0.0,0.0,0.0,0.0,1.0,1.0,1.0,1.0
compound,CurrentOnly-AE-CeNN-494,8020,0.0928547876666875,0.1474151985740558,0.1600826156575799,0.0,0.0,0.0,0.0,0.0,1.0,1.0,1.0,1.0
compound,CurrentOnly-AE-CeNN-494,8021,0.0758508374038333,0.1404584175479183,0.1532126404503867,0.0,0.0,0.0,0.0,0.0,1.0,1.0,1.0,1.0
compound,CurrentOnly-AE-CeNN-494,8022,0.0921863261678749,0.1236986491043377,0.1291368678353231,0.0,0.0,0.0,0.0,0.0,1.0,1.0,1.0,1.0
compound,CurrentOnly-AE-CeNN-494,8023,0.085951724250011,0.1188388549673668,0.1264095365901955,0.0,0.0,0.0,0.0,0.0,1.0,1.0,1.0,1.0
compound,CurrentOnly-AE-CeNN-494,8024,0.1007750248471716,0.1663123594775711,0.1759491187304367,0.0,0.0,0.0,0.0,0.0,1.0,1.0,1.0,1.0
compound,CurrentOnly-AE-CeNN-494,8025,0.1100594861823761,0.1892485684378307,0.1968516296267576,0.0,0.0,0.0,0.0,0.0,1.0,1.0,1.0,1.0
compound,CurrentOnly-AE-CeNN-494,8026,0.148991114939321,0.2649913439124732,0.2798641825550282,0.0,0.0,0.0,0.0,0.0,1.0,1.0,1.0,1.0
compound,CurrentOnly-AE-CeNN-494,8027,0.0973596860026871,0.1526988136011743,0.1632871677742706,0.0,0.0,0.0,0.0,0.0,1.0,1.0,1.0,1.0
compound,CurrentOnly-AE-CeNN-494,8028,0.0904943991933485,0.1613629821895139,0.1738390030193662,0.0,0.0,0.0,0.0,0.0,1.0,1.0,1.0,1.0
compound,CurrentOnly-AE-CeNN-494,8029,0.1192516340149557,0.1966784869720738,0.2085246540768087,0.0,0.0,0.0,0.0,0.0,1.0,1.0,1.0,1.0
compound,CurrentOnly-AE-CeNN-494,8030,0.1344890577747572,0.2319837438296887,0.2404858689746271,0.0,0.0,0.0,0.0,0.0,1.0,1.0,1.0,1.0
compound,CurrentOnly-AE-CeNN-494,8031,0.1187999565444841,0.2190914998501037,0.2287531611468836,0.0,0.0,0.0,0.0,0.0,1.0,1.0,1.0,1.0
compound,CurrentOnly-AE-CeNN-494,8032,0.1205534106188107,0.2264855791247559,0.2393686847837816,0.0,0.0,0.0,0.0,0.0,1.0,1.0,1.0,1.0
compound,CurrentOnly-AE-CeNN-494,8033,0.0849529436858487,0.1409576137092761,0.1487031458683813,0.0,0.0,0.0,0.0,0.0,1.0,1.0,1.0,1.0
compound,CurrentOnly-AE-CeNN-494,8034,0.1311915516181115,0.1832047027383442,0.1948194337833639,0.0,0.0,0.0,0.0,0.0,1.0,1.0,1.0,1.0
compound,CurrentOnly-AE-CeNN-494,8035,0.0704043902540808,0.1126727043401139,0.1160917550172803,0.0,0.0,0.0,0.0,0.0,1.0,1.0,1.0,1.0
compound,CurrentOnly-AE-CeNN-494,8036,0.1178809791179598,0.2049310444856262,0.2202941139906554,0.0,0.0,0.0,0.0,0.0,1.0,1.0,1.0,1.0
compound,CurrentOnly-AE-CeNN-494,8037,0.0944344059700534,0.1399850954545001,0.1434721654774236,0.0,0.0,0.0,0.0,0.0,1.0,1.0,1.0,1.0
compound,CurrentOnly-AE-CeNN-494,8038,0.1061658612249969,0.1632920069951641,0.1711386346145967,0.0,0.0,0.0,0.0,0.0,1.0,1.0,1.0,1.0
compound,CurrentOnly-AE-CeNN-494,8039,0.1080517857159506,0.153238791318763,0.1601401624070279,0.0,0.0,0.0,0.0,0.0,1.0,1.0,1.0,1.0
compound,CurrentOnly-AE-CeNN-494,8040,0.115309753528329,0.2145056831621712,0.2307251946729592,0.0,0.0,0.0,0.0,0.0,1.0,1.0,1.0,1.0
compound,CurrentOnly-AE-CeNN-494,8041,0.1012767112081823,0.1549130465858538,0.1612582501528459,0.0,0.0,0.0,0.0,0.0,1.0,1.0,1.0,1.0
compound,CurrentOnly-AE-CeNN-494,8042,0.0972787667809081,0.1633926987211112,0.1755506977802438,0.0,0.0,0.0,0.0,0.0,1.0,1.0,1.0,1.0
compound,CurrentOnly-AE-CeNN-494,8043,0.1020764531399473,0.2086472580419148,0.228492994328393,0.0,0.0,0.0,0.0,0.0,1.0,1.0,1.0,1.0
compound,CurrentOnly-AE-CeNN-494,8044,0.1132659461965857,0.1707716186788015,0.1804337693685461,0.0,0.0,0.0,0.0,0.0,1.0,1.0,1.0,1.0
compound,CurrentOnly-AE-CeNN-494,8045,0.1297272537184859,0.1988312693490182,0.2108980559946495,0.0,0.0,0.0,0.0,0.0,1.0,1.0,1.0,1.0
compound,CurrentOnly-AE-CeNN-494,8046,0.1053563339328598,0.1636365335555294,0.1742705458518749,0.0,0.0,0.0,0.0,0.0,1.0,1.0,1.0,1.0
compound,CurrentOnly-AE-CeNN-494,8047,0.1117138593272182,0.1844788822682862,0.192673682253836,0.0,0.0,0.0,0.0,0.0,1.0,1.0,1.0,1.0
compound,CurrentOnly-AE-CeNN-494,8048,0.1065737210878264,0.1570452286929066,0.1698314048524233,0.0,0.0,0.0,0.0,0.0,1.0,1.0,1.0,1.0
compound,CurrentOnly-AE-CeNN-494,8049,0.1113464779287905,0.1690355645990945,0.1750929303100517,0.0,0.0,0.0,0.0,0.0,1.0,1.0,1.0,1.0
compound,CurrentOnly-AE-CeNN-494,8050,0.1403117389100156,0.2267097628716634,0.2352529456794226,0.0,0.0,0.0,0.0,0.0,1.0,1.0,1.0,1.0
compound,CurrentOnly-AE-CeNN-494,8051,0.094924017810457,0.133903538978956,0.1400574321365901,0.0,0.0,0.0,0.0,0.0,1.0,1.0,1.0,1.0
compound,CurrentOnly-AE-CeNN-494,8052,0.132089181578232,0.2016809203476779,0.2135980846257206,0.0,0.0,0.0,0.0,0.0,1.0,1.0,1.0,1.0
compound,CurrentOnly-AE-CeNN-494,8053,0.1141670701147909,0.2263492175103336,0.2363707299130658,0.0,0.0,0.0,0.0,0.0,1.0,1.0,1.0,1.0
compound,CurrentOnly-AE-CeNN-494,8054,0.0835744158979586,0.114096610762322,0.116926518814709,0.0,0.0,0.0,0.0,0.0,1.0,1.0,1.0,1.0
compound,CurrentOnly-AE-CeNN-494,8055,0.096791073981386,0.1611094200991432,0.1705523926400619,0.0,0.0,0.0,0.0,0.0,1.0,1.0,1.0,1.0
compound,CurrentOnly-AE-CeNN-494,8056,0.1451729417711206,0.2394440889863,0.2513187727201861,0.0,0.0,0.0,0.0,0.0,1.0,1.0,1.0,1.0
compound,CurrentOnly-AE-CeNN-494,8057,0.1510786617992695,0.2366020220488865,0.244893333648481,0.0,0.0,0.0,0.0,0.0,1.0,1.0,1.0,1.0
compound,CurrentOnly-AE-CeNN-494,8058,0.0933115796851833,0.1482205834096748,0.1517077306349689,0.0,0.0,0.0,0.0,0.0,1.0,1.0,1.0,1.0
compound,CurrentOnly-AE-CeNN-494,8059,0.0952230186921731,0.13006171513153,0.1359120318336976,0.0,0.0,0.0,0.0,0.0,1.0,1.0,1.0,1.0
compound,CurrentOnly-AE-CeNN-494,8060,0.1145532813107425,0.1828011470191001,0.1894935031710005,0.0,0.0,0.0,0.0,0.0,1.0,1.0,1.0,1.0
compound,CurrentOnly-AE-CeNN-494,8061,0.0979011279169941,0.1444892453779722,0.1509993884568232,0.0,0.0,0.0,0.0,0.0,1.0,1.0,1.0,1.0
compound,CurrentOnly-AE-CeNN-494,8062,0.1088252487601191,0.2002168837183106,0.2144003970759843,0.0,0.0,0.0,0.0,0.0,1.0,1.0,1.0,1.0
compound,CurrentOnly-AE-CeNN-494,8063,0.1040103419783081,0.1703197050001052,0.17516636998422,0.0,0.0,0.0,0.0,0.0,1.0,1.0,1.0,1.0
compound,CurrentOnly-AE-CeNN-494,8064,0.0966100168357195,0.1396059288676883,0.1532488887052831,0.0,0.0,0.0,0.0,0.0,1.0,1.0,1.0,1.0
compound,CurrentOnly-AE-CeNN-494,8065,0.0870262091292254,0.125981321910449,0.1307838535488034,0.0,0.0,0.0,0.0,0.0,1.0,1.0,1.0,1.0
compound,CurrentOnly-AE-CeNN-494,8066,0.1111718250378441,0.166201831316247,0.1712270866471128,0.0,0.0,0.0,0.0,0.0,1.0,1.0,1.0,1.0
compound,CurrentOnly-AE-CeNN-494,8067,0.1385874797671905,0.221434494692722,0.2337065329805208,0.0,0.0,0.0,0.0,0.0,1.0,1.0,1.0,1.0
compound,CurrentOnly-AE-CeNN-494,8068,0.1150966611533321,0.1700766509079576,0.1768496985258879,0.0,0.0,0.0,0.0,0.0,1.0,1.0,1.0,1.0
compound,CurrentOnly-AE-CeNN-494,8069,0.1215724701226566,0.1900585302602626,0.2064536184549562,0.0,0.0,0.0,0.0,0.0,1.0,1.0,1.0,1.0
compound,CurrentOnly-AE-CeNN-494,8070,0.1267123301132064,0.1906437702577134,0.1946643268977297,0.0,0.0,0.0,0.0,0.0,1.0,1.0,1.0,1.0
compound,CurrentOnly-AE-CeNN-494,8071,0.0846656921873041,0.1401575818032625,0.1466006591648545,0.0,0.0,0.0,0.0,0.0,1.0,1.0,1.0,1.0
compound,CurrentOnly-AE-CeNN-494,8072,0.103651902637082,0.16168101813843,0.1670482941309902,0.0,0.0,0.0,0.0,0.0,1.0,1.0,1.0,1.0
compound,CurrentOnly-AE-CeNN-494,8073,0.1363009219516352,0.21148457318442,0.2167503035274843,0.0,0.0,0.0,0.0,0.0,1.0,1.0,1.0,1.0
compound,CurrentOnly-AE-CeNN-494,8074,0.0976203599604898,0.1568973442682578,0.1598975100963545,0.0,0.0,0.0,0.0,0.0,1.0,1.0,1.0,1.0
compound,CurrentOnly-AE-CeNN-494,8075,0.1106084404602487,0.1967526079064556,0.211250289114136,0.0,0.0,0.0,0.0,0.0,1.0,1.0,1.0,1.0
compound,CurrentOnly-AE-CeNN-494,8076,0.1344900537794885,0.2215446139660895,0.2344965553642067,0.0,0.0,0.0,0.0,0.0,1.0,1.0,1.0,1.0
compound,CurrentOnly-AE-CeNN-494,8077,0.1114327604046754,0.1963184707341574,0.2075525960857831,0.0,0.0,0.0,0.0,0.0,1.0,1.0,1.0,1.0
compound,CurrentOnly-AE-CeNN-494,8078,0.1513888094611881,0.2826703932448853,0.3020369163875169,0.0,0.0,0.0,0.0,0.0,1.0,1.0,1.0,1.0
compound,CurrentOnly-AE-CeNN-494,8079,0.1025440977301366,0.1386445313770494,0.1427453895041745,0.0,0.0,0.0,0.0,0.0,1.0,1.0,1.0,1.0
compound,CurrentOnly-AE-CeNN-494,8080,0.0948880178908118,0.1252420267382246,0.1346803941540416,0.0,0.0,0.0,0.0,0.0,1.0,1.0,1.0,1.0
compound,CurrentOnly-AE-CeNN-494,8081,0.1357140466619166,0.2451769575291726,0.2610952568067685,0.0,0.0,0.0,0.0,0.0,1.0,1.0,1.0,1.0
compound,CurrentOnly-AE-CeNN-494,8082,0.1248414567315384,0.2042878908201222,0.2160430268143766,0.0,0.0,0.0,0.0,0.0,1.0,1.0,1.0,1.0
compound,CurrentOnly-AE-CeNN-494,8083,0.0949391489172065,0.1296841361659789,0.1385969180680175,0.0,0.0,0.0,0.0,0.0,1.0,1.0,1.0,1.0
compound,CurrentOnly-AE-CeNN-494,8084,0.1191507825891847,0.1947553839089896,0.2084209045489291,0.0,0.0,0.0,0.0,0.0,1.0,1.0,1.0,1.0
compound,CurrentOnly-AE-CeNN-494,8085,0.1543905722237833,0.2291850291731909,0.2419984076489965,0.0,0.0,0.0,0.0,0.0,1.0,1.0,1.0,1.0
compound,CurrentOnly-AE-CeNN-494,8086,0.0874136304421679,0.1213092661940998,0.1253536847452915,0.0,0.0,0.0,0.0,0.0,1.0,1.0,1.0,1.0
compound,CurrentOnly-AE-CeNN-494,8087,0.1418483518804872,0.2640370150659618,0.2773579962312933,0.0,0.0,0.0,0.0,0.0,1.0,1.0,1.0,1.0
compound,CurrentOnly-AE-CeNN-494,8088,0.1175578550372875,0.1872842955495978,0.1962682286026574,0.0,0.0,0.0,0.0,0.0,1.0,1.0,1.0,1.0
compound,CurrentOnly-AE-CeNN-494,8089,0.0826647738079034,0.1238728059092429,0.1260391977423305,0.0,0.0,0.0,0.0,0.0,1.0,1.0,1.0,1.0
compound,CurrentOnly-AE-CeNN-494,8090,0.1319962176717309,0.2240974263327882,0.2404487464140561,0.0,0.0,0.0,0.0,0.0,1.0,1.0,1.0,1.0
compound,CurrentOnly-AE-CeNN-494,8091,0.1162530752210054,0.1707618805927564,0.1758377493384897,0.0,0.0,0.0,0.0,0.0,1.0,1.0,1.0,1.0
compound,CurrentOnly-AE-CeNN-494,8092,0.1175632236364019,0.1868681875660036,0.1945109509308314,0.0,0.0,0.0,0.0,0.0,1.0,1.0,1.0,1.0
compound,CurrentOnly-AE-CeNN-494,8093,0.1064509579910074,0.1511891379908576,0.1566195752938599,0.0,0.0,0.0,0.0,0.0,1.0,1.0,1.0,1.0
compound,CurrentOnly-AE-CeNN-494,8094,0.1186801411505418,0.1704879361494824,0.1779637458329265,0.0,0.0,0.0,0.0,0.0,1.0,1.0,1.0,1.0
compound,CurrentOnly-AE-CeNN-494,8095,0.1064116519689215,0.1976888830095938,0.2023966368576938,0.0,0.0,0.0,0.0,0.0,1.0,1.0,1.0,1.0
compound,CurrentOnly-AE-CeNN-494,8096,0.1128058500412607,0.1704419070888988,0.1735905722062658,0.0,0.0,0.0,0.0,0.0,1.0,1.0,1.0,1.0
compound,CurrentOnly-AE-CeNN-494,8097,0.1190058191043187,0.1952919089941303,0.2055981951938724,0.0,0.0,0.0,0.0,0.0,1.0,1.0,1.0,1.0
compound,CurrentOnly-AE-CeNN-494,8098,0.0893901624541628,0.1346019966461489,0.1394424797544373,0.0,0.0,0.0,0.0,0.0,1.0,1.0,1.0,1.0
compound,CurrentOnly-AE-CeNN-494,8099,0.1081534150239762,0.178658355944565,0.1843269223265082,0.0,0.0,0.0,0.0,0.0,1.0,1.0,1.0,1.0
compound,G-DetectorGate-noRTA,8000,0.08556607447284,0.1359427698233274,0.1458714926891113,0.0,0.0,1.0,100.0,0.9999997989373164,1.0,1.0,1.0,1.0
compound,G-DetectorGate-noRTA,8001,0.0947223966750846,0.1236148646061575,0.1296005303447005,0.0,0.0,1.0,100.0,0.9999999994522334,1.0,1.0,1.0,1.0
compound,G-DetectorGate-noRTA,8002,0.1168332514194927,0.2045954934162852,0.2164391158365477,0.0,0.0,1.0,100.0,0.9999999983570768,1.0,1.0,1.0,1.0
compound,G-DetectorGate-noRTA,8003,0.0845868751388545,0.1312331348571305,0.1396574554253024,0.0,0.0,1.0,100.0,0.9999999990749506,1.0,1.0,1.0,1.0
compound,G-DetectorGate-noRTA,8004,0.1165653516674158,0.1968817834332446,0.2041379562899574,0.0,0.0,1.0,100.0,0.9999999959035296,1.0,1.0,1.0,1.0
compound,G-DetectorGate-noRTA,8005,0.1227927447355229,0.196873525969238,0.2035396778949827,0.0,0.0,1.0,100.0,0.9999998191519874,1.0,1.0,1.0,1.0
compound,G-DetectorGate-noRTA,8006,0.0969771823097136,0.1532498671501846,0.1646044130252256,0.0,0.0,1.0,100.0,0.9999999999998256,1.0,1.0,1.0,1.0
compound,G-DetectorGate-noRTA,8007,0.12961275489128,0.1892618889737422,0.1943951966628308,0.0,0.0,1.0,100.0,0.9999999999995332,1.0,1.0,1.0,1.0
compound,G-DetectorGate-noRTA,8008,0.1128091668690852,0.2069440472904273,0.2211235733262025,0.0,0.0,1.0,100.0,0.9999999999435234,1.0,1.0,1.0,1.0
compound,G-DetectorGate-noRTA,8009,0.1160093568986687,0.1911244031012054,0.2047543077049775,0.0,0.0,1.0,100.0,0.999999999968984,1.0,1.0,1.0,1.0
compound,G-DetectorGate-noRTA,8010,0.1535643167947585,0.2830513896864276,0.3088258103278432,0.0,0.0,1.0,100.0,0.9999999889298232,1.0,1.0,1.0,1.0
compound,G-DetectorGate-noRTA,8011,0.1093467923654695,0.1526475520113147,0.1607082456650537,0.0,0.0,1.0,100.0,0.9999999999997362,1.0,1.0,1.0,1.0
compound,G-DetectorGate-noRTA,8012,0.1358288528549445,0.1909402860379078,0.2023234592833034,0.0,0.0,1.0,100.0,0.9999999999999064,1.0,1.0,1.0,1.0
compound,G-DetectorGate-noRTA,8013,0.1061186160013061,0.1761317567118413,0.1819800011964675,0.0,0.0,1.0,100.0,0.99999999519187,1.0,1.0,1.0,1.0
compound,G-DetectorGate-noRTA,8014,0.0978998483320985,0.1778960318972036,0.1929219245923743,0.0,0.0,1.0,100.0,0.9999999894285876,1.0,1.0,1.0,1.0
compound,G-DetectorGate-noRTA,8015,0.111822119075646,0.2354591338344118,0.2512896455875916,0.0,0.0,1.0,100.0,0.9999999999577164,1.0,1.0,1.0,1.0
compound,G-DetectorGate-noRTA,8016,0.1252757437954516,0.2383368453071881,0.2525247353298567,0.0,0.0,1.0,100.0,0.9999999981229384,1.0,1.0,1.0,1.0
compound,G-DetectorGate-noRTA,8017,0.100115874444338,0.1735851942347943,0.1843350872295722,0.0,0.0,1.0,100.0,0.999999999867384,1.0,1.0,1.0,1.0
compound,G-DetectorGate-noRTA,8018,0.1019353996673719,0.1999535452563239,0.2129306293679867,0.0,0.0,1.0,100.0,0.9999999988023246,1.0,1.0,1.0,1.0
compound,G-DetectorGate-noRTA,8019,0.0905992990286111,0.1340295522128484,0.1387654078128277,0.0,0.0,1.0,100.0,0.9999999998413114,1.0,1.0,1.0,1.0
compound,G-DetectorGate-noRTA,8020,0.0924093220587294,0.14681674969705,0.1594082406529016,0.0,0.0,1.0,100.0,0.9999999963108822,1.0,1.0,1.0,1.0
compound,G-DetectorGate-noRTA,8021,0.0754112819359559,0.1398575386979097,0.1525341176480881,0.0,0.0,1.0,100.0,0.9999984221152164,1.0,1.0,1.0,1.0
compound,G-DetectorGate-noRTA,8022,0.0917314024177062,0.1233804855641586,0.1288180291574809,0.0,0.0,1.0,100.0,0.9999999992527376,1.0,1.0,1.0,1.0
compound,G-DetectorGate-noRTA,8023,0.0856806209264839,0.1185326424695336,0.1260375031682727,0.0,0.0,1.0,100.0,0.9999999757377448,1.0,1.0,1.0,1.0
compound,G-DetectorGate-noRTA,8024,0.0999749158525683,0.1656478064598575,0.1751959922922933,0.0,0.0,1.0,100.0,0.9999999999934914,1.0,1.0,1.0,1.0
compound,G-DetectorGate-noRTA,8025,0.109281095353717,0.1880626117502941,0.1957052298872788,0.0,0.0,1.0,100.0,0.9999999999949024,1.0,1.0,1.0,1.0
compound,G-DetectorGate-noRTA,8026,0.1485805507528936,0.2650395599199167,0.2798847514786517,0.0,0.0,1.0,100.0,0.9999999999940792,1.0,1.0,1.0,1.0
compound,G-DetectorGate-noRTA,8027,0.0970372635399026,0.152626614008662,0.1633083733317243,0.0,0.0,1.0,100.0,0.999999999858626,1.0,1.0,1.0,1.0
compound,G-DetectorGate-noRTA,8028,0.0899791170953583,0.1605699177727064,0.1730582164619728,0.0,0.0,1.0,100.0,0.9999999997468574,1.0,1.0,1.0,1.0
compound,G-DetectorGate-noRTA,8029,0.1186524424948039,0.1958632057649423,0.2080715127799446,0.0,0.0,1.0,100.0,0.9999996972930544,1.0,1.0,1.0,1.0
compound,G-DetectorGate-noRTA,8030,0.1341137789075033,0.2316374516408839,0.240155804582761,0.0,0.0,1.0,100.0,0.9999999999999064,1.0,1.0,1.0,1.0
compound,G-DetectorGate-noRTA,8031,0.1181873748795568,0.218527523275233,0.2281952739835896,0.0,0.0,1.0,100.0,0.99999826526062,1.0,1.0,1.0,1.0
compound,G-DetectorGate-noRTA,8032,0.1202818800749509,0.2261441523303128,0.2391206014174217,0.0,0.0,1.0,100.0,0.9999955294494044,1.0,1.0,1.0,1.0
compound,G-DetectorGate-noRTA,8033,0.0842208754520157,0.1399253204104572,0.1476185988026996,0.0,0.0,1.0,100.0,0.9999999007623482,1.0,1.0,1.0,1.0
compound,G-DetectorGate-noRTA,8034,0.1306313416493869,0.1825216785231994,0.194123357938495,0.0,0.0,1.0,100.0,0.999999999999906,1.0,1.0,1.0,1.0
compound,G-DetectorGate-noRTA,8035,0.0699057208533622,0.1118824928753231,0.1153755304223024,0.0,0.0,1.0,100.0,0.999937987497888,1.0,1.0,1.0,1.0
compound,G-DetectorGate-noRTA,8036,0.1170945759998834,0.2038587183824979,0.219212362798242,0.0,0.0,1.0,100.0,0.9999997085292724,1.0,1.0,1.0,1.0
compound,G-DetectorGate-noRTA,8037,0.0938512954803772,0.1396566693846385,0.1424852467419786,0.0,0.0,1.0,100.0,0.999999999999894,1.0,1.0,1.0,1.0
compound,G-DetectorGate-noRTA,8038,0.1057653037698998,0.1627094092671072,0.1705792623275719,0.0,0.0,1.0,100.0,0.9999999996069856,1.0,1.0,1.0,1.0
compound,G-DetectorGate-noRTA,8039,0.1075347417729852,0.1526669916379023,0.1595741204935589,0.0,0.0,1.0,100.0,0.9999999999999064,1.0,1.0,1.0,1.0
compound,G-DetectorGate-noRTA,8040,0.11475441424968,0.2138582614858398,0.2299643430412857,0.0,0.0,1.0,100.0,0.9999999854670332,1.0,1.0,1.0,1.0
compound,G-DetectorGate-noRTA,8041,0.1009513337869556,0.1540755469324405,0.1604754766538144,0.0,0.0,1.0,100.0,0.9999999999958472,1.0,1.0,1.0,1.0
compound,G-DetectorGate-noRTA,8042,0.0968959127620917,0.1626625280154092,0.1747522462903286,0.0,0.0,1.0,100.0,0.9999998266466644,1.0,1.0,1.0,1.0
compound,G-DetectorGate-noRTA,8043,0.1014625995887266,0.2078830242631637,0.2277025801562919,0.0,0.0,1.0,100.0,0.9999999826170218,1.0,1.0,1.0,1.0
compound,G-DetectorGate-noRTA,8044,0.1127749341273854,0.1703098756961777,0.1799636754396662,0.0,0.0,1.0,100.0,0.9999999999779428,1.0,1.0,1.0,1.0
compound,G-DetectorGate-noRTA,8045,0.1292585261859245,0.1986896033341351,0.2107633370139005,0.0,0.0,1.0,100.0,0.9999999999999064,1.0,1.0,1.0,1.0
compound,G-DetectorGate-noRTA,8046,0.104539452553969,0.1629987594054237,0.1737002902207324,0.0,0.0,1.0,100.0,0.999999999993274,1.0,1.0,1.0,1.0
compound,G-DetectorGate-noRTA,8047,0.1111354084201553,0.1834363595048044,0.191686719138152,0.0,0.0,1.0,100.0,0.9999999999994902,1.0,1.0,1.0,1.0
compound,G-DetectorGate-noRTA,8048,0.1062136503817222,0.1564694328374193,0.1692539883229191,0.0,0.0,1.0,100.0,0.9999999999998892,1.0,1.0,1.0,1.0
compound,G-DetectorGate-noRTA,8049,0.1108607263185433,0.1681970691988055,0.1742740952257891,0.0,0.0,1.0,100.0,0.9999978245892154,1.0,1.0,1.0,1.0
compound,G-DetectorGate-noRTA,8050,0.1395563461194217,0.2263293466732923,0.2349239287209324,0.0,0.0,1.0,100.0,0.9997083301937596,1.0,1.0,1.0,1.0
compound,G-DetectorGate-noRTA,8051,0.0943636634117537,0.1331373987303158,0.1393521864699734,0.0,0.0,1.0,100.0,0.9999999985116104,1.0,1.0,1.0,1.0
compound,G-DetectorGate-noRTA,8052,0.1317344593934406,0.2013705633713321,0.2134352356325915,0.0,0.0,1.0,100.0,0.9999999999998904,1.0,1.0,1.0,1.0
compound,G-DetectorGate-noRTA,8053,0.1136744127116939,0.2259215275566602,0.2360464339446157,0.0,0.0,1.0,100.0,0.9999999914529288,1.0,1.0,1.0,1.0
compound,G-DetectorGate-noRTA,8054,0.0831903690611145,0.1134227802271404,0.1162465388720535,0.0,0.0,1.0,100.0,0.9999999999361266,1.0,1.0,1.0,1.0
compound,G-DetectorGate-noRTA,8055,0.0964830392755124,0.1610078450846674,0.1704660075997785,0.0,0.0,1.0,100.0,0.999999999974332,1.0,1.0,1.0,1.0
compound,G-DetectorGate-noRTA,8056,0.1448340340150711,0.2393146451343691,0.2512020276279513,0.0,0.0,1.0,100.0,0.9999999999487906,1.0,1.0,1.0,1.0
compound,G-DetectorGate-noRTA,8057,0.1508779047781648,0.2364315535712308,0.244741758366564,0.0,0.0,1.0,100.0,0.9999999999999064,1.0,1.0,1.0,1.0
compound,G-DetectorGate-noRTA,8058,0.0930491014950684,0.147778769286267,0.1513375607652459,0.0,0.0,1.0,100.0,0.9999999999996596,1.0,1.0,1.0,1.0
compound,G-DetectorGate-noRTA,8059,0.0946159848174255,0.129300279826018,0.135148351596879,0.0,0.0,1.0,100.0,0.9999999824392996,1.0,1.0,1.0,1.0
compound,G-DetectorGate-noRTA,8060,0.1142423211952301,0.182188993168282,0.1888824803161979,0.0,0.0,1.0,100.0,0.9999999354352404,1.0,1.0,1.0,1.0
compound,G-DetectorGate-noRTA,8061,0.09717464546326,0.1437081573392931,0.1499588053581439,0.0,0.0,1.0,100.0,0.9999998407437564,1.0,1.0,1.0,1.0
compound,G-DetectorGate-noRTA,8062,0.1084642268694055,0.1997966417730563,0.2139560007051186,0.0,0.0,1.0,100.0,0.9999999999573372,1.0,1.0,1.0,1.0
compound,G-DetectorGate-noRTA,8063,0.1035718638478426,0.1700395407001406,0.1749423775662192,0.0,0.0,1.0,100.0,0.9999999856277464,1.0,1.0,1.0,1.0
compound,G-DetectorGate-noRTA,8064,0.0962737256467352,0.1392696613412659,0.1528342283994676,0.0,0.0,1.0,100.0,0.9999999999999052,1.0,1.0,1.0,1.0
compound,G-DetectorGate-noRTA,8065,0.0862297758597372,0.124828438330532,0.1295885568816976,0.0,0.0,1.0,100.0,0.9999999429096804,1.0,1.0,1.0,1.0
compound,G-DetectorGate-noRTA,8066,0.1109017979002435,0.1659563933178353,0.1710007381518192,0.0,0.0,1.0,100.0,0.9999999999997446,1.0,1.0,1.0,1.0
compound,G-DetectorGate-noRTA,8067,0.1381026755001042,0.2211679509478396,0.2333614356630351,0.0,0.0,1.0,100.0,0.9999995990277398,1.0,1.0,1.0,1.0
compound,G-DetectorGate-noRTA,8068,0.1146411213900165,0.1699014646026626,0.176701507131546,0.0,0.0,1.0,100.0,0.9999999999999016,1.0,1.0,1.0,1.0
compound,G-DetectorGate-noRTA,8069,0.1211416334415454,0.1896830819408713,0.2061156021207595,0.0,0.0,1.0,100.0,0.999999997082134,1.0,1.0,1.0,1.0
compound,G-DetectorGate-noRTA,8070,0.1263077353597972,0.1901008025227604,0.1941123946037411,0.0,0.0,1.0,100.0,0.9999999975786183,1.0,1.0,1.0,1.0
compound,G-DetectorGate-noRTA,8071,0.084160282081269,0.1396705809035417,0.1461342189159282,0.0,0.0,1.0,100.0,0.999715682927134,1.0,1.0,1.0,1.0
compound,G-DetectorGate-noRTA,8072,0.103477279154981,0.1615942006464484,0.1669620000940994,0.0,0.0,1.0,100.0,0.9999999999996338,1.0,1.0,1.0,1.0
compound,G-DetectorGate-noRTA,8073,0.1355371457870416,0.210661742491562,0.2159572275360707,0.0,0.0,1.0,100.0,0.9999999999997023,1.0,1.0,1.0,1.0
compound,G-DetectorGate-noRTA,8074,0.0972741040085456,0.1563207152012052,0.1592089418235032,0.0,0.0,1.0,100.0,0.9999999999853092,1.0,1.0,1.0,1.0
compound,G-DetectorGate-noRTA,8075,0.1101359663974966,0.1959231049195636,0.2103792103748117,0.0,0.0,1.0,100.0,0.9999926150042194,1.0,1.0,1.0,1.0
compound,G-DetectorGate-noRTA,8076,0.1340278169693637,0.2210500598168977,0.2339378330032885,0.0,0.0,1.0,100.0,0.99999963536534,1.0,1.0,1.0,1.0
compound,G-DetectorGate-noRTA,8077,0.1105909494832075,0.1953705901012956,0.206629615801159,0.0,0.0,1.0,100.0,0.9999999999997172,1.0,1.0,1.0,1.0
compound,G-DetectorGate-noRTA,8078,0.1509636964314491,0.2825016402889615,0.3018976438856514,0.0,0.0,1.0,100.0,0.9999999999999064,1.0,1.0,1.0,1.0
compound,G-DetectorGate-noRTA,8079,0.1022066711650868,0.1383033617052796,0.1424449859052816,0.0,0.0,1.0,100.0,0.9999999999770528,1.0,1.0,1.0,1.0
compound,G-DetectorGate-noRTA,8080,0.0942329900077154,0.1248173681676105,0.1343178542770348,0.0,0.0,1.0,100.0,0.9999999999944408,1.0,1.0,1.0,1.0
compound,G-DetectorGate-noRTA,8081,0.1353931430118402,0.2450094177611811,0.2609212785042822,0.0,0.0,1.0,100.0,0.9999999999933624,1.0,1.0,1.0,1.0
compound,G-DetectorGate-noRTA,8082,0.1239824257711683,0.2036646719118054,0.2154650224754221,0.0,0.0,1.0,100.0,0.9999999999616748,1.0,1.0,1.0,1.0
compound,G-DetectorGate-noRTA,8083,0.094468290762664,0.1289867417010411,0.1379734926348821,0.0,0.0,1.0,100.0,0.999999999981038,1.0,1.0,1.0,1.0
compound,G-DetectorGate-noRTA,8084,0.1186174211843626,0.1942132452830525,0.2078650365239502,0.0,0.0,1.0,100.0,0.9999999999999064,1.0,1.0,1.0,1.0
compound,G-DetectorGate-noRTA,8085,0.154091830024996,0.2289082031154172,0.2416643732124848,0.0,0.0,1.0,100.0,0.9999999999918994,1.0,1.0,1.0,1.0
compound,G-DetectorGate-noRTA,8086,0.087203997501463,0.1212629514882851,0.1252667434726383,0.0,0.0,1.0,100.0,0.9999999999987516,1.0,1.0,1.0,1.0
compound,G-DetectorGate-noRTA,8087,0.1415403873219489,0.2635293321864624,0.2769128151059475,0.0,0.0,1.0,100.0,0.9999999999999029,1.0,1.0,1.0,1.0
compound,G-DetectorGate-noRTA,8088,0.117123222052783,0.1867554389897411,0.1957546728558011,0.0,0.0,1.0,100.0,0.99999999999986,1.0,1.0,1.0,1.0
compound,G-DetectorGate-noRTA,8089,0.0822364398745287,0.1231707600882969,0.1252728831081284,0.0,0.0,1.0,100.0,0.999980719234874,1.0,1.0,1.0,1.0
compound,G-DetectorGate-noRTA,8090,0.1314940995995732,0.2233740618566253,0.2397952294286654,0.0,0.0,1.0,100.0,0.9999999980842657,1.0,1.0,1.0,1.0
compound,G-DetectorGate-noRTA,8091,0.1160167259571259,0.1706970834332118,0.1757431903538378,0.0,0.0,1.0,100.0,0.9999999999999056,1.0,1.0,1.0,1.0
compound,G-DetectorGate-noRTA,8092,0.1173620267004567,0.1866235761163633,0.1942805221530261,0.0,0.0,1.0,100.0,0.9999999999468286,1.0,1.0,1.0,1.0
compound,G-DetectorGate-noRTA,8093,0.1060367391455898,0.1508107165312386,0.1563107148479248,0.0,0.0,1.0,100.0,0.999999999998902,1.0,1.0,1.0,1.0
compound,G-DetectorGate-noRTA,8094,0.118169734898172,0.1699087698945714,0.1773850164233666,0.0,0.0,1.0,100.0,0.9999999990966248,1.0,1.0,1.0,1.0
compound,G-DetectorGate-noRTA,8095,0.1060154982654081,0.1970442167204283,0.2017410034682079,0.0,0.0,1.0,100.0,0.9999999999979412,1.0,1.0,1.0,1.0
compound,G-DetectorGate-noRTA,8096,0.112601155272584,0.1702297417582972,0.1732575005965936,0.0,0.0,1.0,100.0,0.999999999999836,1.0,1.0,1.0,1.0
compound,G-DetectorGate-noRTA,8097,0.1185614929874816,0.1947613109480845,0.2050328481759114,0.0,0.0,1.0,100.0,0.9999999999998462,1.0,1.0,1.0,1.0
compound,G-DetectorGate-noRTA,8098,0.0888396683918807,0.1333200383874486,0.1381466408055482,0.0,0.0,1.0,100.0,0.9999716579474788,1.0,1.0,1.0,1.0
compound,G-DetectorGate-noRTA,8099,0.1075177401390089,0.1776980901892746,0.1833875198382229,0.0,0.0,1.0,100.0,0.9999999999997832,1.0,1.0,1.0,1.0
compound,H-RTA-SupervisedGate,8000,0.0855660857191499,0.1359427761289367,0.1458714987120683,0.0,0.0,1.0,100.0,,,,,
compound,H-RTA-SupervisedGate,8001,0.094722354509233,0.1236146472898022,0.1296003345263219,0.0,0.0,1.0,100.0,,,,,
compound,H-RTA-SupervisedGate,8002,0.1168336226279057,0.2045954934224307,0.2164391158418687,0.0,0.0,1.0,100.0,,,,,
compound,H-RTA-SupervisedGate,8003,0.0845871023481768,0.1312330979778803,0.1396574065976626,0.0,0.0,1.0,100.0,,,,,
compound,H-RTA-SupervisedGate,8004,0.1165651860117597,0.196881783434047,0.2041379562923033,0.0,0.0,1.0,100.0,,,,,
compound,H-RTA-SupervisedGate,8005,0.1227929582101209,0.1968735030570936,0.2035396778761862,0.0,0.0,1.0,100.0,,,,,
compound,H-RTA-SupervisedGate,8006,0.0969772340616356,0.153249867148192,0.1646044130263713,0.0,0.0,1.0,100.0,,,,,
compound,H-RTA-SupervisedGate,8007,0.129612660098112,0.1892619608971349,0.1943952966004989,0.0,0.0,1.0,100.0,,,,,
compound,H-RTA-SupervisedGate,8008,0.1128090113871781,0.206944047298562,0.2211235733327115,0.0,0.0,1.0,100.0,,,,,
compound,H-RTA-SupervisedGate,8009,0.1160097682352541,0.1911244290670377,0.2047543409586641,0.0,0.0,1.0,100.0,,,,,
compound,H-RTA-SupervisedGate,8010,0.1535641217737555,0.2830513374622528,0.3088257744453524,0.0,0.0,1.0,100.0,,,,,
compound,H-RTA-SupervisedGate,8011,0.1093465761802821,0.1526475520208196,0.1607082456758278,0.0,0.0,1.0,100.0,,,,,
compound,H-RTA-SupervisedGate,8012,0.1358287921339365,0.1909402807613507,0.2023234538570495,0.0,0.0,1.0,100.0,,,,,
compound,H-RTA-SupervisedGate,8013,0.1061189046153531,0.1761331438561534,0.1819804121209568,0.0,0.0,1.0,100.0,,,,,
compound,H-RTA-SupervisedGate,8014,0.0978999079552706,0.1778960318960044,0.1929219245905421,0.0,0.0,1.0,100.0,,,,,
compound,H-RTA-SupervisedGate,8015,0.1118219052960657,0.2354591224097047,0.2512896369692732,0.0,0.0,1.0,100.0,,,,,
compound,H-RTA-SupervisedGate,8016,0.1252761011241951,0.2383368453068944,0.2525247353316128,0.0,0.0,1.0,100.0,,,,,
compound,H-RTA-SupervisedGate,8017,0.1001161583867205,0.1735852018251324,0.1843350966367597,0.0,0.0,1.0,100.0,,,,,
compound,H-RTA-SupervisedGate,8018,0.1019359175806619,0.199953545247952,0.2129306293526623,0.0,0.0,1.0,100.0,,,,,
compound,H-RTA-SupervisedGate,8019,0.0905994589333827,0.1340295566677483,0.1387654078133962,0.0,0.0,1.0,100.0,,,,,
compound,H-RTA-SupervisedGate,8020,0.0924091339567137,0.1468167496991242,0.1594082406543297,0.0,0.0,1.0,100.0,,,,,
compound,H-RTA-SupervisedGate,8021,0.0754115847492418,0.1398575386979197,0.1525341176477332,0.0,0.0,1.0,100.0,,,,,
compound,H-RTA-SupervisedGate,8022,0.0917314876549286,0.1233803275301944,0.1288179088745021,0.0,0.0,1.0,100.0,,,,,
compound,H-RTA-SupervisedGate,8023,0.0856804873880051,0.1185326368997682,0.1260374972044973,0.0,0.0,1.0,100.0,,,,,
compound,H-RTA-SupervisedGate,8024,0.099974950736061,0.1656478064640825,0.1751959922917363,0.0,0.0,1.0,100.0,,,,,
compound,H-RTA-SupervisedGate,8025,0.1092847076898539,0.18806262165095,0.1957052424693753,0.0,0.0,0.9981801637852592,99.81801637852593,,,,,
compound,H-RTA-SupervisedGate,8026,0.1485808110558756,0.2650395599028922,0.2798847514598827,0.0,0.0,1.0,100.0,,,,,
compound,H-RTA-SupervisedGate,8027,0.0970369331655349,0.1526266220096883,0.1633083728056644,0.0,0.0,1.0,100.0,,,,,
compound,H-RTA-SupervisedGate,8028,0.0899789177378827,0.1605699177767338,0.1730582164665573,0.0,0.0,1.0,100.0,,,,,
compound,H-RTA-SupervisedGate,8029,0.1186523849168372,0.1958632046723851,0.2080715034721574,0.0,0.0,1.0,100.0,,,,,
compound,H-RTA-SupervisedGate,8030,0.1341138116936996,0.2316374516587012,0.2401558045957687,0.0,0.0,1.0,100.0,,,,,
compound,H-RTA-SupervisedGate,8031,0.1181885108152457,0.2185274887569796,0.2281953074406357,0.0,0.0,1.0,100.0,,,,,
compound,H-RTA-SupervisedGate,8032,0.1202819153080744,0.2261441523327756,0.2391206014170223,0.0,0.0,1.0,100.0,,,,,
compound,H-RTA-SupervisedGate,8033,0.0842210215638427,0.1399253204217333,0.1476185988079007,0.0,0.0,1.0,100.0,,,,,
compound,H-RTA-SupervisedGate,8034,0.1306312996915273,0.1825216785087674,0.1941233579352028,0.0,0.0,1.0,100.0,,,,,
compound,H-RTA-SupervisedGate,8035,0.0699063170786448,0.1118825175357819,0.1153755641902493,0.0,0.0,1.0,100.0,,,,,
compound,H-RTA-SupervisedGate,8036,0.117094715882713,0.2038587361506202,0.2192123776690687,0.0,0.0,1.0,100.0,,,,,
compound,H-RTA-SupervisedGate,8037,0.0938512059188668,0.1396566253698631,0.1424852454766734,0.0,0.0,1.0,100.0,,,,,
compound,H-RTA-SupervisedGate,8038,0.1057650583303597,0.162709409268325,0.1705792623219859,0.0,0.0,1.0,100.0,,,,,
compound,H-RTA-SupervisedGate,8039,0.1075350578381478,0.1526669916355454,0.1595741204954148,0.0,0.0,1.0,100.0,,,,,
compound,H-RTA-SupervisedGate,8040,0.1147543932709013,0.2138582614848725,0.2299643430399077,0.0,0.0,1.0,100.0,,,,,
compound,H-RTA-SupervisedGate,8041,0.1009514239810163,0.1540755469477888,0.1604754766949685,0.0,0.0,1.0,100.0,,,,,
compound,H-RTA-SupervisedGate,8042,0.0968958655521303,0.1626625286877965,0.1747522473823061,0.0,0.0,1.0,100.0,,,,,
compound,H-RTA-SupervisedGate,8043,0.1014627457131949,0.2078830242599683,0.2277025801490776,0.0,0.0,1.0,100.0,,,,,
compound,H-RTA-SupervisedGate,8044,0.1127750738765329,0.1703098757048168,0.1799636754441863,0.0,0.0,1.0,100.0,,,,,
compound,H-RTA-SupervisedGate,8045,0.1292585070309741,0.1986896025326383,0.2107633373476085,0.0,0.0,1.0,100.0,,,,,
compound,H-RTA-SupervisedGate,8046,0.1045395787873529,0.1629987540399607,0.1737002807371716,0.0,0.0,1.0,100.0,,,,,
compound,H-RTA-SupervisedGate,8047,0.1111353370057182,0.183436359513709,0.1916867191468396,0.0,0.0,1.0,100.0,,,,,
compound,H-RTA-SupervisedGate,8048,0.1062136123749457,0.1564694358437851,0.1692539921882776,0.0,0.0,1.0,100.0,,,,,
compound,H-RTA-SupervisedGate,8049,0.11086077303667,0.1681970692020674,0.1742740952292232,0.0,0.0,1.0,100.0,,,,,
compound,H-RTA-SupervisedGate,8050,0.1395564498615369,0.2263293466179162,0.2349239287518251,0.0,0.0,1.0,100.0,,,,,
compound,H-RTA-SupervisedGate,8051,0.0943637720630468,0.1331373986923604,0.1393521864076874,0.0,0.0,1.0,100.0,,,,,
compound,H-RTA-SupervisedGate,8052,0.1317345533686768,0.2013705633787231,0.2134352391748101,0.0,0.0,1.0,100.0,,,,,
compound,H-RTA-SupervisedGate,8053,0.1136743923765003,0.2259215034817584,0.2360464084107633,0.0,0.0,1.0,100.0,,,,,
compound,H-RTA-SupervisedGate,8054,0.083190625920648,0.1134226568807578,0.1162461540523798,0.0,0.0,1.0,100.0,,,,,
compound,H-RTA-SupervisedGate,8055,0.096482847989886,0.1610078339048002,0.1704659945365288,0.0,0.0,1.0,100.0,,,,,
compound,H-RTA-SupervisedGate,8056,0.1448340908022176,0.2393146451321948,0.251202027627428,0.0,0.0,1.0,100.0,,,,,
compound,H-RTA-SupervisedGate,8057,0.1508778779929977,0.2364315504102125,0.244741756148833,0.0,0.0,1.0,100.0,,,,,
compound,H-RTA-SupervisedGate,8058,0.0930489484881322,0.1477787363199261,0.1513375180616892,0.0,0.0,1.0,100.0,,,,,
compound,H-RTA-SupervisedGate,8059,0.0946148433743164,0.1293002798246962,0.1351483515942237,0.0,0.0,1.0,100.0,,,,,
compound,H-RTA-SupervisedGate,8060,0.1142421694003005,0.1821889931706533,0.1888824803194088,0.0,0.0,1.0,100.0,,,,,
compound,H-RTA-SupervisedGate,8061,0.0971748819870909,0.1437081588072402,0.149958838701036,0.0,0.0,1.0,100.0,,,,,
compound,H-RTA-SupervisedGate,8062,0.1084640843514008,0.1997966417708228,0.2139560007005947,0.0,0.0,1.0,100.0,,,,,
compound,H-RTA-SupervisedGate,8063,0.1035719316085584,0.1700395406988356,0.1749423775646294,0.0,0.0,1.0,100.0,,,,,
compound,H-RTA-SupervisedGate,8064,0.0962736186460257,0.1392696611272701,0.1528342284549307,0.0,0.0,1.0,100.0,,,,,
compound,H-RTA-SupervisedGate,8065,0.0862299458828307,0.124828438296545,0.1295885568381936,0.0,0.0,1.0,100.0,,,,,
compound,H-RTA-SupervisedGate,8066,0.1109018294780955,0.1659562529379882,0.1710006624886822,0.0,0.0,1.0,100.0,,,,,
compound,H-RTA-SupervisedGate,8067,0.1381026684379134,0.2211679509473942,0.2333614356585993,0.0,0.0,1.0,100.0,,,,,
compound,H-RTA-SupervisedGate,8068,0.114641131423346,0.1699014458104018,0.1767016714548903,0.0,0.0,1.0,100.0,,,,,
compound,H-RTA-SupervisedGate,8069,0.1211417355594011,0.1896830212140867,0.2061155466926457,0.0,0.0,1.0,100.0,,,,,
compound,H-RTA-SupervisedGate,8070,0.126308681223658,0.190099209544687,0.1941104448183147,0.0,0.0,1.0,100.0,,,,,
compound,H-RTA-SupervisedGate,8071,0.0841607060291826,0.1396705809475658,0.1461342189546255,0.0,0.0,1.0,100.0,,,,,
compound,H-RTA-SupervisedGate,8072,0.1034768898719521,0.1615941396494092,0.1669619231527898,0.0,0.0,1.0,100.0,,,,,
compound,H-RTA-SupervisedGate,8073,0.1355374346731612,0.2106617425298405,0.2159572275766413,0.0,0.0,1.0,100.0,,,,,
compound,H-RTA-SupervisedGate,8074,0.097274115772782,0.1563207152028471,0.1592089418216348,0.0,0.0,1.0,100.0,,,,,
compound,H-RTA-SupervisedGate,8075,0.1101357445331071,0.1959231049256009,0.2103792103860162,0.0,0.0,1.0,100.0,,,,,
compound,H-RTA-SupervisedGate,8076,0.1340275247341375,0.2210500019447381,0.2339377696987992,0.0,0.0,1.0,100.0,,,,,
compound,H-RTA-SupervisedGate,8077,0.1105911919794636,0.1953705901265451,0.2066296158066607,0.0,0.0,1.0,100.0,,,,,
compound,H-RTA-SupervisedGate,8078,0.1509644102522125,0.2825016403828199,0.3018976439327339,0.0,0.0,1.0,100.0,,,,,
compound,H-RTA-SupervisedGate,8079,0.1022066652010541,0.1383033617060805,0.1424449859066121,0.0,0.0,1.0,100.0,,,,,
compound,H-RTA-SupervisedGate,8080,0.0942330948491147,0.1248173637692322,0.1343178477396805,0.0,0.0,1.0,100.0,,,,,
compound,H-RTA-SupervisedGate,8081,0.1353930293313856,0.2450094177607806,0.2609212785080754,0.0,0.0,1.0,100.0,,,,,
compound,H-RTA-SupervisedGate,8082,0.1239825907396999,0.2036646627239382,0.2154650180388195,0.0,0.0,1.0,100.0,,,,,
compound,H-RTA-SupervisedGate,8083,0.0944680497663484,0.1289867416988789,0.1379734926314325,0.0,0.0,1.0,100.0,,,,,
compound,H-RTA-SupervisedGate,8084,0.1186176196312965,0.194213245296169,0.2078650365387696,0.0,0.0,1.0,100.0,,,,,
compound,H-RTA-SupervisedGate,8085,0.1540922002131032,0.228908203056552,0.2416643732004449,0.0,0.0,1.0,100.0,,,,,
compound,H-RTA-SupervisedGate,8086,0.0872038143405247,0.1212612784686938,0.125265717457117,0.0,0.0,1.0,100.0,,,,,
compound,H-RTA-SupervisedGate,8087,0.1415402314174478,0.2635293059694361,0.2769127833499293,0.0,0.0,1.0,100.0,,,,,
compound,H-RTA-SupervisedGate,8088,0.1171232008566826,0.1867554389921548,0.1957546728584274,0.0,0.0,1.0,100.0,,,,,
compound,H-RTA-SupervisedGate,8089,0.0822371872693513,0.1231707997216843,0.1252729239164008,0.0,0.0,1.0,100.0,,,,,
compound,H-RTA-SupervisedGate,8090,0.131494136639632,0.2233740618778445,0.2397952294373609,0.0,0.0,1.0,100.0,,,,,
compound,H-RTA-SupervisedGate,8091,0.1160165011994686,0.1706970834896762,0.1757431904095007,0.0,0.0,1.0,100.0,,,,,
compound,H-RTA-SupervisedGate,8092,0.1173620386535441,0.1866235761485622,0.1942805221997333,0.0,0.0,1.0,100.0,,,,,
compound,H-RTA-SupervisedGate,8093,0.1060368297402943,0.1508107274190616,0.1563107265694819,0.0,0.0,1.0,100.0,,,,,
compound,H-RTA-SupervisedGate,8094,0.1181696167505122,0.1699087700339607,0.1773850181831007,0.0,0.0,1.0,100.0,,,,,
compound,H-RTA-SupervisedGate,8095,0.1060155572533483,0.1970442167188397,0.2017410034708713,0.0,0.0,1.0,100.0,,,,,
compound,H-RTA-SupervisedGate,8096,0.112601016952606,0.1702297417563168,0.1732575005951962,0.0,0.0,1.0,100.0,,,,,
compound,H-RTA-SupervisedGate,8097,0.1185617269600235,0.1947613109490308,0.2050328481833249,0.0,0.0,1.0,100.0,,,,,
compound,H-RTA-SupervisedGate,8098,0.0888393004115028,0.1333200384078611,0.1381466408186731,0.0,0.0,1.0,100.0,,,,,
compound,H-RTA-SupervisedGate,8099,0.1075179293237045,0.1776980975181052,0.1833875261531459,0.0,0.0,1.0,100.0,,,,,
compound,I-ContinuousRiskGovernor,8000,0.0855776708196022,0.1359717267678714,0.1459085708633516,0.0,0.0,0.9852896833215836,99.63603275705186,0.9999998000920908,0.98529452271253,1.0,0.999995360514232,1.0
compound,I-ContinuousRiskGovernor,8001,0.0947353234903134,0.123615878383047,0.1296022671213722,0.0,0.0,0.9762841741784006,99.63603275705186,0.9999999994547264,0.9769314656698748,1.0,0.9993089633462768,1.0
compound,I-ContinuousRiskGovernor,8002,0.1168438305289704,0.2046464855421571,0.2164896836914182,0.0,0.0,0.9703983677186924,99.63603275705186,0.999999998300332,0.9708711883572448,1.0,0.9994480268071624,0.999704064253752
compound,I-ContinuousRiskGovernor,8003,0.0846028587703483,0.1312278747336672,0.1396539834860514,0.0,0.0,0.9750756202800396,99.63603275705186,0.99999999907603,0.9753585213219768,1.0,0.9997161421884138,1.0
compound,I-ContinuousRiskGovernor,8004,0.1165847486494921,0.1969295245364216,0.2041882037093556,0.0,0.0,0.96617532405452,99.63603275705186,0.999999995886766,0.9685493876913636,1.0,0.997384294776077,0.9998250456159194
compound,I-ContinuousRiskGovernor,8005,0.1228216581729269,0.1969424290032227,0.2035839238000924,0.0,0.0,0.9730207542842793,99.81801637852593,0.9999998162204272,0.9753167501836674,1.0,0.9975334633622605,0.9999644266196284
compound,I-ContinuousRiskGovernor,8006,0.0969905174863701,0.1532678060817527,0.1646384468250574,0.0,0.0,0.9786965480200654,99.63603275705186,0.9999999999998258,0.978805149357526,1.0,0.9998832644614908,1.0
compound,I-ContinuousRiskGovernor,8007,0.1296158352565248,0.1892448495769612,0.1943836902067756,0.0,0.0,0.9720919911715076,99.81801637852593,0.9999999999995502,0.9742264824589753,1.0,0.9977099476005248,0.9999606270557204
compound,I-ContinuousRiskGovernor,8008,0.1128303672429614,0.2070035293928096,0.2212048545698518,0.0,0.0,0.984448046786764,100.0,0.9999999999439744,0.9848283608154508,1.0,0.9998318009032026,0.9997081854247024
compound,I-ContinuousRiskGovernor,8009,0.1160314839945274,0.1911861812772513,0.2048081327549147,0.0,0.0,0.9779451976002688,99.81801637852593,0.9999999999692508,0.9780139120018618,1.0,0.99991651803852,0.9999091045917006
compound,I-ContinuousRiskGovernor,8010,0.153587786264982,0.2831140933126812,0.3088700067309855,0.0,0.0,0.9110692942145534,98.72611464968152,0.99999998894295,0.915761507174668,1.0,0.9875055895816977,0.9947578439486696
compound,I-ContinuousRiskGovernor,8011,0.1093552076977065,0.1526751857358428,0.1607313383841783,0.0,0.0,0.9878440707696742,100.0,0.9999999999997364,0.9878530716891782,1.0,0.9999898808408132,1.0
compound,I-ContinuousRiskGovernor,8012,0.1358356273487951,0.1909373594808915,0.2023212445137204,0.0,0.0,0.954701292162296,98.36214740673338,0.9999999999999064,0.9549563096781656,1.0,0.9997988838203375,0.9998983433558148
compound,I-ContinuousRiskGovernor,8013,0.1061241594512246,0.1761331431172828,0.181980702730829,0.0,0.0,0.9764103585486636,99.81801637852593,0.9999999951718158,0.9796165218714272,1.0,0.9964965318777184,0.9999999266508348
compound,I-ContinuousRiskGovernor,8014,0.0978990202440812,0.177870851226199,0.192938569680514,0.0,0.0,0.9825134983992057,100.0,0.9999999894544884,0.9835171630996068,1.0,0.9986750791251644,0.9999987453005216
compound,I-ContinuousRiskGovernor,8015,0.111845630076137,0.2355377524541792,0.2513657142124149,0.0,0.0,0.9597162024256874,99.81801637852593,0.9999999999580724,0.9604878003657225,1.0,0.9978822149822488,0.9985488031077346
compound,I-ContinuousRiskGovernor,8016,0.1252992831687883,0.238363473769308,0.2525660430597948,0.0,0.0,0.973781577810309,100.0,0.9999999981292174,0.975180816361336,1.0,0.9986416064460716,0.9990614338660244
compound,I-ContinuousRiskGovernor,8017,0.1001442633224794,0.1736826673042046,0.1844229466313856,0.0,0.0,0.9749049806705282,99.63603275705186,0.9999999998672412,0.9756253262467908,1.0,0.99921181110176,0.999996832041548
compound,I-ContinuousRiskGovernor,8018,0.1019386981147726,0.199956092087784,0.2129343784053812,0.0,0.0,0.9876004593064592,99.81801637852593,0.9999999987996556,0.9879332904406868,1.0,0.9997078856637028,0.9999399540724356
compound,I-ContinuousRiskGovernor,8019,0.0906232214811077,0.1340607917189052,0.1387796089382105,0.0,0.0,0.9749172640957032,99.4540491355778,0.9999999998411508,0.9750404010047564,1.0,0.9998605627100232,1.0
compound,I-ContinuousRiskGovernor,8020,0.0924187549542722,0.1468377057277308,0.1594413745656255,0.0,0.0,0.985936170121774,100.0,0.999999996297085,0.9879144019745942,1.0,0.9977685647057442,1.0
compound,I-ContinuousRiskGovernor,8021,0.0754218425909228,0.1398717691364267,0.1525471248105612,0.0,0.0,0.9942494347016378,100.0,0.9999984225854764,0.9942558973770792,1.0,0.9999948464849716,1.0
compound,I-ContinuousRiskGovernor,8022,0.0917404794729716,0.1233881085850081,0.128827729697027,0.0,0.0,0.98856005508197,100.0,0.9999999992521522,0.98865969539025,1.0,0.9998977189865588,1.0
compound,I-ContinuousRiskGovernor,8023,0.0856779942711455,0.1185320774522681,0.1260372281246054,0.0,0.0,0.9889015145888048,100.0,0.9999999756092282,0.9889160987237972,1.0,0.99998352387741,1.0
compound,I-ContinuousRiskGovernor,8024,0.0999922468467299,0.1656789123514442,0.1752406076397162,0.0,0.0,0.9810711758860268,99.81801637852593,0.9999999999935428,0.9810764465559864,1.0,0.999994441420664,1.0
compound,I-ContinuousRiskGovernor,8025,0.1093117850251724,0.1881751701318359,0.1958022097183395,0.0,0.0,0.972324332944968,99.4540491355778,0.9999999999948864,0.97353460932666,1.0,0.998483964930188,0.9999843715791976
compound,I-ContinuousRiskGovernor,8026,0.1485928141237977,0.265047048982323,0.2799058773057858,0.0,0.0,0.9555347903014776,99.63603275705186,0.9999999999941036,0.9621689051887,1.0,0.988888644416154,0.997389651966947
compound,I-ContinuousRiskGovernor,8027,0.0970391038152868,0.1526314021528873,0.1633130437165399,0.0,0.0,0.9891754016235772,100.0,0.9999999998590692,0.9892433970615336,1.0,0.9999312085723032,1.0
compound,I-ContinuousRiskGovernor,8028,0.0899838335661828,0.1605762213514916,0.173063200715667,0.0,0.0,0.9899350168353724,100.0,0.9999999997464796,0.9899403223728754,1.0,0.9999945871423778,1.0
compound,I-ContinuousRiskGovernor,8029,0.1186646331959451,0.1958881607242393,0.2081117149482981,0.0,0.0,0.9694066446764243,99.63603275705186,0.999999696586336,0.9743927832380168,1.0,0.994356239074618,0.9998718338444642
compound,I-ContinuousRiskGovernor,8030,0.1341270866109015,0.2316938692212544,0.2402227379118054,0.0,0.0,0.9564363142344068,99.81801637852593,0.9999999999999064,0.9626399750620718,1.0,0.9912295721923532,0.998648514999832
compound,I-ContinuousRiskGovernor,8031,0.1182205492877529,0.2185859986449145,0.2282602071525212,0.0,0.0,0.9651125276089284,99.63603275705186,0.9999982632560382,0.971642309671371,1.0,0.9917415653929338,0.999514113508009
compound,I-ContinuousRiskGovernor,8032,0.1202937585042528,0.2262198244794959,0.2391718367637064,0.0,0.0,0.9647081306934278,99.4540491355778,0.9999954961160424,0.9660866000830742,1.0,0.9988387090630216,0.9991082387952857
compound,I-ContinuousRiskGovernor,8033,0.0842377638534225,0.1399785527978069,0.1476559672705013,0.0,0.0,0.9774409221009296,99.81801637852593,0.9999999008464028,0.9774670995629896,1.0,0.9999698880692548,1.0
compound,I-ContinuousRiskGovernor,8034,0.1306420285469362,0.1825294066636866,0.1941324117395214,0.0,0.0,0.98066048684609,99.81801637852593,0.999999999999906,0.9825420996471896,1.0,0.997934113158468,0.9999870527185036
compound,I-ContinuousRiskGovernor,8035,0.0699134451531441,0.1118825035032883,0.1153741296905018,0.0,0.0,0.9915341494965269,99.81801637852593,0.999937951278483,0.991595997177466,1.0,0.9999999822533372,1.0
compound,I-ContinuousRiskGovernor,8036,0.1171341666908991,0.2039426804176658,0.2193779005132592,0.0,0.0,0.9641148451197938,100.0,0.9999997084756668,0.966946068064632,1.0,0.9969282121759854,0.9997905305213128
compound,I-ContinuousRiskGovernor,8037,0.0938763894722932,0.1397170041644871,0.1425648553083005,0.0,0.0,0.9754145014419714,99.54504094631484,0.999999999999894,0.9760637730881128,1.0,0.9992967642487448,1.0
compound,I-ContinuousRiskGovernor,8038,0.1057677105302461,0.1627089612766576,0.1705816013536989,0.0,0.0,0.991529447586869,100.0,0.9999999996084838,0.9917061338549475,1.0,0.9998052647658264,1.0
compound,I-ContinuousRiskGovernor,8039,0.1075351887317174,0.1526675907956441,0.1595748691983704,0.0,0.0,0.988559832777343,100.0,0.9999999999999064,0.9893273091126292,1.0,0.9991852766839266,1.0
compound,I-ContinuousRiskGovernor,8040,0.1147782199194116,0.2139577967055297,0.2300500472618198,0.0,0.0,0.9769662753134292,100.0,0.9999999854680388,0.9772898741214489,1.0,0.999315399896724,0.9997211467134622
compound,I-ContinuousRiskGovernor,8041,0.100967656953552,0.1541492492837671,0.1605577286299167,0.0,0.0,0.9861922358231872,100.0,0.9999999999958764,0.986886253922181,1.0,0.9991537623330496,1.0
compound,I-ContinuousRiskGovernor,8042,0.0969013621643667,0.1626966795374787,0.1747908882401845,0.0,0.0,0.978710770169524,99.63603275705186,0.9999998265881272,0.9787200799090644,1.0,0.9999901549951916,1.0
compound,I-ContinuousRiskGovernor,8043,0.1014841471041199,0.207956385804402,0.2277808287343146,0.0,0.0,0.982800901789178,99.81801637852593,0.9999999826667936,0.9833363060930392,1.0,0.9994025194480464,0.9998127796575306
compound,I-ContinuousRiskGovernor,8044,0.1127933098056388,0.170351087643672,0.1800146258352415,0.0,0.0,0.9718526721780006,99.81801637852593,0.9999999999781032,0.9748866497470954,1.0,0.9967425153563114,1.0
compound,I-ContinuousRiskGovernor,8045,0.1292782990701182,0.1986893692711163,0.2107618449981667,0.0,0.0,0.970037887382988,99.81801637852593,0.9999999999999064,0.9702089710308952,1.0,0.999969866398881,0.9997805272265128
compound,I-ContinuousRiskGovernor,8046,0.1045529790468768,0.1630409720044554,0.1737334756813103,0.0,0.0,0.9870197067435946,100.0,0.9999999999932508,0.989749693978914,1.0,0.9969194899185032,1.0
compound,I-ContinuousRiskGovernor,8047,0.1111497223828916,0.1835044218602783,0.191758290947351,0.0,0.0,0.9798829190411232,99.81801637852593,0.9999999999994912,0.9799649600404978,1.0,0.9999095608760408,0.9999894792524846
compound,I-ContinuousRiskGovernor,8048,0.1062203816696789,0.1564849368101682,0.1692651306983015,0.0,0.0,0.9820450392635088,99.63603275705186,0.9999999999998888,0.9833232342728866,1.0,0.9985759614190342,1.0
compound,I-ContinuousRiskGovernor,8049,0.1108789965888559,0.1682884909347411,0.1743750375526162,0.0,0.0,0.9624422559949328,98.9080982711556,0.9999978030523268,0.9626653482285762,1.0,0.9997706910157,1.0
compound,I-ContinuousRiskGovernor,8050,0.1395748602260872,0.2263516954190119,0.2349483061314648,0.0,0.0,0.9567777182293956,99.81801637852593,0.9997081703615552,0.9634224631836116,1.0,0.9900825069255058,0.9991295834490564
compound,I-ContinuousRiskGovernor,8051,0.094375395713626,0.1331379142069635,0.1393526301498401,0.0,0.0,0.9821504623291796,99.81801637852593,0.99999999853539,0.982410659061298,1.0,0.9997269862893646,1.0
compound,I-ContinuousRiskGovernor,8052,0.1317419429386139,0.2013878874380299,0.2134712158389776,0.0,0.0,0.9650739249523808,99.63603275705186,0.9999999999998908,0.9658994160586384,1.0,0.9991829242614392,0.9997084696988816
compound,I-ContinuousRiskGovernor,8053,0.1136735889038656,0.2259219476490081,0.2360174799622748,0.0,0.0,0.9605978318604056,99.63603275705186,0.9999999914473524,0.965441229001722,1.0,0.990740256019664,0.9992587024684426
compound,I-ContinuousRiskGovernor,8054,0.0831978409226717,0.1134248759411389,0.1162475307823324,0.0,0.0,0.9849332049842592,99.63603275705186,0.9999999999363482,0.9853244631419495,1.0,0.9996035201975216,1.0
compound,I-ContinuousRiskGovernor,8055,0.0964850979698364,0.1609804951033668,0.1704436702932489,0.0,0.0,0.9828247078196194,99.63603275705186,0.9999999999743224,0.98483217459295,1.0,0.9979592865783454,1.0
compound,I-ContinuousRiskGovernor,8056,0.1448457670957348,0.2393390609537399,0.2512306993441313,0.0,0.0,0.956550656760084,99.27206551410372,0.999999999948581,0.9577013549615891,1.0,0.9977488540629952,0.9988501342578248
compound,I-ContinuousRiskGovernor,8057,0.1508835325872456,0.2364568026548703,0.2447577314668721,0.0,0.0,0.9547694027480575,99.4540491355778,0.9999999999999064,0.9564668774656706,1.0,0.9981747997222172,0.9982899883915828
compound,I-ContinuousRiskGovernor,8058,0.0930507710435281,0.1477808411359565,0.1513429869846309,0.0,0.0,0.9917913643208348,100.0,0.9999999999996592,0.9928535475628048,1.0,0.9988899372189406,1.0
compound,I-ContinuousRiskGovernor,8059,0.0946310175307974,0.1293454824687464,0.1352010961315614,0.0,0.0,0.9785944226562208,99.63603275705186,0.9999999824134472,0.97860307931013,1.0,0.9999871747248846,1.0
compound,I-ContinuousRiskGovernor,8060,0.114244142547445,0.1821997399994112,0.1889066592492869,0.0,0.0,0.9718223133523484,99.63603275705186,0.999999935795934,0.9722834984520112,1.0,0.99949763500104,1.0
compound,I-ContinuousRiskGovernor,8061,0.0971843335256006,0.1437146856441813,0.1499762081520885,0.0,0.0,0.9831191434593696,99.4540491355778,0.9999998413404336,0.9833483935868044,1.0,0.9997637828486896,1.0
compound,I-ContinuousRiskGovernor,8062,0.108467670718641,0.1998039786012965,0.2139598386203023,0.0,0.0,0.9907796078969584,99.81801637852593,0.9999999999573398,0.9912209335390828,1.0,0.9995863840143204,0.9999339231929818
compound,I-ContinuousRiskGovernor,8063,0.1035825622880142,0.1700566164692034,0.1749666657750098,0.0,0.0,0.9789550945213128,99.63603275705186,0.99999998535641,0.979032353169942,1.0,0.999911559299536,1.0
compound,I-ContinuousRiskGovernor,8064,0.0962777288747783,0.1392757869245821,0.1528413871675743,0.0,0.0,0.97921382573588,99.63603275705186,0.9999999999999052,0.9805613264147,1.0,0.9985427553165012,1.0
compound,I-ContinuousRiskGovernor,8065,0.0862444875146359,0.1248414409416055,0.1296032237553464,0.0,0.0,0.9921563570671896,100.0,0.9999999424921712,0.9923324008987584,1.0,0.9998223734858476,1.0
compound,I-ContinuousRiskGovernor,8066,0.1109040361570961,0.1659593978649792,0.1710044746190351,0.0,0.0,0.9814876063863676,99.63603275705186,0.9999999999997424,0.9821842209361992,1.0,0.9992833671503256,1.0
compound,I-ContinuousRiskGovernor,8067,0.1381052493975162,0.2211835822461306,0.2334005900664905,0.0,0.0,0.965809816800766,99.81801637852593,0.999999599037492,0.9696545164442076,1.0,0.9947566320648912,0.999496509779918
compound,I-ContinuousRiskGovernor,8068,0.114653212137461,0.1698971147940424,0.1766977530097863,0.0,0.0,0.975983292431728,99.81801637852593,0.9999999999999016,0.977689530825258,1.0,0.9979538380329924,1.0
compound,I-ContinuousRiskGovernor,8069,0.121167846802285,0.1897384919271967,0.2061810403822023,0.0,0.0,0.9547686757209948,99.81801637852593,0.999999997106567,0.9600685528494868,1.0,0.9928951313485964,0.9999269710505232
compound,I-ContinuousRiskGovernor,8070,0.1263110006572743,0.1900896254779585,0.1941073113791318,0.0,0.0,0.97735963232092,99.63603275705186,0.9999999975812308,0.9794020626494534,1.0,0.997918318778138,0.9999523071979668
compound,I-ContinuousRiskGovernor,8071,0.0841711470703327,0.139695303032515,0.1461524842357507,0.0,0.0,0.9782419170412876,100.0,0.9997157199545011,0.9802534064761356,1.0,0.9980365786433898,1.0
compound,I-ContinuousRiskGovernor,8072,0.1034770422842102,0.1615991994486057,0.1669656887097501,0.0,0.0,0.9851108195905484,100.0,0.9999999999996338,0.9855805212685944,1.0,0.9995063532819436,1.0
compound,I-ContinuousRiskGovernor,8073,0.1355524064241991,0.2106733693187695,0.2159750060063583,0.0,0.0,0.9826435646459216,100.0,0.9999999999997023,0.9844235811216936,1.0,0.9982984042914144,0.9997186092620228
compound,I-ContinuousRiskGovernor,8074,0.0972911467632523,0.1563081289105394,0.1592517499990027,0.0,0.0,0.98049431500809,100.0,0.9999999999852944,0.9806713475917024,1.0,0.999819332021678,1.0
compound,I-ContinuousRiskGovernor,8075,0.1101369737976292,0.1959619249226192,0.2104194095497681,0.0,0.0,0.9736011951699992,100.0,0.99999261127471,0.9742531202945924,1.0,0.9993458894855042,0.9997866297210805
compound,I-ContinuousRiskGovernor,8076,0.1340735041614602,0.2211379767093676,0.2340461102251823,0.0,0.0,0.953915243640752,99.27206551410372,0.9999996348089992,0.9604825032673296,1.0,0.990693536747234,0.999237676481216
compound,I-ContinuousRiskGovernor,8077,0.1106089134652565,0.1954065487743755,0.2066807942905616,0.0,0.0,0.9786841209939258,99.81801637852593,0.9999999999997178,0.9787289212150804,1.0,0.9999866274718144,0.9998974014273628
compound,I-ContinuousRiskGovernor,8078,0.1509793296736722,0.2825443975100387,0.3019544281823007,0.0,0.0,0.9254247703503335,99.27206551410372,0.9999999999999064,0.928241027331556,1.0,0.9955108911956948,0.995354566441797
compound,I-ContinuousRiskGovernor,8079,0.1022129902540182,0.1383215802281411,0.1424651246821043,0.0,0.0,0.9870340032034778,99.81801637852593,0.9999999999770672,0.9876950647791046,1.0,0.999283991442186,1.0
compound,I-ContinuousRiskGovernor,8080,0.0942533521313594,0.1248451215580128,0.1343535183650802,0.0,0.0,0.9762857861934308,98.9080982711556,0.9999999999943768,0.9763575341291209,1.0,0.9999218515139556,1.0
compound,I-ContinuousRiskGovernor,8081,0.1354054037926215,0.2450309569394796,0.2609607362769372,0.0,0.0,0.9443776530862528,99.81801637852593,0.9999999999933696,0.9450319807807142,1.0,0.9986634533149032,0.9986098285519892
compound,I-ContinuousRiskGovernor,8082,0.1239986335464791,0.2036831281777314,0.2154810737365178,0.0,0.0,0.9750785760324272,99.63603275705186,0.9999999999616724,0.9762632170524428,1.0,0.99840165816919,0.9998688668143751
compound,I-ContinuousRiskGovernor,8083,0.0944751536842386,0.1290262237508993,0.1380258647176475,0.0,0.0,0.978549794923102,99.81801637852593,0.9999999999810304,0.9789788889725898,1.0,0.999543422682214,1.0
compound,I-ContinuousRiskGovernor,8084,0.1186306206443838,0.194283925266963,0.2079242157053504,0.0,0.0,0.9779814245248843,99.27206551410372,0.9999999999999064,0.9780348656161576,1.0,0.9999944227136416,0.9999280104244832
compound,I-ContinuousRiskGovernor,8085,0.1541019110661987,0.2289422783680857,0.2417105400376427,0.0,0.0,0.9777479665200258,100.0,0.9999999999918976,0.979275040338433,1.0,0.9986600762889336,0.9993169659686416
compound,I-ContinuousRiskGovernor,8086,0.0872169915754971,0.1212616916547188,0.1252655426302405,0.0,0.0,0.9799600657752068,99.63603275705186,0.999999999998754,0.9799626913667052,1.0,0.999997027305662,1.0
compound,I-ContinuousRiskGovernor,8087,0.1415809388293813,0.2636656352769383,0.2770442101930742,0.0,0.0,0.9380164000445496,99.4540491355778,0.9999999999999029,0.9391337968672352,1.0,0.9957018632747618,0.996998779654967
compound,I-ContinuousRiskGovernor,8088,0.1171290994720409,0.1867661805089717,0.1957667962565923,0.0,0.0,0.9757857047905948,99.81801637852593,0.99999999999986,0.9761956226758446,1.0,0.9995875032356728,0.999987085637806
compound,I-ContinuousRiskGovernor,8089,0.0822448807918141,0.1231943338373543,0.125297109149249,0.0,0.0,0.9857570624005082,99.81801637852593,0.999980939867306,0.9857824158607942,1.0,0.9999936834785657,1.0
compound,I-ContinuousRiskGovernor,8090,0.1315168697318475,0.2234213520467698,0.2398685071898157,0.0,0.0,0.9612496252780688,99.27206551410372,0.9999999980834556,0.9633102200880532,1.0,0.9980464531142536,0.9992179767956528
compound,I-ContinuousRiskGovernor,8091,0.1160174979616052,0.1706887335083223,0.1757454128491534,0.0,0.0,0.9646627275627356,100.0,0.9999999999999056,0.9682372058257116,1.0,0.9956598977408628,1.0
compound,I-ContinuousRiskGovernor,8092,0.1173649247699494,0.186605536942994,0.1942606863823867,0.0,0.0,0.9836456416491474,100.0,0.9999999999468614,0.9853264452587966,1.0,0.9980652048521362,0.999958186853176
compound,I-ContinuousRiskGovernor,8093,0.1060381638627448,0.1508062014556622,0.1563029862602733,0.0,0.0,0.9849222003592164,100.0,0.9999999999989014,0.9859510285703148,1.0,0.998876591895061,1.0
compound,I-ContinuousRiskGovernor,8094,0.1181906211235812,0.1699357318529446,0.1774088565976843,0.0,0.0,0.980838571058564,99.81801637852593,0.9999999990937762,0.9832925671657624,1.0,0.9972937284687868,1.0
compound,I-ContinuousRiskGovernor,8095,0.1060573521093045,0.1971362032467766,0.2018228187754855,0.0,0.0,0.957249537551644,99.09008189262968,0.9999999999979362,0.957508691244374,1.0,0.999783470136786,0.99988075082264
compound,I-ContinuousRiskGovernor,8096,0.112603894220259,0.1702337389311608,0.1732605825545308,0.0,0.0,0.9908556824540194,100.0,0.999999999999836,0.9917810427695432,1.0,0.999011760259496,1.0
compound,I-ContinuousRiskGovernor,8097,0.1185697705820757,0.1947759173236724,0.2050494460916117,0.0,0.0,0.9867411739325542,100.0,0.9999999999998468,0.9874339312174826,1.0,0.9992537441308468,0.9999565665752782
compound,I-ContinuousRiskGovernor,8098,0.08884598219353,0.1333297765360172,0.1381599522261422,0.0,0.0,0.9894959700508604,100.0,0.9999716565535226,0.9895317642595702,1.0,0.9999925492377664,1.0
compound,I-ContinuousRiskGovernor,8099,0.1075280428959887,0.1777283102573573,0.1834080302887105,0.0,0.0,0.9859118845969446,99.81801637852593,0.999999999999784,0.9859601272819286,1.0,0.999950455120856,1.0
