Scenario,Controller,SeedIndex,rmse_m,p95_error_m,max_error_m,control_effort,saturation_pct,residual_rms_ms2,gate_mean,gate_p95,alpha_mean,alpha_p95
nominal,LQR-outer,3200,0.009677083286301017,0.012663705115609993,0.012798003368280486,0.46232077884904377,0.0,0.0,0.0,0.0,0.0,0.0
nominal,LQR-outer,3201,0.009705080198147267,0.012678532324322344,0.012844341481963218,0.46107685718810804,0.0,0.0,0.0,0.0,0.0,0.0
nominal,LQR-outer,3202,0.009676408311673027,0.012678257596715743,0.012840699040813402,0.46058003843102274,0.0,0.0,0.0,0.0,0.0,0.0
nominal,LQR-outer,3203,0.009642479056521644,0.012680474193308724,0.012844869525824495,0.46081506330430044,0.0,0.0,0.0,0.0,0.0,0.0
nominal,LQR-outer,3204,0.009641162808489988,0.012663572718923604,0.012796120377350909,0.46227109530159716,0.0,0.0,0.0,0.0,0.0,0.0
nominal,LQR-outer,3205,0.009590201230800127,0.012671675296386091,0.012819662740642996,0.4615786414560341,0.0,0.0,0.0,0.0,0.0,0.0
nominal,LQR-outer,3206,0.009643474673294815,0.012673376158217772,0.012828617067977601,0.46140928576658957,0.0,0.0,0.0,0.0,0.0,0.0
nominal,LQR-outer,3207,0.009706257979798145,0.012688977330024,0.012885070254114577,0.4596070547739564,0.0,0.0,0.0,0.0,0.0,0.0
nominal,LQR-outer,3208,0.009617759607074894,0.012664031027695609,0.012802530339688678,0.46216742419740625,0.0,0.0,0.0,0.0,0.0,0.0
nominal,LQR-outer,3209,0.009620004228677065,0.012670685227020494,0.012812919061820726,0.46177392351790947,0.0,0.0,0.0,0.0,0.0,0.0
nominal,LQR-outer,3210,0.009622067844623014,0.012670685324409507,0.012819064846882661,0.46171987622068134,0.0,0.0,0.0,0.0,0.0,0.0
nominal,LQR-outer,3211,0.009603002515098148,0.012677568901456519,0.012833670904737535,0.46108120200327474,0.0,0.0,0.0,0.0,0.0,0.0
nominal,LQR-outer,3212,0.009638364599374815,0.012669828438416464,0.01280849072750096,0.4619534402838304,0.0,0.0,0.0,0.0,0.0,0.0
nominal,LQR-outer,3213,0.00960670123196319,0.012671755636663663,0.012824153861505587,0.4615367950075492,0.0,0.0,0.0,0.0,0.0,0.0
nominal,LQR-outer,3214,0.009665038705894935,0.012671590798092746,0.012817538549178114,0.4612099473064651,0.0,0.0,0.0,0.0,0.0,0.0
nominal,LQR-outer,3215,0.009661077460421287,0.012688614557041912,0.012868553869564738,0.4599075529272967,0.0,0.0,0.0,0.0,0.0,0.0
nominal,LQR-outer,3216,0.009581763821895727,0.01266158188888831,0.012788509937542403,0.46254755761569843,0.0,0.0,0.0,0.0,0.0,0.0
nominal,LQR-outer,3217,0.009605765855700233,0.012663348899820764,0.012793199889845107,0.46230539722853103,0.0,0.0,0.0,0.0,0.0,0.0
nominal,LQR-outer,3218,0.009644112196023851,0.012662898319157116,0.012792039873490512,0.4627643619092717,0.0,0.0,0.0,0.0,0.0,0.0
nominal,LQR-outer,3219,0.009642836777086241,0.01267947779402339,0.012846951605369665,0.46049612016663455,0.0,0.0,0.0,0.0,0.0,0.0
nominal,LQR-outer,3220,0.009602274268400485,0.012678532178023678,0.012844380564531936,0.46094551044832094,0.0,0.0,0.0,0.0,0.0,0.0
nominal,LQR-outer,3221,0.009598976113800698,0.012664060904033748,0.012806607089543088,0.4625254225290172,0.0,0.0,0.0,0.0,0.0,0.0
nominal,LQR-outer,3222,0.009613453942959283,0.012677530472395374,0.012833519688452212,0.4613319857169448,0.0,0.0,0.0,0.0,0.0,0.0
nominal,LQR-outer,3223,0.009565968273723196,0.012653688877648943,0.012769114862391379,0.4636689140358897,0.0,0.0,0.0,0.0,0.0,0.0
nominal,LQR-outer,3224,0.009606201170986263,0.012677568980037414,0.012833234790708864,0.4610660731511234,0.0,0.0,0.0,0.0,0.0,0.0
nominal,LQR-outer,3225,0.009694636520076549,0.012684389620865731,0.012866831827532418,0.46012576605440964,0.0,0.0,0.0,0.0,0.0,0.0
nominal,LQR-outer,3226,0.009647303343774795,0.01267068530040446,0.012810589795341509,0.4615541052598993,0.0,0.0,0.0,0.0,0.0,0.0
nominal,LQR-outer,3227,0.009688763380680521,0.012688516718750162,0.0128681161700711,0.45985488271126707,0.0,0.0,0.0,0.0,0.0,0.0
nominal,LQR-outer,3228,0.009659290837194027,0.012688614539949052,0.012870432261827486,0.4599098995577184,0.0,0.0,0.0,0.0,0.0,0.0
nominal,LQR-outer,3229,0.00961363097512408,0.012662898280960089,0.01279402044939179,0.4628089723702861,0.0,0.0,0.0,0.0,0.0,0.0
nominal,LQR-outer,3230,0.009647173228251583,0.012670685378026708,0.012810442237279972,0.46205615036812714,0.0,0.0,0.0,0.0,0.0,0.0
nominal,LQR-outer,3231,0.009638632196453317,0.012677354662542979,0.012832980046447636,0.46146922335378826,0.0,0.0,0.0,0.0,0.0,0.0
nominal,LQR-outer,3232,0.009712539903965069,0.012683532967753217,0.012851450936509455,0.4602907915165108,0.0,0.0,0.0,0.0,0.0,0.0
nominal,LQR-outer,3233,0.009591753903157085,0.012670375319942964,0.012809774336057823,0.4616796857405713,0.0,0.0,0.0,0.0,0.0,0.0
nominal,LQR-outer,3234,0.00965509432842036,0.01268378804576442,0.012855563800493882,0.4602106038805941,0.0,0.0,0.0,0.0,0.0,0.0
nominal,LQR-outer,3235,0.009608968235116542,0.012671293220751887,0.012816970325305752,0.4616837686703535,0.0,0.0,0.0,0.0,0.0,0.0
nominal,LQR-outer,3236,0.009582974300412387,0.012663352413546864,0.012794235184258667,0.46257281009344664,0.0,0.0,0.0,0.0,0.0,0.0
nominal,LQR-outer,3237,0.009621772285406565,0.012645564957944081,0.012755114311986455,0.4637441413297049,0.0,0.0,0.0,0.0,0.0,0.0
nominal,LQR-outer,3238,0.009593861318493714,0.0126706852937809,0.012809591396506545,0.46193423146211504,0.0,0.0,0.0,0.0,0.0,0.0
nominal,LQR-outer,3239,0.009633406687140189,0.012657566134590618,0.012782045884514709,0.46306197834048235,0.0,0.0,0.0,0.0,0.0,0.0
nominal,LQR-outer,3240,0.009748653835882188,0.012696014678425844,0.013120460771121325,0.4588669466077546,0.0,0.0,0.0,0.0,0.0,0.0
nominal,LQR-outer,3241,0.00969801528740333,0.012677569028173994,0.012840157239680943,0.46064015373750977,0.0,0.0,0.0,0.0,0.0,0.0
nominal,LQR-outer,3242,0.009599858782070645,0.012670685364947674,0.012814988083907946,0.4621215866652846,0.0,0.0,0.0,0.0,0.0,0.0
nominal,LQR-outer,3243,0.009567834345679899,0.01267068525539562,0.012809283439250831,0.46208976873372126,0.0,0.0,0.0,0.0,0.0,0.0
nominal,LQR-outer,3244,0.009661111042440414,0.012684284042209814,0.01286271573005746,0.46003947208144935,0.0,0.0,0.0,0.0,0.0,0.0
nominal,LQR-outer,3245,0.00967871763555652,0.012684389614367218,0.012862617934246923,0.46012760458033725,0.0,0.0,0.0,0.0,0.0,0.0
nominal,LQR-outer,3246,0.009610715868512325,0.012670685198996877,0.012812246418814543,0.46187579935414036,0.0,0.0,0.0,0.0,0.0,0.0
nominal,LQR-outer,3247,0.009560847863663445,0.012655580912761009,0.012779258700318251,0.4632942424847031,0.0,0.0,0.0,0.0,0.0,0.0
nominal,LQR-outer,3248,0.009659458404636912,0.012684303965893354,0.012861759729673225,0.46010621042225713,0.0,0.0,0.0,0.0,0.0,0.0
nominal,LQR-outer,3249,0.009593284863955269,0.012677568906961716,0.012830116118418432,0.46142319726324865,0.0,0.0,0.0,0.0,0.0,0.0
nominal,LQR-outer,3250,0.009609869059997387,0.012677538052990432,0.012830141152114638,0.4612006272246569,0.0,0.0,0.0,0.0,0.0,0.0
nominal,LQR-outer,3251,0.009632881194030565,0.012677568931500367,0.012839071629784938,0.46093703042257034,0.0,0.0,0.0,0.0,0.0,0.0
nominal,LQR-outer,3252,0.009576604318975139,0.01265758609929468,0.01278201000384846,0.4629651751224564,0.0,0.0,0.0,0.0,0.0,0.0
nominal,LQR-outer,3253,0.009584841515793321,0.012671755597958615,0.012820395711242355,0.46166304292223587,0.0,0.0,0.0,0.0,0.0,0.0
nominal,LQR-outer,3254,0.009565422573288098,0.012655449035369758,0.012779457292559911,0.4627915931887552,0.0,0.0,0.0,0.0,0.0,0.0
nominal,LQR-outer,3255,0.009701505402205251,0.012688614587087966,0.012877588741912615,0.45948638857234975,0.0,0.0,0.0,0.0,0.0,0.0
nominal,LQR-outer,3256,0.009588432186053843,0.012654210941476732,0.012765872713171061,0.4630985969797702,0.0,0.0,0.0,0.0,0.0,0.0
nominal,LQR-outer,3257,0.009596058785654208,0.012671700753868212,0.012820075900223512,0.4615621316454853,0.0,0.0,0.0,0.0,0.0,0.0
nominal,LQR-outer,3258,0.009620974828937878,0.01267853211415488,0.012842275722763252,0.4609032719822459,0.0,0.0,0.0,0.0,0.0,0.0
nominal,LQR-outer,3259,0.009646333725495511,0.012672514901526925,0.01282720424999045,0.46139624757114034,0.0,0.0,0.0,0.0,0.0,0.0
nominal,LQR-outer,3260,0.00963324953062095,0.012677568897845692,0.012830660795048873,0.4610982692863799,0.0,0.0,0.0,0.0,0.0,0.0
nominal,LQR-outer,3261,0.009668420375240754,0.012683546147166429,0.012851267499874731,0.4606442823077377,0.0,0.0,0.0,0.0,0.0,0.0
nominal,LQR-outer,3262,0.009721913006923053,0.012689583725308916,0.012890175169644427,0.45929188426656553,0.0,0.0,0.0,0.0,0.0,0.0
nominal,LQR-outer,3263,0.009609361593168815,0.012671755643498848,0.012827364925276415,0.4614113851571252,0.0,0.0,0.0,0.0,0.0,0.0
nominal,LQR-outer,3264,0.0096419225046982,0.012661033256180456,0.012786010204931846,0.4623738689673393,0.0,0.0,0.0,0.0,0.0,0.0
nominal,LQR-outer,3265,0.009604192474776438,0.012677568952739502,0.012838549784532135,0.4609830542818838,0.0,0.0,0.0,0.0,0.0,0.0
nominal,LQR-outer,3266,0.009649464997398024,0.012682565011901176,0.012848422142847152,0.46077298760595936,0.0,0.0,0.0,0.0,0.0,0.0
nominal,LQR-outer,3267,0.009623414425451038,0.012683546175945947,0.012848552672614115,0.460430927860375,0.0,0.0,0.0,0.0,0.0,0.0
nominal,LQR-outer,3268,0.009679466675391218,0.01268861453132176,0.012872766941992677,0.4598653708471518,0.0,0.0,0.0,0.0,0.0,0.0
nominal,LQR-outer,3269,0.009698481788620135,0.012688614577907343,0.012875295588464513,0.45969338739106913,0.0,0.0,0.0,0.0,0.0,0.0
nominal,LQR-outer,3270,0.009572862689124289,0.01264404822642251,0.012744316795145254,0.464183864933913,0.0,0.0,0.0,0.0,0.0,0.0
nominal,LQR-outer,3271,0.009618036293086746,0.01267853217314028,0.012845975485427971,0.46067275500040084,0.0,0.0,0.0,0.0,0.0,0.0
nominal,LQR-outer,3272,0.009675665372490335,0.012688614618817887,0.012873926578537477,0.4599267747692015,0.0,0.0,0.0,0.0,0.0,0.0
nominal,LQR-outer,3273,0.009656822320406051,0.012682191437622451,0.01285107725670911,0.4604021334190385,0.0,0.0,0.0,0.0,0.0,0.0
nominal,LQR-outer,3274,0.00964334857909323,0.012671265682748664,0.012819624527230603,0.4614855440055698,0.0,0.0,0.0,0.0,0.0,0.0
nominal,LQR-outer,3275,0.009648032571640208,0.012670685385117706,0.012821338517632026,0.46170152944407783,0.0,0.0,0.0,0.0,0.0,0.0
nominal,LQR-outer,3276,0.009639438113131065,0.012679535459796375,0.012844266260496895,0.4606401307779672,0.0,0.0,0.0,0.0,0.0,0.0
nominal,LQR-outer,3277,0.009693729932402709,0.012678097458557833,0.012841839336224969,0.46051772600795204,0.0,0.0,0.0,0.0,0.0,0.0
nominal,LQR-outer,3278,0.00964231281660752,0.012659645767172933,0.012783354923745159,0.4627987877708239,0.0,0.0,0.0,0.0,0.0,0.0
nominal,LQR-outer,3279,0.00964344513633556,0.01268674857728819,0.012864956306066138,0.4600154974060688,0.0,0.0,0.0,0.0,0.0,0.0
nominal,LQR-outer,3280,0.009581010026611663,0.012665673999003126,0.012806230504439098,0.4624063172952266,0.0,0.0,0.0,0.0,0.0,0.0
nominal,LQR-outer,3281,0.009592305755151414,0.012671755620071294,0.01282677528925462,0.46169466521362473,0.0,0.0,0.0,0.0,0.0,0.0
nominal,LQR-outer,3282,0.009661524255214627,0.012678070819921384,0.012841095007671183,0.4608462331693281,0.0,0.0,0.0,0.0,0.0,0.0
nominal,LQR-outer,3283,0.009663249143059705,0.012688614451739584,0.012869770070737368,0.45995640199094234,0.0,0.0,0.0,0.0,0.0,0.0
nominal,LQR-outer,3284,0.009638211429008772,0.012684200765209416,0.012860749271764194,0.46030453713843733,0.0,0.0,0.0,0.0,0.0,0.0
nominal,LQR-outer,3285,0.009567323915259674,0.012662898116418027,0.012794313783343853,0.4624318205091179,0.0,0.0,0.0,0.0,0.0,0.0
nominal,LQR-outer,3286,0.00968099433742947,0.01268861454996095,0.012867304453353655,0.45977902551058436,0.0,0.0,0.0,0.0,0.0,0.0
nominal,LQR-outer,3287,0.00962274054659611,0.012655355781571863,0.012781963637861667,0.46330990462233557,0.0,0.0,0.0,0.0,0.0,0.0
nominal,LQR-outer,3288,0.00964182817682177,0.012678481344595536,0.012842231656298338,0.4608052788577852,0.0,0.0,0.0,0.0,0.0,0.0
nominal,LQR-outer,3289,0.009587389501506845,0.012671755620990401,0.012819657795429425,0.46163691972218923,0.0,0.0,0.0,0.0,0.0,0.0
nominal,LQR-outer,3290,0.009583112486826228,0.012666993214348544,0.012805448876764066,0.462240803337429,0.0,0.0,0.0,0.0,0.0,0.0
nominal,LQR-outer,3291,0.009627030080061322,0.01267818041464694,0.012839460449312879,0.4610887902724999,0.0,0.0,0.0,0.0,0.0,0.0
nominal,LQR-outer,3292,0.009557866212128176,0.012662898137242634,0.012790532906414735,0.46267107301865795,0.0,0.0,0.0,0.0,0.0,0.0
nominal,LQR-outer,3293,0.009645415134037731,0.012678166824508475,0.012841162289858528,0.4610516767089474,0.0,0.0,0.0,0.0,0.0,0.0
nominal,LQR-outer,3294,0.009674243471762576,0.012683546237177953,0.012855861892754991,0.46006467268040047,0.0,0.0,0.0,0.0,0.0,0.0
nominal,LQR-outer,3295,0.009692014691349678,0.012689769296883131,0.0128813426185154,0.4593057367146923,0.0,0.0,0.0,0.0,0.0,0.0
nominal,LQR-outer,3296,0.009663278317947393,0.012678232424315629,0.012843366591818112,0.4608700757339293,0.0,0.0,0.0,0.0,0.0,0.0
nominal,LQR-outer,3297,0.009647804893763953,0.01268394832800037,0.012858236962127909,0.46009159631545504,0.0,0.0,0.0,0.0,0.0,0.0
nominal,LQR-outer,3298,0.009638572489361315,0.012684330288171093,0.012859319212388701,0.46039633425640025,0.0,0.0,0.0,0.0,0.0,0.0
nominal,LQR-outer,3299,0.009548470971979316,0.012654210943231787,0.012775391587471914,0.4632370749983393,0.0,0.0,0.0,0.0,0.0,0.0
nominal,CurrentOnly-AE-CeNN-494,3200,0.009268726533135952,0.01166771805368142,0.012314301782633463,0.4672576055775287,0.0,0.06937714437303472,0.0,0.0,0.0,0.0
nominal,CurrentOnly-AE-CeNN-494,3201,0.009801707594243168,0.012627394060380204,0.013235747782948127,0.4646863278510612,0.0,0.06777326078297786,0.0,0.0,0.0,0.0
nominal,CurrentOnly-AE-CeNN-494,3202,0.009619801822162702,0.01213172969125726,0.012584049965830693,0.4648812626642636,0.0,0.06962222913695124,0.0,0.0,0.0,0.0
nominal,CurrentOnly-AE-CeNN-494,3203,0.01025332738059776,0.012957492242976742,0.013510099099268327,0.46577458364690166,0.0,0.06930558361229983,0.0,0.0,0.0,0.0
nominal,CurrentOnly-AE-CeNN-494,3204,0.010029193315475946,0.01332397671533291,0.013969734188368258,0.4660791323132954,0.0,0.07247132977884355,0.0,0.0,0.0,0.0
nominal,CurrentOnly-AE-CeNN-494,3205,0.01025333676865138,0.01407125614923055,0.014545067411086526,0.4652739817396546,0.0,0.06821904399788446,0.0,0.0,0.0,0.0
nominal,CurrentOnly-AE-CeNN-494,3206,0.009523339769377607,0.011621380076272501,0.01195953456695811,0.46579247647215977,0.0,0.07076285095936466,0.0,0.0,0.0,0.0
nominal,CurrentOnly-AE-CeNN-494,3207,0.009989728603232897,0.01289830160516298,0.01357319814730945,0.465028465155947,0.0,0.06912702594518083,0.0,0.0,0.0,0.0
nominal,CurrentOnly-AE-CeNN-494,3208,0.00960417589259759,0.012416306343152186,0.01291718124248265,0.46727964184929766,0.0,0.07030878964012673,0.0,0.0,0.0,0.0
nominal,CurrentOnly-AE-CeNN-494,3209,0.010069784305860481,0.013262453628804426,0.01379051766045295,0.46591505221066726,0.0,0.0689794978666226,0.0,0.0,0.0,0.0
nominal,CurrentOnly-AE-CeNN-494,3210,0.010102292837861496,0.013637503902210066,0.014536070630861587,0.4654076197946604,0.0,0.07018018527404288,0.0,0.0,0.0,0.0
nominal,CurrentOnly-AE-CeNN-494,3211,0.010015926880502977,0.01281057776246344,0.013256334953106791,0.46532876330055434,0.0,0.07107552313051613,0.0,0.0,0.0,0.0
nominal,CurrentOnly-AE-CeNN-494,3212,0.009761552392808083,0.01243167103725853,0.01287859178646603,0.4655327616815187,0.0,0.06913602648796122,0.0,0.0,0.0,0.0
nominal,CurrentOnly-AE-CeNN-494,3213,0.01000033961988516,0.012667678132796425,0.013078806272496508,0.4655075915617332,0.0,0.06835098290973654,0.0,0.0,0.0,0.0
nominal,CurrentOnly-AE-CeNN-494,3214,0.009730814366319639,0.012018071876213792,0.01222114818210876,0.46499854611472263,0.0,0.0691508727406068,0.0,0.0,0.0,0.0
nominal,CurrentOnly-AE-CeNN-494,3215,0.009401449014398803,0.011981782101306125,0.0122685172460771,0.4638707873908194,0.0,0.07100197560564432,0.0,0.0,0.0,0.0
nominal,CurrentOnly-AE-CeNN-494,3216,0.009816844165420315,0.012874116600146288,0.013234506433891638,0.46703431707622195,0.0,0.0694793342595188,0.0,0.0,0.0,0.0
nominal,CurrentOnly-AE-CeNN-494,3217,0.009619057260535434,0.012727599880432117,0.013032122831197309,0.4665510182152977,0.0,0.0682544768448031,0.0,0.0,0.0,0.0
nominal,CurrentOnly-AE-CeNN-494,3218,0.00951522568126513,0.012246241873758794,0.01485194718541392,0.46838741946735984,0.0,0.07025278126892881,0.0,0.0,0.0,0.0
nominal,CurrentOnly-AE-CeNN-494,3219,0.009271156511390433,0.012047126024249717,0.012508221661587769,0.4650001304888723,0.0,0.06972118138822032,0.0,0.0,0.0,0.0
nominal,CurrentOnly-AE-CeNN-494,3220,0.00938132630745535,0.01249899711441101,0.01323952410151951,0.464841728186747,0.0,0.0685837664885915,0.0,0.0,0.0,0.0
nominal,CurrentOnly-AE-CeNN-494,3221,0.01007101711912046,0.013130613434098628,0.0133865098199832,0.46761534650401654,0.0,0.06936089856848164,0.0,0.0,0.0,0.0
nominal,CurrentOnly-AE-CeNN-494,3222,0.009642420758033872,0.012682016590656753,0.013081931495242291,0.4666819293018356,0.0,0.06942589675397771,0.0,0.0,0.0,0.0
nominal,CurrentOnly-AE-CeNN-494,3223,0.00982275385667065,0.01254397898207138,0.012766783090353638,0.46935785740676433,0.0,0.0680675058382147,0.0,0.0,0.0,0.0
nominal,CurrentOnly-AE-CeNN-494,3224,0.009783761543561592,0.012956841067931655,0.013475275315610977,0.4669894360592419,0.0,0.07087364657028217,0.0,0.0,0.0,0.0
nominal,CurrentOnly-AE-CeNN-494,3225,0.009441891961253317,0.011796615694445166,0.013434387875214783,0.46337221945385715,0.0,0.06835949628257171,0.0,0.0,0.0,0.0
nominal,CurrentOnly-AE-CeNN-494,3226,0.009340020287941711,0.012462288186330179,0.013229729342981819,0.4666204254150393,0.0,0.07023252633717231,0.0,0.0,0.0,0.0
nominal,CurrentOnly-AE-CeNN-494,3227,0.009675439234634693,0.012017218721991173,0.012190349481090698,0.4638603217544601,0.0,0.07043476562923953,0.0,0.0,0.0,0.0
nominal,CurrentOnly-AE-CeNN-494,3228,0.009681445181699161,0.0126552989024627,0.012952963857884012,0.46470744954945603,0.0,0.07009376279174942,0.0,0.0,0.0,0.0
nominal,CurrentOnly-AE-CeNN-494,3229,0.009886718213122838,0.013177625106100963,0.013509916223505988,0.4665699211746091,0.0,0.06976028236562294,0.0,0.0,0.0,0.0
nominal,CurrentOnly-AE-CeNN-494,3230,0.009825692101121225,0.012392131028906449,0.012736726747809003,0.46664462376518795,0.0,0.0708042321878231,0.0,0.0,0.0,0.0
nominal,CurrentOnly-AE-CeNN-494,3231,0.010400090294877394,0.013049159303504284,0.013840453731035861,0.46485404550182297,0.0,0.06873330571068902,0.0,0.0,0.0,0.0
nominal,CurrentOnly-AE-CeNN-494,3232,0.010197198740044544,0.013315004850081972,0.014628663313744326,0.4653077256334152,0.0,0.07146579147668611,0.0,0.0,0.0,0.0
nominal,CurrentOnly-AE-CeNN-494,3233,0.009492410101259667,0.01212429353230669,0.01269776332099394,0.46622739053810264,0.0,0.07113596840358448,0.0,0.0,0.0,0.0
nominal,CurrentOnly-AE-CeNN-494,3234,0.009218342889142573,0.011794651945866751,0.012217369983931282,0.46397890491214666,0.0,0.06924737477813415,0.0,0.0,0.0,0.0
nominal,CurrentOnly-AE-CeNN-494,3235,0.010155133956310122,0.014243353513783882,0.014865516180513502,0.46557244489333016,0.0,0.06899784085229839,0.0,0.0,0.0,0.0
nominal,CurrentOnly-AE-CeNN-494,3236,0.009770065897055234,0.012159777921184061,0.012280317293703649,0.46712164406817264,0.0,0.0713757876142925,0.0,0.0,0.0,0.0
nominal,CurrentOnly-AE-CeNN-494,3237,0.009359303353476917,0.011783773659192101,0.012221066371771058,0.4670340004048681,0.0,0.0688864951488922,0.0,0.0,0.0,0.0
nominal,CurrentOnly-AE-CeNN-494,3238,0.00964373294448177,0.012427393590085498,0.013329385248845013,0.46724984569131567,0.0,0.06882252769385613,0.0,0.0,0.0,0.0
nominal,CurrentOnly-AE-CeNN-494,3239,0.009756347198902263,0.012147032277322879,0.012937191946568621,0.4679823654722824,0.0,0.06931600381053864,0.0,0.0,0.0,0.0
nominal,CurrentOnly-AE-CeNN-494,3240,0.009868452653027904,0.012540586874848148,0.014540957893003874,0.4624670450551079,0.0,0.06953919225355869,0.0,0.0,0.0,0.0
nominal,CurrentOnly-AE-CeNN-494,3241,0.009868173647984084,0.012853918311073399,0.013181095359460012,0.46367645246083306,0.0,0.06792108857624529,0.0,0.0,0.0,0.0
nominal,CurrentOnly-AE-CeNN-494,3242,0.009699918542834475,0.012244512702415448,0.012380778780503044,0.46638124263534547,0.0,0.0704615970130557,0.0,0.0,0.0,0.0
nominal,CurrentOnly-AE-CeNN-494,3243,0.0103051277191627,0.012864309649839804,0.013293700890630889,0.4661712387046974,0.0,0.06927823102729107,0.0,0.0,0.0,0.0
nominal,CurrentOnly-AE-CeNN-494,3244,0.009400847624455241,0.011701196290369541,0.011830009704334767,0.4645524406344181,0.0,0.06842874150111015,0.0,0.0,0.0,0.0
nominal,CurrentOnly-AE-CeNN-494,3245,0.009137133978846098,0.011887673827992344,0.012013870029846985,0.46427910375281767,0.0,0.07041085861420324,0.0,0.0,0.0,0.0
nominal,CurrentOnly-AE-CeNN-494,3246,0.009676412345945677,0.012001781120686016,0.01283234968655378,0.46616087232906456,0.0,0.07025940660427493,0.0,0.0,0.0,0.0
nominal,CurrentOnly-AE-CeNN-494,3247,0.009347712853786376,0.012177509839001347,0.012409452832033274,0.4673830441255476,0.0,0.0682991872750017,0.0,0.0,0.0,0.0
nominal,CurrentOnly-AE-CeNN-494,3248,0.009962040139001404,0.01324553630722635,0.013593054149754919,0.4640973612429015,0.0,0.07030623146928357,0.0,0.0,0.0,0.0
nominal,CurrentOnly-AE-CeNN-494,3249,0.010206120005797377,0.013370482459898346,0.013733917280913588,0.4663816360350601,0.0,0.07028518940055763,0.0,0.0,0.0,0.0
nominal,CurrentOnly-AE-CeNN-494,3250,0.009816317287524582,0.012450374385758927,0.013785121402276527,0.46564510057828684,0.0,0.0701772299511677,0.0,0.0,0.0,0.0
nominal,CurrentOnly-AE-CeNN-494,3251,0.009436433083764758,0.012361455037483302,0.013295683045379396,0.46545083715609226,0.0,0.06985423433253335,0.0,0.0,0.0,0.0
nominal,CurrentOnly-AE-CeNN-494,3252,0.009824722751897833,0.012949478371092877,0.013192928513029726,0.46751941530937813,0.0,0.06922810697163859,0.0,0.0,0.0,0.0
nominal,CurrentOnly-AE-CeNN-494,3253,0.009479579352866684,0.01222475663567246,0.012397459479532367,0.46606272239947877,0.0,0.0707487319451625,0.0,0.0,0.0,0.0
nominal,CurrentOnly-AE-CeNN-494,3254,0.009837324842640658,0.013091731170697073,0.013620177316345846,0.4668493272983752,0.0,0.0715289569922406,0.0,0.0,0.0,0.0
nominal,CurrentOnly-AE-CeNN-494,3255,0.009974073078199298,0.01297947456079726,0.013615650454909445,0.4647026971093051,0.0,0.07038147725899123,0.0,0.0,0.0,0.0
nominal,CurrentOnly-AE-CeNN-494,3256,0.00950039938414639,0.011889288390852537,0.012545841412844724,0.4670836090533841,0.0,0.07112516701874119,0.0,0.0,0.0,0.0
nominal,CurrentOnly-AE-CeNN-494,3257,0.010034341852108627,0.013158476408563286,0.013922282978726188,0.4661093399404696,0.0,0.07137897601665548,0.0,0.0,0.0,0.0
nominal,CurrentOnly-AE-CeNN-494,3258,0.009777306722600089,0.013924783627522216,0.014200086004502822,0.465326153865097,0.0,0.06789994024743763,0.0,0.0,0.0,0.0
nominal,CurrentOnly-AE-CeNN-494,3259,0.009341388146462166,0.011996324764822978,0.012372104603297355,0.4666680714332722,0.0,0.0702353879978619,0.0,0.0,0.0,0.0
nominal,CurrentOnly-AE-CeNN-494,3260,0.009479753940465385,0.012258713278785029,0.01280497113557216,0.4656908661712791,0.0,0.0702539363265601,0.0,0.0,0.0,0.0
nominal,CurrentOnly-AE-CeNN-494,3261,0.009989662169858884,0.013609479450424941,0.014189903444785185,0.4651512776883967,0.0,0.06865676062329777,0.0,0.0,0.0,0.0
nominal,CurrentOnly-AE-CeNN-494,3262,0.009589605082528502,0.012471989649299799,0.013883670434123547,0.46429309981301214,0.0,0.0696108467719625,0.0,0.0,0.0,0.0
nominal,CurrentOnly-AE-CeNN-494,3263,0.009746157134727106,0.013018193946480214,0.01388810983703503,0.46618458649579947,0.0,0.07004482023652084,0.0,0.0,0.0,0.0
nominal,CurrentOnly-AE-CeNN-494,3264,0.009500071471803097,0.012251253285047408,0.012736913418631092,0.46600544318048986,0.0,0.06759260049018363,0.0,0.0,0.0,0.0
nominal,CurrentOnly-AE-CeNN-494,3265,0.010585610188700603,0.013993183258119353,0.014345278223080678,0.46501320741641716,0.0,0.06701492865423979,0.0,0.0,0.0,0.0
nominal,CurrentOnly-AE-CeNN-494,3266,0.009815515817859893,0.012896968543998206,0.013656794844377939,0.46528992513513995,0.0,0.06855183689973805,0.0,0.0,0.0,0.0
nominal,CurrentOnly-AE-CeNN-494,3267,0.009690715391678834,0.012214661840360764,0.012723377358242144,0.46527446150123336,0.0,0.07136296384911708,0.0,0.0,0.0,0.0
nominal,CurrentOnly-AE-CeNN-494,3268,0.01012038362190853,0.013614300185821113,0.013817316712024715,0.4641109787723272,0.0,0.07000701815037567,0.0,0.0,0.0,0.0
nominal,CurrentOnly-AE-CeNN-494,3269,0.009899691787936198,0.012204921630685093,0.012862964135441338,0.4633741863599994,0.0,0.06954295252154859,0.0,0.0,0.0,0.0
nominal,CurrentOnly-AE-CeNN-494,3270,0.01012280776177696,0.01305788815800213,0.01370444771050059,0.468940853432979,0.0,0.06924332695808441,0.0,0.0,0.0,0.0
nominal,CurrentOnly-AE-CeNN-494,3271,0.00927695695514494,0.011660110450374045,0.011950212664939909,0.46487264525579003,0.0,0.06849581787590811,0.0,0.0,0.0,0.0
nominal,CurrentOnly-AE-CeNN-494,3272,0.009427632423509299,0.012240049513069385,0.012466195333859759,0.46428765204392625,0.0,0.06863373499805919,0.0,0.0,0.0,0.0
nominal,CurrentOnly-AE-CeNN-494,3273,0.009718329021262014,0.012931259294938073,0.013911186471152207,0.4655807489400314,0.0,0.07038818154858648,0.0,0.0,0.0,0.0
nominal,CurrentOnly-AE-CeNN-494,3274,0.010444971050868172,0.01517236186970617,0.015611928763158256,0.46544751969773573,0.0,0.06991086222849974,0.0,0.0,0.0,0.0
nominal,CurrentOnly-AE-CeNN-494,3275,0.01002989896439683,0.012444166281815855,0.012819679206433423,0.46580314735533423,0.0,0.0683193314170001,0.0,0.0,0.0,0.0
nominal,CurrentOnly-AE-CeNN-494,3276,0.00942495537453788,0.01243509710990239,0.01365039702625433,0.4657196963405097,0.0,0.07075254556403142,0.0,0.0,0.0,0.0
nominal,CurrentOnly-AE-CeNN-494,3277,0.009800529467887068,0.012234713472156392,0.014118095933879247,0.46518365275175516,0.0,0.06793569967112294,0.0,0.0,0.0,0.0
nominal,CurrentOnly-AE-CeNN-494,3278,0.00930999131032569,0.011589146068161282,0.011721031929035968,0.46825447393884995,0.0,0.0680730599957368,0.0,0.0,0.0,0.0
nominal,CurrentOnly-AE-CeNN-494,3279,0.009738093291034202,0.012765540612669792,0.013458572507540666,0.4649001226631318,0.0,0.07133529914440233,0.0,0.0,0.0,0.0
nominal,CurrentOnly-AE-CeNN-494,3280,0.009089171053220229,0.01189021682596464,0.012115865765840055,0.4669659728809381,0.0,0.0706270195215939,0.0,0.0,0.0,0.0
nominal,CurrentOnly-AE-CeNN-494,3281,0.009423450755217472,0.012019892415518662,0.01265112458012886,0.46537174170316437,0.0,0.07032816719910778,0.0,0.0,0.0,0.0
nominal,CurrentOnly-AE-CeNN-494,3282,0.009374494528410722,0.012021385556411858,0.012358981585807111,0.46602564532933055,0.0,0.07019679223695371,0.0,0.0,0.0,0.0
nominal,CurrentOnly-AE-CeNN-494,3283,0.009944194110013287,0.013161693231548633,0.013689665167596671,0.46487477627297097,0.0,0.0697763703172881,0.0,0.0,0.0,0.0
nominal,CurrentOnly-AE-CeNN-494,3284,0.009560541721381693,0.01221761226261362,0.012637464733353527,0.4650992700181204,0.0,0.06932527733971935,0.0,0.0,0.0,0.0
nominal,CurrentOnly-AE-CeNN-494,3285,0.009462371069765933,0.012921694632989427,0.013419735800335337,0.4665372739680946,0.0,0.06979887408397291,0.0,0.0,0.0,0.0
nominal,CurrentOnly-AE-CeNN-494,3286,0.009826078313420823,0.012382804863274652,0.012904581304815893,0.46401744550676943,0.0,0.07029049994964719,0.0,0.0,0.0,0.0
nominal,CurrentOnly-AE-CeNN-494,3287,0.009621678874539675,0.012661526120181288,0.012983221036323505,0.46662597914285725,0.0,0.06838824073138577,0.0,0.0,0.0,0.0
nominal,CurrentOnly-AE-CeNN-494,3288,0.00948117713765985,0.011907196317520744,0.012371941132589593,0.4651488821745662,0.0,0.06903287731111114,0.0,0.0,0.0,0.0
nominal,CurrentOnly-AE-CeNN-494,3289,0.009525815314759723,0.013224399260155418,0.014200930682591621,0.46521813265658035,0.0,0.07036259773411495,0.0,0.0,0.0,0.0
nominal,CurrentOnly-AE-CeNN-494,3290,0.009931745787000809,0.01360694388457263,0.014298824217257509,0.46609324854707596,0.0,0.0704346759316533,0.0,0.0,0.0,0.0
nominal,CurrentOnly-AE-CeNN-494,3291,0.009825332089678741,0.01352334387127205,0.013923691309755631,0.4666300100143094,0.0,0.06915953983884096,0.0,0.0,0.0,0.0
nominal,CurrentOnly-AE-CeNN-494,3292,0.009197694730407881,0.01192603539796141,0.012435163530366389,0.46715591360560743,0.0,0.06826792224284922,0.0,0.0,0.0,0.0
nominal,CurrentOnly-AE-CeNN-494,3293,0.009445307515694694,0.013082832721665482,0.013392486600100574,0.4663819046071335,0.0,0.06850684730572906,0.0,0.0,0.0,0.0
nominal,CurrentOnly-AE-CeNN-494,3294,0.009810343118898612,0.012623037400589968,0.013314277647106552,0.4637481034147114,0.0,0.07169347912571807,0.0,0.0,0.0,0.0
nominal,CurrentOnly-AE-CeNN-494,3295,0.010231146509542143,0.013747971787472354,0.014488598342159062,0.46314342702961775,0.0,0.06972741729427254,0.0,0.0,0.0,0.0
nominal,CurrentOnly-AE-CeNN-494,3296,0.009847276153295975,0.012874979409713144,0.013490237398357193,0.46552626669065256,0.0,0.06844556122666552,0.0,0.0,0.0,0.0
nominal,CurrentOnly-AE-CeNN-494,3297,0.009426420671342263,0.013002115645840704,0.013349466408944627,0.46434659106938825,0.0,0.06878624145014878,0.0,0.0,0.0,0.0
nominal,CurrentOnly-AE-CeNN-494,3298,0.010151236932704491,0.013358337196450423,0.014099450128116815,0.46493511229935774,0.0,0.07083143759450679,0.0,0.0,0.0,0.0
nominal,CurrentOnly-AE-CeNN-494,3299,0.009671138037918761,0.012822055354074335,0.013152131328083768,0.46933177788939323,0.0,0.06931400069083639,0.0,0.0,0.0,0.0
nominal,AlwaysOpen-HistorySide,3200,0.009294648273516918,0.011693622062640165,0.01202879789244448,0.46731553263293,0.0,0.06971236930323309,0.16141172568462206,0.1633250409609963,1.0,1.0
nominal,AlwaysOpen-HistorySide,3201,0.009828112533084285,0.012797324106421409,0.013490097556215979,0.4647604371273019,0.0,0.06816960064006557,0.16140438426994916,0.16337230470466393,1.0,1.0
nominal,AlwaysOpen-HistorySide,3202,0.009632005892838177,0.012304848782346197,0.012746486592489831,0.46493672550446524,0.0,0.07006747523986127,0.16139361137278577,0.1633656250392566,1.0,1.0
nominal,AlwaysOpen-HistorySide,3203,0.010286568975725309,0.012901132631280536,0.01351312890057637,0.46575745979890104,0.0,0.06960845727625209,0.16141380190306467,0.16336134336149036,1.0,1.0
nominal,AlwaysOpen-HistorySide,3204,0.01003278445390152,0.013409243383717627,0.014091063687951511,0.4662190037178623,0.0,0.07327733226848203,0.1614171999814452,0.16354046776749795,1.0,1.0
nominal,AlwaysOpen-HistorySide,3205,0.010285154348640621,0.014146423984901702,0.014606444780666522,0.4652017399740244,0.0,0.06826655533978028,0.16140670782031033,0.1634063774168782,1.0,1.0
nominal,AlwaysOpen-HistorySide,3206,0.009548550532089603,0.011636416805779377,0.011951930388833935,0.46580350223735006,0.0,0.0710531881469018,0.16142289463663304,0.16339021743587806,1.0,1.0
nominal,AlwaysOpen-HistorySide,3207,0.010027550005435315,0.013081727934976146,0.013730961605505292,0.46503526585243016,0.0,0.06954150310317896,0.16140508525908365,0.1632512678278216,1.0,1.0
nominal,AlwaysOpen-HistorySide,3208,0.009628003766945692,0.01243582348874357,0.01283346386906261,0.46731327937177486,0.0,0.07041312421785414,0.16139452046241465,0.1634761403492239,1.0,1.0
nominal,AlwaysOpen-HistorySide,3209,0.010054893467662984,0.013338973087848592,0.013852139076406214,0.46598211401971934,0.0,0.06909714973955487,0.16140618510610716,0.16355119845484262,1.0,1.0
nominal,AlwaysOpen-HistorySide,3210,0.010129045327224109,0.0137862490147067,0.014670278222358224,0.4654995960281081,0.0,0.07057781388456828,0.16141052011483997,0.16331046641987484,1.0,1.0
nominal,AlwaysOpen-HistorySide,3211,0.010044394438826303,0.012947405068064454,0.013366374755792701,0.4653264816585813,0.0,0.07123378340824081,0.16140059473542423,0.16352321902928801,1.0,1.0
nominal,AlwaysOpen-HistorySide,3212,0.009770349429774509,0.01243031147536578,0.012956253180168327,0.465607261671441,0.0,0.06950346400351533,0.1614094527633769,0.16352284476031054,1.0,1.0
nominal,AlwaysOpen-HistorySide,3213,0.01000379350180328,0.012732118868065134,0.01313444172067744,0.4655766060241227,0.0,0.06882626600397297,0.16141549108144015,0.16328039236559172,1.0,1.0
nominal,AlwaysOpen-HistorySide,3214,0.009741876852860237,0.012030808611850435,0.012227358372271919,0.46505066073085055,0.0,0.06955970471835249,0.1614144745589912,0.16348451663452823,1.0,1.0
nominal,AlwaysOpen-HistorySide,3215,0.00941328743951604,0.012003235624935125,0.012264549168256091,0.4638895632660636,0.0,0.07127648713247815,0.16140130376298828,0.1634205191144039,1.0,1.0
nominal,AlwaysOpen-HistorySide,3216,0.009845788500841184,0.012947964969428911,0.013280347678259655,0.46708790512069753,0.0,0.07018552959468857,0.1614062661601269,0.16339542343043706,1.0,1.0
nominal,AlwaysOpen-HistorySide,3217,0.009608930849207994,0.012672934503884391,0.012953567413627786,0.4665891520452077,0.0,0.06843040844936202,0.16140432244204106,0.16338365394902088,1.0,1.0
nominal,AlwaysOpen-HistorySide,3218,0.009522767680164622,0.012190329852060595,0.014876335187995651,0.46848057338695825,0.0,0.07058550012968125,0.16141202920276682,0.16339187048760034,1.0,1.0
nominal,AlwaysOpen-HistorySide,3219,0.009301718459952313,0.012087845429939565,0.012657447864153492,0.4650762631086297,0.0,0.07008271387241985,0.1614180209834466,0.1634768841388665,1.0,1.0
nominal,AlwaysOpen-HistorySide,3220,0.009423048112857515,0.0125839554297628,0.01335710588557227,0.4648866514385063,0.0,0.06896008303525983,0.16141895041550175,0.16337171240955173,1.0,1.0
nominal,AlwaysOpen-HistorySide,3221,0.010109475383077307,0.01317757546900932,0.013402811620276353,0.46763521639211236,0.0,0.06956590878026433,0.16140855132664134,0.16341758516808957,1.0,1.0
nominal,AlwaysOpen-HistorySide,3222,0.009680054730558846,0.01264345487959342,0.013050414799749561,0.4667150177448792,0.0,0.06991968778663295,0.1614079107082689,0.16333179200796677,1.0,1.0
nominal,AlwaysOpen-HistorySide,3223,0.009843768849978157,0.012584661615269544,0.012828325910590056,0.4693930962661016,0.0,0.06820574858534034,0.1614002538577184,0.16343447944400727,1.0,1.0
nominal,AlwaysOpen-HistorySide,3224,0.009780573966403316,0.012934385129189407,0.013473140496607526,0.46705419144845967,0.0,0.07089549619935263,0.1614081847134012,0.1634295037779956,1.0,1.0
nominal,AlwaysOpen-HistorySide,3225,0.00946692065042629,0.011776000288371058,0.013232963525158487,0.4634275196839049,0.0,0.06872755418742951,0.1613967312651472,0.163529802430698,1.0,1.0
nominal,AlwaysOpen-HistorySide,3226,0.009327146076207082,0.01252739367650133,0.013270854311937927,0.46669865280954953,0.0,0.07062699593496549,0.16140880979015043,0.16346706887219492,1.0,1.0
nominal,AlwaysOpen-HistorySide,3227,0.00972521561094407,0.012135084353278145,0.012396100817339361,0.4638432031077351,0.0,0.07051939332084937,0.16142047281599253,0.1634098944955993,1.0,1.0
nominal,AlwaysOpen-HistorySide,3228,0.009708848535974849,0.012688078069258594,0.012983936268339826,0.46483314378639157,0.0,0.07100260661618209,0.16140646053831298,0.16328723757830974,1.0,1.0
nominal,AlwaysOpen-HistorySide,3229,0.009901439144623068,0.01326971567700022,0.013633903180478116,0.46660772844459847,0.0,0.0699354738755466,0.16140775129318474,0.16334272501088357,1.0,1.0
nominal,AlwaysOpen-HistorySide,3230,0.009853477696054597,0.012434601722826259,0.012717801629657164,0.46666027858827563,0.0,0.0710212202991409,0.16141208806280583,0.16344584511814783,1.0,1.0
nominal,AlwaysOpen-HistorySide,3231,0.010386602271916517,0.013016729965675706,0.013865161768725959,0.4649273388729909,0.0,0.06899170298459067,0.1614064437996391,0.16339919897216332,1.0,1.0
nominal,AlwaysOpen-HistorySide,3232,0.010182728855609613,0.01338253424254862,0.014426063825798766,0.46536993884829403,0.0,0.07200541352892256,0.16141692106037164,0.1633131553986746,1.0,1.0
nominal,AlwaysOpen-HistorySide,3233,0.009513522176672127,0.012093429137402389,0.01273461616782544,0.4662517371245183,0.0,0.07142040295855404,0.16141060471221055,0.1632536863365917,1.0,1.0
nominal,AlwaysOpen-HistorySide,3234,0.009214679863373642,0.011866036071597131,0.012184415029945484,0.4640209344876563,0.0,0.06952757728977742,0.1614082473513543,0.16337366539866924,1.0,1.0
nominal,AlwaysOpen-HistorySide,3235,0.010154515560995784,0.014354695281988525,0.01491431200466956,0.4656181023213485,0.0,0.06942663516772023,0.16139716937424078,0.1632300339066233,1.0,1.0
nominal,AlwaysOpen-HistorySide,3236,0.009792494668496169,0.012207274883213057,0.012350701498176958,0.46719122719659323,0.0,0.07157247967261193,0.16141794011965538,0.16347681961539787,1.0,1.0
nominal,AlwaysOpen-HistorySide,3237,0.009343877746956478,0.01178625295273601,0.012132430979630482,0.4670889248289399,0.0,0.06924240284037014,0.1614172742407856,0.16333732562401185,1.0,1.0
nominal,AlwaysOpen-HistorySide,3238,0.009607587163389816,0.012350171150057602,0.013250824663780867,0.46725569159987745,0.0,0.0690159732067633,0.16140998394078887,0.1632862982226737,1.0,1.0
nominal,AlwaysOpen-HistorySide,3239,0.009766779995122404,0.0121255916661709,0.01310398878820115,0.4680538789925541,0.0,0.06989397245088093,0.16140465501288437,0.16335723755073356,1.0,1.0
nominal,AlwaysOpen-HistorySide,3240,0.009885051791422064,0.012505873038339747,0.014347526739194096,0.46246940483879756,0.0,0.06993881787657188,0.16139770643260934,0.16339571807244696,1.0,1.0
nominal,AlwaysOpen-HistorySide,3241,0.009889485554178975,0.012981575763867478,0.01333807207846525,0.4636849921073721,0.0,0.06821872390061566,0.16139674762904338,0.16337825487555308,1.0,1.0
nominal,AlwaysOpen-HistorySide,3242,0.0097091432540453,0.01232492159934049,0.012633483459276205,0.46642828644514756,0.0,0.07076407094488463,0.16140845196794706,0.1633239446991572,1.0,1.0
nominal,AlwaysOpen-HistorySide,3243,0.010299035669743856,0.012870041027687906,0.013243524109288177,0.4662760804018463,0.0,0.06980940035372937,0.16141137017605126,0.16335943014335483,1.0,1.0
nominal,AlwaysOpen-HistorySide,3244,0.00943800954389439,0.011813598899199168,0.01193015284189382,0.46462942667584134,0.0,0.0691101370997462,0.1614076253673045,0.16342284820765668,1.0,1.0
nominal,AlwaysOpen-HistorySide,3245,0.009184214647946802,0.01192751499277459,0.012042904754608912,0.4643754678095632,0.0,0.07100373231155069,0.16141472246392738,0.1634132184090656,1.0,1.0
nominal,AlwaysOpen-HistorySide,3246,0.009697890712484574,0.01207998628267045,0.01295111022985039,0.4662105937931653,0.0,0.07067692855962683,0.1613986551104739,0.16337733502029822,1.0,1.0
nominal,AlwaysOpen-HistorySide,3247,0.00939915840283916,0.012427568993662895,0.01270734382586028,0.4673849441412036,0.0,0.06860422996927108,0.16141627807856185,0.16342750197628025,1.0,1.0
nominal,AlwaysOpen-HistorySide,3248,0.010000945800688155,0.013304982382783789,0.013686964971952303,0.46415185960112676,0.0,0.07077480074106927,0.16140224322427177,0.16327718783713657,1.0,1.0
nominal,AlwaysOpen-HistorySide,3249,0.010225119525950305,0.013421344659280575,0.013807100469026966,0.46638966327888254,0.0,0.07062053441545806,0.16140612942682092,0.16336920810009803,1.0,1.0
nominal,AlwaysOpen-HistorySide,3250,0.009870031549522996,0.012372097727028793,0.013569048431447893,0.46574025641594397,0.0,0.07077072263559643,0.16141309474319335,0.1633988327870892,1.0,1.0
nominal,AlwaysOpen-HistorySide,3251,0.009429086532418536,0.01246833293702082,0.013299293072974835,0.4654752354560496,0.0,0.0702772028924687,0.16141155131331164,0.16337765100016746,1.0,1.0
nominal,AlwaysOpen-HistorySide,3252,0.009850325234608017,0.01306149289417606,0.013313830399680274,0.46759253230648395,0.0,0.06957115868571098,0.16141292553728925,0.16347450992885343,1.0,1.0
nominal,AlwaysOpen-HistorySide,3253,0.009502421272114592,0.012215827743842875,0.012371028535355282,0.46615970831571596,0.0,0.07126196155443705,0.1614131267260369,0.16353169783159732,1.0,1.0
nominal,AlwaysOpen-HistorySide,3254,0.009836040553919607,0.013168321917737579,0.013672202476385323,0.4669106124043003,0.0,0.07189330597533351,0.16142209918675166,0.16349756092888743,1.0,1.0
nominal,AlwaysOpen-HistorySide,3255,0.009980939137030432,0.01309406334792686,0.01371199153855304,0.46479819232656494,0.0,0.07113634472222675,0.16141445927218231,0.1633986180403305,1.0,1.0
nominal,AlwaysOpen-HistorySide,3256,0.009518713730065293,0.011861382159925908,0.012541208082362079,0.46713079861460344,0.0,0.07169484423292524,0.16141861161327747,0.16345101746722798,1.0,1.0
nominal,AlwaysOpen-HistorySide,3257,0.010058723055384494,0.013273232867481305,0.014015982700056459,0.46610049350602967,0.0,0.07161667760009922,0.16141061344830884,0.1634397079068043,1.0,1.0
nominal,AlwaysOpen-HistorySide,3258,0.009811272538041638,0.014025714316052436,0.014308813718198725,0.465324361945343,0.0,0.0682929543817224,0.16141413239781413,0.1634205066167077,1.0,1.0
nominal,AlwaysOpen-HistorySide,3259,0.009368796562727214,0.012073677932198889,0.01259526094805723,0.4666904573104593,0.0,0.07054597766283807,0.16140254799016457,0.16346157761591867,1.0,1.0
nominal,AlwaysOpen-HistorySide,3260,0.009461325400843068,0.012254157862744081,0.012794328896875552,0.4656658142919484,0.0,0.07045578751088494,0.16141299590282246,0.16344649854913273,1.0,1.0
nominal,AlwaysOpen-HistorySide,3261,0.01000986852886079,0.013653789587656211,0.014272701871890031,0.46520743850966007,0.0,0.06958909256215921,0.16140184958810222,0.16344770471907447,1.0,1.0
nominal,AlwaysOpen-HistorySide,3262,0.009631613467476091,0.01247543979073042,0.013901261441648396,0.4643814257043871,0.0,0.07030123357068153,0.161396533384401,0.16351762206509843,1.0,1.0
nominal,AlwaysOpen-HistorySide,3263,0.009742501753502055,0.013033416895449443,0.01388615302296546,0.4661756328129691,0.0,0.07011470168494317,0.16140810402888045,0.1634751494327184,1.0,1.0
nominal,AlwaysOpen-HistorySide,3264,0.009490220604759748,0.01225161724501667,0.012800865979235545,0.4659838719131733,0.0,0.0679349891483613,0.1613988040610974,0.16345495957730458,1.0,1.0
nominal,AlwaysOpen-HistorySide,3265,0.010591361940149296,0.013989765686377676,0.014410977746212299,0.4651252421094561,0.0,0.06736134447355507,0.1614078270295253,0.1634454820636344,1.0,1.0
nominal,AlwaysOpen-HistorySide,3266,0.00980826425165836,0.012834369981220577,0.013629058976922017,0.46532108164843167,0.0,0.06866519320295562,0.16141001730016621,0.1634180582254965,1.0,1.0
nominal,AlwaysOpen-HistorySide,3267,0.009727092837964468,0.012364160289361983,0.01287535715342944,0.46535671708600945,0.0,0.07205662613351727,0.1614172544786684,0.16341500902943454,1.0,1.0
nominal,AlwaysOpen-HistorySide,3268,0.010097139032863531,0.013677938666654179,0.013870022579760567,0.46425062973576403,0.0,0.07053998345263529,0.1614018526853849,0.16342633364504563,1.0,1.0
nominal,AlwaysOpen-HistorySide,3269,0.009911604219855059,0.012228736394550787,0.012578912629175985,0.46339478567708725,0.0,0.06984225802301222,0.16140496588058445,0.16343732565975175,1.0,1.0
nominal,AlwaysOpen-HistorySide,3270,0.01015336715348259,0.013025698242159994,0.013815359642098462,0.46903633690139407,0.0,0.06962561819577855,0.1614117413486072,0.16338860605379016,1.0,1.0
nominal,AlwaysOpen-HistorySide,3271,0.00932163862231832,0.011686227104945561,0.012003025601719494,0.4648705710317921,0.0,0.06863262639257234,0.16140127537152507,0.1634570139210135,1.0,1.0
nominal,AlwaysOpen-HistorySide,3272,0.009439013335810065,0.012268041569076857,0.012477048973940636,0.46436082402756274,0.0,0.06913735024679428,0.16140529832785774,0.16333357876530635,1.0,1.0
nominal,AlwaysOpen-HistorySide,3273,0.009751798804245038,0.012960168629631267,0.013984088688998284,0.4656011005018767,0.0,0.07077856150030838,0.16141858826278233,0.16343224602029713,1.0,1.0
nominal,AlwaysOpen-HistorySide,3274,0.01046461603967516,0.01524005008074999,0.015698047509265175,0.46551632491245293,0.0,0.07058713585062767,0.16140838735696506,0.16336703391340154,1.0,1.0
nominal,AlwaysOpen-HistorySide,3275,0.010051435992773453,0.012474975039304375,0.012991273569914925,0.4658441223853533,0.0,0.06883166894665362,0.16139714978034841,0.16340681184071343,1.0,1.0
nominal,AlwaysOpen-HistorySide,3276,0.009426854167379033,0.012559211848815428,0.013749676003905704,0.46574940606957277,0.0,0.07124925749173475,0.16140549021480238,0.16343140951067317,1.0,1.0
nominal,AlwaysOpen-HistorySide,3277,0.009799818382925403,0.012285493224300933,0.01390001976438687,0.4651412774636973,0.0,0.06805994000266204,0.16139717067526144,0.16359031162095342,1.0,1.0
nominal,AlwaysOpen-HistorySide,3278,0.009305222834731288,0.011650195018691672,0.01178352085057843,0.4684016418022613,0.0,0.06844403089700767,0.16139717300357753,0.16344045827096298,1.0,1.0
nominal,AlwaysOpen-HistorySide,3279,0.009731104704988253,0.01283169444512595,0.01356565284113186,0.4649744907204768,0.0,0.07177477561101192,0.1614185132736966,0.16350559022309794,1.0,1.0
nominal,AlwaysOpen-HistorySide,3280,0.00911703159125372,0.01190342823924576,0.012142835665148385,0.46698567262565305,0.0,0.07060689279779579,0.16140420824959656,0.16328467371020702,1.0,1.0
nominal,AlwaysOpen-HistorySide,3281,0.009468147230842638,0.012208993220823128,0.012527380730696978,0.46538223857385425,0.0,0.07034413919022134,0.16140798652153823,0.16327456433558787,1.0,1.0
nominal,AlwaysOpen-HistorySide,3282,0.009388872505787259,0.011994528769710515,0.012372896435337894,0.4660648586347237,0.0,0.07032132580624802,0.16141626606660017,0.1633757061649359,1.0,1.0
nominal,AlwaysOpen-HistorySide,3283,0.009970924613823824,0.013359946762323707,0.013824200751047061,0.4648952855130229,0.0,0.07010271136510443,0.16140579811135,0.16347096486944343,1.0,1.0
nominal,AlwaysOpen-HistorySide,3284,0.00959093951545366,0.012217877912761762,0.012653262764094456,0.4652404751548545,0.0,0.06996443419060586,0.16139911162136128,0.16357388932018208,1.0,1.0
nominal,AlwaysOpen-HistorySide,3285,0.009489859801985415,0.013141852523083785,0.013650480627354638,0.46662735865289134,0.0,0.0702912463836871,0.1614091654104286,0.16326379006083475,1.0,1.0
nominal,AlwaysOpen-HistorySide,3286,0.00984720690338513,0.012431625612934259,0.013049368560528136,0.4641698546700073,0.0,0.07099557899623529,0.1614115755694903,0.16356445830899918,1.0,1.0
nominal,AlwaysOpen-HistorySide,3287,0.009651570685199983,0.012656169761846563,0.01301463650400307,0.46677854501219485,0.0,0.06897890274356366,0.16140852406385575,0.16338709108438798,1.0,1.0
nominal,AlwaysOpen-HistorySide,3288,0.009484073351031361,0.011947057401508834,0.012490505044614736,0.4651382786450002,0.0,0.06929536352547594,0.16141194460758185,0.16340295835621182,1.0,1.0
nominal,AlwaysOpen-HistorySide,3289,0.009559173414975036,0.013273870770265551,0.014243161090861194,0.46528331417256263,0.0,0.07099177992891223,0.16141397757864748,0.16338824569205324,1.0,1.0
nominal,AlwaysOpen-HistorySide,3290,0.009927054638245999,0.013705107671998088,0.014354182022530053,0.46610127947434005,0.0,0.07026071467476558,0.16141082780586596,0.16335645552419675,1.0,1.0
nominal,AlwaysOpen-HistorySide,3291,0.009821945636440751,0.013607657083673794,0.013989612509744533,0.4667485709345212,0.0,0.0695697594202554,0.16142139166313393,0.16343505772186562,1.0,1.0
nominal,AlwaysOpen-HistorySide,3292,0.00921334473886245,0.011972779646766435,0.012422966540961825,0.46728225589639466,0.0,0.06894194532963581,0.16140949039375327,0.16322894653969575,1.0,1.0
nominal,AlwaysOpen-HistorySide,3293,0.009473424715598028,0.013091516732622016,0.013433229336324508,0.46647066063947495,0.0,0.06910559496388798,0.16141558064567835,0.16337660133672205,1.0,1.0
nominal,AlwaysOpen-HistorySide,3294,0.009826473887415072,0.012779392560586368,0.013478500390279714,0.4637544982203042,0.0,0.07188440361392137,0.1614201861184187,0.16347773815859357,1.0,1.0
nominal,AlwaysOpen-HistorySide,3295,0.010235039331470722,0.01372741559727628,0.014461076005215465,0.46321595388062087,0.0,0.07024922485471588,0.1613996658186686,0.16336658474265905,1.0,1.0
nominal,AlwaysOpen-HistorySide,3296,0.009879341776605988,0.013067189692646749,0.013665562524044522,0.46545071478615974,0.0,0.0683464030826161,0.16138904085416406,0.16351372041709858,1.0,1.0
nominal,AlwaysOpen-HistorySide,3297,0.009445479291103506,0.013121306350251718,0.013441339089308623,0.4644094767203997,0.0,0.06965048438735358,0.1614024391530069,0.16341612255714594,1.0,1.0
nominal,AlwaysOpen-HistorySide,3298,0.01016767237595305,0.013491204867834377,0.014163718204443638,0.4649534425699875,0.0,0.07077450301731049,0.16140918594328402,0.16348851854091986,1.0,1.0
nominal,AlwaysOpen-HistorySide,3299,0.009664728842720825,0.012950417422557299,0.013123660664823017,0.4693996318352841,0.0,0.06975951458299033,0.1614026767146536,0.1633460743203675,1.0,1.0
nominal,EventDetected-GatedHistory,3200,0.009264376727256147,0.01166339652536743,0.012309022865724705,0.4672722789368022,0.0,0.06936607616564602,0.0024938095641192197,0.010698861162376084,0.015447141549197501,0.06667587145166085
nominal,EventDetected-GatedHistory,3201,0.009810606459665545,0.012652503779175943,0.013414746986695128,0.46469400604393796,0.0,0.0677825204981071,0.00297356114368331,0.013927166001712265,0.018426967980638306,0.08646858044555518
nominal,EventDetected-GatedHistory,3202,0.009610767458767258,0.012137436436656178,0.012585874850487892,0.46487968719407474,0.0,0.06962612569354354,0.0024523244420546772,0.009906217169475354,0.015213666653957623,0.061179753584344125
nominal,EventDetected-GatedHistory,3203,0.010250005571008643,0.0129534977957757,0.013507087319097623,0.4657688061829138,0.0,0.06931084358067748,0.002948076825073679,0.014866852019892761,0.018275516520339253,0.09205452571305084
nominal,EventDetected-GatedHistory,3204,0.010031438966661524,0.013330137788552472,0.013979001186100761,0.46604894615626735,0.0,0.07246955547670271,0.0026674433042692502,0.011542590678113624,0.01650103283665849,0.07122021680391823
nominal,EventDetected-GatedHistory,3205,0.010248778866957268,0.014067527980749582,0.01454583003925574,0.4652773078370445,0.0,0.06820019979577674,0.0025508441025120887,0.008879792226152768,0.01579431184761501,0.05494647695214822
nominal,EventDetected-GatedHistory,3206,0.009521840031130354,0.011609788482700223,0.011951693508545181,0.46579691745859647,0.0,0.07076611964600349,0.0026603921669510005,0.01330733719633332,0.016485487716488414,0.08234133677262531
nominal,EventDetected-GatedHistory,3207,0.009990227612227452,0.012908052503714339,0.013580042937925472,0.46503489049184066,0.0,0.06910953304653669,0.0026354370593006777,0.012489157386006672,0.016333205727367323,0.07772700155451598
nominal,EventDetected-GatedHistory,3208,0.009604709122159043,0.012413161815244536,0.012913627129551812,0.4672789698647438,0.0,0.070278796862827,0.002693194215906478,0.010861729009958276,0.01670271106265521,0.06761660500154623
nominal,EventDetected-GatedHistory,3209,0.01006699019302494,0.013282041778698258,0.013807915886869058,0.46591857461428327,0.0,0.06896393898145384,0.00318268942569582,0.010712102462834152,0.019685427847417426,0.06592818385829781
nominal,EventDetected-GatedHistory,3210,0.010101877355675495,0.013635840755145174,0.014535081219986031,0.46540272475352,0.0,0.07017043441959894,0.0014688818810795078,0.006671837271237631,0.009101334933331458,0.04123072453713219
nominal,EventDetected-GatedHistory,3211,0.010016112358297212,0.01280480127272591,0.013248380901654647,0.4653362795170032,0.0,0.07107424144888715,0.002838003618341681,0.009516507131765705,0.017550077341024487,0.05917275750883192
nominal,EventDetected-GatedHistory,3212,0.009760511944957632,0.01242812919081572,0.012882238870783406,0.46554640667435293,0.0,0.06914927185993953,0.002430071197832365,0.010292704560995842,0.015030339205958141,0.06463609915339018
nominal,EventDetected-GatedHistory,3213,0.009999256910346978,0.012671001156014008,0.013078431394083793,0.4655099686687365,0.0,0.06832738801241617,0.0019209456960490301,0.00581516109328535,0.011895008496963864,0.03598384820166576
nominal,EventDetected-GatedHistory,3214,0.009719415183188468,0.012010691183870258,0.012216235800954711,0.46499506675537483,0.0,0.06914447089297054,0.0037466446575755786,0.018183848256264176,0.023216106603100556,0.11191525927081566
nominal,EventDetected-GatedHistory,3215,0.009399876624904014,0.011977966899929958,0.012266621230062195,0.46386151545453225,0.0,0.07093631937332488,0.0029072049436989645,0.012045677059535432,0.017997544445480167,0.07457437224268056
nominal,EventDetected-GatedHistory,3216,0.009819459247459469,0.012877716956532682,0.013230227306163748,0.46703372048116876,0.0,0.06946256477193093,0.0029407180149918577,0.012795431548135734,0.018180499531886676,0.07933020212164857
nominal,EventDetected-GatedHistory,3217,0.009608662366746101,0.012725859553554124,0.013028490473200772,0.4665358500411783,0.0,0.06820676363788757,0.0036628939111086013,0.014803945795378361,0.022672455524455657,0.09096391026398705
nominal,EventDetected-GatedHistory,3218,0.009506085335738712,0.012237317311025803,0.01488991115210245,0.46840625685988346,0.0,0.07029371731053405,0.003828792468487823,0.013748411683917619,0.023674545087571303,0.08564820890036798
nominal,EventDetected-GatedHistory,3219,0.009271129376458876,0.012057094137262823,0.012529311220332424,0.46502159605767535,0.0,0.06972899541098354,0.0028273242982454587,0.01058599793750599,0.017490732872970302,0.06521944421786022
nominal,EventDetected-GatedHistory,3220,0.0093861888888157,0.01250543419502716,0.013246859626495088,0.4648391167000436,0.0,0.06859128969032381,0.002493485011093099,0.010319786208772991,0.015462107700834005,0.06375051956487066
nominal,EventDetected-GatedHistory,3221,0.010083293440269791,0.013142733775665022,0.013406454034559357,0.4676196852270221,0.0,0.0693528426149745,0.002233728002204946,0.006327605623666399,0.013835442690556874,0.039015865569371644
nominal,EventDetected-GatedHistory,3222,0.009642084832350104,0.012687664703618009,0.013093159869989254,0.46668619322602584,0.0,0.06941520082921292,0.0037180740116826627,0.019021928870584407,0.023019949343337252,0.11761576465618466
nominal,EventDetected-GatedHistory,3223,0.009829455483888652,0.01254241358472297,0.012765740406663425,0.4693477110152294,0.0,0.0680514109992133,0.002148334264434764,0.006491759162947043,0.013331334972128545,0.04019294719445988
nominal,EventDetected-GatedHistory,3224,0.009780501501495068,0.01295128390469562,0.013477516487433235,0.4669869967872026,0.0,0.07084849189088802,0.003965713065534941,0.018163445433470198,0.024558412686798797,0.11218507051995717
nominal,EventDetected-GatedHistory,3225,0.009442952102660733,0.01178837419182459,0.013371891167393042,0.46336851515747096,0.0,0.0683484427466306,0.0029728430118847442,0.013001729493516157,0.018380644945956013,0.0798418191246963
nominal,EventDetected-GatedHistory,3226,0.00934244878124546,0.012498044297102304,0.013267024456414745,0.46661989136724885,0.0,0.07021373835290638,0.0032375274846856315,0.015052782111615879,0.02005020477430611,0.09422460603515892
nominal,EventDetected-GatedHistory,3227,0.00967434927012622,0.012017943362560514,0.012182881302676491,0.46386332252593004,0.0,0.07042211512999486,0.002855138603812985,0.011265768974920536,0.017670350164184043,0.06991811290286726
nominal,EventDetected-GatedHistory,3228,0.00968587722724877,0.012676946864625229,0.012976209881652854,0.46471013424729574,0.0,0.07008924821893762,0.002879455506548909,0.01129910242587616,0.017851571861990517,0.07015003099647248
nominal,EventDetected-GatedHistory,3229,0.009886049018027285,0.013174469661974478,0.013503002825028922,0.46659497555098445,0.0,0.06977686089735577,0.0029270305928533616,0.011224061097155182,0.018109358260092683,0.06938065718063371
nominal,EventDetected-GatedHistory,3230,0.009834725570712216,0.012402554611936907,0.012737487739689898,0.4666530568332551,0.0,0.07081186713507806,0.0025972969782157742,0.012321451840164033,0.016066308011344156,0.07619733645147869
nominal,EventDetected-GatedHistory,3231,0.010398339328963235,0.013047312989185041,0.013838989338680717,0.46486088392488806,0.0,0.06870422787494226,0.003140549376484783,0.010848900454408818,0.019467670581066923,0.06738081845052118
nominal,EventDetected-GatedHistory,3232,0.010198136394491578,0.013317366579120861,0.014525726016415622,0.4652963561016512,0.0,0.07145468503097394,0.0024472545130224876,0.010112093969925283,0.015154964965767527,0.06341748209055854
nominal,EventDetected-GatedHistory,3233,0.009490049205408807,0.012118267018876281,0.012690945006075585,0.46624145161093555,0.0,0.07115485040988949,0.00250020056019928,0.009285228952766063,0.015472767767822925,0.05712482683309535
nominal,EventDetected-GatedHistory,3234,0.00921314586206913,0.011795220605965427,0.012219936212056247,0.46397941822785305,0.0,0.06924862191817889,0.0023146234554728465,0.008048393251698153,0.014324525384213499,0.05014043588634152
nominal,EventDetected-GatedHistory,3235,0.01015652271789358,0.014247605432178925,0.014869156487759603,0.4655743285152174,0.0,0.06898361521404739,0.0033732437692553523,0.013599538368508407,0.02085904894242764,0.08360922443961073
nominal,EventDetected-GatedHistory,3236,0.00976736516157861,0.012168649855648375,0.012311606908686894,0.4671282871541393,0.0,0.07136673455683289,0.0027915278928277343,0.013474749260852858,0.017292364642134832,0.0835442127148723
nominal,EventDetected-GatedHistory,3237,0.009351973519138268,0.011807514443308369,0.01221936828272028,0.46706088359446896,0.0,0.06892616649436013,0.004369717007892735,0.017957322209372167,0.027101153194379772,0.11235766005648216
nominal,EventDetected-GatedHistory,3238,0.009642114497443594,0.012418861124825948,0.013321673806937476,0.46725535774908394,0.0,0.06882285015866775,0.002441361548670915,0.01127472742743693,0.015127440183445057,0.07036407773290719
nominal,EventDetected-GatedHistory,3239,0.009757654295561444,0.012171984533221974,0.0130548168037988,0.46799872224810757,0.0,0.06935659150289807,0.0030453020254668263,0.01305183074565647,0.01884539867860956,0.0809413436290831
nominal,EventDetected-GatedHistory,3240,0.009864595304732986,0.012536802031405836,0.014397372980926276,0.4624578794316874,0.0,0.0695517529193664,0.0033109986111182895,0.014619374970848384,0.02050629563905198,0.09229774880607737
nominal,EventDetected-GatedHistory,3241,0.009862306466530907,0.012838791611479716,0.013167580457497025,0.46367298581665445,0.0,0.06786850740115259,0.0027118422584094873,0.011820693911235105,0.01678156323161031,0.07290942693053239
nominal,EventDetected-GatedHistory,3242,0.009707958861329611,0.012252123654970335,0.012385658533306523,0.4663884293259429,0.0,0.0704479913371639,0.002759742609196475,0.012949721415594069,0.017114111240288624,0.08021588226459125
nominal,EventDetected-GatedHistory,3243,0.010303024427375886,0.012864044626058758,0.01328800900327875,0.466179010868828,0.0,0.069292431899336,0.0030394670552028164,0.012838395991555153,0.018822736051605032,0.0803600836730654
nominal,EventDetected-GatedHistory,3244,0.009398515268265328,0.011700281650945851,0.011829165775877474,0.4645576091294113,0.0,0.06842816889219844,0.00204752888026838,0.008447054079839054,0.012677324644534077,0.05290138525373043
nominal,EventDetected-GatedHistory,3245,0.009135342620827486,0.011888903211289504,0.012007736000650993,0.46428765480021084,0.0,0.07043348967906149,0.0032428597018624773,0.012059758738551897,0.0201068471163534,0.0741822757198887
nominal,EventDetected-GatedHistory,3246,0.00968012555400473,0.012004844009693939,0.012834495841119876,0.46616024166628683,0.0,0.07031808768062235,0.003299001634680775,0.014499472764364038,0.020401828984878374,0.08984296176268965
nominal,EventDetected-GatedHistory,3247,0.009345883520301941,0.01218036820562882,0.012403451761456435,0.4673870028122399,0.0,0.06829323275015375,0.0035936722690208035,0.01793811880710661,0.022256025287359333,0.11135759782705908
nominal,EventDetected-GatedHistory,3248,0.009966472363953746,0.013251701280405669,0.013602145054054583,0.46409955639963224,0.0,0.07031857192397782,0.00353541878353152,0.016729263752625862,0.021912249520596342,0.10449656060867951
nominal,EventDetected-GatedHistory,3249,0.010202242197986466,0.01337290838273395,0.01374850919302371,0.4663924056558629,0.0,0.07027483415298783,0.0024194395233671194,0.009943997832808428,0.01498631727535164,0.06133688880496181
nominal,EventDetected-GatedHistory,3250,0.00981425709280753,0.012453194634141504,0.01377732520347247,0.46565683885070563,0.0,0.07018903936681532,0.0024153686049089235,0.01030121346639932,0.01496049809419953,0.06367103329885314
nominal,EventDetected-GatedHistory,3251,0.00943504473098673,0.01236375232521162,0.013295688298791651,0.46545801035165485,0.0,0.06985158529657506,0.002251319195862808,0.0077991463608430515,0.013930104492983932,0.04832512631600483
nominal,EventDetected-GatedHistory,3252,0.009825789686088741,0.012957478813219327,0.013222837392093853,0.46753164560334765,0.0,0.0692195821797258,0.0037153147526506366,0.013349106812081773,0.023014444614364808,0.08342831278675887
nominal,EventDetected-GatedHistory,3253,0.009481679547077905,0.01221897178737449,0.012391958442882744,0.4660625516363603,0.0,0.07073516533790784,0.003186815490821065,0.013463707012262302,0.01971853289671747,0.08340699257479686
nominal,EventDetected-GatedHistory,3254,0.009837925701041719,0.013085258253660626,0.013620505125817044,0.4668461112246569,0.0,0.07150338961629756,0.0026119719904014664,0.012953482942421952,0.01619252957578682,0.07896667401367871
nominal,EventDetected-GatedHistory,3255,0.00997555639794986,0.012988684000414152,0.013614956648260299,0.4647019280732889,0.0,0.07039000649032,0.0022922861085248646,0.009207939494869517,0.014207423969003683,0.05732951029496912
nominal,EventDetected-GatedHistory,3256,0.009500498643879205,0.011906545745479807,0.012572695769394156,0.467092257812478,0.0,0.07114463422796793,0.0026985693362872936,0.010855024289732283,0.016750621783426276,0.06767837445022236
nominal,EventDetected-GatedHistory,3257,0.010031287016684095,0.013166099623046237,0.01392776819411091,0.4661026618992128,0.0,0.07135639857337842,0.0034966621651302465,0.013333173086721727,0.02163682916524231,0.0820203355537529
nominal,EventDetected-GatedHistory,3258,0.009771733392245859,0.013917831292463633,0.014198119546968655,0.4653130502088621,0.0,0.06790258826379995,0.003741362813528926,0.012890377108319388,0.023191406273919715,0.08089194509086568
nominal,EventDetected-GatedHistory,3259,0.00934389502910566,0.011996955975710316,0.01238991626149187,0.46666957673135795,0.0,0.07022863671436276,0.002716565323714724,0.010036191515931658,0.016827849922611625,0.061547147747604204
nominal,EventDetected-GatedHistory,3260,0.009471969656769873,0.012254586886657122,0.012805787397871984,0.46569596992285556,0.0,0.07022845839210248,0.003304158512152709,0.015373490479638994,0.02051225980170031,0.09568334734136373
nominal,EventDetected-GatedHistory,3261,0.009975147328397995,0.013595430245081546,0.014180176426981096,0.46515655800132083,0.0,0.06869913550416543,0.004169185544372973,0.020342715566684683,0.02587950488322986,0.125137081084756
nominal,EventDetected-GatedHistory,3262,0.00958957348833365,0.012470298862414289,0.013879758325703392,0.4642914570768606,0.0,0.06960177994863286,0.002936659498993969,0.012983906548347359,0.018195620446553568,0.08057062947147155
nominal,EventDetected-GatedHistory,3263,0.009747378020073767,0.013016955905018805,0.01389224386618788,0.46618729451334845,0.0,0.07002934067075081,0.002426313180990559,0.010597471437193515,0.015023827241389027,0.06532932801844081
nominal,EventDetected-GatedHistory,3264,0.009491628794524622,0.01225292444631153,0.012737242289069212,0.4660065684033481,0.0,0.06759381216030987,0.0032334349361106372,0.015344308036127073,0.020017751571903775,0.09516698385003358
nominal,EventDetected-GatedHistory,3265,0.010587121967481851,0.013991273371248404,0.01434415860395077,0.465012273502597,0.0,0.06700188492502224,0.0019376277139384669,0.010228930295653645,0.012001638226585232,0.06345682990520404
nominal,EventDetected-GatedHistory,3266,0.009807954943439588,0.01287460211203004,0.013640936873829314,0.4652918984004707,0.0,0.06849765847017393,0.002634180693817267,0.011059083373855517,0.01629057512422678,0.06790915630083312
nominal,EventDetected-GatedHistory,3267,0.009691176952960835,0.01221517265033985,0.012721792187252714,0.4652728752324034,0.0,0.07137713847482437,0.003780358891638958,0.01648813131722157,0.02344360921931731,0.10205829981864717
nominal,EventDetected-GatedHistory,3268,0.010117239021702303,0.013608037040481132,0.013813862988809959,0.46411134853573816,0.0,0.06999956966134895,0.002606752801606409,0.009618736261336667,0.016133302281556343,0.05958035861187476
nominal,EventDetected-GatedHistory,3269,0.009898059981291483,0.012205332934780001,0.012857493762001303,0.4633728948202577,0.0,0.06953910728406297,0.002726562775646887,0.009866557518861568,0.01687882407279435,0.06112813404037567
nominal,EventDetected-GatedHistory,3270,0.010120278493775307,0.013060022162042068,0.013712413169527175,0.46894349113012485,0.0,0.06924331541478866,0.003541787625902391,0.019183977050843137,0.021963078314316355,0.11968101512048976
nominal,EventDetected-GatedHistory,3271,0.009280684058047857,0.011662704297130901,0.011951442057673383,0.4648711036641236,0.0,0.06846092628514411,0.002370482789310667,0.00857848898269054,0.014682616580406614,0.053057896531132624
nominal,EventDetected-GatedHistory,3272,0.00942665521001562,0.01224045603091029,0.012464266699803984,0.46429888611197906,0.0,0.0686189877044657,0.0030236343749997134,0.011864208548505874,0.01874655086941944,0.07343007353034998
nominal,EventDetected-GatedHistory,3273,0.009716722658989364,0.012934704453328486,0.013917747328526988,0.4656003459256978,0.0,0.07040880951139368,0.003375777085675681,0.01450095996843816,0.02088539900920172,0.08915291372371693
nominal,EventDetected-GatedHistory,3274,0.010444367145934288,0.01517924782757622,0.015622836310556651,0.46545619682199113,0.0,0.06989037921325517,0.0029750754134471127,0.012449363341860982,0.018417392715802165,0.07734259505055216
nominal,EventDetected-GatedHistory,3275,0.010035231046000024,0.012455954330433805,0.012831192496726982,0.4658148272784269,0.0,0.06834789443186567,0.0025401711310512366,0.008730207376075159,0.01571474815043834,0.0541364132767866
nominal,EventDetected-GatedHistory,3276,0.009419677102650622,0.012440012939856259,0.013655280164116485,0.46572599178196467,0.0,0.07073111682150247,0.0029236089107393553,0.009387409981087105,0.018097002948519004,0.05839993624437429
nominal,EventDetected-GatedHistory,3277,0.009798360655409778,0.012232083144637645,0.013959793648271431,0.4651881754495689,0.0,0.06792574080800029,0.003570154318019067,0.012500701147943862,0.022133241287072145,0.07703964296399478
nominal,EventDetected-GatedHistory,3278,0.009307872450146547,0.011596509725598617,0.011721680418118146,0.46826267822603257,0.0,0.06803776522591883,0.002947731498483377,0.013076197497103242,0.018273367138039134,0.08163252375612595
nominal,EventDetected-GatedHistory,3279,0.00973897749109313,0.012777211751428647,0.013480867387687999,0.4648940490619351,0.0,0.07130323323212043,0.003113344837830345,0.01430164156431737,0.019290969574913133,0.08847742952483932
nominal,EventDetected-GatedHistory,3280,0.009087390648736043,0.011890934736163499,0.012118713630032028,0.4669752563883348,0.0,0.07065000622428592,0.0028407340977157124,0.01276813637235544,0.01758518655692896,0.07962017381056784
nominal,EventDetected-GatedHistory,3281,0.00942264803558832,0.012028944522898771,0.01264226076151658,0.46538656575244064,0.0,0.07032911057224141,0.0022508671761276725,0.008159316178028876,0.013921817245241415,0.05083011175695551
nominal,EventDetected-GatedHistory,3282,0.009370061336088756,0.01202454727695829,0.012362640809493402,0.46603188351363956,0.0,0.0702002951665352,0.002972106500521781,0.012119075466146583,0.01839787674140034,0.07527011814508441
nominal,EventDetected-GatedHistory,3283,0.009946524842426642,0.013175295182677486,0.0137041371161088,0.4648880428687299,0.0,0.06980177318767927,0.0038649236628688576,0.01469765890843259,0.023965684272596422,0.09118556349243587
nominal,EventDetected-GatedHistory,3284,0.009561675186904739,0.012228145685706349,0.012642150654897679,0.46509048366578987,0.0,0.06931597969103194,0.002875214827399307,0.012492509037532904,0.017802033074166657,0.0773710161064466
nominal,EventDetected-GatedHistory,3285,0.00946854681815784,0.01294457303087452,0.013450552224995933,0.4665359887280889,0.0,0.06979973727053891,0.003915364895433205,0.01837922422397463,0.024200308148077134,0.11344790494852874
nominal,EventDetected-GatedHistory,3286,0.009830203717866566,0.012382365844080352,0.012914712024961928,0.46402654920628716,0.0,0.07031682418878521,0.003113007035616778,0.012214205223131387,0.01928803634695632,0.0763788683828739
nominal,EventDetected-GatedHistory,3287,0.009616120797716208,0.012660646684930308,0.012983340206910781,0.4666625726063075,0.0,0.06839045046432124,0.002824314079999848,0.010429310327613893,0.017535940490629016,0.06497003235004875
nominal,EventDetected-GatedHistory,3288,0.009480284885277473,0.011897909677771832,0.012370619513761854,0.46514724750914005,0.0,0.06902944355991042,0.002562787963227283,0.011003535270705501,0.015900603045563934,0.06873218941813139
nominal,EventDetected-GatedHistory,3289,0.009524872351634019,0.013219511309507149,0.014194535294923538,0.4652257805067665,0.0,0.07036534030603428,0.0019892944020092136,0.007246101068418356,0.012313958569329353,0.04535899485890442
nominal,EventDetected-GatedHistory,3290,0.009933454412954018,0.013625808125622805,0.014323341046611858,0.4661040205234675,0.0,0.07042074519269871,0.0028878594623963877,0.010820692691141238,0.01791150561292539,0.06729072448224603
nominal,EventDetected-GatedHistory,3291,0.009816796948763062,0.013535782812317257,0.013927529097276702,0.466658311426094,0.0,0.06913065767493974,0.0033126898232775097,0.017013073218815896,0.020538427297372878,0.10577348335693708
nominal,EventDetected-GatedHistory,3292,0.009200742987369327,0.011925807726245366,0.012438602721013266,0.46716259396066584,0.0,0.06825312979790064,0.003179440761082472,0.011395249716052259,0.019750991465531477,0.07078366603202914
nominal,EventDetected-GatedHistory,3293,0.009445338085219199,0.013073817019501426,0.013399560287978902,0.46638391719582867,0.0,0.06849046225097617,0.0026853422895624303,0.009483847286725225,0.016630018079971096,0.05842419001404999
nominal,EventDetected-GatedHistory,3294,0.009799194565428151,0.012615308360286017,0.013307555290232139,0.46373973794503837,0.0,0.07168046832912864,0.003721870165215206,0.018123785360061432,0.023036084471256258,0.11260426297740768
nominal,EventDetected-GatedHistory,3295,0.01022718934915251,0.013764488119781442,0.014508259736381823,0.4631365586683619,0.0,0.06972220416582575,0.003376156162197531,0.01147984952735167,0.02090839622714944,0.07189195753655514
nominal,EventDetected-GatedHistory,3296,0.00985147130297658,0.012886008818982332,0.013503186357098821,0.46552670660180073,0.0,0.06843934721548123,0.002805045255813802,0.011855340406933996,0.017376608982868764,0.07390074318824558
nominal,EventDetected-GatedHistory,3297,0.009425671654346277,0.013003922685004105,0.013350131456523034,0.4643422080576336,0.0,0.06880744849111606,0.0022996158983673775,0.008772085163766655,0.014242658553603118,0.05474204619959212
nominal,EventDetected-GatedHistory,3298,0.010146324944510902,0.013361985414665429,0.014105811886676988,0.46495523228874425,0.0,0.07082246656087547,0.003176664762207535,0.012240647385596434,0.019653449199799986,0.07577043612016844
nominal,EventDetected-GatedHistory,3299,0.009665905878572583,0.012815180644634593,0.013128163386271893,0.46934669454011757,0.0,0.06931738495349705,0.002976560414756659,0.008262703170325621,0.018446029207782176,0.05163978923951873
nominal,DetectorShuffled-GatedHistory,3200,0.009268076912008785,0.01166766552611918,0.01230723843938895,0.4672587957922653,0.0,0.06938472876150363,0.002630444962191651,0.011032681456596301,0.01630042979300542,0.06791527337302271
nominal,DetectorShuffled-GatedHistory,3201,0.00980697692681037,0.012636552551228529,0.013334109476816043,0.46469065420530087,0.0,0.06777424622270047,0.002834013945597105,0.012829793033251794,0.01758214782052045,0.07958089250164774
nominal,DetectorShuffled-GatedHistory,3202,0.009613007973824582,0.012132065126114817,0.012584176068385218,0.46487944593015684,0.0,0.06963791683972369,0.002664574509753022,0.011570394233318564,0.0165039777173219,0.07134788874971418
nominal,DetectorShuffled-GatedHistory,3203,0.010252989193582442,0.012966258230272028,0.013517345608993618,0.46578244353159154,0.0,0.06932046684653492,0.002872848957646947,0.012477097045820899,0.017828173619929232,0.07772023823841559
nominal,DetectorShuffled-GatedHistory,3204,0.010022802331662993,0.01331250036534056,0.01395859698855949,0.46608024646748053,0.0,0.07248608859812464,0.0039026316706822573,0.01852207073055039,0.02418813926342858,0.11401278385852533
nominal,DetectorShuffled-GatedHistory,3205,0.010251208538588968,0.014077864433964119,0.01454922294449928,0.46526581766127995,0.0,0.06820833877559242,0.0022064236264239916,0.006296156282574009,0.013672065092845975,0.03890706643453129
nominal,DetectorShuffled-GatedHistory,3206,0.00952385166247006,0.011619732922067272,0.011958346876586165,0.4658003016477656,0.0,0.07075366710712844,0.0035466632160457948,0.019190712710098173,0.021933745410751705,0.11935679697032363
nominal,DetectorShuffled-GatedHistory,3207,0.00998490616001135,0.012882970400590296,0.01356272542223301,0.4650226279009747,0.0,0.06912429127151952,0.0022914774557181404,0.009187835331539194,0.01420442909816389,0.05734141350342336
nominal,DetectorShuffled-GatedHistory,3208,0.00961154388543722,0.012432183781960959,0.012924823307107595,0.4672721415157283,0.0,0.07030062063443228,0.00330560078595203,0.015073882797190139,0.02046497678673176,0.09296047109631787
nominal,DetectorShuffled-GatedHistory,3209,0.010068565330370868,0.013295091717911966,0.01382589712587487,0.4659295432099011,0.0,0.06894874657164812,0.003710938243508902,0.01318045232060267,0.023007586373110962,0.08158703230683358
nominal,DetectorShuffled-GatedHistory,3210,0.010101833422839438,0.013639677711232659,0.014537410602899389,0.4654091003522116,0.0,0.07019295393357158,0.0028411371873026513,0.011252637523647467,0.01760546651849204,0.07004169671203095
nominal,DetectorShuffled-GatedHistory,3211,0.010015328926226022,0.01282142539515054,0.013263113332395894,0.4653144054363443,0.0,0.07107134802503226,0.003389050291977479,0.011526477671882885,0.02102949838437,0.07230897716993948
nominal,DetectorShuffled-GatedHistory,3212,0.009762780158152564,0.012426106950768453,0.012872401034529071,0.46554386919329416,0.0,0.06914896997900795,0.003250553017622577,0.01555531499660551,0.02014764988861806,0.09734470887827538
nominal,DetectorShuffled-GatedHistory,3213,0.00999495373296744,0.012664493257637655,0.01307819600424651,0.4655220798034616,0.0,0.06834530710698442,0.0027623688757283296,0.012838969971117874,0.017095564880467925,0.08038972109070563
nominal,DetectorShuffled-GatedHistory,3214,0.009728168480558966,0.012013117251115207,0.012215607313868249,0.46500015671983463,0.0,0.06914341073944368,0.0029806899992037093,0.00843373373229002,0.018502494913050355,0.05231296257894711
nominal,DetectorShuffled-GatedHistory,3215,0.009400291005698386,0.011978442408656937,0.012263655201188254,0.4638783742703198,0.0,0.07100499881059519,0.002248590153314105,0.008219202698803666,0.013930600682366661,0.051015399055671776
nominal,DetectorShuffled-GatedHistory,3216,0.009817031691305598,0.012879155075543831,0.013235645696725268,0.4670400847968594,0.0,0.06950457173959314,0.0031650993794479034,0.012137287272018958,0.019643715377667726,0.07567705154496579
nominal,DetectorShuffled-GatedHistory,3217,0.009614994197456353,0.012729537267418864,0.013032453652506893,0.4665440488776747,0.0,0.06824810796269405,0.0024915418297086454,0.010780956778547193,0.01544482637504901,0.06679843992791222
nominal,DetectorShuffled-GatedHistory,3218,0.009518616024320792,0.012246863686497916,0.01487311109513661,0.4683877171678155,0.0,0.07025523557893323,0.002936787526921064,0.009857269523833352,0.018192051376855572,0.06091221518055655
nominal,DetectorShuffled-GatedHistory,3219,0.009271522111265525,0.012040812819518335,0.012503064848563197,0.46500305588432966,0.0,0.06973650330772728,0.0033066812509944623,0.014611305901282103,0.020465382027706782,0.08961333037319327
nominal,DetectorShuffled-GatedHistory,3220,0.009382163931238521,0.012503759798531789,0.013245202627820318,0.46484164451510984,0.0,0.06857688381138291,0.0019389381295877154,0.010119111448420133,0.012009256094743273,0.06316627164007783
nominal,DetectorShuffled-GatedHistory,3221,0.010077537588364074,0.013132716058648,0.013387810381998341,0.4676156006409017,0.0,0.0693681337574894,0.0029416384022778455,0.013233157559923003,0.018201816526416562,0.08207997624555916
nominal,DetectorShuffled-GatedHistory,3222,0.009635898439196756,0.012681159389592614,0.013081183835391301,0.4666886350353124,0.0,0.06941182601575858,0.002895054926818779,0.010852513988165422,0.017904885151734717,0.0670969656510929
nominal,DetectorShuffled-GatedHistory,3223,0.009825958827293731,0.012549179441992882,0.012769615146925404,0.4693478818887036,0.0,0.06806838596472732,0.0030184418555764775,0.012826994207933595,0.018699790927919322,0.07954949095513333
nominal,DetectorShuffled-GatedHistory,3224,0.009774519304379685,0.012947563506020604,0.013473128539162237,0.46699670305961777,0.0,0.07086239617830146,0.0037468421487935792,0.018248069320454467,0.02321708663944634,0.11276683205650784
nominal,DetectorShuffled-GatedHistory,3225,0.009432965324599883,0.01178170789621586,0.013285284384141225,0.4633716412105546,0.0,0.06836262634212237,0.0037269643852033815,0.01833460778566849,0.023106836540082054,0.11354461858255205
nominal,DetectorShuffled-GatedHistory,3226,0.009335779268727327,0.012457250548656743,0.013227951740014498,0.4666206241293605,0.0,0.07023828745496291,0.0023126984067969613,0.008161358309602025,0.014303737957582103,0.050365581324153585
nominal,DetectorShuffled-GatedHistory,3227,0.009671708543300447,0.012031871313109432,0.012204379564987664,0.4638430697845644,0.0,0.07043115747062127,0.0028001869611401927,0.013521513152417007,0.01734924528228046,0.08400991645116337
nominal,DetectorShuffled-GatedHistory,3228,0.009682071680285842,0.012646366720995476,0.012944475248549426,0.46470514381218,0.0,0.0701053300434885,0.0027126801329832354,0.010013474690948323,0.016823885574863636,0.06146304583116969
nominal,DetectorShuffled-GatedHistory,3229,0.009889614224087661,0.013186362794435408,0.013507222141837421,0.46657592474108667,0.0,0.06976588361135112,0.002882566160914092,0.01144224751007675,0.017877064938984066,0.07081470430540687
nominal,DetectorShuffled-GatedHistory,3230,0.009832045623900762,0.012394554241057353,0.01274261922053188,0.4666630550940484,0.0,0.07081003554931255,0.0025336776377861314,0.008823447144685482,0.015703441781865203,0.05435390584070577
nominal,DetectorShuffled-GatedHistory,3231,0.0104029177588718,0.01304750350015179,0.013848567880345924,0.4648461491621347,0.0,0.06875301527811127,0.0029785771910697226,0.012472296602029516,0.018444437635259416,0.07732337297553278
nominal,DetectorShuffled-GatedHistory,3232,0.010192638108937934,0.013314758781789485,0.014572976762534568,0.4653076957641143,0.0,0.07146775725326514,0.0024452596695091,0.011480391591614224,0.015143363227959067,0.07120221851155425
nominal,DetectorShuffled-GatedHistory,3233,0.009495041709065403,0.01212243426799703,0.012713488445493193,0.4662377155821646,0.0,0.07112536808750677,0.0026840467418514833,0.009444781278723084,0.01660700173240333,0.058652716328305286
nominal,DetectorShuffled-GatedHistory,3234,0.009212217397316149,0.011791428676624425,0.012214232237208156,0.46397316368961183,0.0,0.06924308426101343,0.002822301790234576,0.010459347631596927,0.01748152944207711,0.0652168934273691
nominal,DetectorShuffled-GatedHistory,3235,0.010154031221148432,0.014259143066083533,0.014877873855468305,0.465592452925146,0.0,0.06900067763497876,0.003177549260818082,0.01075886861715538,0.019665726337819052,0.06655369949760419
nominal,DetectorShuffled-GatedHistory,3236,0.009762831113255242,0.012154280379421246,0.012274964448885428,0.46714779954712343,0.0,0.07134613563704655,0.0036434578923532778,0.014956263601015601,0.022561373143742566,0.09247419992787084
nominal,DetectorShuffled-GatedHistory,3237,0.009353819551798969,0.011785144599794854,0.012215879839493618,0.4670425104832345,0.0,0.06891292222767556,0.0027165650830166255,0.009951706431471204,0.016824085991366554,0.061213091269934954
nominal,DetectorShuffled-GatedHistory,3238,0.009642782237833209,0.012416415626973518,0.013313376171949375,0.4672642926485878,0.0,0.06881912902120896,0.0035351976546059622,0.016758187891957776,0.02191855113742241,0.10384159099860538
nominal,DetectorShuffled-GatedHistory,3239,0.009753585216967488,0.012150812960137715,0.012916486449693416,0.46799174754771233,0.0,0.06929490718906674,0.0026575429834533155,0.013488533981179397,0.016460206911116815,0.08339478163881797
nominal,DetectorShuffled-GatedHistory,3240,0.009860199261638523,0.012538879892549905,0.014365385602489589,0.4624574732671181,0.0,0.06954726071595967,0.00282063261572344,0.01054271394935255,0.017455229648133397,0.0647100128597598
nominal,DetectorShuffled-GatedHistory,3241,0.00986835083510571,0.012860780770942888,0.01319070173175548,0.4636819244198076,0.0,0.06792132215293571,0.0031430063118103565,0.010797191348061636,0.019448790566741227,0.06727700985472441
nominal,DetectorShuffled-GatedHistory,3242,0.009696546014228346,0.012238014199331957,0.012380534233510994,0.46638071572032647,0.0,0.07045454046076839,0.002562136491967631,0.010904395361837514,0.015904751641289426,0.0681063363877371
nominal,DetectorShuffled-GatedHistory,3243,0.010307190015252585,0.012856159936915005,0.013277042486449184,0.46616279714432496,0.0,0.06927979761661887,0.0026142222890227712,0.01270721020729201,0.016197129536808574,0.07888054659399879
nominal,DetectorShuffled-GatedHistory,3244,0.009401308756674975,0.011703798158496077,0.011829745838243295,0.46454531620072503,0.0,0.06842243523844416,0.0029029199276892196,0.012127488418167031,0.01798356197308039,0.0742845235812491
nominal,DetectorShuffled-GatedHistory,3245,0.009139661926085958,0.011876173158690185,0.012015556196376632,0.4642868284953928,0.0,0.0704068958178707,0.002608240274686325,0.00961593914462911,0.016152760078054496,0.059764449657480144
nominal,DetectorShuffled-GatedHistory,3246,0.00967338998537483,0.011999788337192485,0.012837611467266722,0.4661628344343204,0.0,0.07025952480072341,0.0029629671780842166,0.01214272523223303,0.018359717838713888,0.07528498589823969
nominal,DetectorShuffled-GatedHistory,3247,0.009343275765780059,0.012187213189484859,0.01241944050670869,0.46739526023295247,0.0,0.0682675223649179,0.003879671721599205,0.01470478645201929,0.024030755493478304,0.09144143164530355
nominal,DetectorShuffled-GatedHistory,3248,0.009971244366481877,0.013253001006863961,0.013607149565917126,0.46408273709193126,0.0,0.07030839423915734,0.002936156898773158,0.012417978297495007,0.018226960812689777,0.0780362197010245
nominal,DetectorShuffled-GatedHistory,3249,0.010198729110447363,0.01336652203238412,0.013731568839154397,0.46639270940369243,0.0,0.07031104212402214,0.002710874260975511,0.010969043518982506,0.01677926309759448,0.0676451192072475
nominal,DetectorShuffled-GatedHistory,3250,0.009814866366653626,0.012435739226749922,0.013778841974940897,0.4656457503912762,0.0,0.07017984563401013,0.003590053373435465,0.018088253555189452,0.022277282734901656,0.11267512566107153
nominal,DetectorShuffled-GatedHistory,3251,0.009435592243886392,0.012370690607797928,0.013293738304996807,0.4654488770275172,0.0,0.06985996872602433,0.003183388133485905,0.01348899156173943,0.019711665189350372,0.08221037137394599
nominal,DetectorShuffled-GatedHistory,3252,0.0098330604252817,0.01297855327017836,0.013234985766860918,0.46751996350450326,0.0,0.06922727183496645,0.0032493038018824015,0.015229464151973002,0.020091283572856854,0.09493035226542139
nominal,DetectorShuffled-GatedHistory,3253,0.009480387418566303,0.01222865935141614,0.012396293809830747,0.46606502434751845,0.0,0.0707599685395074,0.0024547109896326668,0.01030281270226054,0.015197451499787669,0.06334132941593744
nominal,DetectorShuffled-GatedHistory,3254,0.009839301815897575,0.013091036274677316,0.013620111747109755,0.466861714011142,0.0,0.07155854564043032,0.003242785550156319,0.012030130576842423,0.02009513489042573,0.07503980538354428
nominal,DetectorShuffled-GatedHistory,3255,0.009975683501592895,0.013001717714050454,0.013631456319136535,0.46470776338027875,0.0,0.07038721603352223,0.0033699596718994667,0.014536410983813261,0.020885016606681354,0.08918633094988973
nominal,DetectorShuffled-GatedHistory,3256,0.00949780625395229,0.011890239860908817,0.012544467115400547,0.4670896865137976,0.0,0.07111213108368619,0.0029706943669947973,0.013933387156031376,0.018398645796513576,0.08585723695160666
nominal,DetectorShuffled-GatedHistory,3257,0.01002871615157457,0.013150319269327918,0.013916632666644441,0.46610371375126125,0.0,0.07137239184174049,0.0025496657809265413,0.008761400349728816,0.01579782131298901,0.05442769904432687
nominal,DetectorShuffled-GatedHistory,3258,0.00977709255305911,0.013923040349614639,0.01420088516325368,0.4653175758880483,0.0,0.06789314858184506,0.0022993534557747336,0.008772421311823424,0.014251228996885254,0.05478214656500787
nominal,DetectorShuffled-GatedHistory,3259,0.009340049439301695,0.011995560070537021,0.012381282785586673,0.46667442322448754,0.0,0.0702263366708816,0.0029438975726593327,0.014923958254280644,0.018271214197131604,0.09244429987972784
nominal,DetectorShuffled-GatedHistory,3260,0.00947618737084362,0.012258387629093056,0.01279666089235138,0.4656902306892366,0.0,0.07024079929604964,0.0023676026550064964,0.008586013887308045,0.01467211693555134,0.0530338863544015
nominal,DetectorShuffled-GatedHistory,3261,0.009981292070547014,0.013607163235826869,0.014187515779863236,0.4651526309767334,0.0,0.06867560697205327,0.0031918792553066156,0.011427489205399204,0.019771418543398395,0.070632674728499
nominal,DetectorShuffled-GatedHistory,3262,0.009593023658384072,0.012472755162495706,0.013893821172627819,0.4642908451654289,0.0,0.06963749080158714,0.003575114915617312,0.012439382369101628,0.022157756071460494,0.07642180701501387
nominal,DetectorShuffled-GatedHistory,3263,0.009733573990734302,0.012984604900654792,0.013864981464221262,0.4661882142101804,0.0,0.07006085935420993,0.004376862761061437,0.0180682915732961,0.027110590185703606,0.11240684202424948
nominal,DetectorShuffled-GatedHistory,3264,0.009498652416091156,0.012248757597357017,0.012733442668351648,0.4660183251845217,0.0,0.06757076203951952,0.003960709310132043,0.018328941798675395,0.024546740462647154,0.11204980488518862
nominal,DetectorShuffled-GatedHistory,3265,0.01058993356400071,0.014012498349592005,0.0143595169038654,0.4650101311921271,0.0,0.06700420081812046,0.0028075068483444958,0.011948716836573848,0.017397466185270945,0.07405548881778008
nominal,DetectorShuffled-GatedHistory,3266,0.009816800871036662,0.012900563313923153,0.01366176043587133,0.46529648726065587,0.0,0.06855229457350566,0.0024131418253444,0.010319256029080097,0.014944726023731392,0.06336327933285808
nominal,DetectorShuffled-GatedHistory,3267,0.009695584033354798,0.01222591295103137,0.01273685829696351,0.4652751665198854,0.0,0.07136526403283822,0.0041784719310103075,0.019991341394150656,0.025886302791256383,0.12433855135222625
nominal,DetectorShuffled-GatedHistory,3268,0.01012045300757348,0.013617152009560589,0.013820750072308244,0.46411980913774165,0.0,0.07000284593123408,0.0019232061820107361,0.005898648265902374,0.011895931916493725,0.036553824904642276
nominal,DetectorShuffled-GatedHistory,3269,0.00989095475542647,0.01220446871021011,0.012862641593738339,0.46335561023341776,0.0,0.06953312658301211,0.0024688795700116358,0.009969215299032672,0.015301059262118308,0.0615046261615811
nominal,DetectorShuffled-GatedHistory,3270,0.010124004943590434,0.01305690383023974,0.013701870033408982,0.46895056695062326,0.0,0.06924075449803198,0.002047133443732893,0.008643277768681326,0.012680153237199294,0.05300212345564844
nominal,DetectorShuffled-GatedHistory,3271,0.00927484512341229,0.011659517903703159,0.011942218681437964,0.4648741273719719,0.0,0.06849696373124856,0.00224061800096544,0.007835527499158326,0.013898272705344763,0.04846718661008108
nominal,DetectorShuffled-GatedHistory,3272,0.009425845561732055,0.012232812577080492,0.012464941100181951,0.46429387697410485,0.0,0.06864513468704654,0.0038218518515058656,0.014024980257190428,0.023678584638550396,0.08694399333846178
nominal,DetectorShuffled-GatedHistory,3273,0.009714949628036013,0.01292845569137741,0.013907568870189152,0.46558860233493815,0.0,0.07040048845783267,0.0027027304178296606,0.011575874296919282,0.01673848216118881,0.07115980147858553
nominal,DetectorShuffled-GatedHistory,3274,0.010441269300989325,0.01518148394620333,0.015621721864334893,0.4654590617726526,0.0,0.06989972246547047,0.003107110963761596,0.01432081654457982,0.019242065761399776,0.08852374520368288
nominal,DetectorShuffled-GatedHistory,3275,0.010028333904584874,0.012440197109309192,0.012823440991742449,0.4657998466190663,0.0,0.06834468805504501,0.0027032006965694924,0.01096178927010806,0.016717759656786232,0.0674627330833942
nominal,DetectorShuffled-GatedHistory,3276,0.009419636711480715,0.012415065276061428,0.013642553176095784,0.46571600390803547,0.0,0.07076250790555384,0.002834924865065757,0.009601214837817553,0.01754170452220074,0.059258133736514715
nominal,DetectorShuffled-GatedHistory,3277,0.009795800707274992,0.012228956977772092,0.014013191842525762,0.46518456426601085,0.0,0.06795169550108174,0.0030403727309000644,0.012981283202566364,0.018838292301717702,0.08126566013130328
nominal,DetectorShuffled-GatedHistory,3278,0.009309327644066149,0.011587150163669267,0.011721033043250033,0.46826593436448144,0.0,0.06808896037536342,0.0020013299659661036,0.007460107182068243,0.012387987234521563,0.04583879684911578
nominal,DetectorShuffled-GatedHistory,3279,0.009736632784176899,0.012767171548248087,0.013459602229328472,0.46490531165075594,0.0,0.07133673396693921,0.0030242243153024823,0.011736692088834289,0.018742619983715195,0.07354825491323261
nominal,DetectorShuffled-GatedHistory,3280,0.009081340629630964,0.01188212780257913,0.012111125786066818,0.46697096601347204,0.0,0.07060885663327214,0.003809259367067052,0.016440467626740105,0.023592813136289005,0.10173382058233417
nominal,DetectorShuffled-GatedHistory,3281,0.009424385255472758,0.01202602151754486,0.01264710736548105,0.4653783899126141,0.0,0.07032769918913266,0.0029583273681353284,0.012399637147020231,0.018353688113532746,0.0774604433975487
nominal,DetectorShuffled-GatedHistory,3282,0.009367410065552344,0.012014731737390523,0.012349588656527214,0.46603688606077553,0.0,0.07018357503979186,0.002420426607337562,0.010253275215329413,0.015014780377079318,0.06358331567905925
nominal,DetectorShuffled-GatedHistory,3283,0.009943775294179358,0.013188693130145515,0.013706490634747453,0.4648701633246347,0.0,0.06978498291923133,0.0029220653443709933,0.011248870817269881,0.01806567114690102,0.06965704900256957
nominal,DetectorShuffled-GatedHistory,3284,0.009563424171004625,0.012214209377990415,0.012647754685463088,0.46511822403569125,0.0,0.06932815198662334,0.0029637785736771702,0.013209645650366177,0.018354137436913758,0.08171341487897874
nominal,DetectorShuffled-GatedHistory,3285,0.009462471566815801,0.012922192781344433,0.013428754572947175,0.46654029546827,0.0,0.06979716871511304,0.002422190791173371,0.01072061276432831,0.014992485857413201,0.06551341695884609
nominal,DetectorShuffled-GatedHistory,3286,0.009826276646770488,0.012389329135342294,0.012915457598027027,0.46403489904125667,0.0,0.07030035311701739,0.002494558366779068,0.01020536732246845,0.015442379642476313,0.06335870070758455
nominal,DetectorShuffled-GatedHistory,3287,0.009625258330674508,0.012662009768760057,0.012987030353121678,0.46662484624904726,0.0,0.06839914312527302,0.002505338125262915,0.00916552253056767,0.015474129095165143,0.05715850129401208
nominal,DetectorShuffled-GatedHistory,3288,0.0094798438077918,0.011901765429860716,0.012372097759581728,0.46515381646699894,0.0,0.06904439135293494,0.003374080939722163,0.013452663735043745,0.020850358736321035,0.0833879249648842
nominal,DetectorShuffled-GatedHistory,3289,0.00952845767191083,0.013217473005417004,0.014192825455284025,0.4652194772182175,0.0,0.07036439133813889,0.0031121944731886445,0.012258898157520754,0.0192906621763534,0.07633462985358418
nominal,DetectorShuffled-GatedHistory,3290,0.009931191612976268,0.013614663019003652,0.014303449134156475,0.46611305776309025,0.0,0.07041356745200243,0.0021487576743344583,0.0064272355381357095,0.01331785710776177,0.04016119503123393
nominal,DetectorShuffled-GatedHistory,3291,0.009821484890013337,0.013518925483925866,0.013913860098957552,0.46663572015056465,0.0,0.06915544994011835,0.003714914615383176,0.019071616031668723,0.023006701280002054,0.11831596358573951
nominal,DetectorShuffled-GatedHistory,3292,0.009195275422116482,0.01192554088665035,0.012435457224701648,0.46716930874824764,0.0,0.06828581763618717,0.0026425028503929697,0.012648439171437698,0.01632493232951596,0.07769055637571122
nominal,DetectorShuffled-GatedHistory,3293,0.009441117868888854,0.013077160030746453,0.01339065128645465,0.4663792892008115,0.0,0.0685164910453732,0.0034923871526068985,0.013324700191508356,0.02164192403016018,0.08244290996345063
nominal,DetectorShuffled-GatedHistory,3294,0.0098083254888158,0.012627206209263681,0.013319420859328652,0.4637205729897364,0.0,0.07169975794300519,0.00332049165993316,0.01717693863011535,0.02057066776458463,0.10603691055002291
nominal,DetectorShuffled-GatedHistory,3295,0.010220950181085667,0.013751287795105678,0.014492502428231234,0.46313561570688805,0.0,0.06974081830459838,0.0037519699896916368,0.013179892608058155,0.023257010887385125,0.08091496551685466
nominal,DetectorShuffled-GatedHistory,3296,0.009847726545040179,0.012882550451767595,0.013493834038485338,0.46552965665521395,0.0,0.06842814086001768,0.0024201720398885265,0.00994428228672888,0.014992827796620737,0.06128870791764822
nominal,DetectorShuffled-GatedHistory,3297,0.009427263884630407,0.013006089361521466,0.013353826980183732,0.4643516842736799,0.0,0.06879246416935765,0.0014702006234777907,0.006627702873214014,0.009106192239623556,0.04104743871909597
nominal,DetectorShuffled-GatedHistory,3298,0.010150395024864851,0.013345968093298714,0.014078410430722476,0.464937244910024,0.0,0.07080684743831749,0.0033092748566823,0.015340465417688298,0.020503649228421204,0.09544436372629506
nominal,DetectorShuffled-GatedHistory,3299,0.009668489806355545,0.012832541827943182,0.013146766613113361,0.469351397572443,0.0,0.06931725857360188,0.002599348824275883,0.012309755668637049,0.01609225110822557,0.07631862898378626
wind3,LQR-outer,3200,0.1452629938306277,0.16765673175836016,0.17461794698369917,1.1948595968569813,0.0,0.0,0.0,0.0,0.0,0.0
wind3,LQR-outer,3201,0.1278069741594237,0.16399846804203022,0.16916926989314268,1.1294096431291194,0.0,0.0,0.0,0.0,0.0,0.0
wind3,LQR-outer,3202,0.15300853984221394,0.18569096036886687,0.19945653366137836,1.3472479013401395,0.0,0.0,0.0,0.0,0.0,0.0
wind3,LQR-outer,3203,0.14429594494793604,0.17778984880361426,0.17941503354927876,0.9324016374354509,0.0,0.0,0.0,0.0,0.0,0.0
wind3,LQR-outer,3204,0.1405928033622016,0.17615772537379099,0.1884048963327155,1.115820646448067,0.0,0.0,0.0,0.0,0.0,0.0
wind3,LQR-outer,3205,0.13707077627715306,0.16822656121638632,0.17235123983497974,1.0198346632391846,0.0,0.0,0.0,0.0,0.0,0.0
wind3,LQR-outer,3206,0.15963276740266383,0.19424390642769462,0.1989306985488728,1.3385394068260983,0.0,0.0,0.0,0.0,0.0,0.0
wind3,LQR-outer,3207,0.13719099980600763,0.1576026210356384,0.16656441370304909,0.8132011555457627,0.0,0.0,0.0,0.0,0.0,0.0
wind3,LQR-outer,3208,0.13220164608035095,0.1623682440408996,0.1670864967010259,1.0864293056408167,0.0,0.0,0.0,0.0,0.0,0.0
wind3,LQR-outer,3209,0.1548675113143332,0.18936421677510878,0.1970818071955422,1.1225229829949457,0.0,0.0,0.0,0.0,0.0,0.0
wind3,LQR-outer,3210,0.14502675737305967,0.18723929402138376,0.19585249715304903,1.185595959789401,0.0,0.0,0.0,0.0,0.0,0.0
wind3,LQR-outer,3211,0.12863269871270847,0.15074884514391965,0.15354750808147147,1.1659044317029086,0.0,0.0,0.0,0.0,0.0,0.0
wind3,LQR-outer,3212,0.13954669099561198,0.18207688092128752,0.18696389625174376,0.8998383843558984,0.0,0.0,0.0,0.0,0.0,0.0
wind3,LQR-outer,3213,0.15711755963358828,0.18883852899569192,0.19475920129805122,1.0970163037892786,0.0,0.0,0.0,0.0,0.0,0.0
wind3,LQR-outer,3214,0.13364739710989704,0.16388429503226729,0.1665994608264089,1.1866779023206153,0.0,0.0,0.0,0.0,0.0,0.0
wind3,LQR-outer,3215,0.13834139776191903,0.17140089018795202,0.17396784756910275,1.1243313434377054,0.0,0.0,0.0,0.0,0.0,0.0
wind3,LQR-outer,3216,0.14075599134941935,0.16455212876634215,0.19496613022050688,1.0522889645495042,0.0,0.0,0.0,0.0,0.0,0.0
wind3,LQR-outer,3217,0.1346131224167909,0.15684033580446832,0.1607062311325984,1.031077264604511,0.0,0.0,0.0,0.0,0.0,0.0
wind3,LQR-outer,3218,0.1495075867919722,0.18485495567789414,0.18799104739850322,0.9977769847441275,0.0,0.0,0.0,0.0,0.0,0.0
wind3,LQR-outer,3219,0.1346404424230085,0.16059247448602942,0.16754487705030569,1.2520808415117866,0.0,0.0,0.0,0.0,0.0,0.0
wind3,LQR-outer,3220,0.1382159041220167,0.16131770763135364,0.1629112313364856,0.9668485858755581,0.0,0.0,0.0,0.0,0.0,0.0
wind3,LQR-outer,3221,0.1395201677639102,0.1587588133688561,0.16384146614336703,1.2151232427138408,0.0,0.0,0.0,0.0,0.0,0.0
wind3,LQR-outer,3222,0.12372692807446004,0.1620608798999275,0.16885279330130948,1.1250740995194777,0.0,0.0,0.0,0.0,0.0,0.0
wind3,LQR-outer,3223,0.12950332495058112,0.17135400060503825,0.17473791785886064,1.0293221838201279,0.0,0.0,0.0,0.0,0.0,0.0
wind3,LQR-outer,3224,0.14034338076895847,0.19479400812578518,0.1954366172470328,0.8961609935180687,0.0,0.0,0.0,0.0,0.0,0.0
wind3,LQR-outer,3225,0.13887336528878627,0.16958263425438633,0.1765647522863424,0.9832946541289506,0.0,0.0,0.0,0.0,0.0,0.0
wind3,LQR-outer,3226,0.14480132136526425,0.1711895176183206,0.18076707943961562,1.126119622132863,0.0,0.0,0.0,0.0,0.0,0.0
wind3,LQR-outer,3227,0.1444684934300026,0.15794810524416475,0.16033920857538675,1.2248410611583442,0.0,0.0,0.0,0.0,0.0,0.0
wind3,LQR-outer,3228,0.15212177834278642,0.17811020762699983,0.17962659176153242,0.9447491882866031,0.0,0.0,0.0,0.0,0.0,0.0
wind3,LQR-outer,3229,0.136898284533174,0.16320422513904295,0.16879983122998063,1.3140473141150548,0.0,0.0,0.0,0.0,0.0,0.0
wind3,LQR-outer,3230,0.14662213733801474,0.1762309707001369,0.18072818235898166,1.1655441552447998,0.0,0.0,0.0,0.0,0.0,0.0
wind3,LQR-outer,3231,0.12905617640828698,0.1619116389935808,0.16552959992217817,1.0836217246980424,0.0,0.0,0.0,0.0,0.0,0.0
wind3,LQR-outer,3232,0.1291372090779691,0.1530287976238621,0.15608940632345797,0.8779334127605887,0.0,0.0,0.0,0.0,0.0,0.0
wind3,LQR-outer,3233,0.1312731325072709,0.1565082722387893,0.16535390754883192,1.067606419508457,0.0,0.0,0.0,0.0,0.0,0.0
wind3,LQR-outer,3234,0.14739141646118076,0.17249579668125511,0.17500778252014174,1.2136742398745655,0.0,0.0,0.0,0.0,0.0,0.0
wind3,LQR-outer,3235,0.14799859906640292,0.18921505809903827,0.19970208309208473,1.1581114524487732,0.0,0.0,0.0,0.0,0.0,0.0
wind3,LQR-outer,3236,0.13252091027661203,0.1864506652567214,0.19848249707597265,0.8997295619111064,0.0,0.0,0.0,0.0,0.0,0.0
wind3,LQR-outer,3237,0.1362128324454586,0.16497366448115208,0.16902021706635906,0.8420387364720101,0.0,0.0,0.0,0.0,0.0,0.0
wind3,LQR-outer,3238,0.15299786653993,0.18237315263206993,0.18429575084417293,1.2545171013463583,0.0,0.0,0.0,0.0,0.0,0.0
wind3,LQR-outer,3239,0.14103296906809992,0.16262014652636417,0.167122150688057,1.2237358912953324,0.0,0.0,0.0,0.0,0.0,0.0
wind3,LQR-outer,3240,0.1463099536637528,0.17605488615718928,0.17668732077999585,1.0091772885974435,0.0,0.0,0.0,0.0,0.0,0.0
wind3,LQR-outer,3241,0.13654812919241374,0.15952184613595932,0.1628946265943723,1.0500852765609274,0.0,0.0,0.0,0.0,0.0,0.0
wind3,LQR-outer,3242,0.15759039577524142,0.17794767629023203,0.1848812218925145,1.232334681253145,0.0,0.0,0.0,0.0,0.0,0.0
wind3,LQR-outer,3243,0.14177837687117287,0.16502598719505765,0.16656522017444228,1.0186008739645738,0.0,0.0,0.0,0.0,0.0,0.0
wind3,LQR-outer,3244,0.15211523199316823,0.18196737208351052,0.18678875476921772,1.1645692139168808,0.0,0.0,0.0,0.0,0.0,0.0
wind3,LQR-outer,3245,0.14337820234730903,0.19522425615149666,0.1995851570582686,1.125806670839739,0.0,0.0,0.0,0.0,0.0,0.0
wind3,LQR-outer,3246,0.14508451657264868,0.17169680937534762,0.17753244456814032,1.0237027904229148,0.0,0.0,0.0,0.0,0.0,0.0
wind3,LQR-outer,3247,0.13355674211101998,0.1848593195093864,0.19229698858900177,1.049443510972222,0.0,0.0,0.0,0.0,0.0,0.0
wind3,LQR-outer,3248,0.14620273855912516,0.2098226432726907,0.21932448936081636,0.9994700383429659,0.0,0.0,0.0,0.0,0.0,0.0
wind3,LQR-outer,3249,0.12577636479912213,0.1515630567927139,0.1538361137472861,1.001086938018606,0.0,0.0,0.0,0.0,0.0,0.0
wind3,LQR-outer,3250,0.15968924790277375,0.1847362494157174,0.1894370755561134,1.3468860170488832,0.0,0.0,0.0,0.0,0.0,0.0
wind3,LQR-outer,3251,0.13026804109402754,0.15798143119911154,0.16121992839898747,1.0160779190375053,0.0,0.0,0.0,0.0,0.0,0.0
wind3,LQR-outer,3252,0.14761849595969567,0.1809978170420068,0.18852456217552965,1.205852500422826,0.0,0.0,0.0,0.0,0.0,0.0
wind3,LQR-outer,3253,0.13808751824543306,0.16758075077313142,0.17197440490557278,1.1011827082649195,0.0,0.0,0.0,0.0,0.0,0.0
wind3,LQR-outer,3254,0.14188045536807606,0.15868696342016608,0.16136231704833118,1.1717589108333906,0.0,0.0,0.0,0.0,0.0,0.0
wind3,LQR-outer,3255,0.14466631556532855,0.17295634152408618,0.17578292733994327,1.2859359102113699,0.0,0.0,0.0,0.0,0.0,0.0
wind3,LQR-outer,3256,0.13073537236245802,0.16304596736607077,0.16626148409480612,0.7825022922954498,0.0,0.0,0.0,0.0,0.0,0.0
wind3,LQR-outer,3257,0.1593259555041949,0.18588889940367248,0.193570461401365,1.061389936173092,0.0,0.0,0.0,0.0,0.0,0.0
wind3,LQR-outer,3258,0.14149958514223637,0.17140175891854473,0.17513348467344547,1.085857177866078,0.0,0.0,0.0,0.0,0.0,0.0
wind3,LQR-outer,3259,0.14056837770783043,0.1615190085906002,0.16632617489980508,0.9407643907780672,0.0,0.0,0.0,0.0,0.0,0.0
wind3,LQR-outer,3260,0.14528393519278618,0.1663164325475384,0.17002655433502462,1.2592976364755935,0.0,0.0,0.0,0.0,0.0,0.0
wind3,LQR-outer,3261,0.12283341921402118,0.1453503762321377,0.15058678951183216,0.8724915368428929,0.0,0.0,0.0,0.0,0.0,0.0
wind3,LQR-outer,3262,0.1399597763378053,0.17404892900391247,0.1799380212916536,0.9303422303943087,0.0,0.0,0.0,0.0,0.0,0.0
wind3,LQR-outer,3263,0.1431693190136997,0.17189224744789047,0.17356923079664113,1.0563484134534749,0.0,0.0,0.0,0.0,0.0,0.0
wind3,LQR-outer,3264,0.14470444677086597,0.17841150954602203,0.1806655790503144,1.0057131435503084,0.0,0.0,0.0,0.0,0.0,0.0
wind3,LQR-outer,3265,0.14194408933422853,0.17288614158588556,0.1738221720494314,0.8663966607871655,0.0,0.0,0.0,0.0,0.0,0.0
wind3,LQR-outer,3266,0.1406999573146042,0.17399861947367531,0.17854280876636766,0.9580909452423158,0.0,0.0,0.0,0.0,0.0,0.0
wind3,LQR-outer,3267,0.14190363165385267,0.17879053285966393,0.18081296308073252,1.0442762966241605,0.0,0.0,0.0,0.0,0.0,0.0
wind3,LQR-outer,3268,0.15344705121389982,0.18544726891323993,0.18908743836705538,0.9227771845226427,0.0,0.0,0.0,0.0,0.0,0.0
wind3,LQR-outer,3269,0.13180487634710047,0.15007621584026976,0.15343285044858776,0.9333109108465688,0.0,0.0,0.0,0.0,0.0,0.0
wind3,LQR-outer,3270,0.13404957686796365,0.16356866005992338,0.1692138343499522,1.0424658417140245,0.0,0.0,0.0,0.0,0.0,0.0
wind3,LQR-outer,3271,0.13879494231086456,0.16833658662908016,0.17579212545374315,1.1573302179493945,0.0,0.0,0.0,0.0,0.0,0.0
wind3,LQR-outer,3272,0.14251620606411944,0.1701979583472763,0.17703072880166132,1.237345069609763,0.0,0.0,0.0,0.0,0.0,0.0
wind3,LQR-outer,3273,0.13143457718821933,0.1648356055581618,0.17093108399631754,1.1624065250280753,0.0,0.0,0.0,0.0,0.0,0.0
wind3,LQR-outer,3274,0.14032389470845394,0.1684416997376038,0.17560451970538218,0.9707615781001193,0.0,0.0,0.0,0.0,0.0,0.0
wind3,LQR-outer,3275,0.14466606812303281,0.18630902638558378,0.19608996258835115,0.9383177425137749,0.0,0.0,0.0,0.0,0.0,0.0
wind3,LQR-outer,3276,0.14609092369506815,0.172499771402614,0.17925888823519368,1.16390440356009,0.0,0.0,0.0,0.0,0.0,0.0
wind3,LQR-outer,3277,0.1414459135526995,0.15648046758654596,0.16116023971881002,1.0483618130198709,0.0,0.0,0.0,0.0,0.0,0.0
wind3,LQR-outer,3278,0.1401724128211427,0.17905867245283785,0.18591644084892345,1.0328276298274066,0.0,0.0,0.0,0.0,0.0,0.0
wind3,LQR-outer,3279,0.13411260552118662,0.1609321216761858,0.16666872641168456,1.075941538811753,0.0,0.0,0.0,0.0,0.0,0.0
wind3,LQR-outer,3280,0.13903673376460662,0.1658899832721919,0.16720292441089854,1.216612088294254,0.0,0.0,0.0,0.0,0.0,0.0
wind3,LQR-outer,3281,0.14042660645782354,0.182853057398228,0.18609906164871745,1.189095642008631,0.0,0.0,0.0,0.0,0.0,0.0
wind3,LQR-outer,3282,0.14253283236417308,0.17814582467772339,0.17970490883908968,1.2125749121441827,0.0,0.0,0.0,0.0,0.0,0.0
wind3,LQR-outer,3283,0.14014819558015354,0.1736343811493106,0.18264212714638262,1.2363143497284337,0.0,0.0,0.0,0.0,0.0,0.0
wind3,LQR-outer,3284,0.12908459926502677,0.16320782484991667,0.17227166454239792,0.9918682862791384,0.0,0.0,0.0,0.0,0.0,0.0
wind3,LQR-outer,3285,0.16003454761349267,0.19338636154652153,0.19510344874863816,1.3823609470455605,0.0,0.0,0.0,0.0,0.0,0.0
wind3,LQR-outer,3286,0.14531197435621776,0.1969404968804045,0.20073490167780747,1.2817946171520302,0.0,0.0,0.0,0.0,0.0,0.0
wind3,LQR-outer,3287,0.13917822657433204,0.18874792587899122,0.20094771786359464,1.2273333358454959,0.0,0.0,0.0,0.0,0.0,0.0
wind3,LQR-outer,3288,0.1517946033612418,0.1742861282883295,0.17796188835743376,1.1369274568344294,0.0,0.0,0.0,0.0,0.0,0.0
wind3,LQR-outer,3289,0.13980542547638644,0.16782404234609002,0.1717448922246764,0.8765917255552037,0.0,0.0,0.0,0.0,0.0,0.0
wind3,LQR-outer,3290,0.13921397573675764,0.17232153303117953,0.1777310206067621,1.0678869674664155,0.0,0.0,0.0,0.0,0.0,0.0
wind3,LQR-outer,3291,0.14243958653245964,0.16352212623997153,0.16600144825711244,0.9683144630814896,0.0,0.0,0.0,0.0,0.0,0.0
wind3,LQR-outer,3292,0.1419152713059693,0.18520668971822224,0.19537851840754333,0.9902792906132246,0.0,0.0,0.0,0.0,0.0,0.0
wind3,LQR-outer,3293,0.13118441775711367,0.15419256829587344,0.1569570487507125,0.9925220376368474,0.0,0.0,0.0,0.0,0.0,0.0
wind3,LQR-outer,3294,0.15258732000928482,0.1721557765828715,0.1792831968503339,1.3216255849719805,0.0,0.0,0.0,0.0,0.0,0.0
wind3,LQR-outer,3295,0.14149626557059322,0.16739857687243953,0.17355197979024026,1.004812263612953,0.0,0.0,0.0,0.0,0.0,0.0
wind3,LQR-outer,3296,0.13700880676944618,0.17069311153083852,0.17429617020475274,1.0159378171544466,0.0,0.0,0.0,0.0,0.0,0.0
wind3,LQR-outer,3297,0.14450301943283184,0.1819410245933983,0.18507597224537625,1.2610314816583903,0.0,0.0,0.0,0.0,0.0,0.0
wind3,LQR-outer,3298,0.13465343576023356,0.1554454686838013,0.160096796688132,1.0924578336889263,0.0,0.0,0.0,0.0,0.0,0.0
wind3,LQR-outer,3299,0.14123705023435879,0.1816448411257424,0.18354957476194542,0.897347546711385,0.0,0.0,0.0,0.0,0.0,0.0
wind3,CurrentOnly-AE-CeNN-494,3200,0.1279535359172371,0.15755276219139036,0.1652025561537003,1.1883457703235918,0.0,0.2591368914858938,0.0,0.0,0.0,0.0
wind3,CurrentOnly-AE-CeNN-494,3201,0.10037748724226629,0.12480544253510624,0.12902726958808802,1.1278581374650933,0.0,0.26235105109988965,0.0,0.0,0.0,0.0
wind3,CurrentOnly-AE-CeNN-494,3202,0.13890830586849978,0.1833851121820276,0.19815799252397084,1.3466364259179542,0.0,0.2419145407078155,0.0,0.0,0.0,0.0
wind3,CurrentOnly-AE-CeNN-494,3203,0.12307931694163461,0.1509768936602754,0.15260122004839263,0.9364017356648603,0.0,0.24811263007596193,0.0,0.0,0.0,0.0
wind3,CurrentOnly-AE-CeNN-494,3204,0.11632154873499533,0.15540334315207088,0.1675662175940282,1.1196649290440384,0.0,0.27000983317989463,0.0,0.0,0.0,0.0
wind3,CurrentOnly-AE-CeNN-494,3205,0.12179821965618662,0.16567820686427148,0.16759798234417808,1.0229394501049829,0.0,0.24455877980046592,0.0,0.0,0.0,0.0
wind3,CurrentOnly-AE-CeNN-494,3206,0.1482211527303767,0.18715965277268387,0.1926366997793098,1.3476104208859905,0.0,0.2311679205725789,0.0,0.0,0.0,0.0
wind3,CurrentOnly-AE-CeNN-494,3207,0.11544343186710677,0.1395939230285303,0.1484519860459431,0.8148949729131657,0.0,0.24036546231162084,0.0,0.0,0.0,0.0
wind3,CurrentOnly-AE-CeNN-494,3208,0.10023610707329093,0.1260975889765557,0.12977217084835335,1.0882000463572137,0.0,0.2825690209377734,0.0,0.0,0.0,0.0
wind3,CurrentOnly-AE-CeNN-494,3209,0.1388525498176462,0.17427044869060684,0.18262624277128953,1.128043247916642,0.0,0.23500212428731437,0.0,0.0,0.0,0.0
wind3,CurrentOnly-AE-CeNN-494,3210,0.12147791371006585,0.161717272723226,0.1700971062142494,1.183883899772244,0.0,0.25482614643443746,0.0,0.0,0.0,0.0
wind3,CurrentOnly-AE-CeNN-494,3211,0.10149453469037929,0.12229119337411319,0.12600349249001802,1.1585880237351633,0.0,0.2675338480822023,0.0,0.0,0.0,0.0
wind3,CurrentOnly-AE-CeNN-494,3212,0.12046539486987616,0.17166128785397133,0.17800610285484206,0.8991434573708046,0.0,0.24687168722672906,0.0,0.0,0.0,0.0
wind3,CurrentOnly-AE-CeNN-494,3213,0.13235465563233506,0.17040100926005108,0.17735949386649552,1.0908762852127447,0.0,0.27197181004829757,0.0,0.0,0.0,0.0
wind3,CurrentOnly-AE-CeNN-494,3214,0.11208256281596539,0.14152116275999024,0.14417634902395546,1.185834045012066,0.0,0.23815738145019957,0.0,0.0,0.0,0.0
wind3,CurrentOnly-AE-CeNN-494,3215,0.11737909477584611,0.14678940874653357,0.15100043961868112,1.1258326509667562,0.0,0.25282651982767584,0.0,0.0,0.0,0.0
wind3,CurrentOnly-AE-CeNN-494,3216,0.12093370823092192,0.14503722280005174,0.17147885860984236,1.0539678503902972,0.0,0.2574566059858874,0.0,0.0,0.0,0.0
wind3,CurrentOnly-AE-CeNN-494,3217,0.1115302298246466,0.1331866801782413,0.13843319161810747,1.028336552508747,0.0,0.2622949942622994,0.0,0.0,0.0,0.0
wind3,CurrentOnly-AE-CeNN-494,3218,0.12961470217742915,0.16278328997036193,0.17029254107781666,0.9976400536464894,0.0,0.25987121374156813,0.0,0.0,0.0,0.0
wind3,CurrentOnly-AE-CeNN-494,3219,0.11079262904017372,0.1361082950207961,0.13848130928447014,1.249630581541878,0.0,0.25641288721666095,0.0,0.0,0.0,0.0
wind3,CurrentOnly-AE-CeNN-494,3220,0.12202445982848323,0.14878090922791556,0.15033341382591947,0.9729120944990088,0.0,0.24454361768168545,0.0,0.0,0.0,0.0
wind3,CurrentOnly-AE-CeNN-494,3221,0.12186224719702907,0.1454857350236341,0.14769607109270022,1.2234528451342768,0.0,0.2370489036709869,0.0,0.0,0.0,0.0
wind3,CurrentOnly-AE-CeNN-494,3222,0.09831566733134127,0.13791341953452926,0.14491837846891342,1.120699767114711,0.0,0.254601058219471,0.0,0.0,0.0,0.0
wind3,CurrentOnly-AE-CeNN-494,3223,0.10174782043149402,0.1478830354997095,0.15153230913787605,1.0315821886071157,0.0,0.2642979173567972,0.0,0.0,0.0,0.0
wind3,CurrentOnly-AE-CeNN-494,3224,0.13064851699566057,0.19465339953086735,0.19658592820503637,0.897101013225852,0.0,0.21519031546226494,0.0,0.0,0.0,0.0
wind3,CurrentOnly-AE-CeNN-494,3225,0.1117084907981649,0.14903412629865717,0.15771798410617524,0.9820324999465018,0.0,0.2704320020442875,0.0,0.0,0.0,0.0
wind3,CurrentOnly-AE-CeNN-494,3226,0.12867880673450197,0.1630295121752247,0.17205332164003426,1.1235577672561778,0.0,0.22531760671958265,0.0,0.0,0.0,0.0
wind3,CurrentOnly-AE-CeNN-494,3227,0.12536625671305823,0.1453505613760337,0.15033533344800692,1.2337653833667857,0.0,0.26312829995953585,0.0,0.0,0.0,0.0
wind3,CurrentOnly-AE-CeNN-494,3228,0.13031792352355914,0.15366619868521214,0.166217244498914,0.9499954869129509,0.0,0.26369818821144475,0.0,0.0,0.0,0.0
wind3,CurrentOnly-AE-CeNN-494,3229,0.11447197549816247,0.139224723572071,0.1446715488139615,1.3096826591353492,0.0,0.253479805028738,0.0,0.0,0.0,0.0
wind3,CurrentOnly-AE-CeNN-494,3230,0.12663869868783423,0.1578340910886797,0.1631013424901874,1.1628817445387483,0.0,0.2488489653922058,0.0,0.0,0.0,0.0
wind3,CurrentOnly-AE-CeNN-494,3231,0.11089360930189734,0.1429259268007499,0.14584672918257496,1.0852592495992335,0.0,0.21845370228946462,0.0,0.0,0.0,0.0
wind3,CurrentOnly-AE-CeNN-494,3232,0.10308395637171916,0.13052988758704834,0.13274985821009033,0.8773511084245245,0.0,0.25817091698201394,0.0,0.0,0.0,0.0
wind3,CurrentOnly-AE-CeNN-494,3233,0.10800823034197268,0.14374566612671547,0.15244130654237997,1.0671380264723025,0.0,0.2548524443242888,0.0,0.0,0.0,0.0
wind3,CurrentOnly-AE-CeNN-494,3234,0.12940804394425542,0.16469264611466572,0.17251270484347656,1.2159309895854211,0.0,0.2474690991991127,0.0,0.0,0.0,0.0
wind3,CurrentOnly-AE-CeNN-494,3235,0.12756423766402256,0.17591811790486594,0.1878734501586584,1.1620639976866123,0.0,0.25796993273015023,0.0,0.0,0.0,0.0
wind3,CurrentOnly-AE-CeNN-494,3236,0.10936204968381606,0.16533616779062835,0.17853893704542742,0.9069081714352338,0.0,0.24793884446086864,0.0,0.0,0.0,0.0
wind3,CurrentOnly-AE-CeNN-494,3237,0.10566040263330526,0.14092428332501192,0.14569582605016837,0.8356643598236855,0.0,0.2895754313605083,0.0,0.0,0.0,0.0
wind3,CurrentOnly-AE-CeNN-494,3238,0.1301181789703713,0.16008186464053067,0.16869998802211028,1.2478348843501623,0.0,0.2695852855046397,0.0,0.0,0.0,0.0
wind3,CurrentOnly-AE-CeNN-494,3239,0.12626817822948447,0.14690488997379123,0.15249375420168357,1.2231336819164813,0.0,0.24279734952002374,0.0,0.0,0.0,0.0
wind3,CurrentOnly-AE-CeNN-494,3240,0.12478461027235041,0.1621337922476445,0.16344494808001162,1.009512614742042,0.0,0.26611808731765174,0.0,0.0,0.0,0.0
wind3,CurrentOnly-AE-CeNN-494,3241,0.11005354957126727,0.12731205282261387,0.1289570210227876,1.049406939467789,0.0,0.26475508237084555,0.0,0.0,0.0,0.0
wind3,CurrentOnly-AE-CeNN-494,3242,0.1486672924440457,0.17141276634134914,0.177081273226624,1.2290538644949722,0.0,0.2281969148857493,0.0,0.0,0.0,0.0
wind3,CurrentOnly-AE-CeNN-494,3243,0.11452515089868884,0.13440283474957945,0.13790875114248738,1.0164179431189395,0.0,0.2739653283442894,0.0,0.0,0.0,0.0
wind3,CurrentOnly-AE-CeNN-494,3244,0.13870619509133814,0.18176429783682596,0.18592081965017296,1.1693662475203075,0.0,0.23810277385549636,0.0,0.0,0.0,0.0
wind3,CurrentOnly-AE-CeNN-494,3245,0.12434544879554245,0.1755058763617565,0.18017896783460663,1.1251634511265363,0.0,0.2380601459454504,0.0,0.0,0.0,0.0
wind3,CurrentOnly-AE-CeNN-494,3246,0.12772204899375228,0.1553066317357882,0.16387712011809627,1.0292611552567528,0.0,0.25667204401944643,0.0,0.0,0.0,0.0
wind3,CurrentOnly-AE-CeNN-494,3247,0.11408123756219897,0.16664605184813389,0.1735188132685552,1.0463220864765557,0.0,0.24280451738453476,0.0,0.0,0.0,0.0
wind3,CurrentOnly-AE-CeNN-494,3248,0.12355308222526308,0.19986706347411243,0.21053094738410252,0.9904908094976872,0.0,0.27719267085539845,0.0,0.0,0.0,0.0
wind3,CurrentOnly-AE-CeNN-494,3249,0.10689011194851808,0.13363882586801948,0.1354342479092002,1.0010758482849702,0.0,0.2283723106142413,0.0,0.0,0.0,0.0
wind3,CurrentOnly-AE-CeNN-494,3250,0.1332576246665519,0.15927366306351862,0.16155894038410867,1.3402462034446767,0.0,0.2823286099526419,0.0,0.0,0.0,0.0
wind3,CurrentOnly-AE-CeNN-494,3251,0.11072408640912358,0.14810444317347093,0.15081542872989157,1.0177049213825993,0.0,0.23511122834900403,0.0,0.0,0.0,0.0
wind3,CurrentOnly-AE-CeNN-494,3252,0.12948648757426093,0.16723781561456366,0.17430377639691283,1.2016913498781665,0.0,0.2542023603922668,0.0,0.0,0.0,0.0
wind3,CurrentOnly-AE-CeNN-494,3253,0.11969043109690362,0.15776620788024373,0.1628179614359168,1.102547260076914,0.0,0.23622328005353438,0.0,0.0,0.0,0.0
wind3,CurrentOnly-AE-CeNN-494,3254,0.1248873135153676,0.15182085248307062,0.1531531129034634,1.173247218535848,0.0,0.24467006026243926,0.0,0.0,0.0,0.0
wind3,CurrentOnly-AE-CeNN-494,3255,0.12485454932357619,0.15082526495835558,0.15225670491793494,1.2818482785641654,0.0,0.24298883813534017,0.0,0.0,0.0,0.0
wind3,CurrentOnly-AE-CeNN-494,3256,0.11162058331916881,0.14930777705721934,0.15381745825040086,0.7869260924230358,0.0,0.246301274947649,0.0,0.0,0.0,0.0
wind3,CurrentOnly-AE-CeNN-494,3257,0.1529282196213317,0.1836909134508034,0.1915413140113432,1.0638323904441995,0.0,0.21543306323443603,0.0,0.0,0.0,0.0
wind3,CurrentOnly-AE-CeNN-494,3258,0.11405494749441653,0.1434931306411724,0.14656944803056512,1.0778196756664769,0.0,0.28311311932179695,0.0,0.0,0.0,0.0
wind3,CurrentOnly-AE-CeNN-494,3259,0.11560610369949881,0.13727325152141925,0.14174804653022138,0.9406900445271362,0.0,0.2640625376467724,0.0,0.0,0.0,0.0
wind3,CurrentOnly-AE-CeNN-494,3260,0.12845692834185618,0.1464187386118972,0.14853099720545815,1.2561992611330395,0.0,0.24423786872612202,0.0,0.0,0.0,0.0
wind3,CurrentOnly-AE-CeNN-494,3261,0.0914250148210855,0.10892151974015,0.11212127178878911,0.8724878401017824,0.0,0.27294133958582706,0.0,0.0,0.0,0.0
wind3,CurrentOnly-AE-CeNN-494,3262,0.11987259421489684,0.15369360200884116,0.1610954626592079,0.9248983326042585,0.0,0.24517784500987758,0.0,0.0,0.0,0.0
wind3,CurrentOnly-AE-CeNN-494,3263,0.12191069619681419,0.1529020824738747,0.15663947979251822,1.053931113232011,0.0,0.2554391981143012,0.0,0.0,0.0,0.0
wind3,CurrentOnly-AE-CeNN-494,3264,0.12722914256512308,0.1645704295775007,0.16738473459520029,1.0063193432803033,0.0,0.23232971888209683,0.0,0.0,0.0,0.0
wind3,CurrentOnly-AE-CeNN-494,3265,0.11414784169261616,0.13781123886706798,0.14058300197810786,0.8609127404533491,0.0,0.29330425480300687,0.0,0.0,0.0,0.0
wind3,CurrentOnly-AE-CeNN-494,3266,0.12283336350391572,0.1643247372579945,0.1688919375558044,0.9579801598653609,0.0,0.24206893658957276,0.0,0.0,0.0,0.0
wind3,CurrentOnly-AE-CeNN-494,3267,0.1265839567488179,0.16439696981890978,0.16542080908669587,1.0405270513744063,0.0,0.235683240072772,0.0,0.0,0.0,0.0
wind3,CurrentOnly-AE-CeNN-494,3268,0.13982629808557337,0.17691388070859,0.18120992060872856,0.9247234815286394,0.0,0.23041978425610607,0.0,0.0,0.0,0.0
wind3,CurrentOnly-AE-CeNN-494,3269,0.09823972419129764,0.1135579486341947,0.11441064839265876,0.9361979291245557,0.0,0.28869009937600354,0.0,0.0,0.0,0.0
wind3,CurrentOnly-AE-CeNN-494,3270,0.11278406801345381,0.1418469697789621,0.14362330638221152,1.0409647091483116,0.0,0.2470711060369249,0.0,0.0,0.0,0.0
wind3,CurrentOnly-AE-CeNN-494,3271,0.11942751204778691,0.15896006259236908,0.1691687926026774,1.1517786293845365,0.0,0.2631850672453256,0.0,0.0,0.0,0.0
wind3,CurrentOnly-AE-CeNN-494,3272,0.123839797142436,0.1489654488105102,0.15396004449529632,1.2393910546673088,0.0,0.25212433807066337,0.0,0.0,0.0,0.0
wind3,CurrentOnly-AE-CeNN-494,3273,0.10469987546204199,0.13940204700582073,0.14565709985303596,1.1579856168662668,0.0,0.27762233067215775,0.0,0.0,0.0,0.0
wind3,CurrentOnly-AE-CeNN-494,3274,0.11721168585512505,0.1532068357346801,0.16184902478606106,0.9731788056027525,0.0,0.2687938833973732,0.0,0.0,0.0,0.0
wind3,CurrentOnly-AE-CeNN-494,3275,0.12319726483381477,0.17620078398326386,0.1849425060277899,0.9412245380885899,0.0,0.2564347098901672,0.0,0.0,0.0,0.0
wind3,CurrentOnly-AE-CeNN-494,3276,0.12113648473494126,0.1487828735037011,0.15072380926088816,1.1587123604750245,0.0,0.2700418663259992,0.0,0.0,0.0,0.0
wind3,CurrentOnly-AE-CeNN-494,3277,0.11575122997454236,0.13205348353314447,0.13537614708177415,1.0504212845306398,0.0,0.2620766364754418,0.0,0.0,0.0,0.0
wind3,CurrentOnly-AE-CeNN-494,3278,0.11720025972035035,0.15272663221859578,0.1583717574559168,1.0261448415451628,0.0,0.26239981339160096,0.0,0.0,0.0,0.0
wind3,CurrentOnly-AE-CeNN-494,3279,0.10956808323560457,0.1351398096585619,0.14701755190850926,1.0790784982555912,0.0,0.2588648657153841,0.0,0.0,0.0,0.0
wind3,CurrentOnly-AE-CeNN-494,3280,0.11677575958390045,0.14573735637304241,0.1483438814825688,1.2119704436464696,0.0,0.25686903419249146,0.0,0.0,0.0,0.0
wind3,CurrentOnly-AE-CeNN-494,3281,0.1267995243881517,0.1778980529903064,0.18127272812451087,1.1864263353389324,0.0,0.22516243508983314,0.0,0.0,0.0,0.0
wind3,CurrentOnly-AE-CeNN-494,3282,0.11985839228868526,0.1517449269455099,0.15361095427895322,1.2065071441540205,0.0,0.25221513103164195,0.0,0.0,0.0,0.0
wind3,CurrentOnly-AE-CeNN-494,3283,0.1189834783633304,0.15578122629081376,0.16412648105400673,1.2316947785935102,0.0,0.24466466651370217,0.0,0.0,0.0,0.0
wind3,CurrentOnly-AE-CeNN-494,3284,0.11158750718371195,0.145013978828325,0.14646112428292063,0.9896212584538502,0.0,0.23077979974178606,0.0,0.0,0.0,0.0
wind3,CurrentOnly-AE-CeNN-494,3285,0.14570890455039456,0.18414028289591036,0.1865249003810663,1.3846780565387538,0.0,0.23446915053289427,0.0,0.0,0.0,0.0
wind3,CurrentOnly-AE-CeNN-494,3286,0.11809888197858324,0.17778516035841824,0.18402334779378274,1.2830364573235016,0.0,0.2731253639630474,0.0,0.0,0.0,0.0
wind3,CurrentOnly-AE-CeNN-494,3287,0.1135119260709011,0.16339908203730413,0.1754473870365445,1.221846319950933,0.0,0.2756029176945032,0.0,0.0,0.0,0.0
wind3,CurrentOnly-AE-CeNN-494,3288,0.12754596993818693,0.15646350590928657,0.1634867441628203,1.1377635913653688,0.0,0.27381158550784457,0.0,0.0,0.0,0.0
wind3,CurrentOnly-AE-CeNN-494,3289,0.11029823103572502,0.1374479773387554,0.14141222170089532,0.8706217750124615,0.0,0.2911659062821549,0.0,0.0,0.0,0.0
wind3,CurrentOnly-AE-CeNN-494,3290,0.12487696564667998,0.16022935010903622,0.16520774282864112,1.0723842582817606,0.0,0.22652581207892042,0.0,0.0,0.0,0.0
wind3,CurrentOnly-AE-CeNN-494,3291,0.11808174059240366,0.1415352975477396,0.14484871436044797,0.967487383400565,0.0,0.2647720959994695,0.0,0.0,0.0,0.0
wind3,CurrentOnly-AE-CeNN-494,3292,0.12051480482359674,0.17387885164553368,0.18348708506410788,0.9898089773221858,0.0,0.2551522379425002,0.0,0.0,0.0,0.0
wind3,CurrentOnly-AE-CeNN-494,3293,0.11108502234215933,0.13279350867038237,0.13817874268765892,0.9907951876013064,0.0,0.24041633906896612,0.0,0.0,0.0,0.0
wind3,CurrentOnly-AE-CeNN-494,3294,0.13373029915719023,0.1584812750974365,0.1614102185223909,1.3171297743806145,0.0,0.26526518590056075,0.0,0.0,0.0,0.0
wind3,CurrentOnly-AE-CeNN-494,3295,0.11578577119665322,0.14480264090488676,0.15040807046296617,1.0039715989826439,0.0,0.2641603910228873,0.0,0.0,0.0,0.0
wind3,CurrentOnly-AE-CeNN-494,3296,0.11747164559477553,0.14753641896939487,0.17022715026898075,1.0148796885817892,0.0,0.2483087055161427,0.0,0.0,0.0,0.0
wind3,CurrentOnly-AE-CeNN-494,3297,0.12394281316926156,0.16205648093568115,0.16912707715448264,1.259460673542768,0.0,0.2558445779648564,0.0,0.0,0.0,0.0
wind3,CurrentOnly-AE-CeNN-494,3298,0.10537757815074507,0.12373200914150027,0.1288430222678802,1.0942790062060688,0.0,0.2736385881699521,0.0,0.0,0.0,0.0
wind3,CurrentOnly-AE-CeNN-494,3299,0.10912166451753562,0.14426049926444115,0.145738968212828,0.8953902405304105,0.0,0.2948022497172858,0.0,0.0,0.0,0.0
wind3,AlwaysOpen-HistorySide,3200,0.1272698357997522,0.15682930346764312,0.16470245473431305,1.187889112327973,0.0,0.2619564826116126,0.16106873061228782,0.16276245474193174,1.0,1.0
wind3,AlwaysOpen-HistorySide,3201,0.09955934625472611,0.12380536941899893,0.12802715622250113,1.12741803509866,0.0,0.26591426279355657,0.16308038847970877,0.16485748825068003,1.0,1.0
wind3,AlwaysOpen-HistorySide,3202,0.13866574699410683,0.18333945636932764,0.19797696765543144,1.3463711600093637,0.0,0.24332012331378194,0.16237209414524859,0.16460406743902437,1.0,1.0
wind3,AlwaysOpen-HistorySide,3203,0.1225470830736395,0.1505678918651079,0.1521895385406043,0.9363014961354716,0.0,0.25058387608095845,0.1612300865984097,0.1631331033897352,1.0,1.0
wind3,AlwaysOpen-HistorySide,3204,0.11591649369513436,0.15512756892500756,0.167243834396019,1.119534678265596,0.0,0.27230927144434736,0.16192531645695984,0.16409320511418754,1.0,1.0
wind3,AlwaysOpen-HistorySide,3205,0.12130134549603343,0.16539181665045233,0.16722913981777246,1.0227220655264606,0.0,0.24721531330494403,0.1623618573147044,0.16423905635736993,1.0,1.0
wind3,AlwaysOpen-HistorySide,3206,0.14799088684588688,0.1870138196214819,0.19248179285164196,1.3476134034019707,0.0,0.23256151251395757,0.1625082607118637,0.16431934761494463,1.0,1.0
wind3,AlwaysOpen-HistorySide,3207,0.11452332392367259,0.1388567229787269,0.14762782218837567,0.8146419307445081,0.0,0.24430639734224027,0.1622923107473479,0.16428163984561414,1.0,1.0
wind3,AlwaysOpen-HistorySide,3208,0.09976767856038912,0.12558119191972178,0.12921678401745226,1.088009789020607,0.0,0.2849882538216808,0.16185841554985492,0.16361808495670196,1.0,1.0
wind3,AlwaysOpen-HistorySide,3209,0.1378475028079908,0.1730745298998797,0.18140990540393997,1.1277534380507133,0.0,0.2394992915934088,0.16210259483214468,0.16408034767743157,1.0,1.0
wind3,AlwaysOpen-HistorySide,3210,0.12119101902611513,0.16129716282083775,0.16963360510649322,1.1835055814134368,0.0,0.25603586764627995,0.1616933000194056,0.16396665189283285,1.0,1.0
wind3,AlwaysOpen-HistorySide,3211,0.10079909954769513,0.12115576862367058,0.12501081236690395,1.1581685697486883,0.0,0.2706939118728535,0.16195391029221903,0.1637575759026232,1.0,1.0
wind3,AlwaysOpen-HistorySide,3212,0.1196409961165092,0.17130646915637973,0.17779530131138238,0.8988195831509836,0.0,0.2509539275075841,0.16203384837870247,0.16399568276313928,1.0,1.0
wind3,AlwaysOpen-HistorySide,3213,0.13175391262268904,0.16952213204003763,0.17647724247955696,1.0906182530397521,0.0,0.27440115972894236,0.16109471495063057,0.16263969351189506,1.0,1.0
wind3,AlwaysOpen-HistorySide,3214,0.11159752673409892,0.14091854232105094,0.14341174072476123,1.1856236353250202,0.0,0.24048262808391258,0.1622081029547432,0.16508111068019038,1.0,1.0
wind3,AlwaysOpen-HistorySide,3215,0.11699319267660797,0.14624835614098297,0.15077139476640267,1.1255481691341085,0.0,0.2544568207559039,0.1619550286006165,0.16357332606699018,1.0,1.0
wind3,AlwaysOpen-HistorySide,3216,0.12035686599953663,0.14490254572977174,0.1703771887305844,1.0538380871363346,0.0,0.26055740843844016,0.1627208369327446,0.16468096499365203,1.0,1.0
wind3,AlwaysOpen-HistorySide,3217,0.1109640494444751,0.13219843540859838,0.1373821249870155,1.0281004767965094,0.0,0.26555421901405074,0.1619801761059206,0.16385691090509105,1.0,1.0
wind3,AlwaysOpen-HistorySide,3218,0.12891633410857836,0.16214185311928372,0.1691391845016467,0.9972825655442257,0.0,0.26311345232879796,0.161965578097576,0.16390985851682077,1.0,1.0
wind3,AlwaysOpen-HistorySide,3219,0.11021050356053601,0.13553705552218256,0.13789825208458018,1.2492603705087777,0.0,0.25870006253224126,0.16306436410349368,0.16492061195308252,1.0,1.0
wind3,AlwaysOpen-HistorySide,3220,0.12140283195030036,0.14816653269391805,0.14961319120304511,0.9727254760305625,0.0,0.24774718634876994,0.1626047037430705,0.16468289618697338,1.0,1.0
wind3,AlwaysOpen-HistorySide,3221,0.12130029676949844,0.14502565349265248,0.14724549903977208,1.2231068195860144,0.0,0.23982057459563114,0.16362012381383756,0.16518135836669792,1.0,1.0
wind3,AlwaysOpen-HistorySide,3222,0.09755823986988026,0.1368885753481684,0.14388085779602222,1.120168764811865,0.0,0.2578838941879267,0.16169935981820877,0.1634502940853012,1.0,1.0
wind3,AlwaysOpen-HistorySide,3223,0.10083032327688006,0.14681101084582274,0.15048472534352048,1.0313243009373956,0.0,0.26849546988350936,0.16241644572494074,0.16397082886764128,1.0,1.0
wind3,AlwaysOpen-HistorySide,3224,0.1301909252620161,0.19434730161025235,0.19636189366556459,0.8970467899438793,0.0,0.21719208251741529,0.16168385040352262,0.16421670562725432,1.0,1.0
wind3,AlwaysOpen-HistorySide,3225,0.11119462695511075,0.1484589252768841,0.15705969034165232,0.9817418697676745,0.0,0.2728975685373382,0.16097168300353862,0.16264230762258275,1.0,1.0
wind3,AlwaysOpen-HistorySide,3226,0.12817716590599448,0.16218421346765088,0.1711761495165111,1.1234783944121056,0.0,0.2273276957273603,0.16078954915319466,0.16242904258639448,1.0,1.0
wind3,AlwaysOpen-HistorySide,3227,0.12486727629927606,0.14509242033851066,0.15006126519778076,1.2335559597415495,0.0,0.2663682103949997,0.1629029730026741,0.16464730937787125,1.0,1.0
wind3,AlwaysOpen-HistorySide,3228,0.1292679941423305,0.15255880580044354,0.16508387811566635,0.949596988523301,0.0,0.26817851019049926,0.16178237863451722,0.16349299788258026,1.0,1.0
wind3,AlwaysOpen-HistorySide,3229,0.11381301889502568,0.1382507454465605,0.1436659036838896,1.3093128336256328,0.0,0.2562874548188581,0.16264653536468823,0.16439972742156836,1.0,1.0
wind3,AlwaysOpen-HistorySide,3230,0.12597719610363117,0.15708573291497752,0.16231502139144866,1.1626641454575974,0.0,0.25137336402673505,0.16244275292151586,0.1646771548025457,1.0,1.0
wind3,AlwaysOpen-HistorySide,3231,0.11031872562886061,0.14254754563765815,0.1454677909049164,1.0850529015653398,0.0,0.22057230386197885,0.16179039046366275,0.16422491537140543,1.0,1.0
wind3,AlwaysOpen-HistorySide,3232,0.10232345762121152,0.12933559985603976,0.13162463080627682,0.8770991657740422,0.0,0.26190213530761197,0.16147866212443865,0.16322326089079472,1.0,1.0
wind3,AlwaysOpen-HistorySide,3233,0.10722850070141168,0.1431096728177256,0.15171706817890104,1.066944591292898,0.0,0.2578715606653881,0.16175121649962731,0.16382876842473298,1.0,1.0
wind3,AlwaysOpen-HistorySide,3234,0.12908325478198363,0.1643922048732002,0.17219856867035996,1.215738362641719,0.0,0.2490863775439377,0.16258531526544562,0.16434042969796117,1.0,1.0
wind3,AlwaysOpen-HistorySide,3235,0.1266414656059039,0.17517012068075724,0.1871376475416704,1.1617364687400522,0.0,0.2624845912889987,0.1622169867589783,0.1642273765835107,1.0,1.0
wind3,AlwaysOpen-HistorySide,3236,0.10856967485367301,0.1644958660922403,0.17767463808915096,0.9067120607019541,0.0,0.2517140015308484,0.16261465962119914,0.16486098677074312,1.0,1.0
wind3,AlwaysOpen-HistorySide,3237,0.10490460450221345,0.1402204669817998,0.14499515154577947,0.8352025249227818,0.0,0.2931099067108511,0.161780635282258,0.16382886358316243,1.0,1.0
wind3,AlwaysOpen-HistorySide,3238,0.12905032622469806,0.15910799744386292,0.16777872855532872,1.2474670405757493,0.0,0.2744015508847774,0.16167473601533028,0.16328109389227757,1.0,1.0
wind3,AlwaysOpen-HistorySide,3239,0.1260252301552469,0.14671974313349276,0.1523502980744225,1.2229165394870634,0.0,0.24405559970165808,0.16261085473301537,0.1645089928808941,1.0,1.0
wind3,AlwaysOpen-HistorySide,3240,0.12410964401396385,0.16139385880684284,0.16263183774910572,1.009269192036312,0.0,0.2687115350210946,0.1611428629421193,0.16278546366226423,1.0,1.0
wind3,AlwaysOpen-HistorySide,3241,0.10956645975016698,0.126766580560223,0.12861230821488032,1.0492857884466744,0.0,0.267319116088437,0.16089905148023828,0.16237282359695385,1.0,1.0
wind3,AlwaysOpen-HistorySide,3242,0.14798986515412077,0.170897099557358,0.1764270493574013,1.2287669773673546,0.0,0.2314189593309579,0.16175041362533998,0.164287153699246,1.0,1.0
wind3,AlwaysOpen-HistorySide,3243,0.11386190626153721,0.13406349564231218,0.13791642519379976,1.0162204619806083,0.0,0.2770260582880297,0.16170508128125702,0.16380175759701374,1.0,1.0
wind3,AlwaysOpen-HistorySide,3244,0.13788768520076347,0.1812711986013313,0.18547672310032876,1.16906322422088,0.0,0.24205283039465597,0.16239532172984503,0.16423964131139057,1.0,1.0
wind3,AlwaysOpen-HistorySide,3245,0.1235925929071227,0.17418714378619066,0.17890896124149433,1.1247530943239321,0.0,0.24117110844668135,0.16134860860293368,0.1633204642206853,1.0,1.0
wind3,AlwaysOpen-HistorySide,3246,0.12723042512574737,0.15507569524828568,0.16365527862502957,1.0292906492454552,0.0,0.259294414802027,0.16246509384088903,0.16438416929258876,1.0,1.0
wind3,AlwaysOpen-HistorySide,3247,0.1135412683908998,0.1663697625246151,0.1731929882580425,1.046069287822604,0.0,0.24545255830555326,0.16246120725532548,0.1641228244606954,1.0,1.0
wind3,AlwaysOpen-HistorySide,3248,0.12290350334925153,0.19946591490946602,0.21011138072537516,0.9899466086941235,0.0,0.2795680240663984,0.1614939724879478,0.16299478594700553,1.0,1.0
wind3,AlwaysOpen-HistorySide,3249,0.10621232009619083,0.13308942944597513,0.13488793079395542,1.0009992602382425,0.0,0.23087520347710774,0.16178964771820642,0.16380178232560438,1.0,1.0
wind3,AlwaysOpen-HistorySide,3250,0.13258706631748265,0.15857448291998907,0.1608214367599455,1.3399649777044678,0.0,0.2851329118124912,0.1621665850179175,0.16373311629270423,1.0,1.0
wind3,AlwaysOpen-HistorySide,3251,0.10997098341761212,0.1477274001631793,0.15044226284566456,1.0174169198359433,0.0,0.23881399596353095,0.16292274631571255,0.16463545598108945,1.0,1.0
wind3,AlwaysOpen-HistorySide,3252,0.12884599495066493,0.1663071630514307,0.1733503781446811,1.2012802109022402,0.0,0.2566560016558769,0.16157173770328712,0.16373881103136526,1.0,1.0
wind3,AlwaysOpen-HistorySide,3253,0.11903657393003811,0.1575134454497706,0.16258024353476705,1.102342593899754,0.0,0.2395820336885939,0.16242533505540727,0.1644361419322707,1.0,1.0
wind3,AlwaysOpen-HistorySide,3254,0.12449357976931034,0.15138288106862174,0.15262995955848124,1.173028913305984,0.0,0.24668570960053357,0.1629490880011785,0.16469954015711832,1.0,1.0
wind3,AlwaysOpen-HistorySide,3255,0.12454210796219689,0.15039091390837375,0.15181845704607974,1.2816175896101942,0.0,0.24462876269011277,0.1616828333277439,0.16349892558680443,1.0,1.0
wind3,AlwaysOpen-HistorySide,3256,0.11081648812778952,0.14884785505007844,0.15337351540909683,0.7868681837648398,0.0,0.2502896350155583,0.16201356134190092,0.16391658816005608,1.0,1.0
wind3,AlwaysOpen-HistorySide,3257,0.1523630509259772,0.18358237449749906,0.19142037004854726,1.063815348439115,0.0,0.21817791386683938,0.16202158064427433,0.16443382986239505,1.0,1.0
wind3,AlwaysOpen-HistorySide,3258,0.11326969199662372,0.14260688511604172,0.14632297910550132,1.0774016939660787,0.0,0.2865274191928097,0.16238456829717077,0.1639440626614708,1.0,1.0
wind3,AlwaysOpen-HistorySide,3259,0.11497826869951384,0.13684617762128284,0.14133356593249355,0.9406057991435847,0.0,0.26719168722443043,0.16125985275576404,0.16332934751048914,1.0,1.0
wind3,AlwaysOpen-HistorySide,3260,0.12800999207821012,0.1458710507267623,0.14797053470132615,1.2560094354606661,0.0,0.24650969269149212,0.16196062341369616,0.16413373714112786,1.0,1.0
wind3,AlwaysOpen-HistorySide,3261,0.0906676342603053,0.10803058122737029,0.11145706457490946,0.8721291619763222,0.0,0.2765864276061876,0.16209185309640492,0.16400033566406097,1.0,1.0
wind3,AlwaysOpen-HistorySide,3262,0.11927938406609513,0.15282296729905223,0.16022326328851805,0.9248179493383172,0.0,0.2475030770106871,0.16150549258443558,0.16359550783121415,1.0,1.0
wind3,AlwaysOpen-HistorySide,3263,0.12140377813015012,0.15210217897155393,0.15584249894820545,1.0537890807891093,0.0,0.2578697143826445,0.16148458581103942,0.16327385661029217,1.0,1.0
wind3,AlwaysOpen-HistorySide,3264,0.12663830757152586,0.16369054422307794,0.16649101944313546,1.0061323198337906,0.0,0.2341425854425063,0.1605413570699805,0.1618803599755649,1.0,1.0
wind3,AlwaysOpen-HistorySide,3265,0.11326265320742399,0.13687061332869263,0.13967919999996734,0.8605737663556651,0.0,0.2970100547972453,0.16176381600757667,0.1636291733507049,1.0,1.0
wind3,AlwaysOpen-HistorySide,3266,0.12236345111157286,0.16357863143058415,0.16814852996928087,0.9577499108507662,0.0,0.2437435694490194,0.1613118190039406,0.16322959892469446,1.0,1.0
wind3,AlwaysOpen-HistorySide,3267,0.12594060933189818,0.1636615678887928,0.16469407030640895,1.0401971233147926,0.0,0.23813601077164673,0.161620872583661,0.16372742698261875,1.0,1.0
wind3,AlwaysOpen-HistorySide,3268,0.13910224637175317,0.17611239216448488,0.18046183895056608,0.9247022584006351,0.0,0.23345143816745714,0.16078598992008303,0.16240149758690348,1.0,1.0
wind3,AlwaysOpen-HistorySide,3269,0.09755363691917719,0.11262135600206706,0.11345856005819166,0.9359625311868964,0.0,0.2919252922301202,0.16141090164442953,0.16292700321026338,1.0,1.0
wind3,AlwaysOpen-HistorySide,3270,0.11203159738403798,0.1410826087844636,0.14290918387442703,1.040655897468887,0.0,0.2504055390434632,0.16196380191707085,0.16442518069392445,1.0,1.0
wind3,AlwaysOpen-HistorySide,3271,0.1186723323000622,0.15830857710507817,0.16861425273339944,1.1513412964554597,0.0,0.26720397022209813,0.1624147614829599,0.16414644291414057,1.0,1.0
wind3,AlwaysOpen-HistorySide,3272,0.12352789540542268,0.14866528386032754,0.1535855783034311,1.2392898284998195,0.0,0.2536929474448737,0.16267267760553575,0.16448130278682338,1.0,1.0
wind3,AlwaysOpen-HistorySide,3273,0.10410891271138611,0.13937058412926395,0.1455734060194737,1.1574692735323815,0.0,0.2803901428368031,0.16210068498922564,0.16381099582171793,1.0,1.0
wind3,AlwaysOpen-HistorySide,3274,0.1165015873722225,0.1523022264230261,0.16103641703429974,0.9729131116039607,0.0,0.27253237087664556,0.16216455196618293,0.16400060718528647,1.0,1.0
wind3,AlwaysOpen-HistorySide,3275,0.12210188205900764,0.17505406192277084,0.18388691683490616,0.940985146556779,0.0,0.26109041839342556,0.1613075859907487,0.1627955419614281,1.0,1.0
wind3,AlwaysOpen-HistorySide,3276,0.12033168837191624,0.14798660554035672,0.15023415606108126,1.1584534503303294,0.0,0.2731697898442442,0.1613575018435378,0.16271184216681286,1.0,1.0
wind3,AlwaysOpen-HistorySide,3277,0.11539240796753841,0.13175155492800558,0.1350904743280813,1.050197134264977,0.0,0.2635557929593178,0.16216932336516224,0.16381673013820236,1.0,1.0
wind3,AlwaysOpen-HistorySide,3278,0.11656449728371751,0.15152230556880175,0.15725203159977144,1.0258283490877882,0.0,0.26567782803751205,0.1616186631109212,0.1638513831278908,1.0,1.0
wind3,AlwaysOpen-HistorySide,3279,0.1092241057668491,0.134771106941127,0.1465640999855633,1.0786592610634034,0.0,0.26028537667079144,0.16176422423533074,0.1633941322802659,1.0,1.0
wind3,AlwaysOpen-HistorySide,3280,0.11608044542934012,0.14539422606057514,0.14804395140333526,1.2115282066206712,0.0,0.25946754199830985,0.1615843881202869,0.16310945110844516,1.0,1.0
wind3,AlwaysOpen-HistorySide,3281,0.12652532744187825,0.17781194829491925,0.18127208000315967,1.1863205816296636,0.0,0.22676988838707207,0.16187279470553373,0.1641077316695855,1.0,1.0
wind3,AlwaysOpen-HistorySide,3282,0.11944319529117284,0.15148751922873593,0.1533974953182324,1.2063889968010764,0.0,0.2545451781246721,0.16236856567098337,0.16494615124725262,1.0,1.0
wind3,AlwaysOpen-HistorySide,3283,0.11839190553058053,0.15509671870100317,0.16336788008141087,1.2314769030877744,0.0,0.24754565816313404,0.16188364124709057,0.16448392728344902,1.0,1.0
wind3,AlwaysOpen-HistorySide,3284,0.11092504049294552,0.14440639267707417,0.14635473722072612,0.9894261514800078,0.0,0.23323939108410974,0.16179313178938345,0.16349550830766882,1.0,1.0
wind3,AlwaysOpen-HistorySide,3285,0.1450192193522617,0.1836315841134522,0.18583749325960625,1.3844619415645922,0.0,0.23717274212882897,0.16214016189376412,0.16480266856494957,1.0,1.0
wind3,AlwaysOpen-HistorySide,3286,0.11747657307869856,0.17753287276688035,0.18369875048593648,1.2827200753408674,0.0,0.27610098161555174,0.1624269426533822,0.16404570734404633,1.0,1.0
wind3,AlwaysOpen-HistorySide,3287,0.11288317918773426,0.16298801210913524,0.1749679999843955,1.221478826547429,0.0,0.2782689956139788,0.16180875767110908,0.16335575843545957,1.0,1.0
wind3,AlwaysOpen-HistorySide,3288,0.12689052815201324,0.15626885969985607,0.16325419475397698,1.1375764888551076,0.0,0.27642469937442576,0.1622132076460095,0.16410333127294824,1.0,1.0
wind3,AlwaysOpen-HistorySide,3289,0.10951943620450601,0.13652374140223086,0.14046852592982526,0.8701038030522216,0.0,0.29459208109159024,0.16198989897671223,0.1639673176334354,1.0,1.0
wind3,AlwaysOpen-HistorySide,3290,0.12421062816262197,0.15935792944717408,0.16428810260809046,1.0720615220025047,0.0,0.2294935317433245,0.1621818385107872,0.16490057790531026,1.0,1.0
wind3,AlwaysOpen-HistorySide,3291,0.1171669919856932,0.14114994652433854,0.1444590773905407,0.9671330843105685,0.0,0.2689320323217676,0.16268409585192148,0.16446258733028066,1.0,1.0
wind3,AlwaysOpen-HistorySide,3292,0.11974212947161819,0.1731051874542117,0.1827008018597696,0.9894174775376644,0.0,0.25877345377936484,0.16189149624239685,0.16406038587392566,1.0,1.0
wind3,AlwaysOpen-HistorySide,3293,0.11058576184014708,0.13251599136261188,0.1378910451317255,0.9906595973417204,0.0,0.24289790038767745,0.16244582137630256,0.16412892021372466,1.0,1.0
wind3,AlwaysOpen-HistorySide,3294,0.13284500892714132,0.15753379026474731,0.16049620351763885,1.3168264460228751,0.0,0.26882193501933727,0.1612740302473411,0.1633406265832382,1.0,1.0
wind3,AlwaysOpen-HistorySide,3295,0.1148871245916049,0.14454070659266247,0.15007059319039717,1.0035123783023512,0.0,0.2679833178225899,0.1616637249928688,0.16377098650388663,1.0,1.0
wind3,AlwaysOpen-HistorySide,3296,0.11702517984911369,0.14721597197184605,0.16999084738547748,1.0146161046723419,0.0,0.2507001608512524,0.16187487102990183,0.1645300672532768,1.0,1.0
wind3,AlwaysOpen-HistorySide,3297,0.12362190697417252,0.16180433885458953,0.1688171656124783,1.259413771155012,0.0,0.25780318854696854,0.16161091620423634,0.16340741256383828,1.0,1.0
wind3,AlwaysOpen-HistorySide,3298,0.1049202578364164,0.1232304515060604,0.12830557892406538,1.0941023075687535,0.0,0.27614300159441735,0.1615901102266161,0.16321608296870674,1.0,1.0
wind3,AlwaysOpen-HistorySide,3299,0.10826555992297425,0.14302726146850284,0.14465899304802604,0.8951790463667226,0.0,0.29859171433378173,0.1619760816843458,0.16371037808980796,1.0,1.0
wind3,EventDetected-GatedHistory,3200,0.12726971588781746,0.15682940968280448,0.16470205692788145,1.1878894389478902,0.0,0.261956519515224,0.1610687295242235,0.16276245474283588,0.9999999999999065,0.9999999999999065
wind3,EventDetected-GatedHistory,3201,0.09955945623412363,0.1238056633476368,0.1280272381177705,1.127416890125616,0.0,0.26591414576368,0.16308038724405036,0.16485748825067248,0.9999999999999065,0.9999999999999065
wind3,EventDetected-GatedHistory,3202,0.13866582210430248,0.18333945639325874,0.19797696756124153,1.3463689422090679,0.0,0.24331995708781282,0.16237209107488765,0.16460406742940847,0.9999999999999065,0.9999999999999065
wind3,EventDetected-GatedHistory,3203,0.12254708263521336,0.15056789186351677,0.15218953853869646,0.9363014990610277,0.0,0.2505838763389537,0.16123008659440763,0.16313310333491515,0.9999999999999065,0.9999999999999065
wind3,EventDetected-GatedHistory,3204,0.11591648024841372,0.15512756886485907,0.16724383433605472,1.1195343185043052,0.0,0.2723093033143269,0.16192531521789463,0.1640932030525338,0.9999999999999065,0.9999999999999065
wind3,EventDetected-GatedHistory,3205,0.12130134555747075,0.16539181731075747,0.16722913933889652,1.0227220572201317,0.0,0.24721531285541593,0.16236185730311642,0.16423905634239128,0.9999999999999065,0.9999999999999065
wind3,EventDetected-GatedHistory,3206,0.14799085736738385,0.18701381962454372,0.19248179284028546,1.3476133911800088,0.0,0.23256157355200374,0.16250825951597606,0.1643193476150537,0.9999999999999065,0.9999999999999065
wind3,EventDetected-GatedHistory,3207,0.11452334497646517,0.13885672297878265,0.1476278221883753,0.8146417191028867,0.0,0.24430638526904208,0.16229231047039228,0.16428163984562158,0.9999999999999065,0.9999999999999065
wind3,EventDetected-GatedHistory,3208,0.09976765108046509,0.1255811919197284,0.1292167840174539,1.0880098724912675,0.0,0.28498827203115334,0.16185841514356514,0.16361808502849548,0.9999999999999065,0.9999999999999065
wind3,EventDetected-GatedHistory,3209,0.13784750281564864,0.17307452989995026,0.18140990540403762,1.127753437954981,0.0,0.23949929158510344,0.16210259483196982,0.16408034767741628,0.9999999999999065,0.9999999999999065
wind3,EventDetected-GatedHistory,3210,0.12119085432721621,0.16129716282080903,0.16963360510646214,1.1835067746236154,0.0,0.2560360081577844,0.16169329823385248,0.16396665189281984,0.9999999999999065,0.9999999999999065
wind3,EventDetected-GatedHistory,3211,0.10079907877096013,0.12115576451624549,0.1250107699455264,1.1581684488800745,0.0,0.27069391346152855,0.16195390989317485,0.163757575900512,0.9999999999820823,0.9999999999999065
wind3,EventDetected-GatedHistory,3212,0.11964135025689338,0.17130646915444053,0.17779530131787485,0.8988157599791313,0.0,0.2509535818865067,0.1620338448225937,0.16399568113689952,0.9999999999999046,0.9999999999999065
wind3,EventDetected-GatedHistory,3213,0.13175391208753615,0.1695221320076302,0.17647724243874338,1.0906182557052408,0.0,0.2744011607728737,0.16109471492620364,0.16263969351188282,0.9999999999999065,0.9999999999999065
wind3,EventDetected-GatedHistory,3214,0.11159760698824771,0.14091859097628354,0.14341174129413842,1.185622907078675,0.0,0.24048257292094616,0.1622081024607734,0.16508111071150733,0.9999999999999065,0.9999999999999065
wind3,EventDetected-GatedHistory,3215,0.11699306967340002,0.14624835614194315,0.15077152584872722,1.1255492386366843,0.0,0.2544569237531515,0.16195502784571184,0.1635733260669809,0.9999999999999027,0.9999999999999065
wind3,EventDetected-GatedHistory,3216,0.12035684221794807,0.1449023317223155,0.1703771887305601,1.0538372487998322,0.0,0.26055738801102973,0.16272083458402758,0.1646809650944475,0.9999999999999065,0.9999999999999065
wind3,EventDetected-GatedHistory,3217,0.11096371462508145,0.13219843513613513,0.13738212498709484,1.028103046372806,0.0,0.26555440719821455,0.16198017368071538,0.16385691090507104,0.9999999999999065,0.9999999999999065
wind3,EventDetected-GatedHistory,3218,0.1289163340539142,0.16214185311928403,0.16913918450720747,0.997282565344853,0.0,0.26311345238658246,0.1619655780951785,0.16390985851680545,0.9999999999999065,0.9999999999999065
wind3,EventDetected-GatedHistory,3219,0.11021053197787085,0.1355370805134183,0.13789842156255547,1.249260088827267,0.0,0.2587000386663297,0.1630643639140118,0.1649206117365122,0.9999999999999065,0.9999999999999065
wind3,EventDetected-GatedHistory,3220,0.12140298900105752,0.14816653572261,0.14961319180140784,0.972723569891905,0.0,0.24774703698717826,0.16260470180515343,0.1646828961866537,0.9999999999999065,0.9999999999999065
wind3,EventDetected-GatedHistory,3221,0.12130031835426179,0.14502565349057378,0.14724549903977105,1.223106583002316,0.0,0.23982054954466842,0.16362012361028555,0.1651813583667404,0.9999999999999065,0.9999999999999065
wind3,EventDetected-GatedHistory,3222,0.0975586097654206,0.13688857677986535,0.14388085484964394,1.120165905121011,0.0,0.25788365574290223,0.161699357135545,0.16345029408500963,0.9999999999999032,0.9999999999999065
wind3,EventDetected-GatedHistory,3223,0.10083032351026121,0.14681101084582276,0.1504847253435206,1.0313242993579366,0.0,0.2684954695783808,0.16241644572012162,0.16397082885586012,0.9999999999999065,0.9999999999999065
wind3,EventDetected-GatedHistory,3224,0.13019095479194645,0.1943473021588849,0.19636189390581346,0.8970463416877382,0.0,0.21719204803536146,0.16168384983931616,0.16421670498090543,0.9999999999999065,0.9999999999999065
wind3,EventDetected-GatedHistory,3225,0.11119462558833107,0.14845892527687501,0.15705969034163692,0.9817418758570753,0.0,0.2728975699191137,0.1609716829841059,0.16264230762255844,0.9999999999999065,0.9999999999999065
wind3,EventDetected-GatedHistory,3226,0.12817716578519103,0.16218421346764703,0.17117614951650825,1.1234783953315008,0.0,0.22732769583803591,0.16078954915213056,0.16242904257085536,0.9999999999999065,0.9999999999999065
wind3,EventDetected-GatedHistory,3227,0.12486730415393742,0.14509242160525482,0.1500612650999555,1.2335549792072213,0.0,0.2663681006569704,0.16290297116709251,0.16464730941240513,0.9999999999999065,0.9999999999999065
wind3,EventDetected-GatedHistory,3228,0.12926809698543654,0.1525588058004818,0.16508387811566377,0.949595454921925,0.0,0.2681783540014788,0.16178237681882476,0.16349299787937882,0.9999999999999065,0.9999999999999065
wind3,EventDetected-GatedHistory,3229,0.1138130197772369,0.13825074544938257,0.1436659036877952,1.3093128245215377,0.0,0.25628745404081554,0.16264653535657225,0.16439972742155295,0.9999999999999065,0.9999999999999065
wind3,EventDetected-GatedHistory,3230,0.12597723975231873,0.15708572907571516,0.16231500066635757,1.1626636500821548,0.0,0.2513733232630315,0.16244275260340174,0.1646771548340719,0.9999999999999065,0.9999999999999065
wind3,EventDetected-GatedHistory,3231,0.11031872562896874,0.14254754563765806,0.14546779090491635,1.085052901564194,0.0,0.220572303861869,0.16179039046364657,0.16422491537138922,0.9999999999999065,0.9999999999999065
wind3,EventDetected-GatedHistory,3232,0.10232343002390093,0.12933559985604132,0.13162463080631792,0.8770993412825506,0.0,0.26190216213454665,0.1614786618535242,0.16322326089077893,0.9999999999999065,0.9999999999999065
wind3,EventDetected-GatedHistory,3233,0.10722876629993132,0.14310967281770454,0.15171706817876499,1.066941967938329,0.0,0.2578713096411306,0.16175121334566378,0.16382876822131698,0.9999999999998754,0.9999999999999065
wind3,EventDetected-GatedHistory,3234,0.1290832240368994,0.1643922048732416,0.17219856867043884,1.2157384970356768,0.0,0.24908640601539722,0.1625853148731439,0.16434042969794577,0.9999999999999065,0.9999999999999065
wind3,EventDetected-GatedHistory,3235,0.12664146280717342,0.1751701239980934,0.18713765550908382,1.1617364615169703,0.0,0.2624845877100762,0.16221698667716453,0.16422737658995423,0.9999999999999065,0.9999999999999065
wind3,EventDetected-GatedHistory,3236,0.10856985359486994,0.16449586609199968,0.17767463808905792,0.9067101928208557,0.0,0.25171383879280135,0.1626146580460155,0.16486097007809283,0.9999999999999044,0.9999999999999065
wind3,EventDetected-GatedHistory,3237,0.10490458129638973,0.14022048294120987,0.14499516770361232,0.8352027106344891,0.0,0.29310994776089944,0.16178063467960072,0.16382886358314774,0.9999999999999065,0.9999999999999065
wind3,EventDetected-GatedHistory,3238,0.12905040986188188,0.15910799744132917,0.16777872855394516,1.2474657998120406,0.0,0.2744014161670836,0.16167473454316258,0.1632810938922623,0.9999999999999065,0.9999999999999065
wind3,EventDetected-GatedHistory,3239,0.12602514563510414,0.14671974312733224,0.15235029807019637,1.222916340231659,0.0,0.24405566789107508,0.16261085335675243,0.1645089930541152,0.9999999999999065,0.9999999999999065
wind3,EventDetected-GatedHistory,3240,0.12410956168824769,0.16139385880685497,0.16263183774912157,1.0092697212606194,0.0,0.26871162510562285,0.16114286182797646,0.16278546366224808,0.9999999999999065,0.9999999999999065
wind3,EventDetected-GatedHistory,3241,0.10956645968401198,0.12676658055323076,0.12861230801388165,1.049285788752741,0.0,0.26731911613316295,0.16089905147963768,0.16237282359695415,0.9999999999999065,0.9999999999999065
wind3,EventDetected-GatedHistory,3242,0.1479898651541104,0.1708970995573582,0.17642704935725792,1.228766977366996,0.0,0.23141895933094117,0.16175041362532314,0.1642871536992307,0.9999999999999065,0.9999999999999065
wind3,EventDetected-GatedHistory,3243,0.1138618995660225,0.1340634263438828,0.13791638335045775,1.0162204929660237,0.0,0.27702606174466443,0.16170508123292232,0.1638017575969992,0.9999999999999065,0.9999999999999065
wind3,EventDetected-GatedHistory,3244,0.13788768645137167,0.1812711986013313,0.18547672310032876,1.16906321022878,0.0,0.24205282895719987,0.1623953217178187,0.1642396413113753,0.9999999999999065,0.9999999999999065
wind3,EventDetected-GatedHistory,3245,0.1235926178644601,0.17418713348875037,0.17890895438693083,1.124752728179482,0.0,0.2411710739454136,0.1613486082024283,0.16332046422829924,0.9999999999999065,0.9999999999999065
wind3,EventDetected-GatedHistory,3246,0.12723042812954027,0.15507569524374,0.16365527861251897,1.0292906277383358,0.0,0.2592944122783495,0.1624650936897907,0.16438416924491459,0.9999999999999065,0.9999999999999065
wind3,EventDetected-GatedHistory,3247,0.11354135018938037,0.16636976252457877,0.17319298825799775,1.046068359700313,0.0,0.24545245538295624,0.16246120650949944,0.1641228243998704,0.9999999999999065,0.9999999999999065
wind3,EventDetected-GatedHistory,3248,0.12290350861748377,0.19946591491189258,0.21011138072634644,0.9899464094055582,0.0,0.2795680348036466,0.1614939717355092,0.16299478594698844,0.9999999999999065,0.9999999999999065
wind3,EventDetected-GatedHistory,3249,0.10621232011770228,0.13308942944597515,0.13488793079395547,1.0009992600711632,0.0,0.23087520346282936,0.1617896477180629,0.1638017823255905,0.9999999999999065,0.9999999999999065
wind3,EventDetected-GatedHistory,3250,0.13258706888944224,0.15857448292584223,0.16082143676994132,1.3399649029144158,0.0,0.2851329040988844,0.16216658479158574,0.1637331163029191,0.9999999999999065,0.9999999999999065
wind3,EventDetected-GatedHistory,3251,0.10997102350579704,0.14772740016317726,0.1504422628456611,1.0174166013014414,0.0,0.23881396036461508,0.16292274610948637,0.16463545598107332,0.9999999999999065,0.9999999999999065
wind3,EventDetected-GatedHistory,3252,0.12884596953918692,0.16630718832560354,0.17335042314149196,1.2012799278051733,0.0,0.25665594550401366,0.16157173660240015,0.16373881103134835,0.9999999999999065,0.9999999999999065
wind3,EventDetected-GatedHistory,3253,0.11903659637126573,0.15751344544992094,0.16258024353487113,1.102342373058198,0.0,0.23958201919415892,0.162425334848377,0.1644361419322381,0.9999999999999065,0.9999999999999065
wind3,EventDetected-GatedHistory,3254,0.12449357508741898,0.1513828810686354,0.15262995955848668,1.173028910506144,0.0,0.24668571474613504,0.16294908789060336,0.16469954015704172,0.9999999999999065,0.9999999999999065
wind3,EventDetected-GatedHistory,3255,0.12454221347699682,0.15039093564876216,0.15181846106257332,1.2816160653090058,0.0,0.24462859778512674,0.16168283092930147,0.16349891014147397,0.9999999999999065,0.9999999999999065
wind3,EventDetected-GatedHistory,3256,0.11081648813248707,0.14884785505979659,0.15337351540387378,0.7868681836338741,0.0,0.2502896349952495,0.16201356134175599,0.16391658816002333,0.9999999999999065,0.9999999999999065
wind3,EventDetected-GatedHistory,3257,0.15236305160763605,0.18358238007158706,0.19142037253017274,1.0638153383228501,0.0,0.2181779132599987,0.1620215806328646,0.16443382986368663,0.9999999999999065,0.9999999999999065
wind3,EventDetected-GatedHistory,3258,0.11326970715803798,0.14260688405985517,0.14632297910572495,1.0774015069227056,0.0,0.28652740268538307,0.1623845681245268,0.16394406268947334,0.9999999999999065,0.9999999999999065
wind3,EventDetected-GatedHistory,3259,0.11497825786670678,0.13684618769596374,0.1413335745440629,0.9406058574981877,0.0,0.2671916954483043,0.16125985263806725,0.16332934751047384,0.9999999999999065,0.9999999999999065
wind3,EventDetected-GatedHistory,3260,0.12800999210761282,0.14587105072255366,0.14797053470132682,1.2560094349672717,0.0,0.24650969266568584,0.16196062341301132,0.16413373714115045,0.9999999999999065,0.9999999999999065
wind3,EventDetected-GatedHistory,3261,0.09066763425466055,0.10803058122737051,0.11145706457487513,0.8721291619796762,0.0,0.27658642760839103,0.1620918530963216,0.16400033566404562,0.9999999999998994,0.9999999999999065
wind3,EventDetected-GatedHistory,3262,0.11927938145512763,0.15282296729889497,0.16022326328845776,0.9248178694639246,0.0,0.2475030805382257,0.16150549236284928,0.16359550783538335,0.9999999999999027,0.9999999999999065
wind3,EventDetected-GatedHistory,3263,0.121403653482451,0.1521021789718883,0.1558424989480548,1.0537898987114007,0.0,0.2578697866897273,0.1614845848560254,0.16327385620993548,0.9999999999999065,0.9999999999999065
wind3,EventDetected-GatedHistory,3264,0.12663830755149352,0.16369054422949705,0.16649101944547695,1.0061323198882597,0.0,0.23414258547357733,0.16054135706949743,0.1618803599705135,0.9999999999999065,0.9999999999999065
wind3,EventDetected-GatedHistory,3265,0.11326262650504605,0.13687061344526427,0.1396792000729183,0.8605736731100851,0.0,0.297010133351511,0.16176381451216923,0.16362917335061236,0.9999999999999065,0.9999999999999065
wind3,EventDetected-GatedHistory,3266,0.12236343833282186,0.16357863143062046,0.16814852996931642,0.9577496991118387,0.0,0.24374359774226734,0.16131181801445849,0.16322959703161066,0.9999999999994538,0.9999999999999065
wind3,EventDetected-GatedHistory,3267,0.12594061042098967,0.1636615753148859,0.16469407030638686,1.040196397199626,0.0,0.23813595824138295,0.1616208697310853,0.16372742698260107,0.9999999999999065,0.9999999999999065
wind3,EventDetected-GatedHistory,3268,0.1391022460824815,0.17611239216448374,0.18046183895056567,0.9247022544702294,0.0,0.2334514392451709,0.16078598989036325,0.16240149732798562,0.9999999999999065,0.9999999999999065
wind3,EventDetected-GatedHistory,3269,0.0975535640612388,0.11262138518912364,0.11345857607970529,0.9359629358313014,0.0,0.29192536734183744,0.1614109005723951,0.16292700321011155,0.9999999999999065,0.9999999999999065
wind3,EventDetected-GatedHistory,3270,0.11203160743575853,0.14108260882604753,0.14290918387437743,1.040655790103398,0.0,0.2504055287686417,0.16196380183483602,0.1644251801689931,0.9999999999999065,0.9999999999999065
wind3,EventDetected-GatedHistory,3271,0.11867233230002942,0.15830857710507829,0.16861425273339944,1.1513412964546788,0.0,0.26720397022202325,0.16241476148294304,0.16414644291412525,0.9999999999999065,0.9999999999999065
wind3,EventDetected-GatedHistory,3272,0.12352786308103846,0.14866528386122796,0.15358557830343442,1.239289492033762,0.0,0.25369295759279015,0.16267267664672608,0.1644813014214875,0.9999999999999065,0.9999999999999065
wind3,EventDetected-GatedHistory,3273,0.10410890720172217,0.1393705841305261,0.1455734060204116,1.1574691999329474,0.0,0.2803901418745236,0.1621006847650357,0.1638109958217109,0.9999999999999065,0.9999999999999065
wind3,EventDetected-GatedHistory,3274,0.11650171521606748,0.15230222669252413,0.1610364171399674,0.9729118996592776,0.0,0.2725322619324587,0.16216455117540013,0.16400060634212293,0.9999999999999065,0.9999999999999065
wind3,EventDetected-GatedHistory,3275,0.1221018821072874,0.17505406192277115,0.18388691683490618,0.9409851461319473,0.0,0.2610904183419937,0.16130758599030873,0.16279554196141274,0.9999999999999065,0.9999999999999065
wind3,EventDetected-GatedHistory,3276,0.12033168915143894,0.14798660570421768,0.15023415606106733,1.1584534384492193,0.0,0.2731697883712744,0.16135750181719555,0.16271184217171147,0.9999999999999065,0.9999999999999065
wind3,EventDetected-GatedHistory,3277,0.11539237238099925,0.1317515549325211,0.13509047433415036,1.0501968058535196,0.0,0.263555831074836,0.16216932168003956,0.1638167301375201,0.9999999999999065,0.9999999999999065
wind3,EventDetected-GatedHistory,3278,0.1165644971491559,0.15152230556880186,0.1572520315997715,1.0258283499104175,0.0,0.2656778281048791,0.16161866310996376,0.16385138312787545,0.9999999999999065,0.9999999999999065
wind3,EventDetected-GatedHistory,3279,0.10922408387422461,0.13477111002861078,0.14656409998556474,1.078659431710381,0.0,0.2602853958564671,0.16176422403292684,0.16339413228027438,0.9999999999999065,0.9999999999999065
wind3,EventDetected-GatedHistory,3280,0.11608051609310123,0.1453942260605774,0.14804395140325863,1.2115275033967994,0.0,0.25946745739046423,0.16158438712992748,0.16310945110842592,0.9999999999999065,0.9999999999999065
wind3,EventDetected-GatedHistory,3281,0.1265253200095197,0.1778119482949162,0.18127208000308956,1.1863206244058533,0.0,0.22676989644271514,0.16187279462138174,0.16410773166957057,0.9999999999999065,0.9999999999999065
wind3,EventDetected-GatedHistory,3282,0.11944319407615239,0.15148751921100628,0.15339749522153853,1.2063890058176896,0.0,0.25454517896000883,0.16236856566112748,0.16494615124723724,0.9999999999999065,0.9999999999999065
wind3,EventDetected-GatedHistory,3283,0.11839213571439251,0.15509659863313427,0.16336771474104392,1.2314742052187468,0.0,0.2475454354532992,0.16188363914352533,0.1644839264953221,0.9999999999999065,0.9999999999999065
wind3,EventDetected-GatedHistory,3284,0.11092507506061869,0.14440639007315204,0.1463547372210946,0.989425801404932,0.0,0.23323935118998468,0.1617931312284463,0.16349550832050946,0.9999999999999065,0.9999999999999065
wind3,EventDetected-GatedHistory,3285,0.14501965238207842,0.18363158411362845,0.18583749325965349,1.384456681465904,0.0,0.23717227025551926,0.1621401583654974,0.16480266848251904,0.9999999999999065,0.9999999999999065
wind3,EventDetected-GatedHistory,3286,0.11747667604051142,0.17753287276766558,0.18369875048584616,1.2827179277092777,0.0,0.2761008965207549,0.16242693979489084,0.16404570413030795,0.9999999999999065,0.9999999999999065
wind3,EventDetected-GatedHistory,3287,0.11288316661472163,0.1629879884190565,0.17496800102572427,1.2214789124064465,0.0,0.2782690068973572,0.16180875758948227,0.163355758435636,0.9999999999999065,0.9999999999999065
wind3,EventDetected-GatedHistory,3288,0.1268905189332624,0.15626885970354562,0.16325419475731512,1.1375759291487517,0.0,0.2764247492926183,0.16221320530822522,0.1641033312729375,0.9999999999999065,0.9999999999999065
wind3,EventDetected-GatedHistory,3289,0.1095194359161216,0.13652374158860986,0.14046852602464704,0.8701038024299743,0.0,0.29459208138417087,0.16198989896874372,0.16396731763342,0.9999999999999007,0.9999999999999065
wind3,EventDetected-GatedHistory,3290,0.12421064054538056,0.15935792944717517,0.1642881026080921,1.0720613953581952,0.0,0.22949352131434136,0.16218183840256178,0.16490057778125058,0.9999999999998388,0.9999999999999065
wind3,EventDetected-GatedHistory,3291,0.11716699903601781,0.1411499465244864,0.14445907739064914,0.9671330226629868,0.0,0.268932025212481,0.16268409579877863,0.16446258733026803,0.9999999999999065,0.9999999999999065
wind3,EventDetected-GatedHistory,3292,0.11974212351216756,0.17310538220668195,0.1827009448753616,0.9894175063968009,0.0,0.25877338831220303,0.16189149413090997,0.16406038587390442,0.9999999999999065,0.9999999999999065
wind3,EventDetected-GatedHistory,3293,0.11058563801331288,0.13251599099307473,0.13789104491958154,0.9906602359898004,0.0,0.24289799684128136,0.16244582026711696,0.1641289204897593,0.9999999999999065,0.9999999999999065
wind3,EventDetected-GatedHistory,3294,0.13284500892798695,0.15753379026474731,0.16049620351766095,1.3168264460248882,0.0,0.26882193501870244,0.16127403024719109,0.16334062658326534,0.9999999999999065,0.9999999999999065
wind3,EventDetected-GatedHistory,3295,0.11488715767398411,0.14454070659256868,0.15007059319016341,1.0035120563447928,0.0,0.2679832857461754,0.1616637247607794,0.16377098627127043,0.9999999999999065,0.9999999999999065
wind3,EventDetected-GatedHistory,3296,0.11702517974916896,0.14721597197184608,0.16999084738547748,1.0146161049670304,0.0,0.25070016095315106,0.16187487102763992,0.16453006725326141,0.9999999999999065,0.9999999999999065
wind3,EventDetected-GatedHistory,3297,0.1236216430070326,0.1618043388538152,0.1688171656133047,1.2594155811310828,0.0,0.25780337661669894,0.1616109139069645,0.16340741256164124,0.9999999999999065,0.9999999999999065
wind3,EventDetected-GatedHistory,3298,0.10492025781796942,0.12323045150606089,0.1283055789240659,1.0941023076589658,0.0,0.27614300160938504,0.16159011022633468,0.16321608296869156,0.9999999999998568,0.9999999999999065
wind3,EventDetected-GatedHistory,3299,0.10826555991936572,0.143027261468503,0.14465899304802632,0.8951790463775486,0.0,0.2985917143388406,0.16197608168423283,0.16371037808979264,0.9999999999998747,0.9999999999999065
wind3,DetectorShuffled-GatedHistory,3200,0.127269776544688,0.15682939889773911,0.16470239380867022,1.187889442331515,0.0,0.2619564874529987,0.1610687290754343,0.1627624547419406,0.9999999999999065,0.9999999999999065
wind3,DetectorShuffled-GatedHistory,3201,0.0995595132169525,0.12380582108236346,0.12802728514822562,1.1274162396660392,0.0,0.26591408664528277,0.16308038651089254,0.16485748825066943,0.9999999999999065,0.9999999999999065
wind3,DetectorShuffled-GatedHistory,3202,0.13866577423514978,0.18333945632286297,0.19797696756957875,1.3463700716166607,0.0,0.24332003812346772,0.16237209248464637,0.164604067433664,0.9999999999999065,0.9999999999999065
wind3,DetectorShuffled-GatedHistory,3203,0.12254708304738433,0.15056789186501301,0.15218953854049003,0.9363014963087802,0.0,0.25058387609659477,0.1612300865981463,0.16313310338642575,0.9999999999998568,0.9999999999999065
wind3,DetectorShuffled-GatedHistory,3204,0.11591649567457216,0.15512756891631785,0.1672438343920786,1.1195345291718957,0.0,0.2723092774220011,0.16192531607776942,0.16409320449015377,0.9999999999999065,0.9999999999999065
wind3,DetectorShuffled-GatedHistory,3205,0.12130133885604673,0.16539180278736218,0.16722911171688432,1.0227216031344875,0.0,0.24721529051424476,0.16236185659975408,0.16423905543348816,0.9999999999999065,0.9999999999999065
wind3,DetectorShuffled-GatedHistory,3206,0.14799086940614278,0.1870138196323105,0.19248179285275996,1.3476133163384545,0.0,0.23256156242850132,0.16250825951957826,0.16431934761504657,0.9999999999999065,0.9999999999999065
wind3,DetectorShuffled-GatedHistory,3207,0.11452336009948298,0.13885672297870963,0.14762782218837545,0.814640882400721,0.0,0.24430639094957485,0.16229230850163526,0.16428163984568978,0.9999999999999065,0.9999999999999065
wind3,DetectorShuffled-GatedHistory,3208,0.09976751766364231,0.1255811919198112,0.12921678401748854,1.0880102805057128,0.0,0.28498837627387585,0.16185841324959008,0.1636180853601586,0.9999999999999065,0.9999999999999065
wind3,DetectorShuffled-GatedHistory,3209,0.13784766486263644,0.17307453107964768,0.18140990694812775,1.127751893047107,0.0,0.23949913329036662,0.16210259303507932,0.16408034767747748,0.9999999999999065,0.9999999999999065
wind3,DetectorShuffled-GatedHistory,3210,0.12119094346069152,0.1612971628208261,0.16963360510648062,1.1835061171433676,0.0,0.25603593262122704,0.16169329919437064,0.16396665189281878,0.9999999999999065,0.9999999999999065
wind3,DetectorShuffled-GatedHistory,3211,0.10079909318615919,0.12115576762394378,0.12501079868310555,1.1581685154867505,0.0,0.2706939110227419,0.1619539101431938,0.16375757590197335,0.9999999999999065,0.9999999999999065
wind3,DetectorShuffled-GatedHistory,3212,0.1196409961781325,0.17130646915638115,0.17779530131138602,0.8988195824511657,0.0,0.250953927447161,0.16203384837803866,0.16399568276281568,0.9999999999999065,0.9999999999999065
wind3,DetectorShuffled-GatedHistory,3213,0.13175391265040973,0.16952213202017044,0.17647724245108817,1.0906182530174693,0.0,0.27440115986994557,0.16109471494391803,0.1626396935118808,0.9999999999999007,0.9999999999999065
wind3,DetectorShuffled-GatedHistory,3214,0.11159752674471038,0.14091854232756515,0.1434117407248332,1.185623635232619,0.0,0.24048262807687884,0.16220810295466379,0.1650811106801794,0.9999999999998994,0.9999999999999065
wind3,DetectorShuffled-GatedHistory,3215,0.11699319251994357,0.1462483561409852,0.15077139492833497,1.1255481704661032,0.0,0.2544568208852075,0.16195502859966654,0.1635733260669749,0.9999999999999065,0.9999999999999065
wind3,DetectorShuffled-GatedHistory,3216,0.12035684571490071,0.14490237591564106,0.170377188730553,1.0538368644191531,0.0,0.2605573751847967,0.1627208337522195,0.16468096513376074,0.9999999999999046,0.9999999999999065
wind3,DetectorShuffled-GatedHistory,3217,0.11096402100143671,0.1321984353849731,0.13738212498702324,1.0281006890825204,0.0,0.2655542344323663,0.1619801758915273,0.16385691090507534,0.9999999999999065,0.9999999999999065
wind3,DetectorShuffled-GatedHistory,3218,0.12891633225751098,0.16214185311928453,0.16913918467761302,0.9972825533097976,0.0,0.26311345428340865,0.16196557800419098,0.1639098585168041,0.9999999999999065,0.9999999999999065
wind3,DetectorShuffled-GatedHistory,3219,0.11021050356070557,0.13553705552233158,0.13789825208558978,1.2492603705070813,0.0,0.25870006253209826,0.1630643641034773,0.16492061195306576,0.9999999999999065,0.9999999999999065
wind3,DetectorShuffled-GatedHistory,3220,0.12140294976436873,0.14816653475508454,0.14961319165134573,0.9727240889241477,0.0,0.2477470781427649,0.16260470238278849,0.16468289618674123,0.9999999999999027,0.9999999999999065
wind3,DetectorShuffled-GatedHistory,3221,0.12130032325592804,0.14502565348935692,0.14724549903977033,1.2231065356431159,0.0,0.23982054718391538,0.16362012358157793,0.165181358366805,0.9999999999999065,0.9999999999999065
wind3,DetectorShuffled-GatedHistory,3222,0.0975583923788311,0.1368885757781122,0.14388085623201408,1.1201675270673068,0.0,0.2578838054861464,0.16169935863490734,0.1634502940851538,0.9999999999999065,0.9999999999999065
wind3,DetectorShuffled-GatedHistory,3223,0.10083033945116379,0.14681101084582154,0.15048472534352558,1.0313242141965366,0.0,0.2684954485106566,0.16241644537839459,0.16397082807845542,0.9999999999999065,0.9999999999999065
wind3,DetectorShuffled-GatedHistory,3224,0.1301909938530885,0.19434730259285263,0.1963618941656563,0.897045891675084,0.0,0.21719201640162064,0.16168384932030505,0.1642167044075175,0.9999999999999065,0.9999999999999065
wind3,DetectorShuffled-GatedHistory,3225,0.11119462665905488,0.14845892527688215,0.15705969034164896,0.9817418711047062,0.0,0.2728975688391814,0.16097168299933767,0.16264230762256562,0.9999999999999065,0.9999999999999065
wind3,DetectorShuffled-GatedHistory,3226,0.12817716582975763,0.16218421346764886,0.17117614951650978,1.1234783949922318,0.0,0.2273276957972739,0.1607895491525124,0.16242904257653404,0.9999999999999065,0.9999999999999065
wind3,DetectorShuffled-GatedHistory,3227,0.12486727775885305,0.14509242036586112,0.1500612651955909,1.2335559234722353,0.0,0.26636820661906196,0.16290297294139136,0.16464730937910527,0.9999999999999065,0.9999999999999065
wind3,DetectorShuffled-GatedHistory,3228,0.12926806378641764,0.15255880580046918,0.16508387811566597,0.9495958361078624,0.0,0.2681784043238388,0.16178237721015426,0.16349299788006788,0.9999999999999065,0.9999999999999065
wind3,DetectorShuffled-GatedHistory,3229,0.11381313247282422,0.13825074581898017,0.1436659041987931,1.3093116515297492,0.0,0.2562873540020456,0.16264653430807546,0.16439972742154949,0.9999999999999065,0.9999999999999065
wind3,DetectorShuffled-GatedHistory,3230,0.12597753290105923,0.15708570143251543,0.16231485969077347,1.162660332562444,0.0,0.2513730468744491,0.1624427504752673,0.16467715505140962,0.9999999999999065,0.9999999999999065
wind3,DetectorShuffled-GatedHistory,3231,0.11031872676871314,0.14254754563765357,0.1454677909049129,1.0850528899722465,0.0,0.22057230262655686,0.16179039045335636,0.1642249153632275,0.9999999999999065,0.9999999999999065
wind3,DetectorShuffled-GatedHistory,3232,0.10232308096485185,0.12933559985605797,0.1316246308068166,0.8771014768755567,0.0,0.2619025114412753,0.1614786584979272,0.16322326089077424,0.9999999999998754,0.9999999999999065
wind3,DetectorShuffled-GatedHistory,3233,0.10722850197373997,0.14310967281772585,0.15171706817890043,1.0669445791821452,0.0,0.25787155943969764,0.16175121648498633,0.16382876842476835,0.9999999999999065,0.9999999999999065
wind3,DetectorShuffled-GatedHistory,3234,0.129083254767449,0.16439220487320022,0.17219856867035999,1.2157383627034006,0.0,0.24908637755684324,0.16258531526524223,0.16434042969794577,0.9999999999999065,0.9999999999999065
wind3,DetectorShuffled-GatedHistory,3235,0.12664136975021328,0.17517010732409172,0.18713779150626028,1.1617363860480026,0.0,0.26248454210801325,0.1622169850445911,0.1642273767322552,0.9999999999999065,0.9999999999999065
wind3,DetectorShuffled-GatedHistory,3236,0.1085696923643325,0.16449586609221523,0.1776746380891414,0.9067118666806385,0.0,0.2517139846851579,0.16261465945564585,0.16486098499305527,0.9999999999999065,0.9999999999999065
wind3,DetectorShuffled-GatedHistory,3237,0.1049045649436791,0.14022049432518288,0.14499518013762408,0.8352028231683487,0.0,0.29310997325694343,0.16178063429423362,0.16382886358314822,0.9999999999999065,0.9999999999999065
wind3,DetectorShuffled-GatedHistory,3238,0.12905032622480417,0.15910799744386311,0.1677787285553289,1.2474670405739594,0.0,0.27440155088459933,0.161674736015313,0.16328109389226234,0.9999999999999065,0.9999999999999065
wind3,DetectorShuffled-GatedHistory,3239,0.1260251864155633,0.14671974312947997,0.15235029807208061,1.2229164560036536,0.0,0.24405563911073425,0.1626108539885024,0.1645089929729631,0.9999999999999065,0.9999999999999065
wind3,DetectorShuffled-GatedHistory,3240,0.12410930420413085,0.16139385880687881,0.16263183774915002,1.0092707929039595,0.0,0.26871185617481264,0.16114285897164815,0.16278546366224678,0.9999999999999065,0.9999999999999065
wind3,DetectorShuffled-GatedHistory,3241,0.1095663971160021,0.12676657556831097,0.12861213553618212,1.0492861707740664,0.0,0.2673191628784298,0.16089905090624224,0.16237282360834498,0.9999999999999065,0.9999999999999065
wind3,DetectorShuffled-GatedHistory,3242,0.1479897451548953,0.17089709955869334,0.17642615694516248,1.2287665847401783,0.0,0.23141895157330952,0.16175041009230254,0.16428715369906982,0.9999999999999065,0.9999999999999065
wind3,DetectorShuffled-GatedHistory,3243,0.11386190624513068,0.13406349547254645,0.1379164250957537,1.0162204620798292,0.0,0.27702605829682286,0.16170508128111102,0.16380175759699842,0.9999999999998747,0.9999999999999065
wind3,DetectorShuffled-GatedHistory,3244,0.13788771371300418,0.18127119860133098,0.18547672310032823,1.1690629000953234,0.0,0.2420527974384593,0.16239532144790889,0.16423964131137753,0.9999999999999065,0.9999999999999065
wind3,DetectorShuffled-GatedHistory,3245,0.123592595666969,0.1741871426483663,0.17890896048781305,1.1247530523132234,0.0,0.24117110452923124,0.16134860855574729,0.16332046422155486,0.9999999999999065,0.9999999999999065
wind3,DetectorShuffled-GatedHistory,3246,0.1272304255157345,0.1550756952452837,0.1636552786186625,1.029290643124411,0.0,0.25929441419056715,0.16246509378155324,0.16438416927434288,0.9999999999999065,0.9999999999999065
wind3,DetectorShuffled-GatedHistory,3247,0.11354138714755362,0.1663697625245736,0.17319298825798773,1.0460678199444413,0.0,0.245452420732422,0.1624612059602975,0.1641228243388485,0.9999999999999065,0.9999999999999065
wind3,DetectorShuffled-GatedHistory,3248,0.12290356980662684,0.1994659149236144,0.21011138073224098,0.9899454601348381,0.0,0.27956800991744496,0.16149396941968994,0.16299478594698397,0.9999999999999065,0.9999999999999065
wind3,DetectorShuffled-GatedHistory,3249,0.10621232638292669,0.1330894294459783,0.13488793079396458,1.0009992060390058,0.0,0.23087520004174755,0.1617896476736659,0.1638017823263795,0.9999999999999065,0.9999999999999065
wind3,DetectorShuffled-GatedHistory,3250,0.13258710522603012,0.1585744830020513,0.16082143690055867,1.3399638263539428,0.0,0.28513279624919974,0.16216658178276908,0.1637331164330487,0.9999999999999065,0.9999999999999065
wind3,DetectorShuffled-GatedHistory,3251,0.10997130388480157,0.14772740016316438,0.15044226284564124,1.0174140863426369,0.0,0.2388137195048146,0.162922744162298,0.16463545598107063,0.9999999999999065,0.9999999999999065
wind3,DetectorShuffled-GatedHistory,3252,0.12884599493266433,0.16630716308648621,0.17335037821255359,1.2012802103440037,0.0,0.25665600153614,0.16157173770134733,0.16373881103134996,0.9999999999999065,0.9999999999999065
wind3,DetectorShuffled-GatedHistory,3253,0.11903670999615354,0.1575134454507724,0.16258024353543538,1.1023412902249043,0.0,0.23958194467627036,0.1624253338808233,0.16443614193217196,0.9999999999994535,0.9999999999999065
wind3,DetectorShuffled-GatedHistory,3254,0.1244935279467263,0.15138288106877662,0.152629959558547,1.1730288548694863,0.0,0.24668576077015492,0.16294908678313652,0.16469954015639104,0.9999999999999065,0.9999999999999065
wind3,DetectorShuffled-GatedHistory,3255,0.12454210760291703,0.15039091434233343,0.15181845746739794,1.2816175854265723,0.0,0.24462876286248827,0.16168283331330546,0.16349892549662426,0.9999999999999065,0.9999999999999065
wind3,DetectorShuffled-GatedHistory,3256,0.11081648812783539,0.1488478550502294,0.1533735154091348,0.7868681837641477,0.0,0.2502896350154781,0.1620135613418851,0.16391658816004065,0.9999999999999065,0.9999999999999065
wind3,DetectorShuffled-GatedHistory,3257,0.15236307317152445,0.1835825609200842,0.1914204689744779,1.063815123986296,0.0,0.21817789867577217,0.1620215804773317,0.1644338298855498,0.9999999999999065,0.9999999999999065
wind3,DetectorShuffled-GatedHistory,3258,0.11326972029765878,0.14260688357525844,0.14632297910632272,1.077401291822641,0.0,0.2865273862291433,0.16238456786587482,0.16394406273198653,0.9999999999820823,0.9999999999999065
wind3,DetectorShuffled-GatedHistory,3259,0.11497826020652015,0.13684618559107248,0.14133357279192413,0.9406058448266144,0.0,0.2671916936540895,0.1612598526628106,0.16332934751047384,0.9999999999999065,0.9999999999999065
wind3,DetectorShuffled-GatedHistory,3260,0.12800999291425336,0.14587105061152106,0.14797053470132818,1.256009419496398,0.0,0.24650969176006193,0.1619606233896785,0.1641337371423206,0.9999999999999065,0.9999999999999065
wind3,DetectorShuffled-GatedHistory,3261,0.09066752645598326,0.10803058122646611,0.11145706390310696,0.8721293333751915,0.0,0.2765864752203722,0.1620918518491523,0.16400033566383976,0.9999999999999065,0.9999999999999065
wind3,DetectorShuffled-GatedHistory,3262,0.11927938140926318,0.15282296729874056,0.1602232632883954,0.9248177842670257,0.0,0.24750308023139295,0.16150549218792226,0.16359550783868557,0.9999999999999065,0.9999999999999065
wind3,DetectorShuffled-GatedHistory,3263,0.1214037780670261,0.15210217897155445,0.15584249894820573,1.0537890811535715,0.0,0.2578697144182151,0.16148458581052286,0.1632738566099996,0.9999999999999065,0.9999999999999065
wind3,DetectorShuffled-GatedHistory,3264,0.12663818733669027,0.1636905835286044,0.16649103492133252,1.0061326126740466,0.0,0.23414275696991205,0.1605413544978358,0.16188033236047064,0.9999999999999065,0.9999999999999065
wind3,DetectorShuffled-GatedHistory,3265,0.11326265342350175,0.13687061333198383,0.13967920000208464,0.8605737633278576,0.0,0.2970100551588277,0.16176381599564355,0.16362917335068916,0.9999999999999065,0.9999999999999065
wind3,DetectorShuffled-GatedHistory,3266,0.1223634498717499,0.16357863143058654,0.16814852996928348,0.957749901703465,0.0,0.2437435719071885,0.16131181893753319,0.16322959880100762,0.9999999999999065,0.9999999999999065
wind3,DetectorShuffled-GatedHistory,3267,0.12594062721292928,0.16366157119114344,0.16469407030639474,1.0401966399970126,0.0,0.23813596938151047,0.1616208709159971,0.16372742698260107,0.9999999999999065,0.9999999999999065
wind3,DetectorShuffled-GatedHistory,3268,0.13910223649275083,0.1761123921644809,0.18046183895056803,0.9247022636681307,0.0,0.23345145260728387,0.16078598969214697,0.1624014955557624,0.9999999999999027,0.9999999999999065
wind3,DetectorShuffled-GatedHistory,3269,0.09755361985184148,0.11262136344271487,0.11345856535521734,0.9359625950127438,0.0,0.29192530806740935,0.16141090142308154,0.16292700321021583,0.9999999999999065,0.9999999999999065
wind3,DetectorShuffled-GatedHistory,3270,0.11203159740254985,0.14108260878454174,0.14290918387442703,1.040655897272708,0.0,0.25040553902470586,0.16196380191690915,0.16442518069296785,0.9999999999999065,0.9999999999999065
wind3,DetectorShuffled-GatedHistory,3271,0.1186723320698195,0.15830857710507817,0.16861425273339944,1.1513412922871955,0.0,0.2672039698346148,0.16241476147302428,0.16414644291412545,0.9999999999999065,0.9999999999999065
wind3,DetectorShuffled-GatedHistory,3272,0.12352789598118083,0.14866528386034153,0.15358557830343114,1.2392898075438143,0.0,0.2536929468731601,0.1626726775747054,0.16448130274558315,0.9999999999999065,0.9999999999999065
wind3,DetectorShuffled-GatedHistory,3273,0.10410891423145369,0.139370584130054,0.14557340602004604,1.1574692424667,0.0,0.28039013895205167,0.1621006849039897,0.163810995821706,0.9999999999998388,0.9999999999999065
wind3,DetectorShuffled-GatedHistory,3274,0.11650201453043461,0.15230222731738405,0.16103641738593952,0.9729090502813267,0.0,0.2725320200664962,0.16216454921422224,0.16400060424581825,0.9999999999999032,0.9999999999999065
wind3,DetectorShuffled-GatedHistory,3275,0.12210193438447521,0.17505406192282535,0.1838869168349467,0.9409847150757049,0.0,0.26109036227963545,0.16130758559543437,0.162795541961465,0.9999999999999065,0.9999999999999065
wind3,DetectorShuffled-GatedHistory,3276,0.1203317690205232,0.14798662277135743,0.15023415606008378,1.158452213590279,0.0,0.2731696426427558,0.16135749915427205,0.16271184266661193,0.9999999999999065,0.9999999999999065
wind3,DetectorShuffled-GatedHistory,3277,0.11539234618707506,0.1317515549332557,0.13509047433557242,1.0501972042147152,0.0,0.26355586050379,0.16216932199746298,0.16381673013786502,0.9999999999999065,0.9999999999999065
wind3,DetectorShuffled-GatedHistory,3278,0.11656449725037335,0.15152230556880178,0.1572520315997715,1.0258283492946925,0.0,0.2656778280544688,0.16161866311066944,0.16385138312787545,0.9999999999999065,0.9999999999999065
wind3,DetectorShuffled-GatedHistory,3279,0.10922407622143608,0.1347711108930205,0.14656409998556502,1.0786594835168737,0.0,0.2602854042191816,0.1617642239678742,0.16339413228027658,0.9999999999999065,0.9999999999999065
wind3,DetectorShuffled-GatedHistory,3280,0.11608045663033593,0.14539422606057528,0.14804395140332302,1.2115280893893108,0.0,0.25946752833048625,0.16158438795345093,0.16310945110842925,0.9999999999999065,0.9999999999999065
wind3,DetectorShuffled-GatedHistory,3281,0.126525326277195,0.17781194829491417,0.1812720800031422,1.1863205874905376,0.0,0.22676988961415473,0.16187279469135127,0.16410773166957013,0.9999999999999065,0.9999999999999065
wind3,DetectorShuffled-GatedHistory,3282,0.11944319514033734,0.15148751922644466,0.15339749530668784,1.2063889979666196,0.0,0.25454517822798245,0.1623685656697891,0.1649461512472372,0.9999999999999065,0.9999999999999065
wind3,DetectorShuffled-GatedHistory,3283,0.11839190658252856,0.15509671815075196,0.1633678793225024,1.2314768905294609,0.0,0.24754565718102442,0.16188364123694052,0.16448392727943087,0.9999999999999065,0.9999999999999065
wind3,DetectorShuffled-GatedHistory,3284,0.11092505086078809,0.14440639191889904,0.14635473722082823,0.9894260489857671,0.0,0.23323937917351653,0.16179313162526238,0.16349550831156193,0.9999999999999065,0.9999999999999065
wind3,DetectorShuffled-GatedHistory,3285,0.14501933244194182,0.18363158411348332,0.1858374932596204,1.3844605764150313,0.0,0.23717261863991118,0.16214016098095443,0.16480266854896067,0.9999999999999065,0.9999999999999065
wind3,DetectorShuffled-GatedHistory,3286,0.11747657311049961,0.17753287276688037,0.18369875048593642,1.2827200749032739,0.0,0.27610098158752866,0.16242694265283714,0.1640457073434647,0.9999999999999065,0.9999999999999065
wind3,DetectorShuffled-GatedHistory,3287,0.1128831438344335,0.1629879502904552,0.17496800612300217,1.2214791053927847,0.0,0.27826902815451465,0.16180875747096438,0.16335575843569203,0.9999999999999065,0.9999999999999065
wind3,DetectorShuffled-GatedHistory,3288,0.12689055563454577,0.15626885970140186,0.1632541947553006,1.1375761653628005,0.0,0.27642468686104105,0.16221320694732316,0.1641033312729331,0.9999999999999065,0.9999999999999065
wind3,DetectorShuffled-GatedHistory,3289,0.10951943102627767,0.1365237451815909,0.14046852798593845,0.8701037845751369,0.0,0.2945920856592737,0.161989898833323,0.16396731763341454,0.9999999999999065,0.9999999999999065
wind3,DetectorShuffled-GatedHistory,3290,0.12421062830201089,0.1593579294471744,0.16428810260809057,1.0720615205998292,0.0,0.22949353162207073,0.1621818385097138,0.16490057790406665,0.9999999999999065,0.9999999999999065
wind3,DetectorShuffled-GatedHistory,3291,0.11716708217769299,0.14114994652621718,0.1444590773921101,0.9671320638341857,0.0,0.2689319259788393,0.16268409480696924,0.16446258733032196,0.9999999999999065,0.9999999999999065
wind3,DetectorShuffled-GatedHistory,3292,0.11974217437805791,0.17310533017020135,0.18270088868496634,0.9894174589443608,0.0,0.2587733792177106,0.16189149481720927,0.16406038587390495,0.9999999999999044,0.9999999999999065
wind3,DetectorShuffled-GatedHistory,3293,0.1105855064580907,0.13251599064217762,0.13789104473547634,0.9906609118979826,0.0,0.24289811570741343,0.162445818700626,0.16412892086468003,0.9999999999999065,0.9999999999999065
wind3,DetectorShuffled-GatedHistory,3294,0.13284499330532756,0.15753379026502837,0.16049620391976224,1.3168263613722997,0.0,0.2688219487151668,0.16127402657918888,0.1633406276952817,0.9999999999999065,0.9999999999999065
wind3,DetectorShuffled-GatedHistory,3295,0.11488723439180702,0.14454070659243687,0.15007059318967553,1.003511305501122,0.0,0.2679832120887841,0.1616637242113209,0.16377098571939142,0.9999999999999065,0.9999999999999065
wind3,DetectorShuffled-GatedHistory,3296,0.11702516388527191,0.14721597197184325,0.16999084738547585,1.0146161537427671,0.0,0.25070017796393274,0.16187487071957785,0.16453006725325367,0.9999999999999065,0.9999999999999065
wind3,DetectorShuffled-GatedHistory,3297,0.12362188424336383,0.16180433885454287,0.1688171656125633,1.259413923621353,0.0,0.25780320536181184,0.1616109160013129,0.16340741256380417,0.9999999999999065,0.9999999999999065
wind3,DetectorShuffled-GatedHistory,3298,0.10492025492821815,0.12323045150609094,0.12830557892408398,1.0941023254431739,0.0,0.2761430041062911,0.16159011018971095,0.1632160829686955,0.9999999999999065,0.9999999999999065
wind3,DetectorShuffled-GatedHistory,3299,0.10826555991007031,0.14302726146850303,0.14465899304802582,0.8951790463906368,0.0,0.29859171434983756,0.16197608168410518,0.16371037808979264,0.9999999999999065,0.9999999999999065
force_step,LQR-outer,3200,0.09693037765116476,0.18110032217003375,0.18375966642229355,0.6776353838129185,0.0,0.0,0.0,0.0,0.0,0.0
force_step,LQR-outer,3201,0.09884633329608326,0.18791797400013735,0.19090834773565246,1.0747769752904095,0.0,0.0,0.0,0.0,0.0,0.0
force_step,LQR-outer,3202,0.09676238564657842,0.1799533807924648,0.18197084638633715,0.975408416489698,0.0,0.0,0.0,0.0,0.0,0.0
force_step,LQR-outer,3203,0.1002308310343872,0.18775640343450725,0.1923679970407961,0.9216913294427509,0.0,0.0,0.0,0.0,0.0,0.0
force_step,LQR-outer,3204,0.09564742977348326,0.17871358196479054,0.18203175307812608,0.7126557423330913,0.0,0.0,0.0,0.0,0.0,0.0
force_step,LQR-outer,3205,0.09649058658004522,0.17870801982523787,0.18006396100620767,1.1542879769314172,0.0,0.0,0.0,0.0,0.0,0.0
force_step,LQR-outer,3206,0.09879641579828032,0.18819124841877108,0.19470171465363792,0.777548141085907,0.0,0.0,0.0,0.0,0.0,0.0
force_step,LQR-outer,3207,0.09716907079726352,0.1828791739550278,0.18687437314460137,0.9249466828794192,0.0,0.0,0.0,0.0,0.0,0.0
force_step,LQR-outer,3208,0.09941411472153737,0.1851900702846264,0.1917576920266804,0.8495998547015561,0.0,0.0,0.0,0.0,0.0,0.0
force_step,LQR-outer,3209,0.09882551539307473,0.18866267790901908,0.19330028572482563,0.8230334670875609,0.0,0.0,0.0,0.0,0.0,0.0
force_step,LQR-outer,3210,0.09390528146542265,0.17449210643708735,0.1761631100042556,0.9305855842559108,0.0,0.0,0.0,0.0,0.0,0.0
force_step,LQR-outer,3211,0.10162981768606828,0.19239275630585378,0.19678198260095509,0.8287507883843249,0.0,0.0,0.0,0.0,0.0,0.0
force_step,LQR-outer,3212,0.09514567983165051,0.17707690222436157,0.17939185124167997,0.984770191112369,0.0,0.0,0.0,0.0,0.0,0.0
force_step,LQR-outer,3213,0.09874428896577499,0.18423688467816657,0.19170568090323878,0.6430041307589401,0.0,0.0,0.0,0.0,0.0,0.0
force_step,LQR-outer,3214,0.10187573117500483,0.18921992148992836,0.19244733923310878,0.6685637595649376,0.0,0.0,0.0,0.0,0.0,0.0
force_step,LQR-outer,3215,0.09915618047169342,0.19207118842185592,0.1962341140926446,0.8683156489214581,0.0,0.0,0.0,0.0,0.0,0.0
force_step,LQR-outer,3216,0.09987118063540683,0.1929973589274201,0.19823330300719133,0.7922116836034987,0.0,0.0,0.0,0.0,0.0,0.0
force_step,LQR-outer,3217,0.09663127477485668,0.1788938018187086,0.18428942773742163,0.7727236753556161,0.0,0.0,0.0,0.0,0.0,0.0
force_step,LQR-outer,3218,0.09643338000130748,0.18032385509292062,0.1818526808733683,1.0611920874157923,0.0,0.0,0.0,0.0,0.0,0.0
force_step,LQR-outer,3219,0.09392132201385064,0.1737016963643717,0.1783458476840766,1.0541295624554414,0.0,0.0,0.0,0.0,0.0,0.0
force_step,LQR-outer,3220,0.09287205781091101,0.1713677603534339,0.1769230297462379,1.0242855287522086,0.0,0.0,0.0,0.0,0.0,0.0
force_step,LQR-outer,3221,0.09594134236314313,0.17820898743691824,0.18197189831760222,0.97277149473063,0.0,0.0,0.0,0.0,0.0,0.0
force_step,LQR-outer,3222,0.09796623680049142,0.18193055559558094,0.1847298846922737,1.132863720093145,0.0,0.0,0.0,0.0,0.0,0.0
force_step,LQR-outer,3223,0.09746146092911821,0.17973752158764827,0.18132496882636306,1.0082155914281787,0.0,0.0,0.0,0.0,0.0,0.0
force_step,LQR-outer,3224,0.1054115614527459,0.1943910187860689,0.19908474965690542,0.5684215947208584,0.0,0.0,0.0,0.0,0.0,0.0
force_step,LQR-outer,3225,0.09886572352601496,0.1823873900134582,0.18891938522140142,0.961613827652946,0.0,0.0,0.0,0.0,0.0,0.0
force_step,LQR-outer,3226,0.09616323979611255,0.181622225552305,0.18813000668141217,0.7114085902174058,0.0,0.0,0.0,0.0,0.0,0.0
force_step,LQR-outer,3227,0.09422858350857241,0.17345835488142952,0.17909009170173987,0.7197513207246593,0.0,0.0,0.0,0.0,0.0,0.0
force_step,LQR-outer,3228,0.09863962647428685,0.18569814465840762,0.18852779592708904,1.2075826429365695,0.0,0.0,0.0,0.0,0.0,0.0
force_step,LQR-outer,3229,0.09655503149001023,0.18313622549421835,0.18603502469604588,1.1164007422092044,0.0,0.0,0.0,0.0,0.0,0.0
force_step,LQR-outer,3230,0.09628067771242484,0.1791537980957464,0.18134757200336188,1.033149612767395,0.0,0.0,0.0,0.0,0.0,0.0
force_step,LQR-outer,3231,0.09675418345805988,0.18620956293619978,0.19250589371162496,0.7918121668895671,0.0,0.0,0.0,0.0,0.0,0.0
force_step,LQR-outer,3232,0.09325394141625952,0.17352247347770985,0.17697733447953126,0.9121843971111359,0.0,0.0,0.0,0.0,0.0,0.0
force_step,LQR-outer,3233,0.09679438205415751,0.1804985370911038,0.18338626176575593,1.115917055176646,0.0,0.0,0.0,0.0,0.0,0.0
force_step,LQR-outer,3234,0.10238726953298148,0.1882603975771983,0.191121237327304,0.7562103675801386,0.0,0.0,0.0,0.0,0.0,0.0
force_step,LQR-outer,3235,0.10146328689566513,0.1878784712900716,0.19222945719070542,0.899954044229872,0.0,0.0,0.0,0.0,0.0,0.0
force_step,LQR-outer,3236,0.09982410644588847,0.1854925917031302,0.1897917582215745,0.8724161293727855,0.0,0.0,0.0,0.0,0.0,0.0
force_step,LQR-outer,3237,0.09608124911697095,0.17966974807273375,0.1826596493970828,0.9365489566955402,0.0,0.0,0.0,0.0,0.0,0.0
force_step,LQR-outer,3238,0.0946355626448873,0.1744956318677498,0.18162002697442434,0.8895610689462546,0.0,0.0,0.0,0.0,0.0,0.0
force_step,LQR-outer,3239,0.10002276352751711,0.19280591457953494,0.19719781517740612,0.7556855641680621,0.0,0.0,0.0,0.0,0.0,0.0
force_step,LQR-outer,3240,0.09894061253665361,0.1838438512714959,0.18796859899928964,0.8467875405858869,0.0,0.0,0.0,0.0,0.0,0.0
force_step,LQR-outer,3241,0.0967396406675305,0.18065056631976623,0.1870667131566744,0.7453190600210312,0.0,0.0,0.0,0.0,0.0,0.0
force_step,LQR-outer,3242,0.09530763285547618,0.17740309291771278,0.180633989197738,1.175928196272621,0.0,0.0,0.0,0.0,0.0,0.0
force_step,LQR-outer,3243,0.09450926754929759,0.17509285483888992,0.1791389002971929,0.9493287253069203,0.0,0.0,0.0,0.0,0.0,0.0
force_step,LQR-outer,3244,0.10026799422576702,0.18996993473313628,0.19564854348695818,0.5986848952739282,0.0,0.0,0.0,0.0,0.0,0.0
force_step,LQR-outer,3245,0.09730953335830336,0.1836378466080872,0.19016842837973177,0.8543791167743089,0.0,0.0,0.0,0.0,0.0,0.0
force_step,LQR-outer,3246,0.10235711122278374,0.18832654527585438,0.19333494704153978,0.8063726405040791,0.0,0.0,0.0,0.0,0.0,0.0
force_step,LQR-outer,3247,0.09840621756441484,0.18825615263156686,0.19411796710876472,0.7070467363772766,0.0,0.0,0.0,0.0,0.0,0.0
force_step,LQR-outer,3248,0.09618411015824563,0.1799125237627299,0.18256446485759867,0.9511982645961745,0.0,0.0,0.0,0.0,0.0,0.0
force_step,LQR-outer,3249,0.09770786307015816,0.18030234436633144,0.18477919240198482,1.1279821258666012,0.0,0.0,0.0,0.0,0.0,0.0
force_step,LQR-outer,3250,0.10008745789560256,0.18674300805462557,0.19103959210182272,0.578688463608239,0.0,0.0,0.0,0.0,0.0,0.0
force_step,LQR-outer,3251,0.09473993599603948,0.17618298880992353,0.17839924657175904,0.8883786466945657,0.0,0.0,0.0,0.0,0.0,0.0
force_step,LQR-outer,3252,0.10407641658448159,0.19419716516973035,0.1992590690297374,0.8966557439064194,0.0,0.0,0.0,0.0,0.0,0.0
force_step,LQR-outer,3253,0.09828083927855538,0.18610119769195646,0.19038831461599026,0.897701749037114,0.0,0.0,0.0,0.0,0.0,0.0
force_step,LQR-outer,3254,0.09695878133233939,0.1837425762540921,0.18660542439674635,1.0232749876554599,0.0,0.0,0.0,0.0,0.0,0.0
force_step,LQR-outer,3255,0.0972175441502623,0.18467905491624825,0.18840694882200848,0.9771351586871159,0.0,0.0,0.0,0.0,0.0,0.0
force_step,LQR-outer,3256,0.09875696909451175,0.18756821655215605,0.1905768269500785,1.1320561288800577,0.0,0.0,0.0,0.0,0.0,0.0
force_step,LQR-outer,3257,0.10124983807576933,0.1949220616288999,0.19943489130768904,0.7924956730772245,0.0,0.0,0.0,0.0,0.0,0.0
force_step,LQR-outer,3258,0.09730745452531862,0.18301070990404608,0.18731133693874827,0.7009552426686957,0.0,0.0,0.0,0.0,0.0,0.0
force_step,LQR-outer,3259,0.10112050099098614,0.19514880227305173,0.19965130888833915,0.6592641720367847,0.0,0.0,0.0,0.0,0.0,0.0
force_step,LQR-outer,3260,0.09859693656811257,0.18510693011537852,0.18942584816151614,0.8718183139628457,0.0,0.0,0.0,0.0,0.0,0.0
force_step,LQR-outer,3261,0.09405436915035148,0.17466686992127092,0.1790221287472101,0.8993876546389656,0.0,0.0,0.0,0.0,0.0,0.0
force_step,LQR-outer,3262,0.10444730787201853,0.19283809003845973,0.19497990160303966,0.6594785978399323,0.0,0.0,0.0,0.0,0.0,0.0
force_step,LQR-outer,3263,0.10192927153091343,0.18992681313557175,0.19479115830278892,0.927458694528295,0.0,0.0,0.0,0.0,0.0,0.0
force_step,LQR-outer,3264,0.09882069957070284,0.18734106035808992,0.19157925324470879,0.9061077995570451,0.0,0.0,0.0,0.0,0.0,0.0
force_step,LQR-outer,3265,0.0983099127039687,0.18759912514591354,0.1905870393418219,1.054535138718843,0.0,0.0,0.0,0.0,0.0,0.0
force_step,LQR-outer,3266,0.09993709494542216,0.18965466495997213,0.1931805538514159,1.0455222428917108,0.0,0.0,0.0,0.0,0.0,0.0
force_step,LQR-outer,3267,0.09968904519614719,0.19341634159091442,0.19859144017914127,0.7642004527289512,0.0,0.0,0.0,0.0,0.0,0.0
force_step,LQR-outer,3268,0.09364988829514881,0.1760784527373219,0.1839795504910838,0.8898196528876777,0.0,0.0,0.0,0.0,0.0,0.0
force_step,LQR-outer,3269,0.099335829405756,0.1834544316076998,0.18623512997569303,1.1696860696564084,0.0,0.0,0.0,0.0,0.0,0.0
force_step,LQR-outer,3270,0.09737455281168805,0.18336597016280057,0.1921468245960534,0.7371441500213959,0.0,0.0,0.0,0.0,0.0,0.0
force_step,LQR-outer,3271,0.09745422241916815,0.1837698392592127,0.19245991740112564,0.7606305860374395,0.0,0.0,0.0,0.0,0.0,0.0
force_step,LQR-outer,3272,0.09847886039269176,0.18651471584959475,0.1945464676520959,0.7671857573951296,0.0,0.0,0.0,0.0,0.0,0.0
force_step,LQR-outer,3273,0.10316899229441875,0.19131661785784848,0.1940314099366982,0.5729019668368796,0.0,0.0,0.0,0.0,0.0,0.0
force_step,LQR-outer,3274,0.09480668773849552,0.1753156380101463,0.17880358307208194,0.9757349273646182,0.0,0.0,0.0,0.0,0.0,0.0
force_step,LQR-outer,3275,0.10000842724285931,0.18493401036664356,0.18920456709581424,1.0613002068942683,0.0,0.0,0.0,0.0,0.0,0.0
force_step,LQR-outer,3276,0.0988319410911707,0.1844340663127451,0.18638501686978903,0.5853227155440832,0.0,0.0,0.0,0.0,0.0,0.0
force_step,LQR-outer,3277,0.09800657529506586,0.18206283953421118,0.18744065760918385,0.8039561107854595,0.0,0.0,0.0,0.0,0.0,0.0
force_step,LQR-outer,3278,0.09714720725581527,0.17970307898922167,0.18476431529885445,0.7971394199822283,0.0,0.0,0.0,0.0,0.0,0.0
force_step,LQR-outer,3279,0.09790581326188408,0.180279694037542,0.18384265472873382,0.883607647434201,0.0,0.0,0.0,0.0,0.0,0.0
force_step,LQR-outer,3280,0.10337674357708612,0.19160267429516784,0.19328529007456594,0.6478603782493451,0.0,0.0,0.0,0.0,0.0,0.0
force_step,LQR-outer,3281,0.10201661096958135,0.19171019666521583,0.1961562750211686,0.8928315228649195,0.0,0.0,0.0,0.0,0.0,0.0
force_step,LQR-outer,3282,0.09734371668502248,0.18353414258248332,0.19233029523764825,0.6422587383689563,0.0,0.0,0.0,0.0,0.0,0.0
force_step,LQR-outer,3283,0.09449630433045883,0.1766322463454905,0.17945113538582544,1.0859129119571012,0.0,0.0,0.0,0.0,0.0,0.0
force_step,LQR-outer,3284,0.09598633126056164,0.1810621714828397,0.18979319103330056,0.6361334463178296,0.0,0.0,0.0,0.0,0.0,0.0
force_step,LQR-outer,3285,0.10401078973368807,0.1949223609243466,0.19970748841002542,0.5392100418759551,0.0,0.0,0.0,0.0,0.0,0.0
force_step,LQR-outer,3286,0.0964630430246812,0.17916178751726206,0.1821311188406197,0.9489473036685829,0.0,0.0,0.0,0.0,0.0,0.0
force_step,LQR-outer,3287,0.094858641009962,0.1768588364944107,0.1804716677047983,0.9252909640377448,0.0,0.0,0.0,0.0,0.0,0.0
force_step,LQR-outer,3288,0.10012897569131543,0.1854228182985311,0.1916886788572638,0.7768482772573466,0.0,0.0,0.0,0.0,0.0,0.0
force_step,LQR-outer,3289,0.10204951316367941,0.1918481302262231,0.1961607430570256,0.9890928698360153,0.0,0.0,0.0,0.0,0.0,0.0
force_step,LQR-outer,3290,0.09378918112630062,0.17403993442909768,0.1777222435499374,0.9569087155191226,0.0,0.0,0.0,0.0,0.0,0.0
force_step,LQR-outer,3291,0.1009503205530841,0.19018376020429112,0.1942286688958111,0.7892650098290472,0.0,0.0,0.0,0.0,0.0,0.0
force_step,LQR-outer,3292,0.10228874477556844,0.18974575986003428,0.1941248376121691,0.9240579498820394,0.0,0.0,0.0,0.0,0.0,0.0
force_step,LQR-outer,3293,0.09759123079910483,0.18253779929676073,0.19105508767296256,0.7050958408585575,0.0,0.0,0.0,0.0,0.0,0.0
force_step,LQR-outer,3294,0.09440264763991532,0.17433009180883993,0.18145189005492177,1.0303837227231791,0.0,0.0,0.0,0.0,0.0,0.0
force_step,LQR-outer,3295,0.09690060689751917,0.17924416521881958,0.1832599548337768,1.1334843584420475,0.0,0.0,0.0,0.0,0.0,0.0
force_step,LQR-outer,3296,0.10061031414019254,0.1900403010748468,0.19381774351479486,0.8358500197674484,0.0,0.0,0.0,0.0,0.0,0.0
force_step,LQR-outer,3297,0.09577976486705986,0.17585603483791376,0.1805335821676723,0.9732969427769352,0.0,0.0,0.0,0.0,0.0,0.0
force_step,LQR-outer,3298,0.09774016104814098,0.17904366614133482,0.18312934988973664,0.8967561359953408,0.0,0.0,0.0,0.0,0.0,0.0
force_step,LQR-outer,3299,0.09719010233909103,0.18577673184000315,0.18920724342506123,1.0017526697433852,0.0,0.0,0.0,0.0,0.0,0.0
force_step,CurrentOnly-AE-CeNN-494,3200,0.0876942623203224,0.16155509429197282,0.16836389226283843,0.6725542490576031,0.0,0.17518410825508893,0.0,0.0,0.0,0.0
force_step,CurrentOnly-AE-CeNN-494,3201,0.09188866744128478,0.17705956884830956,0.18016692213282703,1.0678358556319338,0.0,0.16990160713907335,0.0,0.0,0.0,0.0
force_step,CurrentOnly-AE-CeNN-494,3202,0.08948070670807741,0.16494112325425014,0.16704045731109113,0.9717110954653623,0.0,0.17614264162480978,0.0,0.0,0.0,0.0
force_step,CurrentOnly-AE-CeNN-494,3203,0.08329111014273986,0.1554930829600132,0.15839906671429196,0.914653021069513,0.0,0.21642840832261032,0.0,0.0,0.0,0.0
force_step,CurrentOnly-AE-CeNN-494,3204,0.08493073193446199,0.15675608054741647,0.16425890482888778,0.7082005095852176,0.0,0.1809220735870288,0.0,0.0,0.0,0.0
force_step,CurrentOnly-AE-CeNN-494,3205,0.08226200867046272,0.15116649196334764,0.15413952501279543,1.1461094724777263,0.0,0.20512904419651642,0.0,0.0,0.0,0.0
force_step,CurrentOnly-AE-CeNN-494,3206,0.08281623831765965,0.16250019150639133,0.16786987644731177,0.7744444245549574,0.0,0.2131662781552187,0.0,0.0,0.0,0.0
force_step,CurrentOnly-AE-CeNN-494,3207,0.08387750033093366,0.15977612381932232,0.16242196793294586,0.9202509773071399,0.0,0.1917801721101901,0.0,0.0,0.0,0.0
force_step,CurrentOnly-AE-CeNN-494,3208,0.0844183831086735,0.15870594973149799,0.16463588636758866,0.8464558603322794,0.0,0.20392015581459877,0.0,0.0,0.0,0.0
force_step,CurrentOnly-AE-CeNN-494,3209,0.08327696675289782,0.15710241653943488,0.16032526968915697,0.8162102208288243,0.0,0.20755520005256775,0.0,0.0,0.0,0.0
force_step,CurrentOnly-AE-CeNN-494,3210,0.08282138746587447,0.15258708945214805,0.1576842563509241,0.9246518891507458,0.0,0.17582421149224994,0.0,0.0,0.0,0.0
force_step,CurrentOnly-AE-CeNN-494,3211,0.08824771822845129,0.1630955254093882,0.16673517330695675,0.8232709881425543,0.0,0.19105694344173413,0.0,0.0,0.0,0.0
force_step,CurrentOnly-AE-CeNN-494,3212,0.07964495057765913,0.1528266347149542,0.15705490068876368,0.9750463246582393,0.0,0.2032786573657512,0.0,0.0,0.0,0.0
force_step,CurrentOnly-AE-CeNN-494,3213,0.08872544058458827,0.16354272064538,0.1697799371531057,0.6384934548744293,0.0,0.19106518916823614,0.0,0.0,0.0,0.0
force_step,CurrentOnly-AE-CeNN-494,3214,0.0948886375162674,0.1750329340513195,0.18550178791041305,0.6626894645418215,0.0,0.17836278656565493,0.0,0.0,0.0,0.0
force_step,CurrentOnly-AE-CeNN-494,3215,0.08679748095842302,0.16892459552556754,0.1727031473900817,0.8610994307926647,0.0,0.19108071048551958,0.0,0.0,0.0,0.0
force_step,CurrentOnly-AE-CeNN-494,3216,0.0908940677537987,0.18248522367408737,0.1870800625678679,0.7879255310938443,0.0,0.18281558073731002,0.0,0.0,0.0,0.0
force_step,CurrentOnly-AE-CeNN-494,3217,0.08224699041000397,0.15202615448302542,0.1541287884108302,0.7668374046056792,0.0,0.19669856700381894,0.0,0.0,0.0,0.0
force_step,CurrentOnly-AE-CeNN-494,3218,0.0859964025193595,0.15938020586858634,0.16239330017089543,1.0560094291018867,0.0,0.19236818953790474,0.0,0.0,0.0,0.0
force_step,CurrentOnly-AE-CeNN-494,3219,0.07913214540388755,0.1500210815183846,0.1546012795864107,1.0436784411923312,0.0,0.19535547003370002,0.0,0.0,0.0,0.0
force_step,CurrentOnly-AE-CeNN-494,3220,0.07630970018550759,0.14203926710361423,0.14462536094211195,1.0175038334028355,0.0,0.21124513324391236,0.0,0.0,0.0,0.0
force_step,CurrentOnly-AE-CeNN-494,3221,0.08369298791678695,0.15612989602145388,0.15981200506694593,0.9684748874117107,0.0,0.18810289817298437,0.0,0.0,0.0,0.0
force_step,CurrentOnly-AE-CeNN-494,3222,0.08780249207323838,0.16673534500314038,0.16983853061526077,1.1272014504926908,0.0,0.18675572448209346,0.0,0.0,0.0,0.0
force_step,CurrentOnly-AE-CeNN-494,3223,0.08523490434003612,0.1556384516368548,0.15655681204691835,1.001197979289126,0.0,0.1848141398037917,0.0,0.0,0.0,0.0
force_step,CurrentOnly-AE-CeNN-494,3224,0.09536434105556003,0.1888713058977709,0.1933443487052587,0.5709126303520814,0.0,0.1981988081753382,0.0,0.0,0.0,0.0
force_step,CurrentOnly-AE-CeNN-494,3225,0.08922905564148047,0.17015323531220292,0.1759752845520248,0.9550708254232493,0.0,0.19517952403855776,0.0,0.0,0.0,0.0
force_step,CurrentOnly-AE-CeNN-494,3226,0.08526833520417632,0.1632927828914068,0.16952854294240452,0.7069298751759621,0.0,0.1842006410632319,0.0,0.0,0.0,0.0
force_step,CurrentOnly-AE-CeNN-494,3227,0.08246547089551737,0.1521288157750312,0.1567051111759156,0.7227183335163446,0.0,0.17376333085322848,0.0,0.0,0.0,0.0
force_step,CurrentOnly-AE-CeNN-494,3228,0.09397487959125986,0.17876766687960363,0.1814810244118443,1.2049894973677553,0.0,0.16176596413966657,0.0,0.0,0.0,0.0
force_step,CurrentOnly-AE-CeNN-494,3229,0.08593844319415388,0.17444465447751636,0.17717783639087534,1.1145083774983677,0.0,0.19822282756121257,0.0,0.0,0.0,0.0
force_step,CurrentOnly-AE-CeNN-494,3230,0.08933336944540564,0.16813967216755735,0.1752202565169276,1.027541339065987,0.0,0.17166073345520855,0.0,0.0,0.0,0.0
force_step,CurrentOnly-AE-CeNN-494,3231,0.08882651548425789,0.17618106495624766,0.18182753104496924,0.7871942436715221,0.0,0.16929155722607128,0.0,0.0,0.0,0.0
force_step,CurrentOnly-AE-CeNN-494,3232,0.08187735965124539,0.15223364589224472,0.15441094232383384,0.9094935972168878,0.0,0.1858890542041313,0.0,0.0,0.0,0.0
force_step,CurrentOnly-AE-CeNN-494,3233,0.09182830020272575,0.16756559505485555,0.17437382851290972,1.1131301743994246,0.0,0.16846169604142786,0.0,0.0,0.0,0.0
force_step,CurrentOnly-AE-CeNN-494,3234,0.08801818991682461,0.16069151679353527,0.16233504741411964,0.7549452160816277,0.0,0.20195766209947302,0.0,0.0,0.0,0.0
force_step,CurrentOnly-AE-CeNN-494,3235,0.09206185616035702,0.17344287429998595,0.17892128575029154,0.8903743863253535,0.0,0.1805829212660573,0.0,0.0,0.0,0.0
force_step,CurrentOnly-AE-CeNN-494,3236,0.09181858744737009,0.18126520158301915,0.1864216512160357,0.8690524929347864,0.0,0.1787750586235596,0.0,0.0,0.0,0.0
force_step,CurrentOnly-AE-CeNN-494,3237,0.08374368829366186,0.1582522943690184,0.16052985138850548,0.9303048225741634,0.0,0.18538661643904822,0.0,0.0,0.0,0.0
force_step,CurrentOnly-AE-CeNN-494,3238,0.08863021463301657,0.1691173137255337,0.17685798040886025,0.8890250823461459,0.0,0.15849740217952055,0.0,0.0,0.0,0.0
force_step,CurrentOnly-AE-CeNN-494,3239,0.09047689090143023,0.17393426666913273,0.17812501808709147,0.7508691600458633,0.0,0.17958555742879168,0.0,0.0,0.0,0.0
force_step,CurrentOnly-AE-CeNN-494,3240,0.08856705316021031,0.1655535530281123,0.16930224918326936,0.84012193695901,0.0,0.17735050400234179,0.0,0.0,0.0,0.0
force_step,CurrentOnly-AE-CeNN-494,3241,0.08971352871233935,0.17143951214419945,0.17703604082929253,0.7442213141495295,0.0,0.16483266896532123,0.0,0.0,0.0,0.0
force_step,CurrentOnly-AE-CeNN-494,3242,0.08423278751322773,0.15725420174857846,0.16484186160156558,1.169410009881368,0.0,0.19981676269035797,0.0,0.0,0.0,0.0
force_step,CurrentOnly-AE-CeNN-494,3243,0.08564853369307461,0.16341063904444036,0.1702021401179585,0.9495798882071497,0.0,0.1785599649629622,0.0,0.0,0.0,0.0
force_step,CurrentOnly-AE-CeNN-494,3244,0.09384177065821794,0.18209264192021588,0.18693959101405377,0.5955437526598583,0.0,0.1712799953324207,0.0,0.0,0.0,0.0
force_step,CurrentOnly-AE-CeNN-494,3245,0.08864357640485017,0.17427065280505524,0.18016981240649066,0.8447659481426825,0.0,0.17657600633851203,0.0,0.0,0.0,0.0
force_step,CurrentOnly-AE-CeNN-494,3246,0.09114807074962036,0.1679330337620998,0.17112654645990658,0.8030805060439512,0.0,0.19139033758166366,0.0,0.0,0.0,0.0
force_step,CurrentOnly-AE-CeNN-494,3247,0.08723711415219926,0.16523259296324483,0.17013817205296125,0.7052905290613307,0.0,0.18271554551101266,0.0,0.0,0.0,0.0
force_step,CurrentOnly-AE-CeNN-494,3248,0.08762738307752124,0.16155331866849984,0.16779460362322357,0.9448213262515921,0.0,0.18132813926536318,0.0,0.0,0.0,0.0
force_step,CurrentOnly-AE-CeNN-494,3249,0.0848937517913653,0.1666084437577565,0.17134604648857527,1.120977848153322,0.0,0.20295286634264528,0.0,0.0,0.0,0.0
force_step,CurrentOnly-AE-CeNN-494,3250,0.09453153110365672,0.17570498919945868,0.17911724634787804,0.5744472081586366,0.0,0.17059387991622404,0.0,0.0,0.0,0.0
force_step,CurrentOnly-AE-CeNN-494,3251,0.08508131440428525,0.156147195085881,0.1630106386121537,0.8838390371064195,0.0,0.17339136982508396,0.0,0.0,0.0,0.0
force_step,CurrentOnly-AE-CeNN-494,3252,0.09708324445808512,0.18623645163649014,0.19058469993723898,0.8915107344382166,0.0,0.1816037699997586,0.0,0.0,0.0,0.0
force_step,CurrentOnly-AE-CeNN-494,3253,0.0868544614227232,0.16750433300592002,0.17213607990237803,0.8937997681748625,0.0,0.18456431571404125,0.0,0.0,0.0,0.0
force_step,CurrentOnly-AE-CeNN-494,3254,0.08882555886084062,0.17927171864195354,0.18206415122415198,1.0194166018952993,0.0,0.17589990808374803,0.0,0.0,0.0,0.0
force_step,CurrentOnly-AE-CeNN-494,3255,0.08085190074558453,0.15744882392233386,0.1609493013755401,0.964675351699503,0.0,0.2041664444627525,0.0,0.0,0.0,0.0
force_step,CurrentOnly-AE-CeNN-494,3256,0.09395834203395108,0.1784428682908938,0.1809933880780743,1.1292665604931587,0.0,0.1707629009666448,0.0,0.0,0.0,0.0
force_step,CurrentOnly-AE-CeNN-494,3257,0.0918808857067055,0.1707652840747219,0.1749850090828643,0.7868375993964859,0.0,0.18808242587458926,0.0,0.0,0.0,0.0
force_step,CurrentOnly-AE-CeNN-494,3258,0.08162284559072024,0.1490428365914549,0.1514250155967008,0.6995718482904021,0.0,0.19988310122481484,0.0,0.0,0.0,0.0
force_step,CurrentOnly-AE-CeNN-494,3259,0.08906460599661482,0.17620739573817928,0.1799074885655676,0.6610460732864005,0.0,0.1934616254224313,0.0,0.0,0.0,0.0
force_step,CurrentOnly-AE-CeNN-494,3260,0.09153323430704641,0.17784009481791563,0.18400460157425805,0.8716654096111819,0.0,0.18136653958876034,0.0,0.0,0.0,0.0
force_step,CurrentOnly-AE-CeNN-494,3261,0.08052236202900129,0.1489119592856981,0.15221703241011222,0.8956013067521903,0.0,0.18843439376309798,0.0,0.0,0.0,0.0
force_step,CurrentOnly-AE-CeNN-494,3262,0.09577358198264078,0.18344517073236985,0.1874542343604833,0.6588786290864657,0.0,0.1819230611560616,0.0,0.0,0.0,0.0
force_step,CurrentOnly-AE-CeNN-494,3263,0.09620289912450106,0.18015388391724724,0.18376935040043613,0.926734369922843,0.0,0.17156470848500077,0.0,0.0,0.0,0.0
force_step,CurrentOnly-AE-CeNN-494,3264,0.08054966357167999,0.1465187948827574,0.14963521659849652,0.8958726138183046,0.0,0.21067973824609024,0.0,0.0,0.0,0.0
force_step,CurrentOnly-AE-CeNN-494,3265,0.08757490836005273,0.17757042262328862,0.18021336680403785,1.0463080630840098,0.0,0.18914981846658604,0.0,0.0,0.0,0.0
force_step,CurrentOnly-AE-CeNN-494,3266,0.09061645132945531,0.1824270000714295,0.186307273191869,1.0351284134388001,0.0,0.1866027378826974,0.0,0.0,0.0,0.0
force_step,CurrentOnly-AE-CeNN-494,3267,0.09440193145864079,0.1888363092716846,0.1936271188924205,0.7599967709907874,0.0,0.1563718155503468,0.0,0.0,0.0,0.0
force_step,CurrentOnly-AE-CeNN-494,3268,0.08190207316571017,0.16084113156295893,0.1695040720198918,0.8922479057910143,0.0,0.19758902285607682,0.0,0.0,0.0,0.0
force_step,CurrentOnly-AE-CeNN-494,3269,0.09136515419849152,0.17023816462812796,0.17309127650350184,1.1616609626230905,0.0,0.18136136125170907,0.0,0.0,0.0,0.0
force_step,CurrentOnly-AE-CeNN-494,3270,0.09031131828347432,0.17785373834776383,0.18833370173959577,0.7366115351554562,0.0,0.17737557907712667,0.0,0.0,0.0,0.0
force_step,CurrentOnly-AE-CeNN-494,3271,0.0942151159862874,0.18077924004115173,0.19108340418575767,0.7574873617288194,0.0,0.16270787989625,0.0,0.0,0.0,0.0
force_step,CurrentOnly-AE-CeNN-494,3272,0.08736899635481946,0.16208675019355964,0.17079819803743992,0.7677406287311129,0.0,0.19618256437432166,0.0,0.0,0.0,0.0
force_step,CurrentOnly-AE-CeNN-494,3273,0.09150692688259138,0.180213366872144,0.1856630376118,0.5755800286845814,0.0,0.19869754061406947,0.0,0.0,0.0,0.0
force_step,CurrentOnly-AE-CeNN-494,3274,0.08079311177769863,0.15281996692483055,0.15758667120275036,0.9695910039303081,0.0,0.1935451787295943,0.0,0.0,0.0,0.0
force_step,CurrentOnly-AE-CeNN-494,3275,0.09113715221051905,0.17960419678017875,0.18545934072106915,1.051720417797778,0.0,0.18479997933895767,0.0,0.0,0.0,0.0
force_step,CurrentOnly-AE-CeNN-494,3276,0.08784305155119314,0.16795735300215292,0.17754387460219648,0.5795082521065323,0.0,0.1863141981153563,0.0,0.0,0.0,0.0
force_step,CurrentOnly-AE-CeNN-494,3277,0.09019834162811019,0.16800656302644118,0.17694123481570004,0.7980624252181073,0.0,0.17522437881736128,0.0,0.0,0.0,0.0
force_step,CurrentOnly-AE-CeNN-494,3278,0.08879389624313049,0.16928716306572394,0.1757437886318448,0.790726029770399,0.0,0.1714030390437705,0.0,0.0,0.0,0.0
force_step,CurrentOnly-AE-CeNN-494,3279,0.08587636918105454,0.15713993466196333,0.15837435385934923,0.8792409148590562,0.0,0.1788136988546925,0.0,0.0,0.0,0.0
force_step,CurrentOnly-AE-CeNN-494,3280,0.09578839844777644,0.17919744563310108,0.18444128961103698,0.6478608412942541,0.0,0.18168116632179368,0.0,0.0,0.0,0.0
force_step,CurrentOnly-AE-CeNN-494,3281,0.08503192371770708,0.15806580367127712,0.16155247968100048,0.8824864767069677,0.0,0.214535405126361,0.0,0.0,0.0,0.0
force_step,CurrentOnly-AE-CeNN-494,3282,0.08835144087952648,0.17700658265614852,0.1869671893526286,0.6386952029611125,0.0,0.1802241943063294,0.0,0.0,0.0,0.0
force_step,CurrentOnly-AE-CeNN-494,3283,0.08258867514621387,0.15876992359254166,0.16106891672409368,1.0789202479489313,0.0,0.18160298178044665,0.0,0.0,0.0,0.0
force_step,CurrentOnly-AE-CeNN-494,3284,0.08694330806759547,0.16575061650888273,0.1751546550846721,0.6350831869789473,0.0,0.1706503241489861,0.0,0.0,0.0,0.0
force_step,CurrentOnly-AE-CeNN-494,3285,0.09631612977918858,0.18254545799461794,0.1863333164454054,0.5356327875945038,0.0,0.18951393426048457,0.0,0.0,0.0,0.0
force_step,CurrentOnly-AE-CeNN-494,3286,0.08813367624238955,0.16098118702848813,0.16751679642243278,0.9458142309658342,0.0,0.1741204339774463,0.0,0.0,0.0,0.0
force_step,CurrentOnly-AE-CeNN-494,3287,0.08313149268632113,0.15385798524738076,0.15601403809806413,0.9160307330083413,0.0,0.17750834634772464,0.0,0.0,0.0,0.0
force_step,CurrentOnly-AE-CeNN-494,3288,0.09206723947021411,0.1766290312922412,0.18263671388083608,0.767772663073876,0.0,0.17514292432930847,0.0,0.0,0.0,0.0
force_step,CurrentOnly-AE-CeNN-494,3289,0.09136817483637627,0.17320090141957337,0.17692423151573325,0.9830237110468211,0.0,0.20451173024451236,0.0,0.0,0.0,0.0
force_step,CurrentOnly-AE-CeNN-494,3290,0.08259753078562679,0.15099862349010335,0.15522647110649695,0.953089451503078,0.0,0.17777831087317572,0.0,0.0,0.0,0.0
force_step,CurrentOnly-AE-CeNN-494,3291,0.09597810602139388,0.18561217845446645,0.18961952090244794,0.7840555673678073,0.0,0.1661770126244128,0.0,0.0,0.0,0.0
force_step,CurrentOnly-AE-CeNN-494,3292,0.0966593016467303,0.1768904777264952,0.18075346662518116,0.9200317520169378,0.0,0.17467362815563847,0.0,0.0,0.0,0.0
force_step,CurrentOnly-AE-CeNN-494,3293,0.09037416702227404,0.1793296517923374,0.1896268001905525,0.7020525253621986,0.0,0.18426969196608292,0.0,0.0,0.0,0.0
force_step,CurrentOnly-AE-CeNN-494,3294,0.08046885235713526,0.15511979937538,0.16114035789824058,1.0245132724591086,0.0,0.20413712748007853,0.0,0.0,0.0,0.0
force_step,CurrentOnly-AE-CeNN-494,3295,0.08228418524586686,0.16199055748710117,0.1669379223836718,1.123782418923214,0.0,0.21370800544141955,0.0,0.0,0.0,0.0
force_step,CurrentOnly-AE-CeNN-494,3296,0.0944852715736835,0.18469868997667888,0.18829882227066194,0.8305318333490039,0.0,0.16220780907071966,0.0,0.0,0.0,0.0
force_step,CurrentOnly-AE-CeNN-494,3297,0.08529238723251845,0.1556235052000632,0.15954170471191376,0.9671396271408903,0.0,0.17116772284425735,0.0,0.0,0.0,0.0
force_step,CurrentOnly-AE-CeNN-494,3298,0.08447090835808788,0.1588146087181476,0.1606691757359643,0.8900237696130145,0.0,0.18711532344593163,0.0,0.0,0.0,0.0
force_step,CurrentOnly-AE-CeNN-494,3299,0.08609482647572447,0.17022478604262298,0.1732738643668328,0.9969710764131379,0.0,0.18576462171940034,0.0,0.0,0.0,0.0
force_step,AlwaysOpen-HistorySide,3200,0.08750421015578974,0.16119970177155657,0.16791457172276902,0.6725571694494048,0.0,0.17643880375001122,0.1617886513902615,0.16491150096037843,1.0,1.0
force_step,AlwaysOpen-HistorySide,3201,0.09153049417402638,0.1765249681234559,0.1795255171284589,1.0675710454883032,0.0,0.1712240644968064,0.16174531082273816,0.1646664606663819,1.0,1.0
force_step,AlwaysOpen-HistorySide,3202,0.08924860551426946,0.16458915236362923,0.166413663807595,0.9716059062665567,0.0,0.17723546306308266,0.1612654032778863,0.1631272455079902,1.0,1.0
force_step,AlwaysOpen-HistorySide,3203,0.08281638477286542,0.15461201313845532,0.1574205154999602,0.9141556153483381,0.0,0.21865885403515017,0.1618043114418744,0.16361894108419917,1.0,1.0
force_step,AlwaysOpen-HistorySide,3204,0.08468066694714006,0.15632447862202645,0.16372233359589303,0.7082282012052287,0.0,0.18225376186544426,0.1618071208411313,0.16496902696012766,1.0,1.0
force_step,AlwaysOpen-HistorySide,3205,0.08209489006909328,0.15076316948789908,0.15363506876885485,1.145763288282448,0.0,0.20586972074538995,0.16181811516212008,0.16385410477173312,1.0,1.0
force_step,AlwaysOpen-HistorySide,3206,0.08228355326029514,0.16151350007053886,0.16679338291832382,0.7743880319238763,0.0,0.21522312398783622,0.1616950685413424,0.16353529096561492,1.0,1.0
force_step,AlwaysOpen-HistorySide,3207,0.08370130734325999,0.1593261004420528,0.16186348593772756,0.9200955516536313,0.0,0.19294186598490612,0.1614989913774419,0.1636087010939921,1.0,1.0
force_step,AlwaysOpen-HistorySide,3208,0.08415059785377098,0.15855193620011823,0.16446128138203223,0.8462496124971621,0.0,0.2050412229743722,0.16183273117489017,0.16399520142438895,1.0,1.0
force_step,AlwaysOpen-HistorySide,3209,0.0828587658612608,0.1562645010966087,0.15930780456549803,0.8157575816770177,0.0,0.209447343145655,0.16192845757347252,0.16395450156977984,1.0,1.0
force_step,AlwaysOpen-HistorySide,3210,0.08246249620610321,0.1520189050537869,0.1569912719360983,0.9244167184795918,0.0,0.17728725678517426,0.1620710381682129,0.164389200818243,1.0,1.0
force_step,AlwaysOpen-HistorySide,3211,0.08807933995753174,0.16264000505937035,0.16619666802977542,0.8229117650722393,0.0,0.19222167185864944,0.16153591141919585,0.16375771533535471,1.0,1.0
force_step,AlwaysOpen-HistorySide,3212,0.07932268727956308,0.1525181214823516,0.15657049289760197,0.9748108076582995,0.0,0.20498726183020216,0.16157809662071163,0.16385538567090932,1.0,1.0
force_step,AlwaysOpen-HistorySide,3213,0.08817246355088335,0.1625385731300575,0.16891151236970267,0.6384659143338014,0.0,0.19366060080072633,0.1618376310687165,0.16384263676566369,1.0,1.0
force_step,AlwaysOpen-HistorySide,3214,0.09470985565499018,0.1746873316594537,0.1850548269883611,0.6625271327428385,0.0,0.17954371903933067,0.1618698183705151,0.16399844345009493,1.0,1.0
force_step,AlwaysOpen-HistorySide,3215,0.08649940303255149,0.16842507732148196,0.17222334468599865,0.8607521975156309,0.0,0.19194313981233824,0.16187289183026643,0.16415413916338387,1.0,1.0
force_step,AlwaysOpen-HistorySide,3216,0.0906107764937661,0.1821815256983519,0.1866008896283544,0.7876870232463231,0.0,0.18424795909378974,0.16172260119813517,0.16413490607218673,1.0,1.0
force_step,AlwaysOpen-HistorySide,3217,0.081718851906437,0.15113993962235325,0.15287333390406746,0.7666249610225746,0.0,0.1988701483688148,0.16160651777124121,0.1636019442197392,1.0,1.0
force_step,AlwaysOpen-HistorySide,3218,0.0856104132922851,0.15871933603558094,0.16155159012246162,1.055794562351501,0.0,0.19383441842352664,0.1616503843377745,0.1635369042393475,1.0,1.0
force_step,AlwaysOpen-HistorySide,3219,0.07869691692865502,0.14954786420385383,0.15401885559062367,1.0434674737880585,0.0,0.19715483697351732,0.16225492363556565,0.16506388607600803,1.0,1.0
force_step,AlwaysOpen-HistorySide,3220,0.07582308249657871,0.14118010275772283,0.1436707833966484,1.0172804726639828,0.0,0.21322011211627726,0.16168181408196997,0.1636074519704502,1.0,1.0
force_step,AlwaysOpen-HistorySide,3221,0.08328381493821108,0.15559805085046083,0.15928084875089438,0.9683578002297932,0.0,0.1896328128830525,0.16163220653502247,0.1634135249483263,1.0,1.0
force_step,AlwaysOpen-HistorySide,3222,0.08744627350712703,0.16611226197091317,0.16922939181371763,1.1269410652063274,0.0,0.18840996276422484,0.16198730414427912,0.16489044363337926,1.0,1.0
force_step,AlwaysOpen-HistorySide,3223,0.08516443229435375,0.15541703986664968,0.15637430215847478,1.001012557943217,0.0,0.18556454045103823,0.1616168778109397,0.16392078771454693,1.0,1.0
force_step,AlwaysOpen-HistorySide,3224,0.09500790081948918,0.18835498131780867,0.19282650314466876,0.5705991788283168,0.0,0.1995617913599554,0.1614851050892317,0.16331653435940674,1.0,1.0
force_step,AlwaysOpen-HistorySide,3225,0.08872245047104903,0.16938209644275248,0.17504115490356828,0.9548306813943123,0.0,0.19748756542992535,0.16155334221904533,0.16332397423553738,1.0,1.0
force_step,AlwaysOpen-HistorySide,3226,0.08473805412643196,0.16228503753656776,0.16840658568613973,0.7069229864139751,0.0,0.1863486974492612,0.16196057547870193,0.16488929429509463,1.0,1.0
force_step,AlwaysOpen-HistorySide,3227,0.08218774577238261,0.15153288103824386,0.1560097651722797,0.7225738208558846,0.0,0.1750745519928144,0.1616775591115447,0.16360390086051893,1.0,1.0
force_step,AlwaysOpen-HistorySide,3228,0.09379491409988987,0.17833934812409794,0.18100581221299167,1.2046509457762775,0.0,0.16238012405127483,0.16157905966300898,0.16383626895309406,1.0,1.0
force_step,AlwaysOpen-HistorySide,3229,0.08564224583629093,0.1740085564213549,0.17672868236479822,1.114271382439007,0.0,0.20001962052570557,0.1614181515368135,0.16337226211959627,1.0,1.0
force_step,AlwaysOpen-HistorySide,3230,0.08920971807575621,0.16818970994710467,0.17527007919123766,1.0274553276785936,0.0,0.17261985562136262,0.16220406811408425,0.16508445747151657,1.0,1.0
force_step,AlwaysOpen-HistorySide,3231,0.08840541788746953,0.17541076885652374,0.1810330317749958,0.7871038711821476,0.0,0.17074033285230758,0.1616437141500398,0.16411450383348872,1.0,1.0
force_step,AlwaysOpen-HistorySide,3232,0.08139020469437304,0.15140996165169746,0.15365974564618873,0.9095624938315079,0.0,0.18815547206285904,0.16202802803117095,0.16410546437978324,1.0,1.0
force_step,AlwaysOpen-HistorySide,3233,0.09165208907903644,0.1673057265363108,0.17404210182851826,1.113049308385368,0.0,0.16972624821775922,0.16158305001792944,0.16380862320512318,1.0,1.0
force_step,AlwaysOpen-HistorySide,3234,0.08770407070643918,0.160025726456281,0.16182407781147184,0.7547182882294308,0.0,0.2036505358284788,0.16168826375101422,0.163958327649266,1.0,1.0
force_step,AlwaysOpen-HistorySide,3235,0.09168657695728072,0.17338602688747076,0.1787482484613075,0.8900340043386,0.0,0.1824107351612877,0.16184360213333843,0.16409512269366158,1.0,1.0
force_step,AlwaysOpen-HistorySide,3236,0.09152304337587759,0.18137803808068642,0.1864997705278388,0.8689049491928598,0.0,0.18043650983305284,0.16193361102832673,0.16397659345974622,1.0,1.0
force_step,AlwaysOpen-HistorySide,3237,0.08354309157624132,0.15792031207501095,0.16016995399429063,0.93009865852003,0.0,0.18658844292390622,0.16121732187521756,0.16356985947831781,1.0,1.0
force_step,AlwaysOpen-HistorySide,3238,0.08866693271796423,0.16909500230554503,0.1768292668297502,0.8889589522914231,0.0,0.15904007493976355,0.1617303229372984,0.1642879924930853,1.0,1.0
force_step,AlwaysOpen-HistorySide,3239,0.09007725813176316,0.1733632007181857,0.17751016775027786,0.7506503930925383,0.0,0.180972398306067,0.16173331486916895,0.163757185210313,1.0,1.0
force_step,AlwaysOpen-HistorySide,3240,0.08822844217666193,0.16459055840221454,0.1682273149111838,0.8398322822741423,0.0,0.17896505009416722,0.16153456398676244,0.16347339326522733,1.0,1.0
force_step,AlwaysOpen-HistorySide,3241,0.08952263105061822,0.17078962725197333,0.17632228057017804,0.744274335758703,0.0,0.16578580410157429,0.1612248510167814,0.1633495403802746,1.0,1.0
force_step,AlwaysOpen-HistorySide,3242,0.08384253658735884,0.15681251823238193,0.1643328077939074,1.1692499195419375,0.0,0.20190494201979534,0.16201179833667492,0.16424405260070676,1.0,1.0
force_step,AlwaysOpen-HistorySide,3243,0.08554961262556147,0.1632227239037474,0.1699437469132933,0.9496058223206508,0.0,0.17961033740214832,0.16204910809166273,0.16473558740985855,1.0,1.0
force_step,AlwaysOpen-HistorySide,3244,0.0935709661167292,0.18173672802709395,0.1863988485418236,0.5955030479427713,0.0,0.17270028709367247,0.16180852836480075,0.165132683773794,1.0,1.0
force_step,AlwaysOpen-HistorySide,3245,0.08811718808943837,0.1735629460591929,0.17929571088605337,0.8446332597859715,0.0,0.17871382348256043,0.16148551987346058,0.1634239830128204,1.0,1.0
force_step,AlwaysOpen-HistorySide,3246,0.09094065335716997,0.16723053776181773,0.17038158726722105,0.8027974705329185,0.0,0.19239795585148084,0.16148685090997542,0.16344527323304778,1.0,1.0
force_step,AlwaysOpen-HistorySide,3247,0.08698188243538497,0.1643634801205544,0.16920043541800064,0.7052457636105115,0.0,0.18439387301417354,0.16147784577755303,0.16342802187410946,1.0,1.0
force_step,AlwaysOpen-HistorySide,3248,0.08730858170618254,0.16126258494816287,0.16679728048942763,0.9447436015561271,0.0,0.18267980256731148,0.16165568710291875,0.1634314737125632,1.0,1.0
force_step,AlwaysOpen-HistorySide,3249,0.08455339907560541,0.16632732291648847,0.1709867176122293,1.1207317951928895,0.0,0.20492146379953452,0.16217752099246324,0.16504017030918375,1.0,1.0
force_step,AlwaysOpen-HistorySide,3250,0.09428061882964806,0.1752505134077419,0.17871347786257707,0.5743697187418186,0.0,0.17189958351294476,0.1617049814868241,0.1646171861341072,1.0,1.0
force_step,AlwaysOpen-HistorySide,3251,0.08475606258483832,0.15579296943650078,0.16267935334334876,0.8837635009983524,0.0,0.1748977924028216,0.16202674597651387,0.1643916504930389,1.0,1.0
force_step,AlwaysOpen-HistorySide,3252,0.0967339989895397,0.18576211995656247,0.1900364008406684,0.8911366818074684,0.0,0.18364721281673702,0.16146436758768445,0.1633423149532989,1.0,1.0
force_step,AlwaysOpen-HistorySide,3253,0.08675201787138283,0.16731099509856143,0.17183831907455557,0.893567185803887,0.0,0.18545908963884106,0.1618531030844025,0.16396022508744842,1.0,1.0
force_step,AlwaysOpen-HistorySide,3254,0.08844285081076388,0.17889203837691647,0.18176682042401707,1.0193822820392784,0.0,0.17756589497225045,0.16151993461036737,0.163740047608723,1.0,1.0
force_step,AlwaysOpen-HistorySide,3255,0.08052732692472758,0.15722676955731812,0.16058223221752443,0.9642309142619367,0.0,0.20561890368551491,0.1617927812126355,0.16376162212326312,1.0,1.0
force_step,AlwaysOpen-HistorySide,3256,0.09364637473494057,0.17784588018424963,0.18038376798077063,1.129154304467754,0.0,0.1723468973241651,0.1615575243587906,0.16388402872538052,1.0,1.0
force_step,AlwaysOpen-HistorySide,3257,0.09166963450684935,0.17032109958982025,0.17439904143343496,0.7865917528379032,0.0,0.18914574442317236,0.1619573915986464,0.16454402443031121,1.0,1.0
force_step,AlwaysOpen-HistorySide,3258,0.08128609986036414,0.14894064112209793,0.15123136023176958,0.6993671211638907,0.0,0.2016520865306302,0.16178262577555355,0.16363941372232646,1.0,1.0
force_step,AlwaysOpen-HistorySide,3259,0.08885901131237008,0.17573321005231404,0.17934038392017707,0.660855984613577,0.0,0.1947013539497183,0.1617128834490096,0.16350436947363628,1.0,1.0
force_step,AlwaysOpen-HistorySide,3260,0.09148482276627395,0.17784715140120905,0.18392833280350795,0.8715151228565946,0.0,0.18208872735223727,0.16210419973313148,0.16449615438404927,1.0,1.0
force_step,AlwaysOpen-HistorySide,3261,0.079994287613133,0.1480082181127462,0.15136124083165597,0.8955981449532316,0.0,0.19048902054368724,0.161798535997947,0.16375064889810967,1.0,1.0
force_step,AlwaysOpen-HistorySide,3262,0.09527775912445516,0.1827870317789494,0.18665739804226636,0.6586559067557458,0.0,0.1841846166758122,0.16154567969377243,0.16335607958736972,1.0,1.0
force_step,AlwaysOpen-HistorySide,3263,0.09594345121117574,0.1796211361777479,0.1830775739268657,0.9266258671699213,0.0,0.17268892679224973,0.16179480488370984,0.16466412388170443,1.0,1.0
force_step,AlwaysOpen-HistorySide,3264,0.07999887356270832,0.14570988941210736,0.14869622583426964,0.8954054328993732,0.0,0.21301690340009938,0.16185674417353754,0.16377112614923392,1.0,1.0
force_step,AlwaysOpen-HistorySide,3265,0.08707707213371685,0.1770650094055877,0.17962990566808903,1.0462242228878844,0.0,0.1913315013233735,0.1616112626324884,0.16376211882633476,1.0,1.0
force_step,AlwaysOpen-HistorySide,3266,0.090295137819292,0.18168857078039272,0.18546596024517598,1.0348440120063522,0.0,0.18803346645204513,0.16166715916220578,0.16365643527276091,1.0,1.0
force_step,AlwaysOpen-HistorySide,3267,0.09406170347657127,0.18854612923947384,0.1931796995600447,0.7597503181402168,0.0,0.15763666721308478,0.16148922691109388,0.16362599654601134,1.0,1.0
force_step,AlwaysOpen-HistorySide,3268,0.08182862986395732,0.16079064759600975,0.16935873483424582,0.8921397400244317,0.0,0.19844550470763958,0.1618062930666302,0.1639622696362399,1.0,1.0
force_step,AlwaysOpen-HistorySide,3269,0.0910729328108653,0.16957819492486723,0.17249816898504705,1.16128366253295,0.0,0.1830632505422175,0.16194269541949494,0.16507508381388242,1.0,1.0
force_step,AlwaysOpen-HistorySide,3270,0.09002611936599332,0.17778293465195302,0.1882186918463189,0.736599281474801,0.0,0.1787583247990729,0.16186218387941365,0.16389924391455848,1.0,1.0
force_step,AlwaysOpen-HistorySide,3271,0.09399505037982764,0.18060649235622023,0.19087789332310037,0.7574954892233279,0.0,0.16426804049482963,0.16205133731140614,0.16445478142799505,1.0,1.0
force_step,AlwaysOpen-HistorySide,3272,0.08703370348810043,0.16155642443476104,0.1702019115149234,0.7677320572455305,0.0,0.1978006184417222,0.16175250266647986,0.16358409773660884,1.0,1.0
force_step,AlwaysOpen-HistorySide,3273,0.09115251840196746,0.17984292864490187,0.18512823700668118,0.5754291856906002,0.0,0.20021441119994318,0.1613370217999996,0.16333274276781956,1.0,1.0
force_step,AlwaysOpen-HistorySide,3274,0.08035542360061128,0.1521730795243429,0.15680673199141845,0.9693042077547853,0.0,0.1954387955496258,0.1618883607647881,0.16384035135318192,1.0,1.0
force_step,AlwaysOpen-HistorySide,3275,0.09084623911910264,0.17965841857285433,0.18548561302024844,1.051446108403782,0.0,0.18641892112720362,0.16179723467633209,0.16387084983017905,1.0,1.0
force_step,AlwaysOpen-HistorySide,3276,0.08742435410849028,0.1676762968662899,0.1771830527571313,0.5792759272069717,0.0,0.1882985202670623,0.16201414465054495,0.16480331621966732,1.0,1.0
force_step,AlwaysOpen-HistorySide,3277,0.09002505288575534,0.16777646349148498,0.1767389747060242,0.7980338420748982,0.0,0.17634317369080618,0.16235969165951847,0.1651146061141721,1.0,1.0
force_step,AlwaysOpen-HistorySide,3278,0.08819917739132246,0.1685114489453533,0.17485499653446668,0.7906889788491906,0.0,0.17371771750588116,0.16162152051209258,0.16351132266212207,1.0,1.0
force_step,AlwaysOpen-HistorySide,3279,0.08559158895219515,0.15659454055984873,0.15793978410804227,0.8791226205349547,0.0,0.18012913104226194,0.16176911088976303,0.16479731250140517,1.0,1.0
force_step,AlwaysOpen-HistorySide,3280,0.09535673721849995,0.17876896629498287,0.1838992810636176,0.6477753537976049,0.0,0.18360536630938495,0.16146833185460507,0.16344700207207,1.0,1.0
force_step,AlwaysOpen-HistorySide,3281,0.08446548692878698,0.15719704346031063,0.16053169544210402,0.8819608868889474,0.0,0.21701086039898956,0.16171857416559962,0.16356875028483048,1.0,1.0
force_step,AlwaysOpen-HistorySide,3282,0.08797841162123007,0.17690907389576455,0.1867857233802172,0.6387773318369626,0.0,0.1820735352243199,0.1618674746797083,0.1638138380646708,1.0,1.0
force_step,AlwaysOpen-HistorySide,3283,0.08249336048388811,0.1586247426813206,0.16085931363360362,1.0786799411121994,0.0,0.18248119860281742,0.1614343239590953,0.1634070819527115,1.0,1.0
force_step,AlwaysOpen-HistorySide,3284,0.08664224423086592,0.16565736827040412,0.17499189480288674,0.6350456930817631,0.0,0.17174665443618317,0.16190171375530463,0.1639118217824143,1.0,1.0
force_step,AlwaysOpen-HistorySide,3285,0.09592881719214806,0.1820337778233359,0.18573380295648834,0.5353472442150684,0.0,0.1915908994211215,0.16179336829567828,0.1638189650485484,1.0,1.0
force_step,AlwaysOpen-HistorySide,3286,0.08788243936544983,0.16031239702087838,0.1667120235056018,0.9457260034931243,0.0,0.1753534805666281,0.16134070674782913,0.16336585999342823,1.0,1.0
force_step,AlwaysOpen-HistorySide,3287,0.0828733047340159,0.15368825304642905,0.15585666479658616,0.9157806507744102,0.0,0.17884020919050114,0.16156952330956367,0.16359420561583676,1.0,1.0
force_step,AlwaysOpen-HistorySide,3288,0.09151148694600372,0.17601246053500277,0.18184277052162792,0.7675943100889074,0.0,0.17710571580112278,0.1613968588294158,0.16335159714132555,1.0,1.0
force_step,AlwaysOpen-HistorySide,3289,0.09103218003834608,0.17277080922098537,0.17635418574271544,0.9825828359486488,0.0,0.20618657681789546,0.1616484428373413,0.16335742656277352,1.0,1.0
force_step,AlwaysOpen-HistorySide,3290,0.0823362591379319,0.1506374297712536,0.1545657150560422,0.9529357375870385,0.0,0.1789838277610745,0.16199146652063642,0.1641654995439997,1.0,1.0
force_step,AlwaysOpen-HistorySide,3291,0.09548828361766379,0.1850806870063585,0.18901099946489644,0.7840526069127522,0.0,0.16805983918423337,0.16139005164569104,0.1634661810741437,1.0,1.0
force_step,AlwaysOpen-HistorySide,3292,0.09645730679151769,0.17651464148431553,0.18024362902010194,0.9196768086469729,0.0,0.17547617484377248,0.16129989679155804,0.16350494797517465,1.0,1.0
force_step,AlwaysOpen-HistorySide,3293,0.09003524530344885,0.1790833051241116,0.18930602782597894,0.7020294169364143,0.0,0.18594205753914855,0.161822464100186,0.16405192952033748,1.0,1.0
force_step,AlwaysOpen-HistorySide,3294,0.07992703421294886,0.15430197716415062,0.16030213491247727,1.0243046584720519,0.0,0.20627359662699069,0.16175619072588962,0.16366964129375428,1.0,1.0
force_step,AlwaysOpen-HistorySide,3295,0.08199924418786722,0.16188382295455667,0.16672605628636153,1.1232828299719466,0.0,0.21527231035755823,0.16199146305471682,0.1639136205987949,1.0,1.0
force_step,AlwaysOpen-HistorySide,3296,0.09428638530300797,0.18420377772949625,0.18770403547187,0.8302172520557253,0.0,0.16296564773400868,0.1611319429545383,0.16332895953151286,1.0,1.0
force_step,AlwaysOpen-HistorySide,3297,0.08516209274349511,0.15556327564907327,0.15900645004503464,0.9669926214036869,0.0,0.17206876896729156,0.16184006842544427,0.16496009385147598,1.0,1.0
force_step,AlwaysOpen-HistorySide,3298,0.08416193414971186,0.15859297565921837,0.16048523281776905,0.8897561270077027,0.0,0.18859747348775505,0.161608772156201,0.1637995503838707,1.0,1.0
force_step,AlwaysOpen-HistorySide,3299,0.08587768858345278,0.16961361298518948,0.17263998795298546,0.9966777685622624,0.0,0.18666930431884063,0.16139928717443572,0.16347399713042882,1.0,1.0
force_step,EventDetected-GatedHistory,3200,0.08748849152933152,0.16121054741294566,0.16790737132296418,0.6725662585822084,0.0,0.17630670507529658,0.10682677939678359,0.16491059188274232,0.6595080956288917,0.9999999999999065
force_step,EventDetected-GatedHistory,3201,0.0915417902652508,0.1765273841933376,0.17952945787869576,1.0676868585630106,0.0,0.1712307343314683,0.10587124570773415,0.16466669653318883,0.6538181705705196,0.9999999999999065
force_step,EventDetected-GatedHistory,3202,0.08923066661528237,0.16459792815007623,0.16641768304320662,0.971763167662979,0.0,0.17721131072337284,0.10442545801024636,0.16284401697453935,0.6479373924099583,0.9999999999999065
force_step,EventDetected-GatedHistory,3203,0.08283819279010458,0.15461954431883826,0.1574313798354114,0.9141958131245622,0.0,0.21852651896675165,0.10591395738246724,0.16352441386925312,0.6537737094400291,0.9999999999999065
force_step,EventDetected-GatedHistory,3204,0.0846763437214107,0.15633365908742167,0.1637180172975314,0.7082312664759767,0.0,0.18210534649417284,0.10708194728511526,0.16496894464637415,0.6609484618979069,0.9999999999999065
force_step,EventDetected-GatedHistory,3205,0.08206555930833262,0.1507603180966837,0.15364316139330333,1.1458664819398494,0.0,0.20585627904688217,0.10584787208677238,0.1638156613962678,0.653207206734487,0.9999999999999065
force_step,EventDetected-GatedHistory,3206,0.08229919002898639,0.16154119759554694,0.16679516099730235,0.774443079791423,0.0,0.21518942559096366,0.10568157366509097,0.16338772352263642,0.653039337030644,0.9999999999999065
force_step,EventDetected-GatedHistory,3207,0.08367037430377261,0.1593322741602697,0.16187133219535707,0.9201376611466787,0.0,0.1928016523156736,0.10348410411402355,0.1634836645766416,0.6406821827969671,0.9999999999999065
force_step,EventDetected-GatedHistory,3208,0.08414141447521735,0.15854110301664667,0.16445690044875264,0.8463586951884605,0.0,0.20503681280659225,0.10539172457019437,0.16394313977272457,0.6504016928991551,0.9999999999999065
force_step,EventDetected-GatedHistory,3209,0.08287303060316788,0.1562860282460245,0.15931448489356043,0.8157926551034806,0.0,0.20932938506313215,0.10479926242904493,0.16393978721896954,0.6460077878854921,0.9999999999999065
force_step,EventDetected-GatedHistory,3210,0.08249089956544284,0.15203781155430254,0.1569892890592556,0.9243687261540546,0.0,0.17711583167776743,0.10505320599618266,0.16438846676753807,0.6466592208256499,0.9999999999999065
force_step,EventDetected-GatedHistory,3211,0.088058764749656,0.162634457602138,0.16619680093803435,0.823008027115309,0.0,0.1921825233609489,0.1022144727045022,0.1635956740085532,0.6325558549196882,0.9999999999999065
force_step,EventDetected-GatedHistory,3212,0.07930666850843757,0.15251537912932314,0.15657692434549442,0.974789523483808,0.0,0.20492976193695808,0.10507861596759092,0.1637756956706494,0.6500191112533601,0.9999999999999065
force_step,EventDetected-GatedHistory,3213,0.08819922983347755,0.16253556320742862,0.16890995355909508,0.6385066404411808,0.0,0.1935788244344352,0.10641573919950763,0.1638076821090189,0.6566388678258714,0.9999999999999065
force_step,EventDetected-GatedHistory,3214,0.09470274056381611,0.17468877252907855,0.18504955371284793,0.662481495404156,0.0,0.17941568259294347,0.10802561672094134,0.16398337900013327,0.666383125611672,0.9999999999999065
force_step,EventDetected-GatedHistory,3215,0.08649483110829326,0.1684150168469723,0.17222425815796547,0.8607545075317184,0.0,0.19195296430463768,0.10575274297703349,0.16414476301126718,0.6522639978707386,0.9999999999999065
force_step,EventDetected-GatedHistory,3216,0.09063032271212962,0.1822132274098042,0.18661149563230445,0.7876662749309249,0.0,0.18414504579891805,0.10762488021439523,0.16404154057666817,0.664855844639855,0.9999999999999065
force_step,EventDetected-GatedHistory,3217,0.08172591618896856,0.15113991116181125,0.15287774992016945,0.7667319024426102,0.0,0.19885956145226427,0.10503344353190977,0.1634946001262064,0.6496774254524538,0.9999999999999065
force_step,EventDetected-GatedHistory,3218,0.08561462993521216,0.15871570972409985,0.16155313066333554,1.0558706222397012,0.0,0.1937974274879273,0.10713510755897848,0.1633195692519496,0.6623074469872754,0.9999999999999065
force_step,EventDetected-GatedHistory,3219,0.07873719110807062,0.14955726278145778,0.15401336954100978,1.0434209201171047,0.0,0.196977736308714,0.10373226924855995,0.16506290234370022,0.6373474399079297,0.9999999999999065
force_step,EventDetected-GatedHistory,3220,0.07582851238893804,0.14119424775794814,0.1436690294378479,1.017173131549997,0.0,0.21314930981522764,0.102387179695381,0.1634775952949997,0.6326728397163065,0.9999999999999065
force_step,EventDetected-GatedHistory,3221,0.08328769770635398,0.15557885959811704,0.15927943441225495,0.9683454725645084,0.0,0.18957548133839977,0.10771307849809973,0.16311851186289103,0.6659533409458013,0.9999999999999065
force_step,EventDetected-GatedHistory,3222,0.08747905711625287,0.16613705168194495,0.16924304840933002,1.1270061148500212,0.0,0.1883473927720856,0.10659096429904644,0.16489019434462693,0.6568501040577219,0.9999999999999065
force_step,EventDetected-GatedHistory,3223,0.08513781727158067,0.1554239656135499,0.15638763127898578,1.0011569739133577,0.0,0.18545579446150193,0.10437021301804637,0.16381527123109724,0.6453771054772186,0.9999999999999065
force_step,EventDetected-GatedHistory,3224,0.09499821857253676,0.18835473285387674,0.19283444183200973,0.570703452583743,0.0,0.19957647410608081,0.10598616823639746,0.1629339599743817,0.6562956486735707,0.9999999999999065
force_step,EventDetected-GatedHistory,3225,0.08873484189421313,0.1693877148706099,0.17503895702977817,0.9548425588793313,0.0,0.19738936731897078,0.10667979457295786,0.16314059495598204,0.6600501094686819,0.9999999999999065
force_step,EventDetected-GatedHistory,3226,0.08476995581875069,0.16228543995673325,0.16840697952258873,0.7069058362351034,0.0,0.18623686307083717,0.10658397403142161,0.16488871673198943,0.6568921056162194,0.9999999999999065
force_step,EventDetected-GatedHistory,3227,0.08220054237431837,0.15156303079429298,0.15600856228305787,0.7227237205914382,0.0,0.1749600716940999,0.10215821079177599,0.1634989534330125,0.6312821093361101,0.9999999999999065
force_step,EventDetected-GatedHistory,3228,0.09379407578569454,0.17834564673187395,0.18101315080133065,1.2048185984756965,0.0,0.1624423301240612,0.10773588357781624,0.16370415561642543,0.6664681899986142,0.9999999999999065
force_step,EventDetected-GatedHistory,3229,0.08562863583606886,0.17402967971229782,0.17674265979204082,1.1142898514681914,0.0,0.1999265673250252,0.10639522354414128,0.16291827929946254,0.6591323896073389,0.9999999999999065
force_step,EventDetected-GatedHistory,3230,0.08921484561340744,0.1681901553128084,0.17527046337793797,1.0275040605876702,0.0,0.1725810146468635,0.10756820693659827,0.1650842422525305,0.6615280930651966,0.9999999999999065
force_step,EventDetected-GatedHistory,3231,0.08841669032793367,0.17541251663034663,0.18103510935018594,0.7870435681480823,0.0,0.17062207161652052,0.10566876801616322,0.16407270451990233,0.6532103281142542,0.9999999999999065
force_step,EventDetected-GatedHistory,3232,0.08142441616579729,0.15141554624073558,0.15365509355136348,0.9095572200675814,0.0,0.18807875037251512,0.10557257257554274,0.16407819458766282,0.6502466141162232,0.9999999999999065
force_step,EventDetected-GatedHistory,3233,0.0916491319421923,0.16731058645774688,0.17403918945223862,1.113148506195112,0.0,0.16967523544244803,0.10550247009527242,0.16369096683720627,0.6526859715248473,0.9999999999999065
force_step,EventDetected-GatedHistory,3234,0.08770754576240501,0.16003192805481947,0.1618273899372249,0.7547591904349615,0.0,0.20357057880078855,0.10377126002077108,0.16391258538428172,0.6412049328298409,0.9999999999999065
force_step,EventDetected-GatedHistory,3235,0.09170989820622032,0.17339522779123395,0.17875149086623837,0.8900711802937301,0.0,0.18228451973580825,0.106468261822458,0.16405608792182422,0.6570001356787153,0.9999999999999065
force_step,EventDetected-GatedHistory,3236,0.09153923655317463,0.18136933209753509,0.1864997103993291,0.8689114445138867,0.0,0.18026434270459543,0.10432708860583581,0.16396986852924395,0.6430654913836286,0.9999999999999065
force_step,EventDetected-GatedHistory,3237,0.08351589094397419,0.1579195040468915,0.16017978731239896,0.9301713303571018,0.0,0.18656811715690164,0.10259760113310396,0.1629814327186272,0.6369689750738095,0.9999999999999065
force_step,EventDetected-GatedHistory,3238,0.08863817008665395,0.16909182214235394,0.1768255933216602,0.8889962216322554,0.0,0.15894408206304922,0.10599019033514001,0.16428375331472986,0.6547426713086442,0.9999999999999065
force_step,EventDetected-GatedHistory,3239,0.09008812282749794,0.17336056052715562,0.1775159737320598,0.7505650160926121,0.0,0.18088989357611063,0.10505464710252092,0.1637160193550688,0.6488829208531757,0.9999999999999065
force_step,EventDetected-GatedHistory,3240,0.08822190356707353,0.16460376182333597,0.16822366773404188,0.8399454896901549,0.0,0.17893083863403314,0.10340341245432982,0.1631483523820024,0.6399464135882872,0.9999999999999065
force_step,EventDetected-GatedHistory,3241,0.08950523125889798,0.17079961106144376,0.17632603727640472,0.7443962794695176,0.0,0.16571013413461277,0.10490536974211305,0.16294162968128315,0.6510869058959187,0.9999999999999065
force_step,EventDetected-GatedHistory,3242,0.0838587717470401,0.15681464506571297,0.1643263886589173,1.1691937469907328,0.0,0.20177817507760643,0.1055981223738506,0.16422937970762608,0.6505195069924489,0.9999999999999065
force_step,EventDetected-GatedHistory,3243,0.08552959994328314,0.16321152227686972,0.16993595671124298,0.9496785403839042,0.0,0.17952099782356246,0.10604220279975449,0.16473524228892722,0.6530587540113728,0.9999999999999065
force_step,EventDetected-GatedHistory,3244,0.09357298959088169,0.18174002552257182,0.18640625641995615,0.5955660317104027,0.0,0.17260966479783788,0.10896223345210153,0.16513238109426145,0.6726290164641758,0.9999999999999065
force_step,EventDetected-GatedHistory,3245,0.08814304884088184,0.17356985862245403,0.17929605259838735,0.8445476390521887,0.0,0.17859295239743275,0.10516518101957496,0.163010106724391,0.6510963657995611,0.9999999999999065
force_step,EventDetected-GatedHistory,3246,0.09092274662987444,0.16724601213063148,0.17038480639431836,0.802911617802915,0.0,0.19233602311713022,0.10569368551972251,0.16315638457722384,0.6542530174129959,0.9999999999999065
force_step,EventDetected-GatedHistory,3247,0.08696415689998592,0.16436879836082813,0.1692060981172626,0.7052777598042747,0.0,0.1843401790533978,0.10388169496546908,0.16294798585125275,0.6431258139916304,0.9999999999999065
force_step,EventDetected-GatedHistory,3248,0.0873099022910082,0.16126604466293945,0.16679741915600324,0.9448160620132383,0.0,0.18257896713108054,0.10750852796391967,0.16321079859992546,0.6646066423905208,0.9999999999999065
force_step,EventDetected-GatedHistory,3249,0.08456973305583868,0.16632887138389343,0.1709842592684375,1.120669867246684,0.0,0.20472656739559741,0.10670258173826618,0.16504029294196476,0.6563022270285627,0.9999999999999065
force_step,EventDetected-GatedHistory,3250,0.09427819973802051,0.17526052984550797,0.17870707676793565,0.5744495722835675,0.0,0.17184174721636308,0.10729188108006385,0.16461675435421216,0.662994594678349,0.9999999999999065
force_step,EventDetected-GatedHistory,3251,0.08478494331827274,0.15579040132930844,0.16267633562508368,0.8836931109496156,0.0,0.17478102316736116,0.10592520235392969,0.16437741694469254,0.6523490967404757,0.9999999999999065
force_step,EventDetected-GatedHistory,3252,0.0967423944840731,0.18576684973624646,0.1900421820085902,0.8911825330335796,0.0,0.18349139267737108,0.10680873320856027,0.16297247049349714,0.6615781702389936,0.9999999999999065
force_step,EventDetected-GatedHistory,3253,0.08673955843692369,0.16731957476687154,0.17183986502922302,0.8936369089317284,0.0,0.18538247434198057,0.10596511728414292,0.16395028773605527,0.6537200959706091,0.9999999999999065
force_step,EventDetected-GatedHistory,3254,0.08845539105448956,0.17890019447688743,0.18177593803223227,1.0193982549097744,0.0,0.17752053823767214,0.10527698913387841,0.16364625462337165,0.6515999543053431,0.9999999999999065
force_step,EventDetected-GatedHistory,3255,0.08052200063568922,0.15720724664520178,0.1605859281164984,0.9642722203209746,0.0,0.20554371961302997,0.10323068309063131,0.1637257238196849,0.6371500554184277,0.9999999999999065
force_step,EventDetected-GatedHistory,3256,0.09365296331947782,0.17784958217470653,0.1803891708132603,1.1292099841630097,0.0,0.17220915799004466,0.10594244986116177,0.16379016492215492,0.655476099903274,0.9999999999999065
force_step,EventDetected-GatedHistory,3257,0.091657502591694,0.1703113801182865,0.17440123092879928,0.7865964273582674,0.0,0.1891415036594995,0.107542891118219,0.16448616176193126,0.662861319981705,0.9999999999999065
force_step,EventDetected-GatedHistory,3258,0.08127692026433957,0.14894466111581828,0.15124846715563,0.6993609224568854,0.0,0.20158714786193901,0.10429830307922577,0.16351684342087278,0.6439312430804609,0.9999999999999065
force_step,EventDetected-GatedHistory,3259,0.08883314985092172,0.17575002113693886,0.17935472194713725,0.6609871237776196,0.0,0.19465948136839528,0.10505657842380496,0.16342045247955694,0.6490541084310832,0.9999999999999065
force_step,EventDetected-GatedHistory,3260,0.09146785337317064,0.1778401507260891,0.1839253063129647,0.8715688908730688,0.0,0.18207794992682858,0.1074242394464045,0.16449802784066536,0.6611906972807581,0.9999999999999065
force_step,EventDetected-GatedHistory,3261,0.08002687140382479,0.14802273867894564,0.15135729626016534,0.8956053883642225,0.0,0.19038989956309738,0.1051684370504142,0.1636700339974762,0.6490799796228566,0.9999999999999065
force_step,EventDetected-GatedHistory,3262,0.09529205870268516,0.18278623855184298,0.18665297766614755,0.6586460793366712,0.0,0.1840080527685634,0.10552791592244834,0.16316029526488196,0.6530107878592485,0.9999999999999065
force_step,EventDetected-GatedHistory,3263,0.0959451481369138,0.179626189651327,0.18307813065138084,0.926680422182809,0.0,0.1726447045359735,0.10738858970802902,0.1646592399290387,0.6629168670471436,0.9999999999999065
force_step,EventDetected-GatedHistory,3264,0.08002687385768242,0.14570717076911435,0.14869319128329797,0.8953407078726835,0.0,0.21285200658232878,0.1024180132168513,0.16372756135038596,0.6317343030744343,0.9999999999999065
force_step,EventDetected-GatedHistory,3265,0.08709612903627939,0.17708217036295265,0.17964201776370756,1.0462408586856584,0.0,0.19124912939936858,0.10491467843303424,0.16363179608358794,0.6487741092650483,0.9999999999999065
force_step,EventDetected-GatedHistory,3266,0.09028799860032445,0.18169954603346855,0.18546608845424295,1.0349089855805005,0.0,0.18800580857164953,0.1051834486101066,0.16357639050048575,0.650113432911767,0.9999999999999065
force_step,EventDetected-GatedHistory,3267,0.09407109983635993,0.18854910453588938,0.19318777179554725,0.7597303571215925,0.0,0.15755809090913866,0.10422551212344179,0.16326872115554483,0.6452330263908008,0.9999999999999065
force_step,EventDetected-GatedHistory,3268,0.08180296591984225,0.16078531978619348,0.16935975954844742,0.8922804345373138,0.0,0.19846288802269654,0.10492638946308828,0.16391189540707393,0.6475658405375022,0.9999999999999065
force_step,EventDetected-GatedHistory,3269,0.09109070694259747,0.16959282751145352,0.17250888347206067,1.1613975109212866,0.0,0.18303539344773215,0.1062701958404319,0.1650744598549269,0.6551048112696222,0.9999999999999065
force_step,EventDetected-GatedHistory,3270,0.09004146102727276,0.17778364999262353,0.18821559087887915,0.7366524624527451,0.0,0.17867572264002526,0.1075300858320222,0.16383272925873296,0.663429228114169,0.9999999999999065
force_step,EventDetected-GatedHistory,3271,0.09400446869311149,0.18059381877959738,0.1908713371107212,0.7575209736824846,0.0,0.16415246687668492,0.11004175079991017,0.16445460218773952,0.6777348650026899,0.9999999999999065
force_step,EventDetected-GatedHistory,3272,0.08703650578465427,0.1615468304023079,0.170196274319023,0.767719671860426,0.0,0.1977487601918319,0.10723987549542559,0.16342941352006551,0.662227472959903,0.9999999999999065
force_step,EventDetected-GatedHistory,3273,0.09113457588237743,0.17984078929662395,0.18513343298695015,0.5754976065739401,0.0,0.20021765654781676,0.10355543618239095,0.1628632487786937,0.6420317800443908,0.9999999999999065
force_step,EventDetected-GatedHistory,3274,0.08039793342266525,0.1522031603716531,0.15680528905141386,0.9693383690004994,0.0,0.19531860270681894,0.10474987546678069,0.16374911671782283,0.646065130330249,0.9999999999999065
force_step,EventDetected-GatedHistory,3275,0.09085893189914307,0.17965214182512418,0.18548639463236816,1.0514593847118292,0.0,0.18626513014179,0.104943918697473,0.16381545474366274,0.6477572356165601,0.9999999999999065
force_step,EventDetected-GatedHistory,3276,0.08744585843920102,0.16767498534151146,0.177178156606344,0.5793197481783757,0.0,0.1882369007186992,0.10599410302838023,0.1648024716001148,0.6529130090844312,0.9999999999999065
force_step,EventDetected-GatedHistory,3277,0.09002573073970437,0.1677716768555297,0.1767332291192085,0.7980785224904807,0.0,0.17632473465329887,0.10909738389638282,0.165114432624878,0.6699197377713374,0.9999999999999065
force_step,EventDetected-GatedHistory,3278,0.0882268185406738,0.16851319767844902,0.17485209710691213,0.7906141429750476,0.0,0.1736594588785778,0.10618680376039544,0.16337275964238257,0.656535125814492,0.9999999999999065
force_step,EventDetected-GatedHistory,3279,0.08559926715638311,0.15659615345574018,0.15794539217512443,0.879144193788433,0.0,0.18002659698055729,0.10377819673234318,0.16479645876260263,0.6407802016442389,0.9999999999999065
force_step,EventDetected-GatedHistory,3280,0.09536538596261941,0.17877752039739667,0.1839097044380864,0.6477951501342112,0.0,0.18357801217013542,0.10627032510455478,0.1633133404959651,0.6580934647456169,0.9999999999999065
force_step,EventDetected-GatedHistory,3281,0.08448031481116693,0.15719948608840903,0.16053434090062993,0.8819272840843088,0.0,0.21692665091491412,0.10465456054935533,0.16343307396619192,0.6464437256744782,0.9999999999999065
force_step,EventDetected-GatedHistory,3282,0.08799895175810736,0.17690599498507797,0.18678307131778232,0.6388158429377447,0.0,0.18199597827871403,0.10795604333882802,0.16370014229891827,0.6660147793314874,0.9999999999999065
force_step,EventDetected-GatedHistory,3283,0.08246309299072296,0.1586309203413484,0.1608727037987278,1.0788263662509676,0.0,0.1823187106082171,0.10276925006186326,0.1632318675893136,0.636609089133131,0.9999999999999065
force_step,EventDetected-GatedHistory,3284,0.08666460845973072,0.16565232787729667,0.1749906499540916,0.6350747546958542,0.0,0.17167366997592343,0.1060753461518974,0.1637289819632342,0.6540464494927393,0.9999999999999065
force_step,EventDetected-GatedHistory,3285,0.09593586944479862,0.18203545029884055,0.1857411809545445,0.5353673564308277,0.0,0.19150337807429602,0.10696799142618722,0.16374507077958475,0.6603180174889647,0.9999999999999065
force_step,EventDetected-GatedHistory,3286,0.08786924344961805,0.16032214255198618,0.16670964415943818,0.9458088834255096,0.0,0.17526944745528908,0.10464876298165486,0.1630358883218978,0.648891464469731,0.9999999999999065
force_step,EventDetected-GatedHistory,3287,0.08287208546063173,0.15367859287713875,0.15586757683166683,0.9158522412614148,0.0,0.17878127289983414,0.10257702043375619,0.16346269543181904,0.6344762598521325,0.9999999999999065
force_step,EventDetected-GatedHistory,3288,0.0915344243284533,0.17601859335012976,0.18184595096993125,0.7676032592711877,0.0,0.1770925629257371,0.1061811578792296,0.16306268151702571,0.6579357474886736,0.9999999999999065
force_step,EventDetected-GatedHistory,3289,0.09101548511881011,0.17276520268492268,0.17635864929140557,0.9825976530118781,0.0,0.20618695272697218,0.1053553173671085,0.16316972947885974,0.6512772576085188,0.9999999999999065
force_step,EventDetected-GatedHistory,3290,0.08233461031547651,0.1506436435669682,0.15455988936989212,0.9529285036064878,0.0,0.17892574765957237,0.10474967639454764,0.16416080512942524,0.6453864756516885,0.9999999999999065
force_step,EventDetected-GatedHistory,3291,0.09549992319599372,0.18507881418027122,0.18900652764690318,0.7840628141023512,0.0,0.16801370524559572,0.10756710019792351,0.1630462981369513,0.6666132657058018,0.9999999999999065
force_step,EventDetected-GatedHistory,3292,0.09643285502725732,0.1765099799271229,0.1802505951804147,0.919800331426295,0.0,0.17549455878505735,0.10545772289432559,0.16302597815533948,0.654055924271643,0.9999999999999065
force_step,EventDetected-GatedHistory,3293,0.09004734336199274,0.17907827803752122,0.18930002227947826,0.7020280679359492,0.0,0.18588371369181958,0.10884829799853654,0.1639315286944648,0.6718538267004158,0.9999999999999065
force_step,EventDetected-GatedHistory,3294,0.07994762358487018,0.1543073221842865,0.1602975667790203,1.0242771691538282,0.0,0.20621915992479628,0.10613644800485132,0.16355949627989405,0.655445130439925,0.9999999999999065
force_step,EventDetected-GatedHistory,3295,0.08200095870308932,0.16187704209863474,0.1667297332480027,1.1233875915185427,0.0,0.21523758047833963,0.10601639905933623,0.1639130197006313,0.6531783528404693,0.9999999999999065
force_step,EventDetected-GatedHistory,3296,0.09426378485634507,0.18419665861647694,0.18769953698136985,0.8303573444804633,0.0,0.1629217952248274,0.1042677298911661,0.16298898936441797,0.6477916198439724,0.9999999999999065
force_step,EventDetected-GatedHistory,3297,0.08514916541247174,0.15557429992012858,0.15900377001505392,0.9670730261497661,0.0,0.17203317004676116,0.10549117385452217,0.16492485939912474,0.6508516612548972,0.9999999999999065
force_step,EventDetected-GatedHistory,3298,0.08416505509305255,0.15860358339044847,0.16049596941979158,0.8897952305529702,0.0,0.18852072177802345,0.1026617724680762,0.16373128930644207,0.6348075599969032,0.9999999999999065
force_step,EventDetected-GatedHistory,3299,0.08584105578283417,0.16960574303889872,0.1726407912850054,0.9967359714026095,0.0,0.18663908531548798,0.10299567070819607,0.16313339730619805,0.6382126368324653,0.9999999999999065
force_step,DetectorShuffled-GatedHistory,3200,0.08748721182920831,0.16120967386054538,0.16790706151006846,0.6725670009953253,0.0,0.1763342834066081,0.10850805204945299,0.16491056611863072,0.6699129342122736,0.9999999999999065
force_step,DetectorShuffled-GatedHistory,3201,0.0915412381408771,0.17652888194404745,0.1795301743978378,1.067684064785526,0.0,0.17120987635050236,0.10969679141442365,0.16466654900757857,0.677586062803895,0.9999999999999065
force_step,DetectorShuffled-GatedHistory,3202,0.0892297439410532,0.1645961379247294,0.16641772750995193,0.9717595446170598,0.0,0.1772107195832931,0.10321242635188939,0.1627698250843978,0.6404181483257225,0.9999999999999065
force_step,DetectorShuffled-GatedHistory,3203,0.08283808453924223,0.15461961137927807,0.1574313582860567,0.9141952698746009,0.0,0.21852543051417445,0.10784104106812582,0.16352442809879011,0.6657149790248317,0.9999999999999065
force_step,DetectorShuffled-GatedHistory,3204,0.08467704739917536,0.15633362927961897,0.16371831156597846,0.7082261267827584,0.0,0.1821036810250804,0.10725732658255437,0.16496894153192854,0.6620497589722099,0.9999999999999065
force_step,DetectorShuffled-GatedHistory,3205,0.08206502798449143,0.1507541469351456,0.15364007351182457,1.1458693190259435,0.0,0.20586855484175492,0.10595745362984661,0.16381565992362945,0.6538960856858455,0.9999999999999065
force_step,DetectorShuffled-GatedHistory,3206,0.08229829461273214,0.16153803380668375,0.1667943497869369,0.7744514181522792,0.0,0.21518297965708222,0.1045866846266705,0.16338771662949697,0.6462671487929753,0.9999999999999065
force_step,DetectorShuffled-GatedHistory,3207,0.08366794400561794,0.15933192728702333,0.16187126738261595,0.920128480424565,0.0,0.19282078840820702,0.10677691170576385,0.16348365450135907,0.6610482186715634,0.9999999999999065
force_step,DetectorShuffled-GatedHistory,3208,0.08413943175655997,0.15854224800211983,0.1644572914946873,0.8463513346836719,0.0,0.20503933004371788,0.10895302059383379,0.16395278063365779,0.6724774830605633,0.9999999999999065
force_step,DetectorShuffled-GatedHistory,3209,0.08286933457190918,0.15627924960058706,0.15931283869392693,0.8157771675219307,0.0,0.20933373709265427,0.10545126306093701,0.16393977240431268,0.6500726602068698,0.9999999999999065
force_step,DetectorShuffled-GatedHistory,3210,0.08249527935208636,0.15203923304011183,0.15698998841613368,0.9244261452657971,0.0,0.17714543851076758,0.10517375976652177,0.1643884761130119,0.6474324860543693,0.9999999999999065
force_step,DetectorShuffled-GatedHistory,3211,0.08805836125036239,0.1626344545501952,0.1661969591281843,0.823037572222405,0.0,0.19218229732141298,0.10251727251301199,0.1636152289789505,0.6343954741734695,0.9999999999999065
force_step,DetectorShuffled-GatedHistory,3212,0.07930784206370609,0.15251537112465224,0.15657690972963853,0.974782528221185,0.0,0.20493185115161414,0.10582044852249836,0.16374312380978912,0.6546562155091014,0.9999999999999065
force_step,DetectorShuffled-GatedHistory,3213,0.08820211260617605,0.16253455891327898,0.16891090032626052,0.6385150578779663,0.0,0.19357339629083054,0.10331746328221172,0.16380768592888803,0.6374499601753371,0.9999999999999065
force_step,DetectorShuffled-GatedHistory,3214,0.09470114706467997,0.174689135863958,0.18505002807094353,0.6624998163972778,0.0,0.17940070841785702,0.10461993546471159,0.16398337880408698,0.6453185576038375,0.9999999999999065
force_step,DetectorShuffled-GatedHistory,3215,0.0864977078177037,0.16841502227420807,0.17222441324029528,0.8607310054976487,0.0,0.19192594336081986,0.10754571846772251,0.164144757838265,0.6633479621576136,0.9999999999999065
force_step,DetectorShuffled-GatedHistory,3216,0.0906280610276553,0.18221036613554673,0.18661102888538725,0.7876720290439208,0.0,0.18418171584913193,0.102801770022943,0.16403518381114388,0.6349440202876987,0.9999999999999065
force_step,DetectorShuffled-GatedHistory,3217,0.08172934057664616,0.15113792769478293,0.1528805250734293,0.766765381495878,0.0,0.1988591662537315,0.1061256520819116,0.16349403711057278,0.6563855489043293,0.9999999999999065
force_step,DetectorShuffled-GatedHistory,3218,0.08561140954860995,0.15871458414683076,0.16155292973640956,1.0558460163691146,0.0,0.19380979392526856,0.10478774809209344,0.1632701252823801,0.6477738604604163,0.9999999999999065
force_step,DetectorShuffled-GatedHistory,3219,0.07874044605484559,0.14956062114981442,0.1540141358190109,1.0434522342054096,0.0,0.19699774789085292,0.1077243543648488,0.165062976607981,0.662120697552012,0.9999999999999065
force_step,DetectorShuffled-GatedHistory,3220,0.07582713463909384,0.14119473185732823,0.1436691362973946,1.0171491912476092,0.0,0.21315033794368007,0.1050108589612509,0.16347757850475758,0.6489191949694965,0.9999999999999065
force_step,DetectorShuffled-GatedHistory,3221,0.08328869019002862,0.15557983513430823,0.15928073585067978,0.9683548993319229,0.0,0.18958881598285485,0.10560997491677644,0.1631238987339859,0.6528724933311778,0.9999999999999065
force_step,DetectorShuffled-GatedHistory,3222,0.0874800358489544,0.16613867962905485,0.16924407547461737,1.1270118537143101,0.0,0.18834574424800898,0.10246479719523892,0.1648901874480244,0.6313177661602849,0.9999999999999065
force_step,DetectorShuffled-GatedHistory,3223,0.08513744977908434,0.15542379682679458,0.15638729639023882,1.0011557756016718,0.0,0.1854643750199761,0.1062561675479818,0.16379290769847513,0.657017154720198,0.9999999999999065
force_step,DetectorShuffled-GatedHistory,3224,0.0949973878927026,0.188353566415358,0.1928336165761058,0.570691041367768,0.0,0.19961071575432346,0.10584363598477102,0.1629237194991873,0.6553561305365752,0.9999999999999065
force_step,DetectorShuffled-GatedHistory,3225,0.08873572677987164,0.1693910451218459,0.17503984832294692,0.9548411892889932,0.0,0.19738806033924963,0.10762329674692536,0.16312307627307465,0.6658572820140137,0.9999999999999065
force_step,DetectorShuffled-GatedHistory,3226,0.08476922299462947,0.16228525383602665,0.1684067772728702,0.706888164245327,0.0,0.18624021567190988,0.10384208678751944,0.1648887032496791,0.6399568053473018,0.9999999999999065
force_step,DetectorShuffled-GatedHistory,3227,0.0821987461622071,0.15155991025944762,0.1560082944658453,0.72272004368408,0.0,0.1749901386127718,0.1054598154529955,0.1634991049580609,0.6516663940285032,0.9999999999999065
force_step,DetectorShuffled-GatedHistory,3228,0.09379557072484866,0.1783474292223635,0.18101703215282272,1.2048573449691018,0.0,0.16243654726985846,0.10515276520469811,0.16370414192506327,0.6504603015213505,0.9999999999999065
force_step,DetectorShuffled-GatedHistory,3229,0.08562607136463883,0.17402193247356712,0.17673851920004263,1.1143261437475158,0.0,0.19993252552496105,0.10545272994177078,0.16295083292879717,0.6532912577382942,0.9999999999999065
force_step,DetectorShuffled-GatedHistory,3230,0.0892143490283725,0.16819037860348662,0.17527071706210748,1.0275118722764027,0.0,0.17258161085170545,0.10779743566945318,0.165084246448426,0.6629450889704724,0.9999999999999065
force_step,DetectorShuffled-GatedHistory,3231,0.0884165276583351,0.17541261396279278,0.18103520789164906,0.7870526531202842,0.0,0.1706355764289709,0.10560188585887641,0.16407271638210313,0.6527758512950718,0.9999999999999065
force_step,DetectorShuffled-GatedHistory,3232,0.08142515815122373,0.15141532549749798,0.1536551269357229,0.909563317230893,0.0,0.1880730862404257,0.10410985197961685,0.16407814178567962,0.6411705195656761,0.9999999999999065
force_step,DetectorShuffled-GatedHistory,3233,0.091647799601749,0.16731016447577673,0.1740389554729487,1.113130894096618,0.0,0.1696804498091023,0.1051313573560868,0.16369096399724695,0.6503538190291323,0.9999999999999065
force_step,DetectorShuffled-GatedHistory,3234,0.08770860564802357,0.1600321650628143,0.16182802522023654,0.7547611728811708,0.0,0.2035591919022535,0.10407497548455903,0.16391258559652708,0.6430540761772084,0.9999999999999065
force_step,DetectorShuffled-GatedHistory,3235,0.09170988729239397,0.17339426584407774,0.17875114200186473,0.8900831573545722,0.0,0.18229012083252075,0.1068825470272593,0.1640561190936402,0.6595387980419185,0.9999999999999065
force_step,DetectorShuffled-GatedHistory,3236,0.09154073814922473,0.18136996194426225,0.18649946601910647,0.8689142413375229,0.0,0.18025784054625843,0.10668767386399346,0.16396989439180462,0.6577141433260031,0.9999999999999065
force_step,DetectorShuffled-GatedHistory,3237,0.08351420584320991,0.1579179158563874,0.16017956333701455,0.9301710366120675,0.0,0.18657642796977358,0.10616347355434731,0.162978183273846,0.6590081777080037,0.9999999999999065
force_step,DetectorShuffled-GatedHistory,3238,0.08863733971091074,0.16909204949535028,0.17682585464703313,0.8889989866333735,0.0,0.15893658390459436,0.10608014560480021,0.16428397577553064,0.6552480088066795,0.9999999999999065
force_step,DetectorShuffled-GatedHistory,3239,0.09008812904781055,0.1733568775080646,0.17751435388808007,0.7505535841957239,0.0,0.18089159270944075,0.10732374025836174,0.1637161561715515,0.6629904411462733,0.9999999999999065
force_step,DetectorShuffled-GatedHistory,3240,0.08822147844291053,0.16460271857112094,0.16822320218399361,0.839946069272673,0.0,0.17893291529463126,0.1056659613135032,0.16314746517778314,0.6539654594050959,0.9999999999999065
force_step,DetectorShuffled-GatedHistory,3241,0.08950381831179334,0.17079899288339184,0.17632594936338633,0.7443998371277429,0.0,0.16568670427128682,0.10459389961104852,0.1629451319095301,0.6491997777704138,0.9999999999999065
force_step,DetectorShuffled-GatedHistory,3242,0.08385884421309792,0.1568131997671535,0.1643259269100761,1.1691960821328882,0.0,0.20178426366037533,0.10604611818752468,0.1642293806087917,0.6532338688289225,0.9999999999999065
force_step,DetectorShuffled-GatedHistory,3243,0.08552907169464143,0.1632115336758066,0.16993605314767046,0.9496777791907348,0.0,0.17954015340497242,0.10574094762269703,0.16473524906865877,0.6512172625690431,0.9999999999999065
force_step,DetectorShuffled-GatedHistory,3244,0.09357469657829943,0.1817419988317218,0.18640613096959407,0.5955598380531403,0.0,0.17261090998429834,0.10736621812348862,0.1651323740553514,0.6627189463093197,0.9999999999999065
force_step,DetectorShuffled-GatedHistory,3245,0.08814650878898159,0.1735730695033059,0.1792966639174577,0.8445887268121961,0.0,0.17860390820604705,0.10686982860281904,0.1630103081385549,0.6616431605075732,0.9999999999999065
force_step,DetectorShuffled-GatedHistory,3246,0.09092346575025521,0.16724547310228535,0.17038441569371973,0.8028980554284914,0.0,0.19232085005471766,0.1054719191354403,0.16313777996485726,0.6529052195766324,0.9999999999999065
force_step,DetectorShuffled-GatedHistory,3247,0.08696446457077492,0.16436916622102343,0.16920647328393015,0.7052876107907768,0.0,0.18434360992158652,0.10501742767770567,0.1629707627722135,0.650188665339193,0.9999999999999065
force_step,DetectorShuffled-GatedHistory,3248,0.08730913677927106,0.16126593065698638,0.16679747463756397,0.9447933079106413,0.0,0.1825886515829888,0.1053372205287584,0.1631926651550563,0.6511600722573914,0.9999999999999065
force_step,DetectorShuffled-GatedHistory,3249,0.08457135654867708,0.16632913251004422,0.17098426568443004,1.1206564872175317,0.0,0.2047363913260654,0.10533123965603679,0.16504028733007245,0.6478091973369219,0.9999999999999065
force_step,DetectorShuffled-GatedHistory,3250,0.09427953432055353,0.17526055197448764,0.1787087612283444,0.5744533442455698,0.0,0.17183163348191152,0.10680397180335661,0.16461116952559976,0.6599770617111291,0.9999999999999065
force_step,DetectorShuffled-GatedHistory,3251,0.08478665060507558,0.15579159987716007,0.1626776975309635,0.8837173000027819,0.0,0.17476203526385603,0.10622950671296567,0.16437739664642947,0.6542933957865229,0.9999999999999065
force_step,DetectorShuffled-GatedHistory,3252,0.09674150411883846,0.1857665449671028,0.19004176601165185,0.8911852435400164,0.0,0.18346547746022637,0.1060269103111913,0.16296465134815466,0.6566966524935807,0.9999999999999065
force_step,DetectorShuffled-GatedHistory,3253,0.08674009932273753,0.16732155504873858,0.17184072300842548,0.893673730885367,0.0,0.18540098992581489,0.10538439935048502,0.1639502874193117,0.6501422255842371,0.9999999999999065
force_step,DetectorShuffled-GatedHistory,3254,0.08845725592129351,0.17890095572720122,0.1817771454363615,1.019417289369522,0.0,0.17752237028724213,0.10763053138280791,0.16364632930876633,0.6661533842211801,0.9999999999999065
force_step,DetectorShuffled-GatedHistory,3255,0.08052352946955195,0.15720409325161408,0.16058446806506585,0.9642705733639809,0.0,0.20554874212177834,0.10566696303846686,0.16372572317976972,0.6522724623383933,0.9999999999999065
force_step,DetectorShuffled-GatedHistory,3256,0.09365312844256851,0.17784933633562786,0.18038870310240257,1.129215307418543,0.0,0.17220231215203718,0.10443663238265866,0.1637830775807816,0.6461038079003699,0.9999999999999065
force_step,DetectorShuffled-GatedHistory,3257,0.09165607935688654,0.17031316805089367,0.1744025957641283,0.7865904989265677,0.0,0.1891456932735518,0.10445064717506837,0.16448610715370426,0.6437573012318123,0.9999999999999065
force_step,DetectorShuffled-GatedHistory,3258,0.08127773756175438,0.14894544161480777,0.15124840593954023,0.6993886409151957,0.0,0.20158067267193755,0.10589537482201629,0.16351685423544896,0.6538131324393138,0.9999999999999065
force_step,DetectorShuffled-GatedHistory,3259,0.08883284060636425,0.17574952009672937,0.17935510660526738,0.6609717887024458,0.0,0.1946810544906696,0.10539692477956888,0.16339237663058637,0.6511182915760589,0.9999999999999065
force_step,DetectorShuffled-GatedHistory,3260,0.0914684417548755,0.17783962349492316,0.18392560356590734,0.8716019285699566,0.0,0.18207156872656952,0.10543899051846244,0.16449828343577963,0.6489126859256865,0.9999999999999065
force_step,DetectorShuffled-GatedHistory,3261,0.08002647553227661,0.14802327380742783,0.15135722740163435,0.8956050098219465,0.0,0.19038849524124662,0.10249014410252136,0.16366996825711463,0.6325041659434062,0.9999999999999065
force_step,DetectorShuffled-GatedHistory,3262,0.0952943113377353,0.18278770849816692,0.18665360171919226,0.6586521313379676,0.0,0.184022465136449,0.10545245306306765,0.16316034534708793,0.6525309331458492,0.9999999999999065
force_step,DetectorShuffled-GatedHistory,3263,0.09594660336273882,0.17963035446245776,0.18307865852414074,0.9267040481112284,0.0,0.1726221245934014,0.10251269549020066,0.1646592307380177,0.6327277615910635,0.9999999999999065
force_step,DetectorShuffled-GatedHistory,3264,0.08002897845404532,0.14571213115582413,0.1486957548552932,0.8953913618671141,0.0,0.21286946153040642,0.10459902016059512,0.16372757003826433,0.6452944137609966,0.9999999999999065
force_step,DetectorShuffled-GatedHistory,3265,0.08709632399848312,0.17708248707654764,0.17964238725717513,1.0462457121156998,0.0,0.19125584732229425,0.1021724968662221,0.16362666044099958,0.6317968388071338,0.9999999999999065
force_step,DetectorShuffled-GatedHistory,3266,0.09028658215692531,0.1816982962410142,0.1854655305680556,1.03490933043802,0.0,0.1880177108177733,0.10569445305028267,0.16357987850838576,0.6532713809150789,0.9999999999999065
force_step,DetectorShuffled-GatedHistory,3267,0.09407150913521689,0.1885496577657343,0.19318784803918923,0.7597201966567924,0.0,0.15758994593713185,0.10626347444962178,0.163283301622677,0.6579474012459825,0.9999999999999065
force_step,DetectorShuffled-GatedHistory,3268,0.0818037135829655,0.16078723717494642,0.16936059892646116,0.8922928140651384,0.0,0.1984642329209262,0.10613161626905443,0.16391202252411172,0.6550744412957583,0.9999999999999065
force_step,DetectorShuffled-GatedHistory,3269,0.09108973409064984,0.169595928548636,0.17251096002495184,1.1614212980166985,0.0,0.183041801156089,0.1046765118475978,0.16507448979034858,0.645266049408706,0.9999999999999065
force_step,DetectorShuffled-GatedHistory,3270,0.09004259547611154,0.17778373147757454,0.18821557114320686,0.7366756853038952,0.0,0.17868932707969534,0.10647319079031546,0.16383272966310303,0.6568592463566538,0.9999999999999065
force_step,DetectorShuffled-GatedHistory,3271,0.09400353368363673,0.18059447663406156,0.19087145142150957,0.7575095548602995,0.0,0.16413541294844336,0.10813776362271893,0.16445460757892924,0.6659574879410967,0.9999999999999065
force_step,DetectorShuffled-GatedHistory,3272,0.08703332250960102,0.16154613810479626,0.17019580281518285,0.7677104041903382,0.0,0.19776014846114554,0.10319893580789763,0.1633940998404901,0.6371817943130289,0.9999999999999065
force_step,DetectorShuffled-GatedHistory,3273,0.09113614917147034,0.17984515539397242,0.18513426663920624,0.5754789333022668,0.0,0.20021361844896984,0.1058955232521069,0.162921514864917,0.6565622629393209,0.9999999999999065
force_step,DetectorShuffled-GatedHistory,3274,0.08039806970976078,0.15220383227595424,0.15680559567054034,0.9693414715413496,0.0,0.19532513350265823,0.10715901278586994,0.1637491567970851,0.6609312594169588,0.9999999999999065
force_step,DetectorShuffled-GatedHistory,3275,0.09086015702275264,0.17965247490385108,0.18548621675839952,1.0514476226568377,0.0,0.1862554513313534,0.10591364137720322,0.16380787092335522,0.653774696585934,0.9999999999999065
force_step,DetectorShuffled-GatedHistory,3276,0.08744375391723944,0.1676738823903384,0.17717750464653118,0.5793214450643904,0.0,0.18824875309788403,0.10715982832197914,0.16480243010589013,0.6601216101991688,0.9999999999999065
force_step,DetectorShuffled-GatedHistory,3277,0.09002513785391784,0.1677716495295374,0.17673319551469152,0.7980797826426927,0.0,0.1763386777890933,0.10775635061964417,0.1651143798382703,0.6615769588187693,0.9999999999999065
force_step,DetectorShuffled-GatedHistory,3278,0.08822760715366183,0.16851263534830177,0.1748517985992263,0.7906370608742612,0.0,0.17365459484937404,0.10613413896884884,0.16337967069220652,0.6562194084808451,0.9999999999999065
force_step,DetectorShuffled-GatedHistory,3279,0.08559789759478223,0.15659607215001695,0.1579455852776854,0.8791402122632282,0.0,0.1800413467703271,0.10540741335664947,0.16479649753580392,0.6508731565387079,0.9999999999999065
force_step,DetectorShuffled-GatedHistory,3280,0.09536535329060947,0.1787783062287698,0.1839106732210345,0.647797496363845,0.0,0.183561242619127,0.1036967697028628,0.16332039281033287,0.6421241457145191,0.9999999999999065
force_step,DetectorShuffled-GatedHistory,3281,0.08448174760085864,0.15719963708652104,0.16053453291981984,0.8819263698058091,0.0,0.2169271712692908,0.10500973551284924,0.16344953120130734,0.6486505931026265,0.9999999999999065
force_step,DetectorShuffled-GatedHistory,3282,0.08799781316818772,0.17690297548811368,0.1867822692528959,0.6387972731772594,0.0,0.18198093068464116,0.10483842752396735,0.1636954868060166,0.6466810322248774,0.9999999999999065
force_step,DetectorShuffled-GatedHistory,3283,0.08246309299072296,0.1586309203413484,0.1608727037987278,1.0788263662509676,0.0,0.1823187106082171,0.10276925006186326,0.1632318675893136,0.636609089133131,0.9999999999999065
force_step,DetectorShuffled-GatedHistory,3284,0.08666432540286867,0.16565295720716505,0.17499084604811807,0.6350802467689534,0.0,0.17168359516365292,0.1048250038592842,0.16371690282925805,0.6463604640139179,0.9999999999999065
force_step,DetectorShuffled-GatedHistory,3285,0.0959371762695242,0.1820355115996917,0.1857413621746726,0.5353728163790211,0.0,0.19149379906074254,0.1057783091159267,0.16373860010487865,0.652986739132229,0.9999999999999065
force_step,DetectorShuffled-GatedHistory,3286,0.08786950533563702,0.1603224174014368,0.16671050002017002,0.9458188391151198,0.0,0.17527054223546473,0.10716980067329653,0.16303589096936863,0.6644830776280124,0.9999999999999065
force_step,DetectorShuffled-GatedHistory,3287,0.08287291692306652,0.15367834979224193,0.15586712506925757,0.9158179750782989,0.0,0.17877685881083197,0.1048839656251019,0.16347038327946056,0.6487519534707652,0.9999999999999065
force_step,DetectorShuffled-GatedHistory,3288,0.09153374599999944,0.17601849168715505,0.1818457911505874,0.7676079305773681,0.0,0.17709924004753355,0.10455576715235725,0.16305853952671742,0.6478627586416303,0.9999999999999065
force_step,DetectorShuffled-GatedHistory,3289,0.0910167415341258,0.17276590394590852,0.17635873902930774,0.9826056640218026,0.0,0.20620015160010832,0.10779977254102413,0.16317022466891296,0.6663772073026137,0.9999999999999065
force_step,DetectorShuffled-GatedHistory,3290,0.08233469007625067,0.15064406289338186,0.15455988539934554,0.9529312156750462,0.0,0.17892825877291157,0.10546074911014748,0.1641608160942587,0.6498109820102577,0.9999999999999065
force_step,DetectorShuffled-GatedHistory,3291,0.09550079433542405,0.18507922671730867,0.18900646462799048,0.7840845848312809,0.0,0.1679990873148251,0.10296398157343128,0.1630430518168599,0.6380752043725921,0.9999999999999065
force_step,DetectorShuffled-GatedHistory,3292,0.09643297270783749,0.17650797610673655,0.18024944989588423,0.9197851903289015,0.0,0.175508770825078,0.10830673056329934,0.16303323783229196,0.6717047754468279,0.9999999999999065
force_step,DetectorShuffled-GatedHistory,3293,0.09004905207493426,0.1790802553779905,0.189300655126943,0.7020445777886885,0.0,0.18588474545916733,0.10769208095330332,0.16393198137606674,0.6646736184985007,0.9999999999999065
force_step,DetectorShuffled-GatedHistory,3294,0.07994274250470941,0.15429737049761624,0.16029526209416464,1.0242331067707964,0.0,0.20621533088051913,0.1059044119963344,0.16358734069541161,0.6540194288637191,0.9999999999999065
force_step,DetectorShuffled-GatedHistory,3295,0.08200464559622292,0.1618806696000905,0.16673093977385073,1.1234441943523181,0.0,0.21524059116609098,0.10441491199206183,0.16391304811339175,0.643297722373709,0.9999999999999065
force_step,DetectorShuffled-GatedHistory,3296,0.09426408099577525,0.184196462396066,0.18769942996374486,0.8303692732999534,0.0,0.16293795315962512,0.10508892131637415,0.16294066683352026,0.6528633108836107,0.9999999999999065
force_step,DetectorShuffled-GatedHistory,3297,0.08514676280555486,0.1555752301165213,0.15900264283758603,0.9670800715669314,0.0,0.17202085702594772,0.10387666397364785,0.16492489572580094,0.6409019287421323,0.9999999999999065
force_step,DetectorShuffled-GatedHistory,3298,0.084164855106052,0.15860382797349878,0.16049629578222355,0.8897811697028124,0.0,0.1885406714898575,0.10610183615985404,0.16374154867257826,0.6561402740725869,0.9999999999999065
force_step,DetectorShuffled-GatedHistory,3299,0.08584185903503698,0.16960339884821343,0.17263937105359267,0.9967109630098253,0.0,0.18662630745107214,0.10278956204495114,0.16313480519815857,0.6368603253115978,0.9999999999999065
model20,LQR-outer,3200,0.016454642352612247,0.02327640954513148,0.0235008799793553,0.44995012858971756,0.0,0.0,0.0,0.0,0.0,0.0
model20,LQR-outer,3201,0.014638639115961735,0.020491578149368302,0.02084656523156539,0.46637505614472424,0.0,0.0,0.0,0.0,0.0,0.0
model20,LQR-outer,3202,0.017963064095743806,0.024852798768238153,0.025487434500970692,0.4835907647612469,0.0,0.0,0.0,0.0,0.0,0.0
model20,LQR-outer,3203,0.011952254789403538,0.01577786861325,0.015989197623011153,0.5997368911018585,0.0,0.0,0.0,0.0,0.0,0.0
model20,LQR-outer,3204,0.020462809403988327,0.02758951196739726,0.02825267156452214,0.3637160907195653,0.0,0.0,0.0,0.0,0.0,0.0
model20,LQR-outer,3205,0.024229407160250235,0.032672363013593934,0.03312867400408817,0.33599558883151287,0.0,0.0,0.0,0.0,0.0,0.0
model20,LQR-outer,3206,0.02072544906575391,0.028816140135800562,0.02930457406992178,0.37830355953915124,0.0,0.0,0.0,0.0,0.0,0.0
model20,LQR-outer,3207,0.02167830474434053,0.02999565917944648,0.030759288996217674,0.4344076947877567,0.0,0.0,0.0,0.0,0.0,0.0
model20,LQR-outer,3208,0.014000096602420138,0.018638388849135518,0.019203775290650996,0.612982374771663,0.0,0.0,0.0,0.0,0.0,0.0
model20,LQR-outer,3209,0.01398887124803939,0.01928203509899161,0.019728400705987217,0.4979354427794548,0.0,0.0,0.0,0.0,0.0,0.0
model20,LQR-outer,3210,0.02792213951010011,0.03709101793027965,0.03767741453217626,0.7619914572439486,0.0,0.0,0.0,0.0,0.0,0.0
model20,LQR-outer,3211,0.03546308586472944,0.046238659538628955,0.04851267816580488,0.25074508520055605,0.0,0.0,0.0,0.0,0.0,0.0
model20,LQR-outer,3212,0.011056919295037663,0.015481415762337795,0.01598755263946303,0.4940367659773228,0.0,0.0,0.0,0.0,0.0,0.0
model20,LQR-outer,3213,0.011266949370300896,0.016089940638235715,0.016567460921619745,0.49975791041527134,0.0,0.0,0.0,0.0,0.0,0.0
model20,LQR-outer,3214,0.018614910225121472,0.02472178094314209,0.025434460129003217,0.6649098854270816,0.0,0.0,0.0,0.0,0.0,0.0
model20,LQR-outer,3215,0.013470647841911982,0.01824428211646585,0.018682428028315504,0.42150841167745134,0.0,0.0,0.0,0.0,0.0,0.0
model20,LQR-outer,3216,0.016351686796106497,0.022727765149310547,0.023380710331164935,0.5218219646510658,0.0,0.0,0.0,0.0,0.0,0.0
model20,LQR-outer,3217,0.015330514038746013,0.021211442236989498,0.021786982758503635,0.49194723799948176,0.0,0.0,0.0,0.0,0.0,0.0
model20,LQR-outer,3218,0.018469811342212778,0.02409052025490916,0.024659582795253453,0.374198391786322,0.0,0.0,0.0,0.0,0.0,0.0
model20,LQR-outer,3219,0.029938184072564673,0.04125768898835263,0.041633223875680234,0.7606682420416956,0.0,0.0,0.0,0.0,0.0,0.0
model20,LQR-outer,3220,0.014188794986694876,0.019946749535544896,0.02035230405182066,0.42485453500296255,0.0,0.0,0.0,0.0,0.0,0.0
model20,LQR-outer,3221,0.03238229738082086,0.04376869421331433,0.044153269014734285,0.8070519214247865,0.0,0.0,0.0,0.0,0.0,0.0
model20,LQR-outer,3222,0.014404038523132542,0.02042911890221649,0.020758993562589395,0.43300975370246797,0.0,0.0,0.0,0.0,0.0,0.0
model20,LQR-outer,3223,0.018029157088324428,0.025414898338652136,0.02587452431961118,0.41098308180371473,0.0,0.0,0.0,0.0,0.0,0.0
model20,LQR-outer,3224,0.034573549676517816,0.0456621706134623,0.04696361641103168,0.2631861178039865,0.0,0.0,0.0,0.0,0.0,0.0
model20,LQR-outer,3225,0.03037272407255196,0.03953217326623729,0.041140481250589576,0.2855242463749796,0.0,0.0,0.0,0.0,0.0,0.0
model20,LQR-outer,3226,0.033652741497101346,0.04598777741040356,0.047037807520279494,0.284145102786815,0.0,0.0,0.0,0.0,0.0,0.0
model20,LQR-outer,3227,0.01449086221792295,0.02038752170847536,0.02098189120383298,0.45134108147674784,0.0,0.0,0.0,0.0,0.0,0.0
model20,LQR-outer,3228,0.01759738706745194,0.02342347894102084,0.02406471121375029,0.6406675299659887,0.0,0.0,0.0,0.0,0.0,0.0
model20,LQR-outer,3229,0.018824461819550727,0.024788737009797255,0.025039124726904307,0.3723520685306508,0.0,0.0,0.0,0.0,0.0,0.0
model20,LQR-outer,3230,0.010560024741161788,0.014070535346098813,0.014256893497461169,0.5536013010100272,0.0,0.0,0.0,0.0,0.0,0.0
model20,LQR-outer,3231,0.022097282659053953,0.030340853904995,0.030893452540232475,0.6720694710018142,0.0,0.0,0.0,0.0,0.0,0.0
model20,LQR-outer,3232,0.016551282504533568,0.02307263856858985,0.023803049065102302,0.5520712191437948,0.0,0.0,0.0,0.0,0.0,0.0
model20,LQR-outer,3233,0.02618680000470754,0.0341407882375203,0.03536179119877756,0.3148108416658458,0.0,0.0,0.0,0.0,0.0,0.0
model20,LQR-outer,3234,0.015372604445839842,0.020855914760355084,0.021465980152888704,0.6197013451564014,0.0,0.0,0.0,0.0,0.0,0.0
model20,LQR-outer,3235,0.019908105682755223,0.026806023546183638,0.027398675278517408,0.3757233929201418,0.0,0.0,0.0,0.0,0.0,0.0
model20,LQR-outer,3236,0.017600434526995373,0.023293445459587864,0.02384539702638419,0.3819224738210006,0.0,0.0,0.0,0.0,0.0,0.0
model20,LQR-outer,3237,0.013197107589465643,0.017933057525584255,0.018451318460148126,0.5145871827425746,0.0,0.0,0.0,0.0,0.0,0.0
model20,LQR-outer,3238,0.0078050316623592296,0.010162386727302406,0.010463539540835426,0.4901081523776572,0.0,0.0,0.0,0.0,0.0,0.0
model20,LQR-outer,3239,0.020746710271715645,0.027638245022470115,0.028135542149323543,0.35849680466532097,0.0,0.0,0.0,0.0,0.0,0.0
model20,LQR-outer,3240,0.007895457124100383,0.010588410588200458,0.01089063772851349,0.4888449800380547,0.0,0.0,0.0,0.0,0.0,0.0
model20,LQR-outer,3241,0.021718281036645547,0.02978645877407282,0.030422081606802077,0.630176654796166,0.0,0.0,0.0,0.0,0.0,0.0
model20,LQR-outer,3242,0.017356394973658373,0.02286920861584829,0.02316473578302986,0.3850319725463912,0.0,0.0,0.0,0.0,0.0,0.0
model20,LQR-outer,3243,0.016570479243079302,0.022851603563052762,0.023384940639713248,0.4023102467206398,0.0,0.0,0.0,0.0,0.0,0.0
model20,LQR-outer,3244,0.014267508505819796,0.0199230138067154,0.020219609164476324,0.6079287742604835,0.0,0.0,0.0,0.0,0.0,0.0
model20,LQR-outer,3245,0.020212954182685428,0.028653567648487914,0.028935126848396074,0.39873628615533213,0.0,0.0,0.0,0.0,0.0,0.0
model20,LQR-outer,3246,0.015045226679073372,0.020509006146771612,0.021218749993635076,0.5513351021506812,0.0,0.0,0.0,0.0,0.0,0.0
model20,LQR-outer,3247,0.02777165580823572,0.03614161185021136,0.03755546388499292,0.3041846278566433,0.0,0.0,0.0,0.0,0.0,0.0
model20,LQR-outer,3248,0.009666741069697697,0.012817064401191841,0.013153805968509777,0.5544898634511849,0.0,0.0,0.0,0.0,0.0,0.0
model20,LQR-outer,3249,0.014928937817076625,0.020353628156796276,0.022521813073705984,0.6232211716417343,0.0,0.0,0.0,0.0,0.0,0.0
model20,LQR-outer,3250,0.0189890708469839,0.026533509971700654,0.0268773066672797,0.4305254932642173,0.0,0.0,0.0,0.0,0.0,0.0
model20,LQR-outer,3251,0.010270645795842704,0.014541058090325876,0.020399397146296173,0.5685422850873835,0.0,0.0,0.0,0.0,0.0,0.0
model20,LQR-outer,3252,0.018333590365849316,0.024215030651166404,0.02489183152905979,0.6470510946103514,0.0,0.0,0.0,0.0,0.0,0.0
model20,LQR-outer,3253,0.016398204675286944,0.021603121031493706,0.022028925624788653,0.39406275906435073,0.0,0.0,0.0,0.0,0.0,0.0
model20,LQR-outer,3254,0.03664532284719134,0.048731027840649935,0.049345060566703604,0.8711993435849082,0.0,0.0,0.0,0.0,0.0,0.0
model20,LQR-outer,3255,0.021276242582372092,0.02764363014302944,0.028329387577763904,0.35192201198582684,0.0,0.0,0.0,0.0,0.0,0.0
model20,LQR-outer,3256,0.026256916872589006,0.03535599700922409,0.036279947640373206,0.7203041850290415,0.0,0.0,0.0,0.0,0.0,0.0
model20,LQR-outer,3257,0.007873623024686234,0.010476943724808832,0.010709203682456057,0.5200193248020737,0.0,0.0,0.0,0.0,0.0,0.0
model20,LQR-outer,3258,0.014608186965437678,0.01950387001838136,0.020117363604580565,0.4091591992198699,0.0,0.0,0.0,0.0,0.0,0.0
model20,LQR-outer,3259,0.027073183926622762,0.03537819653872032,0.03676624178640367,0.30649104559486073,0.0,0.0,0.0,0.0,0.0,0.0
model20,LQR-outer,3260,0.009136880859987907,0.012465550147376844,0.012711801902629629,0.5270207881027434,0.0,0.0,0.0,0.0,0.0,0.0
model20,LQR-outer,3261,0.013553038965009413,0.018209110365478526,0.018627650507347163,0.538138830369016,0.0,0.0,0.0,0.0,0.0,0.0
model20,LQR-outer,3262,0.024445449739918045,0.03206526735740982,0.033095684900104255,0.3269219234497352,0.0,0.0,0.0,0.0,0.0,0.0
model20,LQR-outer,3263,0.015759209300848277,0.020893742119995957,0.021411131907979202,0.3988314681005925,0.0,0.0,0.0,0.0,0.0,0.0
model20,LQR-outer,3264,0.03135710442420481,0.0408154645683898,0.04265808884798802,0.2779867537859826,0.0,0.0,0.0,0.0,0.0,0.0
model20,LQR-outer,3265,0.01042566212500959,0.013494302193998726,0.013700725432695463,0.5694327829379067,0.0,0.0,0.0,0.0,0.0,0.0
model20,LQR-outer,3266,0.02267866604637688,0.02976755744031955,0.03057788117694191,0.33961759100779737,0.0,0.0,0.0,0.0,0.0,0.0
model20,LQR-outer,3267,0.02206820163910003,0.030227787223307538,0.030967281046567683,0.35888755077705164,0.0,0.0,0.0,0.0,0.0,0.0
model20,LQR-outer,3268,0.033947726393804285,0.044137247002565175,0.046192049474975114,0.26154108435567286,0.0,0.0,0.0,0.0,0.0,0.0
model20,LQR-outer,3269,0.03580876566468353,0.04784206617129708,0.04835109079870971,0.8696932600393406,0.0,0.0,0.0,0.0,0.0,0.0
model20,LQR-outer,3270,0.01032325209866827,0.014036714772889003,0.014455501221368173,0.5380260580882316,0.0,0.0,0.0,0.0,0.0,0.0
model20,LQR-outer,3271,0.025389722574964926,0.03310998312529806,0.034202441876929134,0.32045543902325946,0.0,0.0,0.0,0.0,0.0,0.0
model20,LQR-outer,3272,0.014586618286366107,0.019606490790635048,0.020339019644020344,0.6165935152418818,0.0,0.0,0.0,0.0,0.0,0.0
model20,LQR-outer,3273,0.014931092848618007,0.020034280616917415,0.02050924937223642,0.40819418329682783,0.0,0.0,0.0,0.0,0.0,0.0
model20,LQR-outer,3274,0.01586638186724082,0.021674506069789372,0.022053830864917665,0.6255060186084689,0.0,0.0,0.0,0.0,0.0,0.0
model20,LQR-outer,3275,0.009933654321864655,0.013836201107747857,0.01430344448833328,0.4658209084792566,0.0,0.0,0.0,0.0,0.0,0.0
model20,LQR-outer,3276,0.03106450214729579,0.04162625473963815,0.042664455597694544,0.7606435578048308,0.0,0.0,0.0,0.0,0.0,0.0
model20,LQR-outer,3277,0.01007811227214239,0.012632828404989454,0.015672881983208386,0.5516193123066814,0.0,0.0,0.0,0.0,0.0,0.0
model20,LQR-outer,3278,0.03322296846962137,0.04324829695963254,0.0452916313372933,0.26497008257676885,0.0,0.0,0.0,0.0,0.0,0.0
model20,LQR-outer,3279,0.015632502787862917,0.021979484992615716,0.022537518318101385,0.4690852597904491,0.0,0.0,0.0,0.0,0.0,0.0
model20,LQR-outer,3280,0.011382938729037267,0.015026500859409589,0.015398139204877764,0.4366141723170948,0.0,0.0,0.0,0.0,0.0,0.0
model20,LQR-outer,3281,0.026986020968945583,0.03770263310686277,0.038177806717957584,0.34078578614229843,0.0,0.0,0.0,0.0,0.0,0.0
model20,LQR-outer,3282,0.012183998306821387,0.01644917786670734,0.01686064686276039,0.4923466649133185,0.0,0.0,0.0,0.0,0.0,0.0
model20,LQR-outer,3283,0.011255182848248117,0.015693675052663714,0.016704014723786822,0.48058793377618547,0.0,0.0,0.0,0.0,0.0,0.0
model20,LQR-outer,3284,0.01887919594483413,0.025723845869650784,0.02634947332276542,0.477496201215058,0.0,0.0,0.0,0.0,0.0,0.0
model20,LQR-outer,3285,0.035352219584595085,0.047673646225800864,0.04830561013599467,0.8435346765559563,0.0,0.0,0.0,0.0,0.0,0.0
model20,LQR-outer,3286,0.02134483559350639,0.028751039281167175,0.029344044120578873,0.694701542981758,0.0,0.0,0.0,0.0,0.0,0.0
model20,LQR-outer,3287,0.018290985837824843,0.025555121750783363,0.025801392732199297,0.5135441557641324,0.0,0.0,0.0,0.0,0.0,0.0
model20,LQR-outer,3288,0.02629855655187255,0.03415875294498534,0.035156545123129185,0.7529051994086838,0.0,0.0,0.0,0.0,0.0,0.0
model20,LQR-outer,3289,0.011431990284998842,0.015766010785444057,0.01616434929425547,0.5504351355951288,0.0,0.0,0.0,0.0,0.0,0.0
model20,LQR-outer,3290,0.01949719377191015,0.02710879049901714,0.027815167367089697,0.38064942522707323,0.0,0.0,0.0,0.0,0.0,0.0
model20,LQR-outer,3291,0.024626847515693988,0.032987548240134675,0.033469147882263094,0.33156418362409323,0.0,0.0,0.0,0.0,0.0,0.0
model20,LQR-outer,3292,0.011780568981762685,0.016021975182131606,0.016600452843496486,0.5648239946908986,0.0,0.0,0.0,0.0,0.0,0.0
model20,LQR-outer,3293,0.03196396484506041,0.043672634195930086,0.04434942253092739,0.29580398591111134,0.0,0.0,0.0,0.0,0.0,0.0
model20,LQR-outer,3294,0.013348232067436766,0.017525278638771215,0.01795415756070602,0.41892394013536643,0.0,0.0,0.0,0.0,0.0,0.0
model20,LQR-outer,3295,0.011276710658647101,0.015599831934555518,0.01616673035776943,0.5159942910877309,0.0,0.0,0.0,0.0,0.0,0.0
model20,LQR-outer,3296,0.013408608790684732,0.018463499377040837,0.019092527658532834,0.5381564379154231,0.0,0.0,0.0,0.0,0.0,0.0
model20,LQR-outer,3297,0.025223682007883375,0.03530983846608383,0.035862677077981346,0.3480946623641541,0.0,0.0,0.0,0.0,0.0,0.0
model20,LQR-outer,3298,0.017064820490265507,0.02308023737238555,0.02368429841013752,0.5384391790010731,0.0,0.0,0.0,0.0,0.0,0.0
model20,LQR-outer,3299,0.022143739687511977,0.030081665769596824,0.03036266330622057,0.6979852026922666,0.0,0.0,0.0,0.0,0.0,0.0
model20,CurrentOnly-AE-CeNN-494,3200,0.012635075393505595,0.017899524243991924,0.019020547905941994,0.45518060233239277,0.0,0.07760056842993311,0.0,0.0,0.0,0.0
model20,CurrentOnly-AE-CeNN-494,3201,0.012305294333403542,0.01749097055377797,0.01831114149044298,0.46966945847084757,0.0,0.07814594455329382,0.0,0.0,0.0,0.0
model20,CurrentOnly-AE-CeNN-494,3202,0.013824859844293056,0.020303682780894207,0.020828431763122515,0.48565361035050697,0.0,0.08268075861194889,0.0,0.0,0.0,0.0
model20,CurrentOnly-AE-CeNN-494,3203,0.009228767523560383,0.011417152037062528,0.011683857559136793,0.5975718376860314,0.0,0.08533545659765357,0.0,0.0,0.0,0.0
model20,CurrentOnly-AE-CeNN-494,3204,0.016327264787947965,0.022675382117016217,0.023117227730132524,0.3698804834850407,0.0,0.07942173339347075,0.0,0.0,0.0,0.0
model20,CurrentOnly-AE-CeNN-494,3205,0.017850042106676765,0.02460371492858419,0.02666693558592813,0.34450590300781925,0.0,0.08703793240811966,0.0,0.0,0.0,0.0
model20,CurrentOnly-AE-CeNN-494,3206,0.015267254909313958,0.021233917995139948,0.021857973189724378,0.38495471508229206,0.0,0.08401447559922828,0.0,0.0,0.0,0.0
model20,CurrentOnly-AE-CeNN-494,3207,0.015953535587838793,0.02290386416144999,0.02376604752702906,0.43929113453215757,0.0,0.0893151747027102,0.0,0.0,0.0,0.0
model20,CurrentOnly-AE-CeNN-494,3208,0.010633093667299231,0.013915180938238464,0.014640121189117915,0.6133990402363402,0.0,0.08727547555220525,0.0,0.0,0.0,0.0
model20,CurrentOnly-AE-CeNN-494,3209,0.010765596155756238,0.015035722078941315,0.01616505981922642,0.5016392417382505,0.0,0.07905929360692882,0.0,0.0,0.0,0.0
model20,CurrentOnly-AE-CeNN-494,3210,0.019036343177987494,0.025835381341011855,0.02626952670097427,0.753335661160922,0.0,0.11706515652526572,0.0,0.0,0.0,0.0
model20,CurrentOnly-AE-CeNN-494,3211,0.0260140557516018,0.03518343578984425,0.03595730912309487,0.25916965694202837,0.0,0.10769453307187371,0.0,0.0,0.0,0.0
model20,CurrentOnly-AE-CeNN-494,3212,0.009437123772226049,0.013140449795398492,0.013657522178595337,0.49674356206947656,0.0,0.07376256802832663,0.0,0.0,0.0,0.0
model20,CurrentOnly-AE-CeNN-494,3213,0.010342242522018423,0.01468493744114298,0.0150929505761854,0.5011310001007987,0.0,0.07453263467714775,0.0,0.0,0.0,0.0
model20,CurrentOnly-AE-CeNN-494,3214,0.013557339516366377,0.0174858265643363,0.01861564225141791,0.6630364140845073,0.0,0.09651726949673625,0.0,0.0,0.0,0.0
model20,CurrentOnly-AE-CeNN-494,3215,0.012028857786730275,0.015922081140668336,0.01640031633051509,0.42761954747030945,0.0,0.07303603652915636,0.0,0.0,0.0,0.0
model20,CurrentOnly-AE-CeNN-494,3216,0.012337879552555948,0.018461440359614164,0.019118727949621394,0.5221427402118518,0.0,0.0856206568788408,0.0,0.0,0.0,0.0
model20,CurrentOnly-AE-CeNN-494,3217,0.012560566255793056,0.017668300333137845,0.017975081542956597,0.4932839556103139,0.0,0.08168345039094758,0.0,0.0,0.0,0.0
model20,CurrentOnly-AE-CeNN-494,3218,0.014479073621202177,0.01942596404664637,0.02025916673445676,0.38156339285764646,0.0,0.07750781617131328,0.0,0.0,0.0,0.0
model20,CurrentOnly-AE-CeNN-494,3219,0.02053817894388189,0.028999652758775186,0.029658578370873403,0.751561665951639,0.0,0.11770904054543704,0.0,0.0,0.0,0.0
model20,CurrentOnly-AE-CeNN-494,3220,0.011760417008252762,0.016156227222975494,0.01687796252337408,0.4318709498719421,0.0,0.0738615494539345,0.0,0.0,0.0,0.0
model20,CurrentOnly-AE-CeNN-494,3221,0.022370667567844747,0.029701794914372838,0.030683833188385527,0.7977854969195813,0.0,0.12494009227410767,0.0,0.0,0.0,0.0
model20,CurrentOnly-AE-CeNN-494,3222,0.011612044786060224,0.016528734728430607,0.017066486878717344,0.43816161522696545,0.0,0.0769118428015313,0.0,0.0,0.0,0.0
model20,CurrentOnly-AE-CeNN-494,3223,0.014249029775750254,0.01976559431761975,0.0207440148587939,0.4161632732190168,0.0,0.08001573173938202,0.0,0.0,0.0,0.0
model20,CurrentOnly-AE-CeNN-494,3224,0.025570116840420324,0.034725627434254204,0.035672415157403645,0.27286529015322836,0.0,0.10559389491996048,0.0,0.0,0.0,0.0
model20,CurrentOnly-AE-CeNN-494,3225,0.022499763023072574,0.02932896152861057,0.03086858051812133,0.2942124068527386,0.0,0.09746290345832087,0.0,0.0,0.0,0.0
model20,CurrentOnly-AE-CeNN-494,3226,0.024009405222204395,0.03376999550475774,0.03578767043015486,0.292934695509864,0.0,0.10762644701266412,0.0,0.0,0.0,0.0
model20,CurrentOnly-AE-CeNN-494,3227,0.011807876504860702,0.018311270823856394,0.018702342621984162,0.45593470427991367,0.0,0.07659355860876876,0.0,0.0,0.0,0.0
model20,CurrentOnly-AE-CeNN-494,3228,0.012132741359362724,0.015566520314911713,0.015796543650834164,0.6385334099358703,0.0,0.09362672831387699,0.0,0.0,0.0,0.0
model20,CurrentOnly-AE-CeNN-494,3229,0.015158022011569868,0.01995915923758444,0.021220371766900194,0.3791433433560307,0.0,0.07642435264849592,0.0,0.0,0.0,0.0
model20,CurrentOnly-AE-CeNN-494,3230,0.008459773941478463,0.01182552644229733,0.012239068874239433,0.5549490023280815,0.0,0.07950817098681827,0.0,0.0,0.0,0.0
model20,CurrentOnly-AE-CeNN-494,3231,0.015329029588247613,0.0208516193713626,0.021209783719749783,0.6680533606746063,0.0,0.10241684826294095,0.0,0.0,0.0,0.0
model20,CurrentOnly-AE-CeNN-494,3232,0.012438839411779647,0.018842962388547303,0.019150754493039625,0.5536868173702029,0.0,0.08593312651999684,0.0,0.0,0.0,0.0
model20,CurrentOnly-AE-CeNN-494,3233,0.019992738600271183,0.02643249688325589,0.02726677086717687,0.3225824423963529,0.0,0.08845271115793009,0.0,0.0,0.0,0.0
model20,CurrentOnly-AE-CeNN-494,3234,0.010578530883684437,0.01383826610371938,0.014581718472364096,0.618132546077409,0.0,0.08832847930113978,0.0,0.0,0.0,0.0
model20,CurrentOnly-AE-CeNN-494,3235,0.01527085422541091,0.020913284770209043,0.02133925363044022,0.3830233543930122,0.0,0.08220555748257324,0.0,0.0,0.0,0.0
model20,CurrentOnly-AE-CeNN-494,3236,0.014308791719642158,0.01878989273641041,0.019406791390194966,0.3882878474004516,0.0,0.07444255024095538,0.0,0.0,0.0,0.0
model20,CurrentOnly-AE-CeNN-494,3237,0.010306377297408595,0.016239450668719204,0.017282078299100435,0.5172710699913213,0.0,0.0800235959218178,0.0,0.0,0.0,0.0
model20,CurrentOnly-AE-CeNN-494,3238,0.00903547369676687,0.012547034067786823,0.013566510578319816,0.4940954355475803,0.0,0.0711170053728758,0.0,0.0,0.0,0.0
model20,CurrentOnly-AE-CeNN-494,3239,0.0156237296108834,0.021445568620543327,0.023499103245276248,0.3649422984087811,0.0,0.08264884682186346,0.0,0.0,0.0,0.0
model20,CurrentOnly-AE-CeNN-494,3240,0.009369792506964288,0.013221069967753322,0.013623436272918383,0.49321557678244543,0.0,0.06952020981601434,0.0,0.0,0.0,0.0
model20,CurrentOnly-AE-CeNN-494,3241,0.014835380183711463,0.02225535506224104,0.023250023236795342,0.626076245223162,0.0,0.0991461551281894,0.0,0.0,0.0,0.0
model20,CurrentOnly-AE-CeNN-494,3242,0.014202669538962027,0.01856593005025819,0.019254085206207174,0.39147565549403185,0.0,0.07518246009732726,0.0,0.0,0.0,0.0
model20,CurrentOnly-AE-CeNN-494,3243,0.013307539547679768,0.018274232392083867,0.018885008723668297,0.40915328344001944,0.0,0.07664184176606004,0.0,0.0,0.0,0.0
model20,CurrentOnly-AE-CeNN-494,3244,0.01078448163386802,0.015154738521110931,0.015362258099257392,0.6069106476307353,0.0,0.08790304452911694,0.0,0.0,0.0,0.0
model20,CurrentOnly-AE-CeNN-494,3245,0.01529105039086667,0.022047775009893505,0.023524592100984787,0.40492899496878143,0.0,0.08305610419201769,0.0,0.0,0.0,0.0
model20,CurrentOnly-AE-CeNN-494,3246,0.01160737749640621,0.01678432499757109,0.01743889624839807,0.5517437544612807,0.0,0.08262433628386703,0.0,0.0,0.0,0.0
model20,CurrentOnly-AE-CeNN-494,3247,0.020251625143442163,0.027474033620900506,0.028027472835578833,0.31211902141679315,0.0,0.09247749576530417,0.0,0.0,0.0,0.0
model20,CurrentOnly-AE-CeNN-494,3248,0.008900214899227252,0.012345640036919346,0.012603510715887601,0.5553750189002079,0.0,0.07939389295993984,0.0,0.0,0.0,0.0
model20,CurrentOnly-AE-CeNN-494,3249,0.011075890188989277,0.01590034951967433,0.018375046218760082,0.6231140162806775,0.0,0.08778691162025563,0.0,0.0,0.0,0.0
model20,CurrentOnly-AE-CeNN-494,3250,0.015071424742000272,0.022579844143445892,0.02355390597366749,0.4360715965368665,0.0,0.0816389202560789,0.0,0.0,0.0,0.0
model20,CurrentOnly-AE-CeNN-494,3251,0.00894636474696631,0.012168184061161177,0.019855028890273123,0.5696319323609222,0.0,0.08146077768943119,0.0,0.0,0.0,0.0
model20,CurrentOnly-AE-CeNN-494,3252,0.013119910525766713,0.016982344568210548,0.02011508436055684,0.6452890718751549,0.0,0.0962395774526318,0.0,0.0,0.0,0.0
model20,CurrentOnly-AE-CeNN-494,3253,0.01397413087127877,0.017878538121618253,0.018021304545951456,0.4004376143168105,0.0,0.07408580455210292,0.0,0.0,0.0,0.0
model20,CurrentOnly-AE-CeNN-494,3254,0.025005523554902456,0.033132370086097165,0.03437184538603486,0.8574876290306777,0.0,0.13336574033043602,0.0,0.0,0.0,0.0
model20,CurrentOnly-AE-CeNN-494,3255,0.016375689879419415,0.021871956289699256,0.022506988523785746,0.3603042581492803,0.0,0.08027555401169487,0.0,0.0,0.0,0.0
model20,CurrentOnly-AE-CeNN-494,3256,0.01713420744225513,0.02293266993615065,0.02367374212947744,0.7139847730185568,0.0,0.11172214006820311,0.0,0.0,0.0,0.0
model20,CurrentOnly-AE-CeNN-494,3257,0.008473641451215043,0.010246067555480758,0.010768577603415297,0.5221889195803402,0.0,0.07439950965822821,0.0,0.0,0.0,0.0
model20,CurrentOnly-AE-CeNN-494,3258,0.012619379357372534,0.017495236691600604,0.017992865105934595,0.41472231703216456,0.0,0.0726439075242389,0.0,0.0,0.0,0.0
model20,CurrentOnly-AE-CeNN-494,3259,0.01972600375369227,0.027284090508210686,0.028203320877635548,0.3149300545173874,0.0,0.09178331917319284,0.0,0.0,0.0,0.0
model20,CurrentOnly-AE-CeNN-494,3260,0.008873194349587311,0.01123525027370175,0.011462707921211259,0.528732103501876,0.0,0.0748209617004891,0.0,0.0,0.0,0.0
model20,CurrentOnly-AE-CeNN-494,3261,0.009770279033162198,0.01381000035688302,0.014888872385785791,0.5401730536371391,0.0,0.08197837537063235,0.0,0.0,0.0,0.0
model20,CurrentOnly-AE-CeNN-494,3262,0.01849405176910585,0.024702933067316652,0.025173126097967954,0.334812370029213,0.0,0.08697779265287445,0.0,0.0,0.0,0.0
model20,CurrentOnly-AE-CeNN-494,3263,0.012798131443210735,0.01687129449727444,0.017353383420130323,0.40653950704666353,0.0,0.07540149951253963,0.0,0.0,0.0,0.0
model20,CurrentOnly-AE-CeNN-494,3264,0.02226393756430138,0.030264479758332744,0.03132044672222417,0.28755211843076633,0.0,0.1011894539397603,0.0,0.0,0.0,0.0
model20,CurrentOnly-AE-CeNN-494,3265,0.009276249732529043,0.011014765970086044,0.011195932251203225,0.5697336158087825,0.0,0.08110076834604596,0.0,0.0,0.0,0.0
model20,CurrentOnly-AE-CeNN-494,3266,0.016997595015495713,0.022443340586448663,0.023117835031109896,0.34888467038764237,0.0,0.08340984802011907,0.0,0.0,0.0,0.0
model20,CurrentOnly-AE-CeNN-494,3267,0.016675206341734323,0.02261108985267636,0.023096359463639284,0.3669344076396878,0.0,0.08397778123910983,0.0,0.0,0.0,0.0
model20,CurrentOnly-AE-CeNN-494,3268,0.024287455152297965,0.03271032760227131,0.03383349163807423,0.27095696388055907,0.0,0.10696562311122848,0.0,0.0,0.0,0.0
model20,CurrentOnly-AE-CeNN-494,3269,0.024277974444949783,0.033010756613949345,0.03443769691374066,0.8580277939796953,0.0,0.13545584417297743,0.0,0.0,0.0,0.0
model20,CurrentOnly-AE-CeNN-494,3270,0.008989462906222257,0.013742215333616262,0.01435374645086265,0.5405418798546111,0.0,0.07811821914046359,0.0,0.0,0.0,0.0
model20,CurrentOnly-AE-CeNN-494,3271,0.018883182363646285,0.02561438449954939,0.02629208220239254,0.32926170340128774,0.0,0.08959501357296629,0.0,0.0,0.0,0.0
model20,CurrentOnly-AE-CeNN-494,3272,0.011428832440470596,0.01664345284064944,0.017471213577227,0.6159051541959755,0.0,0.08752343284484862,0.0,0.0,0.0,0.0
model20,CurrentOnly-AE-CeNN-494,3273,0.012377133099319612,0.016790217388034868,0.017233327374264622,0.41394346684493,0.0,0.07158918505435266,0.0,0.0,0.0,0.0
model20,CurrentOnly-AE-CeNN-494,3274,0.011637416533094672,0.016346395953100248,0.0167280708106054,0.6233289682458597,0.0,0.09025053111801365,0.0,0.0,0.0,0.0
model20,CurrentOnly-AE-CeNN-494,3275,0.01038422296919073,0.014292751147282522,0.015449776174565437,0.4697602997995068,0.0,0.07233243233159353,0.0,0.0,0.0,0.0
model20,CurrentOnly-AE-CeNN-494,3276,0.02059395987026447,0.02987305879341733,0.03068998007096776,0.7534267076354549,0.0,0.12084819798256026,0.0,0.0,0.0,0.0
model20,CurrentOnly-AE-CeNN-494,3277,0.008953911712729686,0.010787268336286345,0.013879720043855468,0.5519088910616531,0.0,0.07885145142741594,0.0,0.0,0.0,0.0
model20,CurrentOnly-AE-CeNN-494,3278,0.024095293219299287,0.03426118541276957,0.035171293963688906,0.2745000538410031,0.0,0.103780996765524,0.0,0.0,0.0,0.0
model20,CurrentOnly-AE-CeNN-494,3279,0.012441324477046432,0.018294367076669874,0.019097667487351647,0.47157175252879563,0.0,0.08049175128436734,0.0,0.0,0.0,0.0
model20,CurrentOnly-AE-CeNN-494,3280,0.01083681498946384,0.01446613213948889,0.01474502477467669,0.44139633934616845,0.0,0.06842448411639364,0.0,0.0,0.0,0.0
model20,CurrentOnly-AE-CeNN-494,3281,0.019370404138186623,0.027096837503301226,0.028635870037718208,0.3466181926220181,0.0,0.09460436639613777,0.0,0.0,0.0,0.0
model20,CurrentOnly-AE-CeNN-494,3282,0.010672996011863684,0.015095064532885274,0.015743223487745477,0.4945620989004302,0.0,0.07441199665300754,0.0,0.0,0.0,0.0
model20,CurrentOnly-AE-CeNN-494,3283,0.010809959192544568,0.013626871301959156,0.017713836692187585,0.48405125735020493,0.0,0.07405484123776734,0.0,0.0,0.0,0.0
model20,CurrentOnly-AE-CeNN-494,3284,0.014660013832943474,0.02030973483553747,0.021422880872600587,0.48106277920217655,0.0,0.08436107175453621,0.0,0.0,0.0,0.0
model20,CurrentOnly-AE-CeNN-494,3285,0.024110738443608264,0.03257140783864991,0.03364448049368321,0.8293985766112307,0.0,0.13194154654641052,0.0,0.0,0.0,0.0
model20,CurrentOnly-AE-CeNN-494,3286,0.014751759316924769,0.01914572034026872,0.020236978268565957,0.6894925121252868,0.0,0.1038444277495944,0.0,0.0,0.0,0.0
model20,CurrentOnly-AE-CeNN-494,3287,0.013578513842694956,0.020252116490613318,0.020739805844176208,0.5145530382674691,0.0,0.0857723959787072,0.0,0.0,0.0,0.0
model20,CurrentOnly-AE-CeNN-494,3288,0.017635509822355764,0.022723692166307673,0.023150324600067346,0.7483550711735422,0.0,0.115407151417935,0.0,0.0,0.0,0.0
model20,CurrentOnly-AE-CeNN-494,3289,0.009822966108118714,0.013606498078694407,0.014118372840467842,0.5516260869180039,0.0,0.08213565201057081,0.0,0.0,0.0,0.0
model20,CurrentOnly-AE-CeNN-494,3290,0.015044017264198524,0.02081849683124108,0.021073043584156192,0.3872672473878364,0.0,0.08127305076760907,0.0,0.0,0.0,0.0
model20,CurrentOnly-AE-CeNN-494,3291,0.0183260589101201,0.024936133626025616,0.02571343344918737,0.3395554350450191,0.0,0.08795610190336303,0.0,0.0,0.0,0.0
model20,CurrentOnly-AE-CeNN-494,3292,0.009895512833651653,0.013127252616831798,0.014042340362466514,0.565233769143158,0.0,0.07947406081533179,0.0,0.0,0.0,0.0
model20,CurrentOnly-AE-CeNN-494,3293,0.02387091714017483,0.032914664973745775,0.03395497715561808,0.3031519338169606,0.0,0.1016107476035001,0.0,0.0,0.0,0.0
model20,CurrentOnly-AE-CeNN-494,3294,0.011337010254928732,0.014941602838930241,0.015268194150007353,0.4248537705800054,0.0,0.0684969552953539,0.0,0.0,0.0,0.0
model20,CurrentOnly-AE-CeNN-494,3295,0.010488115893508655,0.01474358182855388,0.01593387160044629,0.5187031724192624,0.0,0.07668558624701743,0.0,0.0,0.0,0.0
model20,CurrentOnly-AE-CeNN-494,3296,0.011196527294327374,0.015988228723230677,0.01618585182692996,0.5400614055863983,0.0,0.08055937343499607,0.0,0.0,0.0,0.0
model20,CurrentOnly-AE-CeNN-494,3297,0.018353646927406816,0.026008029022249555,0.027671924416160197,0.35569331172637514,0.0,0.09162918110131983,0.0,0.0,0.0,0.0
model20,CurrentOnly-AE-CeNN-494,3298,0.012569855684460347,0.017742678184154193,0.018377151723556372,0.5407363500064883,0.0,0.08583903225466319,0.0,0.0,0.0,0.0
model20,CurrentOnly-AE-CeNN-494,3299,0.014702169008469287,0.01983542610778963,0.020380790000853514,0.6909450972591312,0.0,0.10607228157138814,0.0,0.0,0.0,0.0
model20,AlwaysOpen-HistorySide,3200,0.012610225684066154,0.01777127028029532,0.018803017717631626,0.4552122523649401,0.0,0.07795324923089879,0.16143140519873247,0.1634230263738437,1.0,1.0
model20,AlwaysOpen-HistorySide,3201,0.012286344071860683,0.01762393988131027,0.018454573927298285,0.4696168062117361,0.0,0.07838891881962967,0.16139089484839628,0.16339992764094743,1.0,1.0
model20,AlwaysOpen-HistorySide,3202,0.013758997851806608,0.020272819288135447,0.02080746314349741,0.48572617193770934,0.0,0.08338151574455044,0.16139704215784528,0.16327273759375283,1.0,1.0
model20,AlwaysOpen-HistorySide,3203,0.009262289444272907,0.011474303836862291,0.011729085528410038,0.5975908709836956,0.0,0.08586519002547487,0.16146800486483454,0.16342145426564042,1.0,1.0
model20,AlwaysOpen-HistorySide,3204,0.01626408832436106,0.022537151465099985,0.022946862074625245,0.3699803586936055,0.0,0.08000367140002278,0.16141243282850248,0.16333810713876962,1.0,1.0
model20,AlwaysOpen-HistorySide,3205,0.017692188213764497,0.024407775884988433,0.026431437779759523,0.34469157127801214,0.0,0.08800416664562997,0.16142151305314356,0.1635047192558199,1.0,1.0
model20,AlwaysOpen-HistorySide,3206,0.015184841836919972,0.021168000185083226,0.021779910669258603,0.3850185500101573,0.0,0.0845499820015212,0.16142416949592034,0.16326785183424752,1.0,1.0
model20,AlwaysOpen-HistorySide,3207,0.015867530428615405,0.022665112304866657,0.02358882979552518,0.4393897051465737,0.0,0.08994270528885498,0.16147264773304554,0.16355046651642755,1.0,1.0
model20,AlwaysOpen-HistorySide,3208,0.010622130560411669,0.013799988063213016,0.014568752719005262,0.6134046287326947,0.0,0.08790914652230877,0.16147966046637655,0.16351686264414875,1.0,1.0
model20,AlwaysOpen-HistorySide,3209,0.010780291899067625,0.014982892365068433,0.016133323225104378,0.5016324636640759,0.0,0.07951463091541253,0.16145102184551516,0.1633436990087014,1.0,1.0
model20,AlwaysOpen-HistorySide,3210,0.018937756135250394,0.025638864900878217,0.026291938490733323,0.753140269613795,0.0,0.1179010874739809,0.16153753000855509,0.163550954069627,1.0,1.0
model20,AlwaysOpen-HistorySide,3211,0.025818585900808554,0.034928093990678664,0.035689525299615124,0.2592772879861826,0.0,0.1086306093356435,0.16142731584110268,0.16343940948504646,1.0,1.0
model20,AlwaysOpen-HistorySide,3212,0.009434045313026109,0.013107303863274043,0.013693206588583685,0.49680226387747384,0.0,0.07420005350486474,0.1614373767250501,0.1633305516488964,1.0,1.0
model20,AlwaysOpen-HistorySide,3213,0.010331987073724075,0.014791555564080737,0.015223031282651761,0.501233392750818,0.0,0.0752329518438347,0.16140562595872074,0.16334667363356972,1.0,1.0
model20,AlwaysOpen-HistorySide,3214,0.01350596275096016,0.017479110743060487,0.018591213228421624,0.6629115044467763,0.0,0.09716005871439899,0.16149122140529218,0.16340179986553577,1.0,1.0
model20,AlwaysOpen-HistorySide,3215,0.012013850455444149,0.01581259813577164,0.016501294803700602,0.4277342932617073,0.0,0.07370267419344756,0.1614013895093491,0.16348735340934667,1.0,1.0
model20,AlwaysOpen-HistorySide,3216,0.012300475245794218,0.018543855804220803,0.019201692796464137,0.522035836188437,0.0,0.08585965398779549,0.1614126341860527,0.1633287114662586,1.0,1.0
model20,AlwaysOpen-HistorySide,3217,0.012507100515802247,0.017649178209067837,0.017991104984254342,0.4933236548326233,0.0,0.08202060488576772,0.16140052967663443,0.1634566212439811,1.0,1.0
model20,AlwaysOpen-HistorySide,3218,0.014401572021297031,0.019299163785636512,0.020115156889515182,0.3816192199322559,0.0,0.07782383038193151,0.16140973267204123,0.16343671820495828,1.0,1.0
model20,AlwaysOpen-HistorySide,3219,0.020411374601673273,0.02883417506981275,0.029565728736414946,0.7513738131157502,0.0,0.11869078484170005,0.16151737379506748,0.16351250325878752,1.0,1.0
model20,AlwaysOpen-HistorySide,3220,0.011743623208096335,0.01611726938980826,0.01687940095431149,0.4319684110311607,0.0,0.07440628123904704,0.16141609988935574,0.16335465944809718,1.0,1.0
model20,AlwaysOpen-HistorySide,3221,0.02221564984990948,0.02941403292282574,0.030406939304975143,0.7974793895392183,0.0,0.1258058934622147,0.1615560333527102,0.16348325639715566,1.0,1.0
model20,AlwaysOpen-HistorySide,3222,0.011594627731390408,0.01646161979323149,0.01697740735573779,0.4382716751098228,0.0,0.07716242558173346,0.16143010602845656,0.1634840290969175,1.0,1.0
model20,AlwaysOpen-HistorySide,3223,0.014160864089797533,0.019742999812223296,0.02048226670418865,0.41617142868277346,0.0,0.08063059628973447,0.16142679113573635,0.1635153128392817,1.0,1.0
model20,AlwaysOpen-HistorySide,3224,0.02537296699658601,0.034511195324609514,0.03544628839186665,0.27292697281652095,0.0,0.106333399911468,0.16143335776079226,0.16356258311108157,1.0,1.0
model20,AlwaysOpen-HistorySide,3225,0.022346923355129274,0.029148651287724047,0.030507385547949215,0.2944102967782212,0.0,0.09840578121355256,0.16140035493765298,0.16337676673142182,1.0,1.0
model20,AlwaysOpen-HistorySide,3226,0.023824052289305075,0.03355658956059468,0.03536198194119702,0.2930057770478005,0.0,0.1084274577163529,0.16144543930520835,0.1633607770335907,1.0,1.0
model20,AlwaysOpen-HistorySide,3227,0.011830981588224787,0.018309078235653926,0.018670296309109127,0.45600190091254894,0.0,0.07720309455804482,0.1614488393454478,0.1633783866203094,1.0,1.0
model20,AlwaysOpen-HistorySide,3228,0.01211506038171455,0.015563490719454263,0.015790437918414765,0.6384527633885918,0.0,0.09422483915950698,0.16148283434158014,0.16363262062786493,1.0,1.0
model20,AlwaysOpen-HistorySide,3229,0.015063284991465031,0.01984584302265359,0.021086484148947995,0.3792532923493846,0.0,0.07691191547171522,0.16139704709046931,0.1633579260930113,1.0,1.0
model20,AlwaysOpen-HistorySide,3230,0.008456613350794385,0.011735308278085235,0.01234394157979516,0.5549646079231871,0.0,0.07994016891989678,0.1614408565121741,0.1634411076139503,1.0,1.0
model20,AlwaysOpen-HistorySide,3231,0.015267197268725342,0.020791172701074483,0.021191217230180633,0.6681239276318259,0.0,0.10346797920158099,0.16148757925290658,0.16342019958211318,1.0,1.0
model20,AlwaysOpen-HistorySide,3232,0.012412687304754944,0.018925422844787532,0.019218766445807545,0.5537151229324997,0.0,0.08665244221138503,0.16142333445504842,0.16346948685193471,1.0,1.0
model20,AlwaysOpen-HistorySide,3233,0.019883640606927742,0.026262337772859717,0.02694270772490909,0.3227581685010945,0.0,0.08942723453737371,0.1614077984510555,0.16336843660534103,1.0,1.0
model20,AlwaysOpen-HistorySide,3234,0.010502598921747779,0.013832889506112613,0.01450703751189607,0.6180253734990228,0.0,0.08878315912457505,0.1614760268791365,0.16335040909442872,1.0,1.0
model20,AlwaysOpen-HistorySide,3235,0.015169932506371971,0.020782579816545015,0.02120590483781175,0.3830963034345821,0.0,0.08273092986426893,0.16140210865482865,0.1634157101045468,1.0,1.0
model20,AlwaysOpen-HistorySide,3236,0.01424586605329561,0.018615355281469518,0.01916577040914406,0.3883632675237372,0.0,0.07488529106549888,0.16138327455242085,0.16325903795906732,1.0,1.0
model20,AlwaysOpen-HistorySide,3237,0.01032254658896397,0.016177904797439878,0.01723534280357425,0.5172588786244391,0.0,0.08074095779274959,0.16145954125778386,0.16339220046300423,1.0,1.0
model20,AlwaysOpen-HistorySide,3238,0.009104716337635987,0.01280230791386817,0.01379915800930041,0.49417498510378305,0.0,0.07147960367267685,0.16142619575903355,0.163317939853797,1.0,1.0
model20,AlwaysOpen-HistorySide,3239,0.01553928637166826,0.02140094772079854,0.02333278101053881,0.36501431608850265,0.0,0.08301378925836755,0.16142443172704535,0.16330122666216693,1.0,1.0
model20,AlwaysOpen-HistorySide,3240,0.009417793141125227,0.013239785949277416,0.013724368368851485,0.49317699267809256,0.0,0.06977712025212954,0.16142407193214936,0.16341683556492564,1.0,1.0
model20,AlwaysOpen-HistorySide,3241,0.014755557821073696,0.022206668462097512,0.02317980094627266,0.626046862151172,0.0,0.10014060229553903,0.16145449965785386,0.16347295100509834,1.0,1.0
model20,AlwaysOpen-HistorySide,3242,0.014119409708637372,0.01846208955383767,0.01914826857793775,0.39156674939208636,0.0,0.07557953827141527,0.16139420084864262,0.1632927664223925,1.0,1.0
model20,AlwaysOpen-HistorySide,3243,0.013260244394320508,0.018078813130727563,0.01870951468991348,0.40921760896069875,0.0,0.07703963933141406,0.16138569882973283,0.16358724661275909,1.0,1.0
model20,AlwaysOpen-HistorySide,3244,0.010766377548801085,0.015097558081052643,0.015285425133096796,0.6068017229904415,0.0,0.08845619029121728,0.16145501170274187,0.16345421820913886,1.0,1.0
model20,AlwaysOpen-HistorySide,3245,0.0152294096577353,0.022065229928548338,0.023394004366480585,0.4050432202170206,0.0,0.08376330523954484,0.16144020692906974,0.1633266519739165,1.0,1.0
model20,AlwaysOpen-HistorySide,3246,0.011582664000843963,0.016804003473476437,0.01745235293069675,0.5516937241338662,0.0,0.08311687277414699,0.16142497304302458,0.1632954956384788,1.0,1.0
model20,AlwaysOpen-HistorySide,3247,0.020110417096036948,0.027300680523306545,0.02784194449848843,0.31227594025945715,0.0,0.09326198531511472,0.16140727307335695,0.1632576898169827,1.0,1.0
model20,AlwaysOpen-HistorySide,3248,0.008922782292259544,0.012241386206256206,0.01249554284620123,0.555346698220103,0.0,0.07967386893485265,0.16144051646881635,0.16362423365356796,1.0,1.0
model20,AlwaysOpen-HistorySide,3249,0.011056234085272652,0.015810982142000593,0.018288478644928073,0.6230433205948727,0.0,0.08845241912333475,0.16146741451514224,0.16365362485181095,1.0,1.0
model20,AlwaysOpen-HistorySide,3250,0.015019248809343529,0.02237776904043654,0.023327075228959864,0.43614876004127107,0.0,0.08204694826039413,0.16143107557569825,0.16338910833722703,1.0,1.0
model20,AlwaysOpen-HistorySide,3251,0.008983391101488105,0.01209797612906372,0.01987789401216611,0.5695312108009057,0.0,0.08183791695038922,0.1614447761195847,0.1635290779412033,1.0,1.0
model20,AlwaysOpen-HistorySide,3252,0.013058073129888903,0.016813670988904073,0.020026792592009988,0.6451839827265102,0.0,0.09712817477713996,0.16150074662990874,0.1635359246105757,1.0,1.0
model20,AlwaysOpen-HistorySide,3253,0.013916345003945776,0.017825308847159934,0.017978423090099754,0.400533226319239,0.0,0.07420183370283513,0.16139227980777687,0.16333287589985745,1.0,1.0
model20,AlwaysOpen-HistorySide,3254,0.02482638136093784,0.032807563985845556,0.03412097672014038,0.8571706004978963,0.0,0.13446004012062088,0.1615998478534954,0.1636947030230972,1.0,1.0
model20,AlwaysOpen-HistorySide,3255,0.016276661643943223,0.02174250391603111,0.0223725441762031,0.360420511078983,0.0,0.08098058762871761,0.1613927367416986,0.16348704353139784,1.0,1.0
model20,AlwaysOpen-HistorySide,3256,0.017041438342087878,0.02263617780222488,0.02344627851705014,0.7138839999693548,0.0,0.1126371190678941,0.1615529240735468,0.16359679013349612,1.0,1.0
model20,AlwaysOpen-HistorySide,3257,0.008518829728619066,0.010437142764553924,0.010945298049178253,0.5222738874596937,0.0,0.07499287699132522,0.16142545848902978,0.163530441129092,1.0,1.0
model20,AlwaysOpen-HistorySide,3258,0.012557338291162427,0.017416287830583615,0.017879112719335177,0.41483995397273793,0.0,0.07286775621845505,0.1614084662478673,0.16346336419849303,1.0,1.0
model20,AlwaysOpen-HistorySide,3259,0.019573527634652678,0.027125058462014937,0.028032808604501,0.31502003399517636,0.0,0.09237692258818087,0.16141268715670798,0.16335644504323094,1.0,1.0
model20,AlwaysOpen-HistorySide,3260,0.008907902700277191,0.01146203404726283,0.011726600612282952,0.5287178372946191,0.0,0.07538725337012499,0.16142601436524995,0.1635496720663464,1.0,1.0
model20,AlwaysOpen-HistorySide,3261,0.009787557429578068,0.013684918697687322,0.014787452938932783,0.5402925681866424,0.0,0.082653286605482,0.16144439336651523,0.16328732653174097,1.0,1.0
model20,AlwaysOpen-HistorySide,3262,0.018368467499453516,0.024508837172560752,0.02498212683280917,0.3349853272485906,0.0,0.08785193270387419,0.1614041511126427,0.16351460246733499,1.0,1.0
model20,AlwaysOpen-HistorySide,3263,0.012759350592379794,0.01673408801384688,0.017220218420638252,0.4066209667512437,0.0,0.07576074865162251,0.1613855914386833,0.16345877118328056,1.0,1.0
model20,AlwaysOpen-HistorySide,3264,0.02208099784456664,0.030094877870324964,0.031158872534183226,0.2877583839482825,0.0,0.10244546509723407,0.16142170585251084,0.1634092171595298,1.0,1.0
model20,AlwaysOpen-HistorySide,3265,0.009322364163995315,0.011147912721923867,0.011330055326892996,0.5696202661708563,0.0,0.08158939088596434,0.16145936499197877,0.1633006226625574,1.0,1.0
model20,AlwaysOpen-HistorySide,3266,0.016897180881748748,0.022316024611457385,0.0229797699543183,0.3489791308110657,0.0,0.08409671147977599,0.16139980904816287,0.16324359728626844,1.0,1.0
model20,AlwaysOpen-HistorySide,3267,0.016572395293049616,0.02246171556257541,0.02295639553571034,0.36704191954687626,0.0,0.08433976282412912,0.1614172588257098,0.16343218706527385,1.0,1.0
model20,AlwaysOpen-HistorySide,3268,0.02408668197834986,0.032508691057010736,0.033629738804007624,0.2711169610305948,0.0,0.10818211918412678,0.16141633994960336,0.16342524842111983,1.0,1.0
model20,AlwaysOpen-HistorySide,3269,0.024072203012742457,0.03276110444496748,0.03420097029998534,0.8576702233874501,0.0,0.1365685050909892,0.16160484880047657,0.1636312656993119,1.0,1.0
model20,AlwaysOpen-HistorySide,3270,0.009030597747210274,0.013669362670202346,0.014277298905295265,0.540519964386224,0.0,0.07860221215208033,0.16145094517114275,0.16327698350799655,1.0,1.0
model20,AlwaysOpen-HistorySide,3271,0.018765299213786987,0.025473820126671,0.026166284823482173,0.3293765641305435,0.0,0.09013131528768639,0.1613853065626263,0.1634469118972386,1.0,1.0
model20,AlwaysOpen-HistorySide,3272,0.011418287822515945,0.016607783655415674,0.01746442157518113,0.6159461324385451,0.0,0.08824765551345679,0.16144390251276294,0.1635336123413081,1.0,1.0
model20,AlwaysOpen-HistorySide,3273,0.012328827707121202,0.01673638150076053,0.017175701921029338,0.41401262424551194,0.0,0.0721023561814361,0.1613959380815912,0.1633610772090302,1.0,1.0
model20,AlwaysOpen-HistorySide,3274,0.01163289098144241,0.016439716581665095,0.016833984960293744,0.6233074078013798,0.0,0.0910044777690411,0.16145380947535778,0.1634336696584275,1.0,1.0
model20,AlwaysOpen-HistorySide,3275,0.010408518892641737,0.014191090608488886,0.015359880123816878,0.4698415675821684,0.0,0.07280873519810983,0.16141840354418066,0.16346235032311585,1.0,1.0
model20,AlwaysOpen-HistorySide,3276,0.020448625049136988,0.02979453137995273,0.03060156258404922,0.7532089710226619,0.0,0.12180126595748174,0.1615713258518722,0.16368249860865153,1.0,1.0
model20,AlwaysOpen-HistorySide,3277,0.008999837189734579,0.011045004684743094,0.013833432483127425,0.5518209807008262,0.0,0.07919261906113728,0.1614264141861841,0.16346009972585973,1.0,1.0
model20,AlwaysOpen-HistorySide,3278,0.02390953246451591,0.03409208991945683,0.03498330061365049,0.27468936795868143,0.0,0.10515071134581588,0.1614258358932721,0.16353952604901745,1.0,1.0
model20,AlwaysOpen-HistorySide,3279,0.012384165362139685,0.01832140478425243,0.01912088686750668,0.47167984334684676,0.0,0.08108122789254381,0.16141260012655217,0.1635221601563623,1.0,1.0
model20,AlwaysOpen-HistorySide,3280,0.010853469673318518,0.014550456922538493,0.014869895197989225,0.44143134924133837,0.0,0.06873248606443276,0.16140411597676216,0.16350630034580613,1.0,1.0
model20,AlwaysOpen-HistorySide,3281,0.01925425914655698,0.02690102357117956,0.028415862812424347,0.3467221632435526,0.0,0.09550019070946009,0.16144091123739268,0.1635473594000213,1.0,1.0
model20,AlwaysOpen-HistorySide,3282,0.010711403314787284,0.015043668797640119,0.015696915536971525,0.49462897385973476,0.0,0.07500972731755957,0.16143784771213793,0.16344191962498814,1.0,1.0
model20,AlwaysOpen-HistorySide,3283,0.010797927567209528,0.013777824532528673,0.017509509646165353,0.48398332169175057,0.0,0.07435050073832285,0.1614046138623968,0.16335495244766632,1.0,1.0
model20,AlwaysOpen-HistorySide,3284,0.014599215750876738,0.020125632727652904,0.02118312056769388,0.4810080484381349,0.0,0.08467501420048192,0.16145798612456833,0.16356406166983845,1.0,1.0
model20,AlwaysOpen-HistorySide,3285,0.023945339481891436,0.032414760739082775,0.03327571603576291,0.8291701819183341,0.0,0.13306234932624103,0.1615723258582296,0.16354110079424525,1.0,1.0
model20,AlwaysOpen-HistorySide,3286,0.01470247971969435,0.018971939058221945,0.02006463473576058,0.6893886184604003,0.0,0.10453220822068077,0.16148680603538687,0.16348756467668218,1.0,1.0
model20,AlwaysOpen-HistorySide,3287,0.01351019359426324,0.020281981032832262,0.020775716402460547,0.5145623601422796,0.0,0.08632540860074829,0.16141259358445423,0.16346708505487587,1.0,1.0
model20,AlwaysOpen-HistorySide,3288,0.01752462632755127,0.022492202743875117,0.02292590809289745,0.7481392328044257,0.0,0.11614458183511531,0.16154508998652456,0.1635533826731867,1.0,1.0
model20,AlwaysOpen-HistorySide,3289,0.009865967501079325,0.01365020057862748,0.014157642463556904,0.5515946603299643,0.0,0.08231933871332443,0.16142173265242446,0.16337701629654514,1.0,1.0
model20,AlwaysOpen-HistorySide,3290,0.01498123639628727,0.020773398982635343,0.020921418227978463,0.3873484531270171,0.0,0.08157339250624428,0.1614222511935671,0.16346572484596045,1.0,1.0
model20,AlwaysOpen-HistorySide,3291,0.018213363066233886,0.024758353050402228,0.02535908923609517,0.33970823597352484,0.0,0.08863723886059237,0.16140701177004907,0.1635474154441186,1.0,1.0
model20,AlwaysOpen-HistorySide,3292,0.009902705300351075,0.013208912959010404,0.013988371232975918,0.5651985157368146,0.0,0.08001694620178934,0.16143247567626814,0.16359563339289188,1.0,1.0
model20,AlwaysOpen-HistorySide,3293,0.023712939806685124,0.032763862270543356,0.03379114930074215,0.30330330313294135,0.0,0.10250659380070436,0.16144143328552388,0.16345072869940122,1.0,1.0
model20,AlwaysOpen-HistorySide,3294,0.011301288406056036,0.014934561356967259,0.01523910646632806,0.4248668372455378,0.0,0.06873760761985377,0.16138786109422917,0.16332160913124188,1.0,1.0
model20,AlwaysOpen-HistorySide,3295,0.0105248044352407,0.01487767131996867,0.01580740238922222,0.5186823113035262,0.0,0.0770177147423018,0.16142526370319615,0.16340529928966602,1.0,1.0
model20,AlwaysOpen-HistorySide,3296,0.011208779074421837,0.01608379566492831,0.016255562172534422,0.53996821062544,0.0,0.08103677159730456,0.16141781910263345,0.16349002725014825,1.0,1.0
model20,AlwaysOpen-HistorySide,3297,0.018270327010904055,0.025842412106187877,0.02753851470050582,0.35579217381030515,0.0,0.09211842045228838,0.16143185006189723,0.16341209175123883,1.0,1.0
model20,AlwaysOpen-HistorySide,3298,0.012588381754846134,0.017770967823825107,0.018369044811950647,0.5406974436453462,0.0,0.08627955396646349,0.16147151710256938,0.16351616251478096,1.0,1.0
model20,AlwaysOpen-HistorySide,3299,0.014615532031216426,0.019755187816208674,0.020247202094048126,0.6907849432074135,0.0,0.10697548987482575,0.16149013443733864,0.1633889803851339,1.0,1.0
model20,EventDetected-GatedHistory,3200,0.012634781769149022,0.017883155635673116,0.019006339098281807,0.45517565074143485,0.0,0.0776080340721903,0.008503742338755208,0.05190492511358508,0.052652927736594794,0.32068610198347114
model20,EventDetected-GatedHistory,3201,0.012299148062357766,0.017498720449647932,0.018318995523178307,0.4696416278992693,0.0,0.07810959610477297,0.00858813965549944,0.05005127153910314,0.05317113846974959,0.31037609013327
model20,EventDetected-GatedHistory,3202,0.013808101770161348,0.020290917433855134,0.02082247739277019,0.4856955646739485,0.0,0.08275778162086878,0.015084413603085026,0.11328614530837207,0.09352855416570104,0.7037727379967418
model20,EventDetected-GatedHistory,3203,0.009229467765055519,0.01142037681296495,0.011701221977430048,0.5975689671011747,0.0,0.08530238028430608,0.011242360598992657,0.06721104118344864,0.06957485417252211,0.41633634948266285
model20,EventDetected-GatedHistory,3204,0.01633706439069408,0.022668826855738556,0.023111431459324597,0.3698801200986432,0.0,0.079396942629921,0.01493646834046518,0.08959455422678797,0.09246990843987443,0.5560255686987143
model20,EventDetected-GatedHistory,3205,0.017827822570968842,0.024551995170850438,0.026697208510271388,0.34452728139557637,0.0,0.08719894621968123,0.02438759056373198,0.13132811759689683,0.15114181951109193,0.8143207098361549
model20,EventDetected-GatedHistory,3206,0.015261332332561392,0.02122072200481937,0.021865578028446436,0.3849649282021366,0.0,0.08406775972775804,0.015872152782181133,0.09598949798628749,0.09834802292251053,0.5957230223301061
model20,EventDetected-GatedHistory,3207,0.015958906287294947,0.022924433661238065,0.023806201118483993,0.43930128426865206,0.0,0.08934594577456015,0.02229505546037028,0.12820952716894904,0.13811530535005231,0.7927288626946641
model20,EventDetected-GatedHistory,3208,0.010611917337495256,0.013881724677385673,0.0146064801554158,0.6133819150772898,0.0,0.08735395805378544,0.015459179012314198,0.09685927239925397,0.09573162181368167,0.6090057864077604
model20,EventDetected-GatedHistory,3209,0.010760661558945346,0.015025978121086097,0.01616461224320762,0.5016382141556961,0.0,0.07908686596230675,0.005633893934012847,0.026348205225863057,0.034881906801829336,0.16476990671580372
model20,EventDetected-GatedHistory,3210,0.01895229937977598,0.02570366902940942,0.026237442974358424,0.753167043597124,0.0,0.1176276634048861,0.110461113253364,0.16206222352211327,0.6838717899635282,0.9996693674130697
model20,EventDetected-GatedHistory,3211,0.025864412846393476,0.03494351542802561,0.03570457296607818,0.25922667215210327,0.0,0.10828794187176916,0.10888826255817653,0.16166717194470684,0.6747749844949037,0.9989714249961656
model20,EventDetected-GatedHistory,3212,0.00943404680126859,0.013137594267317945,0.013643764623337197,0.496734736096304,0.0,0.07369113539717875,0.004114306286650263,0.017833837168211075,0.025439665010073293,0.1105942896445398
model20,EventDetected-GatedHistory,3213,0.010335250649056037,0.0146875227968431,0.015094702443954344,0.5011417428772745,0.0,0.07452503319561285,0.006579650620864508,0.037614657304117005,0.04078192994364669,0.2339415016312682
model20,EventDetected-GatedHistory,3214,0.013540985239796573,0.017513720107644012,0.01864751286904267,0.6629754376393863,0.0,0.09656766885748433,0.03808946626500892,0.15115541205119146,0.23593828556495983,0.9371204598380246
model20,EventDetected-GatedHistory,3215,0.01202426563599736,0.015905851104803442,0.016405063924336497,0.42764806924153603,0.0,0.07309562947546616,0.004756748818417423,0.024116668093526965,0.029439188976418357,0.1501743021567727
model20,EventDetected-GatedHistory,3216,0.012330131997312142,0.01845645719440878,0.019115182815466016,0.5221566472491076,0.0,0.08561983516641343,0.011972836467291957,0.0813656561317522,0.07413845055274827,0.49960965609705926
model20,EventDetected-GatedHistory,3217,0.01255099249816459,0.017668689946647227,0.017960218355124506,0.4932971992065546,0.0,0.08172415860245873,0.010283035580339476,0.06803027643393784,0.06365740478883547,0.4195233747498454
model20,EventDetected-GatedHistory,3218,0.014474069643919597,0.019407048350303588,0.020235338948202414,0.381557958176209,0.0,0.07749458117737777,0.007649913902625488,0.043758792456757,0.04741468219989985,0.26922195189447706
model20,EventDetected-GatedHistory,3219,0.0204204358009538,0.02885563333262678,0.029577959809443215,0.7514359167436127,0.0,0.1185545125830406,0.12476165326623534,0.16240923568789212,0.772435477307501,0.9999645222648599
model20,EventDetected-GatedHistory,3220,0.01176212905166698,0.016160644608223453,0.016890414726880673,0.4318755783265675,0.0,0.0738751675169432,0.0045423065343133005,0.021729263600459056,0.028138558655025885,0.13597781326841848
model20,EventDetected-GatedHistory,3221,0.022223174828511556,0.029442224269380472,0.030440281225652992,0.797493782598763,0.0,0.1257039379288528,0.1426214678766456,0.16258463034736684,0.8827914845798212,0.9999831367963007
model20,EventDetected-GatedHistory,3222,0.011616474999526744,0.016515205345775857,0.017035375247093424,0.43817436220639644,0.0,0.07688194682120976,0.005263968014419202,0.026037407800764124,0.03263961908293077,0.16191004497162118
model20,EventDetected-GatedHistory,3223,0.01423722421613853,0.019767122498184752,0.020713157868559696,0.4161631949861719,0.0,0.0800613445332906,0.011389392644184683,0.07711056987674275,0.07067764278990159,0.47814087700059965
model20,EventDetected-GatedHistory,3224,0.025433657565717322,0.03452342062068257,0.035464469799723924,0.2728921606140561,0.0,0.10604616627070958,0.10689856219455568,0.16168802199208568,0.6623263630833504,0.9990064989873962
model20,EventDetected-GatedHistory,3225,0.02243963436633335,0.029242662803938647,0.030747673691556263,0.29424104821546926,0.0,0.09766288998263008,0.06620261944642324,0.15859738131619788,0.41034817922639555,0.9823836831344882
model20,EventDetected-GatedHistory,3226,0.023882795709859222,0.03359723256351443,0.0355163847281851,0.2929244836228919,0.0,0.10805139168016861,0.0998552771363381,0.16120261678026457,0.618657522048724,0.9985644957596876
model20,EventDetected-GatedHistory,3227,0.011796887483749352,0.018284463025966848,0.018673637961622584,0.45592206330270957,0.0,0.07664103829964476,0.005991008941860555,0.03326417984270168,0.03711492102824108,0.20708266790591187
model20,EventDetected-GatedHistory,3228,0.01212449651173383,0.015565199357320614,0.015740099636422426,0.6385182882600512,0.0,0.09368387175601645,0.023943501608234094,0.12998603814940002,0.1482833618538007,0.8045175209399755
model20,EventDetected-GatedHistory,3229,0.015155022979326393,0.019953547538748097,0.02121500801272521,0.37914049603391065,0.0,0.07647702367164494,0.009323114006279986,0.057213727055507806,0.05777081975412305,0.3542340794143109
model20,EventDetected-GatedHistory,3230,0.008447256495152234,0.011788712189550413,0.012249244426668828,0.5549710225632821,0.0,0.07950337104119838,0.0055525362101211785,0.026983504278363702,0.03437598993253155,0.16641502330910105
model20,EventDetected-GatedHistory,3231,0.015270602687457507,0.020783261264474998,0.021145172985427427,0.6680579712222752,0.0,0.10294188780576172,0.06398661145259779,0.16004931917256923,0.3962318144012527,0.9922387557507223
model20,EventDetected-GatedHistory,3232,0.012422702829140582,0.018854131208616662,0.019156132057459863,0.5537098655713634,0.0,0.08600258352269827,0.01785351179721336,0.11633579057398934,0.11059940928341727,0.7204426703910913
model20,EventDetected-GatedHistory,3233,0.01996927669981866,0.026373494576009286,0.027210655758680452,0.322622324594537,0.0,0.0886967330505987,0.03852898905925073,0.14903829916986747,0.23883269096397017,0.9183352109587061
model20,EventDetected-GatedHistory,3234,0.010566281648738329,0.01382784317059536,0.014560371716298691,0.61812681354915,0.0,0.08835426370799823,0.018178949435355522,0.11036407871211687,0.11260262713025884,0.6832443897195143
model20,EventDetected-GatedHistory,3235,0.015254851403118603,0.02086708341659501,0.021297259717458855,0.38302450758859646,0.0,0.08220968665257963,0.011576899434917232,0.07051499554992137,0.0717313760524757,0.44003147634024303
model20,EventDetected-GatedHistory,3236,0.014305730218870067,0.018779566635161508,0.019396844078304394,0.38829253305702754,0.0,0.0744760787488482,0.005732354442606487,0.03074899395579165,0.03553042420794222,0.1901209562781014
model20,EventDetected-GatedHistory,3237,0.010305182426209047,0.016228487743612328,0.017280267403145443,0.5172532665601581,0.0,0.08003002072914901,0.005951242574356059,0.03073323273934656,0.03683799033980964,0.18899454322671966
model20,EventDetected-GatedHistory,3238,0.009039124256606511,0.012544965860529765,0.013565315488665786,0.4940985224000424,0.0,0.07110573299567394,0.0028970877353612125,0.012173330720574898,0.0179449168150975,0.07546614859588696
model20,EventDetected-GatedHistory,3239,0.015614103517892865,0.021466778913653103,0.02342738771646696,0.3649514235967983,0.0,0.0826394070408812,0.014492509934108498,0.09453725206845576,0.0897769972924795,0.5828200650915727
model20,EventDetected-GatedHistory,3240,0.009373085086392808,0.013226856004853751,0.013621264884362386,0.4932105845293624,0.0,0.06950884712344564,0.002420870266109816,0.009884480760688782,0.014999121808472047,0.06184467053852848
model20,EventDetected-GatedHistory,3241,0.014794607385470972,0.02222986639436635,0.023209721226351218,0.6260399440510281,0.0,0.09947574037853014,0.04931114243236479,0.15965213953505314,0.3054625951498353,0.9881863049418416
model20,EventDetected-GatedHistory,3242,0.014196008066511756,0.018565447339725972,0.019232026425583637,0.3914738252290815,0.0,0.07517548200747788,0.0052515433053312984,0.02382282316481442,0.03256472653778691,0.14805355657092262
model20,EventDetected-GatedHistory,3243,0.013298591303322086,0.018254158756135064,0.018867250566552838,0.4091537938167043,0.0,0.07666411359251848,0.0076213868320101595,0.043827301370542054,0.047252748306757915,0.27273667969428017
model20,EventDetected-GatedHistory,3244,0.01077596670642144,0.015158219297698658,0.015355064210572492,0.606851371362899,0.0,0.0879488877485951,0.02255542422502578,0.13462915215202215,0.13973226682808584,0.836216425558488
model20,EventDetected-GatedHistory,3245,0.015280993171680893,0.02204264615522009,0.0235235437116361,0.40494049174915603,0.0,0.08306521510919698,0.015224857161919094,0.08771111615447102,0.09435914699259067,0.5463637641669133
model20,EventDetected-GatedHistory,3246,0.011601071255116597,0.016791738458028935,0.01744681966805682,0.5517278307408019,0.0,0.082667975965381,0.015853737337784463,0.11531836053326178,0.0982323725047866,0.7113201416757268
model20,EventDetected-GatedHistory,3247,0.020188323089772663,0.02737413734939191,0.0279185121717871,0.31215723169307574,0.0,0.09264479785223872,0.04369689459755538,0.15013958155742027,0.2709040477174447,0.9301085379922456
model20,EventDetected-GatedHistory,3248,0.00888855037021316,0.01231763577838225,0.012580229871482529,0.5553856934465333,0.0,0.07939101198559027,0.007252128597534407,0.04624550291217995,0.04484912999381814,0.2852694988303259
model20,EventDetected-GatedHistory,3249,0.011068012883727423,0.01584862563815839,0.018315771778220292,0.6231053508696413,0.0,0.0878322144564145,0.02123963644304986,0.1259568517582955,0.1316018474189107,0.7845755632371804
model20,EventDetected-GatedHistory,3250,0.015080968328434462,0.022568447478090947,0.02354603610942117,0.4360906498832581,0.0,0.08166192446671693,0.011476699202502489,0.06840998099509897,0.07111655601103022,0.42093569029705885
model20,EventDetected-GatedHistory,3251,0.008950171776906792,0.012139624483825563,0.01984783681169837,0.5696299126078815,0.0,0.08148150017674002,0.0073620499909475634,0.04230010173093786,0.04564462599188112,0.2658882691158562
model20,EventDetected-GatedHistory,3252,0.013087181595820016,0.016979933632966095,0.020114327710069383,0.6452649370387319,0.0,0.09641794140491822,0.02843967915920019,0.14251586233307248,0.1762011191191327,0.8807875256970064
model20,EventDetected-GatedHistory,3253,0.013974419379805038,0.017877300796979315,0.018020893927706477,0.4004334211431499,0.0,0.0740373847952205,0.005829718491531876,0.02951989842790698,0.03603146082345371,0.1833251804781141
model20,EventDetected-GatedHistory,3254,0.024826086433127604,0.03281049233331475,0.034138992748559194,0.857165701274664,0.0,0.13443444685648084,0.15293760758730662,0.16316110238805182,0.946444112887812,0.9999979631060394
model20,EventDetected-GatedHistory,3255,0.016369352255675953,0.02188416182008961,0.02253065666069961,0.3603129521347431,0.0,0.08033327865780221,0.013015750899102962,0.07427617450551413,0.08056330744140042,0.4533990857194215
model20,EventDetected-GatedHistory,3256,0.017053196974427542,0.022732688283003274,0.023553388919679487,0.713868234348655,0.0,0.11228291783242855,0.0846283828256738,0.160959681132662,0.5238447365930727,0.9967188112082566
model20,EventDetected-GatedHistory,3257,0.0084651845855792,0.010259577897217322,0.010786407977284704,0.5222076240994036,0.0,0.07438243837288329,0.0044928596061849,0.019307389285376717,0.027826066169045628,0.11884698906726678
model20,EventDetected-GatedHistory,3258,0.01260950501714076,0.017476537053916462,0.017971437096159587,0.41473040021767354,0.0,0.07259210433842787,0.00532621671725032,0.028276022400366328,0.03294818813119892,0.17550618499533235
model20,EventDetected-GatedHistory,3259,0.01967286595111998,0.027176640333342206,0.028100640541103936,0.3149712362822685,0.0,0.09194507349484099,0.03871484881752131,0.15205389988324433,0.2399289634344263,0.9396059047887748
model20,EventDetected-GatedHistory,3260,0.008875001897670393,0.011240024640310774,0.011469116043640171,0.5287353152090092,0.0,0.07484094931893048,0.004369626888767941,0.021233740351445096,0.027097495074413114,0.13147323477653508
model20,EventDetected-GatedHistory,3261,0.009770835575248325,0.013796835924322072,0.014884230938334539,0.5401793975243788,0.0,0.08201271418573951,0.005870650794956042,0.02684255658024618,0.036414072196397744,0.16764858458137444
model20,EventDetected-GatedHistory,3262,0.01848200836962384,0.02468721178530877,0.02510686913211652,0.33483876954632086,0.0,0.08707248241518455,0.026625021154552155,0.13549773296920567,0.16491374028821304,0.8441465213046468
model20,EventDetected-GatedHistory,3263,0.01279425859135643,0.01685148299972345,0.017336397222749367,0.4065352036463691,0.0,0.07535510860038473,0.00455456479873554,0.021086194743386282,0.028252642434774107,0.12966312734440785
model20,EventDetected-GatedHistory,3264,0.02217266359390783,0.03010990519863878,0.03115836624921493,0.2876109021921533,0.0,0.10166443251936357,0.0660883528387225,0.1595013772293873,0.40957117719006947,0.9889174772198523
model20,EventDetected-GatedHistory,3265,0.009278808276370369,0.011025219372918355,0.011204376624084949,0.5697095633688853,0.0,0.08107269889299613,0.007072887188355864,0.043101845911199886,0.043824821067064285,0.2672726390330432
model20,EventDetected-GatedHistory,3266,0.016984144332026992,0.022428378447816717,0.023098328176551518,0.3488973719753372,0.0,0.08346724249993161,0.018004969155499585,0.10486372660665563,0.11152960793759333,0.652001531412658
model20,EventDetected-GatedHistory,3267,0.016658243379208886,0.022570844766930172,0.02307447570308935,0.36695009871906203,0.0,0.08399630145782509,0.01784713364612574,0.10227133879002215,0.11057462657968604,0.6399561022325807
model20,EventDetected-GatedHistory,3268,0.024160573279510173,0.032528730758110525,0.03365082319642193,0.27103232511111025,0.0,0.10762792667930964,0.09229040759851159,0.16051462502652603,0.5720843883524449,0.9953602140292559
model20,EventDetected-GatedHistory,3269,0.02407441269747771,0.0327802758488543,0.034210574564088,0.8576802598284795,0.0,0.1365083783487468,0.15257867517627857,0.16315260188310798,0.9441314148379562,0.9999958598780077
model20,EventDetected-GatedHistory,3270,0.008984883009516713,0.013729163499119543,0.014352882589090076,0.5405338809548456,0.0,0.07806670242137702,0.0047442721969858355,0.026736687785817833,0.029411042645616902,0.16414673275726846
model20,EventDetected-GatedHistory,3271,0.01886901237793385,0.025581742435235037,0.02624898726192692,0.32926828659400825,0.0,0.08953786613781875,0.03029330657321412,0.14239382667952905,0.18776552976354033,0.8793875938996056
model20,EventDetected-GatedHistory,3272,0.01142139731738364,0.016624761320764746,0.017470089470720516,0.6158852500252516,0.0,0.087683678093016,0.02489079664879774,0.14676848616081897,0.15412761996190655,0.9125858844100825
model20,EventDetected-GatedHistory,3273,0.012376473853629387,0.01678647457773472,0.017227321963576115,0.4139521669158166,0.0,0.07159198935437748,0.003714364234308697,0.01494774227589444,0.023009920451369834,0.09268395747986165
model20,EventDetected-GatedHistory,3274,0.011620247804588986,0.016338572265574305,0.016722314585616384,0.623297103483515,0.0,0.09035543468999757,0.024609254165128356,0.14070035203494202,0.15252876992057451,0.8753287834907691
model20,EventDetected-GatedHistory,3275,0.010376021706975816,0.014285280751090793,0.015443938311390919,0.4697661396447542,0.0,0.07230785761383653,0.0028119999377674448,0.011624498641439393,0.017435979771513538,0.07292552175530254
model20,EventDetected-GatedHistory,3276,0.020440335401333044,0.029801055840297016,0.03060017746103445,0.7532119795162099,0.0,0.12165239719472533,0.11666377594772415,0.1623723185778048,0.7219571785218343,0.9997856861254981
model20,EventDetected-GatedHistory,3277,0.008953884884912736,0.010807782368789718,0.013850868979267279,0.5519254207426153,0.0,0.07882410443047584,0.004965760010341423,0.024190363984610965,0.03070424460399076,0.15051353487834856
model20,EventDetected-GatedHistory,3278,0.023993983522180566,0.034113882248036444,0.03501030505801875,0.274599513723725,0.0,0.10448018288519324,0.08541438692570992,0.1610070813786242,0.5292875977038166,0.9981119233435601
model20,EventDetected-GatedHistory,3279,0.012434366235832661,0.018292732554035147,0.019098652350759908,0.4715760525498426,0.0,0.08049904711268357,0.009325527153182987,0.05814646731547323,0.057748603991360004,0.3588327590032381
model20,EventDetected-GatedHistory,3280,0.01084083969250103,0.014474471228126607,0.014759882516833175,0.4413887344389057,0.0,0.06840706954976869,0.003496777553889782,0.015766174872847576,0.021617309451800727,0.09752833935268335
model20,EventDetected-GatedHistory,3281,0.01932572983147711,0.027007951279401372,0.028564083433651112,0.34664003435603435,0.0,0.09494043985095892,0.04820743272666817,0.15335729807345766,0.2986395269993769,0.9485484949193561
model20,EventDetected-GatedHistory,3282,0.010671121627814674,0.015104822907778575,0.015750521991016692,0.49456202667967586,0.0,0.0743990880224671,0.004541036091656091,0.02167191206987682,0.028188456276721063,0.13344467674390031
model20,EventDetected-GatedHistory,3283,0.010797930503324938,0.013620377830559293,0.01755011374435443,0.4840346657561509,0.0,0.07403941318646591,0.004036828904309057,0.017227190722235775,0.025013637012792335,0.10719651215187456
model20,EventDetected-GatedHistory,3284,0.014660988410248436,0.020273814604986565,0.021420142959126417,0.48102301019458105,0.0,0.08430974943563808,0.016015332107081334,0.10388592546674648,0.09916264917482817,0.6457463729436388
model20,EventDetected-GatedHistory,3285,0.023949473294998597,0.03241388573120047,0.033286927353267944,0.8291687497585191,0.0,0.13303247148688108,0.14819258246716396,0.16290497422250322,0.9172958810165228,0.9999959690820772
model20,EventDetected-GatedHistory,3286,0.014725659222522662,0.018989931982421198,0.020092190725509405,0.6893813776187019,0.0,0.1039889841251063,0.06229602685800821,0.16059245404075081,0.3858404011963689,0.9955696591929136
model20,EventDetected-GatedHistory,3287,0.01355406631199951,0.020258916222600037,0.02074965858232988,0.514546545603804,0.0,0.08579929145040444,0.019170187422325013,0.12958001336658573,0.11873575533450728,0.804312812821633
model20,EventDetected-GatedHistory,3288,0.017537830955195434,0.02259144803722813,0.02301693496417674,0.7482094439135795,0.0,0.11593847298044596,0.09194000301889195,0.16133522464854883,0.5691852015111472,0.9979054249531136
model20,EventDetected-GatedHistory,3289,0.00982531628362725,0.013608411675045241,0.014116999902781074,0.5516473095133231,0.0,0.08214274463313569,0.008749626980322637,0.05772766912410835,0.054211945693325554,0.35645296195762327
model20,EventDetected-GatedHistory,3290,0.015032816439787617,0.020788691818548918,0.02105215534504312,0.38727940172226777,0.0,0.08129355602771919,0.011958333774320908,0.0760102075159036,0.07410599211993413,0.4684981178603612
model20,EventDetected-GatedHistory,3291,0.018311101409483187,0.024882496622548753,0.02563202157149118,0.33957547358818024,0.0,0.0879800638914302,0.031470092832128205,0.1393351307854707,0.19498574024230264,0.8636066110149786
model20,EventDetected-GatedHistory,3292,0.009890253191820709,0.013123049211830091,0.01403923602997067,0.5652636903491028,0.0,0.0795015198228082,0.011729942495973459,0.08023522525407045,0.07264101246646226,0.497733749086095
model20,EventDetected-GatedHistory,3293,0.02377807393417585,0.03285824101912103,0.03389687526152867,0.30322191129572074,0.0,0.10205525637341784,0.09135455858917209,0.16057609219199065,0.5661024364785335,0.9959451775307154
model20,EventDetected-GatedHistory,3294,0.01133731386392357,0.014933397194599617,0.015263205788044886,0.4248616873768988,0.0,0.06847980742842698,0.0030731468368869514,0.01353358207724936,0.01905049334259821,0.08381346397177454
model20,EventDetected-GatedHistory,3295,0.010487496590991838,0.014751021668160422,0.015911000594669614,0.5187057784191224,0.0,0.0766926484704459,0.0068244211433909465,0.03781781136775201,0.042254454295331687,0.23303698862028271
model20,EventDetected-GatedHistory,3296,0.011191061024607802,0.015987162512936262,0.016183577848432246,0.5400888268523535,0.0,0.0805898320293147,0.00956078712991084,0.06507165257265948,0.05921800218290055,0.4007392320533004
model20,EventDetected-GatedHistory,3297,0.018326423988597552,0.025965507794875952,0.02764484012235091,0.35569960196712136,0.0,0.09168348362249865,0.0353193303810646,0.1481911083087722,0.21873513778898343,0.9136599538311334
model20,EventDetected-GatedHistory,3298,0.01256622162561457,0.01772183279198299,0.018358434362114165,0.5407337326723758,0.0,0.08587874753940453,0.01491493814494498,0.10783896956574394,0.09239380256509615,0.6708052728701029
model20,EventDetected-GatedHistory,3299,0.014647169902422775,0.019796886541661833,0.020294890745558188,0.6908176798193096,0.0,0.10641541187951195,0.0628617822350624,0.16050600114465816,0.38937900907530604,0.9960477553351395
model20,DetectorShuffled-GatedHistory,3200,0.012625833142053882,0.017865804113367054,0.019001115784836143,0.4551813583873928,0.0,0.07759677008987216,0.002811666780945671,0.01204935622060329,0.017459001752325055,0.07454327202286114
model20,DetectorShuffled-GatedHistory,3201,0.012304656306344487,0.017495299246761003,0.018315876333051324,0.4696683142933902,0.0,0.078164285857527,0.015231443711947328,0.09007542793700081,0.094410070927578,0.5590795117145266
model20,DetectorShuffled-GatedHistory,3202,0.013826096116000932,0.0203169584689257,0.020836930746669417,0.48563208926243673,0.0,0.08267448342312084,0.011965600744792625,0.07721420112270685,0.07409890307439344,0.47994945003172146
model20,DetectorShuffled-GatedHistory,3203,0.009227792377254327,0.011418483034027604,0.011684405719143821,0.5975706431204486,0.0,0.0853303886473719,0.0037612712734221313,0.01518292382027304,0.023270626458942126,0.09414630672419236
model20,DetectorShuffled-GatedHistory,3204,0.01632787408732108,0.022666857273572753,0.023111974784226216,0.36987963387708545,0.0,0.07941479028749275,0.011965090877559145,0.08112298634234101,0.07409282071930175,0.5048465466922347
model20,DetectorShuffled-GatedHistory,3205,0.017827822570968842,0.024551995170850438,0.026697208510271388,0.34452728139557637,0.0,0.08719894621968123,0.02438759056373198,0.13132811759689683,0.15114181951109193,0.8143207098361549
model20,DetectorShuffled-GatedHistory,3206,0.015211353284696538,0.02119458661863388,0.021815978103632727,0.38497315508535124,0.0,0.08431869705954691,0.10966005575344875,0.16154785723441972,0.6794170130649632,0.9990203949964434
model20,DetectorShuffled-GatedHistory,3207,0.015963307575624978,0.02290702218304864,0.023767426574671686,0.43931103207174793,0.0,0.08930924955133689,0.007654233296212415,0.04362634514037522,0.04741906971845599,0.27001872886985884
model20,DetectorShuffled-GatedHistory,3208,0.010632836424889786,0.01391756251693405,0.014648927639021841,0.6134074939735318,0.0,0.08724450040688522,0.011617413080599893,0.07227754079943464,0.07182721923197267,0.4429380866022235
model20,DetectorShuffled-GatedHistory,3209,0.010786278332350366,0.015028060104755443,0.01615899675749812,0.5015742560405975,0.0,0.07916455045668046,0.09142665360922352,0.16051444071862048,0.566389025627235,0.9959317272205073
model20,DetectorShuffled-GatedHistory,3210,0.01902354771471166,0.02579204676293038,0.026283432990259897,0.7533012758759714,0.0,0.11704128981741149,0.007634964908696803,0.04388641210721464,0.047191190679152215,0.26791751997912494
model20,DetectorShuffled-GatedHistory,3211,0.02598120522773296,0.03512625004474578,0.035908906244614326,0.2591812597094875,0.0,0.10783289010498323,0.02256401559325842,0.13477406364864145,0.13980440949525486,0.8343633460268554
model20,DetectorShuffled-GatedHistory,3212,0.009447726443734148,0.013155227621182538,0.013746392022286814,0.4967526687664781,0.0,0.07383703277255012,0.04832707481492318,0.15337577022797536,0.29932540129018087,0.947965367072709
model20,DetectorShuffled-GatedHistory,3213,0.010339712817259114,0.01469851790443491,0.015100288572536157,0.501134628266804,0.0,0.07462985134165305,0.023873094094218898,0.12842611137472473,0.14796762430896615,0.8002601201394773
model20,DetectorShuffled-GatedHistory,3214,0.013568734882926418,0.01748802381500626,0.018615596897665388,0.6630595902225628,0.0,0.09653486886603395,0.008745817955098451,0.057329590110989335,0.054138308145445166,0.3523139632651472
model20,DetectorShuffled-GatedHistory,3215,0.01202124928925876,0.015901897241485812,0.01639400450622572,0.42763124226571353,0.0,0.07304240809971024,0.008479907302458695,0.0515274590141575,0.05256007468191993,0.32106982527868877
model20,DetectorShuffled-GatedHistory,3216,0.012332765793864008,0.01846176247866181,0.019119499754538867,0.5221611822762313,0.0,0.08560300901733903,0.003072025988455616,0.01351438505366393,0.019014739486150335,0.08352748690179945
model20,DetectorShuffled-GatedHistory,3217,0.012559062291508553,0.01771124052979056,0.017999613616132122,0.4932568685426448,0.0,0.08171889111785413,0.06426340847101879,0.16002470252042156,0.3982336908159567,0.9924573792215553
model20,DetectorShuffled-GatedHistory,3218,0.014476475947208267,0.01941835965476502,0.020260356874617427,0.38156591984316834,0.0,0.07751278427550995,0.0045543483386112395,0.021610751932616554,0.02822336897462424,0.13465203421457445
model20,DetectorShuffled-GatedHistory,3219,0.020526411539339765,0.02899220131413373,0.02965448960971097,0.7515742399034973,0.0,0.11775876734407285,0.007046867553664421,0.04241023209702485,0.04364354371520444,0.26413553739490725
model20,DetectorShuffled-GatedHistory,3220,0.011748538272113319,0.016120049215931746,0.016878794281985132,0.43189858809931114,0.0,0.07402715186066261,0.09311386619716377,0.1605240724721965,0.5769169947260387,0.995498722579927
model20,DetectorShuffled-GatedHistory,3221,0.02230915778205783,0.029627359376392597,0.03061701232934252,0.7976826128387917,0.0,0.1253320835429893,0.06666504907252856,0.15869279759170876,0.4125046076800137,0.9827245275698872
model20,DetectorShuffled-GatedHistory,3222,0.011602848564464923,0.016502832039235686,0.01702686828962637,0.4381912780398785,0.0,0.07695159951576896,0.04944845649219983,0.15913553837237024,0.30630052571966804,0.9884253805529956
model20,DetectorShuffled-GatedHistory,3223,0.014206657959685506,0.01974702150588688,0.02069796842591848,0.41613460515567413,0.0,0.08004906989869362,0.038829388683430964,0.1516330945648756,0.24066037870766535,0.9360417407818913
model20,DetectorShuffled-GatedHistory,3224,0.025562641203879514,0.034722808961326505,0.035670793646139086,0.27286715193592576,0.0,0.10558863907346908,0.0057405578370240025,0.031212870954472324,0.03554426994921193,0.1932350230943801
model20,DetectorShuffled-GatedHistory,3225,0.02249680369765012,0.029308766196907133,0.030815277179747875,0.29421992914613704,0.0,0.09749443709814021,0.01174363536990073,0.07969616549137362,0.07271053820193682,0.4958785625605068
model20,DetectorShuffled-GatedHistory,3226,0.02400293306950153,0.03376277978259865,0.035723930046316736,0.29293644628134813,0.0,0.10765971289980075,0.010284201354298545,0.06885878322049892,0.06360526453130987,0.42377934098552406
model20,DetectorShuffled-GatedHistory,3227,0.011807403699438274,0.018316484989776834,0.01871419998498408,0.45593326959257285,0.0,0.07660500316170651,0.005806776772448725,0.029585466331730714,0.03599743791285536,0.18264592046349162
model20,DetectorShuffled-GatedHistory,3228,0.012114702589656384,0.015560298161860676,0.01570454726709013,0.6384911867027107,0.0,0.09372675211330767,0.026675944839514184,0.13737507548100422,0.16513192820216238,0.8441058612914415
model20,DetectorShuffled-GatedHistory,3229,0.01515356226580401,0.019926719183284626,0.021187598601758822,0.37915091421782937,0.0,0.07642670051338954,0.00527739285354737,0.024395491680340536,0.03271885253261332,0.1508394654763541
model20,DetectorShuffled-GatedHistory,3230,0.008450775547960818,0.011807418158590433,0.012228737264382526,0.5549595393168093,0.0,0.0795186464183868,0.004558486390054911,0.02154725789440169,0.028221748624154434,0.13274751583364344
model20,DetectorShuffled-GatedHistory,3231,0.01531885162133407,0.02085030747158446,0.021208078621509398,0.6680730367853032,0.0,0.1024368894993266,0.0024256985897206807,0.0100093562530223,0.015027956789245046,0.06197276427455643
model20,DetectorShuffled-GatedHistory,3232,0.012439408602385718,0.0188617170197766,0.019166390395956596,0.5537012400770005,0.0,0.08595442041695782,0.00439078475265125,0.021851184680463785,0.027214717771594756,0.13531288355052043
model20,DetectorShuffled-GatedHistory,3233,0.019899058446996062,0.026267919072528876,0.026958833562223374,0.3227147440058035,0.0,0.08929627562808387,0.14862625612643876,0.1628125257008859,0.9208066569242656,0.9999961650265236
model20,DetectorShuffled-GatedHistory,3234,0.01052259123766973,0.013872948487172979,0.014585579470204871,0.6180721329654395,0.0,0.0885994211471464,0.0927035300477435,0.16132672066250023,0.5741373853772578,0.9979353356598955
model20,DetectorShuffled-GatedHistory,3235,0.015260364554819356,0.020905151077921028,0.021323336509084807,0.3830385155789203,0.0,0.08224728577925171,0.0055603963548955335,0.02701042897871415,0.034427791941831126,0.16676043834953408
model20,DetectorShuffled-GatedHistory,3236,0.01430748630395369,0.01878608309139512,0.01940123048984518,0.3882794975668408,0.0,0.0744444981047123,0.005953522325119915,0.03078863080212461,0.0368989543076331,0.19098095013290528
model20,DetectorShuffled-GatedHistory,3237,0.01030292164842412,0.016242868273199946,0.01728788075770458,0.5172802743017995,0.0,0.08004535199048009,0.00856949611681673,0.05060606351036698,0.05308836252428503,0.3138494812664119
model20,DetectorShuffled-GatedHistory,3238,0.009045073521366893,0.012559059196550822,0.013569275299772348,0.4940966290229051,0.0,0.0710861519435359,0.00527216642379574,0.02620736066400837,0.032624356490965026,0.16186706476894977
model20,DetectorShuffled-GatedHistory,3239,0.015622493555147929,0.021437232540091465,0.02351042270559462,0.3649593395679708,0.0,0.08263260714349878,0.002900515130128757,0.012212671610718692,0.01798354226317485,0.07543707781170982
model20,DetectorShuffled-GatedHistory,3240,0.009378201073019017,0.013226337298879629,0.013633947450823466,0.49322667636078865,0.0,0.06953899094432321,0.006564460181231481,0.036591040456566006,0.040649413303357536,0.22903752306254105
model20,DetectorShuffled-GatedHistory,3241,0.014822743759559382,0.022250299412328135,0.023249670728951677,0.6260515647096085,0.0,0.0992666132274148,0.015837331311867972,0.11407220977751639,0.09817245258671188,0.7104059184863263
model20,DetectorShuffled-GatedHistory,3242,0.014191105155000192,0.018527877974978263,0.019307363202071083,0.3914875345405283,0.0,0.07522017986208304,0.035408623225136014,0.14806926274720597,0.21944272934547884,0.9147183869980582
model20,DetectorShuffled-GatedHistory,3243,0.013298123865813527,0.018271249612797018,0.01888499364727803,0.4091567325109717,0.0,0.07668513483681144,0.005329012033066262,0.028239403134570167,0.033017174129662145,0.17482150296433976
model20,DetectorShuffled-GatedHistory,3244,0.010782712895703685,0.01515295560395217,0.015359689486107704,0.6068951660631958,0.0,0.08793265802889852,0.011418647941094128,0.07769600727460854,0.07066811850251956,0.4866415707692011
model20,DetectorShuffled-GatedHistory,3245,0.01522732125744979,0.022064806804644573,0.023397494495069955,0.4050185810552685,0.0,0.08369104146683086,0.1429166222586688,0.16275117128515335,0.8852469198499171,0.9999832743586039
model20,DetectorShuffled-GatedHistory,3246,0.011602542407761795,0.016769996588533013,0.017419509209716726,0.5517624893653247,0.0,0.0826942545342361,0.028498206519990476,0.14198965237377387,0.17664500926371318,0.8820457819283241
model20,DetectorShuffled-GatedHistory,3247,0.020222996823644014,0.02740476463184613,0.02796087098732002,0.3121507738775447,0.0,0.09259264843327968,0.030312372493524028,0.141914137824857,0.18797062796932287,0.8789574664069765
model20,DetectorShuffled-GatedHistory,3248,0.008918375145533942,0.012243754446509842,0.012497008616983283,0.5553450771238293,0.0,0.07963349702877913,0.15299906924511794,0.16323924138878262,0.9477386451885588,0.9999962516864357
model20,DetectorShuffled-GatedHistory,3249,0.011072128815340112,0.0158681537000087,0.018333857671576685,0.623110584243038,0.0,0.08784077050861212,0.014924060132061273,0.10891665370752865,0.09252344624662753,0.6779677557475663
model20,DetectorShuffled-GatedHistory,3250,0.015080968328434462,0.022568447478090947,0.02354603610942117,0.4360906498832581,0.0,0.08166192446671693,0.011476699202502489,0.06840998099509897,0.07111655601103022,0.42093569029705885
model20,DetectorShuffled-GatedHistory,3251,0.008949899057111691,0.012126248168669593,0.019872004473452096,0.5695948212821319,0.0,0.08146240230493879,0.004534696497160423,0.01868929845792399,0.028095581676979276,0.115304640499297
model20,DetectorShuffled-GatedHistory,3252,0.013098320352220406,0.016884279120369994,0.020052299188037005,0.6452379274190487,0.0,0.09629631141217972,0.017884645072391164,0.11681773427196734,0.11072828547926411,0.72259078218214
model20,DetectorShuffled-GatedHistory,3253,0.013962286027556923,0.017877576057179368,0.01800123461419198,0.400453397080383,0.0,0.07403327340922843,0.012998181998707446,0.07457710181694358,0.08052302748589586,0.46054088155379996
model20,DetectorShuffled-GatedHistory,3254,0.024960435256108263,0.033092265053199794,0.03426859701930901,0.8573427600463894,0.0,0.13345115654574052,0.024718347729180523,0.1414226343575529,0.15293337672747184,0.8724024253385222
model20,DetectorShuffled-GatedHistory,3255,0.016363651520938507,0.02186137444955861,0.022489776949982044,0.3603006750473997,0.0,0.08026307473438045,0.014874821654743202,0.08975444357871581,0.09221816531704782,0.5572708022392638
model20,DetectorShuffled-GatedHistory,3256,0.017115457167173873,0.022908805121412867,0.023695953707112936,0.7139782954725926,0.0,0.11185002201249576,0.018153260806487846,0.1106458574254274,0.11237787171465417,0.6828549399578826
model20,DetectorShuffled-GatedHistory,3257,0.008485995759230178,0.010293894028887376,0.010806068051121732,0.522224097634292,0.0,0.07446952338542012,0.06253967479734476,0.1605763780202981,0.3874195108800022,0.995716914999192
model20,DetectorShuffled-GatedHistory,3258,0.01261679684674821,0.017550067214377622,0.018019219546686293,0.41470984588724036,0.0,0.07248197671764313,0.024950064506345723,0.1473065054502204,0.15453344311922373,0.9126488472281375
model20,DetectorShuffled-GatedHistory,3259,0.019703339382491154,0.027246509002084467,0.028168392519841375,0.3149451690205638,0.0,0.09182695304265688,0.021266526868582256,0.12651038444550275,0.13168080506474647,0.784145221599366
model20,DetectorShuffled-GatedHistory,3260,0.008899402269907975,0.011417440922293525,0.011674959043197052,0.528730845777333,0.0,0.07515569049839511,0.11118969799717981,0.16202247018890092,0.6888196484422247,0.9996772729580241
model20,DetectorShuffled-GatedHistory,3261,0.009781963488347683,0.01381442282656662,0.014877420034817818,0.540168539800004,0.0,0.08200090956948397,0.015083618947991227,0.11260791613737314,0.09338447292657152,0.6968688808818453
model20,DetectorShuffled-GatedHistory,3262,0.018487641773972312,0.024696346721224775,0.02516245425891088,0.3348139081699128,0.0,0.08698285497191384,0.009358861954065954,0.05781572449974384,0.05806905807159945,0.3629286467152756
model20,DetectorShuffled-GatedHistory,3263,0.01279425859135643,0.01685148299972345,0.017336397222749367,0.4065352036463691,0.0,0.07535510860038473,0.00455456479873554,0.021086194743386282,0.028252642434774107,0.12966312734440785
model20,DetectorShuffled-GatedHistory,3264,0.022241128090384022,0.03025336479020559,0.03130692552511307,0.2875713891293219,0.0,0.10133383160696577,0.011231342548405326,0.06708996959870613,0.06954420543947247,0.41748630561227684
model20,DetectorShuffled-GatedHistory,3265,0.009277889090256789,0.011018902161238459,0.011199780871146186,0.5697501678479154,0.0,0.08110424251392317,0.005891747419065918,0.027304959953255957,0.03648506390305542,0.16836989243992376
model20,DetectorShuffled-GatedHistory,3266,0.016938183864685787,0.02232647716873631,0.022987220769609504,0.3489076617910574,0.0,0.08377729549646118,0.10769672777458025,0.1614965114279627,0.6673067296387131,0.999035737293009
model20,DetectorShuffled-GatedHistory,3267,0.01666947614118971,0.02259716270497377,0.02310448301552001,0.3669545980739733,0.0,0.08400666744836705,0.019206965281544912,0.13033361269205818,0.11892536122428178,0.8043921166228039
model20,DetectorShuffled-GatedHistory,3268,0.0242812286125121,0.03270936216749674,0.03383312249378583,0.27096038810665846,0.0,0.10699241752678215,0.0041077243434487366,0.017491800407622427,0.025435344838125762,0.10772453268845932
model20,DetectorShuffled-GatedHistory,3269,0.024248432331787702,0.03291813222438059,0.03434254581551759,0.8579419077248692,0.0,0.13551182871963968,0.00601740112403628,0.032912665888419124,0.03718016257935503,0.20292592953324967
model20,DetectorShuffled-GatedHistory,3270,0.008984883009516713,0.013729163499119543,0.014352882589090076,0.5405338809548456,0.0,0.07806670242137702,0.0047442721969858355,0.026736687785817833,0.029411042645616902,0.16414673275726846
model20,DetectorShuffled-GatedHistory,3271,0.018874654370402644,0.025621093576763516,0.026305448784362327,0.3292501566165162,0.0,0.08952814259339197,0.015487154351873493,0.09827323457954802,0.09588396285270917,0.6063001588142357
model20,DetectorShuffled-GatedHistory,3272,0.011437988674394061,0.016676907163384977,0.017524830155260428,0.6159222271998296,0.0,0.08760725423281188,0.03157072983788607,0.1392299080480182,0.19532276937128948,0.8634843648239489
model20,DetectorShuffled-GatedHistory,3273,0.012357744386171777,0.016751415464403934,0.017180162291812722,0.41393421583956125,0.0,0.0717116299618894,0.10041805287986372,0.161454590186664,0.6222914937168236,0.998631244795767
model20,DetectorShuffled-GatedHistory,3274,0.011642438172980602,0.016394158172581896,0.016783003895591207,0.6233229618539979,0.0,0.09033980124651626,0.02236898505207735,0.12843312905959012,0.1384557167924624,0.791177334623759
model20,DetectorShuffled-GatedHistory,3275,0.010384472998178306,0.014272826821793861,0.01543993205892244,0.4697737221956917,0.0,0.07234489776542886,0.015912308511445813,0.0974293197386014,0.09865324382537384,0.5995891307224136
model20,DetectorShuffled-GatedHistory,3276,0.020583606068729277,0.029862050175578848,0.030678659527715868,0.7534228912527868,0.0,0.1208675266303598,0.004977254773414444,0.02444830021793606,0.030751868297561283,0.15313702656199898
model20,DetectorShuffled-GatedHistory,3277,0.008955760918253279,0.010805877865558484,0.013858120876189702,0.5519244841918357,0.0,0.0788510883537771,0.01447969574581446,0.09496449517375746,0.0896928874553757,0.585754333011405
model20,DetectorShuffled-GatedHistory,3278,0.024076609077079873,0.034260450284561414,0.03517065812427301,0.27452378566306646,0.0,0.10389664991159674,0.009530325454302754,0.06442644226255267,0.05907402452682262,0.3980768694141081
model20,DetectorShuffled-GatedHistory,3279,0.012404640651406926,0.018300713501866964,0.019098545161004798,0.4716527080659359,0.0,0.08078926907651626,0.08589601488242077,0.16098613602463274,0.5321748059031363,0.9981260350848195
model20,DetectorShuffled-GatedHistory,3280,0.010853413921102568,0.014514745886468769,0.014824857226490117,0.4413882862554599,0.0,0.06842510031610685,0.08483301908347199,0.1609953318892841,0.5255734668300817,0.9967393992415832
model20,DetectorShuffled-GatedHistory,3281,0.0193293086510945,0.027024024043150435,0.0285586384075512,0.34665028937611225,0.0,0.09474601627841933,0.043951345524162924,0.15069536389130506,0.2723408060552208,0.9310749081952271
model20,DetectorShuffled-GatedHistory,3282,0.010657513116570648,0.015089986730772451,0.015728101372383025,0.4945912040725854,0.0,0.07448856770866072,0.0178915097578839,0.10366948445904449,0.11079804284748913,0.644960647216028
model20,DetectorShuffled-GatedHistory,3283,0.010783477989346243,0.013733241455276445,0.017615265264195636,0.4840113277288806,0.0,0.07435555363444779,0.11736587542190847,0.162076770002498,0.7271770644889254,0.9997909316129178
model20,DetectorShuffled-GatedHistory,3284,0.014600414228689311,0.020125873453832703,0.021183019070604804,0.48100233311132107,0.0,0.08464712463257827,0.15327815350204163,0.16325566975498887,0.9493290232771673,0.9999981698016047
model20,DetectorShuffled-GatedHistory,3285,0.024100138022099152,0.032569340917358074,0.03361741294550126,0.8293793577430102,0.0,0.13196148288309517,0.0068301360085835676,0.037657611386677205,0.04228161391258803,0.2348077667830984
model20,DetectorShuffled-GatedHistory,3286,0.014743224124690377,0.019117552395989047,0.020214606078293194,0.6894746218196277,0.0,0.10382912434334995,0.0034847000415386296,0.01538074878000297,0.021539111481019547,0.09524715856452812
model20,DetectorShuffled-GatedHistory,3287,0.013571349653874838,0.020260320499523664,0.020749546844527417,0.5145767152595783,0.0,0.08581472216374793,0.007371231866030977,0.04274923571447383,0.04566616440046535,0.26541382752553944
model20,DetectorShuffled-GatedHistory,3288,0.017628348735739402,0.02267983906514439,0.02311799729080676,0.7483669095552048,0.0,0.11542494753650472,0.0056482733667014015,0.026833267671893424,0.034975564932124996,0.16346935381858094
model20,DetectorShuffled-GatedHistory,3289,0.009823706605569717,0.013613509700957493,0.014126902316667514,0.5516250706893596,0.0,0.08214108055787298,0.0072942526601835695,0.047830915605224365,0.045204491538260956,0.2961514355023052
model20,DetectorShuffled-GatedHistory,3290,0.01501324858817047,0.02081891784551763,0.0210324669033779,0.3873085246147606,0.0,0.08140877873400001,0.06317572317816716,0.16067680087322606,0.3912557314633776,0.9961539912046934
model20,DetectorShuffled-GatedHistory,3291,0.0183225592603222,0.024929395061654366,0.025716196523802075,0.3395672389680113,0.0,0.08796623125648194,0.0040963464013904225,0.01753157063478916,0.02538688778149525,0.10828201793293327
model20,DetectorShuffled-GatedHistory,3292,0.009882561430962777,0.013124361000099557,0.0140021862311384,0.5651968790093689,0.0,0.07954586432763673,0.03833323298510832,0.14891854014118264,0.23735139666976066,0.9212903859908343
model20,DetectorShuffled-GatedHistory,3293,0.023781850035235634,0.032860709399442814,0.033894472213158104,0.3032279510590312,0.0,0.10201601413631169,0.06646826017506755,0.1592785745445002,0.41188591302336836,0.9892164582059555
model20,DetectorShuffled-GatedHistory,3294,0.011331104068017746,0.014945293116509883,0.015267599689680693,0.4248586679592168,0.0,0.06848716112058331,0.016013227659943625,0.10458500358123023,0.09917497631823179,0.6378042989142347
model20,DetectorShuffled-GatedHistory,3295,0.01049230872144733,0.014778237733303501,0.01585577341487262,0.5186973690306597,0.0,0.07673464894241037,0.03822278021716443,0.15055984843751535,0.23683358739979676,0.9377383806850239
model20,DetectorShuffled-GatedHistory,3296,0.011191863278436768,0.01602811658299699,0.016201441858886483,0.5399861791615287,0.0,0.08099857456737276,0.125593656407036,0.16241200972698963,0.7781542839673176,0.999967055586512
model20,DetectorShuffled-GatedHistory,3297,0.018343028976139427,0.02599182925619607,0.02763675490595754,0.3557030783756846,0.0,0.09166698738136919,0.004746013152621487,0.02358590665451698,0.029392996038767525,0.1480935328607119
model20,DetectorShuffled-GatedHistory,3298,0.012577925679385166,0.017743774232460763,0.018377853590310442,0.5407534426346482,0.0,0.08585481795486408,0.009327471967332121,0.058034373886948695,0.05775127693701944,0.3570639522800123
model20,DetectorShuffled-GatedHistory,3299,0.014689958945333885,0.019838347897363072,0.02038238257528992,0.6909028534300155,0.0,0.10618076110218566,0.018043482044776994,0.10379475270248165,0.11161011025261386,0.646883051601849
latency40,LQR-outer,3200,0.013006417636370117,0.017095888290336682,0.01727422690320349,0.4618434179156533,0.0,0.0,0.0,0.0,0.0,0.0
latency40,LQR-outer,3201,0.012959666461516405,0.017091705696531217,0.017265344328855244,0.46331118161697793,0.0,0.0,0.0,0.0,0.0,0.0
latency40,LQR-outer,3202,0.012913243839802116,0.01709091332359271,0.0172623989831702,0.4641572094176089,0.0,0.0,0.0,0.0,0.0,0.0
latency40,LQR-outer,3203,0.012962327085785225,0.017095759484519742,0.017272407534165927,0.4624481719761471,0.0,0.0,0.0,0.0,0.0,0.0
latency40,LQR-outer,3204,0.012953342152543743,0.017091085173291772,0.017263800016582415,0.4635529924133826,0.0,0.0,0.0,0.0,0.0,0.0
latency40,LQR-outer,3205,0.012970551752502255,0.017095759484572554,0.01727263521675756,0.4622613815047937,0.0,0.0,0.0,0.0,0.0,0.0
latency40,LQR-outer,3206,0.012957315389343518,0.017091225696836493,0.01726362765215418,0.46375252551375984,0.0,0.0,0.0,0.0,0.0,0.0
latency40,LQR-outer,3207,0.01300136457174882,0.017095759485524758,0.017271963251191555,0.4624455407400525,0.0,0.0,0.0,0.0,0.0,0.0
latency40,LQR-outer,3208,0.01289877511662218,0.017090913322500467,0.017261879576884152,0.46422154560059214,0.0,0.0,0.0,0.0,0.0,0.0
latency40,LQR-outer,3209,0.012902011425978473,0.017090913323562162,0.01726058799440743,0.46457881357237835,0.0,0.0,0.0,0.0,0.0,0.0
latency40,LQR-outer,3210,0.013006055174269867,0.01709575948498486,0.01727416047825441,0.4616450151023458,0.0,0.0,0.0,0.0,0.0,0.0
latency40,LQR-outer,3211,0.012930846050828693,0.017091508503778323,0.01726472076511988,0.46359978439989813,0.0,0.0,0.0,0.0,0.0,0.0
latency40,LQR-outer,3212,0.012940714719708663,0.017095174818353355,0.017268021340833432,0.4630166452767387,0.0,0.0,0.0,0.0,0.0,0.0
latency40,LQR-outer,3213,0.012969831610970097,0.017092218086298756,0.01726496268597953,0.46380101271825447,0.0,0.0,0.0,0.0,0.0,0.0
latency40,LQR-outer,3214,0.012884040576137843,0.017090913322864956,0.01726204043530654,0.46455889783526294,0.0,0.0,0.0,0.0,0.0,0.0
latency40,LQR-outer,3215,0.012917262598769826,0.017093313040690106,0.017267422688545354,0.4635973939775935,0.0,0.0,0.0,0.0,0.0,0.0
latency40,LQR-outer,3216,0.012956207835799443,0.01709553031194427,0.017269391954639488,0.4625227306152869,0.0,0.0,0.0,0.0,0.0,0.0
latency40,LQR-outer,3217,0.012945848846483936,0.017095338268425443,0.017269887936204143,0.46321707665945183,0.0,0.0,0.0,0.0,0.0,0.0
latency40,LQR-outer,3218,0.01296596851176814,0.017095759484129832,0.017273015392407907,0.4620913777815598,0.0,0.0,0.0,0.0,0.0,0.0
latency40,LQR-outer,3219,0.012912481677557479,0.017090913322831636,0.01726299556418425,0.4639596812311143,0.0,0.0,0.0,0.0,0.0,0.0
latency40,LQR-outer,3220,0.012956394089107138,0.017095621491000666,0.017270475063914957,0.4627332012367737,0.0,0.0,0.0,0.0,0.0,0.0
latency40,LQR-outer,3221,0.012951525434327028,0.01709545070333323,0.017268696724989915,0.4625621210753119,0.0,0.0,0.0,0.0,0.0,0.0
latency40,LQR-outer,3222,0.01289385244005616,0.01709091332268064,0.017262694034739262,0.4641627869910989,0.0,0.0,0.0,0.0,0.0,0.0
latency40,LQR-outer,3223,0.013002514366848404,0.01709575948489371,0.01727166714941618,0.4617764999499081,0.0,0.0,0.0,0.0,0.0,0.0
latency40,LQR-outer,3224,0.012956111159859025,0.017092166439429183,0.017266235468300622,0.46326238406906595,0.0,0.0,0.0,0.0,0.0,0.0
latency40,LQR-outer,3225,0.012886114233321236,0.017090913322705795,0.01726081776917541,0.46428477204762925,0.0,0.0,0.0,0.0,0.0,0.0
latency40,LQR-outer,3226,0.012999657190064502,0.017091538674452435,0.017265227530056354,0.4631015947931253,0.0,0.0,0.0,0.0,0.0,0.0
latency40,LQR-outer,3227,0.012992906179758498,0.0170965209493324,0.01727508503796478,0.4620982305921791,0.0,0.0,0.0,0.0,0.0,0.0
latency40,LQR-outer,3228,0.012907722858792837,0.017091065989373447,0.01726415390827951,0.46371006691849115,0.0,0.0,0.0,0.0,0.0,0.0
latency40,LQR-outer,3229,0.012976308230904827,0.0170952604179652,0.01726921874442264,0.4628976763531646,0.0,0.0,0.0,0.0,0.0,0.0
latency40,LQR-outer,3230,0.01295870426693981,0.017095759484424385,0.017271805961025625,0.46240357714717917,0.0,0.0,0.0,0.0,0.0,0.0
latency40,LQR-outer,3231,0.012981887519642275,0.017095673272661684,0.017270938448356934,0.4624428963739581,0.0,0.0,0.0,0.0,0.0,0.0
latency40,LQR-outer,3232,0.012929109506512678,0.017094493274968356,0.01726702471823678,0.4630392198642231,0.0,0.0,0.0,0.0,0.0,0.0
latency40,LQR-outer,3233,0.013003002943906942,0.01709725263846284,0.017277210889940033,0.46167771254547596,0.0,0.0,0.0,0.0,0.0,0.0
latency40,LQR-outer,3234,0.01289265643765904,0.01709096415426167,0.017263689329213152,0.4640130370417734,0.0,0.0,0.0,0.0,0.0,0.0
latency40,LQR-outer,3235,0.013009505577764547,0.017095759485484547,0.017272254327234247,0.4622172304377123,0.0,0.0,0.0,0.0,0.0,0.0
latency40,LQR-outer,3236,0.012898255361702443,0.017089968719747228,0.017255136692316108,0.4652124269872392,0.0,0.0,0.0,0.0,0.0,0.0
latency40,LQR-outer,3237,0.01301430192526586,0.017096645598368224,0.017277084655238337,0.46125009886981383,0.0,0.0,0.0,0.0,0.0,0.0
latency40,LQR-outer,3238,0.013058032795254767,0.017098565087515154,0.01728026482523609,0.46100131158801466,0.0,0.0,0.0,0.0,0.0,0.0
latency40,LQR-outer,3239,0.012892778412472095,0.017090913322637055,0.017262631158468537,0.4640102527515284,0.0,0.0,0.0,0.0,0.0,0.0
latency40,LQR-outer,3240,0.012912603802315991,0.01709094339574866,0.01726458177537054,0.4634326112175493,0.0,0.0,0.0,0.0,0.0,0.0
latency40,LQR-outer,3241,0.01294823258337859,0.017095414888388855,0.01726907115270562,0.46279741412485564,0.0,0.0,0.0,0.0,0.0,0.0
latency40,LQR-outer,3242,0.012952216716494266,0.017092079243504504,0.017266131656418743,0.4632961067877694,0.0,0.0,0.0,0.0,0.0,0.0
latency40,LQR-outer,3243,0.012942863842642123,0.017092926094870536,0.017266433900097595,0.46320615506699103,0.0,0.0,0.0,0.0,0.0,0.0
latency40,LQR-outer,3244,0.012996392599528755,0.017096303700181607,0.017274760599081247,0.46196255706397127,0.0,0.0,0.0,0.0,0.0,0.0
latency40,LQR-outer,3245,0.012945141465136738,0.01709288756882014,0.017266774263270147,0.46320551150998845,0.0,0.0,0.0,0.0,0.0,0.0
latency40,LQR-outer,3246,0.01301876468046588,0.017096540103924286,0.01727639219958159,0.4613833226532845,0.0,0.0,0.0,0.0,0.0,0.0
latency40,LQR-outer,3247,0.012926737031357936,0.01709217282338369,0.017265775416994287,0.46369084815208517,0.0,0.0,0.0,0.0,0.0,0.0
latency40,LQR-outer,3248,0.01298747062982033,0.017095759485241144,0.01727206759366181,0.462226209679097,0.0,0.0,0.0,0.0,0.0,0.0
latency40,LQR-outer,3249,0.012924322777742284,0.01709131985370194,0.017264920855144427,0.463429085814409,0.0,0.0,0.0,0.0,0.0,0.0
latency40,LQR-outer,3250,0.012994172649572963,0.017090942867984068,0.017261577725669223,0.46450966630150725,0.0,0.0,0.0,0.0,0.0,0.0
latency40,LQR-outer,3251,0.012898483567372929,0.01709091332320473,0.01726177662922067,0.4641550822972736,0.0,0.0,0.0,0.0,0.0,0.0
latency40,LQR-outer,3252,0.013025126705272878,0.01709687539157339,0.017277259207624445,0.4612199184073296,0.0,0.0,0.0,0.0,0.0,0.0
latency40,LQR-outer,3253,0.01290981054548161,0.01709091332431267,0.017258980774927497,0.46467731880093277,0.0,0.0,0.0,0.0,0.0,0.0
latency40,LQR-outer,3254,0.012887549644491026,0.017090913321853893,0.01726213232278321,0.4639512649443181,0.0,0.0,0.0,0.0,0.0,0.0
latency40,LQR-outer,3255,0.012974364587073317,0.017095759484751866,0.017273322968430635,0.4622620495860284,0.0,0.0,0.0,0.0,0.0,0.0
latency40,LQR-outer,3256,0.012955085725679385,0.017095731479620253,0.01727075886344374,0.46253244423783196,0.0,0.0,0.0,0.0,0.0,0.0
latency40,LQR-outer,3257,0.013013278363857345,0.01709575948502441,0.017273540634840625,0.46177851796725805,0.0,0.0,0.0,0.0,0.0,0.0
latency40,LQR-outer,3258,0.012970456439660626,0.017095359182416104,0.017269552008061333,0.46286289757595234,0.0,0.0,0.0,0.0,0.0,0.0
latency40,LQR-outer,3259,0.012985387586817049,0.01709575948452206,0.017273512433081062,0.46207863145502276,0.0,0.0,0.0,0.0,0.0,0.0
latency40,LQR-outer,3260,0.013027382925389143,0.017097060262455076,0.01727656049317526,0.461596528489273,0.0,0.0,0.0,0.0,0.0,0.0
latency40,LQR-outer,3261,0.01296314935683417,0.017095759484968755,0.017270756993874994,0.46237917262684697,0.0,0.0,0.0,0.0,0.0,0.0
latency40,LQR-outer,3262,0.012983422443435885,0.017095710605046128,0.017271368955205098,0.4624838968760462,0.0,0.0,0.0,0.0,0.0,0.0
latency40,LQR-outer,3263,0.012964897380869018,0.017095759484348556,0.01727268182179525,0.46211107464005685,0.0,0.0,0.0,0.0,0.0,0.0
latency40,LQR-outer,3264,0.01293670135950383,0.01709526431495277,0.017267952351450296,0.4628110932244095,0.0,0.0,0.0,0.0,0.0,0.0
latency40,LQR-outer,3265,0.012918564820169506,0.017094584517608438,0.017267512199097643,0.46333535048775093,0.0,0.0,0.0,0.0,0.0,0.0
latency40,LQR-outer,3266,0.012931365282526693,0.01709476772191317,0.0172677154521039,0.46311148412799263,0.0,0.0,0.0,0.0,0.0,0.0
latency40,LQR-outer,3267,0.01290550653088719,0.017090913323476557,0.01726179596719062,0.4641088895172161,0.0,0.0,0.0,0.0,0.0,0.0
latency40,LQR-outer,3268,0.012916082794279127,0.0170909133243517,0.017258849874686115,0.4644529254745632,0.0,0.0,0.0,0.0,0.0,0.0
latency40,LQR-outer,3269,0.01297038399523728,0.01709575948490482,0.01727166393764539,0.46226401094460284,0.0,0.0,0.0,0.0,0.0,0.0
latency40,LQR-outer,3270,0.012994876142480512,0.017095759484771364,0.01727285545634425,0.4617838544894949,0.0,0.0,0.0,0.0,0.0,0.0
latency40,LQR-outer,3271,0.012981239349942823,0.01709575948449185,0.017273732748588455,0.4615894275713616,0.0,0.0,0.0,0.0,0.0,0.0
latency40,LQR-outer,3272,0.013016112544893195,0.017096649326744078,0.01727502595662059,0.46196840181381854,0.0,0.0,0.0,0.0,0.0,0.0
latency40,LQR-outer,3273,0.01298185085097729,0.01709575948508765,0.01727257533957367,0.46234884011930294,0.0,0.0,0.0,0.0,0.0,0.0
latency40,LQR-outer,3274,0.012992164946277847,0.017096431398596658,0.017276506805462468,0.46163455595890296,0.0,0.0,0.0,0.0,0.0,0.0
latency40,LQR-outer,3275,0.012945779598599993,0.01709263578108631,0.01726665706329331,0.46357613024027355,0.0,0.0,0.0,0.0,0.0,0.0
latency40,LQR-outer,3276,0.012921671924415987,0.01709230220240092,0.017266010842795623,0.46376672657525825,0.0,0.0,0.0,0.0,0.0,0.0
latency40,LQR-outer,3277,0.012935852101277347,0.017092494875850815,0.017266030862766648,0.4630894572184318,0.0,0.0,0.0,0.0,0.0,0.0
latency40,LQR-outer,3278,0.012980090351088177,0.017096801468332767,0.017275502563484264,0.462266312007722,0.0,0.0,0.0,0.0,0.0,0.0
latency40,LQR-outer,3279,0.012998051715486311,0.017095759485101673,0.017273177198413717,0.46218589940007243,0.0,0.0,0.0,0.0,0.0,0.0
latency40,LQR-outer,3280,0.012916243819238468,0.01709195546157211,0.0172652678933908,0.46375764596716607,0.0,0.0,0.0,0.0,0.0,0.0
latency40,LQR-outer,3281,0.012927863108164784,0.017091033811958093,0.0172630942384694,0.463967844250402,0.0,0.0,0.0,0.0,0.0,0.0
latency40,LQR-outer,3282,0.012904295222233655,0.017090913322097303,0.017263156274194,0.4638604456380576,0.0,0.0,0.0,0.0,0.0,0.0
latency40,LQR-outer,3283,0.012976986593554918,0.01709575948455581,0.017272402409560877,0.46164056376168944,0.0,0.0,0.0,0.0,0.0,0.0
latency40,LQR-outer,3284,0.012962534971688425,0.01709491970163443,0.017268983480100402,0.46318395965896575,0.0,0.0,0.0,0.0,0.0,0.0
latency40,LQR-outer,3285,0.012928425440868474,0.017091178901709178,0.01726367332699755,0.46383592930122347,0.0,0.0,0.0,0.0,0.0,0.0
latency40,LQR-outer,3286,0.01303970473080625,0.017096516652653715,0.017276714880343026,0.4610982466970869,0.0,0.0,0.0,0.0,0.0,0.0
latency40,LQR-outer,3287,0.012956547783047462,0.01709175673145342,0.017265792804949266,0.4631843623978192,0.0,0.0,0.0,0.0,0.0,0.0
latency40,LQR-outer,3288,0.012869208396789948,0.017090913322809383,0.017259322215805114,0.46495556892263146,0.0,0.0,0.0,0.0,0.0,0.0
latency40,LQR-outer,3289,0.012887011389373917,0.017087377316077436,0.017253081701278858,0.46533767605577364,0.0,0.0,0.0,0.0,0.0,0.0
latency40,LQR-outer,3290,0.012930502705123892,0.01709355358672487,0.01726710623101713,0.4634254158788429,0.0,0.0,0.0,0.0,0.0,0.0
latency40,LQR-outer,3291,0.013068980703120422,0.017105784527980162,0.01748937686943728,0.46068558922972724,0.0,0.0,0.0,0.0,0.0,0.0
latency40,LQR-outer,3292,0.012952023538477853,0.017095223593034014,0.01726823316389378,0.46287154337939396,0.0,0.0,0.0,0.0,0.0,0.0
latency40,LQR-outer,3293,0.012990149096962994,0.017095194373358377,0.017268193414385985,0.4626618931857499,0.0,0.0,0.0,0.0,0.0,0.0
latency40,LQR-outer,3294,0.012906926338012836,0.017090979740926236,0.01726419991084885,0.46367018628921947,0.0,0.0,0.0,0.0,0.0,0.0
latency40,LQR-outer,3295,0.012935197097948657,0.017091390015829565,0.017264628534714586,0.4635291349450514,0.0,0.0,0.0,0.0,0.0,0.0
latency40,LQR-outer,3296,0.01288114214408859,0.01708491139594029,0.017250909887155958,0.46584732615739294,0.0,0.0,0.0,0.0,0.0,0.0
latency40,LQR-outer,3297,0.012937824823905219,0.017091965849332973,0.017265981761075383,0.4632405589877437,0.0,0.0,0.0,0.0,0.0,0.0
latency40,LQR-outer,3298,0.012924888280550492,0.017093960898588306,0.017267012166520827,0.46317679463469663,0.0,0.0,0.0,0.0,0.0,0.0
latency40,LQR-outer,3299,0.012849313982724275,0.017090779462640582,0.017256986923617813,0.46533167310987006,0.0,0.0,0.0,0.0,0.0,0.0
latency40,CurrentOnly-AE-CeNN-494,3200,0.011676412895732619,0.014854742323783275,0.015355969711000296,0.46502714414392843,0.0,0.06962944830185704,0.0,0.0,0.0,0.0
latency40,CurrentOnly-AE-CeNN-494,3201,0.011650967813577726,0.014587339498736019,0.015008761894409521,0.46610945290511496,0.0,0.0719916106841281,0.0,0.0,0.0,0.0
latency40,CurrentOnly-AE-CeNN-494,3202,0.011087935485917159,0.014838617959722591,0.015089530991930526,0.4670608121687385,0.0,0.07063862834015378,0.0,0.0,0.0,0.0
latency40,CurrentOnly-AE-CeNN-494,3203,0.011693299239123852,0.015675645066677558,0.016304014435307452,0.4657460698947251,0.0,0.07187784309145785,0.0,0.0,0.0,0.0
latency40,CurrentOnly-AE-CeNN-494,3204,0.01163251810743022,0.01487628019806014,0.015174688785268241,0.46597321772271727,0.0,0.07151729906582102,0.0,0.0,0.0,0.0
latency40,CurrentOnly-AE-CeNN-494,3205,0.011940175234947632,0.015475965341993952,0.016043387970131728,0.4641325963255508,0.0,0.06932529469051062,0.0,0.0,0.0,0.0
latency40,CurrentOnly-AE-CeNN-494,3206,0.012134214721084806,0.01579494235966716,0.016391048690882842,0.4663000137827442,0.0,0.07232510358853529,0.0,0.0,0.0,0.0
latency40,CurrentOnly-AE-CeNN-494,3207,0.011550315597200296,0.015134694169369424,0.015722019025288775,0.4657617142256995,0.0,0.07217630262493444,0.0,0.0,0.0,0.0
latency40,CurrentOnly-AE-CeNN-494,3208,0.011452581745894336,0.015432124488971128,0.01619044846725595,0.46871680062252336,0.0,0.07272698466163591,0.0,0.0,0.0,0.0
latency40,CurrentOnly-AE-CeNN-494,3209,0.011607979765121507,0.015529792438723669,0.015890674921810392,0.467235557471831,0.0,0.07184442851943273,0.0,0.0,0.0,0.0
latency40,CurrentOnly-AE-CeNN-494,3210,0.011358392178644946,0.014791390290135237,0.01500371306856149,0.4643351979233509,0.0,0.07168144322663711,0.0,0.0,0.0,0.0
latency40,CurrentOnly-AE-CeNN-494,3211,0.011791083642309205,0.015287743028389804,0.016423720180542556,0.4659284020815174,0.0,0.07062751770023115,0.0,0.0,0.0,0.0
latency40,CurrentOnly-AE-CeNN-494,3212,0.011416177076601816,0.014870159249573708,0.015415442161825376,0.46677688967511327,0.0,0.07370968776588582,0.0,0.0,0.0,0.0
latency40,CurrentOnly-AE-CeNN-494,3213,0.01218325810798946,0.015667868728382665,0.015902520544570628,0.46620194437552126,0.0,0.07118537460076606,0.0,0.0,0.0,0.0
latency40,CurrentOnly-AE-CeNN-494,3214,0.011664454682180764,0.014670305148137124,0.014946273691693707,0.4685724528940375,0.0,0.07116310812184155,0.0,0.0,0.0,0.0
latency40,CurrentOnly-AE-CeNN-494,3215,0.012051343681369614,0.015153363921526794,0.015614768532821708,0.46726399770023785,0.0,0.07129890914596089,0.0,0.0,0.0,0.0
latency40,CurrentOnly-AE-CeNN-494,3216,0.011855760091725762,0.015691520159193537,0.016180034458364783,0.46657854629868145,0.0,0.07106873612184308,0.0,0.0,0.0,0.0
latency40,CurrentOnly-AE-CeNN-494,3217,0.011717715259995003,0.014749194391611745,0.015754266726141827,0.4664237218322939,0.0,0.07145744757334432,0.0,0.0,0.0,0.0
latency40,CurrentOnly-AE-CeNN-494,3218,0.011943391297685043,0.01614524941461921,0.016908251535998252,0.4656485471713248,0.0,0.07080795442076358,0.0,0.0,0.0,0.0
latency40,CurrentOnly-AE-CeNN-494,3219,0.011932364973276344,0.015373277567400116,0.016417608706721737,0.46726410815918507,0.0,0.07249068983423566,0.0,0.0,0.0,0.0
latency40,CurrentOnly-AE-CeNN-494,3220,0.011418855149399852,0.015060962994356436,0.015396669056561011,0.4661966228008267,0.0,0.07110544653457904,0.0,0.0,0.0,0.0
latency40,CurrentOnly-AE-CeNN-494,3221,0.011605576423563371,0.015052406343287474,0.015854555094728974,0.46635086947854554,0.0,0.07165788699515323,0.0,0.0,0.0,0.0
latency40,CurrentOnly-AE-CeNN-494,3222,0.011924667825164263,0.015475311771981078,0.016271252799152588,0.46879484493883156,0.0,0.07177386967817029,0.0,0.0,0.0,0.0
latency40,CurrentOnly-AE-CeNN-494,3223,0.012038676436318247,0.014784814894814993,0.015101854114709308,0.46413566480157803,0.0,0.07103107792063443,0.0,0.0,0.0,0.0
latency40,CurrentOnly-AE-CeNN-494,3224,0.01177241361035527,0.015239537699487531,0.015686375326828362,0.4677521997299036,0.0,0.06960922286161446,0.0,0.0,0.0,0.0
latency40,CurrentOnly-AE-CeNN-494,3225,0.01191928831580832,0.015714583083857828,0.016024403855338536,0.4665560122660501,0.0,0.07244540083657856,0.0,0.0,0.0,0.0
latency40,CurrentOnly-AE-CeNN-494,3226,0.011735195447713493,0.014931394310756007,0.01585478867527111,0.4665227701875786,0.0,0.07322455103722796,0.0,0.0,0.0,0.0
latency40,CurrentOnly-AE-CeNN-494,3227,0.012199646470274321,0.015594649448436568,0.016389640935091845,0.4662192965692576,0.0,0.07238858353882942,0.0,0.0,0.0,0.0
latency40,CurrentOnly-AE-CeNN-494,3228,0.011783171905022507,0.015001451562912419,0.01572163066744249,0.46678843973184553,0.0,0.07271694268017657,0.0,0.0,0.0,0.0
latency40,CurrentOnly-AE-CeNN-494,3229,0.011799865153254837,0.015177272187040102,0.01567360046246475,0.46631146630771175,0.0,0.07193718675505165,0.0,0.0,0.0,0.0
latency40,CurrentOnly-AE-CeNN-494,3230,0.011950908291466425,0.015136621717660333,0.015504333236032713,0.46712847537783253,0.0,0.07237185402869775,0.0,0.0,0.0,0.0
latency40,CurrentOnly-AE-CeNN-494,3231,0.012104224336820912,0.01588780384382905,0.017149040493358633,0.4650707963039482,0.0,0.07367764411835163,0.0,0.0,0.0,0.0
latency40,CurrentOnly-AE-CeNN-494,3232,0.012156766427105746,0.015373823766522712,0.015542993211281475,0.46626270381068263,0.0,0.07077659763246434,0.0,0.0,0.0,0.0
latency40,CurrentOnly-AE-CeNN-494,3233,0.011865287091719173,0.014968619472636157,0.01526276086626431,0.46571986555566747,0.0,0.07138526920771805,0.0,0.0,0.0,0.0
latency40,CurrentOnly-AE-CeNN-494,3234,0.011097329303384869,0.015137427809753154,0.01565347113052642,0.46744176502908336,0.0,0.07202875745666584,0.0,0.0,0.0,0.0
latency40,CurrentOnly-AE-CeNN-494,3235,0.011757308507376057,0.01561321214970269,0.01671556189151093,0.46578753233567144,0.0,0.0701732699155964,0.0,0.0,0.0,0.0
latency40,CurrentOnly-AE-CeNN-494,3236,0.011899138223724402,0.015119908426572569,0.015392383094621348,0.46792470746932835,0.0,0.07292720937144866,0.0,0.0,0.0,0.0
latency40,CurrentOnly-AE-CeNN-494,3237,0.012044139112222154,0.01519900390180961,0.0155857871951523,0.4648605581880023,0.0,0.07162832684575632,0.0,0.0,0.0,0.0
latency40,CurrentOnly-AE-CeNN-494,3238,0.01196313934829697,0.01513197530961586,0.01839366783860762,0.46425953765948896,0.0,0.07064781687871408,0.0,0.0,0.0,0.0
latency40,CurrentOnly-AE-CeNN-494,3239,0.011635660549820046,0.015076002206123278,0.015417174541622404,0.46747932860259556,0.0,0.0701886629246724,0.0,0.0,0.0,0.0
latency40,CurrentOnly-AE-CeNN-494,3240,0.012067011666524068,0.01594917056944491,0.016722834130225208,0.4670795957617808,0.0,0.07179792726003223,0.0,0.0,0.0,0.0
latency40,CurrentOnly-AE-CeNN-494,3241,0.012024078815441605,0.014780871804247015,0.015020350310392857,0.46661604966508863,0.0,0.07148121138496545,0.0,0.0,0.0,0.0
latency40,CurrentOnly-AE-CeNN-494,3242,0.011827778908064633,0.014945715208683139,0.015236508211461958,0.46668010996148307,0.0,0.07212703061881134,0.0,0.0,0.0,0.0
latency40,CurrentOnly-AE-CeNN-494,3243,0.011152473963628208,0.014471060729070465,0.014711161994498905,0.46654901085427036,0.0,0.07225485487918965,0.0,0.0,0.0,0.0
latency40,CurrentOnly-AE-CeNN-494,3244,0.01203286145351373,0.015915224395323224,0.016459728394118345,0.4648203862380304,0.0,0.07131925360279233,0.0,0.0,0.0,0.0
latency40,CurrentOnly-AE-CeNN-494,3245,0.01162435452844118,0.014961487084776152,0.01515920062427445,0.46776221218510666,0.0,0.07132805464735269,0.0,0.0,0.0,0.0
latency40,CurrentOnly-AE-CeNN-494,3246,0.011898803580519885,0.01537756600101834,0.016398225580627094,0.46469339475711435,0.0,0.07215699919348977,0.0,0.0,0.0,0.0
latency40,CurrentOnly-AE-CeNN-494,3247,0.011676377070933996,0.015522720219133479,0.01648732521633476,0.46718105806564497,0.0,0.07245131081543142,0.0,0.0,0.0,0.0
latency40,CurrentOnly-AE-CeNN-494,3248,0.011737734599070763,0.015615457100289266,0.015961792499645563,0.4662344527056717,0.0,0.07298716710810303,0.0,0.0,0.0,0.0
latency40,CurrentOnly-AE-CeNN-494,3249,0.012115908589510447,0.0158926826182931,0.016797767525293338,0.46732247909038216,0.0,0.07197784146187565,0.0,0.0,0.0,0.0
latency40,CurrentOnly-AE-CeNN-494,3250,0.01219690406630663,0.01517224919347054,0.01924782947807386,0.46747147423532665,0.0,0.07180523121960428,0.0,0.0,0.0,0.0
latency40,CurrentOnly-AE-CeNN-494,3251,0.01103492262528896,0.014199955862742964,0.01452854208614758,0.46683055841896903,0.0,0.07112727152039557,0.0,0.0,0.0,0.0
latency40,CurrentOnly-AE-CeNN-494,3252,0.01208602913236299,0.01503903353500188,0.01536443656934432,0.46381692648052497,0.0,0.07200292601273608,0.0,0.0,0.0,0.0
latency40,CurrentOnly-AE-CeNN-494,3253,0.011091690543981583,0.014722904536615579,0.015122146157875473,0.46839077576441945,0.0,0.07151398183961477,0.0,0.0,0.0,0.0
latency40,CurrentOnly-AE-CeNN-494,3254,0.011369533756529125,0.015058289266628437,0.015239595929085338,0.46803553067128584,0.0,0.07167014211850643,0.0,0.0,0.0,0.0
latency40,CurrentOnly-AE-CeNN-494,3255,0.012145092843140217,0.015795948500699753,0.01677389319067111,0.46578192166987076,0.0,0.07060686229504233,0.0,0.0,0.0,0.0
latency40,CurrentOnly-AE-CeNN-494,3256,0.012151227518911876,0.0159993572769818,0.016885873788714496,0.4664026769831555,0.0,0.07144295824203725,0.0,0.0,0.0,0.0
latency40,CurrentOnly-AE-CeNN-494,3257,0.012046199893911593,0.015004527419873707,0.015241685877914664,0.46464542188134417,0.0,0.07262469074926385,0.0,0.0,0.0,0.0
latency40,CurrentOnly-AE-CeNN-494,3258,0.012214994279897777,0.014785560049069104,0.015580010804923692,0.46585999471727746,0.0,0.07149111169343876,0.0,0.0,0.0,0.0
latency40,CurrentOnly-AE-CeNN-494,3259,0.01210824640963007,0.01526927997377033,0.015519254741418966,0.46540674766362355,0.0,0.07167351790215311,0.0,0.0,0.0,0.0
latency40,CurrentOnly-AE-CeNN-494,3260,0.011874894727179218,0.015407302536248592,0.015875429178353537,0.46607254535157366,0.0,0.07122497579935509,0.0,0.0,0.0,0.0
latency40,CurrentOnly-AE-CeNN-494,3261,0.01178027365092456,0.015282634411876347,0.015700804104617078,0.465231467020869,0.0,0.07225254828072471,0.0,0.0,0.0,0.0
latency40,CurrentOnly-AE-CeNN-494,3262,0.011364220975325568,0.014609424625737838,0.015236384384087339,0.4662408074293059,0.0,0.07014331718545068,0.0,0.0,0.0,0.0
latency40,CurrentOnly-AE-CeNN-494,3263,0.012279866037073128,0.015948490267308643,0.016455085380155395,0.4656606831366142,0.0,0.07316508928533882,0.0,0.0,0.0,0.0
latency40,CurrentOnly-AE-CeNN-494,3264,0.011817180654306399,0.01591321532757086,0.01683069021412132,0.4651109169551028,0.0,0.07190489211737061,0.0,0.0,0.0,0.0
latency40,CurrentOnly-AE-CeNN-494,3265,0.01196497209007447,0.015188669118133455,0.015339170039547559,0.46608269212840475,0.0,0.0699771294416568,0.0,0.0,0.0,0.0
latency40,CurrentOnly-AE-CeNN-494,3266,0.011951982382651802,0.015388692820553773,0.015571407650894886,0.465888324125392,0.0,0.07060728369372025,0.0,0.0,0.0,0.0
latency40,CurrentOnly-AE-CeNN-494,3267,0.011835642635366192,0.014981148498712436,0.01545128688096818,0.46752908292851664,0.0,0.07082709556918178,0.0,0.0,0.0,0.0
latency40,CurrentOnly-AE-CeNN-494,3268,0.012258570251573009,0.015594544990209028,0.016631865348677142,0.46787467621744977,0.0,0.0702620788879065,0.0,0.0,0.0,0.0
latency40,CurrentOnly-AE-CeNN-494,3269,0.012392353722333369,0.015494134063627991,0.016034852482354096,0.4658183891357291,0.0,0.07247963710219182,0.0,0.0,0.0,0.0
latency40,CurrentOnly-AE-CeNN-494,3270,0.01216623986934581,0.01559652838639522,0.016177873050033473,0.46525649323769563,0.0,0.07007616635089452,0.0,0.0,0.0,0.0
latency40,CurrentOnly-AE-CeNN-494,3271,0.01147548561099228,0.015074920042203432,0.015716846969956254,0.46513081033714554,0.0,0.07117546430439961,0.0,0.0,0.0,0.0
latency40,CurrentOnly-AE-CeNN-494,3272,0.011909833077268433,0.015289999766937408,0.016144556707428172,0.4655686136558215,0.0,0.07401042419742533,0.0,0.0,0.0,0.0
latency40,CurrentOnly-AE-CeNN-494,3273,0.01163674416232571,0.015296822559244189,0.01565388938935595,0.465874809573368,0.0,0.07093769586095733,0.0,0.0,0.0,0.0
latency40,CurrentOnly-AE-CeNN-494,3274,0.011824599228103545,0.015655842599560276,0.016624658451678518,0.4637884066219091,0.0,0.0730725466332526,0.0,0.0,0.0,0.0
latency40,CurrentOnly-AE-CeNN-494,3275,0.01167539990768584,0.015184681577798799,0.015871549769918315,0.46839854118693114,0.0,0.07159925033674261,0.0,0.0,0.0,0.0
latency40,CurrentOnly-AE-CeNN-494,3276,0.01239895967106277,0.01595394525234028,0.016989386947466805,0.467132007685098,0.0,0.07023364263195206,0.0,0.0,0.0,0.0
latency40,CurrentOnly-AE-CeNN-494,3277,0.011894800659001267,0.01543602861111634,0.015653076292086673,0.46686885802016503,0.0,0.0699832258540024,0.0,0.0,0.0,0.0
latency40,CurrentOnly-AE-CeNN-494,3278,0.011177332585918494,0.014646878913164723,0.014992318862156337,0.46575321117762436,0.0,0.07193656425995516,0.0,0.0,0.0,0.0
latency40,CurrentOnly-AE-CeNN-494,3279,0.011585985601175422,0.01495208522235318,0.015236909355115453,0.46511150488055214,0.0,0.07397907151063125,0.0,0.0,0.0,0.0
latency40,CurrentOnly-AE-CeNN-494,3280,0.011899565315745292,0.014914910126358795,0.015537561352474355,0.4668744601291881,0.0,0.07028082548796424,0.0,0.0,0.0,0.0
latency40,CurrentOnly-AE-CeNN-494,3281,0.012704114456561789,0.016477207809479737,0.01689803481581346,0.4657087060626737,0.0,0.0698299311556288,0.0,0.0,0.0,0.0
latency40,CurrentOnly-AE-CeNN-494,3282,0.011617721337320369,0.015039640177011215,0.015564782301022841,0.466111933545432,0.0,0.07111982949726743,0.0,0.0,0.0,0.0
latency40,CurrentOnly-AE-CeNN-494,3283,0.011736589936549687,0.015480360478091003,0.016039754955314164,0.4647574566293875,0.0,0.07148428942278683,0.0,0.0,0.0,0.0
latency40,CurrentOnly-AE-CeNN-494,3284,0.011917926751437682,0.015517135435382207,0.016213899641762553,0.46560920455734356,0.0,0.06956861909944188,0.0,0.0,0.0,0.0
latency40,CurrentOnly-AE-CeNN-494,3285,0.012194543689810653,0.016547998736821872,0.017163361200100435,0.46727613806488255,0.0,0.0724931463887021,0.0,0.0,0.0,0.0
latency40,CurrentOnly-AE-CeNN-494,3286,0.011912652337395847,0.015113345505129896,0.016100544745816597,0.46400326103095246,0.0,0.06886175704317868,0.0,0.0,0.0,0.0
latency40,CurrentOnly-AE-CeNN-494,3287,0.01203601712346358,0.016949618167084457,0.017686471940488942,0.46582087254564947,0.0,0.0713548976580187,0.0,0.0,0.0,0.0
latency40,CurrentOnly-AE-CeNN-494,3288,0.011565479086915123,0.015778923768806134,0.016348785782508014,0.46903941225250717,0.0,0.07392676909085202,0.0,0.0,0.0,0.0
latency40,CurrentOnly-AE-CeNN-494,3289,0.01161975106578972,0.014967712075803278,0.015401412648580502,0.46936668886270233,0.0,0.07253797479844418,0.0,0.0,0.0,0.0
latency40,CurrentOnly-AE-CeNN-494,3290,0.011530327830186387,0.014913810229291835,0.015450913081431811,0.46663741487661803,0.0,0.07082119689493394,0.0,0.0,0.0,0.0
latency40,CurrentOnly-AE-CeNN-494,3291,0.011782629123054429,0.015473582266809725,0.018616335097580577,0.4623870456317488,0.0,0.07151025686855463,0.0,0.0,0.0,0.0
latency40,CurrentOnly-AE-CeNN-494,3292,0.011617978100351036,0.015109170359767315,0.015309685544768083,0.46730620711225856,0.0,0.0704402758996776,0.0,0.0,0.0,0.0
latency40,CurrentOnly-AE-CeNN-494,3293,0.01226104722767614,0.016750584370050017,0.017677465883483682,0.4663318110701554,0.0,0.0707393359323179,0.0,0.0,0.0,0.0
latency40,CurrentOnly-AE-CeNN-494,3294,0.011665660476824517,0.015233159016022919,0.015378195798962328,0.46755990603800507,0.0,0.07046678194517648,0.0,0.0,0.0,0.0
latency40,CurrentOnly-AE-CeNN-494,3295,0.01251320088763251,0.01569052875930692,0.016418258140189483,0.467008468509143,0.0,0.0720436114426833,0.0,0.0,0.0,0.0
latency40,CurrentOnly-AE-CeNN-494,3296,0.011546734822608899,0.01432302596903124,0.01471597882234544,0.4699940806245067,0.0,0.0713372044594681,0.0,0.0,0.0,0.0
latency40,CurrentOnly-AE-CeNN-494,3297,0.012379256702924153,0.015128517186534872,0.01579503783082529,0.46674005450324674,0.0,0.07116252100504257,0.0,0.0,0.0,0.0
latency40,CurrentOnly-AE-CeNN-494,3298,0.01179963666453072,0.015176212643656766,0.015587675224775385,0.46569845397565934,0.0,0.07256211219134555,0.0,0.0,0.0,0.0
latency40,CurrentOnly-AE-CeNN-494,3299,0.011936573253733183,0.016367592911646554,0.01693590810512623,0.46976972408433837,0.0,0.07294859045277252,0.0,0.0,0.0,0.0
latency40,AlwaysOpen-HistorySide,3200,0.011670116610921011,0.014798724594479498,0.015329410005429337,0.46508928505166,0.0,0.07005466236863425,0.16139758512467442,0.16332547450231596,1.0,1.0
latency40,AlwaysOpen-HistorySide,3201,0.011631843383371773,0.014705776377314484,0.014995594766001286,0.46617738353072313,0.0,0.07270616114880915,0.16140904301774067,0.16335465155404832,1.0,1.0
latency40,AlwaysOpen-HistorySide,3202,0.011098827580175679,0.01483794925075391,0.0151049377388507,0.4672950253799631,0.0,0.07137260054628967,0.161395810433331,0.16341425752322025,1.0,1.0
latency40,AlwaysOpen-HistorySide,3203,0.011680697970178972,0.015627203009482622,0.016225047873975204,0.4658591968986764,0.0,0.07241552396944162,0.1613963439,0.1631629211186055,1.0,1.0
latency40,AlwaysOpen-HistorySide,3204,0.011657927320646761,0.014888229679288175,0.015195016196333129,0.46599787811089194,0.0,0.07193146173053078,0.16140981939835108,0.16346178569213418,1.0,1.0
latency40,AlwaysOpen-HistorySide,3205,0.01190951127314077,0.015539437012251316,0.016180540032467022,0.46419864180297266,0.0,0.06996338481857829,0.16139795600768794,0.16345229222855198,1.0,1.0
latency40,AlwaysOpen-HistorySide,3206,0.012115900540481275,0.01586201405410741,0.016333810429938988,0.466348323653491,0.0,0.07288182447410553,0.16140033221916092,0.16347603652191695,1.0,1.0
latency40,AlwaysOpen-HistorySide,3207,0.011580200831242244,0.015135000867836264,0.01591274631566496,0.46579477888669196,0.0,0.07274067237262657,0.16140184741061456,0.16328194922520847,1.0,1.0
latency40,AlwaysOpen-HistorySide,3208,0.011445498130233852,0.015366425336688439,0.01610353845997506,0.46874125494788577,0.0,0.07345375848392494,0.16139613787216273,0.16340739263113463,1.0,1.0
latency40,AlwaysOpen-HistorySide,3209,0.01161724313799364,0.015776141190835258,0.01615336621283765,0.46733475018668086,0.0,0.07250331895717259,0.16140804686163784,0.1634000015195156,1.0,1.0
latency40,AlwaysOpen-HistorySide,3210,0.011357475318016348,0.014791922420293386,0.01501170068934846,0.4644661341792586,0.0,0.07227603595388449,0.16140519119268096,0.16331581121126695,1.0,1.0
latency40,AlwaysOpen-HistorySide,3211,0.011784433751654319,0.015283735308408672,0.016293761443130328,0.46601139492469196,0.0,0.07130805495031932,0.16138544494904292,0.16328247698522166,1.0,1.0
latency40,AlwaysOpen-HistorySide,3212,0.011395906017241185,0.014843756464111953,0.015329716019656684,0.46684687590959045,0.0,0.07402252926474626,0.16140077935922395,0.16330771397717303,1.0,1.0
latency40,AlwaysOpen-HistorySide,3213,0.012157232923674646,0.01570573252547286,0.015946041509684903,0.4662462117262275,0.0,0.07189238651678,0.16139247138231563,0.16329451119236105,1.0,1.0
latency40,AlwaysOpen-HistorySide,3214,0.011688023218512004,0.014699795124476263,0.014998427694518372,0.46870517377095516,0.0,0.07201339617794494,0.16140286627745215,0.16340611903881075,1.0,1.0
latency40,AlwaysOpen-HistorySide,3215,0.012046923957646113,0.015102254364056713,0.01554800267792328,0.46729262634827357,0.0,0.07199488788565903,0.16139712210344193,0.16332556923626612,1.0,1.0
latency40,AlwaysOpen-HistorySide,3216,0.011848416031469453,0.01562977202834242,0.016072104588245824,0.4665747077099348,0.0,0.07148564943466068,0.1613838726786988,0.16339770979166957,1.0,1.0
latency40,AlwaysOpen-HistorySide,3217,0.011733329282263057,0.014775153257207813,0.015763810449135725,0.46661177653137986,0.0,0.07248202982642495,0.16138930537197504,0.16340367089709568,1.0,1.0
latency40,AlwaysOpen-HistorySide,3218,0.011925564472527236,0.01617935643343537,0.016938649937661476,0.4656384386796683,0.0,0.07160993618964684,0.16139305236832927,0.1633102237001712,1.0,1.0
latency40,AlwaysOpen-HistorySide,3219,0.011953484026611139,0.015457067661139042,0.016418480941578814,0.4672671617037781,0.0,0.07320219857757561,0.1613899624057102,0.16332598016022826,1.0,1.0
latency40,AlwaysOpen-HistorySide,3220,0.01144887583529447,0.015063101949595103,0.015374482111445383,0.4662162417105486,0.0,0.07172855491974221,0.16139313734106706,0.16326835131975073,1.0,1.0
latency40,AlwaysOpen-HistorySide,3221,0.011609196774740909,0.014994587704988554,0.01584564491535611,0.4663683630065462,0.0,0.07228406527077262,0.16140571883618568,0.1633264272534087,1.0,1.0
latency40,AlwaysOpen-HistorySide,3222,0.011950274000848846,0.015490588059423521,0.016304615576146753,0.46880616314074675,0.0,0.07236842089546656,0.1613939121090566,0.16330357042568006,1.0,1.0
latency40,AlwaysOpen-HistorySide,3223,0.01203315001168249,0.014768945659897545,0.0152666766805628,0.46426006256166186,0.0,0.07163761659687469,0.16140108942847842,0.16329988165384046,1.0,1.0
latency40,AlwaysOpen-HistorySide,3224,0.01175447183812066,0.015252521657873138,0.015623844542698218,0.4677628385315469,0.0,0.07000709006504097,0.16139274641271997,0.16335869454741458,1.0,1.0
latency40,AlwaysOpen-HistorySide,3225,0.011937444405246474,0.015621833506498062,0.015942955155798726,0.4665527433617418,0.0,0.07275156878332673,0.16139533396751896,0.1634575984614371,1.0,1.0
latency40,AlwaysOpen-HistorySide,3226,0.011725474227926984,0.014883527735605293,0.015665312903612,0.4665777946990053,0.0,0.0739967014928268,0.16140220639081532,0.16340950646470095,1.0,1.0
latency40,AlwaysOpen-HistorySide,3227,0.012233164579867619,0.015680313367290536,0.016652842050162257,0.46628002145073133,0.0,0.07325160105838549,0.16140930799831266,0.16333989842659405,1.0,1.0
latency40,AlwaysOpen-HistorySide,3228,0.011775884762237733,0.014973634623557995,0.01573941569241833,0.4669326100386466,0.0,0.07346369504925368,0.16140355866240216,0.16333870915759213,1.0,1.0
latency40,AlwaysOpen-HistorySide,3229,0.01180711608709169,0.015118158857825812,0.015605452528080333,0.4663731945725697,0.0,0.07223039534114402,0.16138688396299977,0.16337393732320032,1.0,1.0
latency40,AlwaysOpen-HistorySide,3230,0.011939834271221276,0.015127235534012915,0.015436212762221815,0.46720564480772586,0.0,0.07267995268720212,0.16140208235574305,0.16343804707895151,1.0,1.0
latency40,AlwaysOpen-HistorySide,3231,0.012110390697511894,0.01609721036269486,0.0172902319675915,0.4652678743219848,0.0,0.0743668583562639,0.16140021852489975,0.1635400022023818,1.0,1.0
latency40,AlwaysOpen-HistorySide,3232,0.012150410969187416,0.015396974450739087,0.015564473754810354,0.4663493579509407,0.0,0.07161206191850074,0.16138378227831804,0.163342419846916,1.0,1.0
latency40,AlwaysOpen-HistorySide,3233,0.011872568558946599,0.01507762551230638,0.015278973661098545,0.4657548586635823,0.0,0.07191167433219676,0.16139707375031545,0.16337088167340275,1.0,1.0
latency40,AlwaysOpen-HistorySide,3234,0.011044431529801772,0.015043659210643852,0.015507539252225226,0.46745165212100803,0.0,0.07261847990683326,0.16139534318768908,0.16330782045204237,1.0,1.0
latency40,AlwaysOpen-HistorySide,3235,0.011777316171892014,0.015629673604332924,0.016731095792743383,0.4658411838691442,0.0,0.07076751624689434,0.1613938619412695,0.16335270125518542,1.0,1.0
latency40,AlwaysOpen-HistorySide,3236,0.011900457757258466,0.015015415377297123,0.015299032001481222,0.46808154247184874,0.0,0.07373238951580395,0.16138991201408268,0.16341633905009262,1.0,1.0
latency40,AlwaysOpen-HistorySide,3237,0.01201544196048052,0.015168367891819003,0.01565612155202423,0.46495210263389825,0.0,0.07234361425583145,0.1613931524910411,0.16332589078408574,1.0,1.0
latency40,AlwaysOpen-HistorySide,3238,0.01197159457553273,0.015091260993163259,0.01847217391955784,0.46421084648781463,0.0,0.07102300938598201,0.1613902046115639,0.16334503613018583,1.0,1.0
latency40,AlwaysOpen-HistorySide,3239,0.011616310710442331,0.015022147243555743,0.01538728934478216,0.46766435099638815,0.0,0.07061770808384459,0.16140741191095292,0.16326065082015032,1.0,1.0
latency40,AlwaysOpen-HistorySide,3240,0.012063856509163591,0.016016952939106013,0.01656223873636258,0.4672769761215801,0.0,0.0727046339421957,0.1613888872789511,0.16328424276687173,1.0,1.0
latency40,AlwaysOpen-HistorySide,3241,0.012011174888964384,0.014798259096905226,0.015054467454758958,0.4666379686196546,0.0,0.0719684727221108,0.16140233419837804,0.16338875740403186,1.0,1.0
latency40,AlwaysOpen-HistorySide,3242,0.011822352250021958,0.014955832599525229,0.015380599919899082,0.46665627247090935,0.0,0.0726308517732319,0.16139394079732086,0.16336878520835374,1.0,1.0
latency40,AlwaysOpen-HistorySide,3243,0.011156079313278791,0.01447808023041945,0.014736850088306136,0.4667040846553789,0.0,0.07308788776892616,0.16139394341117644,0.16325862932114726,1.0,1.0
latency40,AlwaysOpen-HistorySide,3244,0.012050459095953989,0.015854867887986148,0.01652646111057632,0.46489322758002743,0.0,0.0718939700609733,0.16139809051433582,0.16326173660623688,1.0,1.0
latency40,AlwaysOpen-HistorySide,3245,0.011623901039419035,0.014983590447923271,0.01522687551372841,0.4678183755746811,0.0,0.0719337953040305,0.16138200899680152,0.16334804910675849,1.0,1.0
latency40,AlwaysOpen-HistorySide,3246,0.011906348962123683,0.015380811812841719,0.01631720145609899,0.4647172721655435,0.0,0.07289274844562858,0.16139486330413058,0.16335651969183446,1.0,1.0
latency40,AlwaysOpen-HistorySide,3247,0.01162874116708502,0.015599144293733056,0.0166429858780338,0.4672747492796525,0.0,0.07319542093544333,0.16139591811193418,0.16335604816312196,1.0,1.0
latency40,AlwaysOpen-HistorySide,3248,0.011731259637844684,0.015584292556781797,0.015966594480846138,0.466368452792306,0.0,0.07368831374300437,0.16139767966554786,0.16345514744905199,1.0,1.0
latency40,AlwaysOpen-HistorySide,3249,0.012135845507043127,0.015896146045534586,0.016929484641684898,0.4674168123751433,0.0,0.07274307760052649,0.1614010842094197,0.16335690808325917,1.0,1.0
latency40,AlwaysOpen-HistorySide,3250,0.012212916623403583,0.015289120412786648,0.019435054828655544,0.4675820991011672,0.0,0.07254764968730579,0.16140210538755603,0.16340761283831645,1.0,1.0
latency40,AlwaysOpen-HistorySide,3251,0.011045602113990458,0.01414537559511183,0.014477060872522936,0.4668838948411948,0.0,0.0719402080071643,0.16140565713061686,0.1633578290361423,1.0,1.0
latency40,AlwaysOpen-HistorySide,3252,0.012100201223356345,0.015182002889785768,0.015421951145109483,0.46387929879205064,0.0,0.07300611576079581,0.16138274778925601,0.1632489807492942,1.0,1.0
latency40,AlwaysOpen-HistorySide,3253,0.011109886249925552,0.014722607260936963,0.01509521836134879,0.46844893133761073,0.0,0.07209617049241052,0.16139784853803857,0.16340006585360492,1.0,1.0
latency40,AlwaysOpen-HistorySide,3254,0.011364811949152504,0.015095778240839955,0.01535994100567553,0.4681202789591453,0.0,0.07239932721506291,0.1613873089719897,0.16331070042774276,1.0,1.0
latency40,AlwaysOpen-HistorySide,3255,0.012164033679049802,0.015903416971074235,0.01688224944393306,0.4658043264031259,0.0,0.07129920059942647,0.16139784707897276,0.16344438663568542,1.0,1.0
latency40,AlwaysOpen-HistorySide,3256,0.012191222383703917,0.01614103961687346,0.01689452643134824,0.4664106902810827,0.0,0.07181762359261465,0.16140936977213963,0.1633761153884777,1.0,1.0
latency40,AlwaysOpen-HistorySide,3257,0.012023619587909668,0.014989684881986879,0.01522389816527698,0.4646324205120558,0.0,0.07343345956358154,0.16139336458679623,0.1632156509309885,1.0,1.0
latency40,AlwaysOpen-HistorySide,3258,0.012210989899327805,0.014735382832204906,0.015570480926100526,0.46588824854806216,0.0,0.07196123479269706,0.1614120686674253,0.16333086673998815,1.0,1.0
latency40,AlwaysOpen-HistorySide,3259,0.012076637346130367,0.015229326558950153,0.015436644765009878,0.46542886964466534,0.0,0.07179491246801141,0.16137959070383906,0.16320491061687953,1.0,1.0
latency40,AlwaysOpen-HistorySide,3260,0.011869836832363756,0.01544393727515123,0.015858913620666396,0.4661354278611425,0.0,0.07191076278966839,0.16139731090177767,0.1635454205819895,1.0,1.0
latency40,AlwaysOpen-HistorySide,3261,0.011763321656738598,0.015225848630875956,0.015603760825965969,0.46548715976739397,0.0,0.07349637086907544,0.16138736365923723,0.16335101167482693,1.0,1.0
latency40,AlwaysOpen-HistorySide,3262,0.011343195661686425,0.014595296774415564,0.015181922472670166,0.4664502325644733,0.0,0.07076163971402458,0.16139181587115284,0.16317141700721421,1.0,1.0
latency40,AlwaysOpen-HistorySide,3263,0.012296760987528315,0.01607733159591246,0.016587092320964905,0.4657824646209563,0.0,0.07409082467402221,0.1613850331489696,0.16326353428263762,1.0,1.0
latency40,AlwaysOpen-HistorySide,3264,0.01183028603512472,0.01600760730739759,0.016851869852773357,0.46527891809067834,0.0,0.07268240548055094,0.16140395526960216,0.16341050516169225,1.0,1.0
latency40,AlwaysOpen-HistorySide,3265,0.011943808593146029,0.01520041430364126,0.01534769756942541,0.4661081963301016,0.0,0.07096634343966214,0.1614004986286955,0.16349231689097896,1.0,1.0
latency40,AlwaysOpen-HistorySide,3266,0.01193398589343383,0.015396809284398318,0.015668723369304055,0.465852095825031,0.0,0.0714328395915661,0.1613950819936093,0.16339269061446593,1.0,1.0
latency40,AlwaysOpen-HistorySide,3267,0.011849472341599398,0.014962325768652293,0.015440414954104902,0.46767612582430856,0.0,0.07150415647801758,0.1613992716476081,0.16337645054006722,1.0,1.0
latency40,AlwaysOpen-HistorySide,3268,0.012238218830691785,0.015624761269854584,0.016564576109201767,0.4680728674525286,0.0,0.07123068989075301,0.16140587675846002,0.1634330170152176,1.0,1.0
latency40,AlwaysOpen-HistorySide,3269,0.012406052865642623,0.015440343790335025,0.016058037146858363,0.4659378037772353,0.0,0.07323363863366357,0.16140388125854171,0.16342017102915649,1.0,1.0
latency40,AlwaysOpen-HistorySide,3270,0.012153084150756156,0.015574564472754394,0.01617113875575904,0.46532870181668223,0.0,0.07075919804551038,0.16140354063575882,0.16339871786129928,1.0,1.0
latency40,AlwaysOpen-HistorySide,3271,0.011436631801947206,0.015039751830021176,0.015703042100792982,0.46512681002270445,0.0,0.07179407177667932,0.16139378891395312,0.1635231391894453,1.0,1.0
latency40,AlwaysOpen-HistorySide,3272,0.011885513813149564,0.015274493039594656,0.01610420284794686,0.4657352378962717,0.0,0.07486804252496825,0.16140418354983838,0.16334360880408658,1.0,1.0
latency40,AlwaysOpen-HistorySide,3273,0.01159354978566023,0.015228676557785287,0.015585614534117673,0.4659404187646561,0.0,0.07167847658401967,0.16139999899375673,0.16338320834208722,1.0,1.0
latency40,AlwaysOpen-HistorySide,3274,0.011833592194459156,0.015647628545778107,0.016595676459579798,0.4637684818671671,0.0,0.07369565553336363,0.16140274996850829,0.16348679754736337,1.0,1.0
latency40,AlwaysOpen-HistorySide,3275,0.011674476154704279,0.01517081444012354,0.015818492135366374,0.4685109679012029,0.0,0.07216163789078568,0.16140263933851262,0.16346093911800597,1.0,1.0
latency40,AlwaysOpen-HistorySide,3276,0.01236829752684798,0.015977041545757277,0.017019833538852513,0.4671475643951146,0.0,0.07086164050163193,0.16138709410600938,0.1633298194761731,1.0,1.0
latency40,AlwaysOpen-HistorySide,3277,0.011925355200222098,0.015439597201082952,0.015682364539801232,0.46704916427323484,0.0,0.07092798443158621,0.16139792364196062,0.16337063227047702,1.0,1.0
latency40,AlwaysOpen-HistorySide,3278,0.011211518382364222,0.014665237324017644,0.015002866692057514,0.4656883892706437,0.0,0.0720245742720612,0.16139784898335385,0.16325756519547638,1.0,1.0
latency40,AlwaysOpen-HistorySide,3279,0.011582605340605666,0.014953387930035039,0.015263402383059031,0.4652181386331419,0.0,0.07495780837371287,0.16140069708066743,0.16334200322049028,1.0,1.0
latency40,AlwaysOpen-HistorySide,3280,0.011949910220858789,0.015035025397846465,0.015618502418442636,0.466971977310813,0.0,0.07119037938164402,0.16139635850388717,0.1632384650705278,1.0,1.0
latency40,AlwaysOpen-HistorySide,3281,0.012702776179766147,0.01650370546754361,0.01692432200737684,0.46577049109046115,0.0,0.07062422969341703,0.16139411470383278,0.1633850740291179,1.0,1.0
latency40,AlwaysOpen-HistorySide,3282,0.01161866058289133,0.015041903188210186,0.015487276193248389,0.4662892353256594,0.0,0.07187629706104984,0.16139169370822268,0.1635007649064895,1.0,1.0
latency40,AlwaysOpen-HistorySide,3283,0.011741757460382859,0.015566399195736014,0.01610823389751044,0.4648279342214082,0.0,0.0723113938398163,0.16139490708725937,0.1633126070499156,1.0,1.0
latency40,AlwaysOpen-HistorySide,3284,0.011894640458759617,0.015537986591013306,0.016254800358350596,0.4657382038435273,0.0,0.0699915644204698,0.16140534711309076,0.163308658250139,1.0,1.0
latency40,AlwaysOpen-HistorySide,3285,0.012215264315865388,0.01655675029071299,0.017255320194594435,0.4673827953221891,0.0,0.07348676289085303,0.1614013965341756,0.16340521915455744,1.0,1.0
latency40,AlwaysOpen-HistorySide,3286,0.011915213682716023,0.015029425623691998,0.015897840519204585,0.46399937312534695,0.0,0.06918679976542688,0.16139743044162774,0.16327242524929172,1.0,1.0
latency40,AlwaysOpen-HistorySide,3287,0.012032461364739826,0.017124965897503078,0.017851360749992613,0.46590984653587625,0.0,0.07190020850583291,0.16138710063925968,0.16341201468166489,1.0,1.0
latency40,AlwaysOpen-HistorySide,3288,0.011578923283640298,0.015697784383004884,0.016231650933737136,0.46919549923628867,0.0,0.07483094275002504,0.16139273977073906,0.16323043314967198,1.0,1.0
latency40,AlwaysOpen-HistorySide,3289,0.011591062556329624,0.014856645935698251,0.015294271062477693,0.46944171463335316,0.0,0.07302665845209594,0.16139252825663022,0.16330536289843342,1.0,1.0
latency40,AlwaysOpen-HistorySide,3290,0.011479028513704711,0.014846133373055298,0.015421315249955849,0.46662488020750637,0.0,0.07136540518767348,0.16139376854616458,0.16321549904475713,1.0,1.0
latency40,AlwaysOpen-HistorySide,3291,0.0117876891390185,0.015467723971527838,0.018584422822705227,0.46250740500687265,0.0,0.07211929571155566,0.16139110354258154,0.16326709634393444,1.0,1.0
latency40,AlwaysOpen-HistorySide,3292,0.011633426545635584,0.015164554691531874,0.015552411910844988,0.4673753348136419,0.0,0.07119572166596597,0.16139366862384377,0.16353226925388653,1.0,1.0
latency40,AlwaysOpen-HistorySide,3293,0.012262450013315405,0.016771883006706782,0.017706177079859976,0.46639399788169145,0.0,0.07156437685004598,0.16139465763654262,0.16343244996729153,1.0,1.0
latency40,AlwaysOpen-HistorySide,3294,0.011607906410359886,0.015212764386053615,0.015416849238634093,0.4675877125517689,0.0,0.07099277187056406,0.16138754053583496,0.16345261739954242,1.0,1.0
latency40,AlwaysOpen-HistorySide,3295,0.012521261068188839,0.01571910067592281,0.016460190956526295,0.46703024297571993,0.0,0.07258585703751753,0.16139928740041679,0.16335920755252015,1.0,1.0
latency40,AlwaysOpen-HistorySide,3296,0.011568412712622139,0.014338115729132118,0.014735722202291896,0.4701889596193176,0.0,0.07206362831714429,0.16138562096150044,0.16324363825707233,1.0,1.0
latency40,AlwaysOpen-HistorySide,3297,0.012352564130271963,0.015145949284032676,0.015793495560159805,0.46677755084220574,0.0,0.07145350523869594,0.16138376973859375,0.1634285419380495,1.0,1.0
latency40,AlwaysOpen-HistorySide,3298,0.011807449521485255,0.01510621083560437,0.01549636749178429,0.46577208850347934,0.0,0.07343731729631763,0.161391452196256,0.16333517592535982,1.0,1.0
latency40,AlwaysOpen-HistorySide,3299,0.011955910160021586,0.01634491972480362,0.01709179544787907,0.46993981407204966,0.0,0.0735955204330488,0.1614055064299173,0.16329725988865215,1.0,1.0
latency40,EventDetected-GatedHistory,3200,0.011674264342926365,0.01486065567439763,0.01535200084185664,0.4650442351768953,0.0,0.06959890501933642,0.0038473314162251766,0.014475429439894365,0.02388265150091366,0.09090246232588424
latency40,EventDetected-GatedHistory,3201,0.011648337542245332,0.014586343366329895,0.015008314251285262,0.46611435695159353,0.0,0.0719983026013139,0.0036621919283364615,0.013324436355182552,0.022712852093486148,0.08291540919937238
latency40,EventDetected-GatedHistory,3202,0.011088872914671127,0.014843264302649034,0.015093117306666362,0.4670627260524919,0.0,0.07062200365050317,0.003295330673508592,0.014746635846568268,0.020416424084558474,0.0926199301089977
latency40,EventDetected-GatedHistory,3203,0.011686072417976411,0.01567044796302559,0.016278464132959674,0.46578115841697304,0.0,0.07190376213021259,0.003977360573429186,0.019798320848275566,0.02468830048019321,0.12242216893066
latency40,EventDetected-GatedHistory,3204,0.011630917151656333,0.014900384601869288,0.015199042455809273,0.4659821341394637,0.0,0.07151379974522035,0.0035707847077985264,0.018225799106072485,0.022113990713884847,0.11293556386642248
latency40,EventDetected-GatedHistory,3205,0.011933095995700974,0.015487414821602654,0.01605664393055333,0.4641386792357013,0.0,0.06933311947371781,0.004531640025691226,0.022140722363667664,0.02812039108594176,0.1365136893664376
latency40,EventDetected-GatedHistory,3206,0.012137351694718902,0.015812154201955024,0.016390205266258055,0.4663111974650127,0.0,0.07232888382327762,0.0035088346609197492,0.013567473771759861,0.021732918625852235,0.08417498925285133
latency40,EventDetected-GatedHistory,3207,0.011553486774319638,0.01513996269733124,0.015842615940243037,0.46578418014701645,0.0,0.07219115896413303,0.0034715333919783076,0.014545096110049427,0.0215185584682309,0.09053555469381654
latency40,EventDetected-GatedHistory,3208,0.011451726497570501,0.01543898117829511,0.016198528426586038,0.4686978099283114,0.0,0.07272394188822824,0.0033334887802709545,0.012677715190256856,0.020671988449818907,0.0791874361074147
latency40,EventDetected-GatedHistory,3209,0.011605156544056274,0.015530443795466201,0.01588093971152026,0.4672287041279601,0.0,0.07186077477255685,0.0038597852432280216,0.02003386567346504,0.02392520050150213,0.1245291443993032
latency40,EventDetected-GatedHistory,3210,0.011362017176544748,0.0148018353989024,0.015017004224437119,0.4643433447385836,0.0,0.07170145771002796,0.003926676488698885,0.017035887900042426,0.024312187005275456,0.10672289505445008
latency40,EventDetected-GatedHistory,3211,0.011782937176691662,0.015284364831977539,0.016404686823278787,0.46594268225053803,0.0,0.07059422804628226,0.003994959909225237,0.01724544481897267,0.024739564307017403,0.1068333175798773
latency40,EventDetected-GatedHistory,3212,0.011414449182057654,0.014858188972266286,0.015395072500965917,0.46678132487003704,0.0,0.0736698082971846,0.00341620392759393,0.0161063919219272,0.021147985833295826,0.0995096399489289
latency40,EventDetected-GatedHistory,3213,0.012179866349938138,0.015644089939463708,0.015888198727572404,0.46621577648828966,0.0,0.07117338524322675,0.0030809982017784617,0.012673764207577149,0.01904327635732293,0.07829864131232402
latency40,EventDetected-GatedHistory,3214,0.011665987970331925,0.014678206832141355,0.014955370788575098,0.468560221634311,0.0,0.07114087024604218,0.002999976214593341,0.012611520581743597,0.018592838296057974,0.07861197274917697
latency40,EventDetected-GatedHistory,3215,0.01205281866577463,0.015151877589228048,0.015614404927600623,0.46727624913795185,0.0,0.07131578402318675,0.0037033241289875472,0.016458912753544466,0.02292045687801728,0.10240693193654997
latency40,EventDetected-GatedHistory,3216,0.011859173503941386,0.01569111946989621,0.01617598837082585,0.46657820232722613,0.0,0.07106583760962913,0.002978971722038913,0.01011870227411118,0.01842335977514877,0.06230368031065662
latency40,EventDetected-GatedHistory,3217,0.011719943787860728,0.014750430669749718,0.015762846803131947,0.4664400754016317,0.0,0.07146436330276955,0.004022359802449983,0.0198624602921167,0.024929931783262516,0.12308234773924014
latency40,EventDetected-GatedHistory,3218,0.011942457410071031,0.016174052074453427,0.01692898126545411,0.46564474029050157,0.0,0.07078790473078843,0.004368621301760599,0.022036686194548797,0.027078118754683543,0.13624485208555012
latency40,EventDetected-GatedHistory,3219,0.011936697188560889,0.015384028396506435,0.016418523554979823,0.467270480511653,0.0,0.07248167261326859,0.0031773778223011502,0.012074206936592035,0.019680016695053672,0.07534542310382196
latency40,EventDetected-GatedHistory,3220,0.01142140535309177,0.015066855378704691,0.015402853220260918,0.4661942488891482,0.0,0.07106813767272142,0.0030450846231448695,0.012307240826391482,0.0188572827466801,0.0761505165504269
latency40,EventDetected-GatedHistory,3221,0.011605050359901465,0.015046774481468926,0.015852400542862497,0.4663314459607099,0.0,0.07161171334960846,0.0036290506752625646,0.014042675475528487,0.022468664153569934,0.08672605893815531
latency40,EventDetected-GatedHistory,3222,0.011929090467120545,0.015472752478527675,0.01626905609757584,0.46881287094924606,0.0,0.07179081450778675,0.0038238069541608978,0.01649520923008997,0.02366536294899428,0.1022820045483954
latency40,EventDetected-GatedHistory,3223,0.01203652907989868,0.01479799736272671,0.015113607992859341,0.4641470585872399,0.0,0.0710092145968317,0.005565095600574033,0.03135742309918219,0.03446868253693936,0.19532937144767162
latency40,EventDetected-GatedHistory,3224,0.011774719971128049,0.015233903729035894,0.01569539578633173,0.4677579646880231,0.0,0.06960335009638301,0.0033093575117403894,0.014555057709477291,0.02047673741124448,0.08998292385088927
latency40,EventDetected-GatedHistory,3225,0.011922639950456703,0.015711340023389808,0.016009706672983622,0.4665581610581361,0.0,0.07242048611951099,0.0037692419479143395,0.017839781118831576,0.02335167246590361,0.11078054796788783
latency40,EventDetected-GatedHistory,3226,0.011724936377374089,0.014923745228627359,0.015751857631280893,0.46653737939021367,0.0,0.0732138974119298,0.0050281685289096465,0.02341945371166818,0.0311024615257283,0.1434840165343186
latency40,EventDetected-GatedHistory,3227,0.01220393020325518,0.015611556948068749,0.01640409743616796,0.4662488484282486,0.0,0.07237454691042716,0.0037449120448287978,0.01629522712788023,0.023214018030392344,0.1013310004185163
latency40,EventDetected-GatedHistory,3228,0.011787767068835215,0.015018356122526043,0.015739968626691057,0.4668036178168336,0.0,0.0727416481663946,0.004333845466737888,0.01929812576344051,0.026805810846755835,0.11872439075206098
latency40,EventDetected-GatedHistory,3229,0.011804824262030453,0.015193647816027958,0.015695478296995323,0.46633065445951666,0.0,0.0718998084020513,0.0044276291850471935,0.019756088356245326,0.02738071406563465,0.12227250044332205
latency40,EventDetected-GatedHistory,3230,0.011956131743158977,0.015143087670428766,0.015502056877102915,0.4671625459699288,0.0,0.07233884042100026,0.0038869817982439187,0.015603673926998532,0.024038966916331717,0.09690358465267493
latency40,EventDetected-GatedHistory,3231,0.012103604283852964,0.01590309555620057,0.017173068556223487,0.46510627707310637,0.0,0.07370024138982957,0.005039560753113448,0.02910330169958753,0.031216872933251733,0.17923783594937243
latency40,EventDetected-GatedHistory,3232,0.012160547070765675,0.015382745656600362,0.01554190719336891,0.4662762525909944,0.0,0.07078290393180077,0.0041971738491571806,0.020757889177634554,0.026035283362521127,0.12867067880845018
latency40,EventDetected-GatedHistory,3233,0.01186413661188785,0.014969988486403674,0.015263431971798382,0.4657145769852896,0.0,0.07140003924020119,0.003699029784283927,0.01532273208868629,0.022913436719961877,0.09351510347857318
latency40,EventDetected-GatedHistory,3234,0.011096648648041291,0.015141630965253419,0.01565480511796705,0.4674446135100004,0.0,0.07202964389504567,0.004642354812153341,0.020839209765393562,0.02872611787339481,0.1284678313753903
latency40,EventDetected-GatedHistory,3235,0.01175257861077653,0.015604272024728165,0.016710469121036527,0.4657827564300083,0.0,0.07017968255408638,0.003360435930013015,0.01610673375297367,0.020791562290353376,0.09925044675935492
latency40,EventDetected-GatedHistory,3236,0.011907533991813993,0.01512399989421333,0.015396908684406851,0.46790707237311596,0.0,0.07295087080094755,0.0038990539774217577,0.014111137326700782,0.024130483784223215,0.08669233780932413
latency40,EventDetected-GatedHistory,3237,0.012038823264651608,0.015187165937581733,0.01561068002860912,0.4648551489401154,0.0,0.0716232454032438,0.0036348421147250043,0.015710368122344224,0.022492432766236067,0.09781954586998902
latency40,EventDetected-GatedHistory,3238,0.011966630202514499,0.01512570329458812,0.0184582304751705,0.46423273543589694,0.0,0.07069864066974514,0.003757835785312844,0.015882400545687805,0.023244945886826275,0.09852327671510963
latency40,EventDetected-GatedHistory,3239,0.011633513371960136,0.015067341199891905,0.01541230327829367,0.46748463266750784,0.0,0.07020746999043584,0.0033897016889109298,0.013687568476927451,0.021008492200902246,0.08448774113341462
latency40,EventDetected-GatedHistory,3240,0.01205942375351715,0.01594145514677726,0.016716300975032666,0.4671110371246493,0.0,0.07177932561395597,0.004227793306864733,0.020543547628336774,0.026204798848895497,0.126354595964313
latency40,EventDetected-GatedHistory,3241,0.012018206964362513,0.014781736899812303,0.01503538753740507,0.4666092434509837,0.0,0.07147296407295457,0.003498339745174375,0.014648841716366219,0.021659853779446375,0.09012375823435202
latency40,EventDetected-GatedHistory,3242,0.011835225779635968,0.01495046412160499,0.015257214429332271,0.4666695941973541,0.0,0.07210647895445361,0.004079592120527922,0.018768715038392222,0.025213993850390595,0.11536540856992834
latency40,EventDetected-GatedHistory,3243,0.01114799937062199,0.014481645834253388,0.014717504223344606,0.46655521479361617,0.0,0.07227883166349874,0.004024303489813574,0.018911944460468472,0.02493126674237034,0.11683549843503581
latency40,EventDetected-GatedHistory,3244,0.012034663100498152,0.01591549127637933,0.016461504399577158,0.4648437172904816,0.0,0.07131408333645463,0.0026480668601345124,0.011498168369982478,0.016418057364060136,0.07254311899259623
latency40,EventDetected-GatedHistory,3245,0.011624644664943585,0.014957950174285627,0.015156978270085848,0.4677722139065364,0.0,0.07135171826139704,0.003099621267153788,0.01438286540646352,0.019188186476529492,0.08942283469168683
latency40,EventDetected-GatedHistory,3246,0.01189320555888669,0.015351727306254677,0.016408381269763524,0.4646896434347557,0.0,0.07219277495033605,0.0036146410211827617,0.015259970767335915,0.022377833733413493,0.0942692843373154
latency40,EventDetected-GatedHistory,3247,0.011674711199110843,0.01552135830375461,0.016489193030500643,0.46719216104911254,0.0,0.07249872211775311,0.0032700347500126867,0.01255907359002029,0.020267114686876687,0.07857593121777974
latency40,EventDetected-GatedHistory,3248,0.011733331214775032,0.015620942479285138,0.015964032278586695,0.4662521855230851,0.0,0.0730292637582275,0.004718195015929361,0.023350397010333784,0.029207343688411668,0.14364262949757736
latency40,EventDetected-GatedHistory,3249,0.012116470674281819,0.015897488715868564,0.016812693018417795,0.4673210898714477,0.0,0.07193584365836944,0.004168302300057695,0.01798527018541083,0.025833252747405805,0.11163304336550985
latency40,EventDetected-GatedHistory,3250,0.01220503891920731,0.015166966377126237,0.01943504163944377,0.4674490899503119,0.0,0.07182070279281046,0.005499594670003732,0.024633181108213203,0.03405536077441488,0.15324998809174242
latency40,EventDetected-GatedHistory,3251,0.011034100776113229,0.014197138234323867,0.014526574769402952,0.46685985960880794,0.0,0.07112099717123307,0.0032743345599358423,0.017819758150479648,0.02028343280043676,0.11073845364711135
latency40,EventDetected-GatedHistory,3252,0.01208069497431025,0.01503289811023736,0.015356093616176205,0.4638415358647372,0.0,0.07201865869108505,0.003362715644040147,0.013686151972213035,0.02083473989871812,0.08395354541458656
latency40,EventDetected-GatedHistory,3253,0.011093473464444155,0.014713742478310114,0.01511404800901299,0.46839632404043846,0.0,0.07152765145033478,0.002722820978094963,0.00790532944591233,0.01687037498365407,0.04884641995344942
latency40,EventDetected-GatedHistory,3254,0.011368291794071783,0.015068152966346764,0.0152503025837884,0.46806527417850396,0.0,0.07167617768635186,0.0037832921723223696,0.020055110294427612,0.023410828721648496,0.1250092093033901
latency40,EventDetected-GatedHistory,3255,0.012149348178823306,0.015829563891661697,0.016798907697025033,0.4657756672956231,0.0,0.07060964824090321,0.004836196823136006,0.022917854965463787,0.02996932076436263,0.14195783932857264
latency40,EventDetected-GatedHistory,3256,0.012152259138454547,0.015984439780546866,0.016873939351799257,0.4664171927604637,0.0,0.07145457454351256,0.003612994207840764,0.014143724507618631,0.022346428797655773,0.08765319354957192
latency40,EventDetected-GatedHistory,3257,0.012037200237094823,0.01499321470281551,0.015219623988739054,0.464643589371646,0.0,0.07268150466587571,0.004719531330471705,0.018200786216840185,0.029255488839118524,0.11291269430634887
latency40,EventDetected-GatedHistory,3258,0.01221343390644358,0.014788177220133014,0.015587882770778381,0.46587009909734034,0.0,0.0714956338668298,0.0028908428446784585,0.015045734957348945,0.017916694859342715,0.09269072964427322
latency40,EventDetected-GatedHistory,3259,0.012110233884783383,0.01526729429994469,0.015526818756249306,0.4653972420766062,0.0,0.07164617070536357,0.0035533972191366626,0.015518221431197576,0.021987129530980268,0.09598779234576688
latency40,EventDetected-GatedHistory,3260,0.011863205070956276,0.015395028482646964,0.015721618189421232,0.4660609557214047,0.0,0.07116716534262021,0.005027748765064247,0.027231729142458826,0.031123908021633805,0.16812416437875907
latency40,EventDetected-GatedHistory,3261,0.011780304498573221,0.015280841969765759,0.015694998325798598,0.46523373854815564,0.0,0.07227962206018017,0.003449848906332549,0.014118421759711822,0.02134436843744626,0.08747594784392239
latency40,EventDetected-GatedHistory,3262,0.011356987342869742,0.014598933454068347,0.015220821514749088,0.46625130018232075,0.0,0.0701195422776751,0.003549091861293446,0.013279789102444888,0.021960288429420133,0.08122394633373219
latency40,EventDetected-GatedHistory,3263,0.012278109705833925,0.015949275139496556,0.016462956503822318,0.46567565990348986,0.0,0.07318701572004961,0.0036700863010801694,0.014880500109753992,0.022701475416626593,0.0915190413473158
latency40,EventDetected-GatedHistory,3264,0.011819038332162454,0.015925647067669885,0.016838576257454652,0.46513173685621545,0.0,0.07193537081188683,0.0031451266441855992,0.011552884586083285,0.019467241492969883,0.07169209904273337
latency40,EventDetected-GatedHistory,3265,0.011961065833637041,0.015174502243600797,0.01532183928821723,0.46609417363919664,0.0,0.06998832083624514,0.005152250845043092,0.025968122936311126,0.03188552643219055,0.16144029189699882
latency40,EventDetected-GatedHistory,3266,0.01194699328344597,0.015378138604577266,0.015549424147095927,0.46589191497730664,0.0,0.07061540100767169,0.0040026364948548875,0.019764166723447364,0.024821459766881406,0.12289194578112916
latency40,EventDetected-GatedHistory,3267,0.011832973567492359,0.014953920346061245,0.01544009747817725,0.46755668144591556,0.0,0.07085156706145601,0.004072632837955693,0.01604288620638334,0.025196998683804955,0.098876893639367
latency40,EventDetected-GatedHistory,3268,0.012267454623357968,0.015630290202615204,0.016643233197893688,0.46788092136855625,0.0,0.07026961827173268,0.0029334042360631943,0.013027153469439771,0.018193852740735192,0.08082556891930219
latency40,EventDetected-GatedHistory,3269,0.012386754976401414,0.015478349626567531,0.016009988222456823,0.46581003003118443,0.0,0.07247936606184738,0.004161572379745895,0.01744937405088029,0.02579689654022927,0.10779497294576106
latency40,EventDetected-GatedHistory,3270,0.012159308962153208,0.015601151243848366,0.016179482709725707,0.465256766159676,0.0,0.07008181808203777,0.0028119084981300733,0.012686437221348183,0.01741388751340143,0.07832452293697872
latency40,EventDetected-GatedHistory,3271,0.011474479848666038,0.015065485337677872,0.015708613043696286,0.46514004616895593,0.0,0.07119537430004923,0.004367679297936873,0.02190213791528035,0.027033215084412532,0.13374811406591386
latency40,EventDetected-GatedHistory,3272,0.011918549714272222,0.015301779929949487,0.0161126796859888,0.4655905718623576,0.0,0.07403074042658303,0.0037989858058182975,0.020047683945959308,0.023529935053200442,0.12451579903933807
latency40,EventDetected-GatedHistory,3273,0.011635626322545405,0.015300467526292619,0.015646807782654672,0.4658945823812453,0.0,0.07095561691745025,0.0035339507020222703,0.015518507059817171,0.02186779333014944,0.09546150734427118
latency40,EventDetected-GatedHistory,3274,0.01182052585614587,0.015662965152331475,0.016614098996459166,0.46374451285167784,0.0,0.07307192252881907,0.004696969156948807,0.023007717663343277,0.02907533520137921,0.14350770415490208
latency40,EventDetected-GatedHistory,3275,0.011675645275516412,0.01518951278001699,0.015878478973484926,0.4684029769310867,0.0,0.07161998180260958,0.004077244920831732,0.024838417287312155,0.0252717581131308,0.15337730875184646
latency40,EventDetected-GatedHistory,3276,0.012389156024848396,0.015949736877679598,0.016985336526960416,0.46714124861399975,0.0,0.07028048599415519,0.004575937171781559,0.021983419183008855,0.028341255858247608,0.13550339985602552
latency40,EventDetected-GatedHistory,3277,0.01189478836571623,0.015433038318301326,0.015646727168506177,0.46688190672784496,0.0,0.07000375659044213,0.0026402582959463828,0.00991065390015203,0.016341605487146138,0.06077332057637587
latency40,EventDetected-GatedHistory,3278,0.01118125217219655,0.014648237969822136,0.014992295482345446,0.46574200815488465,0.0,0.07192308496596456,0.0030642360689328756,0.013917441876240676,0.01899204543575306,0.0861163611504982
latency40,EventDetected-GatedHistory,3279,0.011583786526094186,0.014948684009065275,0.01523364009947779,0.46510945297549855,0.0,0.07395037869710806,0.0038376199779194932,0.019460102691622988,0.023755267141892952,0.12024178633773765
latency40,EventDetected-GatedHistory,3280,0.011900007672123783,0.01491762422753701,0.015537043686197488,0.46688311361555196,0.0,0.07026289167339664,0.002682747472588316,0.011747201835864385,0.016621700095683544,0.07304441277512189
latency40,EventDetected-GatedHistory,3281,0.012697630595791291,0.016461100069170616,0.01689663794142271,0.4657266276814442,0.0,0.06988923256940055,0.003994498583296611,0.020047763811219053,0.024716409138347,0.12620217599777556
latency40,EventDetected-GatedHistory,3282,0.01161621549528966,0.015037662766471407,0.015558534464390403,0.46612370409406817,0.0,0.07110669886608607,0.002617085164681993,0.008840519052972258,0.016184088610841165,0.05429314553568114
latency40,EventDetected-GatedHistory,3283,0.011727910176071055,0.015486679100827355,0.016026978436246935,0.4647865875675831,0.0,0.07152073877436155,0.005207480603727726,0.027905851964970706,0.032246608635890614,0.17232500585034977
latency40,EventDetected-GatedHistory,3284,0.0119110046644095,0.015496762875928927,0.01619077837260922,0.4655970616007973,0.0,0.06957051836209314,0.004151555456551466,0.020761285339699675,0.02569490167687527,0.12917438568485662
latency40,EventDetected-GatedHistory,3285,0.012195779215703483,0.016523412331506653,0.017155998327011857,0.4672895339418709,0.0,0.07251763701470287,0.004054982865481627,0.017619563554876577,0.025114402398039016,0.11095842344913061
latency40,EventDetected-GatedHistory,3286,0.011913813913319488,0.01510992167498165,0.015920762291961446,0.46401064909447276,0.0,0.0688388951741327,0.0030760247224199647,0.011632830512082679,0.019045747144276055,0.0721027854587243
latency40,EventDetected-GatedHistory,3287,0.012030573885308,0.016947789701091575,0.017689139548184508,0.4658205743231946,0.0,0.07137075881730523,0.003448759413646619,0.019089253087055384,0.02137568702338204,0.11802233015965297
latency40,EventDetected-GatedHistory,3288,0.011569637029203422,0.015776629058936273,0.016348905436983256,0.46904936468711683,0.0,0.07392141504623093,0.0031008920639667603,0.011355954775347711,0.019201320592433353,0.07014581442117032
latency40,EventDetected-GatedHistory,3289,0.011617172193468863,0.01496429264460133,0.015396339334681009,0.4693863789912415,0.0,0.07252607041185953,0.0038328292592245683,0.012973172840541216,0.02370129817477459,0.08093897659313778
latency40,EventDetected-GatedHistory,3290,0.011526055928332155,0.014906184227418384,0.01543819037093131,0.46663321519145856,0.0,0.07081778789411146,0.0028284624737010297,0.012396698476248812,0.01754211878656589,0.07735114008738835
latency40,EventDetected-GatedHistory,3291,0.011772840172775625,0.015469047091340542,0.01858215084997212,0.46239799200927906,0.0,0.07146484607991495,0.005046077655883502,0.022702629694249108,0.03128289153163315,0.14100444924856098
latency40,EventDetected-GatedHistory,3292,0.011616674475633988,0.01511101639647505,0.01531058334712319,0.46730996272560404,0.0,0.07043066593571853,0.003908572540238259,0.01923613321012456,0.024201302799046046,0.12014400190023604
latency40,EventDetected-GatedHistory,3293,0.012263115202980426,0.01675566553696957,0.017689575835941482,0.46634782947230635,0.0,0.07074121350272256,0.004318584987521358,0.01831361806282821,0.026744867929592013,0.1132809724432094
latency40,EventDetected-GatedHistory,3294,0.01166184263467129,0.01522892529100457,0.015375545156447385,0.46756685353907246,0.0,0.070473995411377,0.003222920347164413,0.013714361386891024,0.019936531974277683,0.08529253040962288
latency40,EventDetected-GatedHistory,3295,0.012507253012828555,0.015688430280803554,0.01641610216499779,0.4670211269560261,0.0,0.07206570936286484,0.004497317714387863,0.021005656991913382,0.027852129852406548,0.1294129968498557
latency40,EventDetected-GatedHistory,3296,0.011542536075593574,0.014319675285640545,0.014712245210134037,0.46999739346911895,0.0,0.07130579089533765,0.003950800676530045,0.0191967688726167,0.024462599508740752,0.11940580782200162
latency40,EventDetected-GatedHistory,3297,0.012379145279225937,0.015133671918731207,0.01579695257051917,0.4667368806487388,0.0,0.07113882100994877,0.0037146282949593393,0.017075761539308672,0.023022304290817464,0.10530460805142752
latency40,EventDetected-GatedHistory,3298,0.011805532090556887,0.015173769302038656,0.01559138362412571,0.46571076818686635,0.0,0.07257941804428976,0.002947992882211958,0.01143932311142425,0.01827038225051713,0.07161175617274035
latency40,EventDetected-GatedHistory,3299,0.011936636480531587,0.01635363969291605,0.016955135514111964,0.4698248360137969,0.0,0.07300849531608931,0.005183738591376588,0.028341646311604747,0.03211555090155132,0.1739961273240258
latency40,DetectorShuffled-GatedHistory,3200,0.011671791458497076,0.014849543996530557,0.015348660373889187,0.4650283422065618,0.0,0.06961266923290595,0.005132029363222185,0.025897744810689384,0.03185918251622165,0.16109710612056985
latency40,DetectorShuffled-GatedHistory,3201,0.011645347012230172,0.01459228582368681,0.015007271073163868,0.4661092468172563,0.0,0.07196397084809651,0.003050718856358672,0.014016092426117288,0.018906849559764675,0.0863873057643506
latency40,DetectorShuffled-GatedHistory,3202,0.011096408535402422,0.014856448210185978,0.015114802066916358,0.46706849401233397,0.0,0.07062285512363504,0.005026140954996413,0.027096091070534702,0.031159073683724822,0.168636811513744
latency40,DetectorShuffled-GatedHistory,3203,0.011696662987708014,0.0156780210779723,0.016296626087644473,0.4657698124101486,0.0,0.07187105229842673,0.004620245072944333,0.02069604329469507,0.028633986438701266,0.12856383008342645
latency40,DetectorShuffled-GatedHistory,3204,0.011633908393782746,0.014879331220070464,0.015177152679053672,0.46597319667983395,0.0,0.07151710415666158,0.0036108302505286688,0.014090028367106737,0.022406744375202046,0.0873344837913511
latency40,DetectorShuffled-GatedHistory,3205,0.011933659957034042,0.015487356206892294,0.016051565240176258,0.46415631399175766,0.0,0.06932601442739089,0.004698337425214484,0.022992680903719188,0.029144973171587044,0.14390470211050743
latency40,DetectorShuffled-GatedHistory,3206,0.012122298600387606,0.01577644576603696,0.016375205896036,0.46629830648784243,0.0,0.0723362695076645,0.003362753862523067,0.013633461410300935,0.020825267865007088,0.08414996089093382
latency40,DetectorShuffled-GatedHistory,3207,0.011551471789629208,0.015136234143430127,0.01572985423125464,0.4657802456698608,0.0,0.07215421543287158,0.003410637840681349,0.016076549162448116,0.02115228428922572,0.09978428144543232
latency40,DetectorShuffled-GatedHistory,3208,0.011454442394301515,0.01543354139446502,0.016197255371037503,0.4687381212329834,0.0,0.07274257420889592,0.0031625397609218913,0.012238650927687049,0.01958327258502825,0.07538419808913292
latency40,DetectorShuffled-GatedHistory,3209,0.011610819591314922,0.015539969609051761,0.015912821272300287,0.46722912594563704,0.0,0.07183886028505798,0.0047060576850622236,0.02235497978662464,0.02912141253472459,0.1384667968244067
latency40,DetectorShuffled-GatedHistory,3210,0.011358147495706196,0.014788544013551189,0.01500169081034617,0.46431287082626965,0.0,0.07169254213685497,0.003953758666599906,0.0192699002534594,0.024529458028360086,0.11870973003232436
latency40,DetectorShuffled-GatedHistory,3211,0.011791129003137892,0.015287062930222441,0.01643087390234143,0.46594571196665,0.0,0.07062602963900637,0.0026860107161543194,0.011644926558246031,0.016626574355697903,0.07216828212663612
latency40,DetectorShuffled-GatedHistory,3212,0.01140944027162492,0.014863973840694189,0.01540664671878918,0.4667793125040593,0.0,0.07372208118803726,0.003995145474791419,0.019851695845037775,0.024780540284223152,0.12348868569287309
latency40,DetectorShuffled-GatedHistory,3213,0.012183170665143789,0.015666568926150204,0.015903270179093425,0.4661989496699078,0.0,0.07121449535439044,0.004239303142474486,0.02063198018849178,0.02625442782291134,0.1264279880771612
latency40,DetectorShuffled-GatedHistory,3214,0.01166690540136947,0.014670359272985592,0.01495640690078487,0.4685811462931404,0.0,0.07120179610860063,0.0035478999970900258,0.013065035081899223,0.022009013789089104,0.08036203567128179
latency40,DetectorShuffled-GatedHistory,3215,0.01205353478098131,0.015151060845966367,0.015618112997530466,0.4672628509782671,0.0,0.0713224801506332,0.004850892887235401,0.02300637699653129,0.03005564268100638,0.14213938065608236
latency40,DetectorShuffled-GatedHistory,3216,0.011853482890944064,0.015686670342878736,0.016173909102605473,0.46658376848126754,0.0,0.07105084414285208,0.003888241412565449,0.015965456276889046,0.024085937047788355,0.09868323469041165
latency40,DetectorShuffled-GatedHistory,3217,0.011717537442902822,0.01474452990617447,0.015742697020240202,0.46645194353078734,0.0,0.07148875922690016,0.003389647824549592,0.013721165324057632,0.02101251249990991,0.08439040908761429
latency40,DetectorShuffled-GatedHistory,3218,0.011935186324891647,0.016140946474692417,0.016910941667785263,0.4656534795776219,0.0,0.07081572612873299,0.0038090245962942803,0.01688267096135934,0.02359275335844058,0.10317938589617269
latency40,DetectorShuffled-GatedHistory,3219,0.0119315391314107,0.01537271882152511,0.01641665216393922,0.4672469712777932,0.0,0.07246698266889769,0.004355283323242414,0.021277113571668168,0.026926736908542796,0.13104903101112683
latency40,DetectorShuffled-GatedHistory,3220,0.011412429454878142,0.015058520347907828,0.015393653817027883,0.4661708749218756,0.0,0.0710889995340376,0.0037997053001622345,0.01312681580811846,0.02353626932187855,0.08184445760410765
latency40,DetectorShuffled-GatedHistory,3221,0.011600718577755019,0.015051659744814623,0.015856248644471643,0.4663542586260954,0.0,0.0716298602207643,0.0028311342173687384,0.012309369275665775,0.017536600362689565,0.07671702245049172
latency40,DetectorShuffled-GatedHistory,3222,0.011920193686264778,0.015469953527327506,0.016262592503194027,0.46878672709364083,0.0,0.07179705604455187,0.004172328992100073,0.018026774393083318,0.02585592377797758,0.11160812354275443
latency40,DetectorShuffled-GatedHistory,3223,0.012038701429106484,0.014782187937709756,0.015105313208937222,0.46413847099107636,0.0,0.07101748087864167,0.003903411514859424,0.01943750795038926,0.02418089552214225,0.12094445992232233
latency40,DetectorShuffled-GatedHistory,3224,0.011770446503014018,0.015244603885793956,0.01568873345863175,0.4677508522088737,0.0,0.06962677806904835,0.003101251911933664,0.01130523369087489,0.019198210290798448,0.07002847060599228
latency40,DetectorShuffled-GatedHistory,3225,0.011925002087541634,0.01570861496786893,0.01600438989245164,0.4665533581027227,0.0,0.07242574907128752,0.003093509895789148,0.01431659137512131,0.019188498566281943,0.0890689570430115
latency40,DetectorShuffled-GatedHistory,3226,0.011733483507887367,0.014923661120119088,0.01580406436400053,0.46653807790581386,0.0,0.07324139813893021,0.002729793148267018,0.007860096141254819,0.016887874395688993,0.04871116029465152
latency40,DetectorShuffled-GatedHistory,3227,0.012198584992080746,0.015589630343486772,0.01639757754917527,0.4662207230501114,0.0,0.07239078775420586,0.0027973625701179514,0.01263666640647798,0.017343697869238797,0.07925109358698666
latency40,DetectorShuffled-GatedHistory,3228,0.011780931222089439,0.015003270967786123,0.01572563360299372,0.4668039522702826,0.0,0.07268060482980218,0.0029276817592602186,0.012922056420997778,0.018152140795466593,0.08008594053866937
latency40,DetectorShuffled-GatedHistory,3229,0.011799243477785363,0.015182263773205737,0.01568106794834954,0.466333639142086,0.0,0.07195701473161961,0.0037137504706619253,0.017171154280110755,0.023034827472933662,0.1067035991329815
latency40,DetectorShuffled-GatedHistory,3230,0.011949077952614967,0.01513324294804577,0.015497081524720742,0.46714890758348643,0.0,0.07239223604882647,0.004004835441788349,0.017189730512806617,0.024808938269956202,0.10694147895472712
latency40,DetectorShuffled-GatedHistory,3231,0.012101177886607853,0.015876405327802472,0.0171362923473851,0.46507905734027044,0.0,0.07367099070867975,0.0030039199813965372,0.012637053065717984,0.018600163934733686,0.07835743080760799
latency40,DetectorShuffled-GatedHistory,3232,0.012157857684955892,0.015375338280405581,0.015536625901940186,0.46627857075643114,0.0,0.0707820328675168,0.0031508644157776655,0.011814794978977526,0.019491971040822044,0.0728116742295507
latency40,DetectorShuffled-GatedHistory,3233,0.011863929424136515,0.014956455264427005,0.01524660730447907,0.46568518024862987,0.0,0.07138197288556017,0.004712599441793142,0.017829450249510912,0.029200561055443986,0.11057698596003393
latency40,DetectorShuffled-GatedHistory,3234,0.011095425108115,0.015140857415415048,0.01564796127613501,0.4674578917758573,0.0,0.07203048622402894,0.0026556177171128967,0.011488087236076075,0.016440079549617372,0.07156903532932556
latency40,DetectorShuffled-GatedHistory,3235,0.011760717757232529,0.015612225542634663,0.016715898019599856,0.465794444729919,0.0,0.07019366115977112,0.003975307989181577,0.020373625024407312,0.024620830229690492,0.12609780584502114
latency40,DetectorShuffled-GatedHistory,3236,0.011910205277587666,0.015109420806039943,0.015402322206774717,0.46793745237375917,0.0,0.07292026024514416,0.004560340228801977,0.02223626266414834,0.028268801188024363,0.13772933777416904
latency40,DetectorShuffled-GatedHistory,3237,0.012041737084302104,0.015191406193415323,0.01559336797917176,0.46484748860141306,0.0,0.07160343319135332,0.0035065275271211954,0.01364208890742229,0.02169355504628334,0.08397483674034695
latency40,DetectorShuffled-GatedHistory,3238,0.0119580296695969,0.01512441580576895,0.018417927135280388,0.46425889343764887,0.0,0.07065690016422045,0.004014908530174439,0.01884279055116287,0.024906846918535428,0.1166298765689081
latency40,DetectorShuffled-GatedHistory,3239,0.011637191290520418,0.015074982325193139,0.015424671629680376,0.4675072433529422,0.0,0.07020388368184756,0.0036995177105118076,0.016675159487469348,0.02295366283914099,0.103046590358573
latency40,DetectorShuffled-GatedHistory,3240,0.01206815152524237,0.015944797011785777,0.016712294404848484,0.4670835521290892,0.0,0.07183654738984312,0.0032737112525399294,0.012569873378942564,0.02027496598461113,0.07739566308890553
latency40,DetectorShuffled-GatedHistory,3241,0.012022172464222734,0.014782144660041944,0.015011550505953363,0.46661838903277364,0.0,0.07147002760650496,0.004057780784504155,0.015479550473849524,0.025141303877934087,0.09556183147073923
latency40,DetectorShuffled-GatedHistory,3242,0.01183107317671028,0.014950202886519883,0.015228676843940159,0.466675834637389,0.0,0.07215603769702726,0.0038655809794747994,0.020303837175682255,0.02392955107125168,0.12572093924472158
latency40,DetectorShuffled-GatedHistory,3243,0.011151367192010693,0.014474037971981072,0.014706103280900712,0.4665665759175984,0.0,0.07225312821785439,0.0035455529276890926,0.015568162196259828,0.02197581939761806,0.09674417940865278
latency40,DetectorShuffled-GatedHistory,3244,0.012042976590443425,0.015920796711688195,0.016474616697837435,0.464783977655969,0.0,0.07131012841230762,0.0036267941571762807,0.015915913125291163,0.02247436284895558,0.09846365351976773
latency40,DetectorShuffled-GatedHistory,3245,0.011630068491020095,0.014985780534395093,0.015163748328322804,0.4677737856343542,0.0,0.07131345683826043,0.004062146590012078,0.01864814379054494,0.025226949634202817,0.11489453948755028
latency40,DetectorShuffled-GatedHistory,3246,0.01189767065592098,0.015376892380185364,0.01639579856659863,0.4646878508259729,0.0,0.0721209018362506,0.0032780825473011106,0.01805951027336234,0.020314244875748847,0.11080426395327164
latency40,DetectorShuffled-GatedHistory,3247,0.011665975346985557,0.015523426900947195,0.016488351653733406,0.467205055667241,0.0,0.07244481776293114,0.0033437438698920995,0.012886658631071662,0.02070091146678314,0.0804462411992885
latency40,DetectorShuffled-GatedHistory,3248,0.01173641082288643,0.01562166124191581,0.015973251556906622,0.4662353266129999,0.0,0.07297033294792836,0.003837223801093339,0.019375166162230107,0.023786762591085475,0.12019122569664419
latency40,DetectorShuffled-GatedHistory,3249,0.012113567126492593,0.01589706780526704,0.016789736886442364,0.4673311970182466,0.0,0.07198904149691045,0.002617751548736651,0.008801718904824557,0.01619755484363413,0.05424909264359193
latency40,DetectorShuffled-GatedHistory,3250,0.01220592235618269,0.015187328051233285,0.019365080174198697,0.46746408306752935,0.0,0.07183950040842448,0.0034465698449426185,0.014269240194488556,0.02133029782483183,0.08799973247906837
latency40,DetectorShuffled-GatedHistory,3251,0.011033393157852766,0.014204612563450474,0.014534495158903349,0.46684298825222054,0.0,0.07119850162810887,0.0037522107706491684,0.017663531564309547,0.023227424009065314,0.10950873388259007
latency40,DetectorShuffled-GatedHistory,3252,0.01208709476909996,0.0150462241691055,0.015363406981824175,0.4638191125106372,0.0,0.0720179480122335,0.0036050825427600165,0.01423118470457597,0.02234699358730475,0.08812804513899183
latency40,DetectorShuffled-GatedHistory,3253,0.011092834892074018,0.01472631488838259,0.015126208230264535,0.468403277866066,0.0,0.07151860288153856,0.003294225107656648,0.014923359236020128,0.02043999417063824,0.09246651646504825
latency40,DetectorShuffled-GatedHistory,3254,0.011365277495062243,0.015052774386051009,0.01524327828341189,0.46807656157447847,0.0,0.07166760082640256,0.0036952674244287247,0.015480481715082347,0.022905143906815136,0.09557719237921182
latency40,DetectorShuffled-GatedHistory,3255,0.01214739810792249,0.01581347599232284,0.016798269923784387,0.4657766265179972,0.0,0.07059508469603452,0.004189205159422296,0.020692809418686148,0.02601823831825424,0.12745440349621373
latency40,DetectorShuffled-GatedHistory,3256,0.012155794765304099,0.015999114483115837,0.016886294567752477,0.46641170948288685,0.0,0.07140783363958687,0.003795621534099914,0.0202560105738765,0.02353940131289286,0.12580047414166007
latency40,DetectorShuffled-GatedHistory,3257,0.01204703742053773,0.01500391432586482,0.01524782543262969,0.4646633388311131,0.0,0.07264061490922666,0.0034457121390927617,0.019367180735277267,0.021369892891133502,0.11850652756982
latency40,DetectorShuffled-GatedHistory,3258,0.012216710194651363,0.014787199440257089,0.015581463383348756,0.4658653963945879,0.0,0.07149270399800449,0.0035752298443519053,0.01848457795465574,0.02214448353634563,0.11313807361974211
latency40,DetectorShuffled-GatedHistory,3259,0.012102692656616428,0.015268667513557162,0.01551993698819167,0.4653937819744317,0.0,0.07166708936023904,0.00389117814162882,0.014050719040305526,0.02414812369215883,0.08720698657184488
latency40,DetectorShuffled-GatedHistory,3260,0.011869877048368047,0.0153868877285373,0.015823699830921967,0.4660753992822535,0.0,0.07123408800024879,0.002891634651267164,0.014967754669091757,0.017918085021896173,0.09247695801085216
latency40,DetectorShuffled-GatedHistory,3261,0.011780530012965093,0.015296711556428573,0.015702758292270993,0.4652237764379738,0.0,0.07224444783379266,0.004154591191703698,0.017409450392966454,0.02577193944599113,0.10788173958926126
latency40,DetectorShuffled-GatedHistory,3262,0.011360845430157352,0.014609794353132633,0.01523559965036784,0.46624463201051947,0.0,0.07019561667892506,0.005023486030958452,0.027130676716595043,0.03110647781134883,0.16800863144399336
latency40,DetectorShuffled-GatedHistory,3263,0.012286102160717778,0.015967251056892562,0.01652178954876663,0.4656972932948345,0.0,0.07321443046165083,0.00432702780491432,0.019092039347574963,0.02679949291154782,0.11901540068586021
latency40,DetectorShuffled-GatedHistory,3264,0.011813680506912618,0.01590691999474351,0.016820903738617908,0.46513223040323565,0.0,0.07194805811624039,0.004022593813864811,0.019857697191289027,0.024905789973406877,0.12357757160525079
latency40,DetectorShuffled-GatedHistory,3265,0.011963435542831776,0.01518998010909746,0.015350283364839332,0.46605825211387925,0.0,0.0699687024277089,0.005617434755868075,0.032095398693216246,0.03480217550991247,0.2000978700536924
latency40,DetectorShuffled-GatedHistory,3266,0.0119509883909554,0.015389023028787143,0.015584731788547338,0.46588132593796094,0.0,0.07059935038670134,0.0029796053049934838,0.009998608848220144,0.01844609130443706,0.06218057089743667
latency40,DetectorShuffled-GatedHistory,3267,0.011841895619537092,0.014980263527906533,0.015459157948290003,0.467522394166542,0.0,0.07082967653265586,0.005248851327580504,0.0284988030809029,0.03248726972750481,0.17502490830304113
latency40,DetectorShuffled-GatedHistory,3268,0.012264508249533575,0.015597760984767376,0.016645277763682548,0.46787461440050465,0.0,0.07025711403499954,0.005028401180590879,0.023107244780977802,0.031121573468084036,0.14407421792555908
latency40,DetectorShuffled-GatedHistory,3269,0.012394461087354173,0.015491854972469365,0.016030020503916914,0.4658264007187905,0.0,0.07251615922366479,0.003766594532357154,0.020314893516444672,0.023363222272357147,0.12520178987346212
latency40,DetectorShuffled-GatedHistory,3270,0.0121681038891828,0.015597944911791797,0.016177669294510522,0.46526539822152835,0.0,0.07008066236684925,0.00376300310937108,0.01795676191360755,0.023311902840893982,0.11050904101863337
latency40,DetectorShuffled-GatedHistory,3271,0.011476565414493373,0.015078083899400997,0.01571817568781718,0.46514177315402905,0.0,0.07118464301391096,0.004049712534753099,0.01794042556522191,0.02511778020777406,0.11085777452507813
latency40,DetectorShuffled-GatedHistory,3272,0.011912033949587002,0.01529959679120563,0.016124585510735524,0.4655834201189681,0.0,0.07401380741422256,0.004327634647263314,0.01849951831596218,0.026798554349667745,0.11430414387522461
latency40,DetectorShuffled-GatedHistory,3273,0.011637540491550696,0.015292476403747026,0.01565842512089673,0.4658900779488329,0.0,0.07096097713124136,0.003684312106463464,0.01519702327586437,0.02280831621762216,0.09343750894367471
latency40,DetectorShuffled-GatedHistory,3274,0.011823852917501071,0.015656355761376917,0.01667585465299806,0.463784697197557,0.0,0.07307576449290397,0.0026379210423028328,0.009803152654284367,0.016341872566211817,0.06081457914728444
latency40,DetectorShuffled-GatedHistory,3275,0.01167613793463657,0.015187601872432007,0.015876450047645572,0.46838100575441466,0.0,0.07157553811228502,0.0030874243898794786,0.011652259003316266,0.01910734447623629,0.07212953641528548
latency40,DetectorShuffled-GatedHistory,3276,0.012398969282429588,0.01595103396698379,0.016989824411856695,0.46712614229050614,0.0,0.07024503630045874,0.003546036828945084,0.015878483668525848,0.02197234093276074,0.09735425273322361
latency40,DetectorShuffled-GatedHistory,3277,0.01188577377121922,0.015431996996637441,0.015643266598905504,0.4668932682008612,0.0,0.07002728309966183,0.004369195281048234,0.022072237466585206,0.027053276970027604,0.13594053261278707
latency40,DetectorShuffled-GatedHistory,3278,0.011180180027113231,0.014652910349241264,0.014999016428960505,0.465751684857213,0.0,0.07193413305991292,0.003051893644304624,0.012156753313460607,0.01890429717831968,0.07621450304232724
latency40,DetectorShuffled-GatedHistory,3279,0.011579095560266282,0.014950013471100136,0.015233831952827494,0.4651113854543903,0.0,0.07396082822849027,0.0036626707783558904,0.013387862377275603,0.022670437880019993,0.08232436121691794
latency40,DetectorShuffled-GatedHistory,3280,0.011902867158357715,0.014901820924645594,0.015526088383765044,0.46685560901749995,0.0,0.07029285535102951,0.005033585020658743,0.022958465722655516,0.03121203165526248,0.14090637512345833
latency40,DetectorShuffled-GatedHistory,3281,0.012699009142785383,0.01649576128949916,0.016906717713733085,0.4657246582146879,0.0,0.06982608534723235,0.005520200140312887,0.024077908956626832,0.03418390438144261,0.1478793422479633
latency40,DetectorShuffled-GatedHistory,3282,0.01161488940440061,0.015045409220581004,0.015571860009471953,0.46614065324956144,0.0,0.0711631761211255,0.004140734623822307,0.020564236357951564,0.025699681968858308,0.1279034260157223
latency40,DetectorShuffled-GatedHistory,3283,0.011733573705259832,0.015475596267575421,0.01604004535319824,0.4647615454026511,0.0,0.07148960534436105,0.003075088316033256,0.012682670590450007,0.01907053812596199,0.0782544753703236
latency40,DetectorShuffled-GatedHistory,3284,0.011915051218212333,0.01551664305300063,0.016200483155791534,0.46561874466187847,0.0,0.06955282536502963,0.004553099120435345,0.021715744365271617,0.028142483068134657,0.13631953425376958
latency40,DetectorShuffled-GatedHistory,3285,0.01219226117644825,0.016539719125841866,0.01716483641960806,0.4672894627765411,0.0,0.07252222379618678,0.004065120124212833,0.02396164256514128,0.025171466897150604,0.14985029184355994
latency40,DetectorShuffled-GatedHistory,3286,0.011913996852849084,0.015120377020698232,0.016079865150670166,0.4640088154505184,0.0,0.0688583907132604,0.004495483923342761,0.02063823204333835,0.02783218346264525,0.12825763599165743
latency40,DetectorShuffled-GatedHistory,3287,0.012024514045249247,0.016943263159881577,0.017683723244698947,0.46583289722624777,0.0,0.07133939969813027,0.0036120479224292417,0.016108648253321308,0.022408036787980687,0.09911255630383731
latency40,DetectorShuffled-GatedHistory,3288,0.011567363245359511,0.015778960295495408,0.016352097968973623,0.46904657945750083,0.0,0.0739426317158347,0.0034635918116486227,0.014637577456869425,0.021444868447299748,0.09080927854859713
latency40,DetectorShuffled-GatedHistory,3289,0.011621449634403157,0.014967015825056018,0.015397231856744232,0.4693517380983939,0.0,0.07252864914108403,0.003355471940984992,0.016058775102074558,0.020817034873619668,0.09820778111052873
latency40,DetectorShuffled-GatedHistory,3290,0.011531228087031348,0.014905846127478457,0.015433372605291283,0.46664153015852566,0.0,0.07082338391089814,0.00321985920870748,0.013790228812173056,0.019975303810890944,0.08478309189726377
latency40,DetectorShuffled-GatedHistory,3291,0.011779314575120598,0.015471098908988259,0.018598284209950258,0.4623999427117072,0.0,0.07152810526230591,0.003842360484829079,0.014678394715910969,0.023854742191397934,0.09090798314127634
latency40,DetectorShuffled-GatedHistory,3292,0.011620011910954292,0.015116535326061005,0.015317344514403777,0.4673003967753682,0.0,0.07044376974759617,0.0033029822373366754,0.014422482399960452,0.020452187144373458,0.08902771618207549
latency40,DetectorShuffled-GatedHistory,3293,0.012257553082896232,0.016743081092855435,0.017678593435582216,0.46632667779291487,0.0,0.07075385406455872,0.0037456509009329633,0.016194380823414088,0.023200155902636205,0.09918929995981268
latency40,DetectorShuffled-GatedHistory,3294,0.011663453923130448,0.015218774882648356,0.015374811460740137,0.46757106359097766,0.0,0.07047567719051129,0.004415456477230646,0.02028509665123689,0.02740124161093393,0.1248566239661148
latency40,DetectorShuffled-GatedHistory,3295,0.012513978681180293,0.01569662453575369,0.01642671663260244,0.46701464033345225,0.0,0.07205150578558707,0.0029444612806995667,0.011235734041211533,0.018244297484442087,0.07012819256961174
latency40,DetectorShuffled-GatedHistory,3296,0.011543085294332548,0.014323697129276622,0.014716120479437203,0.46999752238023895,0.0,0.07133511165951373,0.0034922147774010715,0.014266770023251859,0.021627097052815025,0.08894418940877662
latency40,DetectorShuffled-GatedHistory,3297,0.012383946115082858,0.015131739562778291,0.01579423360630454,0.46674308946481496,0.0,0.07117002552247907,0.003912591120368125,0.01726536955740704,0.024245110754277484,0.10723035841911728
latency40,DetectorShuffled-GatedHistory,3298,0.011791818810735412,0.01517516769066206,0.015589998724984391,0.4657072965283328,0.0,0.07257059976338047,0.005179392839647766,0.028044148533527834,0.03207129712613092,0.17394137938826876
latency40,DetectorShuffled-GatedHistory,3299,0.011937933823774918,0.01636920089753879,0.016941754396379582,0.4697802066217937,0.0,0.07294097287216998,0.004002011111899372,0.019660561258427096,0.02484138626238971,0.12242490046180027
payload50,LQR-outer,3200,0.04461687103335314,0.057189791482555735,0.0598087156498058,0.9763018445024,0.0,0.0,0.0,0.0,0.0,0.0
payload50,LQR-outer,3201,0.05529513004471202,0.07267198025775168,0.07510415906313476,1.1201303167294048,0.0,0.0,0.0,0.0,0.0,0.0
payload50,LQR-outer,3202,0.05145836794155975,0.06619719136761183,0.06931045441097078,1.0606647088131163,0.0,0.0,0.0,0.0,0.0,0.0
payload50,LQR-outer,3203,0.053544285631312374,0.06871834038449197,0.0723887098615365,1.0860269623410093,0.0,0.0,0.0,0.0,0.0,0.0
payload50,LQR-outer,3204,0.050505041223705034,0.0657226387437748,0.06722016597894329,1.0509076340145227,0.0,0.0,0.0,0.0,0.0,0.0
payload50,LQR-outer,3205,0.04922923160330271,0.06223859307682988,0.06578332101539375,1.0246046078080788,0.0,0.0,0.0,0.0,0.0,0.0
payload50,LQR-outer,3206,0.04893356735618109,0.06277004232013458,0.06501659443977292,1.0302939896849606,0.0,0.0,0.0,0.0,0.0,0.0
payload50,LQR-outer,3207,0.05094972209677158,0.0666448805648702,0.06790070973029357,1.0622707287447135,0.0,0.0,0.0,0.0,0.0,0.0
payload50,LQR-outer,3208,0.04423004366851372,0.057857328466660196,0.05945482588446325,0.9688891994184754,0.0,0.0,0.0,0.0,0.0,0.0
payload50,LQR-outer,3209,0.047606335863297544,0.0607354260405255,0.06333591820011612,1.007494354697618,0.0,0.0,0.0,0.0,0.0,0.0
payload50,LQR-outer,3210,0.041136556376262755,0.05314290151479366,0.05448331529676494,0.9351738473587645,0.0,0.0,0.0,0.0,0.0,0.0
payload50,LQR-outer,3211,0.053982618788912966,0.06976317134542956,0.07231872990058985,1.0929303718369892,0.0,0.0,0.0,0.0,0.0,0.0
payload50,LQR-outer,3212,0.050730432507566946,0.06650583518163264,0.06867774600678503,1.0579849247960702,0.0,0.0,0.0,0.0,0.0,0.0
payload50,LQR-outer,3213,0.05792544983929794,0.0734987699174607,0.07772359573241637,1.1432187465464179,0.0,0.0,0.0,0.0,0.0,0.0
payload50,LQR-outer,3214,0.05791907104758616,0.07635190917985496,0.07880945397379396,1.1546947206438682,0.0,0.0,0.0,0.0,0.0,0.0
payload50,LQR-outer,3215,0.05257613213987703,0.06674676432348157,0.07087986811768618,1.0738611714185002,0.0,0.0,0.0,0.0,0.0,0.0
payload50,LQR-outer,3216,0.057245907614727386,0.07459811283561683,0.07677741924644506,1.1438009294872047,0.0,0.0,0.0,0.0,0.0,0.0
payload50,LQR-outer,3217,0.04943244104613051,0.06501111162517244,0.06663872868340447,1.0382197547513308,0.0,0.0,0.0,0.0,0.0,0.0
payload50,LQR-outer,3218,0.042101254193014546,0.05603011478422446,0.05662742992718353,0.9509752608731621,0.0,0.0,0.0,0.0,0.0,0.0
payload50,LQR-outer,3219,0.04056640060650611,0.05194423021977915,0.05416209176665288,0.922335816024819,0.0,0.0,0.0,0.0,0.0,0.0
payload50,LQR-outer,3220,0.04431832285395709,0.057341023235801335,0.060099762483322466,0.96844043556498,0.0,0.0,0.0,0.0,0.0,0.0
payload50,LQR-outer,3221,0.05669827256531506,0.07398857181820184,0.07613652552938455,1.1316016052713544,0.0,0.0,0.0,0.0,0.0,0.0
payload50,LQR-outer,3222,0.04297421968960048,0.05588270728295073,0.05836371803658493,0.9602674444426615,0.0,0.0,0.0,0.0,0.0,0.0
payload50,LQR-outer,3223,0.04242907852154122,0.05478519610829054,0.05732771872732759,0.951629434720367,0.0,0.0,0.0,0.0,0.0,0.0
payload50,LQR-outer,3224,0.04661962739836936,0.06119101874636287,0.0632400854039529,1.0037149514864754,0.0,0.0,0.0,0.0,0.0,0.0
payload50,LQR-outer,3225,0.05312031370519652,0.06960530283196234,0.07114089549525222,1.0875995026349574,0.0,0.0,0.0,0.0,0.0,0.0
payload50,LQR-outer,3226,0.04523559196712777,0.05852999171397707,0.060425050773097885,0.9847199450383152,0.0,0.0,0.0,0.0,0.0,0.0
payload50,LQR-outer,3227,0.0455839353389838,0.058756773783474964,0.06080018666759222,0.9864490420639404,0.0,0.0,0.0,0.0,0.0,0.0
payload50,LQR-outer,3228,0.041901127613639816,0.05340887165393055,0.05594692974523196,0.9396469472419302,0.0,0.0,0.0,0.0,0.0,0.0
payload50,LQR-outer,3229,0.039849774915733646,0.05195774954784485,0.05391257113982719,0.9149512715651547,0.0,0.0,0.0,0.0,0.0,0.0
payload50,LQR-outer,3230,0.0536666025815084,0.06803095696645187,0.07147847471640872,1.082384879875831,0.0,0.0,0.0,0.0,0.0,0.0
payload50,LQR-outer,3231,0.045473434728734954,0.05923340684448585,0.060944455533020116,0.9894283334271774,0.0,0.0,0.0,0.0,0.0,0.0
payload50,LQR-outer,3232,0.043427934218874004,0.05616967103580001,0.05799952761631314,0.9600299737554063,0.0,0.0,0.0,0.0,0.0,0.0
payload50,LQR-outer,3233,0.04232058362237691,0.05587940518851922,0.057496483503297065,0.951600710442639,0.0,0.0,0.0,0.0,0.0,0.0
payload50,LQR-outer,3234,0.04740302864737799,0.060767623088738294,0.0627504837228022,1.0057561315121761,0.0,0.0,0.0,0.0,0.0,0.0
payload50,LQR-outer,3235,0.05172751103225324,0.06652977155123456,0.06915856622568713,1.0674188002631122,0.0,0.0,0.0,0.0,0.0,0.0
payload50,LQR-outer,3236,0.053073450556884436,0.06780989483490701,0.07052924318714832,1.0781244408605468,0.0,0.0,0.0,0.0,0.0,0.0
payload50,LQR-outer,3237,0.05104963102355902,0.06532921600000263,0.06813855896128528,1.0544299581627896,0.0,0.0,0.0,0.0,0.0,0.0
payload50,LQR-outer,3238,0.0569958551600106,0.074912855399482,0.07775549165541905,1.1410000621617216,0.0,0.0,0.0,0.0,0.0,0.0
payload50,LQR-outer,3239,0.05818850266184674,0.07456431129011422,0.07792618847290289,1.1506999260019255,0.0,0.0,0.0,0.0,0.0,0.0
payload50,LQR-outer,3240,0.04042179671092443,0.05172644923606135,0.05356390910694928,0.922037866568028,0.0,0.0,0.0,0.0,0.0,0.0
payload50,LQR-outer,3241,0.040300475299782236,0.05117695752710522,0.053226791414512954,0.9213180405338383,0.0,0.0,0.0,0.0,0.0,0.0
payload50,LQR-outer,3242,0.03984158957676159,0.05143757909744023,0.0524917662518004,0.9165733665280532,0.0,0.0,0.0,0.0,0.0,0.0
payload50,LQR-outer,3243,0.04654778673429123,0.06098017461216615,0.061651633233647994,1.0045080972078662,0.0,0.0,0.0,0.0,0.0,0.0
payload50,LQR-outer,3244,0.045583896983013746,0.057984838296989985,0.06100089858763847,0.9849974273494061,0.0,0.0,0.0,0.0,0.0,0.0
payload50,LQR-outer,3245,0.04893278001197647,0.06298660361825913,0.06599032043301455,1.0264492118203883,0.0,0.0,0.0,0.0,0.0,0.0
payload50,LQR-outer,3246,0.0527066160325692,0.06714469557163613,0.07093548987969056,1.075666892420692,0.0,0.0,0.0,0.0,0.0,0.0
payload50,LQR-outer,3247,0.04230208543326305,0.054527045520619453,0.05695084917348166,0.9458430829665289,0.0,0.0,0.0,0.0,0.0,0.0
payload50,LQR-outer,3248,0.04639995696472822,0.06001878808779229,0.06306579904442158,0.9966153621071618,0.0,0.0,0.0,0.0,0.0,0.0
payload50,LQR-outer,3249,0.05232436132024812,0.06755721475605518,0.07061728584567456,1.0726609088615702,0.0,0.0,0.0,0.0,0.0,0.0
payload50,LQR-outer,3250,0.04164034017153201,0.05368277335685978,0.05604042798948308,0.933495948199936,0.0,0.0,0.0,0.0,0.0,0.0
payload50,LQR-outer,3251,0.04295670730544794,0.055340497900527065,0.05794220150176003,0.9498776859232685,0.0,0.0,0.0,0.0,0.0,0.0
payload50,LQR-outer,3252,0.04636374207008215,0.05956550797794448,0.06188942343857648,0.9903924695109333,0.0,0.0,0.0,0.0,0.0,0.0
payload50,LQR-outer,3253,0.053267594055093584,0.06832850177283382,0.07111159136741263,1.0863570190528673,0.0,0.0,0.0,0.0,0.0,0.0
payload50,LQR-outer,3254,0.05178311634870711,0.06705271224785102,0.0705448194664061,1.0675505863640091,0.0,0.0,0.0,0.0,0.0,0.0
payload50,LQR-outer,3255,0.04503525418197106,0.057962883315225325,0.06086793962382062,0.9771391967642165,0.0,0.0,0.0,0.0,0.0,0.0
payload50,LQR-outer,3256,0.03974901934540438,0.05078500889380664,0.052972045730363355,0.9154840937609932,0.0,0.0,0.0,0.0,0.0,0.0
payload50,LQR-outer,3257,0.0465388572653353,0.059282344536254285,0.062307269927687,0.9976822994272293,0.0,0.0,0.0,0.0,0.0,0.0
payload50,LQR-outer,3258,0.048360205057652754,0.06315546631717373,0.065002731422253,1.0224984250676425,0.0,0.0,0.0,0.0,0.0,0.0
payload50,LQR-outer,3259,0.044768335279360236,0.05666960462615319,0.059545440133791754,0.9720582145421599,0.0,0.0,0.0,0.0,0.0,0.0
payload50,LQR-outer,3260,0.052210471422001525,0.06813876942459328,0.07086327538936074,1.0777324913486686,0.0,0.0,0.0,0.0,0.0,0.0
payload50,LQR-outer,3261,0.04243605417476538,0.055794528944040404,0.0565440913251189,0.955822975311087,0.0,0.0,0.0,0.0,0.0,0.0
payload50,LQR-outer,3262,0.054593652211767804,0.07136497060962317,0.07442257384581158,1.1104902190772152,0.0,0.0,0.0,0.0,0.0,0.0
payload50,LQR-outer,3263,0.04795396115618619,0.06101277916090222,0.06400917354443228,1.0111433609032519,0.0,0.0,0.0,0.0,0.0,0.0
payload50,LQR-outer,3264,0.0413614175125999,0.05489456113555774,0.0562261767799373,0.9427212920604575,0.0,0.0,0.0,0.0,0.0,0.0
payload50,LQR-outer,3265,0.044831696874826535,0.05841965034981571,0.06092252243810247,0.9821118657621599,0.0,0.0,0.0,0.0,0.0,0.0
payload50,LQR-outer,3266,0.049829693848740926,0.06382606586566295,0.06645118515774003,1.0415120571741143,0.0,0.0,0.0,0.0,0.0,0.0
payload50,LQR-outer,3267,0.04020218961965245,0.051411460160543404,0.05365764348311747,0.9175314130187217,0.0,0.0,0.0,0.0,0.0,0.0
payload50,LQR-outer,3268,0.043465204322549036,0.05681188917058819,0.05926615714864258,0.963192066581955,0.0,0.0,0.0,0.0,0.0,0.0
payload50,LQR-outer,3269,0.058485755342642436,0.07500656852014267,0.07948800301211727,1.153522876405613,0.0,0.0,0.0,0.0,0.0,0.0
payload50,LQR-outer,3270,0.04397304294878927,0.056781948161566655,0.058426408951203664,0.9701091756301772,0.0,0.0,0.0,0.0,0.0,0.0
payload50,LQR-outer,3271,0.045903752706985615,0.058769469648676166,0.06121121408515842,0.9938929957007884,0.0,0.0,0.0,0.0,0.0,0.0
payload50,LQR-outer,3272,0.04314705438868729,0.05526844330915875,0.05729557343276961,0.956521558544706,0.0,0.0,0.0,0.0,0.0,0.0
payload50,LQR-outer,3273,0.0505705315329761,0.06497817800901093,0.06859152237412539,1.0489516282784503,0.0,0.0,0.0,0.0,0.0,0.0
payload50,LQR-outer,3274,0.04033203352765627,0.05234364937824368,0.0542622406105726,0.9201483813093897,0.0,0.0,0.0,0.0,0.0,0.0
payload50,LQR-outer,3275,0.04684869141203165,0.061271906355984465,0.06295601856413544,1.0094320074433694,0.0,0.0,0.0,0.0,0.0,0.0
payload50,LQR-outer,3276,0.04729458447985456,0.06187005741999137,0.06384711194367293,1.0087630081678611,0.0,0.0,0.0,0.0,0.0,0.0
payload50,LQR-outer,3277,0.05588773336224711,0.07098438503543453,0.0749775917594767,1.1223458503354633,0.0,0.0,0.0,0.0,0.0,0.0
payload50,LQR-outer,3278,0.057824298683004365,0.07447665916271898,0.07837233290639467,1.1469382106208543,0.0,0.0,0.0,0.0,0.0,0.0
payload50,LQR-outer,3279,0.04666570720149821,0.05922197374704838,0.061919811936445975,0.9949586046752191,0.0,0.0,0.0,0.0,0.0,0.0
payload50,LQR-outer,3280,0.04315355091367552,0.05548980142923368,0.05742550647495819,0.958627583898901,0.0,0.0,0.0,0.0,0.0,0.0
payload50,LQR-outer,3281,0.05167747827817106,0.06643560296456424,0.06851369590957526,1.0623328532797136,0.0,0.0,0.0,0.0,0.0,0.0
payload50,LQR-outer,3282,0.041869684328473586,0.054892393316472256,0.056356070083590365,0.9424618405293609,0.0,0.0,0.0,0.0,0.0,0.0
payload50,LQR-outer,3283,0.04254641007750987,0.05422074045956599,0.05677752588738491,0.9483704453781985,0.0,0.0,0.0,0.0,0.0,0.0
payload50,LQR-outer,3284,0.04446510009215674,0.057956258473897425,0.05977048839168922,0.9753116598480168,0.0,0.0,0.0,0.0,0.0,0.0
payload50,LQR-outer,3285,0.05238813429737302,0.06630457975014699,0.07041861729842389,1.0673156764776985,0.0,0.0,0.0,0.0,0.0,0.0
payload50,LQR-outer,3286,0.05228859952634749,0.06807370522610627,0.070931152534386,1.0735093552086021,0.0,0.0,0.0,0.0,0.0,0.0
payload50,LQR-outer,3287,0.05167580513478335,0.0663865658770928,0.06945035747037404,1.0646016130530425,0.0,0.0,0.0,0.0,0.0,0.0
payload50,LQR-outer,3288,0.04193476120177081,0.0538915596670922,0.05631622179824052,0.9396917507212925,0.0,0.0,0.0,0.0,0.0,0.0
payload50,LQR-outer,3289,0.0482777760363472,0.06304942094083402,0.06519148221628443,1.0284979553017841,0.0,0.0,0.0,0.0,0.0,0.0
payload50,LQR-outer,3290,0.044025121390229974,0.057015953783756575,0.05863943047253741,0.968823604155239,0.0,0.0,0.0,0.0,0.0,0.0
payload50,LQR-outer,3291,0.05397013667656123,0.06946390563174129,0.07367129851658227,1.0997692597998214,0.0,0.0,0.0,0.0,0.0,0.0
payload50,LQR-outer,3292,0.05535630260000741,0.07073890288401499,0.07362061572672575,1.1125532634692168,0.0,0.0,0.0,0.0,0.0,0.0
payload50,LQR-outer,3293,0.056533079089764855,0.0730035219897388,0.07522546174314194,1.1319740280259736,0.0,0.0,0.0,0.0,0.0,0.0
payload50,LQR-outer,3294,0.04703572841311403,0.06068242312985361,0.06274774086628714,1.0073148840480433,0.0,0.0,0.0,0.0,0.0,0.0
payload50,LQR-outer,3295,0.05676536923006715,0.07354471739734746,0.07610031097916446,1.135293852610078,0.0,0.0,0.0,0.0,0.0,0.0
payload50,LQR-outer,3296,0.04278060938316818,0.05430242893342098,0.056882712919391676,0.9465782161496308,0.0,0.0,0.0,0.0,0.0,0.0
payload50,LQR-outer,3297,0.03976963367057214,0.051496206836938146,0.05361154117262872,0.9157195008884546,0.0,0.0,0.0,0.0,0.0,0.0
payload50,LQR-outer,3298,0.05624559911730179,0.0706263163803705,0.07545605522991651,1.1135859300614819,0.0,0.0,0.0,0.0,0.0,0.0
payload50,LQR-outer,3299,0.04110101230398567,0.053677084089014226,0.05548480689209239,0.9347704316145089,0.0,0.0,0.0,0.0,0.0,0.0
payload50,CurrentOnly-AE-CeNN-494,3200,0.030376074150191376,0.040413269299939145,0.04187890158897648,0.9594765558612413,0.0,0.15367108282303088,0.0,0.0,0.0,0.0
payload50,CurrentOnly-AE-CeNN-494,3201,0.03858803136115225,0.051124297575788874,0.05285992765286727,1.0959540056817996,0.0,0.17079874627183916,0.0,0.0,0.0,0.0
payload50,CurrentOnly-AE-CeNN-494,3202,0.036234162886392196,0.0469489147020049,0.048309531487095526,1.0411408856680568,0.0,0.1643764431223384,0.0,0.0,0.0,0.0
payload50,CurrentOnly-AE-CeNN-494,3203,0.037466531974506605,0.05090599011615046,0.052735930810929935,1.0652676237417236,0.0,0.16879650081960315,0.0,0.0,0.0,0.0
payload50,CurrentOnly-AE-CeNN-494,3204,0.03473505244946051,0.0472702192195302,0.048504240338482135,1.0306744538276447,0.0,0.1650802435472475,0.0,0.0,0.0,0.0
payload50,CurrentOnly-AE-CeNN-494,3205,0.03549330994655927,0.04673727870355038,0.048034372987480506,1.008622501554799,0.0,0.15427995585083648,0.0,0.0,0.0,0.0
payload50,CurrentOnly-AE-CeNN-494,3206,0.03458291025952226,0.04560201427862201,0.046417346139131795,1.0138275073014968,0.0,0.15739507029237507,0.0,0.0,0.0,0.0
payload50,CurrentOnly-AE-CeNN-494,3207,0.0353674288688631,0.04799009709939541,0.05022676954986464,1.0417465949673397,0.0,0.1630955227705826,0.0,0.0,0.0,0.0
payload50,CurrentOnly-AE-CeNN-494,3208,0.030212291392170843,0.041006670263350434,0.04227315168423511,0.9527224999229504,0.0,0.15300280819890377,0.0,0.0,0.0,0.0
payload50,CurrentOnly-AE-CeNN-494,3209,0.03371451002952658,0.044587470201071504,0.04558138545886188,0.9930787386076014,0.0,0.15472099445426785,0.0,0.0,0.0,0.0
payload50,CurrentOnly-AE-CeNN-494,3210,0.028255535423287004,0.036944872696270094,0.03817059817947408,0.9226526303193209,0.0,0.14528461276750373,0.0,0.0,0.0,0.0
payload50,CurrentOnly-AE-CeNN-494,3211,0.038950865099881604,0.051713114971118315,0.05271862639798438,1.0758668063318313,0.0,0.16814479139832963,0.0,0.0,0.0,0.0
payload50,CurrentOnly-AE-CeNN-494,3212,0.035274151080663785,0.04686289243951714,0.04853776936124518,1.0369529971673055,0.0,0.16083520968859644,0.0,0.0,0.0,0.0
payload50,CurrentOnly-AE-CeNN-494,3213,0.041744424588075826,0.05532595156548888,0.056776748104280295,1.1226080597030241,0.0,0.17318956722186732,0.0,0.0,0.0,0.0
payload50,CurrentOnly-AE-CeNN-494,3214,0.04051586808858126,0.05687148790141893,0.05914104973917177,1.1298959859557274,0.0,0.17670862912732985,0.0,0.0,0.0,0.0
payload50,CurrentOnly-AE-CeNN-494,3215,0.03680599603808155,0.049567881694829556,0.051202619422056554,1.053551235235986,0.0,0.1666174502431352,0.0,0.0,0.0,0.0
payload50,CurrentOnly-AE-CeNN-494,3216,0.03951112637389779,0.05270095135016306,0.05373708641323299,1.1165374690019112,0.0,0.1762030667881211,0.0,0.0,0.0,0.0
payload50,CurrentOnly-AE-CeNN-494,3217,0.03427401057386,0.04642025262942964,0.04776018245682748,1.0195008442755853,0.0,0.16132302442669413,0.0,0.0,0.0,0.0
payload50,CurrentOnly-AE-CeNN-494,3218,0.02762496146137997,0.037647504082246375,0.039074766987404405,0.9326667318367418,0.0,0.15097050824234684,0.0,0.0,0.0,0.0
payload50,CurrentOnly-AE-CeNN-494,3219,0.027496306546653172,0.03517321862470768,0.036001341466989197,0.9078932508620688,0.0,0.14612126695518668,0.0,0.0,0.0,0.0
payload50,CurrentOnly-AE-CeNN-494,3220,0.031049578220999602,0.040661565877153895,0.041474748560038015,0.9537305135829245,0.0,0.1487219717913086,0.0,0.0,0.0,0.0
payload50,CurrentOnly-AE-CeNN-494,3221,0.039863941149795405,0.055158467723427376,0.056742306049469504,1.10775961264341,0.0,0.17295913781982802,0.0,0.0,0.0,0.0
payload50,CurrentOnly-AE-CeNN-494,3222,0.028744361841605656,0.036934831056409774,0.03804005571239095,0.9420665387391336,0.0,0.15137186544156497,0.0,0.0,0.0,0.0
payload50,CurrentOnly-AE-CeNN-494,3223,0.029598641881143865,0.03947004628847145,0.0410334639823323,0.938546534838805,0.0,0.14733137681391612,0.0,0.0,0.0,0.0
payload50,CurrentOnly-AE-CeNN-494,3224,0.031335563829628946,0.04296930592290068,0.045029749660592366,0.9846057158660484,0.0,0.1565783477147758,0.0,0.0,0.0,0.0
payload50,CurrentOnly-AE-CeNN-494,3225,0.03724922347061859,0.0490310177751094,0.05081838203541831,1.066556380031816,0.0,0.16578541256060672,0.0,0.0,0.0,0.0
payload50,CurrentOnly-AE-CeNN-494,3226,0.030846258870545287,0.03904557420238391,0.040525821394714216,0.9680727592268528,0.0,0.15283366068015777,0.0,0.0,0.0,0.0
payload50,CurrentOnly-AE-CeNN-494,3227,0.03096185198858789,0.04092464124039649,0.04202922766709037,0.9681976113543426,0.0,0.15385633604184148,0.0,0.0,0.0,0.0
payload50,CurrentOnly-AE-CeNN-494,3228,0.02829131164983854,0.03757629572162473,0.03884860707933575,0.9239960905748128,0.0,0.14650166555435687,0.0,0.0,0.0,0.0
payload50,CurrentOnly-AE-CeNN-494,3229,0.026698175303629498,0.03563920003331642,0.036453286622028416,0.9004032629210036,0.0,0.14414324596837075,0.0,0.0,0.0,0.0
payload50,CurrentOnly-AE-CeNN-494,3230,0.037781219591579054,0.04956711544216292,0.0507874221190374,1.0610158357971415,0.0,0.16757003915202326,0.0,0.0,0.0,0.0
payload50,CurrentOnly-AE-CeNN-494,3231,0.0308926819228112,0.04062318449786039,0.04215029694933337,0.9721720939548856,0.0,0.1527689865853392,0.0,0.0,0.0,0.0
payload50,CurrentOnly-AE-CeNN-494,3232,0.029695545421214435,0.03910093064581584,0.04002486436360624,0.9438827601697386,0.0,0.14760027353215438,0.0,0.0,0.0,0.0
payload50,CurrentOnly-AE-CeNN-494,3233,0.028693731839015503,0.039385806700558926,0.0409192100718812,0.9355620318590201,0.0,0.14798911468212694,0.0,0.0,0.0,0.0
payload50,CurrentOnly-AE-CeNN-494,3234,0.032854725463053645,0.044447340165172704,0.0454605942141511,0.9880997809223836,0.0,0.15462000453648475,0.0,0.0,0.0,0.0
payload50,CurrentOnly-AE-CeNN-494,3235,0.036384825770141856,0.04922204496428732,0.05078797827371577,1.0471881567163888,0.0,0.16520756214752919,0.0,0.0,0.0,0.0
payload50,CurrentOnly-AE-CeNN-494,3236,0.03723504844049538,0.04900247013848423,0.05028780728862675,1.058129172799724,0.0,0.16695741024093394,0.0,0.0,0.0,0.0
payload50,CurrentOnly-AE-CeNN-494,3237,0.03567688453763986,0.0472609347374218,0.04836616066199662,1.0345487755185692,0.0,0.16374520619432797,0.0,0.0,0.0,0.0
payload50,CurrentOnly-AE-CeNN-494,3238,0.04000126214315389,0.054826590894715206,0.05672113224800187,1.1163959546145223,0.0,0.1740935794522151,0.0,0.0,0.0,0.0
payload50,CurrentOnly-AE-CeNN-494,3239,0.04181030700903009,0.05580480379394045,0.057395935533709364,1.127540390879564,0.0,0.1733715466583708,0.0,0.0,0.0,0.0
payload50,CurrentOnly-AE-CeNN-494,3240,0.02828078105755602,0.03728816695532275,0.038336125933537336,0.9100778740690993,0.0,0.14075638757546657,0.0,0.0,0.0,0.0
payload50,CurrentOnly-AE-CeNN-494,3241,0.027074316752442578,0.03511107203289207,0.036163372054489704,0.9063367293360868,0.0,0.14517037604176944,0.0,0.0,0.0,0.0
payload50,CurrentOnly-AE-CeNN-494,3242,0.027377559424552198,0.03680788431750453,0.03777953378675006,0.9057602289264535,0.0,0.1430081478927122,0.0,0.0,0.0,0.0
payload50,CurrentOnly-AE-CeNN-494,3243,0.03224212439876745,0.042857912057918966,0.04454629451156253,0.9869276861767101,0.0,0.15388504417218482,0.0,0.0,0.0,0.0
payload50,CurrentOnly-AE-CeNN-494,3244,0.03206327887579694,0.04241214860091214,0.043488688257009814,0.9703218918681,0.0,0.15229896002239132,0.0,0.0,0.0,0.0
payload50,CurrentOnly-AE-CeNN-494,3245,0.033943489529359966,0.044388467457976956,0.045083189544770724,1.0071081921691898,0.0,0.15787012806836145,0.0,0.0,0.0,0.0
payload50,CurrentOnly-AE-CeNN-494,3246,0.03670977677789309,0.04748406715076,0.04892647672428604,1.0544346856146067,0.0,0.16502232847872736,0.0,0.0,0.0,0.0
payload50,CurrentOnly-AE-CeNN-494,3247,0.02944137086268088,0.0382620381149101,0.03919657650432869,0.9324129502697662,0.0,0.14599388071407918,0.0,0.0,0.0,0.0
payload50,CurrentOnly-AE-CeNN-494,3248,0.03259510941147065,0.04263787145685296,0.04350443550943843,0.9797277334859331,0.0,0.15235989064262162,0.0,0.0,0.0,0.0
payload50,CurrentOnly-AE-CeNN-494,3249,0.036952403000087,0.04883452559772538,0.050299755583845154,1.054447738096588,0.0,0.16411322975220882,0.0,0.0,0.0,0.0
payload50,CurrentOnly-AE-CeNN-494,3250,0.02817677411872772,0.03814837045533323,0.039358325831980824,0.9179707549643377,0.0,0.14605764779834135,0.0,0.0,0.0,0.0
payload50,CurrentOnly-AE-CeNN-494,3251,0.02925209763599097,0.03935783674270279,0.0404081726993007,0.9335149874956047,0.0,0.14628420405862097,0.0,0.0,0.0,0.0
payload50,CurrentOnly-AE-CeNN-494,3252,0.032181431597760705,0.04425394855159503,0.045353829546062686,0.9736752218488496,0.0,0.1554476310399795,0.0,0.0,0.0,0.0
payload50,CurrentOnly-AE-CeNN-494,3253,0.03675578291648998,0.04848156723971185,0.049699029139195466,1.0647378453186973,0.0,0.1701263312045235,0.0,0.0,0.0,0.0
payload50,CurrentOnly-AE-CeNN-494,3254,0.036673763846297974,0.04961414005077025,0.051175635898958474,1.0489771443329043,0.0,0.16314132709182935,0.0,0.0,0.0,0.0
payload50,CurrentOnly-AE-CeNN-494,3255,0.03056903763028583,0.04129232474050646,0.04258394964949749,0.9585194251048472,0.0,0.15421384552410483,0.0,0.0,0.0,0.0
payload50,CurrentOnly-AE-CeNN-494,3256,0.02649169867561719,0.03401496062908433,0.03449549274265847,0.9002286151642102,0.0,0.14466505202303018,0.0,0.0,0.0,0.0
payload50,CurrentOnly-AE-CeNN-494,3257,0.032507467116632036,0.0426967331459926,0.04370124040180254,0.9810640530211665,0.0,0.15495455416226636,0.0,0.0,0.0,0.0
payload50,CurrentOnly-AE-CeNN-494,3258,0.03329189706674,0.044167221766977946,0.04546337097877202,1.0043848286569836,0.0,0.15786379345943485,0.0,0.0,0.0,0.0
payload50,CurrentOnly-AE-CeNN-494,3259,0.03094082475531017,0.03920779310910284,0.03985854666069483,0.9562164515683241,0.0,0.15123539839351316,0.0,0.0,0.0,0.0
payload50,CurrentOnly-AE-CeNN-494,3260,0.03690543502330991,0.04975425386677118,0.05175740886107179,1.0574540078271577,0.0,0.16420246536960295,0.0,0.0,0.0,0.0
payload50,CurrentOnly-AE-CeNN-494,3261,0.028529854107334142,0.03871419904412799,0.04040442551085156,0.9392467673276205,0.0,0.15083444137255583,0.0,0.0,0.0,0.0
payload50,CurrentOnly-AE-CeNN-494,3262,0.03837417767040995,0.05145410554766851,0.052602182784343685,1.0886423314878688,0.0,0.1691446331352384,0.0,0.0,0.0,0.0
payload50,CurrentOnly-AE-CeNN-494,3263,0.033315731041257145,0.04496935637899684,0.045975999266008385,0.9929648796514915,0.0,0.15644392134868593,0.0,0.0,0.0,0.0
payload50,CurrentOnly-AE-CeNN-494,3264,0.028466360971180656,0.03751207289186463,0.03898266934010807,0.9291116157667088,0.0,0.14477948031137006,0.0,0.0,0.0,0.0
payload50,CurrentOnly-AE-CeNN-494,3265,0.031191220265665363,0.041368008998766366,0.04326690869146229,0.9669021986399658,0.0,0.14904885894077885,0.0,0.0,0.0,0.0
payload50,CurrentOnly-AE-CeNN-494,3266,0.0340663173797179,0.04494994846251995,0.04599309758837806,1.0215692440752737,0.0,0.16181584178079855,0.0,0.0,0.0,0.0
payload50,CurrentOnly-AE-CeNN-494,3267,0.027463564603131003,0.0367712065394796,0.037741303124230526,0.9039654700702987,0.0,0.14259047269096775,0.0,0.0,0.0,0.0
payload50,CurrentOnly-AE-CeNN-494,3268,0.02906565044949536,0.03920218536335759,0.0398977355870808,0.9458437431130371,0.0,0.15178260819624573,0.0,0.0,0.0,0.0
payload50,CurrentOnly-AE-CeNN-494,3269,0.042325843348732496,0.056052736095052735,0.058368407604995905,1.1314810967164066,0.0,0.17229072266327222,0.0,0.0,0.0,0.0
payload50,CurrentOnly-AE-CeNN-494,3270,0.029862736354842514,0.040165153784471955,0.041630203151874975,0.9555630522114913,0.0,0.15242992062368307,0.0,0.0,0.0,0.0
payload50,CurrentOnly-AE-CeNN-494,3271,0.03131726994215229,0.04042209299820753,0.04193178102182168,0.9767085550004106,0.0,0.15538619865122222,0.0,0.0,0.0,0.0
payload50,CurrentOnly-AE-CeNN-494,3272,0.0295949420045865,0.040541075930367536,0.04178261996959103,0.9406248935000645,0.0,0.14744788559907088,0.0,0.0,0.0,0.0
payload50,CurrentOnly-AE-CeNN-494,3273,0.035630887688930545,0.04756470968558435,0.049339667410070585,1.0308492837992995,0.0,0.16185436072513024,0.0,0.0,0.0,0.0
payload50,CurrentOnly-AE-CeNN-494,3274,0.026848302093468068,0.03699652284583636,0.038432933340397255,0.9041819572654665,0.0,0.14323355775764632,0.0,0.0,0.0,0.0
payload50,CurrentOnly-AE-CeNN-494,3275,0.031458498763838966,0.04129749813186798,0.04249352606506961,0.9909377599639622,0.0,0.15857058756885978,0.0,0.0,0.0,0.0
payload50,CurrentOnly-AE-CeNN-494,3276,0.032170715134548784,0.04520472310685221,0.046490763217643206,0.9894282565044573,0.0,0.15753579547720437,0.0,0.0,0.0,0.0
payload50,CurrentOnly-AE-CeNN-494,3277,0.03828740190828192,0.04999712231037086,0.05139652369013771,1.0971587469873842,0.0,0.1749908087585606,0.0,0.0,0.0,0.0
payload50,CurrentOnly-AE-CeNN-494,3278,0.04161676855541015,0.05541443562105191,0.056754779001532335,1.1271748236807864,0.0,0.17500244869992412,0.0,0.0,0.0,0.0
payload50,CurrentOnly-AE-CeNN-494,3279,0.031790749984651895,0.042034755321252296,0.04301397326904669,0.9766015862702659,0.0,0.15514690068716364,0.0,0.0,0.0,0.0
payload50,CurrentOnly-AE-CeNN-494,3280,0.029295612245431046,0.037834316855154856,0.039303646905517485,0.9445688977461206,0.0,0.14879845764375615,0.0,0.0,0.0,0.0
payload50,CurrentOnly-AE-CeNN-494,3281,0.035895027097703064,0.04806264650499867,0.04910459902994923,1.042398128078297,0.0,0.16602077683604546,0.0,0.0,0.0,0.0
payload50,CurrentOnly-AE-CeNN-494,3282,0.02765673391032958,0.03718207610829856,0.03821754378238,0.92408763110334,0.0,0.14784086917654826,0.0,0.0,0.0,0.0
payload50,CurrentOnly-AE-CeNN-494,3283,0.028935381708481155,0.03726175465585561,0.03827946748169678,0.9320624600079133,0.0,0.14530178605239724,0.0,0.0,0.0,0.0
payload50,CurrentOnly-AE-CeNN-494,3284,0.030675672976729185,0.0420415192993349,0.043359403739196015,0.9594072712938448,0.0,0.15219645731706744,0.0,0.0,0.0,0.0
payload50,CurrentOnly-AE-CeNN-494,3285,0.03623158057457698,0.04902038475698967,0.049954455939399935,1.0467656181845448,0.0,0.16797935140099,0.0,0.0,0.0,0.0
payload50,CurrentOnly-AE-CeNN-494,3286,0.03726057620028258,0.049372436054584044,0.05064653363188154,1.05575847426865,0.0,0.16449752091538308,0.0,0.0,0.0,0.0
payload50,CurrentOnly-AE-CeNN-494,3287,0.036624386320263665,0.04883594033851711,0.050331098340981276,1.0468505561249926,0.0,0.16326368202407632,0.0,0.0,0.0,0.0
payload50,CurrentOnly-AE-CeNN-494,3288,0.029291116326415803,0.03793448729587513,0.03879105579680791,0.9272478757112481,0.0,0.14265555700520305,0.0,0.0,0.0,0.0
payload50,CurrentOnly-AE-CeNN-494,3289,0.0330163993952342,0.04659608389059586,0.048429030918198314,1.0102846432458696,0.0,0.16090080245523175,0.0,0.0,0.0,0.0
payload50,CurrentOnly-AE-CeNN-494,3290,0.03151332840639232,0.042142998311393134,0.04323323716013767,0.955671285309724,0.0,0.14601410714856022,0.0,0.0,0.0,0.0
payload50,CurrentOnly-AE-CeNN-494,3291,0.038043667546880995,0.0487102915102533,0.05033571959866837,1.0777666156215584,0.0,0.1687713626552335,0.0,0.0,0.0,0.0
payload50,CurrentOnly-AE-CeNN-494,3292,0.039744708643032686,0.052777838286196865,0.0542101388078727,1.0915894007562545,0.0,0.16826375563080073,0.0,0.0,0.0,0.0
payload50,CurrentOnly-AE-CeNN-494,3293,0.03934855051571927,0.05175697724123583,0.05334666708250064,1.1081791610862122,0.0,0.17471969502253495,0.0,0.0,0.0,0.0
payload50,CurrentOnly-AE-CeNN-494,3294,0.03262033425848714,0.04075495395315655,0.04121383026844712,0.990464823588572,0.0,0.15339710390023426,0.0,0.0,0.0,0.0
payload50,CurrentOnly-AE-CeNN-494,3295,0.039756141070845824,0.05424835217081621,0.05636385956519065,1.1106692368887692,0.0,0.1752328933656418,0.0,0.0,0.0,0.0
payload50,CurrentOnly-AE-CeNN-494,3296,0.028794358093947085,0.038104279651231546,0.03929894164119355,0.9295630538569405,0.0,0.1468875487709735,0.0,0.0,0.0,0.0
payload50,CurrentOnly-AE-CeNN-494,3297,0.026267514831635832,0.03430861588835599,0.03538198970410547,0.9009166093842778,0.0,0.1437909612378788,0.0,0.0,0.0,0.0
payload50,CurrentOnly-AE-CeNN-494,3298,0.04012911949271207,0.051922154524531264,0.052809098529402354,1.0929685067889554,0.0,0.1705732873444663,0.0,0.0,0.0,0.0
payload50,CurrentOnly-AE-CeNN-494,3299,0.027126849611229013,0.03627199561054982,0.03784096124982236,0.9183163904126052,0.0,0.145930793846302,0.0,0.0,0.0,0.0
payload50,AlwaysOpen-HistorySide,3200,0.030149535029298638,0.040188471121217116,0.041629790460844106,0.9591252069404063,0.0,0.15504529473206255,0.1616866017066962,0.16361108675827352,1.0,1.0
payload50,AlwaysOpen-HistorySide,3201,0.03827429612445207,0.05091826844335185,0.05267116217931712,1.0954288614671452,0.0,0.1723943098387963,0.16174147408967887,0.16383196765383107,1.0,1.0
payload50,AlwaysOpen-HistorySide,3202,0.035924901313824295,0.04664047934548478,0.04798391339451887,1.0405703985548194,0.0,0.16576939702070784,0.16170129209248085,0.16375065622824056,1.0,1.0
payload50,AlwaysOpen-HistorySide,3203,0.03719828810228014,0.050668016011519545,0.052520573834248886,1.0647478319231156,0.0,0.17040179764590455,0.16171103408182208,0.1638138868846478,1.0,1.0
payload50,AlwaysOpen-HistorySide,3204,0.034446685025289976,0.04696912012260369,0.04821429285457148,1.0301439431607702,0.0,0.16655298978028815,0.16170978552284027,0.16370109308061798,1.0,1.0
payload50,AlwaysOpen-HistorySide,3205,0.03521046138428895,0.046451999015991445,0.04773287993863087,1.0081751612955103,0.0,0.15567968734858714,0.16167507112131255,0.16373686235152873,1.0,1.0
payload50,AlwaysOpen-HistorySide,3206,0.034326152817142803,0.045369304091542044,0.046183433003927944,1.0134520676675207,0.0,0.15880172710092652,0.16169728953472068,0.16372448873053902,1.0,1.0
payload50,AlwaysOpen-HistorySide,3207,0.035101783278722716,0.04779152344736396,0.05003820958323616,1.0412920228848976,0.0,0.16464636852108244,0.1617185561550658,0.16384044936499792,1.0,1.0
payload50,AlwaysOpen-HistorySide,3208,0.029976731617458244,0.040744662834231796,0.042018502904490496,0.9522247771773218,0.0,0.1541947836610406,0.1616639362538157,0.16379430236842968,1.0,1.0
payload50,AlwaysOpen-HistorySide,3209,0.03344169177853437,0.044374649802011286,0.04540821936412407,0.9925657623327625,0.0,0.1561386814949838,0.161665654283904,0.1636289914983893,1.0,1.0
payload50,AlwaysOpen-HistorySide,3210,0.02802762091835579,0.03668119181647434,0.03793363263081402,0.9221539977788855,0.0,0.14636532255999996,0.16164246366075305,0.16358731181261818,1.0,1.0
payload50,AlwaysOpen-HistorySide,3211,0.038646440039599064,0.0514457141566535,0.05245506342898137,1.0754397927998784,0.0,0.16975963343943135,0.16171400484837412,0.16381836376892803,1.0,1.0
payload50,AlwaysOpen-HistorySide,3212,0.03499409578301864,0.046660588774045504,0.04834951494712367,1.0365221097845867,0.0,0.162384182767868,0.16170426992055634,0.1637814272805223,1.0,1.0
payload50,AlwaysOpen-HistorySide,3213,0.041386705036065875,0.05497402541788599,0.0564184726706383,1.121982836585346,0.0,0.17494585405546242,0.16174742764721117,0.16384650995505873,1.0,1.0
payload50,AlwaysOpen-HistorySide,3214,0.04020806342628584,0.056653021466546986,0.05891184836555102,1.1293973691117394,0.0,0.17831135112538607,0.16176774365233612,0.16382038206587318,1.0,1.0
payload50,AlwaysOpen-HistorySide,3215,0.03652213604186264,0.04931482217951109,0.05093025489942719,1.0530596553904095,0.0,0.16819393641788663,0.16172721017659958,0.16379610045423662,1.0,1.0
payload50,AlwaysOpen-HistorySide,3216,0.039174029825045094,0.05249225731321726,0.05354335091473916,1.115857415784012,0.0,0.17784751182276035,0.1617667226955731,0.16381545662781938,1.0,1.0
payload50,AlwaysOpen-HistorySide,3217,0.03398085931613226,0.04610319159513284,0.04745749377346739,1.0189338242358479,0.0,0.1628516007396833,0.1617111136891815,0.16373716993846713,1.0,1.0
payload50,AlwaysOpen-HistorySide,3218,0.027415495534452675,0.037415651707978205,0.03885799213451701,0.9323883030270211,0.0,0.1522365820624435,0.16166266814781047,0.1636833551664972,1.0,1.0
payload50,AlwaysOpen-HistorySide,3219,0.027254973532230328,0.03491026968203026,0.035715562389860775,0.9074483085661932,0.0,0.14739117336161153,0.16164842651832725,0.1636437272434683,1.0,1.0
payload50,AlwaysOpen-HistorySide,3220,0.030827195925353566,0.04047083571755588,0.04125231204990873,0.9533999480211869,0.0,0.15006693404386265,0.1616586837615075,0.16362953671089456,1.0,1.0
payload50,AlwaysOpen-HistorySide,3221,0.039567625152144535,0.054934174460026755,0.056500351102784965,1.10719921274493,0.0,0.1744785391984673,0.16174892825535817,0.16388239028302107,1.0,1.0
payload50,AlwaysOpen-HistorySide,3222,0.028530647992151673,0.03668894935406235,0.03781613966160038,0.9417110383352322,0.0,0.15258724532557708,0.1616426526221208,0.1636654305237174,1.0,1.0
payload50,AlwaysOpen-HistorySide,3223,0.02935941374324093,0.03922117317657548,0.04078612910919538,0.938188243321257,0.0,0.1486112767464423,0.16166537948051757,0.1637555937298929,1.0,1.0
payload50,AlwaysOpen-HistorySide,3224,0.031084904561445408,0.04282621640749001,0.04487643194174232,0.9842188158773856,0.0,0.15797686479774894,0.16168149261957443,0.16353189751085723,1.0,1.0
payload50,AlwaysOpen-HistorySide,3225,0.03694965815299854,0.048696131333424715,0.05050786772133184,1.0660637170543925,0.0,0.16729992225061766,0.16172927244384294,0.1638519994376322,1.0,1.0
payload50,AlwaysOpen-HistorySide,3226,0.030578053646771883,0.038762966822162855,0.04024433840215241,0.9675746115230665,0.0,0.15428024736096244,0.16166301581968248,0.16373489539722852,1.0,1.0
payload50,AlwaysOpen-HistorySide,3227,0.03071070143483915,0.04065019485937054,0.04176748888743502,0.9677284161578517,0.0,0.15521158890952663,0.1616626565264459,0.16370569174855099,1.0,1.0
payload50,AlwaysOpen-HistorySide,3228,0.028049070710027837,0.037310510547197355,0.03856597610104004,0.9235219603445107,0.0,0.147798133305719,0.1616358063911169,0.16363152166192102,1.0,1.0
payload50,AlwaysOpen-HistorySide,3229,0.026483909849301056,0.035365364472450936,0.03619371997526738,0.9000589912656292,0.0,0.1452834519631384,0.16162341267903127,0.1636702102983351,1.0,1.0
payload50,AlwaysOpen-HistorySide,3230,0.037488352193690525,0.0492785348221854,0.05046575149510226,1.0605696091863925,0.0,0.16915981536546668,0.1617149756805399,0.16364344555438598,1.0,1.0
payload50,AlwaysOpen-HistorySide,3231,0.03062829870879814,0.0403879931065919,0.04191059098906185,0.9717152946294298,0.0,0.15438871651184147,0.16167457200919547,0.16370388255333593,1.0,1.0
payload50,AlwaysOpen-HistorySide,3232,0.029448599273927283,0.038852932581349225,0.03979253588295221,0.9434876627328338,0.0,0.14902762530817565,0.16165278360573898,0.1637588243624311,1.0,1.0
payload50,AlwaysOpen-HistorySide,3233,0.02847112508548867,0.03917135375401126,0.04069324159916059,0.9352306897026222,0.0,0.14940372907097915,0.16165629450257468,0.16370843233200022,1.0,1.0
payload50,AlwaysOpen-HistorySide,3234,0.03259436589079854,0.044166770815758656,0.0451659803370576,0.987601488430741,0.0,0.15607599150550983,0.16168920901270667,0.16374034967461532,1.0,1.0
payload50,AlwaysOpen-HistorySide,3235,0.03610442953122672,0.04903706392449261,0.05061567168538788,1.046690533888975,0.0,0.16684352626234666,0.16171259714557695,0.16366888902884694,1.0,1.0
payload50,AlwaysOpen-HistorySide,3236,0.03695845054586467,0.04882638161342557,0.050099275898138944,1.0576519211933362,0.0,0.16848705507711179,0.16172543431985614,0.1638438913440828,1.0,1.0
payload50,AlwaysOpen-HistorySide,3237,0.035387726110455556,0.04700059304703192,0.04809374632953502,1.0341054085606673,0.0,0.16539046679078576,0.16172521790059505,0.1637896508153943,1.0,1.0
payload50,AlwaysOpen-HistorySide,3238,0.03967358812409726,0.054531577920808774,0.0564426142581655,1.1158141445260554,0.0,0.175794620688107,0.16174315109069762,0.16382252177694334,1.0,1.0
payload50,AlwaysOpen-HistorySide,3239,0.04150031988136016,0.055511428810949726,0.0571047039594066,1.1270593604981283,0.0,0.17511037219511694,0.16176457985711098,0.1639737908376408,1.0,1.0
payload50,AlwaysOpen-HistorySide,3240,0.028061192468995362,0.037097408182827356,0.038136302676714084,0.9097470350866474,0.0,0.14200338512532115,0.16162923586037073,0.16377365170234856,1.0,1.0
payload50,AlwaysOpen-HistorySide,3241,0.026845839218727238,0.03491545848694417,0.035987086933570334,0.9059660933023613,0.0,0.14636806550037396,0.16164848203241555,0.16375114725135986,1.0,1.0
payload50,AlwaysOpen-HistorySide,3242,0.02713581036136212,0.036625094603907414,0.03761005379577674,0.9054438511105346,0.0,0.1445013031538341,0.16164325213531824,0.1635212470844955,1.0,1.0
payload50,AlwaysOpen-HistorySide,3243,0.031980099386776796,0.04268201009495206,0.044362376123922694,0.9865249608656637,0.0,0.15544697300022586,0.1616795375410936,0.16364704493389778,1.0,1.0
payload50,AlwaysOpen-HistorySide,3244,0.031855476294307426,0.04231571055697629,0.043401322328781605,0.9699754160651259,0.0,0.15359224762816168,0.16167261646080458,0.16369071073642255,1.0,1.0
payload50,AlwaysOpen-HistorySide,3245,0.0336559268879363,0.04413802332863325,0.044817508801828214,1.0065929031756315,0.0,0.15940826992686824,0.16170736322832224,0.16371511113348564,1.0,1.0
payload50,AlwaysOpen-HistorySide,3246,0.03639004609118632,0.047214942129681615,0.048667868615067764,1.0538364466400898,0.0,0.16666888525729728,0.16171853868230535,0.16384818806165077,1.0,1.0
payload50,AlwaysOpen-HistorySide,3247,0.029216842371758443,0.03805363340388915,0.038988207703137795,0.9319427575601789,0.0,0.1470076601158459,0.16165108966534625,0.163649197958075,1.0,1.0
payload50,AlwaysOpen-HistorySide,3248,0.032299013351934656,0.04239869823359336,0.04325533699368147,0.9791971818930654,0.0,0.15409320201261717,0.16166875002423936,0.16367826322251558,1.0,1.0
payload50,AlwaysOpen-HistorySide,3249,0.03665539652654544,0.048550740007941406,0.050028389818015453,1.053885006926664,0.0,0.16570449250697886,0.16171352759438445,0.1638659889508497,1.0,1.0
payload50,AlwaysOpen-HistorySide,3250,0.027957305597924163,0.03791029645912274,0.03913697149227181,0.917615265556495,0.0,0.14736613614598143,0.16163607144853712,0.16377173515579144,1.0,1.0
payload50,AlwaysOpen-HistorySide,3251,0.029002307666435415,0.03911209470113373,0.04015608933746777,0.9330347294273612,0.0,0.14763813867662084,0.16164973280056452,0.16372798514359593,1.0,1.0
payload50,AlwaysOpen-HistorySide,3252,0.03191658469227312,0.04400628135373572,0.045096458226764474,0.9732669819033851,0.0,0.15691254006240654,0.1616904374245652,0.16380020593614783,1.0,1.0
payload50,AlwaysOpen-HistorySide,3253,0.03645829739358553,0.04822634933062731,0.049440091888744556,1.0641852467649486,0.0,0.17161105291612685,0.16172589301949442,0.16374065290542159,1.0,1.0
payload50,AlwaysOpen-HistorySide,3254,0.03638588728499245,0.04930993859035409,0.0508764062874776,1.0485657527466814,0.0,0.16487059090253992,0.16170995546865063,0.16380942776238866,1.0,1.0
payload50,AlwaysOpen-HistorySide,3255,0.030304996984143996,0.04097541476828009,0.042231376242916216,0.9581960277713883,0.0,0.15566173762510646,0.16166935856005735,0.16380865577996878,1.0,1.0
payload50,AlwaysOpen-HistorySide,3256,0.026298057457818953,0.03377386088152851,0.03426160357236706,0.8999428818376679,0.0,0.14600239649378335,0.16164867483470388,0.16373790121123064,1.0,1.0
payload50,AlwaysOpen-HistorySide,3257,0.03227670212529541,0.04247649896819727,0.04346895060218621,0.9806834131938121,0.0,0.15640206800049103,0.1616786087356978,0.16385638517876697,1.0,1.0
payload50,AlwaysOpen-HistorySide,3258,0.03300993145525852,0.04390356351940457,0.045205781004621644,1.0038553288532086,0.0,0.15924910352171792,0.16168249497072093,0.1636710585621532,1.0,1.0
payload50,AlwaysOpen-HistorySide,3259,0.03067520474236401,0.03892933847956193,0.03957793994656794,0.9558306242742961,0.0,0.15272351613627153,0.16165624935776268,0.16366870261115143,1.0,1.0
payload50,AlwaysOpen-HistorySide,3260,0.03660410511664572,0.049481747412477906,0.05148159279813511,1.056929281221214,0.0,0.16572274253656416,0.1617186260962203,0.16383639189894872,1.0,1.0
payload50,AlwaysOpen-HistorySide,3261,0.02831958046587464,0.03861175681925255,0.04032294540784919,0.9389152573144446,0.0,0.15223433687020238,0.16165783561383215,0.16371133456178,1.0,1.0
payload50,AlwaysOpen-HistorySide,3262,0.038057321869011417,0.05101762508919688,0.05230375958565976,1.0879923325360477,0.0,0.1707348757103523,0.16173126398006754,0.16384140036568312,1.0,1.0
payload50,AlwaysOpen-HistorySide,3263,0.033046672256368675,0.044720533445607426,0.045718968806360484,0.9923801467196274,0.0,0.15774186516849997,0.1616690063957865,0.16379127574253344,1.0,1.0
payload50,AlwaysOpen-HistorySide,3264,0.028241428233829066,0.03713054368452427,0.03880758755487697,0.9286632929760126,0.0,0.14589244078332697,0.16163208197366144,0.16359443410910984,1.0,1.0
payload50,AlwaysOpen-HistorySide,3265,0.030925612429295816,0.04114569434248654,0.04303769218467638,0.9665712127341443,0.0,0.15050679528331945,0.1616607918322837,0.16375771487303425,1.0,1.0
payload50,AlwaysOpen-HistorySide,3266,0.033803367644140596,0.044705012511680874,0.0457354424299506,1.021082665889885,0.0,0.16313772664218681,0.16171119311519713,0.16381871290583486,1.0,1.0
payload50,AlwaysOpen-HistorySide,3267,0.027219240962071477,0.03647345655664013,0.03743915865291205,0.9035326719412176,0.0,0.14369654003940227,0.161615647458565,0.16359875713472244,1.0,1.0
payload50,AlwaysOpen-HistorySide,3268,0.028811791691624934,0.03896573976124478,0.03968035181580384,0.9453854346180675,0.0,0.15300728298917077,0.16166348201411002,0.1635890506425807,1.0,1.0
payload50,AlwaysOpen-HistorySide,3269,0.041979320047309004,0.05567697464409498,0.058034090185880086,1.1307737086271274,0.0,0.17388218907588857,0.1617640514048186,0.16383466538477126,1.0,1.0
payload50,AlwaysOpen-HistorySide,3270,0.029652131715339133,0.04001168849685895,0.04145935676624634,0.9551554164602923,0.0,0.15359056982870523,0.16166502780248002,0.16367914375203316,1.0,1.0
payload50,AlwaysOpen-HistorySide,3271,0.031074350807909386,0.04014814594887988,0.041633566667218826,0.9763911762095306,0.0,0.1568645601743924,0.161664963841995,0.16366735753049694,1.0,1.0
payload50,AlwaysOpen-HistorySide,3272,0.029351709303380623,0.04025208215595821,0.04151721020699651,0.9404009001619466,0.0,0.14904781978370416,0.1616406102292712,0.16356542669694257,1.0,1.0
payload50,AlwaysOpen-HistorySide,3273,0.03534581475626254,0.047323493736346915,0.04911059625714523,1.0304462843317412,0.0,0.1634877684653752,0.16169457119237884,0.16384366237888515,1.0,1.0
payload50,AlwaysOpen-HistorySide,3274,0.02661155769465759,0.036748933430113796,0.038187624959674836,0.903832446103926,0.0,0.14459945988875217,0.16162882937624878,0.1636491538354162,1.0,1.0
payload50,AlwaysOpen-HistorySide,3275,0.03119908285961739,0.041032402363957804,0.04223631366097441,0.990452106441093,0.0,0.15983296190481874,0.16170086694632102,0.16368123924576652,1.0,1.0
payload50,AlwaysOpen-HistorySide,3276,0.03191600915997496,0.044965073083404555,0.046261004249648824,0.9889913600727241,0.0,0.1590198972395306,0.16168745070287974,0.1636543055356796,1.0,1.0
payload50,AlwaysOpen-HistorySide,3277,0.03797362368431653,0.04969367507818587,0.051093784936224046,1.0965261527579901,0.0,0.17637750870241295,0.16176094960716422,0.1637014213026695,1.0,1.0
payload50,AlwaysOpen-HistorySide,3278,0.041307395545084315,0.055179136608400604,0.0565421057812385,1.1267744052253124,0.0,0.1767679732516646,0.16175992819063156,0.1640160165641723,1.0,1.0
payload50,AlwaysOpen-HistorySide,3279,0.03155054473014763,0.041824065816133425,0.042786128381676454,0.9763634382014361,0.0,0.15666713809080762,0.161677718039786,0.16361505715936403,1.0,1.0
payload50,AlwaysOpen-HistorySide,3280,0.029034724454482644,0.03755911820583693,0.039073917934600286,0.9441364208282822,0.0,0.15020802833399885,0.1616568196984026,0.16367249157722777,1.0,1.0
payload50,AlwaysOpen-HistorySide,3281,0.03562807108731097,0.0477748002484398,0.04882104572907336,1.041909338262304,0.0,0.16742518413015137,0.1616974735475018,0.16386852437695135,1.0,1.0
payload50,AlwaysOpen-HistorySide,3282,0.027453915472173508,0.037005601916155414,0.038023042089299186,0.9237471643544778,0.0,0.1491432957861184,0.16164364329767314,0.16351197133265372,1.0,1.0
payload50,AlwaysOpen-HistorySide,3283,0.028685920328330127,0.036984296023386744,0.03784975621458683,0.9315493305839674,0.0,0.14650811760265117,0.16162941975984269,0.16390311359230886,1.0,1.0
payload50,AlwaysOpen-HistorySide,3284,0.030440365838082496,0.0418282706369666,0.043153880925501056,0.9589777030761972,0.0,0.15371231132303004,0.16165211956769382,0.16381529853529136,1.0,1.0
payload50,AlwaysOpen-HistorySide,3285,0.035957203397042635,0.048788420072984964,0.049732744918937734,1.046328715496867,0.0,0.1694065403178381,0.1617255574529359,0.1638435669856306,1.0,1.0
payload50,AlwaysOpen-HistorySide,3286,0.03697600500447639,0.04913170850655947,0.05040388242176347,1.055204790488958,0.0,0.16596636842307258,0.16172148346566442,0.16369229774153068,1.0,1.0
payload50,AlwaysOpen-HistorySide,3287,0.03637001147292051,0.04865583579867948,0.05015318745788905,1.0464530850252451,0.0,0.1648718253167291,0.16171400304037195,0.16366797587596493,1.0,1.0
payload50,AlwaysOpen-HistorySide,3288,0.029066168572382242,0.03766805906591889,0.03853489817488139,0.9268592724914674,0.0,0.14401139158507573,0.16163933983304263,0.16369169665998606,1.0,1.0
payload50,AlwaysOpen-HistorySide,3289,0.03274334102569812,0.046436067276696705,0.04825733081661706,1.009748661724823,0.0,0.16228587602060754,0.16167596295352576,0.16384536159282853,1.0,1.0
payload50,AlwaysOpen-HistorySide,3290,0.03131618466489418,0.04191182869640059,0.04301708367766795,0.9554315493852282,0.0,0.14747769143810968,0.1616452340224345,0.16354354714201294,1.0,1.0
payload50,AlwaysOpen-HistorySide,3291,0.03772883618390854,0.04843807983613572,0.05006808288334736,1.077230560044978,0.0,0.17042290796803458,0.16173119750917156,0.16375443079239263,1.0,1.0
payload50,AlwaysOpen-HistorySide,3292,0.039441949471742295,0.052501536034164575,0.05389458161061872,1.091128970548454,0.0,0.1700016548711247,0.16172701108756485,0.16371195402435618,1.0,1.0
payload50,AlwaysOpen-HistorySide,3293,0.039014529484382346,0.05145289707490296,0.05303273667004151,1.1076283219168235,0.0,0.17640028828922313,0.16175474953186317,0.1638228113019834,1.0,1.0
payload50,AlwaysOpen-HistorySide,3294,0.03235093485815276,0.040423706108569345,0.04092499435341319,0.990040390016531,0.0,0.1548133289376974,0.16168609489832847,0.16370503248199053,1.0,1.0
payload50,AlwaysOpen-HistorySide,3295,0.039462430033840847,0.054013471557649975,0.05611478150593723,1.1101802798773093,0.0,0.1768764748039543,0.16175852007981018,0.16377032212008633,1.0,1.0
payload50,AlwaysOpen-HistorySide,3296,0.028558802495799163,0.03779163349788038,0.03896827328244371,0.9290797638895816,0.0,0.1481300558343139,0.16164853477624092,0.16359164977928484,1.0,1.0
payload50,AlwaysOpen-HistorySide,3297,0.026054693415247614,0.03412247554680907,0.03519476079403472,0.9005814475901297,0.0,0.1449705157905445,0.16164468484581687,0.16360887143311872,1.0,1.0
payload50,AlwaysOpen-HistorySide,3298,0.03979990019439798,0.051615248080110226,0.05249455467429625,1.092367963142649,0.0,0.1721679005504585,0.16172473000022752,0.1637551227359836,1.0,1.0
payload50,AlwaysOpen-HistorySide,3299,0.026894498377042483,0.036127164372509936,0.037688081516533856,0.917861574113766,0.0,0.14715751242111538,0.16163688334237988,0.16354315244805276,1.0,1.0
payload50,EventDetected-GatedHistory,3200,0.030156439554442475,0.04021793256308923,0.041650379418555615,0.9591180114599341,0.0,0.1550378783036274,0.1611720525913525,0.16352883310957864,0.996814971074943,0.9999998845965927
payload50,EventDetected-GatedHistory,3201,0.03827518421372444,0.05091699950258231,0.05267005603239858,1.0954330253394537,0.0,0.172394167400625,0.1617392365027521,0.1638319074406961,0.9999862278611683,0.9999999999473468
payload50,EventDetected-GatedHistory,3202,0.03592495303602863,0.046640081059905435,0.04798382364759064,1.040568660990801,0.0,0.1657691644207258,0.1616970971056334,0.16374774425878585,0.9999740970783544,0.9999999987777995
payload50,EventDetected-GatedHistory,3203,0.03719938674122045,0.05067362755753003,0.05252356767943058,1.0647476123878716,0.0,0.17040157852488336,0.1616788744875164,0.16381354618450758,0.9997998248853565,0.9999999996475255
payload50,EventDetected-GatedHistory,3204,0.03444672560570167,0.04696933240904104,0.048214385275772584,1.0301435564777333,0.0,0.16655278400011417,0.1616801090162897,0.16369878047902106,0.9998156377230759,0.9999999962247239
payload50,EventDetected-GatedHistory,3205,0.03521093747807026,0.046453714198992704,0.04773375535174622,1.008178832642596,0.0,0.1556796929190546,0.16165050469985373,0.1637266875179676,0.9998482394972938,0.9999999967786809
payload50,EventDetected-GatedHistory,3206,0.03432965352143018,0.04537448641557673,0.04619244293496502,1.0134443367544688,0.0,0.15879956208695364,0.16163799672977583,0.16369614430868842,0.9996331635097,0.9999999965489254
payload50,EventDetected-GatedHistory,3207,0.03510204300656306,0.04779152669975353,0.050038208931539326,1.0412930258635797,0.0,0.16464569434565116,0.16161448440187035,0.16383494917048835,0.9993538205283455,0.9999999991526777
payload50,EventDetected-GatedHistory,3208,0.029974727289686105,0.04074497122028607,0.04201884049582181,0.9522170283150138,0.0,0.15419068288866739,0.16023293700947136,0.16369120418027258,0.9911510187307941,0.9999998563366843
payload50,EventDetected-GatedHistory,3209,0.03344181223487899,0.044374419988900536,0.04540829617608488,0.9925648354859553,0.0,0.1561387607967367,0.16156859599786316,0.16357885487108947,0.9994005497458441,0.9999999919136149
payload50,EventDetected-GatedHistory,3210,0.028031422199081845,0.03669686017836245,0.03793818708846207,0.9221504091864844,0.0,0.1463593142414093,0.16017721074149624,0.16345282641993342,0.9909365400220722,0.9999994851346046
payload50,EventDetected-GatedHistory,3211,0.038645889122961075,0.051445414933412814,0.0524547399168187,1.075434436827648,0.0,0.1697598852244723,0.16170486331529862,0.16381831590570659,0.9999434468543829,0.9999999997863026
payload50,EventDetected-GatedHistory,3212,0.034999393596288654,0.046687517651425765,0.04836209590334926,1.0365154703102974,0.0,0.1623818739755075,0.16161298646051084,0.1637678893943611,0.9994340417438327,0.9999999991237069
payload50,EventDetected-GatedHistory,3213,0.041390619752986996,0.05497729828323077,0.05642725957386241,1.1219784236327515,0.0,0.17494423643029186,0.16174653213213716,0.16384262080364745,0.9999946128931895,0.9999999999842935
payload50,EventDetected-GatedHistory,3214,0.04020808422106137,0.05665315526497259,0.05891192492087,1.1293973379687068,0.0,0.17831133730394444,0.1617659810859111,0.1638203569338879,0.9999891156587271,0.9999999999904993
payload50,EventDetected-GatedHistory,3215,0.036521930069250384,0.04931441981097742,0.05092890442944539,1.0530496179193911,0.0,0.16819298354540546,0.16171921606016004,0.16378210723057193,0.9999506599699112,0.9999999994111876
payload50,EventDetected-GatedHistory,3216,0.03917460756981343,0.05249266905116813,0.053544499579816725,1.1158578906603522,0.0,0.1778473519722452,0.16176562214648585,0.16381543392825604,0.9999932139998078,0.9999999999682166
payload50,EventDetected-GatedHistory,3217,0.03398089940508447,0.046103222605129,0.04745755121426484,1.0189339595609304,0.0,0.16285163989208445,0.16166433066520325,0.16367168762472076,0.9997116167444972,0.999999995429042
payload50,EventDetected-GatedHistory,3218,0.02741439454585883,0.037414938921900495,0.03885751465128066,0.932388258439209,0.0,0.15223442270978976,0.15856611015864044,0.16357707283920722,0.9808647005738335,0.9999997829995082
payload50,EventDetected-GatedHistory,3219,0.02726269334984424,0.034927842137644736,0.035737430398516484,0.9074492164167105,0.0,0.14735834302466005,0.15879596650503516,0.16340930200248316,0.9823451174461446,0.9999989028857437
payload50,EventDetected-GatedHistory,3220,0.03083154624728514,0.04049028289163085,0.041266163745501024,0.953391436446159,0.0,0.15006354967331345,0.16135026850278122,0.16352543996985333,0.9980895655946771,0.9999999330148366
payload50,EventDetected-GatedHistory,3221,0.03956747645298485,0.05493338565285161,0.056499364790100315,1.107194252858544,0.0,0.17447830907265358,0.16174274050182175,0.1638823573341197,0.9999618311263683,0.9999999999622267
payload50,EventDetected-GatedHistory,3222,0.028537791207821805,0.036691589917265295,0.03782577674573023,0.941738377743143,0.0,0.15257872910400136,0.16032630803305065,0.16357984182587051,0.9918639673153995,0.9999998437659022
payload50,EventDetected-GatedHistory,3223,0.029364829837636122,0.039224210867202514,0.040795845129353206,0.938180509286111,0.0,0.14860346334573096,0.16107145984580018,0.16363177194417727,0.9963270552986719,0.9999997298133715
payload50,EventDetected-GatedHistory,3224,0.031089446944208794,0.04283114577339529,0.0448876799390966,0.9842158607807999,0.0,0.15797231569428338,0.16140816080110065,0.16349590020802807,0.9983069938790621,0.9999999855841064
payload50,EventDetected-GatedHistory,3225,0.036949737553865214,0.048696068722660885,0.0505079373927723,1.066062800470877,0.0,0.16729969697184957,0.161713046673685,0.16385196285059497,0.9998999788954207,0.9999999997034213
payload50,EventDetected-GatedHistory,3226,0.030577558561760643,0.03876284236649442,0.04024402291243667,0.9675732636165082,0.0,0.15427880962588503,0.1613647908101952,0.1636195870972855,0.998157231389048,0.9999999706499847
payload50,EventDetected-GatedHistory,3227,0.03071131656209767,0.04065040844722279,0.04176774574191893,0.9677300745085815,0.0,0.15521076324330615,0.16137895930005458,0.16365522073081157,0.9982447695149269,0.9999999607935739
payload50,EventDetected-GatedHistory,3228,0.02805591068113466,0.037315362205584124,0.03857489446948418,0.9235240454156937,0.0,0.1477875235975749,0.1597227225506352,0.16346437940351674,0.9881770981425128,0.9999994667411972
payload50,EventDetected-GatedHistory,3229,0.02648399856569313,0.035368076505652775,0.036200483271854246,0.9000514800005686,0.0,0.14526912616817905,0.1572666929682166,0.1633482033641176,0.9730547314950319,0.9999992202368233
payload50,EventDetected-GatedHistory,3230,0.037488421818541035,0.04927858298608063,0.050465772540121696,1.0605697897656643,0.0,0.16915962857208652,0.16170001683637522,0.16364344527805674,0.9999071552934081,0.9999999994769599
payload50,EventDetected-GatedHistory,3231,0.03063041981382047,0.0403889976453776,0.04191492190228037,0.9717093188060782,0.0,0.15438596186643894,0.161422396704929,0.16368323665632356,0.9984442794413596,0.9999999638441407
payload50,EventDetected-GatedHistory,3232,0.029448929295634363,0.03885301622478207,0.03979249856276706,0.9434879089325948,0.0,0.14902493108355114,0.16121872329184359,0.16365874652046747,0.9973180780633326,0.9999998770891447
payload50,EventDetected-GatedHistory,3233,0.02847160393582343,0.03917028144606824,0.040692002779712674,0.9352339498786489,0.0,0.14940122910047013,0.1609618944548139,0.16360522932219168,0.9957106984357573,0.9999998401755925
payload50,EventDetected-GatedHistory,3234,0.03259410185034964,0.04416291773953127,0.04516316500868687,0.9876024757330342,0.0,0.15607531709694972,0.16152516269086023,0.16371278528500405,0.9989862582393529,0.9999999834381044
payload50,EventDetected-GatedHistory,3235,0.036105371661437895,0.04903668359827514,0.050616599344822634,1.0466863107394018,0.0,0.16684237147338216,0.1616820236056488,0.16366877643782787,0.999810723557605,0.9999999994032057
payload50,EventDetected-GatedHistory,3236,0.03695825258967117,0.04882554891542356,0.050098852312474094,1.0576517653069608,0.0,0.1684877738748913,0.16165456179150342,0.16384387909362796,0.9995631154991982,0.9999999995539917
payload50,EventDetected-GatedHistory,3237,0.035388904072729196,0.047006451525588425,0.04809691148474479,1.0341041249644625,0.0,0.16538884450113775,0.1616508819215827,0.1637742080858821,0.9995380536394585,0.9999999984773144
payload50,EventDetected-GatedHistory,3238,0.039673897172397075,0.05453143038615194,0.056442993802978556,1.1158124072410054,0.0,0.17579429097495394,0.16173504547253267,0.16382249264411236,0.9999499069979962,0.9999999999748154
payload50,EventDetected-GatedHistory,3239,0.041501439933167954,0.05551099965615979,0.057105647007641896,1.1270576854323076,0.0,0.17510965669943895,0.1617627915346517,0.16397365847645912,0.9999890069268272,0.999999999990794
payload50,EventDetected-GatedHistory,3240,0.028065072328464096,0.03710332041000645,0.03815038361853863,0.9097556861408725,0.0,0.1419834112681499,0.16023772825362556,0.16348862766964695,0.9913877426594914,0.9999993482204511
payload50,EventDetected-GatedHistory,3241,0.02685098407009101,0.03493333391624296,0.03600294232378875,0.9059791749388167,0.0,0.1463667378340129,0.15771202606671386,0.16346821378627793,0.9756523901429075,0.9999990769581298
payload50,EventDetected-GatedHistory,3242,0.027139636167857105,0.03662514877086221,0.037611197684445416,0.9054438949808172,0.0,0.14448296112249023,0.15876108746965562,0.16334558368701071,0.9821913796737872,0.9999988945232975
payload50,EventDetected-GatedHistory,3243,0.03198002982138114,0.04268209419017483,0.04436240345366335,0.9865245624083128,0.0,0.15544670938894944,0.16154302321618577,0.1635883237307264,0.9991577274214319,0.999999977802612
payload50,EventDetected-GatedHistory,3244,0.03185499938253281,0.04231583049721303,0.043401333624616845,0.969972734720251,0.0,0.15358825335242074,0.16122912026050637,0.16364100972931633,0.9972589154563601,0.9999999807811331
payload50,EventDetected-GatedHistory,3245,0.033656173459810375,0.044138508098481986,0.044817685202457436,1.006591870004453,0.0,0.15940445934208866,0.1612473247559339,0.16363974299933393,0.9971543712323502,0.9999999948730915
payload50,EventDetected-GatedHistory,3246,0.036390469922758954,0.04721469893011655,0.04866774482616023,1.0538364408378509,0.0,0.1666689560171385,0.16168044199719925,0.1638016971335183,0.9997644730536398,0.999999999463232
payload50,EventDetected-GatedHistory,3247,0.02922189366195733,0.038072875876831905,0.03900002276617583,0.9319381816415602,0.0,0.1470049051508608,0.16032000301090396,0.1634646267379053,0.9917656068576631,0.9999998794652241
payload50,EventDetected-GatedHistory,3248,0.03230496825054141,0.04240303258672203,0.04325770511839632,0.9791928617382746,0.0,0.15408732296350697,0.161170423385009,0.16360883998398568,0.9969166834737246,0.9999999851445864
payload50,EventDetected-GatedHistory,3249,0.03665941737587768,0.04855586453216775,0.05003940391839969,1.0538921817532005,0.0,0.16570258184746964,0.16164584364558415,0.16386580876012138,0.9995809809705103,0.9999999996673432
payload50,EventDetected-GatedHistory,3250,0.02796024425149346,0.037920263467464466,0.03914717533828596,0.9176114877020193,0.0,0.14736248969234833,0.15625504572847568,0.16352030512381652,0.9667554052524818,0.9999996198085234
payload50,EventDetected-GatedHistory,3251,0.02900312078468237,0.03911801408955346,0.040159244817895554,0.9330362165541739,0.0,0.14762965782489074,0.1600205028586841,0.16353520460232296,0.9899222145051912,0.9999997622067992
payload50,EventDetected-GatedHistory,3252,0.03191839269090298,0.04401517905925698,0.045102812569569425,0.9732719327296953,0.0,0.1569106100924838,0.1610367996707573,0.1637137832697096,0.9959556292342491,0.9999999670574061
payload50,EventDetected-GatedHistory,3253,0.036459492886353494,0.04823159062224059,0.04944193646159514,1.0641763862766773,0.0,0.1716088462914448,0.1616719143075625,0.16373553751435616,0.9996664560926602,0.9999999995609055
payload50,EventDetected-GatedHistory,3254,0.0363884165963814,0.049310424314489704,0.050880831794958135,1.0485593090199623,0.0,0.16486885316732608,0.16169647204789417,0.16380543399897946,0.9999167767250509,0.9999999995842784
payload50,EventDetected-GatedHistory,3255,0.030307387330555147,0.040976701315693566,0.0422343973552038,0.9581908198458589,0.0,0.15566033734405008,0.16073921103035485,0.16371841079356353,0.9942651930055145,0.9999999020199105
payload50,EventDetected-GatedHistory,3256,0.02630364655004327,0.03380990534951708,0.03430095904185209,0.8999342114596839,0.0,0.1459931640957246,0.15880681208033925,0.1635075404717933,0.9824336648238551,0.9999983605818724
payload50,EventDetected-GatedHistory,3257,0.032277408065991775,0.042477268156342465,0.04347139283460771,0.9806885773698648,0.0,0.15640115034536328,0.16158039135150423,0.16384025232186733,0.999392793579952,0.9999999686702444
payload50,EventDetected-GatedHistory,3258,0.03301206373143259,0.04390397412790119,0.045207854795128455,1.0038608559109312,0.0,0.15924853683819168,0.16151097224610123,0.16364271311784057,0.9989389039607492,0.9999999949303843
payload50,EventDetected-GatedHistory,3259,0.03067821666386328,0.03893254280343994,0.03958332515922497,0.9558319820003706,0.0,0.1527221347735283,0.16128897192078512,0.16361520592492765,0.9977277890745337,0.9999999182177778
payload50,EventDetected-GatedHistory,3260,0.036604770963824314,0.049482407575910554,0.05148326035331551,1.0569330307819842,0.0,0.16572243468705689,0.16171588929685246,0.1638015198502144,0.9999831049307215,0.999999999723303
payload50,EventDetected-GatedHistory,3261,0.02831842707264024,0.038611763518482195,0.04032296413587502,0.9389102993255426,0.0,0.15222667094964387,0.16028787694100988,0.16354224295292727,0.9915246040829455,0.9999998652630183
payload50,EventDetected-GatedHistory,3262,0.038061988226763335,0.051035601790035155,0.05231197358650091,1.087986944247682,0.0,0.1707320649756618,0.1617285472986983,0.1638412142484526,0.9999834110299418,0.9999999998865042
payload50,EventDetected-GatedHistory,3263,0.03304544513618652,0.04472053511866065,0.045718972840110464,0.9923762041809578,0.0,0.15774385908544467,0.16144565926788734,0.1637605666253685,0.9986213697965719,0.9999999918709432
payload50,EventDetected-GatedHistory,3264,0.02824270523646634,0.03713083036001801,0.03881119926637534,0.9286581369577988,0.0,0.14588841966417623,0.16085546121960892,0.16350731197454396,0.9951967145864999,0.9999998288468499
payload50,EventDetected-GatedHistory,3265,0.030931253979995008,0.04115120253448717,0.04305117969689791,0.9665780204925173,0.0,0.15050418245236197,0.16144029820743844,0.1636536761688724,0.9986389490653084,0.9999999641014254
payload50,EventDetected-GatedHistory,3266,0.03380404581152253,0.04470887120378627,0.045738546720952,1.0210689659139844,0.0,0.16313615703409085,0.161617297982919,0.16379631204920214,0.9994182310120165,0.9999999980078832
payload50,EventDetected-GatedHistory,3267,0.02722617044175986,0.03647775744442113,0.03744781857033299,0.9035521308792929,0.0,0.1436907044361579,0.15968429688719044,0.16337289747816122,0.9880509212714778,0.9999992575176356
payload50,EventDetected-GatedHistory,3268,0.02882084593886814,0.03899344211631581,0.03969628504977424,0.945392803908455,0.0,0.15300199149515598,0.16048085867376655,0.1635034233364237,0.9926937692978984,0.9999998327555205
payload50,EventDetected-GatedHistory,3269,0.041984262371843425,0.05569988401553585,0.058045351682880414,1.1307716423796115,0.0,0.1738801328576362,0.1617638305437123,0.16383445226453777,0.9999987950833978,0.999999999989482
payload50,EventDetected-GatedHistory,3270,0.029652909315520094,0.04001639695594229,0.04146145021248927,0.9551516870457623,0.0,0.1535881416108527,0.1610255402889762,0.1634798262114204,0.9960506917787921,0.99999992880715
payload50,EventDetected-GatedHistory,3271,0.031076346647418488,0.040158574021072896,0.041639656254726966,0.9763909012809672,0.0,0.15686275542765954,0.16137168940669447,0.1636053013139113,0.9981844941044277,0.9999999614861089
payload50,EventDetected-GatedHistory,3272,0.029352433063238544,0.040259664083412354,0.04152498888453182,0.9403715577666631,0.0,0.1490322489260448,0.159993726237048,0.16344838118424335,0.9898158312721652,0.9999998803007695
payload50,EventDetected-GatedHistory,3273,0.0353458885799664,0.04732348293198404,0.04911069367417305,1.0304457838860874,0.0,0.16348763096396812,0.16165519449932172,0.16381694957317613,0.9997558893366317,0.9999999985622616
payload50,EventDetected-GatedHistory,3274,0.0266097928789559,0.0367546427491411,0.03819103758335776,0.903814437735096,0.0,0.1445904153888598,0.1574262577426304,0.16334707508874205,0.9739886147933408,0.999999222283565
payload50,EventDetected-GatedHistory,3275,0.03119924226053673,0.04103251598542982,0.04223638388692813,0.9904510929388175,0.0,0.1598303545252074,0.1612758895175852,0.16362828045965916,0.9973770378135588,0.9999999844768727
payload50,EventDetected-GatedHistory,3276,0.03191599715127409,0.044965086561641644,0.046261183750530455,0.9889893802032695,0.0,0.15901648887621017,0.16066219275427332,0.16361914824067203,0.9936611164677599,0.9999999839886545
payload50,EventDetected-GatedHistory,3277,0.0379761533276216,0.04970708569309018,0.051100635460638616,1.0965278598415114,0.0,0.176376550266415,0.16175482327830987,0.16369217865394126,0.9999620675313431,0.9999999998946972
payload50,EventDetected-GatedHistory,3278,0.04131001387088093,0.05517978013301878,0.056546986560946165,1.1267624012544564,0.0,0.1767666373747797,0.16175881862179575,0.16401577850398122,0.9999933028668988,0.9999999999850772
payload50,EventDetected-GatedHistory,3279,0.031550585390057936,0.04182396390611978,0.04278599807000515,0.9763630765423632,0.0,0.15666529373155227,0.16145606870380239,0.16356543156693998,0.9986306660662141,0.9999999684601892
payload50,EventDetected-GatedHistory,3280,0.02903416446318371,0.03755923433130127,0.039073963990098055,0.9441333869055317,0.0,0.15020207479769815,0.1609235949201088,0.16354800920766316,0.995474097843043,0.999999885623422
payload50,EventDetected-GatedHistory,3281,0.03562916239101959,0.047780439712216925,0.04882389130784213,1.0419093715375514,0.0,0.16742478313356104,0.1616786181830466,0.16386349900125144,0.9998837366805627,0.9999999987547555
payload50,EventDetected-GatedHistory,3282,0.027456170774217522,0.03700606130817117,0.038026752865652824,0.9237329235884548,0.0,0.149112834595536,0.15765032324949668,0.16329073627434465,0.9753312030405168,0.9999996810026809
payload50,EventDetected-GatedHistory,3283,0.02869028072037823,0.0369843766814548,0.03786331139355917,0.9315527497733123,0.0,0.14650529617238423,0.15962601372088775,0.16359539492845296,0.9876279350573846,0.9999997561589945
payload50,EventDetected-GatedHistory,3284,0.03044129396762336,0.04183242811125572,0.04316157464115056,0.9589751201340987,0.0,0.15370643640233025,0.16074002660742748,0.16370850389780622,0.994355608881159,0.9999999491920553
payload50,EventDetected-GatedHistory,3285,0.035957348154734295,0.04878940059386551,0.04973343952601627,1.0463289419477229,0.0,0.16940647157262442,0.16168421439081015,0.1638261096988016,0.9997448199070323,0.9999999989887653
payload50,EventDetected-GatedHistory,3286,0.03697777356196325,0.04913935831555688,0.05040721934054733,1.0552003074747611,0.0,0.1659651270856496,0.16169616481751345,0.1636740813009277,0.9998437002369317,0.9999999995481468
payload50,EventDetected-GatedHistory,3287,0.03637201387280894,0.0486576765679148,0.05016036214427987,1.0464538666632894,0.0,0.16487025246091686,0.1616860157330266,0.1636523439802208,0.9998267992164229,0.9999999993494282
payload50,EventDetected-GatedHistory,3288,0.029073097612688094,0.03769169715914886,0.038577696433168024,0.9268685507004959,0.0,0.14399995804731325,0.16077804997923023,0.16360083884435317,0.9946703463031684,0.9999998611667738
payload50,EventDetected-GatedHistory,3289,0.03274509736828607,0.046448980994706957,0.04826353215888289,1.0097448487595004,0.0,0.16228686362855116,0.1614225574165746,0.16378780216141653,0.9984229863037215,0.9999999963404795
payload50,EventDetected-GatedHistory,3290,0.031317845944732706,0.04191127971139759,0.043017987640953055,0.9554193880769217,0.0,0.14747481292575632,0.16149523865564427,0.16347760309985668,0.9990731349451055,0.9999999467088503
payload50,EventDetected-GatedHistory,3291,0.03773341248031334,0.048461154050044,0.05008113727813508,1.0772445967842603,0.0,0.17042188244732545,0.16172635537489485,0.16375184428233291,0.9999700242834771,0.9999999998089721
payload50,EventDetected-GatedHistory,3292,0.039442006999471875,0.05250142613298036,0.05389511635991628,1.091125506491908,0.0,0.17000134864493752,0.16172112154489032,0.16370421077026462,0.9999635522103091,0.9999999999163476
payload50,EventDetected-GatedHistory,3293,0.03902133899320146,0.05147813212805187,0.05304230017832858,1.1076275211453375,0.0,0.1763978408757668,0.16175325584618794,0.16382257798373503,0.9999908548646237,0.99999999994967
payload50,EventDetected-GatedHistory,3294,0.03235667972785859,0.04043465131734931,0.04092448256103647,0.9900357151926725,0.0,0.154810261379277,0.16150989369151655,0.16365160804328757,0.9989094163416316,0.9999999921817619
payload50,EventDetected-GatedHistory,3295,0.03946246110489635,0.05401349430628074,0.05611490580952587,1.1101799460595638,0.0,0.17687643134427075,0.16175592285408452,0.1637702177631642,0.9999839265634615,0.9999999999543675
payload50,EventDetected-GatedHistory,3296,0.02855859129719554,0.037790860404677384,0.03896705278911321,0.9290782924579899,0.0,0.14812181216599588,0.16084755773720272,0.16340184690550283,0.9950460783807371,0.9999995507368499
payload50,EventDetected-GatedHistory,3297,0.02604952077974904,0.03412740649943728,0.03519682976228889,0.9005441652343978,0.0,0.14496974619160896,0.15547946358220238,0.16327441047156355,0.9618857591365536,0.9999985924184247
payload50,EventDetected-GatedHistory,3298,0.039799892529478756,0.05161524811461315,0.052494554713459464,1.092367927248101,0.0,0.1721679090485257,0.1617220835112301,0.16375508874735917,0.9999836312035565,0.9999999999049443
payload50,EventDetected-GatedHistory,3299,0.0268989328550732,0.03614550561757014,0.03769733025230874,0.9178634542806886,0.0,0.14714178874802883,0.15933893460718923,0.16334703839512849,0.9857889128075011,0.9999993199247417
payload50,DetectorShuffled-GatedHistory,3200,0.030153350288518396,0.04019591329107306,0.041637171730169724,0.9591110739943262,0.0,0.15504243272890345,0.16168387422405733,0.16360013309688742,0.9999834055427888,0.9999999998865584
payload50,DetectorShuffled-GatedHistory,3201,0.03827996321012522,0.05092092105336457,0.05267889058993839,1.0954396906719361,0.0,0.17238773862157744,0.16042188909260388,0.1637177454115453,0.991844702093756,0.9999998433739434
payload50,DetectorShuffled-GatedHistory,3202,0.035929164559537013,0.04664977472344995,0.04799646328924508,1.0405790919397846,0.0,0.1657654453573419,0.16120294992862796,0.16369542365677628,0.9969225650821752,0.9999999851440382
payload50,DetectorShuffled-GatedHistory,3203,0.03720721247262199,0.05070119531269485,0.05253960203437485,1.0647732075046379,0.0,0.1703902188314855,0.16085176800602277,0.16370188820692708,0.9946798247911774,0.9999998610490102
payload50,DetectorShuffled-GatedHistory,3204,0.034450455213450595,0.04698213209036877,0.04821907303294418,1.030137138787178,0.0,0.16654963548976606,0.16149001708704025,0.16366482795975024,0.9986397137793436,0.9999999640962879
payload50,DetectorShuffled-GatedHistory,3205,0.03521255760172956,0.04645658437570844,0.047734165358503715,1.008185119965073,0.0,0.1556805714669511,0.16158365475844244,0.16371058868835855,0.9994340634682581,0.9999999991242214
payload50,DetectorShuffled-GatedHistory,3206,0.0343263410991393,0.04537157267025537,0.046188163048096184,1.0134505648415215,0.0,0.15879853093218874,0.16078364129814451,0.16361631520858835,0.9943594085104949,0.999999949193153
payload50,DetectorShuffled-GatedHistory,3207,0.035101879057970034,0.047791594120943866,0.05003824766788219,1.0412923249940909,0.0,0.16464602141591403,0.16167187850472423,0.16380245712093258,0.9997116468661438,0.9999999954263739
payload50,DetectorShuffled-GatedHistory,3208,0.029978327175818168,0.04074820829990139,0.042022448086111615,0.9522214594532343,0.0,0.15419388745699145,0.16161012930009158,0.1637917611374188,0.9996659419279033,0.9999999995613551
payload50,DetectorShuffled-GatedHistory,3209,0.033442782289011035,0.04437498136447642,0.04541226746457726,0.9925624553198406,0.0,0.15613802035219476,0.16165761538176776,0.1636037341799733,0.9999502342317851,0.9999999994110753
payload50,DetectorShuffled-GatedHistory,3210,0.028028218068254302,0.036686672656866266,0.037936181291831926,0.9221527760737498,0.0,0.14636517310712946,0.16156768793380302,0.16358309359757067,0.9995389551983829,0.999999998473695
payload50,DetectorShuffled-GatedHistory,3211,0.0386479298249215,0.051445040155385195,0.05245608717736733,1.075427635898397,0.0,0.16975865963243755,0.16146208363637873,0.16375264770919626,0.9984431838965632,0.9999999638558404
payload50,DetectorShuffled-GatedHistory,3212,0.034999357095400044,0.046689147024758224,0.048366195428823505,1.0365287059612676,0.0,0.16237663968088903,0.16133537838689052,0.16375109539792337,0.9977225154718105,0.9999999181315615
payload50,DetectorShuffled-GatedHistory,3213,0.04138691189906434,0.0549741273269346,0.05641896442020584,1.1219822238325696,0.0,0.17494769053601653,0.1607224388588966,0.16381578637871164,0.9936755695581124,0.9999999839673825
payload50,DetectorShuffled-GatedHistory,3214,0.04020813623105103,0.05665337461748536,0.05891205387359782,1.1293972923311923,0.0,0.1783111513302351,0.16173788629370786,0.16376337352598988,0.9998156876802348,0.999999996225126
payload50,DetectorShuffled-GatedHistory,3215,0.03652760367640952,0.04933927482613454,0.050943492173659115,1.0530668180687741,0.0,0.168180740767767,0.1563670008384818,0.16351180820225825,0.9669242389230772,0.9999996197797144
payload50,DetectorShuffled-GatedHistory,3216,0.03917585162233561,0.052494396338523486,0.05354826676219878,1.1158631731698052,0.0,0.1778473143544201,0.16174790973869296,0.16380065456266574,0.9998834680369784,0.9999999987553142
payload50,DetectorShuffled-GatedHistory,3217,0.03398127575135382,0.046100864145513704,0.04745556198876265,1.0189232399894075,0.0,0.16285070305191643,0.1617088602163164,0.16373635380160925,0.9999861972370339,0.999999999947289
payload50,DetectorShuffled-GatedHistory,3218,0.027416707267563598,0.037420804529720686,0.038860314824116185,0.9323909314142483,0.0,0.1522359318446986,0.1616567786493448,0.16368335277034635,0.9999635653740843,0.9999999999162753
payload50,DetectorShuffled-GatedHistory,3219,0.02725728272652765,0.03491025549436585,0.035715407419425346,0.9074606768380136,0.0,0.1473860147817672,0.16095417055100375,0.16355013572249683,0.9957077262246514,0.9999998402081118
payload50,DetectorShuffled-GatedHistory,3220,0.030828136275079368,0.0404666908359845,0.04124547359509867,0.9533727165133767,0.0,0.1500613598181056,0.16001896112823052,0.16349931662401065,0.9898506013042903,0.999999880016287
payload50,DetectorShuffled-GatedHistory,3221,0.03957260383193057,0.054949664121679356,0.05650897730738558,1.1072202974583276,0.0,0.17445847191633437,0.1578221868102724,0.16355690024305822,0.9757276228401722,0.9999990708272266
payload50,DetectorShuffled-GatedHistory,3222,0.028531790118083128,0.036688601170600646,0.037817560644088845,0.9417046771895022,0.0,0.15258626875071366,0.16164087020548337,0.16366541657333258,0.9999890617070475,0.9999999999907957
payload50,DetectorShuffled-GatedHistory,3223,0.029360160016608548,0.03922171305629357,0.04078798263251116,0.9381862210774343,0.0,0.1486101508567136,0.16156712660266903,0.16371819442082675,0.9993923221971325,0.9999999687193313
payload50,DetectorShuffled-GatedHistory,3224,0.031085502431067915,0.04282740143883259,0.044878881219198107,0.9842162714675644,0.0,0.1579728875858374,0.16142808731664526,0.16348365548056606,0.9984268570201628,0.9999999963410199
payload50,DetectorShuffled-GatedHistory,3225,0.03695060619756953,0.04869652509928321,0.05050860122165554,1.06606596249647,0.0,0.16729684757257354,0.16128492729712327,0.1637306435123377,0.9972512209810599,0.999999980791052
payload50,DetectorShuffled-GatedHistory,3226,0.03057819050283112,0.03876292307759296,0.040244349128087956,0.9675746760449532,0.0,0.15427865236625402,0.16152668954862617,0.16369574134314138,0.9991574972921509,0.9999999778012815
payload50,DetectorShuffled-GatedHistory,3227,0.030711652761951487,0.040646386290390066,0.04176203834096432,0.9677303905053286,0.0,0.15520202009739725,0.15767759283246258,0.16351320470897304,0.9753673667216147,0.9999996812033017
payload50,DetectorShuffled-GatedHistory,3228,0.028053182333766042,0.037310208311578476,0.03856642629935991,0.923524416891729,0.0,0.14777808725629368,0.15875519256300769,0.16341830558359421,0.9821956686990501,0.9999988947351126
payload50,DetectorShuffled-GatedHistory,3229,0.026485725995106596,0.03537001940686055,0.03620377223301362,0.9000556999606044,0.0,0.14528237623195933,0.1616192173772013,0.16367020346731453,0.9999740885518736,0.9999999987772716
payload50,DetectorShuffled-GatedHistory,3230,0.037492139241330276,0.04929051754240823,0.050477997754574164,1.0605644949431725,0.0,0.1691600647943384,0.1615394148468867,0.16361746633452776,0.9989094377408049,0.9999999921821902
payload50,DetectorShuffled-GatedHistory,3231,0.03063039804712993,0.040391614521393525,0.04191847037591704,0.9717202338142258,0.0,0.1543905279929419,0.1616067448119888,0.16370387571810108,0.9995810684874552,0.9999999996660094
payload50,DetectorShuffled-GatedHistory,3232,0.029449375392570167,0.038856239761079395,0.039793382230601616,0.9434867217910644,0.0,0.1490265152618548,0.1613581383809251,0.16368853500535294,0.9981843199571708,0.9999999614839302
payload50,DetectorShuffled-GatedHistory,3233,0.028471459211449886,0.039171388133112606,0.04069333631125534,0.9352315452083071,0.0,0.1494032612810921,0.16158582211659067,0.1637084114908909,0.9995620512799699,0.9999999995548469
payload50,DetectorShuffled-GatedHistory,3234,0.03259532620936023,0.044172728201400877,0.04516917816574324,0.9875976086452731,0.0,0.1560751896042972,0.16165862461771938,0.1637344728842481,0.9998107433117669,0.9999999994033776
payload50,DetectorShuffled-GatedHistory,3235,0.03610448328725809,0.04903702383600159,0.05061582389701328,1.0466902121019526,0.0,0.1668433592483872,0.16168805735721412,0.16366302150093487,0.9998484283198652,0.9999999967789065
payload50,DetectorShuffled-GatedHistory,3236,0.03696090284822756,0.04883978043331957,0.05010393247394046,1.0576312557295822,0.0,0.1684794251257575,0.16025844743127,0.1636328902446135,0.9909307013091296,0.9999994846652687
payload50,DetectorShuffled-GatedHistory,3237,0.035388519814042445,0.04700149321974308,0.048094099908418286,1.0341064082034739,0.0,0.16538804042776853,0.1612640225388608,0.16371140202093742,0.9971578449225479,0.999999994872214
payload50,DetectorShuffled-GatedHistory,3238,0.03968105743287197,0.054539470963053345,0.05646168582383983,1.1158246391458382,0.0,0.1757890465439568,0.16114906360282408,0.16369521880839236,0.9963258065229527,0.999999729722823
payload50,DetectorShuffled-GatedHistory,3239,0.04150155066275366,0.05551120907484398,0.057104505294494644,1.1270639310341568,0.0,0.17510760061997588,0.16110858387665716,0.16389045705154576,0.9959563897173899,0.9999999670285464
payload50,DetectorShuffled-GatedHistory,3240,0.02806436479926335,0.037101930825594744,0.0381474158666711,0.9097411299215362,0.0,0.14200128411169247,0.16160415672299772,0.1637147365926603,0.9998451189084492,0.999999999548501
payload50,DetectorShuffled-GatedHistory,3241,0.02684528223899835,0.03491445416570541,0.03598566075607958,0.9059660046008988,0.0,0.1463689837499987,0.1614845786182718,0.1636930793419101,0.9989862617705895,0.9999999834353626
payload50,DetectorShuffled-GatedHistory,3242,0.027136121735674607,0.03662509684313395,0.037610057929764185,0.9054441478367495,0.0,0.14449930234129166,0.16141997196688515,0.1634917567449323,0.9986193871634207,0.9999999918772413
payload50,DetectorShuffled-GatedHistory,3243,0.031981881126546256,0.04268815133910286,0.04436451509068556,0.9865130273310289,0.0,0.1554444553368182,0.16166605410343024,0.16360681352796,0.9999167844051186,0.9999999995843867
payload50,DetectorShuffled-GatedHistory,3244,0.03185671745402627,0.042324533180838286,0.04340405932501535,0.9699532250704567,0.0,0.15354420047800688,0.1555801298017427,0.16342098333753974,0.9623485372162754,0.9999985895725714
payload50,DetectorShuffled-GatedHistory,3245,0.033657091676957275,0.044139242173360134,0.0448208442361292,1.0065851187568082,0.0,0.15940710010319023,0.1617064676043818,0.16371504991987065,0.999994606676429,0.9999999999842928
payload50,DetectorShuffled-GatedHistory,3246,0.036389553022831575,0.04721171264029318,0.048664447625409675,1.0538190351343675,0.0,0.16667113539204242,0.16053730637019,0.1636970917620886,0.9926959971675382,0.999999832668011
payload50,DetectorShuffled-GatedHistory,3247,0.02921987299608745,0.03805778212976415,0.03898855271178164,0.9319320508066655,0.0,0.14699426627394743,0.15971557364117966,0.16339314488558582,0.9880255755341713,0.9999992559064081
payload50,DetectorShuffled-GatedHistory,3248,0.032306038952434,0.04240813618566247,0.04326343349690157,0.979207833377458,0.0,0.1540868775838397,0.15731691041295037,0.16352476111486774,0.9730973881060432,0.9999992215110634
payload50,DetectorShuffled-GatedHistory,3249,0.03665739860125835,0.04855026201906242,0.05003041025981806,1.053880165957849,0.0,0.16570351847159173,0.16171243677087743,0.16386561226071056,0.9999932971677841,0.9999999999852337
payload50,DetectorShuffled-GatedHistory,3250,0.027957313758334008,0.037910296457135347,0.03913697149178843,0.9176152849905118,0.0,0.14736609868132952,0.16163343215307294,0.16377170324393958,0.9999836316760514,0.9999999999049433
payload50,DetectorShuffled-GatedHistory,3251,0.029002322191191563,0.03911261026916024,0.04015634399225678,0.9330339139636241,0.0,0.14763659577263996,0.16121549191950008,0.16364462724809237,0.9973152640352639,0.9999998773637125
payload50,DetectorShuffled-GatedHistory,3252,0.03191834112070621,0.044019014067155374,0.045105455276016955,0.9732640520534234,0.0,0.15691233109431152,0.16151837621120266,0.16371396831402282,0.9989392020345967,0.9999999949394118
payload50,DetectorShuffled-GatedHistory,3253,0.03645801655530525,0.048226655541550915,0.04944032836210959,1.064180115327269,0.0,0.17160145769537505,0.16030103625144698,0.16364502520959678,0.9911917258489643,0.999999856295455
payload50,DetectorShuffled-GatedHistory,3254,0.03638876305702527,0.049310876987227296,0.05088087056835112,1.0485573264192936,0.0,0.16486662083795778,0.16155971995750934,0.16378391087902874,0.999073402656453,0.9999999466701552
payload50,DetectorShuffled-GatedHistory,3255,0.030305074430164003,0.04097530604569172,0.04223156533880577,0.9581936798291414,0.0,0.15566153666693236,0.16157237414591233,0.16377838549806847,0.999401099449108,0.9999999919366228
payload50,DetectorShuffled-GatedHistory,3256,0.026298860161992822,0.033772475799588274,0.03425893631147619,0.8999435334445818,0.0,0.14599207052975932,0.16084776473528006,0.16359875799218512,0.9950432856215743,0.99999955834093
payload50,DetectorShuffled-GatedHistory,3257,0.03227798535631676,0.04247657174087499,0.04346904078390555,0.9806858471231944,0.0,0.1563963792541542,0.16031500044749508,0.16376571851266541,0.9915537626530316,0.9999998651425897
payload50,DetectorShuffled-GatedHistory,3258,0.03301933938120248,0.04391385583813656,0.04522456341074484,1.0038642879759525,0.0,0.15924211052567486,0.16116794964866804,0.16355893024607504,0.99681896750731,0.99999988453442
payload50,DetectorShuffled-GatedHistory,3259,0.030675575834448205,0.03892936537458427,0.03957818985356506,0.955828747874477,0.0,0.1527234190818833,0.16164817665070744,0.16366807033852313,0.9999500831886524,0.999999999974818
payload50,DetectorShuffled-GatedHistory,3260,0.036605035291589885,0.04948050026837608,0.05148142953855826,1.0569244119170025,0.0,0.16572197039363942,0.161690674639176,0.1638013144928985,0.9998268609262221,0.9999999993494172
payload50,DetectorShuffled-GatedHistory,3261,0.028319808099673115,0.03860942539116137,0.04032095653433213,0.9389134496884542,0.0,0.1522337339968746,0.16165299230889615,0.16371061882715687,0.9999700116791167,0.9999999998090321
payload50,DetectorShuffled-GatedHistory,3262,0.03805729041233008,0.051018081910988736,0.05230399381260692,1.087991434373599,0.0,0.17073493805876094,0.1616917334882262,0.16384138969509404,0.99975560796903,0.9999999985638277
payload50,DetectorShuffled-GatedHistory,3263,0.0330466879558158,0.04472059683038715,0.04571912545829124,0.9923804424447392,0.0,0.15774290527239387,0.16093850687349162,0.16368828908771113,0.9954827773694089,0.999999885595903
payload50,DetectorShuffled-GatedHistory,3264,0.028243609506304185,0.03713130098247018,0.03881119049439099,0.9286656774311536,0.0,0.14589021276186584,0.16099295714088474,0.16350200916813,0.996049098379856,0.999999928731336
payload50,DetectorShuffled-GatedHistory,3265,0.030925997127117317,0.04114576377081315,0.04303837656620165,0.9665686331469129,0.0,0.15050647034146553,0.16165968691719962,0.1637565257469068,0.9999932142556949,0.9999999999682172
payload50,DetectorShuffled-GatedHistory,3266,0.03380605760905307,0.044717958343605715,0.045740871044275065,1.0210806933196166,0.0,0.16313484442038717,0.16143722864988697,0.16377824116225104,0.9983057835287753,0.9999999855945194
payload50,DetectorShuffled-GatedHistory,3267,0.027222589910053465,0.036472997515541276,0.037443215900358845,0.9035190527921279,0.0,0.14369455779463838,0.16161542448555216,0.1635987234314105,0.9999987930136505,0.9999999999894815
payload50,DetectorShuffled-GatedHistory,3268,0.028811628605436256,0.03896576585452517,0.03968036406413936,0.9453844424019697,0.0,0.15300686810941255,0.16156001523138278,0.16358565704175987,0.9993545596114133,0.999999999152682
payload50,DetectorShuffled-GatedHistory,3269,0.04197894569061179,0.05568664211262759,0.05803995640887566,1.130768881438377,0.0,0.17388751995929966,0.16012900373961939,0.16364786832052378,0.989912600509369,0.9999997619968134
payload50,DetectorShuffled-GatedHistory,3270,0.029653410963708472,0.04002211853252309,0.041463562715446906,0.9551515758294773,0.0,0.15358933736941535,0.16157110486895482,0.16365059737680643,0.9994182669353084,0.9999999980038313
payload50,DetectorShuffled-GatedHistory,3271,0.031076211010296895,0.04015990374063741,0.04164006625154649,0.9763929297609949,0.0,0.15686436307479984,0.16163271630465337,0.16366554338509054,0.999800254338871,0.99999999964886
payload50,DetectorShuffled-GatedHistory,3272,0.02935542147665618,0.04026615903238497,0.04152967313603905,0.9403907953619939,0.0,0.14904334052620513,0.16133296536434494,0.16346663526569688,0.9980964618102615,0.9999999329526323
payload50,DetectorShuffled-GatedHistory,3273,0.03534680591162404,0.04732401608609045,0.049111307750707836,1.0304481948228896,0.0,0.16348361136125827,0.16140947190331326,0.16375016719130783,0.9982367723077545,0.9999999606583322
payload50,DetectorShuffled-GatedHistory,3274,0.026611566083404634,0.03674896599204558,0.038187648813603856,0.9038324165612084,0.0,0.14459943243338086,0.16162707322393943,0.16364915269177763,0.9999891157203085,0.9999999999904988
payload50,DetectorShuffled-GatedHistory,3275,0.03119924226053673,0.04103251598542982,0.04223638388692813,0.9904510929388175,0.0,0.1598303545252074,0.1612758895175852,0.16362828045965916,0.9973770378135588,0.9999999844768727
payload50,DetectorShuffled-GatedHistory,3276,0.03191611899098284,0.044965105669886096,0.04626115614510985,0.9889912061952496,0.0,0.1590198625088426,0.1616848233072854,0.1636517432626332,0.9999837517121606,0.9999999999542076
payload50,DetectorShuffled-GatedHistory,3277,0.037975580506565056,0.04970071960888135,0.05109689395887112,1.0965250568527536,0.0,0.1763778036861996,0.1609843161952887,0.1635706089015791,0.9952038765069989,0.9999998282979398
payload50,DetectorShuffled-GatedHistory,3278,0.04131117565685097,0.05517793304418894,0.05654290219153199,1.1267778412918916,0.0,0.17675873761824532,0.16083137948089204,0.1638636311443465,0.9942702847326946,0.9999999019133151
payload50,DetectorShuffled-GatedHistory,3279,0.0315558832013649,0.041835006285896134,0.04280175539184338,0.9763518974501176,0.0,0.15665633331889442,0.15976086773401887,0.16351283314544093,0.9881561394473077,0.9999994671746866
payload50,DetectorShuffled-GatedHistory,3280,0.02903703509683557,0.0375679143847842,0.03907770066952147,0.9441324001344834,0.0,0.15020695785801944,0.16165067341828057,0.16367244013963775,0.9999620734045613,0.9999999998947212
payload50,DetectorShuffled-GatedHistory,3281,0.035628213250307045,0.047775433560905314,0.04882142552733784,1.0419090854047592,0.0,0.16742363069404628,0.1613988666898962,0.16378037213024954,0.9981575146891536,0.999999970647054
payload50,DetectorShuffled-GatedHistory,3282,0.027460062660892216,0.03701671140919123,0.03804401752049638,0.9237284280379564,0.0,0.1491236013381166,0.15881813241322132,0.16328577019301513,0.9825314791526633,0.999998359761619
payload50,DetectorShuffled-GatedHistory,3283,0.028689660788877785,0.036994663098607085,0.037856488217935066,0.9315484622210055,0.0,0.14649754774718815,0.16023721416229586,0.16364100598875417,0.991388702743474,0.9999993458047363
payload50,DetectorShuffled-GatedHistory,3284,0.030447128451769084,0.041849576392853985,0.043174823025904904,0.9589839724803665,0.0,0.15370640430217386,0.159642261522224,0.16349345033317453,0.987581812007384,0.9999997558834713
payload50,DetectorShuffled-GatedHistory,3285,0.03595731702826851,0.04878974834933148,0.049733436318256406,1.046327435745662,0.0,0.16940632543790263,0.1617093480173448,0.16380212679340228,0.9999000970237485,0.9999999997033974
payload50,DetectorShuffled-GatedHistory,3286,0.03698610935628821,0.04914578982558285,0.050408746476577095,1.0552261809293784,0.0,0.1659446566528177,0.15941455475925118,0.1634934153298923,0.9857412202467631,0.9999993123898351
payload50,DetectorShuffled-GatedHistory,3287,0.03637014564527003,0.04865608114515197,0.05015355678550027,1.0464529967984033,0.0,0.16487140896725053,0.16167267603240873,0.1636511850524624,0.999744773660154,0.9999999989887743
payload50,DetectorShuffled-GatedHistory,3288,0.029068611265964335,0.037669348447010226,0.038542530483052444,0.9268517354915223,0.0,0.14400995605385444,0.1616378167936895,0.16369169837006442,0.999990731669141,0.9999999999496766
payload50,DetectorShuffled-GatedHistory,3289,0.03274450068038226,0.046440809160652526,0.04825897965282317,1.0097463608802992,0.0,0.16228531657973744,0.16166979843829482,0.16384506490297807,0.9999619988184414,0.9999999999625533
payload50,DetectorShuffled-GatedHistory,3290,0.03131641606765925,0.04191145860152358,0.04301685617143811,0.9554297615908544,0.0,0.14747741481389226,0.1616069741052709,0.16350920719141937,0.999762775398353,0.9999999994634191
payload50,DetectorShuffled-GatedHistory,3291,0.03772890979091375,0.048438250305449924,0.05006817188052247,1.0772307971865043,0.0,0.17042190403514046,0.1615097156248777,0.1636701318041769,0.9986281721385343,0.9999999685640968
payload50,DetectorShuffled-GatedHistory,3292,0.03945461017797058,0.052508736793579834,0.0539115266097914,1.0911463745942915,0.0,0.16999149712013048,0.16038979579527746,0.16363138638889574,0.9917351910996701,0.9999998801593972
payload50,DetectorShuffled-GatedHistory,3293,0.03901459073677776,0.051453031951514745,0.05303281208739438,1.1076285205239678,0.0,0.1764000900715521,0.16173964162151203,0.16382267419091723,0.999906747607327,0.9999999994768951
payload50,DetectorShuffled-GatedHistory,3294,0.032351154104650524,0.040423699182242534,0.040924981736484775,0.9900392568471018,0.0,0.15481333328673696,0.1616768937791139,0.16369715434553467,0.9999433836496266,0.9999999997862522
payload50,DetectorShuffled-GatedHistory,3295,0.039467191607967925,0.054018345979795074,0.05612694289101707,1.1101648443996068,0.0,0.17684547579912868,0.15754860999674944,0.16354193483368823,0.9739710607964954,0.999999222598643
payload50,DetectorShuffled-GatedHistory,3296,0.02856274630519792,0.037800552782773326,0.038984042668567906,0.9290736594374703,0.0,0.1481111667105147,0.15880151106818008,0.16329407656575187,0.9823845375686101,0.9999989004192513
payload50,DetectorShuffled-GatedHistory,3297,0.026057533865834093,0.034127458542004024,0.03519630401438127,0.9005773734831777,0.0,0.1449684897832058,0.16158468258451839,0.16359596646943655,0.9996318671948279,0.9999999965526342
payload50,DetectorShuffled-GatedHistory,3298,0.03980048044666468,0.05161652623814892,0.052496944706807276,1.0923682330826028,0.0,0.17216782189986493,0.16172199488353417,0.16375482797239901,0.9999831031794223,0.9999999997233133
payload50,DetectorShuffled-GatedHistory,3299,0.026894733760844673,0.036130053150283656,0.03768873768952163,0.9178536929068195,0.0,0.14714309539095577,0.15856105014389613,0.1634172900123877,0.9809739249578927,0.9999997811624106
rotoreff30,LQR-outer,3200,0.07588079995509169,0.106614349741887,0.10875971265041373,1.3524306095848309,0.0,0.0,0.0,0.0,0.0,0.0
rotoreff30,LQR-outer,3201,0.050411676254073085,0.07195094996532742,0.0737891885925714,0.821660327528073,0.0,0.0,0.0,0.0,0.0,0.0
rotoreff30,LQR-outer,3202,0.034424025605873355,0.05247883678977222,0.05365493928462142,0.7885968045997228,0.0,0.0,0.0,0.0,0.0,0.0
rotoreff30,LQR-outer,3203,0.06011772385178665,0.08195348808473062,0.08396161323446685,1.1186556315803535,0.0,0.0,0.0,0.0,0.0,0.0
rotoreff30,LQR-outer,3204,0.09710698590849613,0.13776950686650047,0.13970540774572127,1.58139566759845,0.0,0.0,0.0,0.0,0.0,0.0
rotoreff30,LQR-outer,3205,0.02257824116758437,0.037027724055047125,0.03800269716938808,0.6645523168351845,0.0,0.0,0.0,0.0,0.0,0.0
rotoreff30,LQR-outer,3206,0.04278209787452527,0.06564666177046109,0.06774810242711594,0.931490756791602,0.0,0.0,0.0,0.0,0.0,0.0
rotoreff30,LQR-outer,3207,0.03416665396455988,0.04525467872456565,0.04789072328200012,0.8136435597573516,0.0,0.0,0.0,0.0,0.0,0.0
rotoreff30,LQR-outer,3208,0.02108868502727162,0.030487573051666748,0.03130575483598183,0.6037659195931251,0.0,0.0,0.0,0.0,0.0,0.0
rotoreff30,LQR-outer,3209,0.06584557289990324,0.09799811270274941,0.10059336826830931,1.2039312801030446,0.0,0.0,0.0,0.0,0.0,0.0
rotoreff30,LQR-outer,3210,0.0551469235233441,0.07602394616138822,0.07674571693031033,1.0274553424070834,0.0,0.0,0.0,0.0,0.0,0.0
rotoreff30,LQR-outer,3211,0.05484734007462083,0.08863602117776759,0.091375269639869,1.0222695860256574,0.0,0.0,0.0,0.0,0.0,0.0
rotoreff30,LQR-outer,3212,0.05590798110707206,0.08033095607815216,0.08148807692742274,1.0164074494820998,0.0,0.0,0.0,0.0,0.0,0.0
rotoreff30,LQR-outer,3213,0.08248758503861585,0.11879906196263285,0.12173940259477688,1.379023465704909,0.0,0.0,0.0,0.0,0.0,0.0
rotoreff30,LQR-outer,3214,0.03422447897592472,0.05620070850500227,0.05803600264673115,0.8109365089257128,0.0,0.0,0.0,0.0,0.0,0.0
rotoreff30,LQR-outer,3215,0.04104430236158964,0.0613270705424938,0.06688436572519937,0.8773353892805118,0.0,0.0,0.0,0.0,0.0,0.0
rotoreff30,LQR-outer,3216,0.07545741066724887,0.10296299003168746,0.10446748173913682,1.3088189849694534,0.0,0.0,0.0,0.0,0.0,0.0
rotoreff30,LQR-outer,3217,0.03215596638736367,0.04820785831454924,0.04956592834224399,0.7086508399743628,0.0,0.0,0.0,0.0,0.0,0.0
rotoreff30,LQR-outer,3218,0.011733955805986315,0.014201804631662212,0.021673206761778654,0.5217764886184092,0.0,0.0,0.0,0.0,0.0,0.0
rotoreff30,LQR-outer,3219,0.08376080056885916,0.11373014992014627,0.11597792482529111,1.4966254842931954,0.0,0.0,0.0,0.0,0.0,0.0
rotoreff30,LQR-outer,3220,0.015511013422169703,0.022640624517404218,0.022952118463060694,0.5565796440895963,0.0,0.0,0.0,0.0,0.0,0.0
rotoreff30,LQR-outer,3221,0.020062669854769625,0.034244396839610475,0.034950199657244586,0.5075248073879137,0.0,0.0,0.0,0.0,0.0,0.0
rotoreff30,LQR-outer,3222,0.019255638753554054,0.032340902118728754,0.03302865980054876,0.5848302837395286,0.0,0.0,0.0,0.0,0.0,0.0
rotoreff30,LQR-outer,3223,0.07425559605107152,0.10531500871687675,0.1086139042471541,1.3315957874705515,0.0,0.0,0.0,0.0,0.0,0.0
rotoreff30,LQR-outer,3224,0.05372980518799024,0.07434788786289705,0.07581256621137646,1.0048737954746527,0.0,0.0,0.0,0.0,0.0,0.0
rotoreff30,LQR-outer,3225,0.03731804548842585,0.06059621397421021,0.06347053238784425,0.8449402056505967,0.0,0.0,0.0,0.0,0.0,0.0
rotoreff30,LQR-outer,3226,0.060214161713232496,0.09792636950877649,0.1007294289389621,1.03855820254553,0.0,0.0,0.0,0.0,0.0,0.0
rotoreff30,LQR-outer,3227,0.027308678604109862,0.042492086244016763,0.04389172949472414,0.7490406667319962,0.0,0.0,0.0,0.0,0.0,0.0
rotoreff30,LQR-outer,3228,0.037457392771190395,0.0612857288176691,0.0633533672920681,0.8333035793539155,0.0,0.0,0.0,0.0,0.0,0.0
rotoreff30,LQR-outer,3229,0.061850722163034604,0.0931847864397141,0.0951993606759192,0.9451061890511195,0.0,0.0,0.0,0.0,0.0,0.0
rotoreff30,LQR-outer,3230,0.07026843425577603,0.09436160629749335,0.0962253660350436,1.2843663629924926,0.0,0.0,0.0,0.0,0.0,0.0
rotoreff30,LQR-outer,3231,0.05810171348534695,0.08788443900056041,0.09029109715155556,1.0678664325483809,0.0,0.0,0.0,0.0,0.0,0.0
rotoreff30,LQR-outer,3232,0.02423310049751703,0.03886384353361878,0.03966744662815482,0.6628897483990424,0.0,0.0,0.0,0.0,0.0,0.0
rotoreff30,LQR-outer,3233,0.02266871398147804,0.03616935594033764,0.0369705558105397,0.6355089795598284,0.0,0.0,0.0,0.0,0.0,0.0
rotoreff30,LQR-outer,3234,0.06744040155934387,0.1026136421244148,0.10491124177277378,1.032223708473481,0.0,0.0,0.0,0.0,0.0,0.0
rotoreff30,LQR-outer,3235,0.045610067930335126,0.06583008145199437,0.0675404020727952,0.7741586378384974,0.0,0.0,0.0,0.0,0.0,0.0
rotoreff30,LQR-outer,3236,0.08632569060912594,0.11836624932497318,0.1218977710028981,1.4830299230556812,0.0,0.0,0.0,0.0,0.0,0.0
rotoreff30,LQR-outer,3237,0.08007839173680988,0.1094671599632077,0.11311015293800088,1.4247443462592546,0.0,0.0,0.0,0.0,0.0,0.0
rotoreff30,LQR-outer,3238,0.03993305987743195,0.05746785144156716,0.06356254629316727,0.8445051461392514,0.0,0.0,0.0,0.0,0.0,0.0
rotoreff30,LQR-outer,3239,0.07910183650393422,0.12648647948527103,0.1306045689284503,1.1336072533252566,0.0,0.0,0.0,0.0,0.0,0.0
rotoreff30,LQR-outer,3240,0.046280465015247935,0.06148291496093018,0.06528226299445386,0.9930185403549459,0.0,0.0,0.0,0.0,0.0,0.0
rotoreff30,LQR-outer,3241,0.08492848200437035,0.1189653950083361,0.12827929842617594,1.487782953151671,0.0,0.0,0.0,0.0,0.0,0.0
rotoreff30,LQR-outer,3242,0.06803027190361587,0.09833229339569297,0.10173504597419528,1.1975798001395528,0.0,0.0,0.0,0.0,0.0,0.0
rotoreff30,LQR-outer,3243,0.059848109094504165,0.08274375440930767,0.08560435772190905,1.1559048113804802,0.0,0.0,0.0,0.0,0.0,0.0
rotoreff30,LQR-outer,3244,0.05826808556342573,0.08106390756074561,0.08528144391161427,1.1213404281451556,0.0,0.0,0.0,0.0,0.0,0.0
rotoreff30,LQR-outer,3245,0.0431428865209005,0.07471153291696146,0.07658821397664299,0.8573651286691936,0.0,0.0,0.0,0.0,0.0,0.0
rotoreff30,LQR-outer,3246,0.023422473835721547,0.03376127714536154,0.03442415174422597,0.7001155597360765,0.0,0.0,0.0,0.0,0.0,0.0
rotoreff30,LQR-outer,3247,0.07741143984521792,0.10756290634877368,0.11364551900595325,1.3963519888484466,0.0,0.0,0.0,0.0,0.0,0.0
rotoreff30,LQR-outer,3248,0.053229067429808034,0.07647144612396715,0.08116774321441558,0.9839932277163399,0.0,0.0,0.0,0.0,0.0,0.0
rotoreff30,LQR-outer,3249,0.07162342699412177,0.1000966798276546,0.1012095230014701,1.227758687020421,0.0,0.0,0.0,0.0,0.0,0.0
rotoreff30,LQR-outer,3250,0.03400548686055742,0.04676754545636346,0.04798476875543996,0.7529992918668207,0.0,0.0,0.0,0.0,0.0,0.0
rotoreff30,LQR-outer,3251,0.08659718582667418,0.12568718287258174,0.14042227827413156,1.528622812288167,0.0,0.0,0.0,0.0,0.0,0.0
rotoreff30,LQR-outer,3252,0.08185058036125646,0.11487152254789441,0.11619141215011237,1.3624302336690766,0.0,0.0,0.0,0.0,0.0,0.0
rotoreff30,LQR-outer,3253,0.02709392340157631,0.0400799667759139,0.041139460661311036,0.6137652060638545,0.0,0.0,0.0,0.0,0.0,0.0
rotoreff30,LQR-outer,3254,0.042349051611341386,0.056321140714094386,0.05742878804120703,0.9263233492546098,0.0,0.0,0.0,0.0,0.0,0.0
rotoreff30,LQR-outer,3255,0.034299014833884325,0.047757249642606595,0.04848322963121941,0.7754294295319394,0.0,0.0,0.0,0.0,0.0,0.0
rotoreff30,LQR-outer,3256,0.03368536459421336,0.052790587391002314,0.054176514188138354,0.8112741901892688,0.0,0.0,0.0,0.0,0.0,0.0
rotoreff30,LQR-outer,3257,0.02006817853476742,0.026924007621519686,0.027779106936408757,0.6469140729890515,0.0,0.0,0.0,0.0,0.0,0.0
rotoreff30,LQR-outer,3258,0.03530632800618563,0.05308715376621371,0.05648187603959206,0.8544026419830232,0.0,0.0,0.0,0.0,0.0,0.0
rotoreff30,LQR-outer,3259,0.05304734196045641,0.08392283983944442,0.08589055001769415,0.971795233927704,0.0,0.0,0.0,0.0,0.0,0.0
rotoreff30,LQR-outer,3260,0.07678882362798685,0.10482393203565696,0.10651073225586744,1.3096527720549218,0.0,0.0,0.0,0.0,0.0,0.0
rotoreff30,LQR-outer,3261,0.02940864857601891,0.04336337887456136,0.04376742273446155,0.733118978215405,0.0,0.0,0.0,0.0,0.0,0.0
rotoreff30,LQR-outer,3262,0.044424896128304886,0.06383304522207461,0.0657631930344782,0.8950637249073176,0.0,0.0,0.0,0.0,0.0,0.0
rotoreff30,LQR-outer,3263,0.044854909033973246,0.06291993205643699,0.06696540368012309,0.9753436092963117,0.0,0.0,0.0,0.0,0.0,0.0
rotoreff30,LQR-outer,3264,0.046292027359956835,0.06503968729177836,0.06563208947399841,0.9430725861452197,0.0,0.0,0.0,0.0,0.0,0.0
rotoreff30,LQR-outer,3265,0.02867006802869549,0.04353484711587976,0.04458649046216061,0.64941259801154,0.0,0.0,0.0,0.0,0.0,0.0
rotoreff30,LQR-outer,3266,0.012515944771074521,0.0166485090482075,0.016838450085027202,0.5248977410319812,0.0,0.0,0.0,0.0,0.0,0.0
rotoreff30,LQR-outer,3267,0.024015482485860103,0.03342582620679375,0.033885876464031725,0.6364384004077775,0.0,0.0,0.0,0.0,0.0,0.0
rotoreff30,LQR-outer,3268,0.05531805122124551,0.07635544839322433,0.07806790390363164,1.059709066150167,0.0,0.0,0.0,0.0,0.0,0.0
rotoreff30,LQR-outer,3269,0.05908350017803662,0.08153160848440381,0.08330668432384286,1.0221444300415516,0.0,0.0,0.0,0.0,0.0,0.0
rotoreff30,LQR-outer,3270,0.024542848604731157,0.034030971307627,0.035048679718179,0.7251799654785717,0.0,0.0,0.0,0.0,0.0,0.0
rotoreff30,LQR-outer,3271,0.04833801455758916,0.06547853116673295,0.06724151821721555,1.0025205196568172,0.0,0.0,0.0,0.0,0.0,0.0
rotoreff30,LQR-outer,3272,0.05074241467759027,0.07672550465100422,0.07867929829055752,0.8288446663445852,0.0,0.0,0.0,0.0,0.0,0.0
rotoreff30,LQR-outer,3273,0.042889128052662456,0.06032536941297738,0.061956490528995795,0.9082022671744797,0.0,0.0,0.0,0.0,0.0,0.0
rotoreff30,LQR-outer,3274,0.02877195329470152,0.043414603257634125,0.04454531727880865,0.731338535728136,0.0,0.0,0.0,0.0,0.0,0.0
rotoreff30,LQR-outer,3275,0.03168823907877871,0.04306536645043814,0.0433997473308656,0.6801401351833273,0.0,0.0,0.0,0.0,0.0,0.0
rotoreff30,LQR-outer,3276,0.019158250964979428,0.03204410389934068,0.03285026247922089,0.6125333875942367,0.0,0.0,0.0,0.0,0.0,0.0
rotoreff30,LQR-outer,3277,0.02328240102202075,0.038062969953449426,0.03921644673247309,0.6981269244636283,0.0,0.0,0.0,0.0,0.0,0.0
rotoreff30,LQR-outer,3278,0.10124145501793398,0.1429996734089464,0.1465565770046093,1.6414193233424175,0.0,0.0,0.0,0.0,0.0,0.0
rotoreff30,LQR-outer,3279,0.028391727612136347,0.04504076511999699,0.04606025310802261,0.6292053223707986,0.0,0.0,0.0,0.0,0.0,0.0
rotoreff30,LQR-outer,3280,0.0598792453808204,0.08989005037789101,0.09320691831117914,1.1052133838848677,0.0,0.0,0.0,0.0,0.0,0.0
rotoreff30,LQR-outer,3281,0.03835107370379486,0.05459996596788299,0.05700652774285762,0.8836383941701806,0.0,0.0,0.0,0.0,0.0,0.0
rotoreff30,LQR-outer,3282,0.03136062028723846,0.04329026206450936,0.044057438138150246,0.8107602808898,0.0,0.0,0.0,0.0,0.0,0.0
rotoreff30,LQR-outer,3283,0.06060477035616817,0.08057676170793117,0.08222361710304558,1.132763304162571,0.0,0.0,0.0,0.0,0.0,0.0
rotoreff30,LQR-outer,3284,0.08671274529550867,0.12472280786719407,0.1285130345576358,1.4440410799697736,0.0,0.0,0.0,0.0,0.0,0.0
rotoreff30,LQR-outer,3285,0.038282525989846064,0.04526450052150381,0.045512346650206086,0.8495141359620804,0.0,0.0,0.0,0.0,0.0,0.0
rotoreff30,LQR-outer,3286,0.09571455980456021,0.13667897785568442,0.1397559770317322,1.6030112361643525,0.0,0.0,0.0,0.0,0.0,0.0
rotoreff30,LQR-outer,3287,0.023107592880302202,0.0362768496249843,0.03730956760900917,0.6826590697636298,0.0,0.0,0.0,0.0,0.0,0.0
rotoreff30,LQR-outer,3288,0.03343442058180344,0.04379308941026318,0.04495357976860285,0.8256910420057303,0.0,0.0,0.0,0.0,0.0,0.0
rotoreff30,LQR-outer,3289,0.04722815274179509,0.0700504000899613,0.07164864783998003,0.8583698544400742,0.0,0.0,0.0,0.0,0.0,0.0
rotoreff30,LQR-outer,3290,0.025481229635345045,0.03897782206927124,0.04004145163426838,0.718603295906265,0.0,0.0,0.0,0.0,0.0,0.0
rotoreff30,LQR-outer,3291,0.017729412686744522,0.03135528432334578,0.03217897806650605,0.6327220775717838,0.0,0.0,0.0,0.0,0.0,0.0
rotoreff30,LQR-outer,3292,0.03257789514634988,0.05055183891468365,0.05206340228677756,0.7599305034820241,0.0,0.0,0.0,0.0,0.0,0.0
rotoreff30,LQR-outer,3293,0.07183078224356074,0.11947305046869838,0.12302543037949623,1.2082943418280851,0.0,0.0,0.0,0.0,0.0,0.0
rotoreff30,LQR-outer,3294,0.013681655431168295,0.017350483575905185,0.017584965169445764,0.5381155147468305,0.0,0.0,0.0,0.0,0.0,0.0
rotoreff30,LQR-outer,3295,0.07896558517445271,0.11177028323410072,0.11417978464422654,1.3053114620242068,0.0,0.0,0.0,0.0,0.0,0.0
rotoreff30,LQR-outer,3296,0.06239375410106498,0.08211226839299325,0.0839816314198354,1.073071329648895,0.0,0.0,0.0,0.0,0.0,0.0
rotoreff30,LQR-outer,3297,0.041414526072015456,0.07446241916003869,0.07781239124174365,0.8642836598194462,0.0,0.0,0.0,0.0,0.0,0.0
rotoreff30,LQR-outer,3298,0.06590230784362348,0.09313783476525841,0.09524781623817237,1.0983631493793418,0.0,0.0,0.0,0.0,0.0,0.0
rotoreff30,LQR-outer,3299,0.05047995142420522,0.07094630769999567,0.07277243764084375,0.9952249970573401,0.0,0.0,0.0,0.0,0.0,0.0
rotoreff30,CurrentOnly-AE-CeNN-494,3200,0.06526815581242561,0.09250445129554927,0.09570385115485917,1.329739565289339,0.0,0.17137191630895468,0.0,0.0,0.0,0.0
rotoreff30,CurrentOnly-AE-CeNN-494,3201,0.040227894375455465,0.057505019763411665,0.058477116426796816,0.8168007839892353,0.0,0.1387662566729999,0.0,0.0,0.0,0.0
rotoreff30,CurrentOnly-AE-CeNN-494,3202,0.027976814561800786,0.043582578399223866,0.04449204411331512,0.787272932226591,0.0,0.12086203915929336,0.0,0.0,0.0,0.0
rotoreff30,CurrentOnly-AE-CeNN-494,3203,0.04639555465164047,0.061314336436809426,0.06228637193446707,1.102132427984295,0.0,0.1662324081447606,0.0,0.0,0.0,0.0
rotoreff30,CurrentOnly-AE-CeNN-494,3204,0.08789925760915017,0.12567971486111,0.12768412734330645,1.5514745699355046,0.0,0.18053073797226107,0.0,0.0,0.0,0.0
rotoreff30,CurrentOnly-AE-CeNN-494,3205,0.01631857244582034,0.025913172160071104,0.026963353344134952,0.6655841103816421,0.0,0.10827155429244437,0.0,0.0,0.0,0.0
rotoreff30,CurrentOnly-AE-CeNN-494,3206,0.03201079434315393,0.05166149725688594,0.05326755349013866,0.9249257959479695,0.0,0.1409785471109848,0.0,0.0,0.0,0.0
rotoreff30,CurrentOnly-AE-CeNN-494,3207,0.02665042866585186,0.035493409169030425,0.036906541905459035,0.8091960272052403,0.0,0.12221120071495116,0.0,0.0,0.0,0.0
rotoreff30,CurrentOnly-AE-CeNN-494,3208,0.016123595580953727,0.02251331034794796,0.023286555668949042,0.6043589508681042,0.0,0.10283818821088063,0.0,0.0,0.0,0.0
rotoreff30,CurrentOnly-AE-CeNN-494,3209,0.052930365746813535,0.07657584430111247,0.07889711402973487,1.1904984843112287,0.0,0.17189445558453295,0.0,0.0,0.0,0.0
rotoreff30,CurrentOnly-AE-CeNN-494,3210,0.04470410579918126,0.061708156568900115,0.062489244840987744,1.0155208097631825,0.0,0.15160693450072715,0.0,0.0,0.0,0.0
rotoreff30,CurrentOnly-AE-CeNN-494,3211,0.044075430153360275,0.07100209684701221,0.07302124781655975,1.0104055337681748,0.0,0.1507173502922757,0.0,0.0,0.0,0.0
rotoreff30,CurrentOnly-AE-CeNN-494,3212,0.04404490246560927,0.06402720938719227,0.06635838504433618,1.0047198123198782,0.0,0.15356572477278718,0.0,0.0,0.0,0.0
rotoreff30,CurrentOnly-AE-CeNN-494,3213,0.07044205676691662,0.10482475063701403,0.10814554566784933,1.3657780514839433,0.0,0.18814672629841306,0.0,0.0,0.0,0.0
rotoreff30,CurrentOnly-AE-CeNN-494,3214,0.026230100918433856,0.0428047763040968,0.045838688273573895,0.8052139586780811,0.0,0.12337173179825722,0.0,0.0,0.0,0.0
rotoreff30,CurrentOnly-AE-CeNN-494,3215,0.031088560790844027,0.04595658711283628,0.05081031034626146,0.8658279761519068,0.0,0.1362877912950323,0.0,0.0,0.0,0.0
rotoreff30,CurrentOnly-AE-CeNN-494,3216,0.06517441462121422,0.08894454452719448,0.0916162701353203,1.2896996044643065,0.0,0.16716049966484836,0.0,0.0,0.0,0.0
rotoreff30,CurrentOnly-AE-CeNN-494,3217,0.024315337139256998,0.03631431364145253,0.03717379078004864,0.7056294318052679,0.0,0.1181853236547677,0.0,0.0,0.0,0.0
rotoreff30,CurrentOnly-AE-CeNN-494,3218,0.011388781566695448,0.014294508162906014,0.02205824665860494,0.5261191590300649,0.0,0.08492529178658063,0.0,0.0,0.0,0.0
rotoreff30,CurrentOnly-AE-CeNN-494,3219,0.07227804518647452,0.09966676221987408,0.10101058099064938,1.4712420344321129,0.0,0.18511219475498705,0.0,0.0,0.0,0.0
rotoreff30,CurrentOnly-AE-CeNN-494,3220,0.012246108789367712,0.017804932991821586,0.01983139967961198,0.5596453262301806,0.0,0.09376256484727355,0.0,0.0,0.0,0.0
rotoreff30,CurrentOnly-AE-CeNN-494,3221,0.01455448105639082,0.023489674720148714,0.024110730949633136,0.5128216954879182,0.0,0.0951290487892344,0.0,0.0,0.0,0.0
rotoreff30,CurrentOnly-AE-CeNN-494,3222,0.014208792921251394,0.024969099358812547,0.02601722590215194,0.5910512298044461,0.0,0.10423886455554476,0.0,0.0,0.0,0.0
rotoreff30,CurrentOnly-AE-CeNN-494,3223,0.06184433932675299,0.08757424367109318,0.09364455127928868,1.309692827851815,0.0,0.17776627958936456,0.0,0.0,0.0,0.0
rotoreff30,CurrentOnly-AE-CeNN-494,3224,0.04042724332020197,0.05662018012298112,0.05860076167222098,0.9882117234784318,0.0,0.15853838021056543,0.0,0.0,0.0,0.0
rotoreff30,CurrentOnly-AE-CeNN-494,3225,0.026981712488341608,0.04500459434272966,0.04617453864144652,0.844973370314602,0.0,0.1377422171369486,0.0,0.0,0.0,0.0
rotoreff30,CurrentOnly-AE-CeNN-494,3226,0.047634168694976976,0.07818749749571,0.08248257159565,1.0299079229770434,0.0,0.1603682882038805,0.0,0.0,0.0,0.0
rotoreff30,CurrentOnly-AE-CeNN-494,3227,0.02141383939680628,0.03306080611356963,0.034496454639255957,0.7500217237281749,0.0,0.11329261932989898,0.0,0.0,0.0,0.0
rotoreff30,CurrentOnly-AE-CeNN-494,3228,0.02921098814202277,0.04743042867643068,0.04932881255763799,0.8288019817682588,0.0,0.12402603030599728,0.0,0.0,0.0,0.0
rotoreff30,CurrentOnly-AE-CeNN-494,3229,0.050146596849738226,0.0787295137615043,0.08086410011659764,0.9367510513374305,0.0,0.1540188626672225,0.0,0.0,0.0,0.0
rotoreff30,CurrentOnly-AE-CeNN-494,3230,0.0586655410534087,0.07983988147685907,0.08238013390605287,1.2687095377680533,0.0,0.17087474614680945,0.0,0.0,0.0,0.0
rotoreff30,CurrentOnly-AE-CeNN-494,3231,0.04687301563629948,0.07269624675902094,0.07461089224515283,1.0572957332847772,0.0,0.1540721484521803,0.0,0.0,0.0,0.0
rotoreff30,CurrentOnly-AE-CeNN-494,3232,0.017072081813458536,0.026897545373701193,0.027020025687045097,0.6650262696783112,0.0,0.1098584168212166,0.0,0.0,0.0,0.0
rotoreff30,CurrentOnly-AE-CeNN-494,3233,0.01697919084223541,0.02781062809270945,0.028908353140763995,0.6403445269938157,0.0,0.10416193820889959,0.0,0.0,0.0,0.0
rotoreff30,CurrentOnly-AE-CeNN-494,3234,0.05665229967640898,0.08600573540932485,0.08861982814827836,1.024893545787877,0.0,0.15788358670731933,0.0,0.0,0.0,0.0
rotoreff30,CurrentOnly-AE-CeNN-494,3235,0.03700293277500334,0.05578718783951008,0.05728242143438063,0.7728149380271743,0.0,0.12861501326826325,0.0,0.0,0.0,0.0
rotoreff30,CurrentOnly-AE-CeNN-494,3236,0.07348368504448193,0.10285045474923159,0.10623787464744235,1.4611253103498545,0.0,0.19827995841807589,0.0,0.0,0.0,0.0
rotoreff30,CurrentOnly-AE-CeNN-494,3237,0.06865488399794807,0.0966030641523308,0.09972952509942908,1.4049703719391708,0.0,0.17836777411517155,0.0,0.0,0.0,0.0
rotoreff30,CurrentOnly-AE-CeNN-494,3238,0.03058217194069299,0.04506112352949572,0.049039548875545194,0.8329017714805806,0.0,0.13141822053138397,0.0,0.0,0.0,0.0
rotoreff30,CurrentOnly-AE-CeNN-494,3239,0.06917236472045007,0.1157092188603846,0.12062290541046414,1.125305937207248,0.0,0.16716460115057177,0.0,0.0,0.0,0.0
rotoreff30,CurrentOnly-AE-CeNN-494,3240,0.03649664239907638,0.04870247720911717,0.050547354257850965,0.9890317158879937,0.0,0.14594903281641952,0.0,0.0,0.0,0.0
rotoreff30,CurrentOnly-AE-CeNN-494,3241,0.07396132516732887,0.10619242536052902,0.11592155890462645,1.4613441852877256,0.0,0.18325635863756154,0.0,0.0,0.0,0.0
rotoreff30,CurrentOnly-AE-CeNN-494,3242,0.057979117115924836,0.08413464773597322,0.08669704739042465,1.1823229449386934,0.0,0.15915515495699267,0.0,0.0,0.0,0.0
rotoreff30,CurrentOnly-AE-CeNN-494,3243,0.04708171790753899,0.06652021103655593,0.06865166492044496,1.1382965316335043,0.0,0.1656777019067023,0.0,0.0,0.0,0.0
rotoreff30,CurrentOnly-AE-CeNN-494,3244,0.047059543693942246,0.06566738391992528,0.07145512544600648,1.1022871495661106,0.0,0.1548577468432411,0.0,0.0,0.0,0.0
rotoreff30,CurrentOnly-AE-CeNN-494,3245,0.03231434712971763,0.05705782403248955,0.058647290126607875,0.8553468697252576,0.0,0.14023743749727893,0.0,0.0,0.0,0.0
rotoreff30,CurrentOnly-AE-CeNN-494,3246,0.01715271776930812,0.0242642656459752,0.024785922727941532,0.6987003737628715,0.0,0.10969900925731899,0.0,0.0,0.0,0.0
rotoreff30,CurrentOnly-AE-CeNN-494,3247,0.06492850117171542,0.09292402852694542,0.0974550240289847,1.3732109226933626,0.0,0.18297683102454598,0.0,0.0,0.0,0.0
rotoreff30,CurrentOnly-AE-CeNN-494,3248,0.044298879229516676,0.06558716393659152,0.0690921559588137,0.9751666085027274,0.0,0.14597523876006274,0.0,0.0,0.0,0.0
rotoreff30,CurrentOnly-AE-CeNN-494,3249,0.0598830239487812,0.08529514764536249,0.08815200300499383,1.210888708792633,0.0,0.1728265143014616,0.0,0.0,0.0,0.0
rotoreff30,CurrentOnly-AE-CeNN-494,3250,0.026291921823778954,0.03867672052952125,0.0404340540996837,0.7493798813131776,0.0,0.1210111042733129,0.0,0.0,0.0,0.0
rotoreff30,CurrentOnly-AE-CeNN-494,3251,0.07376827123848996,0.10548190582855707,0.12276981316659467,1.5010422719582885,0.0,0.19680775590402252,0.0,0.0,0.0,0.0
rotoreff30,CurrentOnly-AE-CeNN-494,3252,0.0689253135838981,0.09768378439288389,0.09899803575861653,1.3347928086373846,0.0,0.1842909704205321,0.0,0.0,0.0,0.0
rotoreff30,CurrentOnly-AE-CeNN-494,3253,0.02073474490100975,0.03164869831946506,0.03250464678326895,0.6159298176882027,0.0,0.1061982869294777,0.0,0.0,0.0,0.0
rotoreff30,CurrentOnly-AE-CeNN-494,3254,0.03143386888995286,0.04287720507109008,0.04430672991775696,0.9189534881295249,0.0,0.14312539218645062,0.0,0.0,0.0,0.0
rotoreff30,CurrentOnly-AE-CeNN-494,3255,0.02773482078497025,0.037367733111740194,0.03807576567911397,0.7720737847861266,0.0,0.11820974021347525,0.0,0.0,0.0,0.0
rotoreff30,CurrentOnly-AE-CeNN-494,3256,0.024682226756929836,0.03782469202415041,0.03839465207882229,0.8073060239442018,0.0,0.12674596786853742,0.0,0.0,0.0,0.0
rotoreff30,CurrentOnly-AE-CeNN-494,3257,0.014067133487724079,0.01801169695495108,0.018612055994014963,0.6488299702199091,0.0,0.10620829078806694,0.0,0.0,0.0,0.0
rotoreff30,CurrentOnly-AE-CeNN-494,3258,0.025469619886935645,0.03790473601002265,0.039146761990258044,0.8530347102021779,0.0,0.13653361079034357,0.0,0.0,0.0,0.0
rotoreff30,CurrentOnly-AE-CeNN-494,3259,0.042489448664750545,0.06793040519288922,0.06947971626148798,0.9660424519561236,0.0,0.14644156525522484,0.0,0.0,0.0,0.0
rotoreff30,CurrentOnly-AE-CeNN-494,3260,0.06553559008514809,0.09115020683221817,0.09320891640042411,1.2804174077309698,0.0,0.1677932014360784,0.0,0.0,0.0,0.0
rotoreff30,CurrentOnly-AE-CeNN-494,3261,0.022877160351519238,0.03302025761847265,0.0345421545915003,0.7321306620103701,0.0,0.11562395092351488,0.0,0.0,0.0,0.0
rotoreff30,CurrentOnly-AE-CeNN-494,3262,0.0338676733546641,0.05258523825235349,0.05470617413703066,0.8844596193816536,0.0,0.14057633435726305,0.0,0.0,0.0,0.0
rotoreff30,CurrentOnly-AE-CeNN-494,3263,0.033860383569118795,0.04762464931208203,0.049915265905438926,0.9676453655013614,0.0,0.14647762879751303,0.0,0.0,0.0,0.0
rotoreff30,CurrentOnly-AE-CeNN-494,3264,0.03615802455812637,0.052301468589624804,0.05316639326918623,0.935284104733789,0.0,0.14176302149043024,0.0,0.0,0.0,0.0
rotoreff30,CurrentOnly-AE-CeNN-494,3265,0.021332254736385923,0.034969287234354524,0.03626071391093757,0.6500221222677187,0.0,0.11158563195142739,0.0,0.0,0.0,0.0
rotoreff30,CurrentOnly-AE-CeNN-494,3266,0.010863137456817974,0.014027724683180335,0.01433475652992412,0.5302306795603445,0.0,0.08843022559111587,0.0,0.0,0.0,0.0
rotoreff30,CurrentOnly-AE-CeNN-494,3267,0.016652539348136233,0.022944269147026367,0.023904582860645836,0.636366789755965,0.0,0.10978561587349887,0.0,0.0,0.0,0.0
rotoreff30,CurrentOnly-AE-CeNN-494,3268,0.0426627282086948,0.06096539583660893,0.06186742948932204,1.047610111283772,0.0,0.1590990012050545,0.0,0.0,0.0,0.0
rotoreff30,CurrentOnly-AE-CeNN-494,3269,0.04761903873821423,0.06746737938461292,0.06929778939953342,1.0148997627826313,0.0,0.15879091092839714,0.0,0.0,0.0,0.0
rotoreff30,CurrentOnly-AE-CeNN-494,3270,0.018151318641231384,0.02516891345472231,0.025817336959322784,0.7207996228590189,0.0,0.11137574458199943,0.0,0.0,0.0,0.0
rotoreff30,CurrentOnly-AE-CeNN-494,3271,0.038187166982401974,0.05648926945992446,0.05772461037966684,0.9922125450344597,0.0,0.14705501440937377,0.0,0.0,0.0,0.0
rotoreff30,CurrentOnly-AE-CeNN-494,3272,0.03997003717082412,0.0640565617533257,0.06579574452190434,0.8210572383359017,0.0,0.13938391192536953,0.0,0.0,0.0,0.0
rotoreff30,CurrentOnly-AE-CeNN-494,3273,0.03401261085540046,0.04767624707515222,0.04914384479272253,0.8978487145826002,0.0,0.13560356743634147,0.0,0.0,0.0,0.0
rotoreff30,CurrentOnly-AE-CeNN-494,3274,0.021918574590720465,0.03079780516055601,0.03160078215347733,0.7311125334165787,0.0,0.11740605367835337,0.0,0.0,0.0,0.0
rotoreff30,CurrentOnly-AE-CeNN-494,3275,0.024195283957416047,0.03315293523593879,0.03485903701515454,0.6794579042140977,0.0,0.11501778618749396,0.0,0.0,0.0,0.0
rotoreff30,CurrentOnly-AE-CeNN-494,3276,0.015566167839733943,0.023618601254230893,0.024398926114343814,0.6165452200579322,0.0,0.1006428410229956,0.0,0.0,0.0,0.0
rotoreff30,CurrentOnly-AE-CeNN-494,3277,0.01858613816172416,0.030177041633390987,0.030999271459379838,0.6992880414713911,0.0,0.10488999194027486,0.0,0.0,0.0,0.0
rotoreff30,CurrentOnly-AE-CeNN-494,3278,0.09241923488143257,0.13288611668042852,0.13627407785367304,1.6199841570708748,0.0,0.19141890276013646,0.0,0.0,0.0,0.0
rotoreff30,CurrentOnly-AE-CeNN-494,3279,0.020708953970444373,0.030823162880397534,0.031263924268535706,0.6305518910128544,0.0,0.11047632414811052,0.0,0.0,0.0,0.0
rotoreff30,CurrentOnly-AE-CeNN-494,3280,0.04848461481498074,0.07465283020249365,0.07814189311687703,1.0941261678295902,0.0,0.15917318762218688,0.0,0.0,0.0,0.0
rotoreff30,CurrentOnly-AE-CeNN-494,3281,0.029018601230484168,0.0415332336896932,0.04308450984247439,0.878274209439835,0.0,0.13305334033818422,0.0,0.0,0.0,0.0
rotoreff30,CurrentOnly-AE-CeNN-494,3282,0.023707668005879905,0.03164244124887913,0.03209670319875755,0.8081296364337877,0.0,0.11981866936987047,0.0,0.0,0.0,0.0
rotoreff30,CurrentOnly-AE-CeNN-494,3283,0.05072430771540805,0.06915803066686381,0.0711424005196508,1.1170386107582622,0.0,0.15390102114985815,0.0,0.0,0.0,0.0
rotoreff30,CurrentOnly-AE-CeNN-494,3284,0.07764481866857642,0.1139421090708514,0.1157469442134722,1.4242127908235143,0.0,0.17538822423643075,0.0,0.0,0.0,0.0
rotoreff30,CurrentOnly-AE-CeNN-494,3285,0.029159018429378306,0.034626620299980905,0.03538673786958898,0.8439904413084593,0.0,0.13227544347478137,0.0,0.0,0.0,0.0
rotoreff30,CurrentOnly-AE-CeNN-494,3286,0.0836990306248209,0.12220764142245477,0.12793571984504867,1.5680973087629029,0.0,0.19213572055198785,0.0,0.0,0.0,0.0
rotoreff30,CurrentOnly-AE-CeNN-494,3287,0.01632413206099852,0.023956043384632936,0.024398658680832772,0.6853530395300353,0.0,0.10913238203966463,0.0,0.0,0.0,0.0
rotoreff30,CurrentOnly-AE-CeNN-494,3288,0.024697547353646175,0.0303864692929242,0.03164702692207936,0.8220432262932117,0.0,0.1284788637958688,0.0,0.0,0.0,0.0
rotoreff30,CurrentOnly-AE-CeNN-494,3289,0.036806700915948044,0.053107886825479504,0.05472655177779104,0.8580858140344145,0.0,0.1423187906490385,0.0,0.0,0.0,0.0
rotoreff30,CurrentOnly-AE-CeNN-494,3290,0.020002403833694997,0.02838204913186323,0.02924723684860702,0.7197093834775017,0.0,0.11178943289143657,0.0,0.0,0.0,0.0
rotoreff30,CurrentOnly-AE-CeNN-494,3291,0.01234092993655538,0.02359253621563811,0.024881284383339048,0.638357823028238,0.0,0.10414037696925446,0.0,0.0,0.0,0.0
rotoreff30,CurrentOnly-AE-CeNN-494,3292,0.025373149065485257,0.04020637253144564,0.041536704395139915,0.7577081182496521,0.0,0.11639884838824793,0.0,0.0,0.0,0.0
rotoreff30,CurrentOnly-AE-CeNN-494,3293,0.059828601041194286,0.10032316528403373,0.1033703396255491,1.1975348914229367,0.0,0.17181267379012444,0.0,0.0,0.0,0.0
rotoreff30,CurrentOnly-AE-CeNN-494,3294,0.011967543902810795,0.016097736332509396,0.016818010261571786,0.5421384162271279,0.0,0.08957317482302443,0.0,0.0,0.0,0.0
rotoreff30,CurrentOnly-AE-CeNN-494,3295,0.06911770470875465,0.09934221382142716,0.10226006410484224,1.2844462134153511,0.0,0.169340199902197,0.0,0.0,0.0,0.0
rotoreff30,CurrentOnly-AE-CeNN-494,3296,0.050530005724368075,0.07008575818481923,0.07193697388972958,1.0602624218027736,0.0,0.16212899797973837,0.0,0.0,0.0,0.0
rotoreff30,CurrentOnly-AE-CeNN-494,3297,0.03053024256325981,0.057891627626734186,0.06320889339356592,0.8610100789224642,0.0,0.13924406600682732,0.0,0.0,0.0,0.0
rotoreff30,CurrentOnly-AE-CeNN-494,3298,0.05395514214841651,0.0759779740298095,0.07791165202726412,1.0861046823391867,0.0,0.16248459429597154,0.0,0.0,0.0,0.0
rotoreff30,CurrentOnly-AE-CeNN-494,3299,0.03773298294103339,0.0510126500612504,0.05208961166864599,0.9816668930904372,0.0,0.1538095686272089,0.0,0.0,0.0,0.0
rotoreff30,AlwaysOpen-HistorySide,3200,0.06498240609570317,0.092110745588134,0.09528656946318301,1.3293651522708139,0.0,0.17295271577211074,0.16174010404640435,0.16414158873218504,1.0,1.0
rotoreff30,AlwaysOpen-HistorySide,3201,0.03996371343310644,0.057317996852937286,0.05827775042602114,0.8165401674566544,0.0,0.1399128645659537,0.16166340919978894,0.16410130069060067,1.0,1.0
rotoreff30,AlwaysOpen-HistorySide,3202,0.027788385299070996,0.04329890330511617,0.0441911835885187,0.786989769204178,0.0,0.12170499966343083,0.16164174292747144,0.16407823269751667,1.0,1.0
rotoreff30,AlwaysOpen-HistorySide,3203,0.04604931127175057,0.06108257140799044,0.06170700501788173,1.101590582033816,0.0,0.16791997417038806,0.16178309592042,0.1643538333870119,1.0,1.0
rotoreff30,AlwaysOpen-HistorySide,3204,0.08764974375249643,0.12537296702931244,0.1271939149956095,1.5511492326021,0.0,0.18181725378138985,0.16180771115045403,0.16459287128465178,1.0,1.0
rotoreff30,AlwaysOpen-HistorySide,3205,0.016250726642406097,0.025791154505878426,0.02689028674749429,0.6656185888719359,0.0,0.10917372345888154,0.1615164183237294,0.16382734907038207,1.0,1.0
rotoreff30,AlwaysOpen-HistorySide,3206,0.031791174073583124,0.05156780128517475,0.053177158854816914,0.9247491842508642,0.0,0.1421924616247554,0.16165523115456457,0.1642166029620957,1.0,1.0
rotoreff30,AlwaysOpen-HistorySide,3207,0.026488533304024613,0.03545940903456778,0.036533829678357006,0.8089773122595556,0.0,0.12298967468025446,0.1615675336956785,0.16388155521897793,1.0,1.0
rotoreff30,AlwaysOpen-HistorySide,3208,0.016004416605831177,0.02248309936423759,0.023439718804940935,0.6042374746965764,0.0,0.10359209948198,0.1615092161721713,0.16427165546290146,1.0,1.0
rotoreff30,AlwaysOpen-HistorySide,3209,0.05252736126049788,0.0761243592552254,0.07838295416965133,1.1899467400848804,0.0,0.17356160871703896,0.1617606721333211,0.16431581256244865,1.0,1.0
rotoreff30,AlwaysOpen-HistorySide,3210,0.044487997479313035,0.06136607295103035,0.06246399774120732,1.0154850783188902,0.0,0.15323260686297668,0.16168736267169861,0.16428204188549544,1.0,1.0
rotoreff30,AlwaysOpen-HistorySide,3211,0.04384856255546087,0.07074616066988075,0.07273857810370488,1.0100366031247527,0.0,0.15165600907191534,0.16175219648259195,0.16433944065727105,1.0,1.0
rotoreff30,AlwaysOpen-HistorySide,3212,0.043787580863485845,0.06344967819600981,0.06578080868401502,1.004511228182777,0.0,0.15492882593857313,0.1616377985523844,0.16412269061925208,1.0,1.0
rotoreff30,AlwaysOpen-HistorySide,3213,0.07016003094144772,0.104357159461356,0.10787404074773631,1.365679275231776,0.0,0.1897828359803213,0.1617818943801356,0.16416043969402264,1.0,1.0
rotoreff30,AlwaysOpen-HistorySide,3214,0.0260414127087063,0.04266164086082501,0.04565867427260103,0.8049055792335835,0.0,0.12422654120143854,0.1615425913853037,0.1640497932327272,1.0,1.0
rotoreff30,AlwaysOpen-HistorySide,3215,0.030870411028058285,0.04545550210720527,0.050184752767417,0.8655190182698419,0.0,0.13771388770963924,0.16157572225954045,0.16394184303796616,1.0,1.0
rotoreff30,AlwaysOpen-HistorySide,3216,0.06491947618998904,0.08851830869044679,0.09114579168701722,1.289329531367281,0.0,0.16840948768718797,0.16174734107394903,0.16445889973224972,1.0,1.0
rotoreff30,AlwaysOpen-HistorySide,3217,0.024181098988765908,0.03617636876776445,0.03700985220064172,0.7056875927186542,0.0,0.11937759014841602,0.16159868263238364,0.1639873778154558,1.0,1.0
rotoreff30,AlwaysOpen-HistorySide,3218,0.011330317092024958,0.013987559228084827,0.021665557038633192,0.5261408311722197,0.0,0.08550783196480105,0.16144761111430594,0.1641214643237356,1.0,1.0
rotoreff30,AlwaysOpen-HistorySide,3219,0.07196448269130597,0.0992798709870828,0.10052902181374392,1.4707554684359236,0.0,0.18669891662413501,0.16182555900835152,0.16449743391822672,1.0,1.0
rotoreff30,AlwaysOpen-HistorySide,3220,0.012244411809157956,0.01825768350012136,0.019833374971296117,0.5597046476640353,0.0,0.09447816204814198,0.161440850963444,0.16392603987898766,1.0,1.0
rotoreff30,AlwaysOpen-HistorySide,3221,0.014342310482306326,0.02265646003793556,0.023299912194586856,0.5128357990053058,0.0,0.0959886108904758,0.16153902805721942,0.1640322629415674,1.0,1.0
rotoreff30,AlwaysOpen-HistorySide,3222,0.014253575222111686,0.02525936295584517,0.026298309888148283,0.591130113860902,0.0,0.10495945403520268,0.16145161648898151,0.16399380492838167,1.0,1.0
rotoreff30,AlwaysOpen-HistorySide,3223,0.06152496404848515,0.08721188456828351,0.093275547341599,1.3091147697624774,0.0,0.17910911363410373,0.16170951601354844,0.1641554172359289,1.0,1.0
rotoreff30,AlwaysOpen-HistorySide,3224,0.04015043677221266,0.056355687307117174,0.05832727941709237,0.9878352304994533,0.0,0.16007404062500716,0.16162377132952663,0.1639288896312848,1.0,1.0
rotoreff30,AlwaysOpen-HistorySide,3225,0.02670937698537306,0.04454780909371358,0.04575787677575607,0.8447095739274002,0.0,0.13889982774129292,0.16161963945117744,0.16410261391711167,1.0,1.0
rotoreff30,AlwaysOpen-HistorySide,3226,0.047328595094425205,0.07798707299726385,0.08220509313713682,1.0296041367970263,0.0,0.16181704425090293,0.16167942419586137,0.16405728451566962,1.0,1.0
rotoreff30,AlwaysOpen-HistorySide,3227,0.02133254067479436,0.03301407968760245,0.034485277603524905,0.7500117581019677,0.0,0.11411354969915875,0.1615591916555311,0.16405229093285684,1.0,1.0
rotoreff30,AlwaysOpen-HistorySide,3228,0.029063797286320837,0.04724791750866317,0.04914061365794892,0.8288601366145976,0.0,0.12505243948619502,0.1616018994391835,0.16420173797856413,1.0,1.0
rotoreff30,AlwaysOpen-HistorySide,3229,0.04985505358603509,0.07856538962664349,0.08069751740155998,0.936290966835331,0.0,0.15503314610469074,0.1616838084279461,0.1639994551912029,1.0,1.0
rotoreff30,AlwaysOpen-HistorySide,3230,0.0583903244997728,0.07943734447524552,0.08190254554630158,1.2685592064436058,0.0,0.1725468555125951,0.16179201495726045,0.16423659553856948,1.0,1.0
rotoreff30,AlwaysOpen-HistorySide,3231,0.04657447151222484,0.07251327174334163,0.0744476076777708,1.056877928505159,0.0,0.15557042868703033,0.16174605050961993,0.16416395087793015,1.0,1.0
rotoreff30,AlwaysOpen-HistorySide,3232,0.016952035252959373,0.026351980047736628,0.026505047935632364,0.6650334995066814,0.0,0.11054416906475774,0.16153100809219173,0.16399953725562194,1.0,1.0
rotoreff30,AlwaysOpen-HistorySide,3233,0.016904457253170812,0.027409964543491778,0.028496289365361714,0.6402987117173427,0.0,0.10465727119311417,0.16154937689511245,0.16411164945568962,1.0,1.0
rotoreff30,AlwaysOpen-HistorySide,3234,0.05635765753975144,0.0858696519559636,0.08843731388020279,1.0245825122256673,0.0,0.15906703157813482,0.16174654728002305,0.1641792948245248,1.0,1.0
rotoreff30,AlwaysOpen-HistorySide,3235,0.036803659118934365,0.05557507478509274,0.05701846526165262,0.7727282710647848,0.0,0.1296914217423976,0.16166602792401705,0.16428763868867483,1.0,1.0
rotoreff30,AlwaysOpen-HistorySide,3236,0.07314226033444353,0.10249190248574476,0.10582972925953256,1.4608213460361155,0.0,0.19992660170664517,0.16185625416526217,0.1642344085760186,1.0,1.0
rotoreff30,AlwaysOpen-HistorySide,3237,0.0683458175270514,0.0963427456100818,0.09943421209438884,1.4045532366208227,0.0,0.18020843840477743,0.1618385810116019,0.1645604634972276,1.0,1.0
rotoreff30,AlwaysOpen-HistorySide,3238,0.030397871059829468,0.04479505971712599,0.04869465020107045,0.8327176849896978,0.0,0.13224823332210617,0.16156857369410293,0.16418696065293625,1.0,1.0
rotoreff30,AlwaysOpen-HistorySide,3239,0.06887191819259772,0.11553508246838508,0.12038261712233894,1.124969338573848,0.0,0.16847591207257445,0.161820384017972,0.1646819335993486,1.0,1.0
rotoreff30,AlwaysOpen-HistorySide,3240,0.03630613018956491,0.04858577140610343,0.05034829039053199,0.9888320379886342,0.0,0.14710133585093435,0.16164551359345922,0.16406185647570545,1.0,1.0
rotoreff30,AlwaysOpen-HistorySide,3241,0.07363834457092859,0.10581037991010689,0.115384455813158,1.4605883501420263,0.0,0.18483196515743217,0.1617940828602477,0.16432402140667682,1.0,1.0
rotoreff30,AlwaysOpen-HistorySide,3242,0.05774838934556241,0.08384601555426051,0.08642241603614018,1.1820958683759817,0.0,0.16042649242505297,0.16170078830409687,0.1640520835880019,1.0,1.0
rotoreff30,AlwaysOpen-HistorySide,3243,0.04680475366524599,0.06637030680271928,0.06850905391792465,1.1377017153349285,0.0,0.16688169494484284,0.1617102609445365,0.16416986552990415,1.0,1.0
rotoreff30,AlwaysOpen-HistorySide,3244,0.04682027367403325,0.06543114530214064,0.07095286537819313,1.1020247677168873,0.0,0.15629372791546883,0.16167564469526352,0.1642034177800576,1.0,1.0
rotoreff30,AlwaysOpen-HistorySide,3245,0.03205655607020329,0.056888295545528884,0.05846638838287236,0.8553269843905691,0.0,0.14158845759579353,0.1616448910013194,0.16419079062385883,1.0,1.0
rotoreff30,AlwaysOpen-HistorySide,3246,0.017018789421506166,0.024094108144150445,0.02466443775746039,0.69861432887399,0.0,0.11082335044191828,0.16151579145762943,0.16404264858737408,1.0,1.0
rotoreff30,AlwaysOpen-HistorySide,3247,0.06460976127386049,0.09258860549145308,0.09692048034639084,1.3726326413923389,0.0,0.184752959783061,0.16176249506092133,0.16411368085022224,1.0,1.0
rotoreff30,AlwaysOpen-HistorySide,3248,0.044052922949709146,0.06520366936629389,0.06885720822340916,0.9749299124087736,0.0,0.14730467499347022,0.1616283811770983,0.1642306162484912,1.0,1.0
rotoreff30,AlwaysOpen-HistorySide,3249,0.05954277395459996,0.08477823273428911,0.08757354563749936,1.2105362305100071,0.0,0.1745805050961506,0.16168213232920794,0.16412604295025743,1.0,1.0
rotoreff30,AlwaysOpen-HistorySide,3250,0.026128511196845266,0.03865608036769992,0.04037968134941938,0.7492211631932651,0.0,0.12201125556275813,0.16159629746892892,0.164067282136638,1.0,1.0
rotoreff30,AlwaysOpen-HistorySide,3251,0.07342752901362913,0.10495943174574561,0.12226243196269997,1.5005933486245446,0.0,0.19864981229059328,0.16184490654518477,0.16445625190295068,1.0,1.0
rotoreff30,AlwaysOpen-HistorySide,3252,0.06863828365692229,0.09732222123594354,0.09846417949261409,1.3346103071494613,0.0,0.18595063592995628,0.16173181242473442,0.16424909428422194,1.0,1.0
rotoreff30,AlwaysOpen-HistorySide,3253,0.020630112190477928,0.03131990613657751,0.03215504988153698,0.6158796336621983,0.0,0.10707756667542878,0.1615160906467472,0.16405396433484937,1.0,1.0
rotoreff30,AlwaysOpen-HistorySide,3254,0.031196447219506762,0.04258207007483102,0.04403062963052607,0.9187083634127052,0.0,0.1443049482676683,0.16163737680962903,0.16423833609411995,1.0,1.0
rotoreff30,AlwaysOpen-HistorySide,3255,0.027601148861919163,0.037149873066084825,0.037983694495119846,0.7720368644001051,0.0,0.11921787381863082,0.16155238212773873,0.16434808596580688,1.0,1.0
rotoreff30,AlwaysOpen-HistorySide,3256,0.024504505116822495,0.0376737329056838,0.03829199506201198,0.8073544688347774,0.0,0.12793205127264085,0.1615674885120519,0.1640080081873892,1.0,1.0
rotoreff30,AlwaysOpen-HistorySide,3257,0.013888365116935449,0.01806153394099205,0.01866656273584201,0.6487131858155818,0.0,0.1070919021899358,0.16151102484432056,0.16401155234980086,1.0,1.0
rotoreff30,AlwaysOpen-HistorySide,3258,0.025282362919229303,0.03759837963348761,0.038835366600051054,0.8528775581887047,0.0,0.1376706986938127,0.16158878201952745,0.16388285601429195,1.0,1.0
rotoreff30,AlwaysOpen-HistorySide,3259,0.04219596388631444,0.06770178057172445,0.06928260090961989,0.9657671921687954,0.0,0.14785076737404343,0.16168932841529057,0.1640054625183108,1.0,1.0
rotoreff30,AlwaysOpen-HistorySide,3260,0.06524804696034014,0.09071819839516744,0.09280389868821826,1.2798306322499422,0.0,0.16904871627820459,0.16177101392542875,0.16446178494743185,1.0,1.0
rotoreff30,AlwaysOpen-HistorySide,3261,0.022766867743417338,0.032767199861773226,0.034139897762835596,0.7321803819134646,0.0,0.11652142347548863,0.16153440703410973,0.16426220483641885,1.0,1.0
rotoreff30,AlwaysOpen-HistorySide,3262,0.033663662578674536,0.05248206939731515,0.05462743330231152,0.884250747836486,0.0,0.1416864782074497,0.16167506874230222,0.16433316677458382,1.0,1.0
rotoreff30,AlwaysOpen-HistorySide,3263,0.03359955674699189,0.047529075090752514,0.04966714305571156,0.9674090239557032,0.0,0.14789159715146688,0.1616513918034228,0.16403238670660278,1.0,1.0
rotoreff30,AlwaysOpen-HistorySide,3264,0.035933420370508846,0.05190754523825233,0.05282842300767067,0.9350353930915821,0.0,0.1429632902394672,0.16160441343956755,0.1639887101544469,1.0,1.0
rotoreff30,AlwaysOpen-HistorySide,3265,0.021239664806326785,0.034793468027312625,0.03609764272885223,0.6499987183073433,0.0,0.11233664675426008,0.16154572194697275,0.16404107929438216,1.0,1.0
rotoreff30,AlwaysOpen-HistorySide,3266,0.010821374762304988,0.014376211226767186,0.01475086273509567,0.5302597293332675,0.0,0.08919196856114306,0.16147347296329875,0.16404670513000452,1.0,1.0
rotoreff30,AlwaysOpen-HistorySide,3267,0.016495216291149556,0.02229028200317967,0.023288850610000012,0.6363185339365464,0.0,0.1107149690156559,0.1615685357900601,0.16424502745738243,1.0,1.0
rotoreff30,AlwaysOpen-HistorySide,3268,0.04236051350091938,0.06071437108458351,0.06164339209152495,1.0472362529941022,0.0,0.16043590412341166,0.16175255177187917,0.16420427962294204,1.0,1.0
rotoreff30,AlwaysOpen-HistorySide,3269,0.04733777519900571,0.0671769132179168,0.06900441550652603,1.014397898672149,0.0,0.16006388266666394,0.16171086125741718,0.164143320841553,1.0,1.0
rotoreff30,AlwaysOpen-HistorySide,3270,0.018017096121895646,0.025006186489733215,0.0257032854130753,0.7206377082249605,0.0,0.1119539691286922,0.16154684836806651,0.1641508028539597,1.0,1.0
rotoreff30,AlwaysOpen-HistorySide,3271,0.03795701485200398,0.05633770119893397,0.0575557462960173,0.9918978020935536,0.0,0.1483775743611934,0.16167630999019394,0.16411035633844417,1.0,1.0
rotoreff30,AlwaysOpen-HistorySide,3272,0.039733961271520325,0.0639408835115306,0.06568970184686043,0.8208033604312768,0.0,0.14052754831054132,0.1616224798387132,0.16387062019818818,1.0,1.0
rotoreff30,AlwaysOpen-HistorySide,3273,0.03381946970647673,0.04757427091445517,0.04903749783153872,0.8975636032179408,0.0,0.13656097279726445,0.16164125799893864,0.16419841118429626,1.0,1.0
rotoreff30,AlwaysOpen-HistorySide,3274,0.02180311195767336,0.030999335773713183,0.03179544487690094,0.7309403926333675,0.0,0.1178607122093896,0.16154481788696531,0.16404077869700998,1.0,1.0
rotoreff30,AlwaysOpen-HistorySide,3275,0.02405261591683826,0.032934859843744634,0.0346227320205813,0.6794578393872635,0.0,0.11595574826151868,0.1616041308510459,0.16427804007089572,1.0,1.0
rotoreff30,AlwaysOpen-HistorySide,3276,0.015520999393698795,0.02386805991907392,0.024687015263744946,0.6164913107999861,0.0,0.10085994478911613,0.1614789387651811,0.16399842785861685,1.0,1.0
rotoreff30,AlwaysOpen-HistorySide,3277,0.018469720951188543,0.02995288471570594,0.03080589107600016,0.6991028287538524,0.0,0.10551660152511522,0.16147177285960262,0.16413918214657064,1.0,1.0
rotoreff30,AlwaysOpen-HistorySide,3278,0.09216172211043287,0.13248922965749907,0.13589301152171293,1.6199490990871097,0.0,0.19305245668068743,0.16180390457374902,0.1644088754418445,1.0,1.0
rotoreff30,AlwaysOpen-HistorySide,3279,0.020503286233286632,0.030240409026411952,0.030684503961548662,0.6304547408379003,0.0,0.1112761990842368,0.16157578677518483,0.16412087266277542,1.0,1.0
rotoreff30,AlwaysOpen-HistorySide,3280,0.04822051883671008,0.07435577519155107,0.07787035926900987,1.0939857935792596,0.0,0.1604344023053076,0.16168524107546312,0.1640059189951137,1.0,1.0
rotoreff30,AlwaysOpen-HistorySide,3281,0.028801288194207676,0.04113910414047672,0.04267891911594479,0.8779068266543575,0.0,0.13438528585395562,0.16159426349776476,0.16415895716479037,1.0,1.0
rotoreff30,AlwaysOpen-HistorySide,3282,0.02351756619315367,0.03126232051224239,0.03175188009034481,0.8079532245479274,0.0,0.12107011202616456,0.16152462949964178,0.16396434415219008,1.0,1.0
rotoreff30,AlwaysOpen-HistorySide,3283,0.05046547547049312,0.06881113796011534,0.07076027706435027,1.1166387560053332,0.0,0.1550750997647401,0.16169913090640586,0.16434832653899706,1.0,1.0
rotoreff30,AlwaysOpen-HistorySide,3284,0.0773912563272972,0.11356577045731898,0.11543161658540153,1.4240327565201873,0.0,0.1768167203599575,0.16178768159605778,0.16434056791556045,1.0,1.0
rotoreff30,AlwaysOpen-HistorySide,3285,0.0289727661202677,0.03415251606481317,0.03521098107921814,0.8437733483432946,0.0,0.13339094680570077,0.16160173532091449,0.16424484440994916,1.0,1.0
rotoreff30,AlwaysOpen-HistorySide,3286,0.08343075733558647,0.12201501592489084,0.1273806569954721,1.5676820956887727,0.0,0.19372466601340357,0.16179302015083896,0.16432195165764021,1.0,1.0
rotoreff30,AlwaysOpen-HistorySide,3287,0.01619350174972943,0.024006269781228252,0.024421961935399375,0.6853117555611378,0.0,0.10986017778162875,0.16154506845749636,0.16405323137411762,1.0,1.0
rotoreff30,AlwaysOpen-HistorySide,3288,0.02452945723510285,0.030354985714938217,0.03156119625524736,0.8218500362728908,0.0,0.12953563919493147,0.1616020967406484,0.16413575901458127,1.0,1.0
rotoreff30,AlwaysOpen-HistorySide,3289,0.03658954725173769,0.052916251769988806,0.054539195967015355,0.8580308224663248,0.0,0.14348395062075933,0.16166408748586886,0.16414331421350323,1.0,1.0
rotoreff30,AlwaysOpen-HistorySide,3290,0.01990743225963788,0.02847732018812391,0.029321656755976505,0.719576120675806,0.0,0.11258298599395664,0.16152524756265157,0.16409970224165132,1.0,1.0
rotoreff30,AlwaysOpen-HistorySide,3291,0.012274998769818723,0.0233178605667497,0.02458898956616222,0.6384964073355894,0.0,0.10508434359607995,0.16153876493475347,0.1639848649417487,1.0,1.0
rotoreff30,AlwaysOpen-HistorySide,3292,0.025183060974311867,0.03967725609058478,0.0409998103272264,0.7574456406504497,0.0,0.11659328352420459,0.16156744362872483,0.1641987897093313,1.0,1.0
rotoreff30,AlwaysOpen-HistorySide,3293,0.05951424550941611,0.10017715653695257,0.10318326937063792,1.1971323800754015,0.0,0.17324923071016854,0.16178100936945009,0.16420087769546923,1.0,1.0
rotoreff30,AlwaysOpen-HistorySide,3294,0.011981629913372519,0.01654339069252254,0.01728068516425198,0.5421469975210061,0.0,0.08995937940209864,0.16147024148677344,0.1639635600419467,1.0,1.0
rotoreff30,AlwaysOpen-HistorySide,3295,0.06884569745942078,0.09891751230557992,0.10190205642293532,1.2840628070458737,0.0,0.17071667290038234,0.16175068045142518,0.1644909486901564,1.0,1.0
rotoreff30,AlwaysOpen-HistorySide,3296,0.05024585857205056,0.06993688798863858,0.07179108389108828,1.059942573688588,0.0,0.16379992474685295,0.16175753513830446,0.1641650634688345,1.0,1.0
rotoreff30,AlwaysOpen-HistorySide,3297,0.030332277583293262,0.0578666857796571,0.06303078430824942,0.8609243183713532,0.0,0.14011118318842805,0.16164193060157026,0.1641592944605748,1.0,1.0
rotoreff30,AlwaysOpen-HistorySide,3298,0.0536546365283594,0.07579639947898324,0.07776040130631545,1.0855534019200253,0.0,0.1637118735767824,0.16171156389936894,0.16413983264952475,1.0,1.0
rotoreff30,AlwaysOpen-HistorySide,3299,0.037405111525982804,0.050362032448672364,0.05141245450507408,0.9812279456301221,0.0,0.15549232468220542,0.1616827076667439,0.16403640377328693,1.0,1.0
rotoreff30,EventDetected-GatedHistory,3200,0.06498279672396048,0.09211066426995752,0.09528656951188452,1.329365062278883,0.0,0.1729524219373637,0.16174010369085035,0.16414158926362818,0.999999999972344,0.9999999999999065
rotoreff30,EventDetected-GatedHistory,3201,0.039959321225032596,0.05731256456799524,0.0582779634209824,0.8165403599902784,0.0,0.13991405188272799,0.1587824295463861,0.1640713061685161,0.9821468322844529,0.9999999999277369
rotoreff30,EventDetected-GatedHistory,3202,0.027801433280768298,0.04330233220938234,0.044196140847865016,0.7870131271576457,0.0,0.121618932855567,0.14531843333173963,0.16371538147112477,0.8992148010737102,0.9999998987369341
rotoreff30,EventDetected-GatedHistory,3203,0.04604929456837352,0.06108220054496972,0.06170729451617827,1.101591796110574,0.0,0.1679201963952277,0.16175018798085536,0.1643491910874623,0.9997983883470904,0.9999999999998731
rotoreff30,EventDetected-GatedHistory,3204,0.08764972343959034,0.1253729688992733,0.12719391476777667,1.5511486162924235,0.0,0.18181724194984825,0.16180771024202564,0.16459286398523845,0.9999999999999065,0.9999999999999065
rotoreff30,EventDetected-GatedHistory,3205,0.016254345254556806,0.025849082268856984,0.026941726971037288,0.6656583891340535,0.0,0.10897364185084393,0.10363983273964693,0.1627488499973135,0.641645141685225,0.9999597033996471
rotoreff30,EventDetected-GatedHistory,3206,0.031792483009460144,0.05156875073719822,0.05318062785442321,0.9247277999291951,0.0,0.14217589541580408,0.16012250050017893,0.1641344093257465,0.9905385334779407,0.9999999997595098
rotoreff30,EventDetected-GatedHistory,3207,0.026493160224443948,0.0354672404270703,0.03653163277112798,0.8089774271389097,0.0,0.1229621986608387,0.15523874848623412,0.1636649629146308,0.9608076126350773,0.9999999024196404
rotoreff30,EventDetected-GatedHistory,3208,0.016084356048947965,0.02241957470510023,0.023391543060175907,0.6043248983758374,0.0,0.10310772823223024,0.08029994014359593,0.1621918819626692,0.4972130262141944,0.999617625797813
rotoreff30,EventDetected-GatedHistory,3209,0.052527405699838825,0.0761243599812426,0.07838295463578075,1.1899594079685394,0.0,0.17356253915557826,0.1617600553243266,0.16431572040384262,0.9999963249205343,0.9999999999999065
rotoreff30,EventDetected-GatedHistory,3210,0.044487811828246356,0.06136607436118419,0.06246399717480951,1.0154799356690722,0.0,0.1532320422593496,0.1616857109632934,0.16428203812499034,0.9999897359459677,0.9999999999998929
rotoreff30,EventDetected-GatedHistory,3211,0.04384869625444349,0.07074716594111656,0.07273890890451637,1.010034615163873,0.0,0.15165102759231663,0.16127925848875907,0.16431014877717565,0.9970857256238176,0.9999999999999065
rotoreff30,EventDetected-GatedHistory,3212,0.043787585731945994,0.06344967798622457,0.06578080837850618,1.0045111793842398,0.0,0.154928812003812,0.16163674363245026,0.1641201937044751,0.9999934865947915,0.9999999999999065
rotoreff30,EventDetected-GatedHistory,3213,0.07016003095864205,0.10435715946129723,0.10787404067518931,1.3656792747738085,0.0,0.18978283596029288,0.1617818943778433,0.16416043968942784,0.9999999999924813,0.9999999999999065
rotoreff30,EventDetected-GatedHistory,3214,0.026052358807889874,0.042649776959656625,0.04565790102972169,0.8049174963695014,0.0,0.12418921710154583,0.14984681632482233,0.1634626935607702,0.9276942762134005,0.9999999959335261
rotoreff30,EventDetected-GatedHistory,3215,0.030868451942272095,0.04545853362358177,0.05018565017675793,0.8655121265467012,0.0,0.13769413752923246,0.1587394722963214,0.16385488490861275,0.9824326751387924,0.9999999992083285
rotoreff30,EventDetected-GatedHistory,3216,0.06491946913165171,0.08851830919151692,0.09114579239186474,1.2893295243298781,0.0,0.16840948961374985,0.16174734101856814,0.16445889967814917,0.9999999997323622,0.9999999999999065
rotoreff30,EventDetected-GatedHistory,3217,0.024180847824013692,0.03617602670497321,0.037009264270221304,0.7056213986098947,0.0,0.11920218885970757,0.1288029120625802,0.16315640514821875,0.797151520332768,0.9999989416783681
rotoreff30,EventDetected-GatedHistory,3218,0.01133551437047208,0.013985581961021799,0.021677079830829324,0.5260498873073557,0.0,0.08506025527121322,0.05033144635587019,0.16004026231782148,0.3117217108904539,0.9927175605331042
rotoreff30,EventDetected-GatedHistory,3219,0.07196729575417508,0.09928448739446223,0.1005283370145078,1.470755511893719,0.0,0.1866975211264245,0.16182555204403046,0.16449743399435474,0.9999999999998704,0.9999999999999065
rotoreff30,EventDetected-GatedHistory,3220,0.01222997462078803,0.01795339977235037,0.019828251917410156,0.5596074849054647,0.0,0.09408330219375878,0.06269571481553073,0.16089203344526534,0.3884419617065348,0.9986910306878768
rotoreff30,EventDetected-GatedHistory,3221,0.014418303100862858,0.022914983703777717,0.02354530087086172,0.5128381758834805,0.0,0.09560258738547554,0.0697965287723564,0.16137994431167982,0.4320701925621175,0.9987103621939012
rotoreff30,EventDetected-GatedHistory,3222,0.014266038111201203,0.025212540986998804,0.026265450897397687,0.5910983434170994,0.0,0.10443588340500623,0.09385629784044809,0.16242725997724036,0.5813879046846115,0.9999016432821547
rotoreff30,EventDetected-GatedHistory,3223,0.06152557957758694,0.08721188336225906,0.09327554739840242,1.3091127213182951,0.0,0.1791088154835908,0.16170951009187712,0.16415539378444877,0.9999999871891092,0.9999999999999065
rotoreff30,EventDetected-GatedHistory,3224,0.040150184188341084,0.056360197971144645,0.058330391299599764,0.9878340627287887,0.0,0.16007645569102485,0.16153171891493476,0.16392889117582266,0.9994327185895738,0.9999999999991458
rotoreff30,EventDetected-GatedHistory,3225,0.02671352717567219,0.044565546779146745,0.04576783633672364,0.8447346593232838,0.0,0.13888952034135502,0.1583680928552319,0.16376701002277688,0.9799422855138986,0.9999999961216005
rotoreff30,EventDetected-GatedHistory,3226,0.04733012685148311,0.07798707418047977,0.08220509409062342,1.029614253464728,0.0,0.16181843893633413,0.16060201828047027,0.16399914868524373,0.9933818118181582,0.9999999999999065
rotoreff30,EventDetected-GatedHistory,3227,0.02132297648182176,0.0330162322678248,0.034486369808519206,0.7499420553321239,0.0,0.11395467738565351,0.13747686584652524,0.16345053111832578,0.8510248312664249,0.9999992380693313
rotoreff30,EventDetected-GatedHistory,3228,0.02906308529107947,0.04724968860735492,0.049140580191768306,0.8288273899768762,0.0,0.1250197737988191,0.15561555178574418,0.16412585737276694,0.9629760910089961,0.999999999006252
rotoreff30,EventDetected-GatedHistory,3229,0.049852537771984264,0.07856543794977504,0.0806975857391962,0.9363027564605918,0.0,0.1550373593699554,0.1612893601719105,0.16399200291016885,0.9975569404706573,0.9999999999999065
rotoreff30,EventDetected-GatedHistory,3230,0.05839081259185425,0.0794372606948245,0.08190247041082312,1.2685581461814042,0.0,0.17254658754046653,0.16179201138355478,0.16423659584323738,0.9999999994296424,0.9999999999999065
rotoreff30,EventDetected-GatedHistory,3231,0.046574810048213726,0.07251179642559807,0.07444714072978843,1.0568755715356013,0.0,0.15557109435964053,0.1615459766726593,0.16412521945210234,0.9987695039243815,0.9999999999999065
rotoreff30,EventDetected-GatedHistory,3232,0.016929656410495823,0.026458235360264655,0.02663509252344831,0.6649345490247229,0.0,0.1104629303497935,0.11500838957221153,0.1631818567425327,0.7118432809008152,0.9999721435442078
rotoreff30,EventDetected-GatedHistory,3233,0.016887775171586815,0.02741282959476957,0.028508718563800495,0.6402574159195761,0.0,0.10453255671598279,0.11077446492915641,0.1629165412827622,0.6856269536724346,0.9999757166551785
rotoreff30,EventDetected-GatedHistory,3234,0.05635658647841963,0.08586941170229659,0.08843718020120811,1.0245878173673295,0.0,0.15906756181845896,0.16173252205188662,0.16417404775626784,0.9999129752553135,0.9999999999999065
rotoreff30,EventDetected-GatedHistory,3235,0.03680295802973446,0.0555775380152347,0.05702213242899872,0.7727239768190335,0.0,0.12968468794176233,0.1576686153898067,0.16420375755135666,0.975325804181944,0.9999999997195927
rotoreff30,EventDetected-GatedHistory,3236,0.07314333202400819,0.10249425058739375,0.10582950129811475,1.4608195328098739,0.0,0.19992590415636557,0.16185624885309483,0.16423440856066263,0.9999999999998775,0.9999999999999065
rotoreff30,EventDetected-GatedHistory,3237,0.0683463310015561,0.0963423169606653,0.09943430347041085,1.4045482698806875,0.0,0.18020780797446986,0.1618385728621291,0.16456041012585945,0.9999999999908773,0.9999999999999065
rotoreff30,EventDetected-GatedHistory,3238,0.03040217410944297,0.04479732443823671,0.048695455596134744,0.8327353449437422,0.0,0.1322289464603834,0.15867889386889883,0.16406866183020388,0.982144361799332,0.9999999995362704
rotoreff30,EventDetected-GatedHistory,3239,0.06887639096864112,0.11553509218916201,0.12038262343519937,1.125006091396652,0.0,0.16847610064176702,0.16172591737918313,0.16468193765154657,0.9994155853368331,0.9999999999999065
rotoreff30,EventDetected-GatedHistory,3240,0.036303647398791175,0.04857286680836838,0.050348271092987736,0.9888291876667066,0.0,0.14710281825602947,0.16162333309007157,0.16403361603712618,0.9998632202310017,0.9999999999768944
rotoreff30,EventDetected-GatedHistory,3241,0.07364101914056899,0.10581036539662636,0.11538445606725821,1.4605981557147862,0.0,0.18483153158113105,0.16179408895525646,0.16432402116312653,0.9999999999774349,0.9999999999999065
rotoreff30,EventDetected-GatedHistory,3242,0.05774916802588891,0.08385016295037549,0.08642412646886322,1.1820926008681785,0.0,0.16042577909161496,0.1617007833475509,0.16405208336116567,0.9999999844303262,0.9999999999999065
rotoreff30,EventDetected-GatedHistory,3243,0.04680515102832943,0.06637171071985548,0.06850879825499398,1.1376962108000932,0.0,0.16688190211341736,0.16171002043306532,0.1641696813099617,0.9999986024775694,0.9999999999999065
rotoreff30,EventDetected-GatedHistory,3244,0.046823298463161404,0.06543114135199996,0.07095286526295996,1.1020190081864416,0.0,0.15629222705130494,0.1616754103592278,0.16420341704050267,0.999998605797111,0.9999999999999065
rotoreff30,EventDetected-GatedHistory,3245,0.03206481294659384,0.056889429196487956,0.05846712879984014,0.8553494257604406,0.0,0.14154485688627275,0.15758577860328868,0.16394953653330657,0.9749458708008565,0.9999999999623199
rotoreff30,EventDetected-GatedHistory,3246,0.01705358832249248,0.02407473412417485,0.0246388460505638,0.6986202671186929,0.0,0.1104673476267229,0.11356441665382201,0.1629303169541727,0.7033575738100882,0.9999826388038794
rotoreff30,EventDetected-GatedHistory,3247,0.06461119490940985,0.09258860497815698,0.09692048041293715,1.3726309101702285,0.0,0.18475235488495795,0.16176249010755034,0.16411366564559873,0.9999999999316542,0.9999999999999065
rotoreff30,EventDetected-GatedHistory,3248,0.04405499107721206,0.06520368373806816,0.06885720603373069,0.9749258680633859,0.0,0.14730310011852665,0.16160642458658223,0.16423087590311297,0.9998641698348386,0.9999999999999065
rotoreff30,EventDetected-GatedHistory,3249,0.05954586400271293,0.08478722233774884,0.08757313366128609,1.2105371734525896,0.0,0.1745787031273069,0.16168212927200198,0.1641260370145602,0.9999999986514817,0.9999999999999065
rotoreff30,EventDetected-GatedHistory,3250,0.026117548992632276,0.038668444730763765,0.04039312420860314,0.7492163900349692,0.0,0.12195475818059826,0.1455019674448142,0.16370257119743034,0.9005191487667716,0.9999996598585814
rotoreff30,EventDetected-GatedHistory,3251,0.07342911353088864,0.10495941835184375,0.12226243211584471,1.500597701502223,0.0,0.1986492266690283,0.1618449026048405,0.16445623360670386,0.999999999999136,0.9999999999999065
rotoreff30,EventDetected-GatedHistory,3252,0.06863923368246894,0.09732221579474494,0.09846392004556402,1.334606872467066,0.0,0.1859497929512262,0.16173180506090232,0.1642490751285022,0.9999999999336685,0.9999999999999065
rotoreff30,EventDetected-GatedHistory,3253,0.02064999437888861,0.03137335901161702,0.03221554419535432,0.6159017777594309,0.0,0.10678908106730405,0.10659054366979014,0.1629958738543896,0.6598301517864176,0.9999639246143687
rotoreff30,EventDetected-GatedHistory,3254,0.0311922837854197,0.04257825928384525,0.0440285414206903,0.9186936243145886,0.0,0.1443141818281027,0.16115345382425383,0.16413062305695836,0.9969956181772224,0.9999999996990979
rotoreff30,EventDetected-GatedHistory,3255,0.02760150133004141,0.037144649488081515,0.03798123987556217,0.7720226833864985,0.0,0.11918781537564657,0.15706409857870487,0.16393980404751066,0.9723197147637097,0.9999999712393617
rotoreff30,EventDetected-GatedHistory,3256,0.024520194696617034,0.037685340658838884,0.03830206964263329,0.8073595158834492,0.0,0.1278867901133625,0.1445377012069593,0.16366076373377422,0.8946761387053961,0.999999829329114
rotoreff30,EventDetected-GatedHistory,3257,0.013966367488692389,0.017998824726941802,0.018578708819116368,0.6487130265006066,0.0,0.10659698320866075,0.09406497676695691,0.16228561767315072,0.5825801864509387,0.9998145558351765
rotoreff30,EventDetected-GatedHistory,3258,0.02527858653360368,0.03756989080786716,0.03881960946778056,0.8528611427758378,0.0,0.1376629836423327,0.15781225664601475,0.16369635856247824,0.9766172755734758,0.9999999835196121
rotoreff30,EventDetected-GatedHistory,3259,0.04220025109832365,0.06770204553263512,0.06928296200887911,0.9657800896039039,0.0,0.1478508891905084,0.16066320953278848,0.1639703347604797,0.9936677442584109,0.9999999999998389
rotoreff30,EventDetected-GatedHistory,3260,0.06525086603800173,0.0907177211718061,0.09280389888643949,1.2798223489234515,0.0,0.1690469255343339,0.16177100194039368,0.1644617849892617,0.9999999999800029,0.9999999999999065
rotoreff30,EventDetected-GatedHistory,3261,0.022779476063520022,0.03276686107312966,0.03417657201788883,0.7321931263538928,0.0,0.1163871723120403,0.14802126777724656,0.16375253392239927,0.9164542674669017,0.9999998179105016
rotoreff30,EventDetected-GatedHistory,3262,0.033661383726131956,0.052481078284112824,0.05462713605604737,0.8842288442340026,0.0,0.14167840519797528,0.1594162802037095,0.16423806142441708,0.9860376241415792,0.9999999998964221
rotoreff30,EventDetected-GatedHistory,3263,0.03360011393605188,0.04753046651277766,0.04966739911275045,0.9674118604406842,0.0,0.1478948407834392,0.16145927052004203,0.16398769956006568,0.9988194338428403,0.9999999999431589
rotoreff30,EventDetected-GatedHistory,3264,0.03593375329807211,0.05190764252156192,0.052828102517515886,0.9350335881862012,0.0,0.14296173867680753,0.16149601683826642,0.16398716790105683,0.9993317208338167,0.9999999999905799
rotoreff30,EventDetected-GatedHistory,3265,0.021223515905934593,0.034793884700816145,0.0360976422714091,0.649977664100062,0.0,0.11223909377911187,0.11935724749095268,0.16303210663522777,0.738700282109919,0.9999845908176521
rotoreff30,EventDetected-GatedHistory,3266,0.010884447099301682,0.0141870104758831,0.014533210391998008,0.5302684383112249,0.0,0.08865790320119935,0.0528812364028279,0.16022726074073426,0.32766281722914864,0.9947318957197615
rotoreff30,EventDetected-GatedHistory,3267,0.016528035338240717,0.022478211211376168,0.02347361917358935,0.6362804629033677,0.0,0.11032388221473605,0.10230083924941738,0.1622632714867676,0.6332080501425207,0.9999380465221253
rotoreff30,EventDetected-GatedHistory,3268,0.04236053867061385,0.06071502194734313,0.06164379972763015,1.0472369157131516,0.0,0.1604342991887497,0.16138701818660414,0.16419512357581764,0.9977512464232252,0.9999999999985542
rotoreff30,EventDetected-GatedHistory,3269,0.04733682978251624,0.06717690047402264,0.06900439239194216,1.0143988756733135,0.0,0.16006475108029097,0.16167617880115426,0.1641433208116078,0.9997869991142238,0.9999999999999065
rotoreff30,EventDetected-GatedHistory,3270,0.018049159796901748,0.025078336946308493,0.025774884847333722,0.7206927241131326,0.0,0.11176742188744272,0.11084845769148427,0.16293853582409548,0.6863721969772658,0.9999813191290023
rotoreff30,EventDetected-GatedHistory,3271,0.037958175042325126,0.05633783726622234,0.05755696376595427,0.99189350934647,0.0,0.14837574825677619,0.1615512681650085,0.1640964619062966,0.9992296430669527,0.9999999999797352
rotoreff30,EventDetected-GatedHistory,3272,0.03973577443515407,0.06393781104947562,0.06568710363403923,0.8207875022034031,0.0,0.1404990226981456,0.15660905983603923,0.16379024742830597,0.9689766184787206,0.9999999999860533
rotoreff30,EventDetected-GatedHistory,3273,0.033818945186990204,0.0475724079261437,0.04903611293812227,0.8975631252618698,0.0,0.13656111962435025,0.16124888732176199,0.16408807409075438,0.9975782272915237,0.9999999980441137
rotoreff30,EventDetected-GatedHistory,3274,0.02180830338845816,0.03099708677037693,0.03178773665906047,0.7309215929362771,0.0,0.11776770280743445,0.14255343597029346,0.1634549226972768,0.8825105701253915,0.9999985759307698
rotoreff30,EventDetected-GatedHistory,3275,0.024052699107831817,0.0329539619890064,0.03464285731171657,0.6794197385947338,0.0,0.11584125752785908,0.1365680870817736,0.16345164439720417,0.8451162703521692,0.9999983263284483
rotoreff30,EventDetected-GatedHistory,3276,0.015564362948078057,0.02383259215472333,0.024620950840020004,0.616443818158747,0.0,0.10074855148246485,0.07690874357818137,0.162200573092224,0.4764589571440809,0.9997980977289184
rotoreff30,EventDetected-GatedHistory,3277,0.018490063681134546,0.029972039106650684,0.03081938379252615,0.6991550589226612,0.0,0.10531132100665078,0.11163789644801111,0.16287813714136545,0.691534086952933,0.9999888483506004
rotoreff30,EventDetected-GatedHistory,3278,0.0921618172734004,0.13248922920418466,0.13589301042234164,1.6199484005025526,0.0,0.1930523690756536,0.16180390300847755,0.1644088754484469,0.9999999999999065,0.9999999999999065
rotoreff30,EventDetected-GatedHistory,3279,0.02050408332185579,0.03028114574878997,0.030715653735982736,0.6304398093471786,0.0,0.11118341603739114,0.1086289081532305,0.1630102629557388,0.6721456102059828,0.9999618737493345
rotoreff30,EventDetected-GatedHistory,3280,0.04822055633788077,0.07435575959061763,0.07787041980459444,1.0939855323790206,0.0,0.1604343524986934,0.1616842499438996,0.16400591860051622,0.999993865697794,0.9999999999999065
rotoreff30,EventDetected-GatedHistory,3281,0.028803413163753986,0.04113859982853281,0.04267838774042157,0.8779010617519543,0.0,0.13436217783065074,0.15910329979529306,0.1639536405045228,0.9845664214547368,0.9999999939650481
rotoreff30,EventDetected-GatedHistory,3282,0.023515205570755517,0.031264749640956574,0.03175585271708956,0.8079459965445509,0.0,0.1210096783403539,0.15416819576204263,0.163555326377665,0.9544518619764567,0.9999998206893809
rotoreff30,EventDetected-GatedHistory,3283,0.05046548004656336,0.0688111375571893,0.07076027677789012,1.1166387015164716,0.0,0.15507509434731728,0.1616991095989582,0.1643483261647646,0.9999998689791715,0.9999999999999065
rotoreff30,EventDetected-GatedHistory,3284,0.07739169697955417,0.1135656844890982,0.11543280296471861,1.4240330321617916,0.0,0.17681655577918154,0.16178768093582896,0.1643405624280819,0.999999999999873,0.9999999999999065
rotoreff30,EventDetected-GatedHistory,3285,0.02897305273917977,0.03415191813356446,0.03520972020907441,0.8437749239662705,0.0,0.13337859771165023,0.15961651568553628,0.1639708555505812,0.9877063586220238,0.9999999284751895
rotoreff30,EventDetected-GatedHistory,3286,0.08343366966574821,0.12201499762480478,0.1273806573472985,1.567685635370334,0.0,0.19372382440837727,0.16179301509121596,0.16432194733095734,0.999999999999903,0.9999999999999065
rotoreff30,EventDetected-GatedHistory,3287,0.01622831857498549,0.023975044391954303,0.024394288307905774,0.6852789149865727,0.0,0.10954214735464433,0.11820156076818042,0.16287918926559347,0.7318540326329612,0.9999856888002153
rotoreff30,EventDetected-GatedHistory,3288,0.024528016876534466,0.030344594451710467,0.03155676609117687,0.8218462438613968,0.0,0.1295012261467858,0.15482581163797313,0.1636908640272575,0.9581120447819411,0.9999997676017334
rotoreff30,EventDetected-GatedHistory,3289,0.03658467540519758,0.052919109455628235,0.05454086123865629,0.8580215033883555,0.0,0.14346882435606317,0.1599016230074616,0.16407260550737,0.9890868966482392,0.9999999999293461
rotoreff30,EventDetected-GatedHistory,3290,0.019928003676091235,0.02846564279326098,0.02931058469144144,0.7196081294917469,0.0,0.1124654612059406,0.12490816456179975,0.16300665120066882,0.7733217429927877,0.9999948201158609
rotoreff30,EventDetected-GatedHistory,3291,0.012261742607241246,0.0233646662877473,0.024637576619789953,0.6384097219049238,0.0,0.10476437520523171,0.09994857503279657,0.16236590297686299,0.6184678615924266,0.999871190423988
rotoreff30,EventDetected-GatedHistory,3292,0.025180816730931786,0.039675103163549906,0.04099770175525004,0.7574608832390158,0.0,0.1166236855376446,0.14592997091998897,0.16381414369576872,0.9032684409601441,0.9999999510476273
rotoreff30,EventDetected-GatedHistory,3293,0.059514155186830654,0.10017715531798949,0.10318326856807612,1.1971325824643633,0.0,0.17324898582691686,0.16172040009937533,0.16419296497312616,0.9996289874649896,0.9999999999999065
rotoreff30,EventDetected-GatedHistory,3294,0.01195419027195996,0.016223792406397205,0.016951244969500994,0.5420975328617704,0.0,0.08958504306906573,0.04998359019157166,0.15933206415205867,0.30961535036122506,0.9900740354590792
rotoreff30,EventDetected-GatedHistory,3295,0.06884613278328071,0.09891751226930347,0.10190205505377951,1.284062205758748,0.0,0.17071642371551854,0.16175067955973665,0.16449095426253132,0.9999999999931486,0.9999999999999065
rotoreff30,EventDetected-GatedHistory,3296,0.05024555672878273,0.06993661736587914,0.07179046701960105,1.0599446084152837,0.0,0.16380230439575008,0.16164759978165252,0.16416505701242406,0.9993284007458242,0.9999999999999065
rotoreff30,EventDetected-GatedHistory,3297,0.030330336803408294,0.057859518009942615,0.06302961010305719,0.8609036373056694,0.0,0.14005113781413606,0.1552759896642741,0.16389547578607455,0.9607256884154495,0.9999999999926634
rotoreff30,EventDetected-GatedHistory,3298,0.053656076653950495,0.07579641975066079,0.07776042216516232,1.0855453374766562,0.0,0.16371084498660687,0.16168706247685394,0.16411954096559428,0.9998495630248897,0.9999999999999065
rotoreff30,EventDetected-GatedHistory,3299,0.0374055338260616,0.05036315679546714,0.05141295541406792,0.9812438515132836,0.0,0.15549121996982518,0.16145345816924286,0.16397611883196253,0.9985866894121579,0.9999999999631991
rotoreff30,DetectorShuffled-GatedHistory,3200,0.0649838649656549,0.0921104394889744,0.09528656965326814,1.3293578231153753,0.0,0.17295142984367232,0.16174009337736284,0.16414159213554436,0.9999999999999027,0.9999999999999065
rotoreff30,DetectorShuffled-GatedHistory,3201,0.039964549359754145,0.05731896496049105,0.05827809775970441,0.8165366076120008,0.0,0.13991165541295483,0.16164144641556158,0.1641013000286766,0.9998647971647763,0.9999999999999065
rotoreff30,DetectorShuffled-GatedHistory,3202,0.027785208334894094,0.0432910905354866,0.044178388468425166,0.7869817696082111,0.0,0.12170493493032629,0.16161962604075722,0.16406474268678073,0.9998631879241361,0.9999999999768916
rotoreff30,DetectorShuffled-GatedHistory,3203,0.04604948870404331,0.06108048671660369,0.061707534961123835,1.101579314986466,0.0,0.1679117758344398,0.1615838606474695,0.16433152631080872,0.9987697567217166,0.9999999999999065
rotoreff30,DetectorShuffled-GatedHistory,3204,0.08783276295160794,0.12559280043788865,0.1275968353488121,1.551436276149577,0.0,0.18085109816024691,0.050294801633465294,0.16007806673208907,0.310749606982902,0.9903720081383377
rotoreff30,DetectorShuffled-GatedHistory,3205,0.016239800479710537,0.02578174407308584,0.026886875987731883,0.6656091660740446,0.0,0.10920456318106177,0.15430456122881395,0.16359954563999599,0.955381046158015,0.9999998249614683
rotoreff30,DetectorShuffled-GatedHistory,3206,0.03179645622876788,0.051581334747743506,0.0531961219225421,0.9247490324635942,0.0,0.142155125089368,0.15490583510730474,0.16380313227088789,0.9582791188739421,0.9999997676489307
rotoreff30,DetectorShuffled-GatedHistory,3207,0.026494253923241024,0.035459376678314725,0.03653482671253354,0.8090138995028555,0.0,0.12297129235126388,0.1552134014276517,0.16360507352144518,0.9608041659990951,0.9999999999927232
rotoreff30,DetectorShuffled-GatedHistory,3208,0.01602005304551612,0.022467358863518975,0.023416787519815806,0.6042502863420887,0.0,0.10351379398215337,0.1288078513158471,0.1635221763564132,0.7974756769116965,0.9999989987266628
rotoreff30,DetectorShuffled-GatedHistory,3209,0.05257267724722654,0.07618227778795562,0.07846822948665348,1.1899559174051457,0.0,0.17329254738761307,0.13766280646413082,0.16379661697499873,0.851017306173733,0.9999992523378642
rotoreff30,DetectorShuffled-GatedHistory,3210,0.04453003041494614,0.06140429812130533,0.06249455395502291,1.0153501736498365,0.0,0.1527049140119073,0.11527176393702622,0.1631566110819791,0.7128331411181974,0.9999739058099398
rotoreff30,DetectorShuffled-GatedHistory,3211,0.043850313555083724,0.07074713293573237,0.0727385896989758,1.01003298488418,0.0,0.15164744101376565,0.15890909060993438,0.16422763108007965,0.9824535173959796,0.9999999995392098
rotoreff30,DetectorShuffled-GatedHistory,3212,0.043788196402184794,0.06344966606526502,0.06578082974591491,1.0045190602881158,0.0,0.15493249116518265,0.16144649011282416,0.16404120449383758,0.9988196294169561,0.9999999999431175
rotoreff30,DetectorShuffled-GatedHistory,3213,0.07023985239283959,0.10449940129966366,0.10791391330307666,1.3655678699284075,0.0,0.1891691203024447,0.10882087910849025,0.16304554364103716,0.6726505082007623,0.9999616098862223
rotoreff30,DetectorShuffled-GatedHistory,3214,0.02604215423905395,0.04266164111222485,0.04565867449133932,0.8049016946824382,0.0,0.1242259468048666,0.16154258387278583,0.1640497852512294,0.9999999854718963,0.9999999999999065
rotoreff30,DetectorShuffled-GatedHistory,3215,0.03087110581618972,0.045455550370382056,0.05018478147004941,0.8655214196131679,0.0,0.13771402375202935,0.16157416699558164,0.16394184298351314,0.9999903381625773,0.9999999999998943
rotoreff30,DetectorShuffled-GatedHistory,3216,0.0649792277196248,0.0885734337352881,0.09122797135250156,1.2894946453722422,0.0,0.1681769999439852,0.13676150248978028,0.16382754383509573,0.8455053308852335,0.9999982814926073
rotoreff30,DetectorShuffled-GatedHistory,3217,0.024267293254039753,0.036285803847554164,0.037112598525717355,0.7057047698258635,0.0,0.11864359246314107,0.06285662194337427,0.16115004781124728,0.3889685698516447,0.9987205342061023
rotoreff30,DetectorShuffled-GatedHistory,3218,0.01133072117793638,0.013989327508988625,0.02167407011509989,0.5261401747938949,0.0,0.0855079183355322,0.1613396981299447,0.16406871799228157,0.9993330003024921,0.9999999999906634
rotoreff30,DetectorShuffled-GatedHistory,3219,0.07196464937264709,0.09928011619281384,0.100528980082902,1.4707554569173682,0.0,0.18669881782802628,0.16182555885116198,0.1644974339228123,0.9999999999999065,0.9999999999999065
rotoreff30,DetectorShuffled-GatedHistory,3220,0.012202676671548136,0.01793472241599075,0.019853158335913803,0.5596373346412639,0.0,0.0941101915206635,0.10643621204994302,0.16267449563267686,0.6591889595302304,0.9999624252070598
rotoreff30,DetectorShuffled-GatedHistory,3221,0.014356466089908254,0.022670435299697346,0.023316055691029555,0.5128827279858466,0.0,0.09592053362644345,0.14555749813400715,0.16363461669573906,0.9010258498939046,0.9999996669693453
rotoreff30,DetectorShuffled-GatedHistory,3222,0.014254032516414803,0.025259295604769853,0.026298317921935987,0.5911557241687192,0.0,0.1049581762856981,0.16142743586799455,0.16399397741223667,0.9998501010312134,0.9999999999999065
rotoreff30,DetectorShuffled-GatedHistory,3223,0.06152497137347409,0.08721188453867602,0.09327554734202564,1.3091148088029059,0.0,0.17910911158542603,0.16170951599213348,0.16415541722956128,0.9999999997422543,0.9999999999999065
rotoreff30,DetectorShuffled-GatedHistory,3224,0.04015089117979142,0.05636361401595506,0.05833433046368966,0.9878493731716224,0.0,0.16007523447523267,0.1616100970697223,0.16389667060133617,0.9999154598905262,0.9999999999999065
rotoreff30,DetectorShuffled-GatedHistory,3225,0.026707972954760784,0.04454752340624127,0.045757826498003175,0.8447099710195871,0.0,0.138900887405481,0.1615132818651993,0.16409825231526862,0.9993283484856395,0.9999999999999065
rotoreff30,DetectorShuffled-GatedHistory,3226,0.04733581555971191,0.07799165984412683,0.0822070321039898,1.0296440205695507,0.0,0.16181672781179798,0.1577104857601131,0.1638420816455213,0.9754643299007199,0.9999999999631769
rotoreff30,DetectorShuffled-GatedHistory,3227,0.021332564632340838,0.03301406393126404,0.034485291060999644,0.7500115587372,0.0,0.11411350811651845,0.16155819917589365,0.16405226625640504,0.9999938656524439,0.9999999999999065
rotoreff30,DetectorShuffled-GatedHistory,3228,0.02906512413609716,0.04724988502093489,0.04914074110738774,0.8288613544976373,0.0,0.12505199645099513,0.16160130504894754,0.16420166165059508,0.9999963342534003,0.9999999999999065
rotoreff30,DetectorShuffled-GatedHistory,3229,0.05003874416034885,0.07866882427054421,0.08080630777961148,0.93658902371963,0.0,0.1544710642149304,0.0800647949504742,0.162069669361655,0.4953191130443597,0.999602161299988
rotoreff30,DetectorShuffled-GatedHistory,3230,0.058392789286416516,0.07943701153375951,0.0819022229400335,1.2685540769347372,0.0,0.1725456136720514,0.16179200613727202,0.16423659528095197,0.9999999999774195,0.9999999999999065
rotoreff30,DetectorShuffled-GatedHistory,3231,0.046579772272256965,0.07253612739431037,0.07446022565819224,1.056921411299374,0.0,0.15557020058931423,0.16071237616953896,0.16412459989832456,0.9936509863074127,0.9999999999998389
rotoreff30,DetectorShuffled-GatedHistory,3232,0.016981430858242365,0.026619326895958532,0.026768134649162497,0.6650055363860816,0.0,0.11013769431871319,0.06969374056668563,0.16150804221268755,0.4313563538441547,0.9987275186460302
rotoreff30,DetectorShuffled-GatedHistory,3233,0.01690392900035679,0.02741025403974839,0.02849631069322587,0.6402986040972087,0.0,0.10465794785152041,0.16151634204612955,0.16411036412552765,0.9997982874621404,0.9999999999998731
rotoreff30,DetectorShuffled-GatedHistory,3234,0.05646602603915068,0.0859111700568814,0.0884733432039868,1.0247906282054082,0.0,0.15857765819289057,0.09419599058478603,0.16225205888563693,0.5825790970169612,0.9998166944005493
rotoreff30,DetectorShuffled-GatedHistory,3235,0.03680669176583822,0.0555718324824894,0.05701745362927351,0.7727205097923325,0.0,0.12969581469690483,0.1556874308284667,0.1641196973994726,0.9630342179439214,0.999999999006057
rotoreff30,DetectorShuffled-GatedHistory,3236,0.07314492712911597,0.10249611134687535,0.10583230838117269,1.4608313282795002,0.0,0.19991673457465417,0.1614559192079291,0.16420283810515635,0.9975173437556231,0.9999999999999065
rotoreff30,DetectorShuffled-GatedHistory,3237,0.06837775524331173,0.09637580477497625,0.09947716934841445,1.4046085050713841,0.0,0.18001631534996174,0.15008634350182615,0.1637749292593174,0.9274688374764309,0.9999999959029628
rotoreff30,DetectorShuffled-GatedHistory,3238,0.030440221383714033,0.04480288385191818,0.04870295081007176,0.8327683361329423,0.0,0.13205123181012546,0.12482008609145284,0.16326630921373245,0.7727027547897911,0.9999951385759706
rotoreff30,DetectorShuffled-GatedHistory,3239,0.06886681253743973,0.11551434661870463,0.12037251945895888,1.1249445713746709,0.0,0.1684756020692779,0.1593198405112369,0.1643977470719007,0.9845464287578166,0.9999999939732709
rotoreff30,DetectorShuffled-GatedHistory,3240,0.036306235681060194,0.04858359469185007,0.05034835437789747,0.9888310895982787,0.0,0.14710021300880718,0.16152235520325994,0.16402764946459572,0.9992363386410651,0.9999999999799272
rotoreff30,DetectorShuffled-GatedHistory,3241,0.07363894966609642,0.10581038039019529,0.11538445589920075,1.4605822571508909,0.0,0.18483111381481437,0.16179407347866523,0.16432402142747793,0.9999999999316568,0.9999999999999065
rotoreff30,DetectorShuffled-GatedHistory,3242,0.05787837800388997,0.08404148104027523,0.08660557345037473,1.1823118278917086,0.0,0.15976599359869487,0.07701733366439599,0.1619462330306272,0.4766644934928822,0.9998051236259922
rotoreff30,DetectorShuffled-GatedHistory,3243,0.046927611630113115,0.06644756097881514,0.06858964218651817,1.1380800478217952,0.0,0.1663191118422617,0.10002648892523655,0.16257348580908443,0.6186006026575868,0.999868089696562
rotoreff30,DetectorShuffled-GatedHistory,3244,0.04682072012356989,0.06543114435347419,0.07095286538977948,1.1020248015033105,0.0,0.156293509666364,0.16167564446918878,0.16420341777146055,0.9999999999723415,0.9999999999999065
rotoreff30,DetectorShuffled-GatedHistory,3245,0.03214232548645924,0.05694377796651799,0.05851530445729067,0.8553931116112697,0.0,0.1411220481521598,0.10370581490476086,0.1626217749725903,0.6417258593009016,0.9999579750005936
rotoreff30,DetectorShuffled-GatedHistory,3246,0.017019870119225483,0.024094108151408923,0.024664437766770464,0.6986105156512111,0.0,0.11082194785400257,0.16151578101570854,0.16404264903435992,0.9999999999998775,0.9999999999999065
rotoreff30,DetectorShuffled-GatedHistory,3247,0.0646099857701454,0.09258860519834303,0.09692048037160961,1.372639521267181,0.0,0.18475359787049964,0.16176249494265918,0.16411367419851997,0.9999999999991356,0.9999999999999065
rotoreff30,DetectorShuffled-GatedHistory,3248,0.044080828327684445,0.06528232235096548,0.06887426511801267,0.9749597250533696,0.0,0.14714005725484297,0.1458960311139378,0.16368492108163255,0.9027842045376766,0.9999999499237782
rotoreff30,DetectorShuffled-GatedHistory,3249,0.059542574196281305,0.08477762147603453,0.08757356706925638,1.2105365806263244,0.0,0.17458054862569794,0.16168213225014283,0.16412604389248844,0.9999999999931484,0.9999999999999065
rotoreff30,DetectorShuffled-GatedHistory,3250,0.02612907523757031,0.03865583498992555,0.040379642996802995,0.7492170749891257,0.0,0.12201104785698764,0.1615962908996514,0.1640672753709745,0.9999999999336603,0.9999999999999065
rotoreff30,DetectorShuffled-GatedHistory,3251,0.07342831703591524,0.10495942531573466,0.12226243223631118,1.5005895579622337,0.0,0.19864889588217444,0.16184489700431576,0.16445619413889662,0.9999999999913329,0.9999999999999065
rotoreff30,DetectorShuffled-GatedHistory,3252,0.06864111364215178,0.0973238612204824,0.09846380678960934,1.3346170891867981,0.0,0.18594769081077112,0.16126056098468788,0.16420915685359952,0.9970908149080507,0.9999999999999065
rotoreff30,DetectorShuffled-GatedHistory,3253,0.020630916246756937,0.03131786807805181,0.03215362904081952,0.6158810301234299,0.0,0.10707753589839589,0.16148203398724517,0.16404503440554952,0.9997898433130005,0.9999999999999065
rotoreff30,DetectorShuffled-GatedHistory,3254,0.031337014971701445,0.04267046418142777,0.04416113426520074,0.918791444464389,0.0,0.14350492417694635,0.05049759698986554,0.15980599962437678,0.3125752192220234,0.9925946768823338
rotoreff30,DetectorShuffled-GatedHistory,3255,0.027603695512543817,0.03714989961234554,0.03798358195531437,0.7720312681136531,0.0,0.11921613379085196,0.16132416350260473,0.16427564895005828,0.9985938049406974,0.9999999999631963
rotoreff30,DetectorShuffled-GatedHistory,3256,0.024504603701949384,0.03767515757915327,0.03829415964459139,0.8073569080376529,0.0,0.12793001556136002,0.16147649918100154,0.1640079660120327,0.999432714198491,0.9999999999991461
rotoreff30,DetectorShuffled-GatedHistory,3257,0.013973097465213576,0.018070420028337184,0.018665647923740036,0.648751511316328,0.0,0.1068476411666344,0.1181305266671267,0.16277727613075826,0.7315056930515579,0.9999854226425765
rotoreff30,DetectorShuffled-GatedHistory,3258,0.025281115996447435,0.03759837953851767,0.03883536652553733,0.8528774449251636,0.0,0.13767161800044506,0.16158854497929095,0.16388285629173538,0.9999986070869249,0.9999999999999065
rotoreff30,DetectorShuffled-GatedHistory,3259,0.04219596391264592,0.06770178057180748,0.06928260090973076,0.9657671918768894,0.0,0.14785076738183645,0.16168932841295686,0.1640054625177501,0.9999999999927928,0.9999999999999065
rotoreff30,DetectorShuffled-GatedHistory,3260,0.06524886942312179,0.09071787676366581,0.09280389883400092,1.2798298761451246,0.0,0.16904810158932188,0.16177101130516905,0.16446178497772512,0.9999999999998704,0.9999999999999065
rotoreff30,DetectorShuffled-GatedHistory,3261,0.02276731160178153,0.03276719987194502,0.03414161468206645,0.7321803377993926,0.0,0.1165209826361504,0.16153440730501065,0.16426220483682202,0.999999999999873,0.9999999999999065
rotoreff30,DetectorShuffled-GatedHistory,3262,0.03370345353941137,0.05251527174770067,0.054663117263785206,0.8843055293446762,0.0,0.14139862179726795,0.11082873035007912,0.16283154027815194,0.6857567519746102,0.9999819898932151
rotoreff30,DetectorShuffled-GatedHistory,3263,0.033602839015120824,0.047529075055373786,0.049667143069648895,0.9674370141750472,0.0,0.14789176255963768,0.161555923820153,0.16403238923245725,0.9994120065782348,0.9999999999999065
rotoreff30,DetectorShuffled-GatedHistory,3264,0.035943991915405975,0.05190492187911808,0.05287228120443241,0.935055647647412,0.0,0.14292521611516895,0.15661393050673664,0.16390901787049153,0.9691339180463572,0.9999999999860869
rotoreff30,DetectorShuffled-GatedHistory,3265,0.02123833551944313,0.03479696129298401,0.03609881043589682,0.6499758742336299,0.0,0.11230265847371568,0.15778000696445726,0.16363877544322616,0.9766939415629075,0.9999999835876472
rotoreff30,DetectorShuffled-GatedHistory,3266,0.010792748981708724,0.014272188513587221,0.014614042067973487,0.5302238093437672,0.0,0.08905259455852668,0.14250320070463687,0.1635680607956153,0.8824678041820821,0.9999985797617635
rotoreff30,DetectorShuffled-GatedHistory,3267,0.016496324956725657,0.022287154697165013,0.023286430816840262,0.6363111529976735,0.0,0.11070833663719698,0.1611023783988662,0.16420082595162153,0.9971141385497725,0.9999999997282939
rotoreff30,DetectorShuffled-GatedHistory,3268,0.04236064142247389,0.06071393645210628,0.06164295159241966,1.0472361451932783,0.0,0.16043591029963697,0.16175254809095863,0.1642042796235743,0.9999999994296405,0.9999999999999065
rotoreff30,DetectorShuffled-GatedHistory,3269,0.047360046267749825,0.06717773867228974,0.0690069432891929,1.0144288585263728,0.0,0.15998218323602248,0.155386815198594,0.16377765212917195,0.9608804106620615,0.9999999022848851
rotoreff30,DetectorShuffled-GatedHistory,3270,0.018016159488635636,0.0250021753014837,0.025696853434658898,0.7206363897524396,0.0,0.11195081197957793,0.1595596895883295,0.16394878949620798,0.9876960982918179,0.9999999282582607
rotoreff30,DetectorShuffled-GatedHistory,3271,0.037974359339477355,0.0563393224043548,0.05757208732946572,0.991930337461974,0.0,0.14825867130586537,0.14460896823589653,0.16363423532001686,0.8945221859560558,0.9999998298582867
rotoreff30,DetectorShuffled-GatedHistory,3272,0.039735819114894926,0.06394150061218626,0.06569241179982005,0.8207985775478086,0.0,0.1405141573299878,0.15836852674930343,0.16365482969811596,0.9799259895165844,0.9999999961289593
rotoreff30,DetectorShuffled-GatedHistory,3273,0.033885563225473855,0.047625091149144885,0.04906088564355453,0.8976600349950252,0.0,0.13627928119703062,0.11354808109865672,0.16280989611465824,0.7026359196249857,0.9999822562439507
rotoreff30,DetectorShuffled-GatedHistory,3274,0.0217916576315646,0.030990377345603514,0.03176863363728964,0.7309505590764427,0.0,0.11786397569255297,0.14519717517492478,0.16366984634556878,0.8988598796929178,0.9999998984919974
rotoreff30,DetectorShuffled-GatedHistory,3275,0.02405576439551651,0.03293845409535127,0.03462750960432635,0.6794693624682114,0.0,0.11594872595460781,0.16007713886288658,0.16407289174277953,0.9905380146694069,0.9999999997599737
rotoreff30,DetectorShuffled-GatedHistory,3276,0.015535856957749663,0.023837054100027105,0.024631352200912938,0.6165134014440831,0.0,0.10067106550566092,0.09362380772149907,0.16245916272168656,0.579796611838654,0.9998950306614568
rotoreff30,DetectorShuffled-GatedHistory,3277,0.01846864322355022,0.029956571838633775,0.030809137416169762,0.6991146419254506,0.0,0.10548610583431757,0.14791514157184085,0.16382019837091497,0.9161016609102379,0.999999816088431
rotoreff30,DetectorShuffled-GatedHistory,3278,0.09216646641812615,0.13248919493180045,0.13589295434841567,1.61996276271074,0.0,0.19304990579858156,0.1618039018475718,0.16440887555916198,0.9999999999800098,0.9999999999999065
rotoreff30,DetectorShuffled-GatedHistory,3279,0.020507528812930043,0.030247516352734382,0.030687378698285618,0.6304575902035869,0.0,0.1112755160270948,0.16151577586306176,0.16411476312480694,0.9996286931292795,0.9999999999999065
rotoreff30,DetectorShuffled-GatedHistory,3280,0.04822053826437463,0.07435565433905239,0.07787032556841916,1.0939854049000433,0.0,0.1604343821936542,0.1616852400679377,0.16400591798674957,0.9999999999999065,0.9999999999999065
rotoreff30,DetectorShuffled-GatedHistory,3281,0.02880296175503863,0.041139447994139475,0.04267922100856869,0.8779125897955083,0.0,0.13436565151049495,0.1587665455481238,0.16403360536131942,0.9824756152659722,0.9999999992067913
rotoreff30,DetectorShuffled-GatedHistory,3282,0.023574015191696298,0.03140350740444565,0.03183377556900294,0.8079256288103028,0.0,0.12059794248890579,0.11932974474523518,0.16300901418361005,0.7389043695392141,0.9999848359444492
rotoreff30,DetectorShuffled-GatedHistory,3283,0.05046551324066562,0.06881113700043,0.07076027337340418,1.1166388555392275,0.0,0.15507507304887552,0.16169808108112552,0.16434832600351876,0.9999934980901878,0.9999999999999065
rotoreff30,DetectorShuffled-GatedHistory,3284,0.07739671596162077,0.11357295089194124,0.11544626793995533,1.4240260449367346,0.0,0.17678498687798702,0.15731803440799283,0.16406574524203604,0.9723686555523694,0.9999999712219839
rotoreff30,DetectorShuffled-GatedHistory,3285,0.02897175060287817,0.034150797452828494,0.03521098187335229,0.8437693567274074,0.0,0.133370065605661,0.16053417380395613,0.1641954534437746,0.9934070163108338,0.9999999999999065
rotoreff30,DetectorShuffled-GatedHistory,3286,0.08359994443714869,0.1221395864845801,0.12779015255821008,1.5678087217168535,0.0,0.1926149512435831,0.05295777503660773,0.1604273098997805,0.32735360670579255,0.9945190776491601
rotoreff30,DetectorShuffled-GatedHistory,3287,0.016192874488300275,0.023993223784738945,0.02440833338569062,0.6853058474776185,0.0,0.10985782603855962,0.15930788007521532,0.16395726707757796,0.9861242939140693,0.9999999998956566
rotoreff30,DetectorShuffled-GatedHistory,3288,0.02453971307408845,0.0303679032219949,0.0315707056518556,0.82187289809924,0.0,0.12949435664589978,0.15873230679855474,0.16406206698716322,0.9822202037647605,0.9999999999274842
rotoreff30,DetectorShuffled-GatedHistory,3289,0.036642519918573875,0.052941959049573384,0.05456654809761148,0.8580435798363157,0.0,0.1430887232388203,0.11167188840981297,0.16314641882712522,0.6908872559274402,0.999988962542125
rotoreff30,DetectorShuffled-GatedHistory,3290,0.019908077300266044,0.028477836526331242,0.02932213601160675,0.7195777541768461,0.0,0.11258389855706748,0.1611620014377273,0.1640882793824738,0.9977533664985971,0.9999999999985543
rotoreff30,DetectorShuffled-GatedHistory,3291,0.012284567997221676,0.023397674739121934,0.024684623399569387,0.6384680856866528,0.0,0.10473700679060058,0.1021776294027298,0.1624511550896682,0.6325201820707382,0.9999389762054824
rotoreff30,DetectorShuffled-GatedHistory,3292,0.02518734555042664,0.0397064096419142,0.041047400372063406,0.7574149586962426,0.0,0.11658091468786787,0.15759516320658448,0.16414017947005582,0.9754486679263537,0.9999999997194994
rotoreff30,DetectorShuffled-GatedHistory,3293,0.059514249958923335,0.10017715669696403,0.10318326949381654,1.1971323277899795,0.0,0.17324922737393603,0.16178098805928995,0.1642008777454056,0.9999998689803036,0.9999999999999065
rotoreff30,DetectorShuffled-GatedHistory,3294,0.011982970338735476,0.01654339049917438,0.017280684868555475,0.5421415928050631,0.0,0.08995847972357943,0.16147022900471342,0.16396356768831732,0.9999999986516607,0.9999999999999065
rotoreff30,DetectorShuffled-GatedHistory,3295,0.06884756440451333,0.09891839628019257,0.10190415789962048,1.2840538217566944,0.0,0.17070893436818022,0.16137274133228352,0.16443933122651685,0.9976641053106743,0.9999999981449726
rotoreff30,DetectorShuffled-GatedHistory,3296,0.050245441505806225,0.06993873068779753,0.07179223189544066,1.0599415440690867,0.0,0.163800345101599,0.1617573142188124,0.16416506344259021,0.9999986916343242,0.9999999999999065
rotoreff30,DetectorShuffled-GatedHistory,3297,0.030440793194664684,0.057909540633663,0.06305281431200872,0.861055142982614,0.0,0.13966279436800436,0.11091586143890268,0.16293343325639645,0.6858634228732575,0.9999749780259983
rotoreff30,DetectorShuffled-GatedHistory,3298,0.053656060134936005,0.07579625368246132,0.07775989451301372,1.0855853529921418,0.0,0.16369942329353177,0.15994619057290974,0.16399601159543678,0.9891188267922327,0.9999999999292016
rotoreff30,DetectorShuffled-GatedHistory,3299,0.03740516247408166,0.05036203244011979,0.05141245450125421,0.981225892517455,0.0,0.15549223433783121,0.1616827009008391,0.16403640377306647,0.9999999871340819,0.9999999999999065
compound,LQR-outer,3200,0.1237576276602868,0.17482746169898689,0.18720143723615243,1.602484409898642,0.0,0.0,0.0,0.0,0.0,0.0
compound,LQR-outer,3201,0.1063680698849061,0.1561595828955733,0.16581768914623532,1.1709641690097756,0.0,0.0,0.0,0.0,0.0,0.0
compound,LQR-outer,3202,0.10889287722541427,0.1617208853278165,0.1657556659151001,1.2106537899377787,0.0,0.0,0.0,0.0,0.0,0.0
compound,LQR-outer,3203,0.1099995028981302,0.1492357841900264,0.1550625828608194,1.3623922735721088,0.0,0.0,0.0,0.0,0.0,0.0
compound,LQR-outer,3204,0.11339075869351309,0.16407654000065372,0.1746125791915953,1.1742841493876415,0.0,0.0,0.0,0.0,0.0,0.0
compound,LQR-outer,3205,0.13205686758638524,0.19015178512824088,0.19952321989897623,1.5162814982147443,0.0,0.0,0.0,0.0,0.0,0.0
compound,LQR-outer,3206,0.11010828631815411,0.15833755665710342,0.16655063848047258,0.8407353542058856,0.0,0.0,0.0,0.0,0.0,0.0
compound,LQR-outer,3207,0.10614939689785433,0.14525805934612585,0.15833284341931558,1.0832753891043858,0.0,0.0,0.0,0.0,0.0,0.0
compound,LQR-outer,3208,0.15059787133187874,0.21845023036133523,0.2244915393754845,1.8918894986185826,0.0,0.0,0.0,0.0,0.0,0.0
compound,LQR-outer,3209,0.1221991967714423,0.1518979762235255,0.16115129008818146,1.3829212126868111,0.0,0.0,0.0,0.0,0.0,0.0
compound,LQR-outer,3210,0.11064243196440902,0.1373002362568351,0.1418116266382979,1.5934982945853702,0.0,0.0,0.0,0.0,0.0,0.0
compound,LQR-outer,3211,0.11903679131822179,0.20123620421052224,0.2121606624240159,1.1240364225398287,0.0,0.0,0.0,0.0,0.0,0.0
compound,LQR-outer,3212,0.09785283465307919,0.15222728877891584,0.16404332774429714,0.9437833098290023,0.0,0.0,0.0,0.0,0.0,0.0
compound,LQR-outer,3213,0.1272008750788114,0.19193153179562847,0.19410213770307694,1.1720809292738787,0.0,0.0,0.0,0.0,0.0,0.0
compound,LQR-outer,3214,0.12211628937007615,0.18590386961733188,0.1989532596538291,1.1536508310105593,0.0,0.0,0.0,0.0,0.0,0.0
compound,LQR-outer,3215,0.1208723473524343,0.16066755263462387,0.16668359395267052,1.3309038417323478,0.0,0.0,0.0,0.0,0.0,0.0
compound,LQR-outer,3216,0.12579263885590275,0.2131415372197672,0.2312004002248656,1.4660322475275847,0.0,0.0,0.0,0.0,0.0,0.0
compound,LQR-outer,3217,0.12182321641042722,0.18701538194648704,0.19965749667823782,1.3151886504118684,0.0,0.0,0.0,0.0,0.0,0.0
compound,LQR-outer,3218,0.09599434324913633,0.15315884509786493,0.16346325510865228,1.199937045880711,0.0,0.0,0.0,0.0,0.0,0.0
compound,LQR-outer,3219,0.12600995995716643,0.21665832690264689,0.23439673058259536,1.2728698927227653,0.0,0.0,0.0,0.0,0.0,0.0
compound,LQR-outer,3220,0.12424569411025621,0.18798514007979303,0.2013411123567103,1.207355186294708,0.0,0.0,0.0,0.0,0.0,0.0
compound,LQR-outer,3221,0.11738375793395307,0.180602280561221,0.18717419656529974,1.2043494757485347,0.0,0.0,0.0,0.0,0.0,0.0
compound,LQR-outer,3222,0.11408795025146358,0.1858001854847632,0.2018246315821538,1.631311986826845,0.0,0.0,0.0,0.0,0.0,0.0
compound,LQR-outer,3223,0.1439847349381396,0.18062350922208079,0.19285659897318472,1.846037619107965,0.0,0.0,0.0,0.0,0.0,0.0
compound,LQR-outer,3224,0.12446877243241597,0.15066834127478754,0.15362390701795262,1.1550884132163068,0.0,0.0,0.0,0.0,0.0,0.0
compound,LQR-outer,3225,0.12160282975016048,0.1629671118406686,0.16964037658543363,1.1136683361685826,0.0,0.0,0.0,0.0,0.0,0.0
compound,LQR-outer,3226,0.1214858895893583,0.16970889050857466,0.178836263892224,1.539456167290549,0.0,0.0,0.0,0.0,0.0,0.0
compound,LQR-outer,3227,0.13073926413655132,0.24430871070325516,0.2531712140589319,1.5067678978756387,0.0,0.0,0.0,0.0,0.0,0.0
compound,LQR-outer,3228,0.14503183668902606,0.23801226478352985,0.24907606980338814,1.7915826448915835,0.0,0.0,0.0,0.0,0.0,0.0
compound,LQR-outer,3229,0.1287141393098586,0.2014448867932668,0.2063569352859365,1.3231956118744423,0.0,0.0,0.0,0.0,0.0,0.0
compound,LQR-outer,3230,0.1379297683924395,0.24960097720017524,0.26578027335679627,1.7879118862750427,0.0,0.0,0.0,0.0,0.0,0.0
compound,LQR-outer,3231,0.11627957973602356,0.18308348421838627,0.19733272860609896,1.0965831467618907,0.0,0.0,0.0,0.0,0.0,0.0
compound,LQR-outer,3232,0.13166985138025042,0.1959489550770603,0.2110041265075588,1.2864956614367427,0.0,0.0,0.0,0.0,0.0,0.0
compound,LQR-outer,3233,0.12824169212704709,0.17275033121979363,0.17850197111424668,1.5007711530492633,0.0,0.0,0.0,0.0,0.0,0.0
compound,LQR-outer,3234,0.11089090529255363,0.16279443281214462,0.1670647519388353,1.1639044497421713,0.0,0.0,0.0,0.0,0.0,0.0
compound,LQR-outer,3235,0.12908114439527715,0.18436962529467363,0.18989263414255186,1.4527096793239564,0.0,0.0,0.0,0.0,0.0,0.0
compound,LQR-outer,3236,0.12287320707892567,0.15498692321409832,0.16143303392255204,1.468674568540338,0.0,0.0,0.0,0.0,0.0,0.0
compound,LQR-outer,3237,0.10178446922257992,0.1532827635926621,0.16583849083894167,0.9782974440448526,0.0,0.0,0.0,0.0,0.0,0.0
compound,LQR-outer,3238,0.0930004940357132,0.12352418429333487,0.13647111989447122,1.1514036005099835,0.0,0.0,0.0,0.0,0.0,0.0
compound,LQR-outer,3239,0.1129033047253718,0.16990129712895735,0.1809687888982562,1.3910592128184927,0.0,0.0,0.0,0.0,0.0,0.0
compound,LQR-outer,3240,0.12720412772352013,0.18839009960324765,0.1931588770908128,1.2736403891635655,0.0,0.0,0.0,0.0,0.0,0.0
compound,LQR-outer,3241,0.10986253989439194,0.2058549772540709,0.22081322646943033,1.1775124378223771,0.0,0.0,0.0,0.0,0.0,0.0
compound,LQR-outer,3242,0.10875467832672961,0.16791261476225294,0.18036292306499435,1.040611922653461,0.0,0.0,0.0,0.0,0.0,0.0
compound,LQR-outer,3243,0.14283833650386116,0.2189869713512333,0.23304575015609097,1.287065118754975,0.0,0.0,0.0,0.0,0.0,0.0
compound,LQR-outer,3244,0.13340950362487433,0.18513155289671004,0.1926704410558379,1.4162978829231687,0.0,0.0,0.0,0.0,0.0,0.0
compound,LQR-outer,3245,0.1484593968210639,0.23813371970322347,0.2510171518808167,1.8726171890292655,0.0,0.0,0.0,0.0,0.0,0.0
compound,LQR-outer,3246,0.0891285977717513,0.11909022011575413,0.1209711135252893,1.0692670763284922,0.0,0.0,0.0,0.0,0.0,0.0
compound,LQR-outer,3247,0.11625255524229262,0.17423494800354647,0.18029291923713484,1.4092872211476675,0.0,0.0,0.0,0.0,0.0,0.0
compound,LQR-outer,3248,0.16167750692480867,0.2651132822031301,0.27452849421434306,2.0028227374287346,0.0,0.0,0.0,0.0,0.0,0.0
compound,LQR-outer,3249,0.12779599572633332,0.20859507569885027,0.22110334004369075,1.5179498109756833,0.0,0.0,0.0,0.0,0.0,0.0
compound,LQR-outer,3250,0.12269650249058714,0.19380827264648628,0.20464435275489173,1.4986612122892207,0.0,0.0,0.0,0.0,0.0,0.0
compound,LQR-outer,3251,0.08048637358903919,0.11218554634599079,0.11428715821189722,0.7972849602937556,0.0,0.0,0.0,0.0,0.0,0.0
compound,LQR-outer,3252,0.14210629876533035,0.2317003887248899,0.24162916622715347,1.4428714239121336,0.0,0.0,0.0,0.0,0.0,0.0
compound,LQR-outer,3253,0.14742324626231748,0.1960613902227449,0.20088815801878326,1.579620974058703,0.0,0.0,0.0,0.0,0.0,0.0
compound,LQR-outer,3254,0.12176424465454594,0.17685448622283323,0.18645897515248808,1.1806476672222408,0.0,0.0,0.0,0.0,0.0,0.0
compound,LQR-outer,3255,0.15383721589190957,0.24794460681141967,0.2592252457421196,1.8410753351288696,0.0,0.0,0.0,0.0,0.0,0.0
compound,LQR-outer,3256,0.15143696368736856,0.2670908836491146,0.28041194869736624,1.9172922547224047,0.0,0.0,0.0,0.0,0.0,0.0
compound,LQR-outer,3257,0.11780278549273587,0.16963741853109443,0.17947605177733425,1.212839373823262,0.0,0.0,0.0,0.0,0.0,0.0
compound,LQR-outer,3258,0.10413432153905595,0.1518338094955041,0.16712510520353394,0.8947389978864321,0.0,0.0,0.0,0.0,0.0,0.0
compound,LQR-outer,3259,0.11240927388840061,0.20814145469571607,0.21656426634506667,1.0646396205799047,0.0,0.0,0.0,0.0,0.0,0.0
compound,LQR-outer,3260,0.1222980865432775,0.21546834247197238,0.21987908361609532,1.1499026860106958,0.0,0.0,0.0,0.0,0.0,0.0
compound,LQR-outer,3261,0.09636095015200435,0.1433080045017418,0.14795481638884064,1.124304689116013,0.0,0.0,0.0,0.0,0.0,0.0
compound,LQR-outer,3262,0.1414019029425822,0.25225046579366034,0.2634937678261247,1.6380165117533594,0.0,0.0,0.0,0.0,0.0,0.0
compound,LQR-outer,3263,0.127609816317638,0.18764262156475242,0.19941384933685866,1.3232286130297406,0.0,0.0,0.0,0.0,0.0,0.0
compound,LQR-outer,3264,0.09230453368863631,0.12806099194518555,0.1324643295583272,1.1400476260384649,0.0,0.0,0.0,0.0,0.0,0.0
compound,LQR-outer,3265,0.10458434780575314,0.15696390520727105,0.16301287696250694,1.3211992839136746,0.0,0.0,0.0,0.0,0.0,0.0
compound,LQR-outer,3266,0.16963020094388645,0.2649220836874876,0.2783528593991517,2.2950713322619096,0.0,0.0,0.0,0.0,0.0,0.0
compound,LQR-outer,3267,0.14466252407530109,0.22584513020210073,0.23619345907426798,1.702882939935089,0.0,0.0,0.0,0.0,0.0,0.0
compound,LQR-outer,3268,0.12016435421472335,0.18919973536753557,0.20073154384569042,0.9949047981609291,0.0,0.0,0.0,0.0,0.0,0.0
compound,LQR-outer,3269,0.15190628660771682,0.2708724376008608,0.2798425186035391,1.8814813108426476,0.0,0.0,0.0,0.0,0.0,0.0
compound,LQR-outer,3270,0.10483278006344865,0.1700381910641169,0.18315391355942182,0.8295131494687457,0.0,0.0,0.0,0.0,0.0,0.0
compound,LQR-outer,3271,0.10604631638435665,0.15320733653113497,0.16257099313168422,1.0194033254018395,0.0,0.0,0.0,0.0,0.0,0.0
compound,LQR-outer,3272,0.12631318407891384,0.19158714445045863,0.19544427160964276,1.0048037116792814,0.0,0.0,0.0,0.0,0.0,0.0
compound,LQR-outer,3273,0.13779741145239202,0.20886548741395936,0.22011379483352714,1.5461090890977132,0.0,0.0,0.0,0.0,0.0,0.0
compound,LQR-outer,3274,0.13652733623744873,0.20029437313549708,0.20907035341159616,1.3715427956940873,0.0,0.0,0.0,0.0,0.0,0.0
compound,LQR-outer,3275,0.13230558697216407,0.20924963688138423,0.2201357183136405,1.4895760015074633,0.0,0.0,0.0,0.0,0.0,0.0
compound,LQR-outer,3276,0.10480673110051084,0.16363388290739178,0.1676030479850376,1.1742071273804893,0.0,0.0,0.0,0.0,0.0,0.0
compound,LQR-outer,3277,0.11029116755719895,0.16341593786787537,0.17413907360626044,1.383697161322192,0.0,0.0,0.0,0.0,0.0,0.0
compound,LQR-outer,3278,0.11925411830127637,0.22782264969926636,0.2378962615903257,1.1518222006109848,0.0,0.0,0.0,0.0,0.0,0.0
compound,LQR-outer,3279,0.11789294448845915,0.19417523429941402,0.20634088152722765,1.2243991275717028,0.0,0.0,0.0,0.0,0.0,0.0
compound,LQR-outer,3280,0.15410153776244676,0.2720807280779879,0.2824832964891384,1.379791764914975,0.0,0.0,0.0,0.0,0.0,0.0
compound,LQR-outer,3281,0.11216133372138778,0.16797688015544587,0.17729012665520144,1.213389582648689,0.0,0.0,0.0,0.0,0.0,0.0
compound,LQR-outer,3282,0.10884687694845203,0.15473484728638293,0.15882435382689905,1.3212163777361536,0.0,0.0,0.0,0.0,0.0,0.0
compound,LQR-outer,3283,0.09307824685784982,0.14429374379814633,0.1496571949342587,1.0145218125948128,0.0,0.0,0.0,0.0,0.0,0.0
compound,LQR-outer,3284,0.15756616952302022,0.2608413833266143,0.27566748955219694,2.130704050300447,0.0,0.0,0.0,0.0,0.0,0.0
compound,LQR-outer,3285,0.11862046975332274,0.20610276533368152,0.2179919617571872,1.1052048354390545,0.0,0.0,0.0,0.0,0.0,0.0
compound,LQR-outer,3286,0.11238183612343777,0.1682124415404905,0.1723209497670485,1.4273009239028742,0.0,0.0,0.0,0.0,0.0,0.0
compound,LQR-outer,3287,0.1511483529004878,0.2566223298791488,0.2613192636410248,2.093272342011913,0.0,0.0,0.0,0.0,0.0,0.0
compound,LQR-outer,3288,0.11578781197522882,0.1661504289306996,0.1741422005700026,1.1708637814587954,0.0,0.0,0.0,0.0,0.0,0.0
compound,LQR-outer,3289,0.09336824888501574,0.12327092277416728,0.12951518635156892,1.0809231722262822,0.0,0.0,0.0,0.0,0.0,0.0
compound,LQR-outer,3290,0.11263746133230035,0.14241962600234445,0.15060658997365556,1.2717472671565835,0.0,0.0,0.0,0.0,0.0,0.0
compound,LQR-outer,3291,0.09829314466092656,0.11353272565921738,0.11850460840825694,0.9902625244424977,0.0,0.0,0.0,0.0,0.0,0.0
compound,LQR-outer,3292,0.13602526847432986,0.23842703152171557,0.24326178347203306,1.5248199004210647,0.0,0.0,0.0,0.0,0.0,0.0
compound,LQR-outer,3293,0.12253588931715376,0.17757662197579224,0.1826965296710648,1.1822279214860933,0.0,0.0,0.0,0.0,0.0,0.0
compound,LQR-outer,3294,0.10085461754824941,0.1549886948285021,0.16062585964559584,1.2370354397542587,0.0,0.0,0.0,0.0,0.0,0.0
compound,LQR-outer,3295,0.1242567084002471,0.19959701792619833,0.21337641620561548,1.2826056638262002,0.0,0.0,0.0,0.0,0.0,0.0
compound,LQR-outer,3296,0.11714950267017098,0.15616003957975005,0.1662467280762115,1.0571006338052524,0.0,0.0,0.0,0.0,0.0,0.0
compound,LQR-outer,3297,0.1083879150770269,0.14682450007949308,0.1557506480371946,0.8800333587362414,0.0,0.0,0.0,0.0,0.0,0.0
compound,LQR-outer,3298,0.12287752154507248,0.20448624824872372,0.21567814510046443,1.3049576488738628,0.0,0.0,0.0,0.0,0.0,0.0
compound,LQR-outer,3299,0.15080969017536544,0.24853926798502077,0.26168665064521107,1.4724485535960812,0.0,0.0,0.0,0.0,0.0,0.0
compound,CurrentOnly-AE-CeNN-494,3200,0.10889165819195562,0.15764070114827491,0.17058747170642055,1.5991298506980665,0.0,0.22867441989135678,0.0,0.0,0.0,0.0
compound,CurrentOnly-AE-CeNN-494,3201,0.09255118852740972,0.13492068146545397,0.14425458081724468,1.1659685186775903,0.0,0.20042278546578604,0.0,0.0,0.0,0.0
compound,CurrentOnly-AE-CeNN-494,3202,0.0921245526265972,0.1427379201268509,0.14707732610728763,1.2022668528799747,0.0,0.21980750481170866,0.0,0.0,0.0,0.0
compound,CurrentOnly-AE-CeNN-494,3203,0.09652663086359267,0.13603797262812256,0.1423154501853703,1.3624409339176529,0.0,0.2266029233955932,0.0,0.0,0.0,0.0
compound,CurrentOnly-AE-CeNN-494,3204,0.09801344314648412,0.1473012048988265,0.1566697978530137,1.1793160478067597,0.0,0.22361622535302775,0.0,0.0,0.0,0.0
compound,CurrentOnly-AE-CeNN-494,3205,0.12036438924030209,0.18450106871280414,0.19597316117035815,1.4938903033811337,0.0,0.22474232489148124,0.0,0.0,0.0,0.0
compound,CurrentOnly-AE-CeNN-494,3206,0.10044664584625719,0.15154494955302736,0.1607498262833625,0.8479056752014079,0.0,0.19525371416472273,0.0,0.0,0.0,0.0
compound,CurrentOnly-AE-CeNN-494,3207,0.09306340747484186,0.1279438899978691,0.14033505212911768,1.0863697200524065,0.0,0.20240823283357495,0.0,0.0,0.0,0.0
compound,CurrentOnly-AE-CeNN-494,3208,0.13984070822262065,0.2192895794400131,0.22449177863844463,1.8820411950831522,0.0,0.23509991657880733,0.0,0.0,0.0,0.0
compound,CurrentOnly-AE-CeNN-494,3209,0.1067374487902447,0.13579582395253112,0.14711738489432513,1.3704818319000447,0.0,0.22935381780112266,0.0,0.0,0.0,0.0
compound,CurrentOnly-AE-CeNN-494,3210,0.09415097567901998,0.11950773344602941,0.12197355600943587,1.5737097970651874,0.0,0.2303510477417164,0.0,0.0,0.0,0.0
compound,CurrentOnly-AE-CeNN-494,3211,0.10377711463241038,0.17330100525207923,0.1829000014696591,1.1176914976104098,0.0,0.21715401648054639,0.0,0.0,0.0,0.0
compound,CurrentOnly-AE-CeNN-494,3212,0.08369717542289296,0.13612684160545072,0.14658650944262078,0.9368674190236367,0.0,0.2125959987129376,0.0,0.0,0.0,0.0
compound,CurrentOnly-AE-CeNN-494,3213,0.11819999345677208,0.18954757934674324,0.19247781084220175,1.1712992172426753,0.0,0.2067476058183263,0.0,0.0,0.0,0.0
compound,CurrentOnly-AE-CeNN-494,3214,0.11178501775600423,0.16940812101430375,0.18109504707283067,1.1506433413725443,0.0,0.21375113045318309,0.0,0.0,0.0,0.0
compound,CurrentOnly-AE-CeNN-494,3215,0.10654708140386679,0.14776526368817175,0.15267241249476732,1.32203969372656,0.0,0.22306154135109305,0.0,0.0,0.0,0.0
compound,CurrentOnly-AE-CeNN-494,3216,0.1161727094880089,0.21115882686353893,0.22914972667919448,1.470763693879162,0.0,0.21889004752662727,0.0,0.0,0.0,0.0
compound,CurrentOnly-AE-CeNN-494,3217,0.1143573878469734,0.17797050494122518,0.18845306957431332,1.3041599937246975,0.0,0.20788220851796535,0.0,0.0,0.0,0.0
compound,CurrentOnly-AE-CeNN-494,3218,0.08746525300997951,0.1443054272774837,0.15871869838595268,1.1924121375762455,0.0,0.18629947251312506,0.0,0.0,0.0,0.0
compound,CurrentOnly-AE-CeNN-494,3219,0.11458908533070786,0.20428298029547692,0.22208064092580165,1.2730085734752572,0.0,0.21086613809605018,0.0,0.0,0.0,0.0
compound,CurrentOnly-AE-CeNN-494,3220,0.11215873713372669,0.18076782568802158,0.19297515899780068,1.1970608106081984,0.0,0.21838309719946075,0.0,0.0,0.0,0.0
compound,CurrentOnly-AE-CeNN-494,3221,0.10341131687609463,0.1752786654999568,0.18253386961075926,1.2005362843548728,0.0,0.2252610350590793,0.0,0.0,0.0,0.0
compound,CurrentOnly-AE-CeNN-494,3222,0.102063227876173,0.16307097741177473,0.17763986589596925,1.6083331128851006,0.0,0.22158207917951872,0.0,0.0,0.0,0.0
compound,CurrentOnly-AE-CeNN-494,3223,0.12720069549713744,0.17271207151027804,0.18571444606558932,1.8304796101466188,0.0,0.2613821935898859,0.0,0.0,0.0,0.0
compound,CurrentOnly-AE-CeNN-494,3224,0.10292773812682213,0.13453130130531255,0.1350639165426486,1.1428854295423487,0.0,0.24219282047199572,0.0,0.0,0.0,0.0
compound,CurrentOnly-AE-CeNN-494,3225,0.11050328212962957,0.1591601829863048,0.16553647480324835,1.1176708025921491,0.0,0.20873736697625248,0.0,0.0,0.0,0.0
compound,CurrentOnly-AE-CeNN-494,3226,0.10925616063057374,0.1601833865046391,0.16863539057473106,1.53517194230807,0.0,0.2290935743958438,0.0,0.0,0.0,0.0
compound,CurrentOnly-AE-CeNN-494,3227,0.11450261288973741,0.22938988006203764,0.23907503470505098,1.5039093742267589,0.0,0.23208595648484953,0.0,0.0,0.0,0.0
compound,CurrentOnly-AE-CeNN-494,3228,0.13757546779139626,0.23103418756742583,0.2413631515281114,1.7882105270092596,0.0,0.22760841591256378,0.0,0.0,0.0,0.0
compound,CurrentOnly-AE-CeNN-494,3229,0.11477632456416469,0.1889402077720484,0.19680390613786922,1.314523390987937,0.0,0.2261771102333009,0.0,0.0,0.0,0.0
compound,CurrentOnly-AE-CeNN-494,3230,0.1279138492775882,0.2477730317624166,0.26428875952250164,1.7860023110238135,0.0,0.23464591810032848,0.0,0.0,0.0,0.0
compound,CurrentOnly-AE-CeNN-494,3231,0.10470029066457581,0.1677115453961938,0.1808162106296471,1.0986448978578147,0.0,0.2106235665402108,0.0,0.0,0.0,0.0
compound,CurrentOnly-AE-CeNN-494,3232,0.11911343692834007,0.1877939468498964,0.1971131254121601,1.2927409940808727,0.0,0.21638056105735737,0.0,0.0,0.0,0.0
compound,CurrentOnly-AE-CeNN-494,3233,0.1130107057938768,0.15079261410499573,0.15334897652485052,1.478524818747393,0.0,0.226765741052342,0.0,0.0,0.0,0.0
compound,CurrentOnly-AE-CeNN-494,3234,0.1015922758610118,0.15227434383055713,0.15763950191424506,1.163189044631007,0.0,0.20295693643632895,0.0,0.0,0.0,0.0
compound,CurrentOnly-AE-CeNN-494,3235,0.11765932625403154,0.1687515643101417,0.1740884020436438,1.457417164902185,0.0,0.2198273080523528,0.0,0.0,0.0,0.0
compound,CurrentOnly-AE-CeNN-494,3236,0.10916516234679238,0.14733140656239951,0.15348222725953264,1.4679675178628189,0.0,0.22520649679033886,0.0,0.0,0.0,0.0
compound,CurrentOnly-AE-CeNN-494,3237,0.08719468588513421,0.13498516630452534,0.14631814796594778,0.9714452609755652,0.0,0.20789863670738248,0.0,0.0,0.0,0.0
compound,CurrentOnly-AE-CeNN-494,3238,0.07865918258186685,0.11135753459179017,0.12383150784763468,1.1372290098050497,0.0,0.20615678583439698,0.0,0.0,0.0,0.0
compound,CurrentOnly-AE-CeNN-494,3239,0.10022011943253001,0.15157860405296403,0.1617230602678592,1.3828477954639296,0.0,0.2180451631174784,0.0,0.0,0.0,0.0
compound,CurrentOnly-AE-CeNN-494,3240,0.11090521233714191,0.16988780179748175,0.17446712807878462,1.2655289324779737,0.0,0.2282900065083572,0.0,0.0,0.0,0.0
compound,CurrentOnly-AE-CeNN-494,3241,0.09864700521612292,0.1939676711128911,0.2086630327445152,1.171653524166832,0.0,0.20052623712625875,0.0,0.0,0.0,0.0
compound,CurrentOnly-AE-CeNN-494,3242,0.09202854466198539,0.14280478314277273,0.15509907199240922,1.0410147204387046,0.0,0.21407453400423218,0.0,0.0,0.0,0.0
compound,CurrentOnly-AE-CeNN-494,3243,0.12488119473472609,0.19301917280982353,0.20651128965565,1.2760895473460772,0.0,0.24452082936133795,0.0,0.0,0.0,0.0
compound,CurrentOnly-AE-CeNN-494,3244,0.12329000157882877,0.1745489433076253,0.1812592438916366,1.4178365548079102,0.0,0.22076737776819005,0.0,0.0,0.0,0.0
compound,CurrentOnly-AE-CeNN-494,3245,0.13120803366949194,0.22297302496640048,0.2371024774042843,1.8688846625576565,0.0,0.2633744422336573,0.0,0.0,0.0,0.0
compound,CurrentOnly-AE-CeNN-494,3246,0.07476264869720498,0.10067921502248356,0.10234830114781021,1.0646212884052473,0.0,0.2051062159955098,0.0,0.0,0.0,0.0
compound,CurrentOnly-AE-CeNN-494,3247,0.09837478334242736,0.15024511503138388,0.15389905981628493,1.3997178436336177,0.0,0.23517521313826054,0.0,0.0,0.0,0.0
compound,CurrentOnly-AE-CeNN-494,3248,0.15155381645564645,0.24647490575411724,0.25670588666692945,2.001281210355021,0.0,0.24805333622370265,0.0,0.0,0.0,0.0
compound,CurrentOnly-AE-CeNN-494,3249,0.11767534700051262,0.19941553440330137,0.20994827795957588,1.5100724579641533,0.0,0.22336172851787467,0.0,0.0,0.0,0.0
compound,CurrentOnly-AE-CeNN-494,3250,0.11033453650684152,0.18622397523913817,0.1990262918663169,1.4933771719056432,0.0,0.22412452546894593,0.0,0.0,0.0,0.0
compound,CurrentOnly-AE-CeNN-494,3251,0.06863831197409444,0.09768534528299298,0.10366292384952815,0.8004617504500144,0.0,0.18606759718038796,0.0,0.0,0.0,0.0
compound,CurrentOnly-AE-CeNN-494,3252,0.1361791674051502,0.22949877443048886,0.23990196797385507,1.4463968157994351,0.0,0.20780935806167367,0.0,0.0,0.0,0.0
compound,CurrentOnly-AE-CeNN-494,3253,0.1359744977236181,0.18498712554074234,0.18952228899061999,1.57493810958801,0.0,0.23273265892018627,0.0,0.0,0.0,0.0
compound,CurrentOnly-AE-CeNN-494,3254,0.11171223085647528,0.1668500801140944,0.17632681965195357,1.1718527727001131,0.0,0.20924834212845733,0.0,0.0,0.0,0.0
compound,CurrentOnly-AE-CeNN-494,3255,0.14319325215939144,0.22765215525380017,0.23820195036763625,1.8378944065042173,0.0,0.23552235104756186,0.0,0.0,0.0,0.0
compound,CurrentOnly-AE-CeNN-494,3256,0.14206954042490344,0.27360966492224303,0.2889477935767016,1.9204675615549693,0.0,0.23859795853969723,0.0,0.0,0.0,0.0
compound,CurrentOnly-AE-CeNN-494,3257,0.10512764715768876,0.15522377858779265,0.1648373335238335,1.2094727659569633,0.0,0.21846702923823172,0.0,0.0,0.0,0.0
compound,CurrentOnly-AE-CeNN-494,3258,0.09190472789456555,0.13182322492242965,0.14775248089931176,0.8906065942623701,0.0,0.20621231910946974,0.0,0.0,0.0,0.0
compound,CurrentOnly-AE-CeNN-494,3259,0.09944296683765398,0.19207555588088554,0.20064444960676092,1.066934078292122,0.0,0.22023210716664848,0.0,0.0,0.0,0.0
compound,CurrentOnly-AE-CeNN-494,3260,0.11065769744545723,0.20397727319795947,0.21008757527642324,1.1484396696495742,0.0,0.2142835123676326,0.0,0.0,0.0,0.0
compound,CurrentOnly-AE-CeNN-494,3261,0.08186861438925717,0.12017367807949095,0.12372743258199503,1.120728233319215,0.0,0.20157598209459862,0.0,0.0,0.0,0.0
compound,CurrentOnly-AE-CeNN-494,3262,0.13205583576704702,0.24177628941160348,0.2556780041369844,1.641036149569738,0.0,0.2239773726028177,0.0,0.0,0.0,0.0
compound,CurrentOnly-AE-CeNN-494,3263,0.11162677673188517,0.16502600418674396,0.17619726844031258,1.3218451290128108,0.0,0.2340402995401349,0.0,0.0,0.0,0.0
compound,CurrentOnly-AE-CeNN-494,3264,0.08159084407028815,0.11644125556756268,0.11937677324207359,1.135122112118814,0.0,0.2019544671223772,0.0,0.0,0.0,0.0
compound,CurrentOnly-AE-CeNN-494,3265,0.09210714578917993,0.14798322497053087,0.15384046593746453,1.318454551666188,0.0,0.2169455974977886,0.0,0.0,0.0,0.0
compound,CurrentOnly-AE-CeNN-494,3266,0.1665082796227545,0.2665332982839317,0.28228477909614197,2.306452100056683,0.0,0.24240040109558839,0.0,0.0,0.0,0.0
compound,CurrentOnly-AE-CeNN-494,3267,0.13793953463803357,0.2217191834163503,0.22983454542751666,1.7031516367842356,0.0,0.20824866626849087,0.0,0.0,0.0,0.0
compound,CurrentOnly-AE-CeNN-494,3268,0.10489430359465719,0.1838142533746806,0.19717944060134446,0.9906692701980493,0.0,0.2155002838597991,0.0,0.0,0.0,0.0
compound,CurrentOnly-AE-CeNN-494,3269,0.1468686065999623,0.2801974468030816,0.2903981967696079,1.8844269911996976,0.0,0.22947309530829985,0.0,0.0,0.0,0.0
compound,CurrentOnly-AE-CeNN-494,3270,0.08960928290063154,0.14807810210658712,0.1612873995242883,0.8304653304293996,0.0,0.20950205201175484,0.0,0.0,0.0,0.0
compound,CurrentOnly-AE-CeNN-494,3271,0.09221382211346617,0.13037442589677126,0.14040577888972572,1.0080721933707866,0.0,0.21369753887042056,0.0,0.0,0.0,0.0
compound,CurrentOnly-AE-CeNN-494,3272,0.11361433760335653,0.17914163531887706,0.18830554939165664,1.0116687624522411,0.0,0.21191636775109068,0.0,0.0,0.0,0.0
compound,CurrentOnly-AE-CeNN-494,3273,0.12069202965962568,0.1899089133530471,0.20055665047224003,1.5315917119758218,0.0,0.25128754915351903,0.0,0.0,0.0,0.0
compound,CurrentOnly-AE-CeNN-494,3274,0.11787116735317381,0.1798534963029508,0.19179111293721063,1.3715530953376156,0.0,0.2422517430902602,0.0,0.0,0.0,0.0
compound,CurrentOnly-AE-CeNN-494,3275,0.12139018467542087,0.1983448746270015,0.20950452470089395,1.4793049915218186,0.0,0.22564660914228543,0.0,0.0,0.0,0.0
compound,CurrentOnly-AE-CeNN-494,3276,0.09127484164538222,0.15000310448985751,0.1536837589695966,1.1745814666552226,0.0,0.21116933382314595,0.0,0.0,0.0,0.0
compound,CurrentOnly-AE-CeNN-494,3277,0.0948331628724857,0.14633249468420542,0.1559701374474928,1.3709953920975675,0.0,0.22918110644428388,0.0,0.0,0.0,0.0
compound,CurrentOnly-AE-CeNN-494,3278,0.11174492321451134,0.22662019040263826,0.23865393478833533,1.152524326777487,0.0,0.19929880240368675,0.0,0.0,0.0,0.0
compound,CurrentOnly-AE-CeNN-494,3279,0.10410338155080841,0.17372360365247283,0.18498672685820844,1.2230278850160923,0.0,0.2185070323262588,0.0,0.0,0.0,0.0
compound,CurrentOnly-AE-CeNN-494,3280,0.15149676923661667,0.2864487916084129,0.29932695572886275,1.379393407051744,0.0,0.2093021592209274,0.0,0.0,0.0,0.0
compound,CurrentOnly-AE-CeNN-494,3281,0.10371562235832354,0.166004432070982,0.17532467431994725,1.2124465539772642,0.0,0.20145314743871437,0.0,0.0,0.0,0.0
compound,CurrentOnly-AE-CeNN-494,3282,0.0959141948068272,0.1396745120460213,0.1429135318721647,1.305717924513214,0.0,0.21601234431400293,0.0,0.0,0.0,0.0
compound,CurrentOnly-AE-CeNN-494,3283,0.07750316667593493,0.12415590350146775,0.12827405266396175,1.0094498622026082,0.0,0.20425928402749488,0.0,0.0,0.0,0.0
compound,CurrentOnly-AE-CeNN-494,3284,0.14068217514745762,0.24286403247437047,0.2575979108837508,2.1037348346595177,0.0,0.2558627466221851,0.0,0.0,0.0,0.0
compound,CurrentOnly-AE-CeNN-494,3285,0.10522707755919247,0.19148543291816128,0.2035344298760433,1.101605804942022,0.0,0.20749212935115938,0.0,0.0,0.0,0.0
compound,CurrentOnly-AE-CeNN-494,3286,0.10103564430640789,0.16089949147576785,0.16444788138858296,1.4203959263951702,0.0,0.21443613020569705,0.0,0.0,0.0,0.0
compound,CurrentOnly-AE-CeNN-494,3287,0.14259812784151019,0.2633615654701173,0.26912352673473106,2.079013473528324,0.0,0.2386731532761157,0.0,0.0,0.0,0.0
compound,CurrentOnly-AE-CeNN-494,3288,0.10594060708689604,0.1614999054848146,0.16924964233893444,1.1686757923622881,0.0,0.20166512493699915,0.0,0.0,0.0,0.0
compound,CurrentOnly-AE-CeNN-494,3289,0.08017612848115219,0.11268337379423318,0.1175782845545899,1.0673329739206978,0.0,0.2046174178277859,0.0,0.0,0.0,0.0
compound,CurrentOnly-AE-CeNN-494,3290,0.09795144149300924,0.13459367372059572,0.1433199199782063,1.2589216674234613,0.0,0.21843642864743218,0.0,0.0,0.0,0.0
compound,CurrentOnly-AE-CeNN-494,3291,0.08234166548389132,0.09969545553571468,0.10486154660364061,0.9879282553014952,0.0,0.21065210092401215,0.0,0.0,0.0,0.0
compound,CurrentOnly-AE-CeNN-494,3292,0.13185670258883525,0.24076416776076454,0.24648372996290924,1.5280273000235396,0.0,0.20529777312836417,0.0,0.0,0.0,0.0
compound,CurrentOnly-AE-CeNN-494,3293,0.10974051210666337,0.16864514269161404,0.17777329403216038,1.183728682142261,0.0,0.2115226260356197,0.0,0.0,0.0,0.0
compound,CurrentOnly-AE-CeNN-494,3294,0.08947830559470239,0.14011085163876832,0.1448954965998682,1.223306657561436,0.0,0.2040461702115949,0.0,0.0,0.0,0.0
compound,CurrentOnly-AE-CeNN-494,3295,0.11646190750034162,0.19630021340281387,0.21180941044212376,1.289215150892676,0.0,0.20959243013503406,0.0,0.0,0.0,0.0
compound,CurrentOnly-AE-CeNN-494,3296,0.10173709571364929,0.14476483285892588,0.1570885716109221,1.0561357953042352,0.0,0.22740766909220456,0.0,0.0,0.0,0.0
compound,CurrentOnly-AE-CeNN-494,3297,0.09234465263771106,0.1329563570345996,0.13541883568832658,0.8821569311886412,0.0,0.21478232129268765,0.0,0.0,0.0,0.0
compound,CurrentOnly-AE-CeNN-494,3298,0.11210924120543425,0.19480757679382515,0.20607354189402088,1.3025286052658407,0.0,0.21552951755248903,0.0,0.0,0.0,0.0
compound,CurrentOnly-AE-CeNN-494,3299,0.14051034690469022,0.2400323353102387,0.2534275095242701,1.4784853817542731,0.0,0.22909498182097798,0.0,0.0,0.0,0.0
compound,AlwaysOpen-HistorySide,3200,0.10837602504274679,0.15688029191143335,0.1698163394937552,1.5984816883710717,0.0,0.2309601288469271,0.16241737655547434,0.16472790567819234,1.0,1.0
compound,AlwaysOpen-HistorySide,3201,0.09181728541544351,0.13403615175753877,0.14330277543301034,1.1658411807759725,0.0,0.2033406022646489,0.16174233155830006,0.16436240953048686,1.0,1.0
compound,AlwaysOpen-HistorySide,3202,0.09199470595289369,0.14262802643188288,0.14696351736822472,1.201926301838512,0.0,0.22070405011242838,0.16148730079288973,0.1637498927431801,1.0,1.0
compound,AlwaysOpen-HistorySide,3203,0.09610660064896194,0.13575292867224728,0.14201293012151242,1.3622301239165624,0.0,0.22847109727717702,0.16257549714743902,0.16481906606175753,1.0,1.0
compound,AlwaysOpen-HistorySide,3204,0.09737008378986539,0.14683164292962184,0.1560612115520728,1.1788351595306301,0.0,0.22657670607663985,0.1622879229156251,0.1649578367057999,1.0,1.0
compound,AlwaysOpen-HistorySide,3205,0.1199410918830712,0.1839995936854598,0.1955037105986743,1.4933718998534293,0.0,0.22642671648866192,0.1610964562861807,0.1635898098880382,1.0,1.0
compound,AlwaysOpen-HistorySide,3206,0.0997597964704707,0.15071586288349045,0.15993774315641532,0.8480180337898474,0.0,0.19786141606237065,0.16108990859016947,0.16348944346304062,1.0,1.0
compound,AlwaysOpen-HistorySide,3207,0.0927410973260422,0.12758011935492863,0.13989902670672597,1.086130035432128,0.0,0.20387231625831018,0.1619057138584662,0.16482167543695275,1.0,1.0
compound,AlwaysOpen-HistorySide,3208,0.13932323566762783,0.21912411491296474,0.2243305159504666,1.88136173511278,0.0,0.23773431169150167,0.16295932163777543,0.16535825308578395,1.0,1.0
compound,AlwaysOpen-HistorySide,3209,0.10608004770452263,0.13535298663778506,0.14657271217868229,1.3698922062818308,0.0,0.23188865588289553,0.16189334781313433,0.16404287329651915,1.0,1.0
compound,AlwaysOpen-HistorySide,3210,0.0936184128128403,0.1192247313384695,0.12130414152064671,1.5730903062984174,0.0,0.2324609685212098,0.16179925306730733,0.1645552728522225,1.0,1.0
compound,AlwaysOpen-HistorySide,3211,0.1033205392641638,0.17251136922431898,0.18210081544642984,1.1176368817573228,0.0,0.2191026284218828,0.1615950156090475,0.16414746829366056,1.0,1.0
compound,AlwaysOpen-HistorySide,3212,0.08334845737457097,0.1354743794262591,0.14587881344323558,0.9366753697942157,0.0,0.21440494525692308,0.16169024211082955,0.16393635568542325,1.0,1.0
compound,AlwaysOpen-HistorySide,3213,0.11769536668128934,0.18874553106004766,0.19170070455244306,1.171258645597252,0.0,0.20869758833372593,0.16162318979791584,0.16425633727137331,1.0,1.0
compound,AlwaysOpen-HistorySide,3214,0.11131541112706837,0.16859483471391745,0.1802392136367507,1.1502495848369905,0.0,0.21593617433472986,0.16238074826150872,0.1650299706728862,1.0,1.0
compound,AlwaysOpen-HistorySide,3215,0.10579102467319396,0.14693184443966506,0.15232031790062978,1.3217863151607778,0.0,0.2265639185289974,0.16241930147770595,0.1651324758299488,1.0,1.0
compound,AlwaysOpen-HistorySide,3216,0.11551602436156437,0.2105671053097041,0.2286667234719798,1.4704177355240045,0.0,0.22196276390034683,0.16198642638195102,0.16471442468719616,1.0,1.0
compound,AlwaysOpen-HistorySide,3217,0.11393152385279173,0.17716153248747443,0.18826086658886534,1.3038501537035934,0.0,0.20971638971531983,0.16189268427080103,0.1647124013225613,1.0,1.0
compound,AlwaysOpen-HistorySide,3218,0.08695525806868348,0.1440231502606011,0.1583601700387888,1.192421694183027,0.0,0.1883828742975499,0.16129550121317832,0.16368053612162242,1.0,1.0
compound,AlwaysOpen-HistorySide,3219,0.11429565272070964,0.20373940529732176,0.22143774783483286,1.272567808253661,0.0,0.211748060094724,0.16155391971071348,0.16385125851265145,1.0,1.0
compound,AlwaysOpen-HistorySide,3220,0.11158521002269599,0.17987192877951386,0.1920119474299867,1.1964149946759925,0.0,0.22092963787476122,0.16188010327525967,0.16485975127710215,1.0,1.0
compound,AlwaysOpen-HistorySide,3221,0.10318925772377584,0.17509790590665733,0.18232896615546626,1.2005811041000496,0.0,0.22642276907259487,0.16215751409110135,0.16444498936233423,1.0,1.0
compound,AlwaysOpen-HistorySide,3222,0.10163701963859043,0.1621233074737411,0.1765888803069231,1.6077052897621702,0.0,0.2233754434796053,0.16164958015431882,0.1641161552785217,1.0,1.0
compound,AlwaysOpen-HistorySide,3223,0.1268841830633277,0.17222676610508936,0.18528452700348716,1.8300803531949132,0.0,0.26303045144825493,0.16200098621125714,0.16437079625901418,1.0,1.0
compound,AlwaysOpen-HistorySide,3224,0.10239134176255281,0.13420357078383544,0.1348832146210734,1.142807203326013,0.0,0.2447851951619756,0.16208877712618214,0.16475006836475714,1.0,1.0
compound,AlwaysOpen-HistorySide,3225,0.11021235325697686,0.15895757688623846,0.16532745973582066,1.1174324897319978,0.0,0.21019651015503643,0.16215726621939122,0.16503656205377948,1.0,1.0
compound,AlwaysOpen-HistorySide,3226,0.108787568776469,0.1591484968634049,0.16767890775970853,1.5348563831245474,0.0,0.23079115875849904,0.1616920733717345,0.1639903823470533,1.0,1.0
compound,AlwaysOpen-HistorySide,3227,0.11368654667146713,0.22863331800262693,0.23836937678614833,1.5037010865492282,0.0,0.23588963741909416,0.1620532564734335,0.16428151299876406,1.0,1.0
compound,AlwaysOpen-HistorySide,3228,0.13733002760430507,0.23064037825800354,0.24099360044609802,1.787757958774556,0.0,0.22896893564799228,0.16258181254683374,0.16489606069739535,1.0,1.0
compound,AlwaysOpen-HistorySide,3229,0.11441395886822309,0.18850390840857717,0.1964051767348559,1.3143524961506658,0.0,0.2276953357095362,0.16107713447617206,0.16338186653111086,1.0,1.0
compound,AlwaysOpen-HistorySide,3230,0.12751502446204502,0.2472807297508369,0.26371651170532795,1.7858653829562057,0.0,0.23638903535590086,0.16151541994392787,0.163740311447094,1.0,1.0
compound,AlwaysOpen-HistorySide,3231,0.10398006181859848,0.16696425445134747,0.1800155666469117,1.0982775743732274,0.0,0.21334425053954745,0.1616202148874055,0.16418962303637394,1.0,1.0
compound,AlwaysOpen-HistorySide,3232,0.11866477392277563,0.18728264108647832,0.19712186637642648,1.2927200208833514,0.0,0.21880766441944785,0.16136646423062959,0.1636942713314744,1.0,1.0
compound,AlwaysOpen-HistorySide,3233,0.11286765750148332,0.15060562295295274,0.15310247846292568,1.4779137153214235,0.0,0.22768018277414945,0.16160002434147996,0.16407235438538362,1.0,1.0
compound,AlwaysOpen-HistorySide,3234,0.10117242308773279,0.15173609357860612,0.15714992844149384,1.1631472640519194,0.0,0.20476119229569462,0.16217651462631846,0.16516102846169267,1.0,1.0
compound,AlwaysOpen-HistorySide,3235,0.11706821436914547,0.16808973829167703,0.17341396594115047,1.457162626530039,0.0,0.22228088655317652,0.16171811591656426,0.16405248083427607,1.0,1.0
compound,AlwaysOpen-HistorySide,3236,0.10840362420937705,0.14641181423204647,0.15273701212013444,1.4673777356022786,0.0,0.22858030313614291,0.16239488577784222,0.16479269552174003,1.0,1.0
compound,AlwaysOpen-HistorySide,3237,0.08684833541101317,0.1345923686370697,0.14596659331684483,0.9712655389850358,0.0,0.209773074082705,0.16155646550975114,0.1639858012037638,1.0,1.0
compound,AlwaysOpen-HistorySide,3238,0.07831693563457458,0.11142941572387065,0.12382336095600562,1.1364458724352675,0.0,0.2075336725043976,0.1615215971889603,0.1641593078503201,1.0,1.0
compound,AlwaysOpen-HistorySide,3239,0.10006250620296869,0.15129726402646615,0.16147027599986027,1.382751026700619,0.0,0.2191153912639675,0.16187971695576855,0.164207739835131,1.0,1.0
compound,AlwaysOpen-HistorySide,3240,0.11005794102255001,0.16901489336601716,0.17344034998827174,1.2646930386431532,0.0,0.23185250264157223,0.1619624457818637,0.16447030044923877,1.0,1.0
compound,AlwaysOpen-HistorySide,3241,0.09845434699007853,0.19376468852283973,0.2084201248524516,1.1715999193257738,0.0,0.20178447937044444,0.1616153322627143,0.16472460406409617,1.0,1.0
compound,AlwaysOpen-HistorySide,3242,0.09128565732816138,0.1418931229101932,0.15413060500112122,1.0408164334512682,0.0,0.21730847057974162,0.16261041383294958,0.16514364680690125,1.0,1.0
compound,AlwaysOpen-HistorySide,3243,0.12418774763553136,0.19234758385892445,0.20574510204064167,1.2755261024482523,0.0,0.24760874354839474,0.16238724010402328,0.16468355957689665,1.0,1.0
compound,AlwaysOpen-HistorySide,3244,0.12282833124279283,0.17423093840865808,0.1805852046352595,1.4177827141780033,0.0,0.2228944368735374,0.16232836542333925,0.16505190071066092,1.0,1.0
compound,AlwaysOpen-HistorySide,3245,0.1306712198656855,0.22221524226377815,0.23637655808687807,1.8681671762317118,0.0,0.2657962586100197,0.16169270579051684,0.16383175782410908,1.0,1.0
compound,AlwaysOpen-HistorySide,3246,0.07457003258804122,0.10057033800242017,0.10229433422990743,1.064394767835699,0.0,0.20637145435464968,0.16179762771801487,0.16437919578504379,1.0,1.0
compound,AlwaysOpen-HistorySide,3247,0.097834682475586,0.14993579800228002,0.15342225301739024,1.399148132761969,0.0,0.23748679592508745,0.16177649124790244,0.16421202387336878,1.0,1.0
compound,AlwaysOpen-HistorySide,3248,0.1509875028540989,0.24573603578553457,0.25599530492853123,2.0010136559761276,0.0,0.2509381997328696,0.1629327837021326,0.16511269193141495,1.0,1.0
compound,AlwaysOpen-HistorySide,3249,0.11721473585361203,0.19897205726444267,0.20951662278750027,1.5098280075907644,0.0,0.22539424453933912,0.16171828824410106,0.1647215274607545,1.0,1.0
compound,AlwaysOpen-HistorySide,3250,0.10999424255973045,0.18615933942597815,0.19897475683288943,1.4930323006053288,0.0,0.2259296610955085,0.16198992550596839,0.1644286052841717,1.0,1.0
compound,AlwaysOpen-HistorySide,3251,0.06807782922307705,0.09708699282636557,0.10301677190139734,0.800301960403866,0.0,0.18831172364724472,0.1614687992917511,0.16410530915384045,1.0,1.0
compound,AlwaysOpen-HistorySide,3252,0.1358420212402496,0.22913550251693257,0.23952544560201192,1.4460102861899926,0.0,0.20908461113921087,0.16120009382685052,0.1635146819495424,1.0,1.0
compound,AlwaysOpen-HistorySide,3253,0.13579067459582075,0.1848505379092435,0.18929779544137762,1.574693899253521,0.0,0.23376928082586168,0.1620900718477397,0.1643804084795149,1.0,1.0
compound,AlwaysOpen-HistorySide,3254,0.11131375807770275,0.16629027584147657,0.1757994839106554,1.171729296960419,0.0,0.21119989721218294,0.16285141153690494,0.1653389774169899,1.0,1.0
compound,AlwaysOpen-HistorySide,3255,0.14260620429943985,0.22658264123401425,0.2371278111517719,1.8372833394353163,0.0,0.23798969777224144,0.1621009654308878,0.16462335356824986,1.0,1.0
compound,AlwaysOpen-HistorySide,3256,0.1416116200032135,0.2731263950415114,0.2885783379746143,1.9201627217509574,0.0,0.24102961693238445,0.16160258495187452,0.1638522804205703,1.0,1.0
compound,AlwaysOpen-HistorySide,3257,0.10484072972837126,0.15511616028493178,0.16478541340183103,1.2093868852926548,0.0,0.22022962868309154,0.16233344419053972,0.16482516037761522,1.0,1.0
compound,AlwaysOpen-HistorySide,3258,0.09163767534073672,0.13159543903123325,0.14748035461023348,0.8903418716916297,0.0,0.2076449128674686,0.16168517648560893,0.16421062965859362,1.0,1.0
compound,AlwaysOpen-HistorySide,3259,0.0991157899710089,0.19170469404221907,0.20030732883472754,1.0667552780546339,0.0,0.22201544487274813,0.16222278107742857,0.1647877606960125,1.0,1.0
compound,AlwaysOpen-HistorySide,3260,0.10988645350315052,0.20306405177628353,0.20918843154521471,1.1481871398800287,0.0,0.2174863367630388,0.16137858260173066,0.16375895698525236,1.0,1.0
compound,AlwaysOpen-HistorySide,3261,0.0811560489641645,0.11920231941263472,0.12272159183035704,1.1205124733369365,0.0,0.20412309576541493,0.16166335895210562,0.16412100459490134,1.0,1.0
compound,AlwaysOpen-HistorySide,3262,0.13149003883137692,0.2410072394998639,0.2549873144906764,1.6407929054158037,0.0,0.22606204511598627,0.161690364042095,0.16402758270318057,1.0,1.0
compound,AlwaysOpen-HistorySide,3263,0.11094078672768265,0.16449636346631763,0.17553002829369777,1.3214149753451254,0.0,0.2371872073699508,0.1621531893106653,0.1645556264800801,1.0,1.0
compound,AlwaysOpen-HistorySide,3264,0.08134768869956846,0.1160651275950732,0.11896676438585663,1.1349802722175444,0.0,0.20328826704394928,0.16196230759429597,0.164870597470949,1.0,1.0
compound,AlwaysOpen-HistorySide,3265,0.0916623359037517,0.14759418388877873,0.15347662798360817,1.3181193350839002,0.0,0.21902734366624668,0.16202491438338842,0.16485146163709358,1.0,1.0
compound,AlwaysOpen-HistorySide,3266,0.16609714596513137,0.2659790321344452,0.2818377962405218,2.3060730716961677,0.0,0.24450661815342478,0.16257201503880592,0.16526611439482786,1.0,1.0
compound,AlwaysOpen-HistorySide,3267,0.13759813348400546,0.22148110687498498,0.2293273582129423,1.7028838159936972,0.0,0.20948245240447197,0.1609158907496575,0.1631332160042018,1.0,1.0
compound,AlwaysOpen-HistorySide,3268,0.10419407754839677,0.18302096996702852,0.19646033928864357,0.989945120553343,0.0,0.2183113498633866,0.16181926377207947,0.16437815170157663,1.0,1.0
compound,AlwaysOpen-HistorySide,3269,0.14663960698802783,0.2800405873681332,0.2902781983924418,1.88440486268083,0.0,0.23056267135840924,0.16274393904635742,0.16533586690693713,1.0,1.0
compound,AlwaysOpen-HistorySide,3270,0.08921128214038662,0.14760966686316745,0.16077778791558972,0.8302253191319103,0.0,0.2114054462921295,0.16221675104931635,0.16456598852604484,1.0,1.0
compound,AlwaysOpen-HistorySide,3271,0.09163994894820633,0.12985134434786103,0.13988377989186057,1.0078315684940047,0.0,0.21607032541476365,0.16163088517278493,0.16402768194770537,1.0,1.0
compound,AlwaysOpen-HistorySide,3272,0.11312084985056786,0.17833283979064135,0.1875144998831362,1.0116027519310926,0.0,0.21398079523616498,0.16113809232217746,0.16332678004839948,1.0,1.0
compound,AlwaysOpen-HistorySide,3273,0.12038790443935808,0.18961863339049992,0.20028977440408705,1.5313361083883723,0.0,0.2527803253331428,0.16245831699731772,0.1646109985367478,1.0,1.0
compound,AlwaysOpen-HistorySide,3274,0.1175221516766692,0.17971347820058609,0.19165625379749815,1.371445131542937,0.0,0.2441788812046162,0.16190117193388162,0.16410142185232746,1.0,1.0
compound,AlwaysOpen-HistorySide,3275,0.12108388265764117,0.19791880483092525,0.20906955261920196,1.478826136978354,0.0,0.22701566643041737,0.16279429759619338,0.16521864289334717,1.0,1.0
compound,AlwaysOpen-HistorySide,3276,0.09084214857369079,0.14969290274144648,0.15338404451227886,1.1743187019277443,0.0,0.21312146591755018,0.16243713682862865,0.1648873663693415,1.0,1.0
compound,AlwaysOpen-HistorySide,3277,0.09432136748899256,0.14589543684998374,0.15557983875813897,1.3708700235224756,0.0,0.2314865577446998,0.16159397119473623,0.16385624854562517,1.0,1.0
compound,AlwaysOpen-HistorySide,3278,0.11135854939464096,0.22644182910185603,0.23848504827535294,1.1525402159503635,0.0,0.20148590121717008,0.1621289555534703,0.16505986665216563,1.0,1.0
compound,AlwaysOpen-HistorySide,3279,0.1036949130868859,0.17336078392949095,0.18464074041611048,1.2223766712988178,0.0,0.22003522482765736,0.16180633802856717,0.16436873417289627,1.0,1.0
compound,AlwaysOpen-HistorySide,3280,0.15115787235228206,0.2863984399196397,0.29934052863810817,1.3792981602919834,0.0,0.21133082665274636,0.16247142837258952,0.1648961394377214,1.0,1.0
compound,AlwaysOpen-HistorySide,3281,0.10300612576475995,0.1654961046005901,0.17477108358709853,1.2120942490917086,0.0,0.20437472124546754,0.16124031801815653,0.1636132490793038,1.0,1.0
compound,AlwaysOpen-HistorySide,3282,0.09562581996828214,0.13939983356441404,0.14233346316744794,1.3052323289670729,0.0,0.21729794139111755,0.16193046816491063,0.16481870534895146,1.0,1.0
compound,AlwaysOpen-HistorySide,3283,0.07668261547913467,0.12286116048515847,0.12700217048968754,1.0090459926142896,0.0,0.2075617137342793,0.1620064712426804,0.1646043836497487,1.0,1.0
compound,AlwaysOpen-HistorySide,3284,0.14004149938802216,0.2419965914704191,0.25672593479663525,2.1031366200234394,0.0,0.2585496677459972,0.16233099666298728,0.16494445592396453,1.0,1.0
compound,AlwaysOpen-HistorySide,3285,0.10463322404341184,0.19105811665498137,0.20312899789180233,1.1013310858716006,0.0,0.20983666123175979,0.16169020265971268,0.1640426552722025,1.0,1.0
compound,AlwaysOpen-HistorySide,3286,0.10073354273899714,0.16045746140601386,0.16399752433070702,1.4200735202351926,0.0,0.2158383542091108,0.16209739389427935,0.1651188603692655,1.0,1.0
compound,AlwaysOpen-HistorySide,3287,0.14220552337649345,0.26314623532999054,0.26902565652210664,2.078467828777032,0.0,0.24056181192456194,0.16260935199628151,0.16517447191660198,1.0,1.0
compound,AlwaysOpen-HistorySide,3288,0.10533483340668326,0.16056535149668372,0.16830268961773415,1.1686139378849218,0.0,0.2041794672270325,0.16131359709150747,0.1634966176426019,1.0,1.0
compound,AlwaysOpen-HistorySide,3289,0.08008984746089896,0.11231788048753895,0.11716575058198395,1.0671835006952906,0.0,0.20537091592437315,0.16195028960207267,0.16461188415757405,1.0,1.0
compound,AlwaysOpen-HistorySide,3290,0.09780673113740708,0.13448096208324387,0.14315673620274202,1.2585045668823398,0.0,0.21940247282325032,0.1617889323611903,0.16416040950098068,1.0,1.0
compound,AlwaysOpen-HistorySide,3291,0.08151354755117893,0.09862274881252817,0.10376177598591502,0.9878568426820941,0.0,0.21416783636892242,0.16216705390720493,0.16485986957175708,1.0,1.0
compound,AlwaysOpen-HistorySide,3292,0.1316426689523755,0.24058969307052955,0.24633794316920593,1.5281176166617376,0.0,0.20676856815733644,0.16281502497419315,0.16524282038052285,1.0,1.0
compound,AlwaysOpen-HistorySide,3293,0.1095671326520162,0.16795175952604557,0.17778445268153972,1.1835669576182168,0.0,0.21230162751911968,0.1615139011560653,0.16384539490657024,1.0,1.0
compound,AlwaysOpen-HistorySide,3294,0.08938029786398653,0.14009735258491848,0.14492526321416171,1.2230415421048817,0.0,0.2045437883723343,0.16204687771456194,0.16432880972436925,1.0,1.0
compound,AlwaysOpen-HistorySide,3295,0.11606091918121825,0.19596296393116858,0.21141340390190083,1.2892601797371823,0.0,0.21180251226512797,0.16235694097721579,0.1645903595685076,1.0,1.0
compound,AlwaysOpen-HistorySide,3296,0.10107485689058208,0.14404059249878898,0.15638793693589956,1.0559240281857656,0.0,0.23000758691988551,0.16201987113845426,0.1644583462094858,1.0,1.0
compound,AlwaysOpen-HistorySide,3297,0.09167735212445545,0.13210430987099217,0.13451209704351108,0.8821260777031084,0.0,0.21770265457617036,0.1618783208878953,0.16425166268544303,1.0,1.0
compound,AlwaysOpen-HistorySide,3298,0.11183111748594457,0.1946931897799111,0.20592663890349103,1.3023473347457162,0.0,0.21694170129753138,0.16190682626818761,0.16434716691729964,1.0,1.0
compound,AlwaysOpen-HistorySide,3299,0.1398224722919244,0.23965773010046285,0.2530361179854526,1.478023480749456,0.0,0.23244195406830298,0.1626300425654253,0.1653895470826618,1.0,1.0
compound,EventDetected-GatedHistory,3200,0.10837608016984385,0.1568802910758287,0.1698163386932711,1.5984811014675218,0.0,0.2309600693171396,0.1624173761552486,0.16472790520170996,0.9999999999999065,0.9999999999999065
compound,EventDetected-GatedHistory,3201,0.09181728798293717,0.1340361517284382,0.14330277540913922,1.16584114714448,0.0,0.20334059899399975,0.16174233066452393,0.16436240949400993,0.9999999946928356,0.9999999999999065
compound,EventDetected-GatedHistory,3202,0.09199470265851092,0.142628026284409,0.14696351721823436,1.2019263099243551,0.0,0.22070405231804807,0.16148730076052958,0.16374989270316156,0.9999999999954896,0.9999999999999065
compound,EventDetected-GatedHistory,3203,0.09610666456410852,0.1357529286779335,0.1420129301243707,1.3622296202447235,0.0,0.22847104110211439,0.1625754965327319,0.16481906562651635,0.9999999999998929,0.9999999999999065
compound,EventDetected-GatedHistory,3204,0.09737009375681852,0.14683164292949272,0.15606121155190564,1.1788349928055455,0.0,0.22657669178387466,0.16228791983402197,0.16495783670577294,0.9999999823843815,0.9999999999999065
compound,EventDetected-GatedHistory,3205,0.11994109117938077,0.18399959368549976,0.1955037105849471,1.4933719034512405,0.0,0.22642671725280158,0.16109645628007824,0.16358980988154417,0.9999999999998059,0.9999999999999065
compound,EventDetected-GatedHistory,3206,0.09975980583873909,0.1507158628842697,0.15993774315729298,0.8480178901157963,0.0,0.1978614474089305,0.16108990743912494,0.1634894434629842,0.999999999462223,0.9999999999999065
compound,EventDetected-GatedHistory,3207,0.09274114481293046,0.12758011935442543,0.1398990267068561,1.0861295171746708,0.0,0.20387227611428083,0.16190571307846882,0.1648216749894566,0.999999999999764,0.9999999999999065
compound,EventDetected-GatedHistory,3208,0.13932333352477755,0.21912411491761163,0.22433051595305534,1.881360005995232,0.0,0.23773415259000258,0.16295932015880663,0.16535825308580174,0.9999999999999065,0.9999999999999065
compound,EventDetected-GatedHistory,3209,0.10608102316533746,0.13535298664192744,0.14657271215611817,1.3698801809269592,0.0,0.2318877163312661,0.1618933385345962,0.16404288253578758,0.9999999999999054,0.9999999999999065
compound,EventDetected-GatedHistory,3210,0.09361842983387544,0.11922473133859433,0.1213041835238818,1.573090135925201,0.0,0.23246095295218644,0.16179925293024042,0.16455527286185145,0.9999999999999061,0.9999999999999065
compound,EventDetected-GatedHistory,3211,0.10332060421478922,0.17251136627987546,0.18210081523988425,1.11763577689129,0.0,0.21910271339711093,0.1615869235536155,0.1641438039279735,0.9999501409967244,0.9999999999999065
compound,EventDetected-GatedHistory,3212,0.08334803930811822,0.13547437942056145,0.14587881343214504,0.9366766592440827,0.0,0.21440528920995594,0.161690234050356,0.16393629166225185,0.9999999741569526,0.9999999999999065
compound,EventDetected-GatedHistory,3213,0.11769537331769707,0.1887455310598689,0.1917007045524355,1.1712585859548488,0.0,0.20869758888379208,0.1616231897017536,0.16425633717722676,0.9999999999999065,0.9999999999999065
compound,EventDetected-GatedHistory,3214,0.11131545902654871,0.1685948347128342,0.1802392136362342,1.1502490057925916,0.0,0.21593610437313487,0.1623807476359234,0.1650299689736203,0.9999999998674906,0.9999999999999065
compound,EventDetected-GatedHistory,3215,0.1057910502751697,0.14693184447379315,0.15232031790325945,1.321785936112257,0.0,0.22656389379875702,0.16241930082835493,0.16513247583140606,0.9999999999997219,0.9999999999999065
compound,EventDetected-GatedHistory,3216,0.11551603601761709,0.21056710193640837,0.2286667210854248,1.4704174711385827,0.0,0.2219627241542903,0.16198642587473883,0.16471442468745864,0.9999999999605309,0.9999999999999065
compound,EventDetected-GatedHistory,3217,0.11393144685819691,0.17716152601943475,0.1882608665892445,1.303850653678585,0.0,0.20971661050008938,0.16189268191615264,0.16471240132264028,0.9999999996319298,0.9999999999999065
compound,EventDetected-GatedHistory,3218,0.08695654981145204,0.14402315024845558,0.158360170065658,1.1924249896583425,0.0,0.18837919930815109,0.16074340904231604,0.16365412700057322,0.9965920481206685,0.9999999999999065
compound,EventDetected-GatedHistory,3219,0.1142955603760744,0.2037394052987216,0.22143774784893105,1.2725682933078266,0.0,0.21174818511318105,0.16155391390988574,0.16385125851235172,0.999999969146727,0.9999999999999065
compound,EventDetected-GatedHistory,3220,0.11158489475073406,0.17987192345991398,0.1920119441547254,1.1964151183844198,0.0,0.22092998145678852,0.16188007881495828,0.16485974618634225,0.9999998786048602,0.9999999999999065
compound,EventDetected-GatedHistory,3221,0.10318928581921134,0.17509790833925512,0.18232896955844277,1.2005808303555918,0.0,0.22642275160603192,0.16215751362614866,0.16444498936099639,0.9999999991192761,0.9999999999999065
compound,EventDetected-GatedHistory,3222,0.10163701907119917,0.16212330746554973,0.1765888803079938,1.6077052953815691,0.0,0.22337544463833772,0.16164958014861855,0.16411615527138215,0.999999999999074,0.9999999999999065
compound,EventDetected-GatedHistory,3223,0.12688416186904847,0.1722267615208504,0.1852845212407772,1.8300803741095872,0.0,0.2630304725343363,0.16200098589826015,0.16437079015473668,0.9999999999999065,0.9999999999999065
compound,EventDetected-GatedHistory,3224,0.10239134123325835,0.1342035707835127,0.13488321462100467,1.1428072336136061,0.0,0.24478519528043177,0.16208877700358434,0.16475006836473455,0.9999999999999065,0.9999999999999065
compound,EventDetected-GatedHistory,3225,0.11021243237233218,0.15895781565262176,0.1653280438878206,1.1174317947667043,0.0,0.21019647374060885,0.16215726498536753,0.16503656247956544,0.9999999984211863,0.9999999999999065
compound,EventDetected-GatedHistory,3226,0.10878756928959754,0.15914849683354812,0.16767890779003422,1.5348563287669144,0.0,0.23079115329662706,0.1616920438795375,0.1639903823399879,0.9999998177145965,0.9999999999999065
compound,EventDetected-GatedHistory,3227,0.11368654750227511,0.22863331774913054,0.2383693764927474,1.503701047642958,0.0,0.23588963536826332,0.16205325599485407,0.16428151299876673,0.9999999973046957,0.9999999999999065
compound,EventDetected-GatedHistory,3228,0.13732993965910772,0.23064036716862568,0.24099358791082068,1.7877574366616455,0.0,0.2289690278719497,0.16258180945130055,0.16489606069740778,0.9999999999999065,0.9999999999999065
compound,EventDetected-GatedHistory,3229,0.1144138350253224,0.18850390289345215,0.196405169541391,1.314353217031852,0.0,0.22769544603212172,0.16107713328932471,0.1633818662027976,0.9999999999956488,0.9999999999999065
compound,EventDetected-GatedHistory,3230,0.12751502167203466,0.24728072882651508,0.26371651056425494,1.785865351467427,0.0,0.23638903489401228,0.1615154198327026,0.16374031142970352,0.9999999999915584,0.9999999999999065
compound,EventDetected-GatedHistory,3231,0.10398006201086711,0.16696425445134883,0.1800155666469121,1.098277571801787,0.0,0.21334425027635165,0.16162021482890246,0.16418962303702855,0.9999999996716671,0.9999999999999065
compound,EventDetected-GatedHistory,3232,0.11866466484186995,0.18728264073035367,0.19712186109300622,1.2927208055818993,0.0,0.21880781643115102,0.1613664628278631,0.1636942706759059,0.9999999999998143,0.9999999999999065
compound,EventDetected-GatedHistory,3233,0.1128676326394026,0.15060562294999102,0.15310247846274752,1.4779136960922512,0.0,0.2276802092624186,0.16160002391802172,0.16407235429030417,0.9999999999999065,0.9999999999999065
compound,EventDetected-GatedHistory,3234,0.10117268242492446,0.15173611766169595,0.1571499460580888,1.1631449292331597,0.0,0.20476092291716994,0.1621746076083887,0.16516100939683181,0.9999883030021787,0.9999999999999065
compound,EventDetected-GatedHistory,3235,0.11706821447610705,0.16808973826820875,0.17341396594114794,1.4571626230427426,0.0,0.22228088636668192,0.16171811591061994,0.16405248083511317,0.9999999999955866,0.9999999999999065
compound,EventDetected-GatedHistory,3236,0.1084036311186514,0.14641181435310194,0.15273701222984276,1.4673776477766387,0.0,0.22858029261515977,0.16239488570747238,0.1647926955217099,0.9999999999998761,0.9999999999999065
compound,EventDetected-GatedHistory,3237,0.08684833540845426,0.13459236863707946,0.14596659331685913,0.971265538990748,0.0,0.2097730740845926,0.16155646550208178,0.163985801195777,0.9999999999526759,0.9999999999999065
compound,EventDetected-GatedHistory,3238,0.07831693857557764,0.11142941572373308,0.12382336095583753,1.1364458599524432,0.0,0.2075336769711669,0.16152159698119778,0.164159307748981,0.9999999997867942,0.9999999999999065
compound,EventDetected-GatedHistory,3239,0.10006249786036182,0.1512972625648692,0.16147027459558586,1.3827508873817358,0.0,0.21911539431947305,0.1618797166363183,0.16420773980796732,0.999999999988268,0.9999999999999065
compound,EventDetected-GatedHistory,3240,0.1100579902577227,0.16901489324010482,0.17344034897034424,1.2646924126938992,0.0,0.2318524617457519,0.1619624442751402,0.1644703004452929,0.9999999994559579,0.9999999999999065
compound,EventDetected-GatedHistory,3241,0.09845420884048485,0.19376463845709613,0.20842008470662038,1.1715993124744535,0.0,0.20178467713902118,0.1616153277676787,0.16472460406593478,0.9999999996956079,0.9999999999999065
compound,EventDetected-GatedHistory,3242,0.09128578186438314,0.1418931229091732,0.15413060499958603,1.040815422551837,0.0,0.21730834540049251,0.16261041060073173,0.16514364706977383,0.9999999857070015,0.9999999999999065
compound,EventDetected-GatedHistory,3243,0.12418774752442291,0.1923475838668357,0.2057451020465975,1.2755261026621216,0.0,0.24760874373114417,0.16238724010151476,0.16468355957688172,0.9999999999999046,0.9999999999999065
compound,EventDetected-GatedHistory,3244,0.12282834311261405,0.17423094007714382,0.18058520463583103,1.4177825684965366,0.0,0.22289442872314283,0.16232836530156017,0.1650518998759116,0.9999999999999065,0.9999999999999065
compound,EventDetected-GatedHistory,3245,0.13067122123877903,0.2222152420599777,0.23637655796568005,1.8681671521357863,0.0,0.2657962556168302,0.16169262362237494,0.16383175779761358,0.9999994955595743,0.9999999999999065
compound,EventDetected-GatedHistory,3246,0.07457006819595961,0.10057033801334997,0.10229433422553882,1.0643942842837149,0.0,0.20637145296708231,0.1617976266589752,0.16437919014990635,0.9999999999975169,0.9999999999999065
compound,EventDetected-GatedHistory,3247,0.09783468651570627,0.1499357980050555,0.15342225301747986,1.3991480488886359,0.0,0.23748678446357838,0.16177642771132866,0.16421197361363388,0.999999609295333,0.9999999999999065
compound,EventDetected-GatedHistory,3248,0.1509875125275646,0.24573602959234786,0.2559952978224542,2.0010128585205016,0.0,0.25093812368728236,0.16293278247513157,0.16511269112038537,0.999999999977273,0.9999999999999065
compound,EventDetected-GatedHistory,3249,0.11721473360265419,0.1989720572713734,0.20951662278391353,1.5098280245741855,0.0,0.22539424768468608,0.16171828823370812,0.1647215274785353,0.999999999966892,0.9999999999999065
compound,EventDetected-GatedHistory,3250,0.10999423926695615,0.18615933942604196,0.19897475683279936,1.4930322439450643,0.0,0.22592966281772098,0.1619899253850399,0.1644286053047151,0.9999999999947766,0.9999999999999065
compound,EventDetected-GatedHistory,3251,0.06807796478770803,0.09708699283997893,0.10301677216114823,0.8003006741178278,0.0,0.18831157960405825,0.1614687471644697,0.1641050765483441,0.9999996921458104,0.9999999999999065
compound,EventDetected-GatedHistory,3252,0.13584191024129397,0.22913550070447716,0.23952544559527017,1.4460103413767598,0.0,0.2090847170916423,0.1612000911661135,0.16351464442700006,0.9999999999954459,0.9999999999999065
compound,EventDetected-GatedHistory,3253,0.13579067454361662,0.18485053783301567,0.18929779543084366,1.5746938978254843,0.0,0.23376928095711022,0.16209007184277346,0.16438040847616717,0.9999999999999065,0.9999999999999065
compound,EventDetected-GatedHistory,3254,0.11131376169447837,0.16629027627959747,0.17579948423497355,1.1717292463073188,0.0,0.2111998969016197,0.16285141145333537,0.16533897741902967,0.9999999999910524,0.9999999999999065
compound,EventDetected-GatedHistory,3255,0.14260624316311563,0.22658263405417453,0.23712780565124839,1.8372822902788737,0.0,0.23798961571585137,0.16210096331994844,0.1646233535702282,0.9999999996205049,0.9999999999999065
compound,EventDetected-GatedHistory,3256,0.14161170185989785,0.2731263991220629,0.2885783452562442,1.920162495525528,0.0,0.24102947475062034,0.16160257108371734,0.16385228042054154,0.9999999172072118,0.9999999999999065
compound,EventDetected-GatedHistory,3257,0.10484049938693792,0.15511608335109128,0.16478535147956538,1.2093870386490853,0.0,0.22023003185921153,0.16233344042583764,0.16482516038709108,0.9999999999934713,0.9999999999999065
compound,EventDetected-GatedHistory,3258,0.09163751607748823,0.13159543591712963,0.14748035143106206,0.8903427659869173,0.0,0.20764515536876763,0.16168517445600417,0.16421063040534956,0.9999999999994935,0.9999999999999065
compound,EventDetected-GatedHistory,3259,0.09911578996476587,0.1917046940565607,0.20030732884056968,1.0667552763625934,0.0,0.22201544491323297,0.16222278107000387,0.1647877606962143,0.9999999999916813,0.9999999999999065
compound,EventDetected-GatedHistory,3260,0.10988645350996078,0.20306405177628387,0.20918843154521505,1.1481871397530712,0.0,0.21748633674648132,0.16137858245117676,0.16375895697817003,0.9999999990791855,0.9999999999999065
compound,EventDetected-GatedHistory,3261,0.08115653349467056,0.11920231941796551,0.12272159183919747,1.120508748978887,0.0,0.2041226878919851,0.16166334045980024,0.16412100472733698,0.9999999089930186,0.9999999999999065
compound,EventDetected-GatedHistory,3262,0.13149003883196025,0.24100723949984026,0.25498731449069434,1.6407929054127628,0.0,0.22606204511529548,0.16169036404097625,0.16402758270313475,0.9999999999931122,0.9999999999999065
compound,EventDetected-GatedHistory,3263,0.11094078831570178,0.16449636328206843,0.17553002829356043,1.3214149468022105,0.0,0.23718720569560453,0.16215318926648042,0.1645556264799964,0.9999999999084029,0.9999999999999065
compound,EventDetected-GatedHistory,3264,0.08134768948792473,0.11606512750009339,0.11896676438499672,1.1349802574845829,0.0,0.203288265026852,0.16196230593807448,0.1648705974465234,0.9999999898843922,0.9999999999999065
compound,EventDetected-GatedHistory,3265,0.09166233712391413,0.14759418163425378,0.15347662475595614,1.318119021126029,0.0,0.21902732425389837,0.16202490860366422,0.16485146162314077,0.9999999669441707,0.9999999999999065
compound,EventDetected-GatedHistory,3266,0.16609723377478092,0.2659790192587429,0.2818377866930918,2.3060721988328705,0.0,0.24450640885892608,0.16257199822333993,0.1652661133350772,0.9999999037900489,0.9999999999999065
compound,EventDetected-GatedHistory,3267,0.137598147049268,0.2214811068851783,0.22932734915739503,1.7028836677248747,0.0,0.20948224962497486,0.16090488576925832,0.16313321599340916,0.9999314363407384,0.9999999999999065
compound,EventDetected-GatedHistory,3268,0.10419407754790277,0.1830209699670781,0.19646033928865156,0.9899451205546057,0.0,0.21831134986414133,0.1618192637698094,0.16437815170155953,0.9999999999860096,0.9999999999999065
compound,EventDetected-GatedHistory,3269,0.1466396070436322,0.28004058736823717,0.29027819839251445,1.884404860884368,0.0,0.23056267146749068,0.16274393904230539,0.1653358669035924,0.9999999999999065,0.9999999999999065
compound,EventDetected-GatedHistory,3270,0.08921128242812748,0.1476096660493447,0.1607777874732511,0.8302251242360008,0.0,0.21140548647053845,0.16221675001646996,0.1645659885271776,0.9999999987092782,0.9999999999999065
compound,EventDetected-GatedHistory,3271,0.09164000149960902,0.12985134437574947,0.1398837799085943,1.0078312160944454,0.0,0.21607024469087197,0.1616308848067969,0.16402768180307614,0.9999999999657806,0.9999999999999065
compound,EventDetected-GatedHistory,3272,0.11312084965213452,0.1783328397906416,0.18751449988313879,1.0116027518098074,0.0,0.21398079550681814,0.1611380920903206,0.16332678004838416,0.9999999986015373,0.9999999999999065
compound,EventDetected-GatedHistory,3273,0.12038781420140389,0.18961863338777926,0.20028977439980158,1.5313363711183294,0.0,0.25278043927722454,0.16245831569726304,0.1646109985316479,0.9999999999999011,0.9999999999999065
compound,EventDetected-GatedHistory,3274,0.11752215160864585,0.1797134781925792,0.19165625379104625,1.3714451320391654,0.0,0.2441788810714176,0.16190116585951006,0.16410142184172863,0.9999999620516526,0.9999999999999065
compound,EventDetected-GatedHistory,3275,0.1210838834554574,0.1979188048309764,0.2090695526192815,1.4788261085990295,0.0,0.22701566682237737,0.16279429755248734,0.16521864289325777,0.999999999999736,0.9999999999999065
compound,EventDetected-GatedHistory,3276,0.09084279063999211,0.14969290274509217,0.15338404451703666,1.1743121960316159,0.0,0.21312080400553102,0.1624368366795882,0.16488724640038724,0.9999981812683311,0.9999999999999065
compound,EventDetected-GatedHistory,3277,0.09432136392970433,0.14589543651204673,0.15557983838081965,1.3708699993499538,0.0,0.2314865597043427,0.16159397110879734,0.16385624809990995,0.9999999999994236,0.9999999999999065
compound,EventDetected-GatedHistory,3278,0.11135854939499733,0.22644182910185617,0.23848504827535316,1.1525402159477862,0.0,0.20148590121668233,0.16212895555320755,0.16505986665215014,0.9999999999984132,0.9999999999999065
compound,EventDetected-GatedHistory,3279,0.10369491316876434,0.1733607839291687,0.18464074041573658,1.2223764596131066,0.0,0.22003521634141388,0.16180633716636217,0.16436873417286552,0.9999999985065361,0.9999999999999065
compound,EventDetected-GatedHistory,3280,0.15115786920342777,0.2863984399234317,0.299340528638537,1.3792978510875127,0.0,0.21133082273503956,0.1624714269350445,0.16489613943767958,0.9999999959287943,0.9999999999999065
compound,EventDetected-GatedHistory,3281,0.10300612658743548,0.16549610423263278,0.17477108314778822,1.2120942077456172,0.0,0.20437471837767837,0.1612403179497553,0.16361324907976202,0.999999999997445,0.9999999999999065
compound,EventDetected-GatedHistory,3282,0.09562581996838142,0.1393998335649526,0.14233346316744766,1.3052323289662142,0.0,0.217297941391048,0.16193046816480694,0.1648187053489324,0.9999999999993624,0.9999999999999065
compound,EventDetected-GatedHistory,3283,0.07668289390002558,0.1228611601226054,0.12700216992135155,1.0090451234067639,0.0,0.20756104250090737,0.1619857927715402,0.1646043842703065,0.9998721761462859,0.9999999999999065
compound,EventDetected-GatedHistory,3284,0.1400415476435486,0.24199659351372033,0.25672593525822,2.1031357535845894,0.0,0.2585496007467163,0.16233099600955378,0.164944449399208,0.9999999996824656,0.9999999999999065
compound,EventDetected-GatedHistory,3285,0.10463340199187027,0.19105811685046198,0.20312899811527924,1.1013299605125824,0.0,0.20983649331753973,0.16169016671180828,0.164042655304521,0.9999997852803093,0.9999999999999065
compound,EventDetected-GatedHistory,3286,0.10073360723807187,0.16045780029920534,0.16399760985066078,1.4200728692082834,0.0,0.21583829868105617,0.1620973932129546,0.16511886035759787,0.9999999996152816,0.9999999999999065
compound,EventDetected-GatedHistory,3287,0.14220552338479833,0.2631462353299946,0.26902565652210975,2.07846782863215,0.0,0.2405618119120617,0.1626093519961677,0.16517447191647638,0.9999999999999003,0.9999999999999065
compound,EventDetected-GatedHistory,3288,0.10533478609117335,0.16056535149839712,0.16830268962020864,1.1686140630895365,0.0,0.20417954060318594,0.1613135961874282,0.1634966180974351,0.9999999999993876,0.9999999999999065
compound,EventDetected-GatedHistory,3289,0.08008984742486211,0.11231788048604194,0.11716575058217235,1.0671835017612723,0.0,0.20537091565992302,0.1619501356978216,0.1646118841659481,0.9999990617903185,0.9999999999999065
compound,EventDetected-GatedHistory,3290,0.0978067310424777,0.1344809620832663,0.14315673620277092,1.2585045676220725,0.0,0.21940247294758408,0.16178893235996747,0.1641604095009689,0.9999999999999065,0.9999999999999065
compound,EventDetected-GatedHistory,3291,0.08151355908100803,0.09862274881217355,0.10376177598478098,0.9878567435722441,0.0,0.21416782605378085,0.16216705381441354,0.1648598695017041,0.9999999999997736,0.9999999999999065
compound,EventDetected-GatedHistory,3292,0.13164259375845483,0.24058969307782183,0.24633794317868837,1.5281174397459782,0.0,0.206768591263368,0.16281490994089848,0.16524281669300123,0.9999992910639444,0.9999999999999065
compound,EventDetected-GatedHistory,3293,0.10956702855494567,0.16795175954128752,0.17778445369063792,1.1835676267642998,0.0,0.21230175036723542,0.16151382229915107,0.16384539493699418,0.9999995136223307,0.9999999999999065
compound,EventDetected-GatedHistory,3294,0.0893799912316211,0.14009728288218443,0.14492507749743871,1.223039287492369,0.0,0.2045436472524716,0.1619002678540981,0.1643171053572932,0.9990900068045026,0.9999999999999065
compound,EventDetected-GatedHistory,3295,0.11606093100146393,0.19596296393162901,0.21141340390264282,1.2892600237832974,0.0,0.2118025033957227,0.16235694067779874,0.16459035956008145,0.999999999528734,0.9999999999999065
compound,EventDetected-GatedHistory,3296,0.10107487606861006,0.1440405924987152,0.1563879369374678,1.0559236330221293,0.0,0.23000757823250706,0.16201986959294434,0.16445834621018357,0.9999999996462815,0.9999999999999065
compound,EventDetected-GatedHistory,3297,0.091677350731408,0.13210431078998316,0.1345120980208423,0.882126025248414,0.0,0.2177026536406176,0.1618783207024028,0.16425166004817282,0.9999999999965958,0.9999999999999065
compound,EventDetected-GatedHistory,3298,0.11183113099919771,0.1946931906963832,0.205926640014977,1.3023468895541201,0.0,0.21694168149827403,0.16190682554127553,0.16434716666422886,0.999999999691733,0.9999999999999065
compound,EventDetected-GatedHistory,3299,0.13982254050768222,0.23965773009933947,0.2530361179842775,1.4780226841888038,0.0,0.23244184945437438,0.16263004178946275,0.16538954708316986,0.9999999999949702,0.9999999999999065
compound,DetectorShuffled-GatedHistory,3200,0.10837603593529764,0.15688029184976932,0.16981633945323932,1.5984815679951678,0.0,0.23096011674389463,0.16241737646978796,0.16472790557239833,0.9999999999910524,0.9999999999999065
compound,DetectorShuffled-GatedHistory,3201,0.09181741650723155,0.13403615159993879,0.14330277589099438,1.1658396906934825,0.0,0.20334041616909612,0.16174232995148247,0.16436240787266895,0.9999999994559579,0.9999999999999065
compound,DetectorShuffled-GatedHistory,3202,0.09199468671679646,0.14262802582163459,0.14696351662616736,1.2019263324318834,0.0,0.22070405904522591,0.1614873005884026,0.16374989253431607,0.9999999997867947,0.9999999999999065
compound,DetectorShuffled-GatedHistory,3203,0.09610660766437366,0.13575292867334415,0.14201293012238878,1.3622300602223698,0.0,0.2284710917482162,0.1625754970800972,0.16481906600352667,0.9999999999997736,0.9999999999999065
compound,DetectorShuffled-GatedHistory,3204,0.09737034599140919,0.14683164293855455,0.15606121156396124,1.1788308416551156,0.0,0.2265763505790772,0.162287622888159,0.16495783661470653,0.999998181257743,0.9999999999999065
compound,DetectorShuffled-GatedHistory,3205,0.11994092711538477,0.18399959369131597,0.19550370468616518,1.4933725837805896,0.0,0.22642688740299255,0.16109645466584105,0.1635898076534417,0.9999999999956488,0.9999999999999065
compound,DetectorShuffled-GatedHistory,3206,0.0997598292275786,0.15071586288485475,0.15993774315803416,0.8480180785872907,0.0,0.1978614316812508,0.161089907647746,0.16348944346297734,0.9999999999999065,0.9999999999999065
compound,DetectorShuffled-GatedHistory,3207,0.09274119143712907,0.12758011935393943,0.13989902670719578,1.0861288849943218,0.0,0.2038722295102567,0.1619057118706039,0.16482167430051634,0.9999999999994935,0.9999999999999065
compound,DetectorShuffled-GatedHistory,3208,0.13932323926048082,0.21912411491327793,0.22433051595069634,1.8813616838991443,0.0,0.2377343068649351,0.1629593211562137,0.16535825308576582,0.9999999973046947,0.9999999999999065
compound,DetectorShuffled-GatedHistory,3209,0.10608007989595634,0.13535298663806444,0.146572712178008,1.3698917726064195,0.0,0.2318886244510319,0.16189334748106965,0.16404287360120187,0.9999999999965958,0.9999999999999065
compound,DetectorShuffled-GatedHistory,3210,0.09361841813189184,0.11922473133850203,0.12130415443710807,1.5730902550459762,0.0,0.23246096371212024,0.16179925302502343,0.16455527285522317,0.9999999999954896,0.9999999999999065
compound,DetectorShuffled-GatedHistory,3211,0.10332066011366126,0.17251136658567232,0.18210081622943333,1.1176357525972276,0.0,0.21910271055113442,0.1615949928003596,0.16414746829335708,0.9999998785765949,0.9999999999999065
compound,DetectorShuffled-GatedHistory,3212,0.08334816535650734,0.13547442451765487,0.14587882686113202,0.9366761789310045,0.0,0.21440514527075263,0.16168834392086565,0.16393635568760537,0.9999883028895714,0.9999999999999065
compound,DetectorShuffled-GatedHistory,3213,0.11769543122527987,0.18874553105816425,0.1917007045516997,1.1712582247343546,0.0,0.2086975502812405,0.161623184161993,0.16425633665741443,0.999999966949077,0.9999999999999065
compound,DetectorShuffled-GatedHistory,3214,0.11131633600795904,0.16859483469785722,0.1802392136257514,1.1502407038309823,0.0,0.2159352901235366,0.16238074048104922,0.16502994374299332,0.9999999999999054,0.9999999999999065
compound,DetectorShuffled-GatedHistory,3215,0.105791167779677,0.14693184438022142,0.15232048765656678,1.321784816504448,0.0,0.22656365661084418,0.16241112018074996,0.16512439897514444,0.999950147583139,0.9999999999999065
compound,DetectorShuffled-GatedHistory,3216,0.11551602440654338,0.21056710528090652,0.22866672344952607,1.4704177334262385,0.0,0.22196276365570336,0.16198642637779292,0.16471442468718328,0.9999999999999065,0.9999999999999065
compound,DetectorShuffled-GatedHistory,3217,0.1139315915988621,0.17716153603234952,0.1882608665810368,1.3038498964879057,0.0,0.20971631327726575,0.16189257068636556,0.16471240132253978,0.9999992910615727,0.9999999999999065
compound,DetectorShuffled-GatedHistory,3218,0.08695525808520661,0.14402315026060344,0.15836017004017006,1.1924216932531957,0.0,0.18838287402616496,0.16129549505734078,0.16368053612160713,0.9999999620516553,0.9999999999999065
compound,DetectorShuffled-GatedHistory,3219,0.11429563974885243,0.20373940529722728,0.22143774783467507,1.272567852736193,0.0,0.21174807800339018,0.16155391955763854,0.16385125851263385,0.9999999999999061,0.9999999999999065
compound,DetectorShuffled-GatedHistory,3220,0.11158520907036035,0.1798719287568639,0.1920119474123312,1.1964149946366323,0.0,0.2209296389183157,0.16188010326049462,0.164859751262045,0.999999999999074,0.9999999999999065
compound,DetectorShuffled-GatedHistory,3221,0.1031893673941348,0.17509791291549298,0.18232897677079332,1.2005799958128691,0.0,0.2264226969393171,0.16215751300088638,0.16444498913819666,0.999999999999764,0.9999999999999065
compound,DetectorShuffled-GatedHistory,3222,0.1016370165354315,0.16212330704402744,0.17658887989316793,1.6077053126014054,0.0,0.2233754479895002,0.16164949838337905,0.1641161322324054,0.9999994955570153,0.9999999999999065
compound,DetectorShuffled-GatedHistory,3223,0.1268842043903949,0.1722267512045229,0.1852845102248441,1.8300798990842189,0.0,0.2630304650656823,0.16198007476787252,0.16436191531546077,0.9998719911046983,0.9999999999999065
compound,DetectorShuffled-GatedHistory,3224,0.10239134186884012,0.13420357078381803,0.13488321462107017,1.1428072037770725,0.0,0.24478519494240394,0.16208877711924607,0.1647500683647421,0.9999999999998059,0.9999999999999065
compound,DetectorShuffled-GatedHistory,3225,0.11021246077793485,0.15895793580828643,0.16532825163896225,1.1174316542277027,0.0,0.2101964651313577,0.16215726513510512,0.16503656244279907,0.9999999999975169,0.9999999999999065
compound,DetectorShuffled-GatedHistory,3226,0.10878756902122418,0.15914849685619306,0.16767890777864963,1.5348563588945803,0.0,0.23079115622727178,0.16169207246996464,0.1639903823440485,0.9999999947016021,0.9999999999999065
compound,DetectorShuffled-GatedHistory,3227,0.11368655656994898,0.22863331650221952,0.238369374966645,1.5037007760577765,0.0,0.23588961549395843,0.16205325611002655,0.16428151299912863,0.9999999999999065,0.9999999999999065
compound,DetectorShuffled-GatedHistory,3228,0.1373300276037885,0.23064037825794528,0.24099360044603282,1.787757958773277,0.0,0.22896893564848173,0.16258181254656323,0.16489606069737994,0.9999999999984132,0.9999999999999065
compound,DetectorShuffled-GatedHistory,3229,0.11441361445522016,0.1885035970504647,0.19640480500388405,1.31434888495253,0.0,0.22768944009615838,0.16052935323634868,0.16330018863390963,0.9965980037697746,0.9999999999999065
compound,DetectorShuffled-GatedHistory,3230,0.1275150244334288,0.24728072973759757,0.2637165116885309,1.7858653825200643,0.0,0.23638903533569244,0.161515419942127,0.1637403114468511,0.9999999999999065,0.9999999999999065
compound,DetectorShuffled-GatedHistory,3231,0.10398012839596424,0.16696425445195257,0.18001556664722168,1.098276803671756,0.0,0.21334415701377257,0.16162021320898418,0.16418962330352943,0.9999999984211863,0.9999999999999065
compound,DetectorShuffled-GatedHistory,3232,0.11866476666328042,0.1872826410462765,0.19712186583433103,1.292720022950336,0.0,0.21880767208191135,0.16136646407010646,0.16369427112822413,0.9999999999947766,0.9999999999999065
compound,DetectorShuffled-GatedHistory,3233,0.11286765750040581,0.15060562295295404,0.15310247846292463,1.4779137153229949,0.0,0.22768018277510774,0.1616000243403545,0.16407235438536732,0.9999999999931122,0.9999999999999065
compound,DetectorShuffled-GatedHistory,3234,0.10117296129266762,0.15173614183320067,0.15714996554039445,1.1631423838088646,0.0,0.20476065461080617,0.16217649542733883,0.16516098988851347,0.9999999089927314,0.9999999999999065
compound,DetectorShuffled-GatedHistory,3235,0.11706826255417817,0.16808972599258684,0.1734139659374919,1.4571609104992589,0.0,0.2222807823514219,0.16171811275379186,0.16405248152742846,0.9999999999954446,0.9999999999999065
compound,DetectorShuffled-GatedHistory,3236,0.10840362707465628,0.14641183470083888,0.15273703137581296,1.4673777328707183,0.0,0.22858029597761706,0.16239473392313694,0.16479269552252573,0.9999990617893941,0.9999999999999065
compound,DetectorShuffled-GatedHistory,3237,0.08684833494546221,0.13459236863706875,0.14596659331684234,0.9712655407738802,0.0,0.2097730744983702,0.16155646550553285,0.16398580120375017,0.9999999999999065,0.9999999999999065
compound,DetectorShuffled-GatedHistory,3238,0.07831698148903947,0.11142941572323528,0.12382336095531005,1.1364457452810661,0.0,0.2075336530276856,0.16152159684738815,0.1641593076614185,0.9999999999657806,0.9999999999999065
compound,DetectorShuffled-GatedHistory,3239,0.10006247168348337,0.15129725345731385,0.16147026718391785,1.3827502627174142,0.0,0.2191154293469914,0.16187971486802352,0.16420773969417815,0.9999999996462825,0.9999999999999065
compound,DetectorShuffled-GatedHistory,3240,0.11005794102271661,0.1690148933660128,0.17344034998826266,1.2646930386405606,0.0,0.23185250264135351,0.16196244577959518,0.1644703004492234,0.9999999999860096,0.9999999999999065
compound,DetectorShuffled-GatedHistory,3241,0.0984543436887201,0.19376468300140015,0.2084201203473325,1.171599786162211,0.0,0.20178448051823256,0.16161533166306213,0.16472460406429376,0.9999999991192761,0.9999999999999065
compound,DetectorShuffled-GatedHistory,3242,0.09128573005953369,0.1418931229101333,0.15413060500108383,1.0408158173469215,0.0,0.21730841046186475,0.1626104131984292,0.1651436469755679,0.9999999996824656,0.9999999999999065
compound,DetectorShuffled-GatedHistory,3243,0.12418773389969832,0.19234758602844568,0.20574510386321274,1.2755260624166684,0.0,0.24760876584314634,0.16238723967911628,0.1646835595769987,0.9999999999605309,0.9999999999999065
compound,DetectorShuffled-GatedHistory,3244,0.12282840568736667,0.17423090569880506,0.18058520463953306,1.4177817362233416,0.0,0.22289439498149796,0.1623283640931228,0.16505189325689354,0.9999999987092782,0.9999999999999065
compound,DetectorShuffled-GatedHistory,3245,0.13067122043949192,0.22221524067099946,0.23637655645664235,1.8681670474606036,0.0,0.2657962551107789,0.16169270271282743,0.1638317566243696,0.9999999823976343,0.9999999999999065
compound,DetectorShuffled-GatedHistory,3246,0.07457006067350853,0.10057033801022526,0.10229433422747787,1.0643944289079768,0.0,0.20637145172058324,0.1617976270087232,0.16437919191896289,0.9999999999997219,0.9999999999999065
compound,DetectorShuffled-GatedHistory,3247,0.09783468275040427,0.1499357980024759,0.1534222530174,1.3991481250576447,0.0,0.23748679505905948,0.1617764912359911,0.16421202387823322,0.9999999999916813,0.9999999999999065
compound,DetectorShuffled-GatedHistory,3248,0.15098750577146075,0.2457360343685461,0.25599530324036424,2.0010134369164874,0.0,0.25093817701253884,0.16293278327998553,0.16511269175951504,0.9999999995287336,0.9999999999999065
compound,DetectorShuffled-GatedHistory,3249,0.11721471034508886,0.19897205252653097,0.20951661582959616,1.5098280068723207,0.0,0.2253942848037025,0.16171828743978825,0.16472152794145598,0.9999999999772738,0.9999999999999065
compound,DetectorShuffled-GatedHistory,3250,0.10999420237835099,0.1861593394263348,0.19897475683176635,1.493031784739871,0.0,0.22592968926361992,0.16198992436033186,0.16442860551430855,0.9999999999998143,0.9999999999999065
compound,DetectorShuffled-GatedHistory,3251,0.06807789819795174,0.09708699282490488,0.10301677196531106,0.8003013860975972,0.0,0.1883116472923485,0.16146879793638183,0.1641053079757109,0.9999999985049354,0.9999999999999065
compound,DetectorShuffled-GatedHistory,3252,0.1358419632528386,0.2291355017312609,0.2395254456002798,1.4460105087144646,0.0,0.20908467495181038,0.1612000920537863,0.16351466589411706,0.9999999959288007,0.9999999999999065
compound,DetectorShuffled-GatedHistory,3253,0.13579068266573735,0.1848505640131568,0.18929779498383226,1.5746937153837028,0.0,0.2337692860355354,0.1620900714289212,0.16438040878713472,0.9999999999999065,0.9999999999999065
compound,DetectorShuffled-GatedHistory,3254,0.11131376232254932,0.16629027635553026,0.17579948427142925,1.1717292409131572,0.0,0.21119989691025404,0.1628514114447129,0.16533897741928535,0.9999999999999065,0.9999999999999065
compound,DetectorShuffled-GatedHistory,3255,0.14260624316311563,0.22658263405417453,0.23712780565124839,1.8372822902788737,0.0,0.23798961571585137,0.16210096331994844,0.1646233535702282,0.9999999996205049,0.9999999999999065
compound,DetectorShuffled-GatedHistory,3256,0.14161165969765058,0.27312637274153906,0.28857832672952977,1.920162311425909,0.0,0.24102944767133316,0.16160258155388352,0.163852280423876,0.9999999996956398,0.9999999999999065
compound,DetectorShuffled-GatedHistory,3257,0.10484068837898573,0.15511614884006497,0.16478540494602445,1.209386933904374,0.0,0.22022968936567078,0.1623334435308917,0.1648251603793413,0.9999999998674906,0.9999999999999065
compound,DetectorShuffled-GatedHistory,3258,0.09163767533475228,0.13159543903112939,0.14748035461013045,0.8903418717131427,0.0,0.20764491287478382,0.16168517633662582,0.16421062965861596,0.9999999990801293,0.9999999999999065
compound,DetectorShuffled-GatedHistory,3259,0.09911578992044424,0.19170469404727988,0.20030732883510483,1.066755277619134,0.0,0.22201544497472334,0.16222278107325097,0.16478776069612003,0.9999999999955866,0.9999999999999065
compound,DetectorShuffled-GatedHistory,3260,0.10988651876336014,0.2030640517774489,0.20918843154651356,1.1481859855897105,0.0,0.21748620947394565,0.1613785812524057,0.16375895701247678,0.99999999999497,0.9999999999999065
compound,DetectorShuffled-GatedHistory,3261,0.0811561399009995,0.11920232272680487,0.12272159391937114,1.1205117764656474,0.0,0.2041230162822684,0.16166328010838646,0.16412100461974685,0.9999995136222188,0.9999999999999065
compound,DetectorShuffled-GatedHistory,3262,0.13149037111032844,0.24100724267331833,0.25498733719674566,1.640792058441108,0.0,0.22606168865035448,0.16169035042140256,0.1640275836103496,0.9999999172072197,0.9999999999999065
compound,DetectorShuffled-GatedHistory,3263,0.11094078831570178,0.16449636328206843,0.17553002829356043,1.3214149468022105,0.0,0.23718720569560453,0.16215318926648042,0.1645556264799964,0.9999999999084029,0.9999999999999065
compound,DetectorShuffled-GatedHistory,3264,0.0813476928667882,0.11606512692962025,0.1189667643858605,1.1349801974924298,0.0,0.2032882581241215,0.1619623074904188,0.16487059730042186,0.9999999999998759,0.9999999999999065
compound,DetectorShuffled-GatedHistory,3265,0.09166233603930468,0.1475941838397848,0.15347662793541436,1.3181193305626928,0.0,0.21902734320470071,0.16202491432394772,0.16485146163690487,0.9999999996717883,0.9999999999999065
compound,DetectorShuffled-GatedHistory,3266,0.16609714613451387,0.26597903208153045,0.2818377961968589,2.306073067298144,0.0,0.24450661767476242,0.16257201480691436,0.16526611438811364,0.9999999986003885,0.9999999999999065
compound,DetectorShuffled-GatedHistory,3267,0.13759812930710466,0.2214811068750857,0.2293273573503186,1.7028838007305662,0.0,0.20948246069593515,0.1609158906370075,0.16313321600431827,0.999999999997445,0.9999999999999065
compound,DetectorShuffled-GatedHistory,3268,0.10419407025222038,0.18302096962993034,0.19646033895401777,0.9899451371433798,0.0,0.2183113618448256,0.16181923406058502,0.16437815170159967,0.999999817708357,0.9999999999999065
compound,DetectorShuffled-GatedHistory,3269,0.14663968642134392,0.28004058744408156,0.29027819844947467,1.8844032823227927,0.0,0.2305626792292799,0.1627438867263617,0.16533586393191355,0.9999996919818427,0.9999999999999065
compound,DetectorShuffled-GatedHistory,3270,0.08921128468269834,0.14760966680206178,0.16077778793451208,0.8302252726981039,0.0,0.21140544933055944,0.16221675094577034,0.16456598852635138,0.9999999999999065,0.9999999999999065
compound,DetectorShuffled-GatedHistory,3271,0.09163990143836763,0.12985134431459835,0.13988377990610237,1.0078313175501463,0.0,0.21607032252177344,0.1616308836379017,0.16402768097858586,0.9999999994623252,0.9999999999999065
compound,DetectorShuffled-GatedHistory,3272,0.11312139320580496,0.17833373925674884,0.18751851913580606,1.0116012213170655,0.0,0.21397839065716637,0.16099227020893822,0.16332677748863023,0.9990902388921163,0.9999999999999065
compound,DetectorShuffled-GatedHistory,3273,0.12038790224694705,0.1896186334575854,0.2002897744431933,1.5313361187841728,0.0,0.2527803277894303,0.16245831532756794,0.16461099854123068,0.9999999898843922,0.9999999999999065
compound,DetectorShuffled-GatedHistory,3274,0.117522155800332,0.1797134783639303,0.1916562539486518,1.3714450855523999,0.0,0.2441788761824618,0.16190117192041611,0.16410142176040604,0.999999999966892,0.9999999999999065
compound,DetectorShuffled-GatedHistory,3275,0.12108392061925037,0.19791880483395172,0.20906955262309962,1.4788250579716096,0.0,0.2270156819026046,0.16279429594726827,0.16521864289023827,0.999999999691733,0.9999999999999065
compound,DetectorShuffled-GatedHistory,3276,0.09084256593778081,0.1496929027413784,0.15338404451253684,1.174315119361853,0.0,0.21312105275582138,0.16243713341419447,0.16488736474474608,0.9999999996326039,0.9999999999999065
compound,DetectorShuffled-GatedHistory,3277,0.09432133188887022,0.1458954341563535,0.15557983576511317,1.3708696855606108,0.0,0.23148657912772855,0.16159397025704905,0.16385624361441878,0.9999999999993876,0.9999999999999065
compound,DetectorShuffled-GatedHistory,3278,0.11135854939524073,0.22644182910186106,0.23848504827536407,1.152540215939949,0.0,0.20148590121602883,0.16212895554575,0.1650598666521501,0.9999999999526759,0.9999999999999065
compound,DetectorShuffled-GatedHistory,3279,0.10369487029954684,0.1733607839575738,0.1846407404535557,1.2223762791473216,0.0,0.22003526278902713,0.16180630122713036,0.16436873417025477,0.9999997852803459,0.9999999999999065
compound,DetectorShuffled-GatedHistory,3280,0.15115787088098676,0.28639843992306774,0.29934052863865523,1.3792978921206909,0.0,0.2113308224526149,0.16247142771508186,0.16489613943768322,0.9999999999998929,0.9999999999999065
compound,DetectorShuffled-GatedHistory,3281,0.10300612755736051,0.16549610426987035,0.17477108317231935,1.2120942054022343,0.0,0.20437471628368795,0.1612403179363178,0.16361324907983352,0.9999999999994236,0.9999999999999065
compound,DetectorShuffled-GatedHistory,3282,0.09562582262582273,0.13939984851936033,0.14233346311509054,1.3052323013587184,0.0,0.2172979390878482,0.1619304681363722,0.16481870514975738,0.999999999999736,0.9999999999999065
compound,DetectorShuffled-GatedHistory,3283,0.07668262211862632,0.12286116047795147,0.12700217047823584,1.0090457602866525,0.0,0.20756169782039513,0.1620064709153837,0.16460438376429662,0.999999999988268,0.9999999999999065
compound,DetectorShuffled-GatedHistory,3284,0.1400424038387603,0.2419966206664311,0.2567259516477735,2.1031275590084717,0.0,0.25854880828593213,0.16233097492167717,0.16494438969478156,0.9999999036577335,0.9999999999999065
compound,DetectorShuffled-GatedHistory,3285,0.10463339068338258,0.19105811665448408,0.2031289978909327,1.1013296478064687,0.0,0.20983649061336174,0.16169020074097765,0.16404265536121868,0.9999999999999065,0.9999999999999065
compound,DetectorShuffled-GatedHistory,3286,0.10073354296854409,0.16045746260951574,0.16399752464278106,1.4200735179623385,0.0,0.21583835401471388,0.16209739389203323,0.16511886036920984,0.9999999999999046,0.9999999999999065
compound,DetectorShuffled-GatedHistory,3287,0.14220556870827408,0.2631462353570691,0.2690256565372682,2.0784667545147664,0.0,0.24056172652600896,0.16260934621288023,0.16517447134757035,0.9999999691467246,0.9999999999999065
compound,DetectorShuffled-GatedHistory,3288,0.10533483340680955,0.16056535149669135,0.16830268961773706,1.168613937884235,0.0,0.20417946722691105,0.16131359709140414,0.16349661764258652,0.9999999999993624,0.9999999999999065
compound,DetectorShuffled-GatedHistory,3289,0.08008983894969104,0.11231788048747678,0.11716575058196689,1.0671835651354082,0.0,0.20537092364533097,0.16195022662935174,0.16461188415745048,0.9999996092825153,0.9999999999999065
compound,DetectorShuffled-GatedHistory,3290,0.09780671053424311,0.1344809620878858,0.14315673620861644,1.2585047015080844,0.0,0.21940250065577502,0.1617889320634309,0.16416040950162886,0.9999999999999065,0.9999999999999065
compound,DetectorShuffled-GatedHistory,3291,0.08151358167781267,0.09862274881570382,0.10376177598577066,0.9878565257904335,0.0,0.21416780442990055,0.16216705359977296,0.16485986934100239,0.9999999999999065,0.9999999999999065
compound,DetectorShuffled-GatedHistory,3292,0.1316426897060216,0.24058969307170605,0.2463379431713344,1.5281170762503111,0.0,0.20676853742567958,0.16281502398015613,0.16524281257904322,0.9999999999999011,0.9999999999999065
compound,DetectorShuffled-GatedHistory,3293,0.10956703829640041,0.16795175952631175,0.17778445268044643,1.1835674789324266,0.0,0.21230173658968826,0.16151390031588952,0.16384539490725952,0.9999999996152819,0.9999999999999065
compound,DetectorShuffled-GatedHistory,3294,0.08938009635396885,0.14009735258493988,0.14492526321358945,1.2230402184248952,0.0,0.20454399052519978,0.16204686886884845,0.16432880299655808,0.9999999741569466,0.9999999999999065
compound,DetectorShuffled-GatedHistory,3295,0.11606087633611295,0.19596296395063492,0.21141340392416463,1.2892601348997852,0.0,0.21180284499357963,0.1623458079493761,0.16459036258076398,0.9999314364283143,0.9999999999999065
compound,DetectorShuffled-GatedHistory,3296,0.10107485689315489,0.14404059249878917,0.15638793693589975,1.0559240281495108,0.0,0.23000758691779932,0.16201987113833302,0.1644583462094705,0.9999999999999003,0.9999999999999065
compound,DetectorShuffled-GatedHistory,3297,0.09167755615227079,0.132104311346487,0.13451209931624292,0.8821237903264363,0.0,0.21770250151734408,0.16187831797015453,0.16425164537356693,0.9999999999934713,0.9999999999999065
compound,DetectorShuffled-GatedHistory,3298,0.11183111916586437,0.19469318988432405,0.20592663902614802,1.3023472854534128,0.0,0.2169416993606117,0.16190682618347377,0.16434716691722545,0.9999999999915584,0.9999999999999065
compound,DetectorShuffled-GatedHistory,3299,0.1398225555422198,0.23965773009634544,0.25303611798213255,1.4780224202405865,0.0,0.23244183254497833,0.16263003914318347,0.16538948530166267,0.9999999857070015,0.9999999999999065
