FaultFamily,Controller,SeedIndex,rmse_m,p95_error_m,max_error_m,saturation_pct,excursion_gt1m_pct,gate_mean,gate_open_pct,governor_scale_mean
deadline_bursts,CurrentOnly-AE-CeNN-494,5400,0.0095809584993934,0.0126605282528715,0.0134683853847537,0.0,0.0,0.0031818697281172,0.0,0.0
deadline_bursts,CurrentOnly-AE-CeNN-494,5401,0.0096663412739375,0.0124759339560245,0.0146506492727987,0.0,0.0,0.0024455039706529,0.0,0.0
deadline_bursts,CurrentOnly-AE-CeNN-494,5402,0.0096592377125584,0.0137080269352535,0.0147070491378465,0.0,0.0,0.0043364711479177,0.0,0.0
deadline_bursts,CurrentOnly-AE-CeNN-494,5403,0.0095900965477758,0.0127570955456182,0.013127690365359,0.0,0.0,0.0035187906794944,0.0,0.0
deadline_bursts,CurrentOnly-AE-CeNN-494,5404,0.0101435883111761,0.0138192650831244,0.0143611478060732,0.0,0.0,0.0028990227704959,0.0,0.0
deadline_bursts,CurrentOnly-AE-CeNN-494,5405,0.0096192498667853,0.0118083305983942,0.0121285644142868,0.0,0.0,0.0025994424398421,0.0,0.0
deadline_bursts,CurrentOnly-AE-CeNN-494,5406,0.00991357707605,0.0120418664496909,0.0123027488956215,0.0,0.0,0.0030768781248561,0.0,0.0
deadline_bursts,CurrentOnly-AE-CeNN-494,5407,0.0098088870899935,0.0132063926864461,0.0141258081784987,0.0,0.0,0.0027258652377395,0.0,0.0
deadline_bursts,CurrentOnly-AE-CeNN-494,5408,0.0092928060166635,0.0117819472063513,0.0120938047474995,0.0,0.0,0.002712865298261,0.0,0.0
deadline_bursts,CurrentOnly-AE-CeNN-494,5409,0.0092752432956944,0.0121737936996509,0.0125772086222884,0.0,0.0,0.0021627199758104,0.0,0.0
deadline_bursts,CurrentOnly-AE-CeNN-494,5410,0.0103711213616268,0.0144945828273857,0.0159100553282837,0.0,0.0,0.0019954331776004,0.0,0.0
deadline_bursts,CurrentOnly-AE-CeNN-494,5411,0.0097890939730927,0.0124379606631961,0.0126535751940301,0.0,0.0,0.0035120865823542,0.0,0.0
deadline_bursts,CurrentOnly-AE-CeNN-494,5412,0.0101632102300912,0.0138426317427008,0.0155209890651193,0.0,0.0,0.0020353283713776,0.0,0.0
deadline_bursts,CurrentOnly-AE-CeNN-494,5413,0.0098513756661545,0.0128062003047378,0.0139087829647872,0.0,0.0,0.0036412948204569,0.0,0.0
deadline_bursts,CurrentOnly-AE-CeNN-494,5414,0.0103801780840189,0.0130906473529815,0.0135543970141136,0.0,0.0,0.0034584886585648,0.0,0.0
deadline_bursts,CurrentOnly-AE-CeNN-494,5415,0.0096301610083734,0.013508618961213,0.0140667670173748,0.0,0.0,0.0029369952829941,0.0,0.0
deadline_bursts,CurrentOnly-AE-CeNN-494,5416,0.0095309271663437,0.012435792357102,0.012845816653552,0.0,0.0,0.0038876204880524,0.0,0.0
deadline_bursts,CurrentOnly-AE-CeNN-494,5417,0.0096632893484543,0.0123715453394701,0.0137062169436148,0.0,0.0,0.0023607330482983,0.0,0.0
deadline_bursts,CurrentOnly-AE-CeNN-494,5418,0.0100341137845935,0.0133261241652631,0.0140504307299501,0.0,0.0,0.0029923441505072,0.0,0.0
deadline_bursts,CurrentOnly-AE-CeNN-494,5419,0.0093346498010103,0.0119512847358608,0.0121250382632121,0.0,0.0,0.0030227265542019,0.0,0.0
deadline_bursts,CurrentOnly-AE-CeNN-494,5420,0.010003276129245,0.0139143669723569,0.0146423738591533,0.0,0.0,0.003155534414716,0.0,0.0
deadline_bursts,CurrentOnly-AE-CeNN-494,5421,0.0100987072296786,0.0132776484347407,0.0140208838840845,0.0,0.0,0.0047270066602989,0.0,0.0
deadline_bursts,CurrentOnly-AE-CeNN-494,5422,0.0102334279102619,0.0129683258528499,0.0139104980828029,0.0,0.0,0.0035438732424713,0.0,0.0
deadline_bursts,CurrentOnly-AE-CeNN-494,5423,0.0095213143115847,0.0132353087571562,0.013816589436126,0.0,0.0,0.0027113276597245,0.0,0.0
deadline_bursts,CurrentOnly-AE-CeNN-494,5424,0.0091229943659806,0.0116845532835065,0.0124154415078254,0.0,0.0,0.0025041212479972,0.0,0.0
deadline_bursts,CurrentOnly-AE-CeNN-494,5425,0.0093960356727952,0.0121917944755343,0.0129513006835821,0.0,0.0,0.0024852133707371,0.0,0.0
deadline_bursts,CurrentOnly-AE-CeNN-494,5426,0.0098557928897391,0.0124844380039985,0.0132955406122371,0.0,0.0,0.0026426128657283,0.0,0.0
deadline_bursts,CurrentOnly-AE-CeNN-494,5427,0.0095410991348053,0.0115758389121815,0.011947860571387,0.0,0.0,0.0027159127819646,0.0,0.0
deadline_bursts,CurrentOnly-AE-CeNN-494,5428,0.009278880498061,0.0125135092046058,0.0126871941888323,0.0,0.0,0.0028103998181941,0.0,0.0
deadline_bursts,CurrentOnly-AE-CeNN-494,5429,0.0095085935030266,0.0132218008182692,0.0143039950880352,0.0,0.0,0.0027502525571525,0.0,0.0
deadline_bursts,CurrentOnly-AE-CeNN-494,5430,0.0101746189615463,0.0126092405317735,0.0132717449090081,0.0,0.0,0.0024532882962401,0.0,0.0
deadline_bursts,CurrentOnly-AE-CeNN-494,5431,0.0095289168190723,0.0117429874431127,0.0137367477655128,0.0,0.0,0.0026790906280171,0.0,0.0
deadline_bursts,CurrentOnly-AE-CeNN-494,5432,0.0094437564328677,0.0128177339070389,0.013472218790519,0.0,0.0,0.0033136212373622,0.0,0.0
deadline_bursts,CurrentOnly-AE-CeNN-494,5433,0.0097823697765253,0.012522405711587,0.0165067917625203,0.0,0.0,0.0038219898011548,0.0,0.0
deadline_bursts,CurrentOnly-AE-CeNN-494,5434,0.010314946283052,0.013807196580602,0.0146258553689166,0.0,0.0,0.0025565933728774,0.0,0.0
deadline_bursts,CurrentOnly-AE-CeNN-494,5435,0.0096028202197453,0.0121208403212518,0.0124288741083109,0.0,0.0,0.0032427479784561,0.0,0.0
deadline_bursts,CurrentOnly-AE-CeNN-494,5436,0.009602754654024,0.0122845224032688,0.0127222661497291,0.0,0.0,0.0031237471479988,0.0,0.0
deadline_bursts,CurrentOnly-AE-CeNN-494,5437,0.0107479084185579,0.0136161300938239,0.0192894164717678,0.0,0.0,0.0039109272757559,0.0,0.0
deadline_bursts,CurrentOnly-AE-CeNN-494,5438,0.0095753735410985,0.0125072232220657,0.0131241641350235,0.0,0.0,0.0029083996302567,0.0,0.0
deadline_bursts,CurrentOnly-AE-CeNN-494,5439,0.0096023690620583,0.0121222884991081,0.0125053124743462,0.0,0.0,0.0028170602889828,0.0,0.0
deadline_bursts,CurrentOnly-AE-CeNN-494,5440,0.0102071802451561,0.0128889140921827,0.0137681795673083,0.0,0.0,0.0030109112611685,0.0,0.0
deadline_bursts,CurrentOnly-AE-CeNN-494,5441,0.0099559393487228,0.0128214175159281,0.013076470992259,0.0,0.0,0.0038170036452689,0.0,0.0
deadline_bursts,CurrentOnly-AE-CeNN-494,5442,0.0097665898842682,0.0132748264436499,0.01378850379956,0.0,0.0,0.003099426462311,0.0,0.0
deadline_bursts,CurrentOnly-AE-CeNN-494,5443,0.0100939481147998,0.0126697524063777,0.0134935219584316,0.0,0.0,0.0030716043539262,0.0,0.0
deadline_bursts,CurrentOnly-AE-CeNN-494,5444,0.009229179805246,0.0119371983010273,0.0127411225100168,0.0,0.0,0.003024034635462,0.0,0.0
deadline_bursts,CurrentOnly-AE-CeNN-494,5445,0.0091483519161538,0.0132274511647144,0.0139979095802683,0.0,0.0,0.0026735659599989,0.0,0.0
deadline_bursts,CurrentOnly-AE-CeNN-494,5446,0.0091608516866821,0.0128889378888322,0.0133457320552418,0.0,0.0,0.0031251047076268,0.0,0.0
deadline_bursts,CurrentOnly-AE-CeNN-494,5447,0.0103320653276113,0.0131774176243047,0.0135772183863935,0.0,0.0,0.0029801064296679,0.0,0.0
deadline_bursts,CurrentOnly-AE-CeNN-494,5448,0.0098051570232258,0.0126680602733142,0.0130399274681798,0.0,0.0,0.0034867040306167,0.0,0.0
deadline_bursts,CurrentOnly-AE-CeNN-494,5449,0.0096536441405592,0.012866643033405,0.0140023580596212,0.0,0.0,0.002564777148792,0.0,0.0
deadline_bursts,CurrentOnly-AE-CeNN-494,5450,0.0101134702786104,0.0125060602748125,0.0128273470177107,0.0,0.0,0.0023006189026033,0.0,0.0
deadline_bursts,CurrentOnly-AE-CeNN-494,5451,0.009159597593259,0.0118347437670439,0.0122307658346786,0.0,0.0,0.0032838870321023,0.0,0.0
deadline_bursts,CurrentOnly-AE-CeNN-494,5452,0.0092150835040967,0.0123939218047808,0.0128218379565041,0.0,0.0,0.0031862555394722,0.0,0.0
deadline_bursts,CurrentOnly-AE-CeNN-494,5453,0.0097607480634477,0.0124327835922067,0.0128468686226726,0.0,0.0,0.0024689211922745,0.0,0.0
deadline_bursts,CurrentOnly-AE-CeNN-494,5454,0.0092424548471343,0.0119799681076843,0.0136719101972095,0.0,0.0,0.0026299468768844,0.0,0.0
deadline_bursts,CurrentOnly-AE-CeNN-494,5455,0.0093430028338892,0.0122002241246789,0.0128312934889874,0.0,0.0,0.0028564254903959,0.0,0.0
deadline_bursts,CurrentOnly-AE-CeNN-494,5456,0.0098324259694405,0.01251116824613,0.0128853570534779,0.0,0.0,0.0036625711769856,0.0,0.0
deadline_bursts,CurrentOnly-AE-CeNN-494,5457,0.0096851804198441,0.0116933127164882,0.0120255203040341,0.0,0.0,0.0018511215669532,0.0,0.0
deadline_bursts,CurrentOnly-AE-CeNN-494,5458,0.0099818201049827,0.0122585151427045,0.0126682037131943,0.0,0.0,0.0024222387325828,0.0,0.0
deadline_bursts,CurrentOnly-AE-CeNN-494,5459,0.0093219224459851,0.0125221444431664,0.0128496372674428,0.0,0.0,0.002719524610594,0.0,0.0
deadline_bursts,CurrentOnly-AE-CeNN-494,5460,0.0091921664311438,0.0118319183088907,0.0120487085122923,0.0,0.0,0.0027721600615387,0.0,0.0
deadline_bursts,CurrentOnly-AE-CeNN-494,5461,0.0093954223698974,0.0120789203331283,0.0122157270005448,0.0,0.0,0.0034832522689863,0.0,0.0
deadline_bursts,CurrentOnly-AE-CeNN-494,5462,0.0093076950431671,0.01266792850493,0.0129650087079409,0.0,0.0,0.0023340880090546,0.0,0.0
deadline_bursts,CurrentOnly-AE-CeNN-494,5463,0.0102002129810076,0.0139671468376347,0.0147131888142708,0.0,0.0,0.0025594639731288,0.0,0.0
deadline_bursts,CurrentOnly-AE-CeNN-494,5464,0.0099851405418586,0.0132673948463604,0.0135515884518973,0.0,0.0,0.0030041785787621,0.0,0.0
deadline_bursts,CurrentOnly-AE-CeNN-494,5465,0.009954156666138,0.0129124573466979,0.0141162503603687,0.0,0.0,0.003097345272778,0.0,0.0
deadline_bursts,CurrentOnly-AE-CeNN-494,5466,0.0089936088521387,0.0114076400420377,0.0116814992564592,0.0,0.0,0.0034687164733571,0.0,0.0
deadline_bursts,CurrentOnly-AE-CeNN-494,5467,0.0099389426451283,0.0127998550552026,0.0132363027677381,0.0,0.0,0.0028890877379898,0.0,0.0
deadline_bursts,CurrentOnly-AE-CeNN-494,5468,0.0093868907699014,0.0123611981883901,0.013156112882033,0.0,0.0,0.0024846692750955,0.0,0.0
deadline_bursts,CurrentOnly-AE-CeNN-494,5469,0.0100869597602852,0.0142461956231838,0.0151796035191223,0.0,0.0,0.003434221915214,0.0,0.0
deadline_bursts,CurrentOnly-AE-CeNN-494,5470,0.0100645446417868,0.013088878876802,0.0136215711168102,0.0,0.0,0.0028835872356925,0.0,0.0
deadline_bursts,CurrentOnly-AE-CeNN-494,5471,0.010262419305558,0.0147094408164889,0.0153591287185073,0.0,0.0,0.0032297179027808,0.0,0.0
deadline_bursts,CurrentOnly-AE-CeNN-494,5472,0.0094023950511541,0.0116097216346639,0.0122318066315333,0.0,0.0,0.0028040284313702,0.0,0.0
deadline_bursts,CurrentOnly-AE-CeNN-494,5473,0.0100362628095289,0.0141380299809358,0.0150353683772198,0.0,0.0,0.0029470733939444,0.0,0.0
deadline_bursts,CurrentOnly-AE-CeNN-494,5474,0.0093962674080663,0.0127333495809764,0.0130334596040115,0.0,0.0,0.0034210579144869,0.0,0.0
deadline_bursts,CurrentOnly-AE-CeNN-494,5475,0.009853286228871,0.0139392087727715,0.0143676378050606,0.0,0.0,0.0028045672411371,0.0,0.0
deadline_bursts,CurrentOnly-AE-CeNN-494,5476,0.0098494155094089,0.0133694356402472,0.013564242472414,0.0,0.0,0.0030441364229539,0.0,0.0
deadline_bursts,CurrentOnly-AE-CeNN-494,5477,0.0096119003303779,0.0128620789768129,0.0131882869914559,0.0,0.0,0.0027904437717987,0.0,0.0
deadline_bursts,CurrentOnly-AE-CeNN-494,5478,0.0099428795160424,0.0120838780256391,0.0122035214475734,0.0,0.0,0.0025297035685489,0.0,0.0
deadline_bursts,CurrentOnly-AE-CeNN-494,5479,0.0092751340264063,0.0125389990057162,0.0130252433190767,0.0,0.0,0.0032354195697797,0.0,0.0
deadline_bursts,CurrentOnly-AE-CeNN-494,5480,0.0106722341589384,0.0144397238132856,0.0149950585270165,0.0,0.0,0.0037433838843779,0.0,0.0
deadline_bursts,CurrentOnly-AE-CeNN-494,5481,0.010102291783041,0.0129347092159864,0.0133638052381746,0.0,0.0,0.002291985695403,0.0,0.0
deadline_bursts,CurrentOnly-AE-CeNN-494,5482,0.009420936904339,0.0115319286910488,0.0118293152029239,0.0,0.0,0.0035884236942558,0.0,0.0
deadline_bursts,CurrentOnly-AE-CeNN-494,5483,0.0095196806466184,0.0123443452211075,0.012841810397683,0.0,0.0,0.0033342358480335,0.0,0.0
deadline_bursts,CurrentOnly-AE-CeNN-494,5484,0.0097494893229283,0.0127433786929024,0.0129701984067422,0.0,0.0,0.0025389195254626,0.0,0.0
deadline_bursts,CurrentOnly-AE-CeNN-494,5485,0.0097203289148302,0.0127415080793155,0.0133995616343616,0.0,0.0,0.00285314507658,0.0,0.0
deadline_bursts,CurrentOnly-AE-CeNN-494,5486,0.0096962162484383,0.0123436062588974,0.0148387020199587,0.0,0.0,0.0036529860163964,0.0,0.0
deadline_bursts,CurrentOnly-AE-CeNN-494,5487,0.0101946404750481,0.0131332086304231,0.0135043111050096,0.0,0.0,0.0031819525541709,0.0,0.0
deadline_bursts,CurrentOnly-AE-CeNN-494,5488,0.0095971174659551,0.0127893210952408,0.0133514504701885,0.0,0.0,0.0020795311052945,0.0,0.0
deadline_bursts,CurrentOnly-AE-CeNN-494,5489,0.0100427240414061,0.0122244500747942,0.0130469313799962,0.0,0.0,0.0022968409605528,0.0,0.0
deadline_bursts,CurrentOnly-AE-CeNN-494,5490,0.0101450568805819,0.0134118902650022,0.0136906635302726,0.0,0.0,0.0031809363851529,0.0,0.0
deadline_bursts,CurrentOnly-AE-CeNN-494,5491,0.0102467026393541,0.0134380837817891,0.0139727438023088,0.0,0.0,0.0027535044847897,0.0,0.0
deadline_bursts,CurrentOnly-AE-CeNN-494,5492,0.0098609122767328,0.0130631214991112,0.0132494996037279,0.0,0.0,0.0018574472581515,0.0,0.0
deadline_bursts,CurrentOnly-AE-CeNN-494,5493,0.0100626717454481,0.0142184997401229,0.0145800309234301,0.0,0.0,0.0025459769841414,0.0,0.0
deadline_bursts,CurrentOnly-AE-CeNN-494,5494,0.0098269257476534,0.0127915227912923,0.0130626440437557,0.0,0.0,0.0034147410282834,0.0,0.0
deadline_bursts,CurrentOnly-AE-CeNN-494,5495,0.0100827256048262,0.0128153298585521,0.0131320452187399,0.0,0.0,0.0028593780558781,0.0,0.0
deadline_bursts,CurrentOnly-AE-CeNN-494,5496,0.0099845815161827,0.0131603954792199,0.0138054514779792,0.0,0.0,0.0023581565821381,0.0,0.0
deadline_bursts,CurrentOnly-AE-CeNN-494,5497,0.0101234971053497,0.0130545853957315,0.0134370634502352,0.0,0.0,0.0029896068300218,0.0,0.0
deadline_bursts,CurrentOnly-AE-CeNN-494,5498,0.0095944635698237,0.012187944188234,0.0124879211308209,0.0,0.0,0.0026751295493696,0.0,0.0
deadline_bursts,CurrentOnly-AE-CeNN-494,5499,0.0097599016901614,0.0124101120754677,0.01469307507207,0.0,0.0,0.002897911268203,0.0,0.0
deadline_bursts,G-DetectorGate-noRTA,5400,0.0095832862582357,0.0126575025748834,0.0134663859000844,0.0,0.0,0.0031910508126389,100.0,1.0
deadline_bursts,G-DetectorGate-noRTA,5401,0.0096639663090125,0.0124689368249941,0.0146208052132777,0.0,0.0,0.0024457148117822,100.0,1.0
deadline_bursts,G-DetectorGate-noRTA,5402,0.0096635841621011,0.0137171797372074,0.014718067803473,0.0,0.0,0.0043319008013062,100.0,1.0
deadline_bursts,G-DetectorGate-noRTA,5403,0.009593792465799,0.012761531386902,0.0131301361227263,0.0,0.0,0.0035077624475157,100.0,1.0
deadline_bursts,G-DetectorGate-noRTA,5404,0.0101413142738926,0.0138198218080981,0.014361887113047,0.0,0.0,0.002910044493355,100.0,1.0
deadline_bursts,G-DetectorGate-noRTA,5405,0.0096164344825002,0.0118016399306549,0.012127231597465,0.0,0.0,0.002598003028376,100.0,1.0
deadline_bursts,G-DetectorGate-noRTA,5406,0.0099200450563433,0.0120449984019399,0.0123034180390854,0.0,0.0,0.0031146436838036,100.0,1.0
deadline_bursts,G-DetectorGate-noRTA,5407,0.0098089499228189,0.0132144127276029,0.0141368014708111,0.0,0.0,0.0027225397216023,100.0,1.0
deadline_bursts,G-DetectorGate-noRTA,5408,0.009291980841377,0.0117850599889154,0.0120987837078781,0.0,0.0,0.0027113385761498,100.0,1.0
deadline_bursts,G-DetectorGate-noRTA,5409,0.0092818829354455,0.0121736825285227,0.0125759001928264,0.0,0.0,0.0021723863224409,100.0,1.0
deadline_bursts,G-DetectorGate-noRTA,5410,0.0103687380868825,0.0144920044992146,0.0159094674517563,0.0,0.0,0.0019959270100965,100.0,1.0
deadline_bursts,G-DetectorGate-noRTA,5411,0.0097869794078611,0.0124303601045943,0.0126472076993246,0.0,0.0,0.0035121069741076,100.0,1.0
deadline_bursts,G-DetectorGate-noRTA,5412,0.0101592307166721,0.0138416854851107,0.0154697400841582,0.0,0.0,0.0020326929188015,100.0,1.0
deadline_bursts,G-DetectorGate-noRTA,5413,0.0098547529896452,0.0128155030138001,0.0139181185911088,0.0,0.0,0.0036378533057232,100.0,1.0
deadline_bursts,G-DetectorGate-noRTA,5414,0.0103879920581938,0.0131030690656448,0.0135699840930544,0.0,0.0,0.00347796228498,100.0,1.0
deadline_bursts,G-DetectorGate-noRTA,5415,0.009625163777121,0.0134802717219914,0.0140297318421014,0.0,0.0,0.002935208399828,100.0,1.0
deadline_bursts,G-DetectorGate-noRTA,5416,0.0095397275914309,0.0124444608889404,0.0128510861366984,0.0,0.0,0.0039463774313064,100.0,1.0
deadline_bursts,G-DetectorGate-noRTA,5417,0.0096625555655386,0.0123643678773828,0.013700295419619,0.0,0.0,0.002360491926367,100.0,1.0
deadline_bursts,G-DetectorGate-noRTA,5418,0.0100300749010826,0.0133287487566039,0.0140540777328217,0.0,0.0,0.0029885409772549,100.0,1.0
deadline_bursts,G-DetectorGate-noRTA,5419,0.0093347386835746,0.011950496855252,0.0121154601135327,0.0,0.0,0.0030172045899701,100.0,1.0
deadline_bursts,G-DetectorGate-noRTA,5420,0.0099849875104315,0.0139142325209208,0.0146451163355811,0.0,0.0,0.0031528364846416,100.0,1.0
deadline_bursts,G-DetectorGate-noRTA,5421,0.0100815689710511,0.0132682625287954,0.0137233046522216,0.0,0.0,0.0047198678600178,100.0,1.0
deadline_bursts,G-DetectorGate-noRTA,5422,0.0102309359160431,0.0129665250925461,0.0138826975585046,0.0,0.0,0.0035360894930206,100.0,1.0
deadline_bursts,G-DetectorGate-noRTA,5423,0.0095230316683845,0.0132365358393331,0.0138177364575257,0.0,0.0,0.0027117703110328,100.0,1.0
deadline_bursts,G-DetectorGate-noRTA,5424,0.0091183006172583,0.011683633116622,0.0124105690375809,0.0,0.0,0.00250299061308,100.0,1.0
deadline_bursts,G-DetectorGate-noRTA,5425,0.0093905146571518,0.0121926300860398,0.0129509932735845,0.0,0.0,0.0024799981062237,100.0,1.0
deadline_bursts,G-DetectorGate-noRTA,5426,0.0098573383933632,0.012504236600072,0.0133116335020895,0.0,0.0,0.0026405659485599,100.0,1.0
deadline_bursts,G-DetectorGate-noRTA,5427,0.0095404001818786,0.011567557828012,0.0119433762354994,0.0,0.0,0.00271449119501,100.0,1.0
deadline_bursts,G-DetectorGate-noRTA,5428,0.0092820174306428,0.0125099221128178,0.0126829888625416,0.0,0.0,0.0028079702310298,100.0,1.0
deadline_bursts,G-DetectorGate-noRTA,5429,0.00950143459214,0.013219949176596,0.0143139264571858,0.0,0.0,0.0027351555962057,100.0,1.0
deadline_bursts,G-DetectorGate-noRTA,5430,0.0101729632101138,0.0126073739689563,0.0132678386685319,0.0,0.0,0.0024539137899589,100.0,1.0
deadline_bursts,G-DetectorGate-noRTA,5431,0.0095223070079853,0.0117421472253915,0.0136842227414074,0.0,0.0,0.0026834404817675,100.0,1.0
deadline_bursts,G-DetectorGate-noRTA,5432,0.0094439541870192,0.012821443750003,0.0134750644006187,0.0,0.0,0.0033137078193908,100.0,1.0
deadline_bursts,G-DetectorGate-noRTA,5433,0.0097811343546957,0.0125216016957824,0.0165392061610265,0.0,0.0,0.00382592916336,100.0,1.0
deadline_bursts,G-DetectorGate-noRTA,5434,0.0103120355419138,0.0138076794749895,0.0146199084353649,0.0,0.0,0.0025571040273703,100.0,1.0
deadline_bursts,G-DetectorGate-noRTA,5435,0.0096070978232376,0.0121300556842247,0.0124366398344981,0.0,0.0,0.0032419115938318,100.0,1.0
deadline_bursts,G-DetectorGate-noRTA,5436,0.0095994911859546,0.0122660539301708,0.0127021731462667,0.0,0.0,0.0031272152090943,100.0,1.0
deadline_bursts,G-DetectorGate-noRTA,5437,0.010747745563395,0.0136243914070399,0.0194172164878954,0.0,0.0,0.0039661867255136,100.0,1.0
deadline_bursts,G-DetectorGate-noRTA,5438,0.0095686771667735,0.0125061091502304,0.0131232358560903,0.0,0.0,0.0029022718518852,100.0,1.0
deadline_bursts,G-DetectorGate-noRTA,5439,0.0096035305079831,0.0121237870025448,0.012508264144356,0.0,0.0,0.0028254527221147,100.0,1.0
deadline_bursts,G-DetectorGate-noRTA,5440,0.0102024408285328,0.0128860875106193,0.0137660068746679,0.0,0.0,0.0030200283794222,100.0,1.0
deadline_bursts,G-DetectorGate-noRTA,5441,0.0099622276867229,0.0128201842130147,0.0130742004093187,0.0,0.0,0.0038175123336414,100.0,1.0
deadline_bursts,G-DetectorGate-noRTA,5442,0.00976002457029,0.0132208324186109,0.0137125521057822,0.0,0.0,0.0031048595784655,100.0,1.0
deadline_bursts,G-DetectorGate-noRTA,5443,0.0100882159641376,0.0126444141006018,0.0134600999604274,0.0,0.0,0.0030736304557491,100.0,1.0
deadline_bursts,G-DetectorGate-noRTA,5444,0.0092175196632452,0.0119336594919021,0.0126700158741719,0.0,0.0,0.0030651411822073,100.0,1.0
deadline_bursts,G-DetectorGate-noRTA,5445,0.0091498110115129,0.0132392742867204,0.0140069598013508,0.0,0.0,0.0026693952691992,100.0,1.0
deadline_bursts,G-DetectorGate-noRTA,5446,0.0091681388307996,0.0128911017571199,0.0133480533681248,0.0,0.0,0.0031495426506692,100.0,1.0
deadline_bursts,G-DetectorGate-noRTA,5447,0.0103366028174577,0.0131912845183125,0.0135959389568876,0.0,0.0,0.0029809196211314,100.0,1.0
deadline_bursts,G-DetectorGate-noRTA,5448,0.0098031889356369,0.0126528985813349,0.0130315200462943,0.0,0.0,0.0034856084900493,100.0,1.0
deadline_bursts,G-DetectorGate-noRTA,5449,0.0096529820168537,0.0128634987989359,0.0140004192374944,0.0,0.0,0.0025656074361565,100.0,1.0
deadline_bursts,G-DetectorGate-noRTA,5450,0.0101133247199121,0.0125040439241801,0.0128209088178261,0.0,0.0,0.0023073070976216,100.0,1.0
deadline_bursts,G-DetectorGate-noRTA,5451,0.0091616283170746,0.0118403949250112,0.0122350708065261,0.0,0.0,0.003284749565452,100.0,1.0
deadline_bursts,G-DetectorGate-noRTA,5452,0.0092111219688041,0.0123959601964227,0.0128220941654457,0.0,0.0,0.0031828585392243,100.0,1.0
deadline_bursts,G-DetectorGate-noRTA,5453,0.0097504534354542,0.0124292876393104,0.0128575009644461,0.0,0.0,0.0024728032592534,100.0,1.0
deadline_bursts,G-DetectorGate-noRTA,5454,0.009251063445937,0.0119790678933882,0.0136757707545988,0.0,0.0,0.0026398941680103,100.0,1.0
deadline_bursts,G-DetectorGate-noRTA,5455,0.0093420896284177,0.0121970271443051,0.0128312856778802,0.0,0.0,0.0028565407095395,100.0,1.0
deadline_bursts,G-DetectorGate-noRTA,5456,0.0098224348681493,0.0124962057000512,0.0128560379216533,0.0,0.0,0.0036569510629571,100.0,1.0
deadline_bursts,G-DetectorGate-noRTA,5457,0.0096858120856454,0.0116923799191729,0.0120238951315356,0.0,0.0,0.0018494643397982,100.0,1.0
deadline_bursts,G-DetectorGate-noRTA,5458,0.0099903566634386,0.0122610656703435,0.0126731385077502,0.0,0.0,0.0024334059510877,100.0,1.0
deadline_bursts,G-DetectorGate-noRTA,5459,0.009320455122722,0.0125241409501923,0.0128500170411767,0.0,0.0,0.0027201236351255,100.0,1.0
deadline_bursts,G-DetectorGate-noRTA,5460,0.0091878135403933,0.0118313342734513,0.0120472706817865,0.0,0.0,0.0027715600933998,100.0,1.0
deadline_bursts,G-DetectorGate-noRTA,5461,0.0093910269765768,0.0120827643343729,0.0122095246789661,0.0,0.0,0.0034715251190026,100.0,1.0
deadline_bursts,G-DetectorGate-noRTA,5462,0.0093097054677832,0.0126771833167028,0.0129771735850419,0.0,0.0,0.0023321529868444,100.0,1.0
deadline_bursts,G-DetectorGate-noRTA,5463,0.0101974656744302,0.0139654544637088,0.0147107862775187,0.0,0.0,0.0025646641856569,100.0,1.0
deadline_bursts,G-DetectorGate-noRTA,5464,0.0099841663073529,0.0132733309964746,0.0135521584974926,0.0,0.0,0.0030187339401765,100.0,1.0
deadline_bursts,G-DetectorGate-noRTA,5465,0.0099581978065811,0.0129154133117186,0.0141156860877726,0.0,0.0,0.0030961264809426,100.0,1.0
deadline_bursts,G-DetectorGate-noRTA,5466,0.0089890626958901,0.0114076761729234,0.0116818565591486,0.0,0.0,0.0034551376708955,100.0,1.0
deadline_bursts,G-DetectorGate-noRTA,5467,0.0099386627154818,0.0128060173399383,0.0132394282123294,0.0,0.0,0.0028880141542691,100.0,1.0
deadline_bursts,G-DetectorGate-noRTA,5468,0.009385630167656,0.0123645969896361,0.0131580867797232,0.0,0.0,0.0024843174307845,100.0,1.0
deadline_bursts,G-DetectorGate-noRTA,5469,0.0100808007892003,0.0142473334776204,0.0151828553207085,0.0,0.0,0.0034201122373659,100.0,1.0
deadline_bursts,G-DetectorGate-noRTA,5470,0.0100686370576665,0.0130947576916099,0.0136406506261918,0.0,0.0,0.0028834101024528,100.0,1.0
deadline_bursts,G-DetectorGate-noRTA,5471,0.0102603597436881,0.0147189748120696,0.0153707121139134,0.0,0.0,0.003228864560737,100.0,1.0
deadline_bursts,G-DetectorGate-noRTA,5472,0.0093994943509606,0.0116061943127315,0.0122241825201806,0.0,0.0,0.0027994539143767,100.0,1.0
deadline_bursts,G-DetectorGate-noRTA,5473,0.010037552786294,0.0141388942834476,0.0150329913400056,0.0,0.0,0.0029526822358708,100.0,1.0
deadline_bursts,G-DetectorGate-noRTA,5474,0.0093958041502404,0.0127337306946847,0.0130336241678505,0.0,0.0,0.0034201010989505,100.0,1.0
deadline_bursts,G-DetectorGate-noRTA,5475,0.0098496420976304,0.013946282152829,0.0143759247888866,0.0,0.0,0.0028028111838138,100.0,1.0
deadline_bursts,G-DetectorGate-noRTA,5476,0.0098489219069125,0.0133678108323697,0.0135610468842926,0.0,0.0,0.003041494301256,100.0,1.0
deadline_bursts,G-DetectorGate-noRTA,5477,0.0096104998762058,0.0128610213965856,0.0131879062966267,0.0,0.0,0.0027874412610684,100.0,1.0
deadline_bursts,G-DetectorGate-noRTA,5478,0.0099418105041972,0.0120837754292757,0.0122018898209049,0.0,0.0,0.0025290868649385,100.0,1.0
deadline_bursts,G-DetectorGate-noRTA,5479,0.0092727945125088,0.0125371400334191,0.0130227758009975,0.0,0.0,0.0032348899884738,100.0,1.0
deadline_bursts,G-DetectorGate-noRTA,5480,0.010676060205446,0.0144452421359625,0.0150170241539388,0.0,0.0,0.0037443389995574,100.0,1.0
deadline_bursts,G-DetectorGate-noRTA,5481,0.010104595760235,0.0129398908459171,0.0133719374161836,0.0,0.0,0.0022914201836002,100.0,1.0
deadline_bursts,G-DetectorGate-noRTA,5482,0.0094199790934395,0.0115350584023497,0.0118343796017324,0.0,0.0,0.0035925299445077,100.0,1.0
deadline_bursts,G-DetectorGate-noRTA,5483,0.0095226461359188,0.0123463224041843,0.0128864651303364,0.0,0.0,0.0033409120677071,100.0,1.0
deadline_bursts,G-DetectorGate-noRTA,5484,0.0097550184118362,0.0127436776705888,0.0129690927244657,0.0,0.0,0.0025442417131308,100.0,1.0
deadline_bursts,G-DetectorGate-noRTA,5485,0.0097190755628367,0.0127440296821138,0.013404156985891,0.0,0.0,0.0028459390055559,100.0,1.0
deadline_bursts,G-DetectorGate-noRTA,5486,0.0097027239762292,0.0123467084012428,0.0147038364769545,0.0,0.0,0.0036398907306776,100.0,1.0
deadline_bursts,G-DetectorGate-noRTA,5487,0.0101985931524441,0.0131391278082999,0.0135128657784159,0.0,0.0,0.003176387929853,100.0,1.0
deadline_bursts,G-DetectorGate-noRTA,5488,0.0095971160582238,0.012779332806355,0.0133440239400463,0.0,0.0,0.0020859998503008,100.0,1.0
deadline_bursts,G-DetectorGate-noRTA,5489,0.0100405075041706,0.0122245660567229,0.0130189532954669,0.0,0.0,0.0022960354980054,100.0,1.0
deadline_bursts,G-DetectorGate-noRTA,5490,0.0101425699170262,0.0134032677013316,0.0136783267441516,0.0,0.0,0.0031778098899056,100.0,1.0
deadline_bursts,G-DetectorGate-noRTA,5491,0.0102507511464398,0.0134462985242799,0.0139778202643468,0.0,0.0,0.0027544261329371,100.0,1.0
deadline_bursts,G-DetectorGate-noRTA,5492,0.009859823776108,0.0130583390272628,0.0132516033899059,0.0,0.0,0.0018577300491649,100.0,1.0
deadline_bursts,G-DetectorGate-noRTA,5493,0.0100656668339209,0.01421644899276,0.0145750277872966,0.0,0.0,0.0025456611302692,100.0,1.0
deadline_bursts,G-DetectorGate-noRTA,5494,0.0098347365665569,0.0127918329968985,0.0130756490600534,0.0,0.0,0.0034315652622275,100.0,1.0
deadline_bursts,G-DetectorGate-noRTA,5495,0.0100835239243444,0.0128125115432876,0.013129499702568,0.0,0.0,0.0028573916743694,100.0,1.0
deadline_bursts,G-DetectorGate-noRTA,5496,0.0099822460071118,0.0131621525466669,0.01380614028631,0.0,0.0,0.0023544907808733,100.0,1.0
deadline_bursts,G-DetectorGate-noRTA,5497,0.0101314918626292,0.0130503974060147,0.0134200464337238,0.0,0.0,0.002987858743906,100.0,1.0
deadline_bursts,G-DetectorGate-noRTA,5498,0.0095924129883965,0.0121817528776509,0.0124861894064439,0.0,0.0,0.0026742727966724,100.0,1.0
deadline_bursts,G-DetectorGate-noRTA,5499,0.0097558482960673,0.012402105912433,0.0147398219510382,0.0,0.0,0.0029059928209131,100.0,1.0
deadline_bursts,H-RTA-SupervisedGate,5400,0.0095810471752136,0.0126598411564356,0.0134677582248928,0.0,0.0,0.0031830557491512,0.0,0.0
deadline_bursts,H-RTA-SupervisedGate,5401,0.0096666307624331,0.0124965304584098,0.0146785150392384,0.0,0.0,0.0024597248857359,0.0,0.0
deadline_bursts,H-RTA-SupervisedGate,5402,0.0096591394344371,0.0137080269234723,0.0147070491164048,0.0,0.0,0.0043348621421604,0.0,0.0
deadline_bursts,H-RTA-SupervisedGate,5403,0.0095897178049638,0.0127570912002851,0.0131276841817527,0.0,0.0,0.0035086473140383,0.0909918107370336,0.0009099181073703
deadline_bursts,H-RTA-SupervisedGate,5404,0.010142825444952,0.0138192651133277,0.0143611478405224,0.0,0.0,0.002905245376724,0.0,0.0
deadline_bursts,H-RTA-SupervisedGate,5405,0.0096175055292743,0.0118084738735383,0.0121285665703868,0.0,0.0,0.0025963027786941,0.0,0.0
deadline_bursts,H-RTA-SupervisedGate,5406,0.0099205863736208,0.012041866479441,0.0123027489182194,0.0,0.0,0.0031243744512461,0.0,0.0
deadline_bursts,H-RTA-SupervisedGate,5407,0.0098083505447368,0.0132063926730753,0.0141258081516731,0.0,0.0,0.0027238914146656,0.0,0.0
deadline_bursts,H-RTA-SupervisedGate,5408,0.0092920095168821,0.0117817569571046,0.0120938047556611,0.0,0.0,0.0027112842652528,0.0,0.0
deadline_bursts,H-RTA-SupervisedGate,5409,0.0092759024228958,0.012172317707476,0.0125757140297728,0.0,0.0,0.0021669261814515,0.0,0.0
deadline_bursts,H-RTA-SupervisedGate,5410,0.0103720291179032,0.0144945828140662,0.0159100553084542,0.0,0.0,0.0019962683459979,0.0,0.0
deadline_bursts,H-RTA-SupervisedGate,5411,0.0097883317175426,0.0124379606659147,0.0126535751834975,0.0,0.0,0.0035111876974336,0.0,0.0
deadline_bursts,H-RTA-SupervisedGate,5412,0.0101626368025291,0.0138426317534819,0.0155072046319275,0.0,0.0,0.0020324800522955,0.0,0.0
deadline_bursts,H-RTA-SupervisedGate,5413,0.0098515697931015,0.012806200291565,0.0139087829371137,0.0,0.0,0.0036388588577636,0.0,0.0
deadline_bursts,H-RTA-SupervisedGate,5414,0.0103852364401739,0.0130906369821708,0.0135543970271872,0.0,0.0,0.0034788179104524,0.0,0.0
deadline_bursts,H-RTA-SupervisedGate,5415,0.0096301610083734,0.013508618961213,0.0140667670173748,0.0,0.0,0.0029369952829941,0.0,0.0
deadline_bursts,H-RTA-SupervisedGate,5416,0.0095361567507559,0.0124346317433737,0.0128432934089984,0.0,0.0,0.0039693442437752,0.0,0.0
deadline_bursts,H-RTA-SupervisedGate,5417,0.0096632893484543,0.0123715453394701,0.0137062169436148,0.0,0.0,0.0023607330482983,0.0,0.0
deadline_bursts,H-RTA-SupervisedGate,5418,0.0100335077665849,0.0133261240737999,0.0140504306674947,0.0,0.0,0.0029955275504022,0.0,0.0
deadline_bursts,H-RTA-SupervisedGate,5419,0.0093343111787908,0.0119510159786949,0.0121247609288241,0.0,0.0,0.0030217479241361,0.0,0.0
deadline_bursts,H-RTA-SupervisedGate,5420,0.010003276129245,0.0139143669723569,0.0146423738591533,0.0,0.0,0.003155534414716,0.0,0.0
deadline_bursts,H-RTA-SupervisedGate,5421,0.0100854501744909,0.0132755386163219,0.0137307249034695,0.0,0.0,0.0047101902677073,0.272975432211101,0.002729754322111
deadline_bursts,H-RTA-SupervisedGate,5422,0.0102334279102619,0.0129683258528499,0.0139104980828029,0.0,0.0,0.0035438732424713,0.0,0.0
deadline_bursts,H-RTA-SupervisedGate,5423,0.0095213143115847,0.0132353087571562,0.013816589436126,0.0,0.0,0.0027113276597245,0.0,0.0
deadline_bursts,H-RTA-SupervisedGate,5424,0.0091229943659806,0.0116845532835065,0.0124154415078254,0.0,0.0,0.0025041212479972,0.0,0.0
deadline_bursts,H-RTA-SupervisedGate,5425,0.0093919651527089,0.0121917945270084,0.0129513007460092,0.0,0.0,0.0024807449601909,0.0,0.0
deadline_bursts,H-RTA-SupervisedGate,5426,0.0098558441013547,0.0124844380018979,0.0132955406095605,0.0,0.0,0.0026427146572909,0.0,0.0
deadline_bursts,H-RTA-SupervisedGate,5427,0.0095413887510918,0.0115758388930161,0.0119478605661241,0.0,0.0,0.0027160223282879,0.0,0.0
deadline_bursts,H-RTA-SupervisedGate,5428,0.0092791829501185,0.0125135092076972,0.0126871941853851,0.0,0.0,0.0028105736283886,0.0,0.0
deadline_bursts,H-RTA-SupervisedGate,5429,0.0095049161169029,0.0132218009384955,0.0143039952101028,0.0,0.0,0.0027375389365078,0.0,0.0
deadline_bursts,H-RTA-SupervisedGate,5430,0.0101751248445536,0.0126092404946298,0.0132717448879672,0.0,0.0,0.0024530807864218,0.0,0.0
deadline_bursts,H-RTA-SupervisedGate,5431,0.0095289168190723,0.0117429874431127,0.0137367477655128,0.0,0.0,0.0026790906280171,0.0,0.0
deadline_bursts,H-RTA-SupervisedGate,5432,0.0094437238542377,0.0128176296731995,0.0134720707243811,0.0,0.0,0.0033137567969484,0.0,0.0
deadline_bursts,H-RTA-SupervisedGate,5433,0.0097809259591738,0.0125213109108682,0.0164850580130241,0.0,0.0,0.0038159608320263,0.0,0.0
deadline_bursts,H-RTA-SupervisedGate,5434,0.0103132759336043,0.0138071965915563,0.014625855384753,0.0,0.0,0.002555776368775,0.0,0.0
deadline_bursts,H-RTA-SupervisedGate,5435,0.0096028202197453,0.0121208403212518,0.0124288741083109,0.0,0.0,0.0032427479784561,0.0,0.0
deadline_bursts,H-RTA-SupervisedGate,5436,0.0096025900305743,0.0122844536468364,0.0127221661294509,0.0,0.0,0.0031234207600838,0.0,0.0
deadline_bursts,H-RTA-SupervisedGate,5437,0.0107533939202536,0.0136161301078335,0.0194249862089021,0.0,0.0,0.0039542511447908,0.0909918107370336,0.0009099181073703
deadline_bursts,H-RTA-SupervisedGate,5438,0.0095732435839896,0.0125072229832642,0.0131241641287091,0.0,0.0,0.0029020303764953,0.0,0.0
deadline_bursts,H-RTA-SupervisedGate,5439,0.0096040207572921,0.012122287491607,0.0125053124712842,0.0,0.0,0.0028211617696383,0.0,0.0
deadline_bursts,H-RTA-SupervisedGate,5440,0.010207315139569,0.0128889141079881,0.0137681795528156,0.0,0.0,0.0030140328447608,0.0,0.0
deadline_bursts,H-RTA-SupervisedGate,5441,0.0099580836509269,0.0128209099545095,0.0130754650042069,0.0,0.0,0.0038194641027828,0.0,0.0
deadline_bursts,H-RTA-SupervisedGate,5442,0.0097665898842682,0.0132748264436499,0.01378850379956,0.0,0.0,0.003099426462311,0.0,0.0
deadline_bursts,H-RTA-SupervisedGate,5443,0.0100931503649145,0.0126649405077486,0.013482049653597,0.0,0.0,0.0030713277086713,0.0,0.0
deadline_bursts,H-RTA-SupervisedGate,5444,0.0092381938565007,0.0119371595740343,0.0127411224443257,0.0,0.0,0.0030591371040172,0.1819836214740673,0.0018198362147406
deadline_bursts,H-RTA-SupervisedGate,5445,0.0091480882100163,0.0132274511390551,0.0139979095641978,0.0,0.0,0.0026723253637609,0.0,0.0
deadline_bursts,H-RTA-SupervisedGate,5446,0.0091674342710218,0.0128889379083629,0.0133457320643856,0.0,0.0,0.0031421205788002,0.0,0.0
deadline_bursts,H-RTA-SupervisedGate,5447,0.0103320653276113,0.0131774176243047,0.0135772183863935,0.0,0.0,0.0029801064296679,0.0,0.0
deadline_bursts,H-RTA-SupervisedGate,5448,0.0098050059254124,0.0126680602681193,0.013039927444128,0.0,0.0,0.003487248177022,0.0,0.0
deadline_bursts,H-RTA-SupervisedGate,5449,0.009653563068511,0.0128666418450348,0.014002356988839,0.0,0.0,0.0025647169538485,0.0,0.0
deadline_bursts,H-RTA-SupervisedGate,5450,0.0101136260578542,0.0125060602718529,0.0128273470102521,0.0,0.0,0.0023022816722899,0.0,0.0
deadline_bursts,H-RTA-SupervisedGate,5451,0.009159597593259,0.0118347437670439,0.0122307658346786,0.0,0.0,0.0032838870321023,0.0,0.0
deadline_bursts,H-RTA-SupervisedGate,5452,0.0092141276021619,0.0123939217734271,0.0128218379560948,0.0,0.0,0.0031853579813832,0.0,0.0
deadline_bursts,H-RTA-SupervisedGate,5453,0.0097607480634477,0.0124327835922067,0.0128468686226726,0.0,0.0,0.0024689211922745,0.0,0.0
deadline_bursts,H-RTA-SupervisedGate,5454,0.0092455026433589,0.011979962347566,0.013671910196628,0.0,0.0,0.0026325054365889,0.0,0.0
deadline_bursts,H-RTA-SupervisedGate,5455,0.0093428143703696,0.0122000782058014,0.0128311001218073,0.0,0.0,0.0028561913985076,0.0,0.0
deadline_bursts,H-RTA-SupervisedGate,5456,0.0098325001125035,0.0125111682156469,0.0128853570504871,0.0,0.0,0.0036627844762781,0.0,0.0
deadline_bursts,H-RTA-SupervisedGate,5457,0.0096838127709094,0.0116934340260063,0.012025213572025,0.0,0.0,0.0018484836300627,0.0,0.0
deadline_bursts,H-RTA-SupervisedGate,5458,0.0099881807238172,0.0122585093096262,0.0126681996708643,0.0,0.0,0.0024303134840133,0.0,0.0
deadline_bursts,H-RTA-SupervisedGate,5459,0.0093219224459851,0.0125221444431664,0.0128496372674428,0.0,0.0,0.002719524610594,0.0,0.0
deadline_bursts,H-RTA-SupervisedGate,5460,0.0091920293030113,0.0118319169247818,0.0120487069521703,0.0,0.0,0.0027720243315761,0.0,0.0
deadline_bursts,H-RTA-SupervisedGate,5461,0.0093926653729398,0.0120789195900649,0.0122154237440098,0.0,0.0,0.0034750048491501,0.0,0.0
deadline_bursts,H-RTA-SupervisedGate,5462,0.0093073558872335,0.01266792850164,0.0129650086917882,0.0,0.0,0.002332184714959,0.0,0.0
deadline_bursts,H-RTA-SupervisedGate,5463,0.0101994200866353,0.0139671496178536,0.0147131921273397,0.0,0.0,0.0025591509673285,0.0,0.0
deadline_bursts,H-RTA-SupervisedGate,5464,0.0099847888143179,0.0132673975810118,0.0135515859749896,0.0,0.0,0.0030173210200365,0.0,0.0
deadline_bursts,H-RTA-SupervisedGate,5465,0.0099545123733955,0.0129124573482592,0.0141162503595127,0.0,0.0,0.0030985370393994,0.0,0.0
deadline_bursts,H-RTA-SupervisedGate,5466,0.0089909677516776,0.011406883528016,0.0116801780150667,0.0,0.0,0.0034518351761667,0.0,0.0
deadline_bursts,H-RTA-SupervisedGate,5467,0.0099389426451283,0.0127998550552026,0.0132363027677381,0.0,0.0,0.0028890877379898,0.0,0.0
deadline_bursts,H-RTA-SupervisedGate,5468,0.0093870091191172,0.0123611959350225,0.0131561125350082,0.0,0.0,0.0024844260507825,0.0,0.0
deadline_bursts,H-RTA-SupervisedGate,5469,0.0100864291830476,0.0142461964131148,0.0151796043054942,0.0,0.0,0.0034320849656323,0.0,0.0
deadline_bursts,H-RTA-SupervisedGate,5470,0.0100645446417868,0.013088878876802,0.0136215711168102,0.0,0.0,0.0028835872356925,0.0,0.0
deadline_bursts,H-RTA-SupervisedGate,5471,0.0102620593820304,0.014709440816432,0.0153591287174529,0.0,0.0,0.0032277949124144,0.0,0.0
deadline_bursts,H-RTA-SupervisedGate,5472,0.0094022230156857,0.011609720628286,0.0122318026001729,0.0,0.0,0.0027958653358906,0.0,0.0
deadline_bursts,H-RTA-SupervisedGate,5473,0.0100391163101923,0.0141380298593069,0.0150353683018881,0.0,0.0,0.0029486922554541,0.0,0.0
deadline_bursts,H-RTA-SupervisedGate,5474,0.0093962674080663,0.0127333495809764,0.0130334596040115,0.0,0.0,0.0034210579144869,0.0,0.0
deadline_bursts,H-RTA-SupervisedGate,5475,0.0098526620398075,0.0139392087570932,0.0143676377955742,0.0,0.0,0.0028031659378815,0.0,0.0
deadline_bursts,H-RTA-SupervisedGate,5476,0.0098484157460522,0.0133694287705591,0.0135642374356182,0.0,0.0,0.0030432269456343,0.0,0.0
deadline_bursts,H-RTA-SupervisedGate,5477,0.0096115239641764,0.0128620762249341,0.0131882824460636,0.0,0.0,0.0027896861592311,0.0,0.0
deadline_bursts,H-RTA-SupervisedGate,5478,0.0099428795160424,0.0120838780256391,0.0122035214475734,0.0,0.0,0.0025297035685489,0.0,0.0
deadline_bursts,H-RTA-SupervisedGate,5479,0.0092752831404012,0.0125390021974083,0.0130252433181718,0.0,0.0,0.003235199183231,0.0,0.0
deadline_bursts,H-RTA-SupervisedGate,5480,0.0106715326427602,0.0144397232425378,0.0149950580829776,0.0,0.0,0.0037433430733825,0.0909918107370336,0.0009099181073703
deadline_bursts,H-RTA-SupervisedGate,5481,0.010102291783041,0.0129347092159864,0.0133638052381746,0.0,0.0,0.002291985695403,0.0,0.0
deadline_bursts,H-RTA-SupervisedGate,5482,0.009420936904339,0.0115319286910488,0.0118293152029239,0.0,0.0,0.0035884236942558,0.0,0.0
deadline_bursts,H-RTA-SupervisedGate,5483,0.0095198701379617,0.0123443446312869,0.0128470040669996,0.0,0.0,0.0033358815022956,0.0,0.0
deadline_bursts,H-RTA-SupervisedGate,5484,0.0097511217635032,0.0127433751963923,0.0129701928812973,0.0,0.0,0.0025402901953023,0.0,0.0
deadline_bursts,H-RTA-SupervisedGate,5485,0.0097209952244617,0.012741508022767,0.0133995616036336,0.0,0.0,0.0028502951908216,0.0,0.0
deadline_bursts,H-RTA-SupervisedGate,5486,0.0096930759052217,0.0123431978299714,0.014761629252792,0.0,0.0,0.0036426343377096,0.0,0.0
deadline_bursts,H-RTA-SupervisedGate,5487,0.0101929995364753,0.013133219407844,0.0135043111298769,0.0,0.0,0.0031788239881628,0.0,0.0
deadline_bursts,H-RTA-SupervisedGate,5488,0.009597275098225,0.0127893211178942,0.013351450481191,0.0,0.0,0.0020852530162592,0.0,0.0
deadline_bursts,H-RTA-SupervisedGate,5489,0.0100427240414061,0.0122244500747942,0.0130469313799962,0.0,0.0,0.0022968409605528,0.0,0.0
deadline_bursts,H-RTA-SupervisedGate,5490,0.0101449463191505,0.0134118902666366,0.0136906635323042,0.0,0.0,0.0031807996668844,0.0,0.0
deadline_bursts,H-RTA-SupervisedGate,5491,0.010246655733508,0.0134380835885517,0.0139727437353953,0.0,0.0,0.0027534850283445,0.0,0.0
deadline_bursts,H-RTA-SupervisedGate,5492,0.0098609122767328,0.0130631214991112,0.0132494996037279,0.0,0.0,0.0018574472581515,0.0,0.0
deadline_bursts,H-RTA-SupervisedGate,5493,0.0100627472137545,0.0142184986913306,0.0145800300283543,0.0,0.0,0.0025460020564256,0.0,0.0
deadline_bursts,H-RTA-SupervisedGate,5494,0.0098302897135994,0.0127903646966587,0.0130626440178103,0.0,0.0,0.0034336375811262,0.0,0.0
deadline_bursts,H-RTA-SupervisedGate,5495,0.0100826686837437,0.0128153298553361,0.013132045216417,0.0,0.0,0.0028592797262285,0.0,0.0
deadline_bursts,H-RTA-SupervisedGate,5496,0.0099845742692314,0.013160394560049,0.0138054506044677,0.0,0.0,0.0023577041791036,0.0,0.0
deadline_bursts,H-RTA-SupervisedGate,5497,0.0101233626512473,0.013054585365528,0.013437063347129,0.0,0.0,0.0029920843482449,0.0,0.0
deadline_bursts,H-RTA-SupervisedGate,5498,0.0095943255676163,0.0121877646264052,0.0124877240708231,0.0,0.0,0.002675577622414,0.0,0.0
deadline_bursts,H-RTA-SupervisedGate,5499,0.0097612877275557,0.012410095145128,0.0147269374692257,0.0,0.0,0.0029019560501715,0.0,0.0
history_corruption,CurrentOnly-AE-CeNN-494,5400,0.0093695725012668,0.0127912743350943,0.0136201920237307,0.0,0.0,0.0146994848346962,0.0,0.0
history_corruption,CurrentOnly-AE-CeNN-494,5401,0.0094103547849667,0.0123191221529663,0.0131423199326766,0.0,0.0,0.0134921929520009,0.0,0.0
history_corruption,CurrentOnly-AE-CeNN-494,5402,0.0098323179161584,0.0139288314966146,0.0158516268850008,0.0,0.0,0.0162784908552022,0.0,0.0
history_corruption,CurrentOnly-AE-CeNN-494,5403,0.0097124826852061,0.0127567892129376,0.0131272097338102,0.0,0.0,0.015199947552746,0.0,0.0
history_corruption,CurrentOnly-AE-CeNN-494,5404,0.0100395663732233,0.0138192669541813,0.0143611503758606,0.0,0.0,0.0146480962584069,0.0,0.0
history_corruption,CurrentOnly-AE-CeNN-494,5405,0.009599450171752,0.0117801297067271,0.0121281960680352,0.0,0.0,0.0144974579697887,0.0,0.0
history_corruption,CurrentOnly-AE-CeNN-494,5406,0.0098326823867134,0.0120418677451045,0.0123027510477672,0.0,0.0,0.014181026726678,0.0,0.0
history_corruption,CurrentOnly-AE-CeNN-494,5407,0.009827313872452,0.0132063901299363,0.0141258040590663,0.0,0.0,0.0144480884031152,0.0,0.0
history_corruption,CurrentOnly-AE-CeNN-494,5408,0.0092050130055534,0.0117683627626435,0.012093806862217,0.0,0.0,0.0146032911938099,0.0,0.0
history_corruption,CurrentOnly-AE-CeNN-494,5409,0.0092649594264881,0.0121504013604436,0.0125606587287173,0.0,0.0,0.013924579453617,0.0,0.0
history_corruption,CurrentOnly-AE-CeNN-494,5410,0.0102132224635218,0.014494585287523,0.0159100589259952,0.0,0.0,0.0137788364847229,0.0,0.0
history_corruption,CurrentOnly-AE-CeNN-494,5411,0.0101541994164326,0.0125128671881158,0.0169158066908141,0.0,0.0,0.0153014228188425,0.0,0.0
history_corruption,CurrentOnly-AE-CeNN-494,5412,0.0100693076040782,0.0137318745230871,0.0142359417716091,0.0,0.0,0.0135509157504726,0.0,0.0
history_corruption,CurrentOnly-AE-CeNN-494,5413,0.009976172941949,0.0128061996418156,0.0139087819496517,0.0,0.0,0.0152282686581477,0.0,0.0
history_corruption,CurrentOnly-AE-CeNN-494,5414,0.0104125840884048,0.0130893526688406,0.0135543924089877,0.0,0.0,0.0150878580535443,0.0,0.0
history_corruption,CurrentOnly-AE-CeNN-494,5415,0.0098312227095388,0.0136936052924447,0.0148644591196104,0.0,0.0,0.0156922842612104,0.0,0.0
history_corruption,CurrentOnly-AE-CeNN-494,5416,0.009458229212818,0.0124280968358664,0.0128333142872175,0.0,0.0,0.0147662517624051,0.0,0.0
history_corruption,CurrentOnly-AE-CeNN-494,5417,0.0096452502647014,0.0123715458343909,0.0137062177736445,0.0,0.0,0.014427910305922,0.0,0.0
history_corruption,CurrentOnly-AE-CeNN-494,5418,0.0101840091053018,0.0133261199729664,0.0140504285714267,0.0,0.0,0.0145777454550858,0.0,0.0
history_corruption,CurrentOnly-AE-CeNN-494,5419,0.0091935947488204,0.0117577694453673,0.0118660088543168,0.0,0.0,0.0148281873942684,0.0,0.0
history_corruption,CurrentOnly-AE-CeNN-494,5420,0.0099489135288273,0.0139143669923225,0.0146423739921661,0.0,0.0,0.0152478801023848,0.0,0.0
history_corruption,CurrentOnly-AE-CeNN-494,5421,0.0099990038072081,0.0132435953848615,0.0137307217423724,0.0,0.0,0.0147778761313611,0.0,0.0
history_corruption,CurrentOnly-AE-CeNN-494,5422,0.0101895130884745,0.012969229120302,0.0139104981489393,0.0,0.0,0.0151888776232112,0.0,0.0
history_corruption,CurrentOnly-AE-CeNN-494,5423,0.0094527775356456,0.0132353019432731,0.0138166342119587,0.0,0.0,0.0149682761692981,0.0,0.0
history_corruption,CurrentOnly-AE-CeNN-494,5424,0.0091273249698086,0.0117326443638827,0.0124154436244545,0.0,0.0,0.0145759184833803,0.0,0.0
history_corruption,CurrentOnly-AE-CeNN-494,5425,0.0093642205844379,0.0121917905699071,0.012951298850215,0.0,0.0,0.0141528733334906,0.0,0.0
history_corruption,CurrentOnly-AE-CeNN-494,5426,0.0098357195535295,0.0124844379292564,0.0132955405308388,0.0,0.0,0.014377592558663,0.0,0.0
history_corruption,CurrentOnly-AE-CeNN-494,5427,0.0096024355987828,0.0115852230486107,0.0119478604421089,0.0,0.0,0.0146451838852827,0.0,0.0
history_corruption,CurrentOnly-AE-CeNN-494,5428,0.0092162146166157,0.0125135110716156,0.0126871972986256,0.0,0.0,0.0143561916857179,0.0,0.0
history_corruption,CurrentOnly-AE-CeNN-494,5429,0.0096084374363528,0.0132218014064409,0.0143039953803233,0.0,0.0,0.0139850620698624,0.0,0.0
history_corruption,CurrentOnly-AE-CeNN-494,5430,0.0101048426640871,0.0126092459774669,0.013271747395279,0.0,0.0,0.0150801848519135,0.0,0.0
history_corruption,CurrentOnly-AE-CeNN-494,5431,0.009405362511915,0.0116575172717306,0.0118008291836864,0.0,0.0,0.014383229504264,0.0,0.0
history_corruption,CurrentOnly-AE-CeNN-494,5432,0.0091863056143039,0.0126588303891727,0.0133209483619118,0.0,0.0,0.0149870576456903,0.0,0.0
history_corruption,CurrentOnly-AE-CeNN-494,5433,0.0099221264855953,0.0125922293296654,0.0173461219131657,0.0,0.0,0.0157769047785525,0.0,0.0
history_corruption,CurrentOnly-AE-CeNN-494,5434,0.0101404405341466,0.0138072004971884,0.0146258629752399,0.0,0.0,0.0145550146740095,0.0,0.0
history_corruption,CurrentOnly-AE-CeNN-494,5435,0.0095181061162974,0.0119633980074781,0.0122201055776478,0.0,0.0,0.0154492652450126,0.0,0.0
history_corruption,CurrentOnly-AE-CeNN-494,5436,0.0095413936951898,0.0121787852820497,0.0126387847243783,0.0,0.0,0.0148455557990004,0.0,0.0
history_corruption,CurrentOnly-AE-CeNN-494,5437,0.0103583773608553,0.0133796542250836,0.0138070169682816,0.0,0.0,0.0146154980208915,0.0,0.0
history_corruption,CurrentOnly-AE-CeNN-494,5438,0.009429719048375,0.012506553446398,0.0131241596109728,0.0,0.0,0.0147150045101755,0.0,0.0
history_corruption,CurrentOnly-AE-CeNN-494,5439,0.0097773655858403,0.0121219490239461,0.0125053101950686,0.0,0.0,0.014530786821402,0.0,0.0
history_corruption,CurrentOnly-AE-CeNN-494,5440,0.0099338361309361,0.0128889151381733,0.0137681855949357,0.0,0.0,0.0153179663628164,0.0,0.0
history_corruption,CurrentOnly-AE-CeNN-494,5441,0.0099902113501473,0.012787495891393,0.0137033024159509,0.0,0.0,0.016381867070272,0.0,0.0
history_corruption,CurrentOnly-AE-CeNN-494,5442,0.0097292086179827,0.0132748261809693,0.0137885034034959,0.0,0.0,0.0147861321050939,0.0,0.0
history_corruption,CurrentOnly-AE-CeNN-494,5443,0.009878334308531,0.01250721403208,0.012845229439641,0.0,0.0,0.0151663325990903,0.0,0.0
history_corruption,CurrentOnly-AE-CeNN-494,5444,0.0091488176172785,0.0120215368104889,0.0127411252206141,0.0,0.0,0.0137471653004828,0.0,0.0
history_corruption,CurrentOnly-AE-CeNN-494,5445,0.0093223221525677,0.0133982251512416,0.0146761474797345,0.0,0.0,0.0148542813730008,0.0,0.0
history_corruption,CurrentOnly-AE-CeNN-494,5446,0.0092413727601196,0.0128889374852722,0.0133457325166469,0.0,0.0,0.0148101832026662,0.0,0.0
history_corruption,CurrentOnly-AE-CeNN-494,5447,0.0102163045743268,0.0131782394108723,0.013577222919572,0.0,0.0,0.0145444785552876,0.0,0.0
history_corruption,CurrentOnly-AE-CeNN-494,5448,0.0096107787350629,0.0126566520574248,0.0130399294504822,0.0,0.0,0.0154327058158304,0.0,0.0
history_corruption,CurrentOnly-AE-CeNN-494,5449,0.0097191507606005,0.0128677605076787,0.0140030894621718,0.0,0.0,0.0146343500353598,0.0,0.0
history_corruption,CurrentOnly-AE-CeNN-494,5450,0.0100267174581351,0.0124779351250807,0.0128273528073019,0.0,0.0,0.0140355632263554,0.0,0.0
history_corruption,CurrentOnly-AE-CeNN-494,5451,0.0093760203990093,0.0121367370804381,0.0151252820487977,0.0,0.0,0.0156959473128132,0.0,0.0
history_corruption,CurrentOnly-AE-CeNN-494,5452,0.009253189420721,0.0123939198568179,0.0128218376238484,0.0,0.0,0.0150547522208352,0.0,0.0
history_corruption,CurrentOnly-AE-CeNN-494,5453,0.0097195404696012,0.0124326674588813,0.012846869355997,0.0,0.0,0.0145142069457393,0.0,0.0
history_corruption,CurrentOnly-AE-CeNN-494,5454,0.0093040324954188,0.0119799882499713,0.0136719101853784,0.0,0.0,0.0146310256100791,0.0,0.0
history_corruption,CurrentOnly-AE-CeNN-494,5455,0.0092481630214152,0.0119416722917488,0.0125093068428357,0.0,0.0,0.0146024190217665,0.0,0.0
history_corruption,CurrentOnly-AE-CeNN-494,5456,0.0098874082270114,0.0125116764622814,0.0128853584934649,0.0,0.0,0.0149130116106029,0.0,0.0
history_corruption,CurrentOnly-AE-CeNN-494,5457,0.0096764577513948,0.0116808078239863,0.0119763678909258,0.0,0.0,0.0136827692853023,0.0,0.0
history_corruption,CurrentOnly-AE-CeNN-494,5458,0.0099262165853785,0.0122607107547382,0.0126709002077072,0.0,0.0,0.0140130927041249,0.0,0.0
history_corruption,CurrentOnly-AE-CeNN-494,5459,0.0093151440166172,0.0125081493466415,0.0127890152744042,0.0,0.0,0.014677111850438,0.0,0.0
history_corruption,CurrentOnly-AE-CeNN-494,5460,0.0091987835233924,0.0118339107403602,0.012050569091681,0.0,0.0,0.0146351471815746,0.0,0.0
history_corruption,CurrentOnly-AE-CeNN-494,5461,0.0095403952341976,0.0121521964449307,0.0138381905159731,0.0,0.0,0.0152752420416658,0.0,0.0
history_corruption,CurrentOnly-AE-CeNN-494,5462,0.0093073338069423,0.0126679293012088,0.0129650100526741,0.0,0.0,0.0140081823923121,0.0,0.0
history_corruption,CurrentOnly-AE-CeNN-494,5463,0.0103127799777203,0.0139668838826304,0.0147127754198512,0.0,0.0,0.0144788899251521,0.0,0.0
history_corruption,CurrentOnly-AE-CeNN-494,5464,0.0102768318594326,0.0133271004867966,0.0159719663998974,0.0,0.0,0.0150082503471078,0.0,0.0
history_corruption,CurrentOnly-AE-CeNN-494,5465,0.0099514987252782,0.0129124584209159,0.0141162521468023,0.0,0.0,0.0148647268976135,0.0,0.0
history_corruption,CurrentOnly-AE-CeNN-494,5466,0.0089866820566586,0.0115088413875538,0.0117924602278378,0.0,0.0,0.0148484419226749,0.0,0.0
history_corruption,CurrentOnly-AE-CeNN-494,5467,0.0097991566073513,0.0127998603129349,0.0132363203453534,0.0,0.0,0.0145711548915449,0.0,0.0
history_corruption,CurrentOnly-AE-CeNN-494,5468,0.0095049920940337,0.0123615394840718,0.0131563344486768,0.0,0.0,0.0143659459278699,0.0,0.0
history_corruption,CurrentOnly-AE-CeNN-494,5469,0.0100866545234493,0.014245688036499,0.0151789318604653,0.0,0.0,0.0152326783129202,0.0,0.0
history_corruption,CurrentOnly-AE-CeNN-494,5470,0.0102785082260434,0.0132833563457096,0.0152211511663212,0.0,0.0,0.0153206104329223,0.0,0.0
history_corruption,CurrentOnly-AE-CeNN-494,5471,0.0101891839091346,0.0147094393327267,0.0153591262997272,0.0,0.0,0.0149504480505017,0.0,0.0
history_corruption,CurrentOnly-AE-CeNN-494,5472,0.009433226604528,0.0116098683345457,0.0122316935330577,0.0,0.0,0.0141075564305818,0.0,0.0
history_corruption,CurrentOnly-AE-CeNN-494,5473,0.0099665399565792,0.0141380266293358,0.0150353665247017,0.0,0.0,0.0146534917528103,0.0,0.0
history_corruption,CurrentOnly-AE-CeNN-494,5474,0.0094515277269591,0.0127333457736087,0.0130334560298122,0.0,0.0,0.0152863891531753,0.0,0.0
history_corruption,CurrentOnly-AE-CeNN-494,5475,0.0098826842193212,0.0139391986707778,0.0143676303501348,0.0,0.0,0.0145378132001097,0.0,0.0
history_corruption,CurrentOnly-AE-CeNN-494,5476,0.0100206695351547,0.0133694057969242,0.0137896070510401,0.0,0.0,0.0149670348654148,0.0,0.0
history_corruption,CurrentOnly-AE-CeNN-494,5477,0.0096283982103998,0.012861104763582,0.0131877504895536,0.0,0.0,0.0145748758729774,0.0,0.0
history_corruption,CurrentOnly-AE-CeNN-494,5478,0.0098257465889264,0.0120521901418335,0.012168863087979,0.0,0.0,0.014273333418598,0.0,0.0
history_corruption,CurrentOnly-AE-CeNN-494,5479,0.0092624794752586,0.0124998576496001,0.0130252427443675,0.0,0.0,0.0151455694001852,0.0,0.0
history_corruption,CurrentOnly-AE-CeNN-494,5480,0.0106838260946786,0.0144403719166411,0.0149955377706022,0.0,0.0,0.0156569734033694,0.0,0.0
history_corruption,CurrentOnly-AE-CeNN-494,5481,0.0101964813302714,0.0129344187105126,0.0133621130318585,0.0,0.0,0.0142496803671937,0.0,0.0
history_corruption,CurrentOnly-AE-CeNN-494,5482,0.0095305366253885,0.0115477511118589,0.01204655506886,0.0,0.0,0.0154373589752421,0.0,0.0
history_corruption,CurrentOnly-AE-CeNN-494,5483,0.0095136158508401,0.0123492435236603,0.012993815127066,0.0,0.0,0.0148489643346992,0.0,0.0
history_corruption,CurrentOnly-AE-CeNN-494,5484,0.0098691007445361,0.0127654666935742,0.013585146545542,0.0,0.0,0.014628773476638,0.0,0.0
history_corruption,CurrentOnly-AE-CeNN-494,5485,0.0098458511142949,0.0127415095131092,0.0133995622555366,0.0,0.0,0.0144017704437148,0.0,0.0
history_corruption,CurrentOnly-AE-CeNN-494,5486,0.0094666099012503,0.0122139723125902,0.0123950806010264,0.0,0.0,0.0147938709449314,0.0,0.0
history_corruption,CurrentOnly-AE-CeNN-494,5487,0.0101203725283532,0.013169273605508,0.0135043158662871,0.0,0.0,0.0150022287695948,0.0,0.0
history_corruption,CurrentOnly-AE-CeNN-494,5488,0.0095742182084698,0.0127893216841078,0.0133514518544651,0.0,0.0,0.0138834559206383,0.0,0.0
history_corruption,CurrentOnly-AE-CeNN-494,5489,0.0099103185662143,0.0122244691082471,0.0130481281223734,0.0,0.0,0.0142511355090335,0.0,0.0
history_corruption,CurrentOnly-AE-CeNN-494,5490,0.0102908461414521,0.0134439609978475,0.0146048552769166,0.0,0.0,0.0153693299436535,0.0,0.0
history_corruption,CurrentOnly-AE-CeNN-494,5491,0.0103947526431485,0.01343807040311,0.0139726581392482,0.0,0.0,0.0144776339843853,0.0,0.0
history_corruption,CurrentOnly-AE-CeNN-494,5492,0.0100211398345846,0.0131093226198295,0.0144740021328311,0.0,0.0,0.0152156004273974,0.0,0.0
history_corruption,CurrentOnly-AE-CeNN-494,5493,0.0100468830987002,0.0142178628989893,0.0145795036455787,0.0,0.0,0.0145145265329144,0.0,0.0
history_corruption,CurrentOnly-AE-CeNN-494,5494,0.0097212746788284,0.0126360516125073,0.0130626404578769,0.0,0.0,0.0148845352846178,0.0,0.0
history_corruption,CurrentOnly-AE-CeNN-494,5495,0.0101754035248024,0.0128153242299407,0.0131320412243533,0.0,0.0,0.0148197712207017,0.0,0.0
history_corruption,CurrentOnly-AE-CeNN-494,5496,0.0100863971737287,0.0131608621619676,0.0138060294150202,0.0,0.0,0.0140177100659118,0.0,0.0
history_corruption,CurrentOnly-AE-CeNN-494,5497,0.0100377299993209,0.0130545937805999,0.0134370750989211,0.0,0.0,0.0141637912127699,0.0,0.0
history_corruption,CurrentOnly-AE-CeNN-494,5498,0.0096332808137669,0.0121369228764606,0.0123910839734178,0.0,0.0,0.0150300635258702,0.0,0.0
history_corruption,CurrentOnly-AE-CeNN-494,5499,0.0097556757671564,0.0122883472650785,0.01362693349431,0.0,0.0,0.0147283126321134,0.0,0.0
history_corruption,G-DetectorGate-noRTA,5400,0.0093813229929742,0.0127914971943253,0.0136208690789123,0.0,0.0,0.0146896029022198,100.0,1.0
history_corruption,G-DetectorGate-noRTA,5401,0.0094254449249951,0.0123172219894369,0.0131396165696913,0.0,0.0,0.0134832421480913,100.0,1.0
history_corruption,G-DetectorGate-noRTA,5402,0.0098290150369637,0.0139384888329061,0.0158385788805659,0.0,0.0,0.0162781379933351,100.0,1.0
history_corruption,G-DetectorGate-noRTA,5403,0.0097133036378383,0.0127540151510758,0.0131269195170217,0.0,0.0,0.0152022513314673,100.0,1.0
history_corruption,G-DetectorGate-noRTA,5404,0.010037885316615,0.0137522176207029,0.0143004617111943,0.0,0.0,0.0146474547028992,100.0,1.0
history_corruption,G-DetectorGate-noRTA,5405,0.0095982552399458,0.0117713315804439,0.0120818149763214,0.0,0.0,0.0145068134029639,100.0,1.0
history_corruption,G-DetectorGate-noRTA,5406,0.0098209275938776,0.0119738278044966,0.0122060669865998,0.0,0.0,0.0141769078143577,100.0,1.0
history_corruption,G-DetectorGate-noRTA,5407,0.0098322322716932,0.0131032993631613,0.0140417941892617,0.0,0.0,0.0144384675319679,100.0,1.0
history_corruption,G-DetectorGate-noRTA,5408,0.0092262181001893,0.0117702029798369,0.0120959660491813,0.0,0.0,0.0145964187634505,100.0,1.0
history_corruption,G-DetectorGate-noRTA,5409,0.0092622668486064,0.012148911905287,0.0125595926766406,0.0,0.0,0.0139426092136846,100.0,1.0
history_corruption,G-DetectorGate-noRTA,5410,0.0102383657913447,0.0144954728589129,0.0159110062970575,0.0,0.0,0.0137786002422337,100.0,1.0
history_corruption,G-DetectorGate-noRTA,5411,0.0101751179988996,0.0125992760893582,0.0169648287842629,0.0,0.0,0.0152893202625396,100.0,1.0
history_corruption,G-DetectorGate-noRTA,5412,0.0100705683746328,0.013759237868257,0.0142735302556613,0.0,0.0,0.0135484240311277,100.0,1.0
history_corruption,G-DetectorGate-noRTA,5413,0.0099759859685895,0.012806673609932,0.0139158654378876,0.0,0.0,0.0152281709138811,100.0,1.0
history_corruption,G-DetectorGate-noRTA,5414,0.0104216147020352,0.0131113095979255,0.0135734429315495,0.0,0.0,0.0150897141861504,100.0,1.0
history_corruption,G-DetectorGate-noRTA,5415,0.0098300849473125,0.0136672930801091,0.0149029625212551,0.0,0.0,0.0157004271898359,100.0,1.0
history_corruption,G-DetectorGate-noRTA,5416,0.0094692536800068,0.0124306810731239,0.0128404330488438,0.0,0.0,0.0147750566208461,100.0,1.0
history_corruption,G-DetectorGate-noRTA,5417,0.0096204841508963,0.0123530869736969,0.0136838342999821,0.0,0.0,0.0144258994758986,100.0,1.0
history_corruption,G-DetectorGate-noRTA,5418,0.0101649492560615,0.0133683113643037,0.0141063143452154,0.0,0.0,0.0145692337873643,100.0,1.0
history_corruption,G-DetectorGate-noRTA,5419,0.0091977506165606,0.0117541975950479,0.0118674881233323,0.0,0.0,0.0148288994253329,100.0,1.0
history_corruption,G-DetectorGate-noRTA,5420,0.0099380571934468,0.0138293493886452,0.0145076942923493,0.0,0.0,0.0152598239623571,100.0,1.0
history_corruption,G-DetectorGate-noRTA,5421,0.0099964874720454,0.0132258241056361,0.0137068264202783,0.0,0.0,0.0147896030184724,100.0,1.0
history_corruption,G-DetectorGate-noRTA,5422,0.0102086116669175,0.0130011280902468,0.0138831889656033,0.0,0.0,0.01519201792072,100.0,1.0
history_corruption,G-DetectorGate-noRTA,5423,0.0094447971703625,0.0132175651224351,0.0138022935903981,0.0,0.0,0.0149840480097024,100.0,1.0
history_corruption,G-DetectorGate-noRTA,5424,0.0091464485761133,0.0118084909911781,0.0125193189111087,0.0,0.0,0.0145569268228853,100.0,1.0
history_corruption,G-DetectorGate-noRTA,5425,0.0093655399355004,0.0122103377753977,0.0129771443713774,0.0,0.0,0.0141520078508357,100.0,1.0
history_corruption,G-DetectorGate-noRTA,5426,0.0098262774688671,0.0125134473085784,0.0133432486450427,0.0,0.0,0.0143658632488413,100.0,1.0
history_corruption,G-DetectorGate-noRTA,5427,0.0095788166612766,0.0115598979473484,0.0118749570438518,0.0,0.0,0.0146448188106822,100.0,1.0
history_corruption,G-DetectorGate-noRTA,5428,0.0092277446446436,0.012523578995848,0.0126966685432541,0.0,0.0,0.0143410750642804,100.0,1.0
history_corruption,G-DetectorGate-noRTA,5429,0.0096064636891348,0.0133064416754868,0.0143995832425797,0.0,0.0,0.0139817466394221,100.0,1.0
history_corruption,G-DetectorGate-noRTA,5430,0.0100936933893186,0.0125514954826936,0.0132079002833069,0.0,0.0,0.0150698775306979,100.0,1.0
history_corruption,G-DetectorGate-noRTA,5431,0.0094045362295655,0.0116486836541354,0.0117939301980573,0.0,0.0,0.0143851603154384,100.0,1.0
history_corruption,G-DetectorGate-noRTA,5432,0.0092023219104679,0.0126606560994831,0.0133208314729099,0.0,0.0,0.0149856522626016,100.0,1.0
history_corruption,G-DetectorGate-noRTA,5433,0.0098904139025946,0.0125885114856533,0.0172837629865892,0.0,0.0,0.0157784320835363,100.0,1.0
history_corruption,G-DetectorGate-noRTA,5434,0.0101293183450115,0.0138269649181965,0.0146374134684397,0.0,0.0,0.0145708625692967,100.0,1.0
history_corruption,G-DetectorGate-noRTA,5435,0.0095671053148496,0.0119977668863227,0.012288619115813,0.0,0.0,0.0154722456610567,100.0,1.0
history_corruption,G-DetectorGate-noRTA,5436,0.0095331804544693,0.0121736963683322,0.012619331860532,0.0,0.0,0.0148508368110582,100.0,1.0
history_corruption,G-DetectorGate-noRTA,5437,0.0103346533885125,0.0134243454323094,0.0138482251908164,0.0,0.0,0.0146115441781127,100.0,1.0
history_corruption,G-DetectorGate-noRTA,5438,0.0094166426333381,0.0125131070220288,0.0133236957531619,0.0,0.0,0.0147284224324981,100.0,1.0
history_corruption,G-DetectorGate-noRTA,5439,0.0098178167573096,0.0122420777339973,0.0127690346877942,0.0,0.0,0.014540334581185,100.0,1.0
history_corruption,G-DetectorGate-noRTA,5440,0.0098957400095808,0.0128787332038061,0.0137472409232822,0.0,0.0,0.0153411885187526,100.0,1.0
history_corruption,G-DetectorGate-noRTA,5441,0.0099997244428852,0.0127998302162044,0.0140616960698972,0.0,0.0,0.016440016739655,100.0,1.0
history_corruption,G-DetectorGate-noRTA,5442,0.0097016749819574,0.0131482648474608,0.0135703204865044,0.0,0.0,0.0147980295888314,100.0,1.0
history_corruption,G-DetectorGate-noRTA,5443,0.0098290913246722,0.0124569645300262,0.0128463542598452,0.0,0.0,0.0151554990369641,100.0,1.0
history_corruption,G-DetectorGate-noRTA,5444,0.0091427590514258,0.0120194924461305,0.0126818269202923,0.0,0.0,0.0137334568416234,100.0,1.0
history_corruption,G-DetectorGate-noRTA,5445,0.0093286287773109,0.0134060130598487,0.0146729610872898,0.0,0.0,0.0148480076084889,100.0,1.0
history_corruption,G-DetectorGate-noRTA,5446,0.0092435946618239,0.0130119583740166,0.0134705985269592,0.0,0.0,0.0148287572009279,100.0,1.0
history_corruption,G-DetectorGate-noRTA,5447,0.0102460974668701,0.0132552714614472,0.013638185670134,0.0,0.0,0.0145418820821923,100.0,1.0
history_corruption,G-DetectorGate-noRTA,5448,0.0095875757032679,0.0125288968333373,0.0128641440407851,0.0,0.0,0.0154404676863058,100.0,1.0
history_corruption,G-DetectorGate-noRTA,5449,0.0097005118741819,0.0128489641768285,0.0139810705365282,0.0,0.0,0.0146306390233498,100.0,1.0
history_corruption,G-DetectorGate-noRTA,5450,0.0100785321865698,0.0127105107442618,0.0130953285208117,0.0,0.0,0.0140387903373176,100.0,1.0
history_corruption,G-DetectorGate-noRTA,5451,0.0093960820364626,0.0121316666673375,0.0150736406412894,0.0,0.0,0.0157100078615414,100.0,1.0
history_corruption,G-DetectorGate-noRTA,5452,0.0092452245983441,0.0123701566794538,0.0128099177810909,0.0,0.0,0.0150454394512205,100.0,1.0
history_corruption,G-DetectorGate-noRTA,5453,0.0097074811563731,0.0124173297367489,0.0129129166966053,0.0,0.0,0.0145187437991487,100.0,1.0
history_corruption,G-DetectorGate-noRTA,5454,0.0093213478207446,0.0120113357095473,0.0136763292801417,0.0,0.0,0.0146272482368938,100.0,1.0
history_corruption,G-DetectorGate-noRTA,5455,0.0092669212815558,0.0119415159086515,0.0125065502229637,0.0,0.0,0.0146008240953256,100.0,1.0
history_corruption,G-DetectorGate-noRTA,5456,0.0099338262794489,0.0126521838687896,0.0129579336261097,0.0,0.0,0.0149100841364874,100.0,1.0
history_corruption,G-DetectorGate-noRTA,5457,0.0096738171320267,0.0116799702393066,0.0119754130400869,0.0,0.0,0.0136874881866877,100.0,1.0
history_corruption,G-DetectorGate-noRTA,5458,0.0099289219649369,0.0123308957438221,0.012728520805061,0.0,0.0,0.0140405754670357,100.0,1.0
history_corruption,G-DetectorGate-noRTA,5459,0.0092732150467355,0.0124293827983488,0.0127883836539788,0.0,0.0,0.0146689697749906,100.0,1.0
history_corruption,G-DetectorGate-noRTA,5460,0.009214870399315,0.0119373536874699,0.0122106496087467,0.0,0.0,0.0146399262253353,100.0,1.0
history_corruption,G-DetectorGate-noRTA,5461,0.0095255732390973,0.0121636032632182,0.013836356404414,0.0,0.0,0.0152730108146944,100.0,1.0
history_corruption,G-DetectorGate-noRTA,5462,0.0093132774607653,0.0126662773636586,0.012976895973389,0.0,0.0,0.0140256212835631,100.0,1.0
history_corruption,G-DetectorGate-noRTA,5463,0.0102948346651208,0.0138789258774331,0.0146482348741427,0.0,0.0,0.0144934927790868,100.0,1.0
history_corruption,G-DetectorGate-noRTA,5464,0.010314690179511,0.0134543734058438,0.0160236744022348,0.0,0.0,0.0150228070620713,100.0,1.0
history_corruption,G-DetectorGate-noRTA,5465,0.0099722376154876,0.0129364574411448,0.0141441920526949,0.0,0.0,0.0148584163330155,100.0,1.0
history_corruption,G-DetectorGate-noRTA,5466,0.0089963356271877,0.0115086921056439,0.0117928158365225,0.0,0.0,0.0148439325924746,100.0,1.0
history_corruption,G-DetectorGate-noRTA,5467,0.0097949825147064,0.0127382605224985,0.0132303045660587,0.0,0.0,0.014578467552499,100.0,1.0
history_corruption,G-DetectorGate-noRTA,5468,0.0094982474577241,0.0123357067465105,0.0131429999511177,0.0,0.0,0.0143593292342602,100.0,1.0
history_corruption,G-DetectorGate-noRTA,5469,0.0100773204620015,0.0141862532767988,0.0151478210453809,0.0,0.0,0.0152093179817255,100.0,1.0
history_corruption,G-DetectorGate-noRTA,5470,0.0102986248854644,0.0132776514019451,0.0152119884616876,0.0,0.0,0.0153201570852467,100.0,1.0
history_corruption,G-DetectorGate-noRTA,5471,0.0102147094126851,0.0148534424388862,0.0154881347086465,0.0,0.0,0.0149532725999963,100.0,1.0
history_corruption,G-DetectorGate-noRTA,5472,0.0094297453305869,0.0115784497881505,0.0121516346233839,0.0,0.0,0.0141066138910916,100.0,1.0
history_corruption,G-DetectorGate-noRTA,5473,0.0099976440257774,0.0142910956209635,0.0151957728666628,0.0,0.0,0.0146566618133977,100.0,1.0
history_corruption,G-DetectorGate-noRTA,5474,0.0094741310341245,0.012809769528758,0.01312997641477,0.0,0.0,0.0152732385041907,100.0,1.0
history_corruption,G-DetectorGate-noRTA,5475,0.0099112598264034,0.014091663144869,0.0145626311141485,0.0,0.0,0.0145384777274287,100.0,1.0
history_corruption,G-DetectorGate-noRTA,5476,0.0100268173042096,0.013348301121773,0.0137193934341463,0.0,0.0,0.0149659959910879,100.0,1.0
history_corruption,G-DetectorGate-noRTA,5477,0.0096381792699816,0.012891729066774,0.0132151133374464,0.0,0.0,0.0145744235577944,100.0,1.0
history_corruption,G-DetectorGate-noRTA,5478,0.0098334921766748,0.0120560661912387,0.0121584177907664,0.0,0.0,0.0142730520310913,100.0,1.0
history_corruption,G-DetectorGate-noRTA,5479,0.0092452910062846,0.0124925050271296,0.0130190703903554,0.0,0.0,0.015146603819244,100.0,1.0
history_corruption,G-DetectorGate-noRTA,5480,0.0106878308333416,0.0144624605176185,0.0150312390439645,0.0,0.0,0.01565553140087,100.0,1.0
history_corruption,G-DetectorGate-noRTA,5481,0.0102162657009964,0.0129317904995227,0.0133659583194481,0.0,0.0,0.0142575749998927,100.0,1.0
history_corruption,G-DetectorGate-noRTA,5482,0.0095285156493678,0.0115463039792347,0.012035291786874,0.0,0.0,0.0154444348321988,100.0,1.0
history_corruption,G-DetectorGate-noRTA,5483,0.0095032038499535,0.0123325590006777,0.0129993424398717,0.0,0.0,0.0148472038577335,100.0,1.0
history_corruption,G-DetectorGate-noRTA,5484,0.0098740522950285,0.0126811772289259,0.0137091813609592,0.0,0.0,0.014645983767838,100.0,1.0
history_corruption,G-DetectorGate-noRTA,5485,0.0098266105535305,0.0126417257974919,0.0133247988136084,0.0,0.0,0.0144104629673557,100.0,1.0
history_corruption,G-DetectorGate-noRTA,5486,0.0094575191911947,0.0121904759814586,0.0123809304658316,0.0,0.0,0.0147880644235837,100.0,1.0
history_corruption,G-DetectorGate-noRTA,5487,0.0101109295195352,0.0131711767333615,0.0135202980430273,0.0,0.0,0.0150077668558996,100.0,1.0
history_corruption,G-DetectorGate-noRTA,5488,0.0095708126993083,0.0128624087612633,0.0134460983945308,0.0,0.0,0.0138848589752997,100.0,1.0
history_corruption,G-DetectorGate-noRTA,5489,0.0099183161049456,0.0122693737600558,0.0130207122695373,0.0,0.0,0.0142430544434156,100.0,1.0
history_corruption,G-DetectorGate-noRTA,5490,0.0103142765065098,0.0135285191197327,0.0147546668496987,0.0,0.0,0.0153743454692892,100.0,1.0
history_corruption,G-DetectorGate-noRTA,5491,0.0104304007570523,0.0135058901002624,0.0140231692453224,0.0,0.0,0.0144735534486705,100.0,1.0
history_corruption,G-DetectorGate-noRTA,5492,0.0100244349078568,0.0129911997159226,0.0146116052879119,0.0,0.0,0.0152677388255388,100.0,1.0
history_corruption,G-DetectorGate-noRTA,5493,0.0100503636577565,0.0142340547480909,0.0145655171361175,0.0,0.0,0.0144981447737133,100.0,1.0
history_corruption,G-DetectorGate-noRTA,5494,0.0097430604532903,0.012719446181147,0.0131625215658913,0.0,0.0,0.0148889303911852,100.0,1.0
history_corruption,G-DetectorGate-noRTA,5495,0.0101740132324955,0.0128177993041566,0.0131411084615899,0.0,0.0,0.014815168431289,100.0,1.0
history_corruption,G-DetectorGate-noRTA,5496,0.0100905128813677,0.0131381050512371,0.0137633615736318,0.0,0.0,0.0140144279236604,100.0,1.0
history_corruption,G-DetectorGate-noRTA,5497,0.0100099747847506,0.0129114413294406,0.0132786068316283,0.0,0.0,0.0141607058293659,100.0,1.0
history_corruption,G-DetectorGate-noRTA,5498,0.0096100746593348,0.0121026890836391,0.012386375347362,0.0,0.0,0.0150303638337891,100.0,1.0
history_corruption,G-DetectorGate-noRTA,5499,0.0097439714347136,0.0122657070992289,0.0134084952627185,0.0,0.0,0.014709367920662,100.0,1.0
history_corruption,H-RTA-SupervisedGate,5400,0.0093698770646639,0.0127912743350943,0.0136201920237307,0.0,0.0,0.0146994942684665,0.0909918107370336,0.0009099181073703
history_corruption,H-RTA-SupervisedGate,5401,0.0094076093314259,0.0123191436440117,0.0131418019397975,0.0,0.0,0.0134912785063322,0.0,0.0
history_corruption,H-RTA-SupervisedGate,5402,0.0098348723547555,0.0139288314976261,0.0158908059885742,0.0,0.0,0.0162807160170571,0.0909918107370336,0.0009099181073703
history_corruption,H-RTA-SupervisedGate,5403,0.009714651285376,0.0127567867659181,0.0131272057628507,0.0,0.0,0.0152030574143162,0.0909918107370336,0.0009099181073703
history_corruption,H-RTA-SupervisedGate,5404,0.010039052800414,0.0138192669925278,0.0143611504213129,0.0,0.0,0.0146487902179503,0.0,0.0
history_corruption,H-RTA-SupervisedGate,5405,0.0096012354328375,0.0117799444837497,0.0121281955623084,0.0,0.0,0.0145012836271311,0.0,0.0
history_corruption,H-RTA-SupervisedGate,5406,0.00983291005697,0.012041867751397,0.0123027510553615,0.0,0.0,0.0141814840877288,0.0,0.0
history_corruption,H-RTA-SupervisedGate,5407,0.009827313872452,0.0132063901299363,0.0141258040590663,0.0,0.0,0.0144480884031152,0.0,0.0
history_corruption,H-RTA-SupervisedGate,5408,0.0092046407398605,0.0117683627730875,0.0120938068725268,0.0,0.0,0.0146029516605892,0.0,0.0
history_corruption,H-RTA-SupervisedGate,5409,0.00926564010808,0.0121498048131978,0.0125596186714248,0.0,0.0,0.01392824991704,0.0,0.0
history_corruption,H-RTA-SupervisedGate,5410,0.0102130698032234,0.0144945852877947,0.0159100589261268,0.0,0.0,0.0137786639097124,0.0,0.0
history_corruption,H-RTA-SupervisedGate,5411,0.0101569205992446,0.0125128671726566,0.0169214896196108,0.0,0.0,0.0152933129357251,0.1819836214740673,0.0018198362147406
history_corruption,H-RTA-SupervisedGate,5412,0.0100691445023586,0.0137318745208513,0.0142359417660775,0.0,0.0,0.0135482469587728,0.0,0.0
history_corruption,H-RTA-SupervisedGate,5413,0.0099761747880345,0.0128061996415572,0.0139087819491749,0.0,0.0,0.0152282699168907,0.0,0.0
history_corruption,H-RTA-SupervisedGate,5414,0.0104131672837563,0.0130893506979112,0.0135543924048012,0.0,0.0,0.0150884044974979,0.0,0.0
history_corruption,H-RTA-SupervisedGate,5415,0.0098331613492103,0.0136937138831084,0.0148827889454191,0.0,0.0,0.0156898486277206,0.0,0.0
history_corruption,H-RTA-SupervisedGate,5416,0.009458611446106,0.0124278312907822,0.012832820024755,0.0,0.0,0.0147703567630329,0.0,0.0
history_corruption,H-RTA-SupervisedGate,5417,0.0096444674864754,0.0123715458386968,0.0137062177788704,0.0,0.0,0.0144234609330026,0.0,0.0
history_corruption,H-RTA-SupervisedGate,5418,0.0101840091053018,0.0133261199729664,0.0140504285714267,0.0,0.0,0.0145777454550858,0.0,0.0
history_corruption,H-RTA-SupervisedGate,5419,0.0091935182042638,0.0117576411050049,0.0118659088563692,0.0,0.0,0.0148283260188226,0.0,0.0
history_corruption,H-RTA-SupervisedGate,5420,0.009946274426869,0.0139143670389762,0.01464237404983,0.0,0.0,0.0152543171401337,0.0,0.0
history_corruption,H-RTA-SupervisedGate,5421,0.009999083077188,0.0132435953801236,0.0137307217440135,0.0,0.0,0.0147783847277111,0.0,0.0
history_corruption,H-RTA-SupervisedGate,5422,0.0101894536489671,0.0129692285979247,0.0139104981488909,0.0,0.0,0.0151885437944936,0.0,0.0
history_corruption,H-RTA-SupervisedGate,5423,0.009452200805257,0.0132353023700434,0.0138166343248984,0.0,0.0,0.0149628341261898,0.0,0.0
history_corruption,H-RTA-SupervisedGate,5424,0.0091270583219403,0.0117326262945804,0.0124154436026419,0.0,0.0,0.0145732771657584,0.0,0.0
history_corruption,H-RTA-SupervisedGate,5425,0.0093642205844379,0.0121917905699071,0.012951298850215,0.0,0.0,0.0141528733334906,0.0,0.0
history_corruption,H-RTA-SupervisedGate,5426,0.009835664961658,0.0124844379300572,0.0132955405315333,0.0,0.0,0.0143775473774133,0.0,0.0
history_corruption,H-RTA-SupervisedGate,5427,0.009602395446614,0.0115852043693086,0.0119478604420064,0.0,0.0,0.0146451344102474,0.0,0.0
history_corruption,H-RTA-SupervisedGate,5428,0.0092142736709882,0.0125135111023743,0.0126871973240522,0.0,0.0,0.0143464032595158,0.0,0.0
history_corruption,H-RTA-SupervisedGate,5429,0.0096084374363528,0.0132218014064409,0.0143039953803233,0.0,0.0,0.0139850620698624,0.0,0.0
history_corruption,H-RTA-SupervisedGate,5430,0.010095378053657,0.0126092460555279,0.0132717475120223,0.0,0.0,0.0150598610810417,0.0,0.0
history_corruption,H-RTA-SupervisedGate,5431,0.0094055570696887,0.0116575009261444,0.0118007410017275,0.0,0.0,0.0143839433270825,0.0,0.0
history_corruption,H-RTA-SupervisedGate,5432,0.009186021271327,0.0126586301446577,0.0133206787295966,0.0,0.0,0.0149863014409359,0.0,0.0
history_corruption,H-RTA-SupervisedGate,5433,0.0099130748469888,0.0125847573538833,0.0172493474525328,0.0,0.0,0.0157630180984441,0.0,0.0
history_corruption,H-RTA-SupervisedGate,5434,0.0101404953907419,0.0138072005198169,0.0146258629914611,0.0,0.0,0.0145631487136451,0.0,0.0
history_corruption,H-RTA-SupervisedGate,5435,0.009521132429743,0.0119633280031462,0.0122201055772214,0.0,0.0,0.0154674953152642,0.0,0.0
history_corruption,H-RTA-SupervisedGate,5436,0.0095413489182909,0.0121787121160328,0.0126387382835861,0.0,0.0,0.0148454875868185,0.0,0.0
history_corruption,H-RTA-SupervisedGate,5437,0.0103583773608553,0.0133796542250836,0.0138070169682816,0.0,0.0,0.0146154980208915,0.0,0.0
history_corruption,H-RTA-SupervisedGate,5438,0.0094283263149868,0.0125080630558971,0.0131241623351818,0.0,0.0,0.0147243642728212,0.0909918107370336,0.0009099181073703
history_corruption,H-RTA-SupervisedGate,5439,0.0097773655858403,0.0121219490239461,0.0125053101950686,0.0,0.0,0.014530786821402,0.0,0.0
history_corruption,H-RTA-SupervisedGate,5440,0.0099329021994938,0.0128889151896923,0.0137681855751708,0.0,0.0,0.0153249673349957,0.1819836214740673,0.0018198362147406
history_corruption,H-RTA-SupervisedGate,5441,0.0100033744281045,0.0127929724886266,0.0140255833584541,0.0,0.0,0.0164534489371277,0.0,0.0
history_corruption,H-RTA-SupervisedGate,5442,0.0097292086179827,0.0132748261809693,0.0137885034034959,0.0,0.0,0.0147861321050939,0.0,0.0
history_corruption,H-RTA-SupervisedGate,5443,0.0098761378348683,0.0125072140623019,0.0128443563202978,0.0,0.0,0.015166229992687,0.0,0.0
history_corruption,H-RTA-SupervisedGate,5444,0.0091488643408484,0.0120216075719441,0.0127411252212267,0.0,0.0,0.0137470879139699,0.0,0.0
history_corruption,H-RTA-SupervisedGate,5445,0.0093223221525677,0.0133982251512416,0.0146761474797345,0.0,0.0,0.0148542813730008,0.0,0.0
history_corruption,H-RTA-SupervisedGate,5446,0.0092413727601196,0.0128889374852722,0.0133457325166469,0.0,0.0,0.0148101832026662,0.0,0.0
history_corruption,H-RTA-SupervisedGate,5447,0.0102172169827307,0.0131782289566906,0.0135772228419967,0.0,0.0,0.0145415273581798,0.0,0.0
history_corruption,H-RTA-SupervisedGate,5448,0.0096134598438065,0.0126566518566406,0.0130399292970642,0.0,0.0,0.0154405024340907,0.0,0.0
history_corruption,H-RTA-SupervisedGate,5449,0.0097179199056085,0.0128677486904855,0.0140030873427188,0.0,0.0,0.0146336367515764,0.0,0.0
history_corruption,H-RTA-SupervisedGate,5450,0.0100254603707535,0.0124779351076132,0.0128273527985485,0.0,0.0,0.0140363850852957,0.0,0.0
history_corruption,H-RTA-SupervisedGate,5451,0.0093740374493034,0.0121280276952224,0.0150974215005817,0.0,0.0,0.0156897849698846,0.0,0.0
history_corruption,H-RTA-SupervisedGate,5452,0.009253189420721,0.0123939198568179,0.0128218376238484,0.0,0.0,0.0150547522208352,0.0,0.0
history_corruption,H-RTA-SupervisedGate,5453,0.0097182658106039,0.0124326659016049,0.0128468693497495,0.0,0.0,0.0145136855771606,0.0,0.0
history_corruption,H-RTA-SupervisedGate,5454,0.0093040324954188,0.0119799882499713,0.0136719101853784,0.0,0.0,0.0146310256100791,0.0,0.0
history_corruption,H-RTA-SupervisedGate,5455,0.0092476912484516,0.0119416250905327,0.0125084686299946,0.0,0.0,0.0146012592651708,0.0,0.0
history_corruption,H-RTA-SupervisedGate,5456,0.0098867070329445,0.0125116682296482,0.0128853584845511,0.0,0.0,0.014908852864061,0.0,0.0
history_corruption,H-RTA-SupervisedGate,5457,0.0096805836583037,0.0116807841134448,0.0119761828467235,0.0,0.0,0.0136835417799465,0.0,0.0
history_corruption,H-RTA-SupervisedGate,5458,0.0099272630250678,0.0122607014375586,0.0126708885783794,0.0,0.0,0.0140127522335007,0.0,0.0
history_corruption,H-RTA-SupervisedGate,5459,0.0093151401292675,0.0125081493454322,0.0127889811283712,0.0,0.0,0.0146772829534252,0.0,0.0
history_corruption,H-RTA-SupervisedGate,5460,0.0091980389369577,0.011833906911338,0.0120505651466749,0.0,0.0,0.0146341015696875,0.0,0.0
history_corruption,H-RTA-SupervisedGate,5461,0.0095428664008636,0.0121513700165128,0.0138675813077103,0.0,0.0,0.0152748749426275,0.0,0.0
history_corruption,H-RTA-SupervisedGate,5462,0.0093073338069423,0.0126679293012088,0.0129650100526741,0.0,0.0,0.0140081823923121,0.0,0.0
history_corruption,H-RTA-SupervisedGate,5463,0.0103147711512968,0.0139668805273094,0.0147127696095997,0.0,0.0,0.0144932811434439,0.0,0.0
history_corruption,H-RTA-SupervisedGate,5464,0.0102789824985675,0.0133270883473323,0.016042371776622,0.0,0.0,0.0150315098335174,0.0,0.0
history_corruption,H-RTA-SupervisedGate,5465,0.0099491949440684,0.012912458448629,0.0141162521849932,0.0,0.0,0.0148684808063975,0.0,0.0
history_corruption,H-RTA-SupervisedGate,5466,0.0089866820566586,0.0115088413875538,0.0117924602278378,0.0,0.0,0.0148484419226749,0.0,0.0
history_corruption,H-RTA-SupervisedGate,5467,0.0098000992846899,0.0127998602760002,0.0132363202143718,0.0,0.0,0.0145796451287816,0.0,0.0
history_corruption,H-RTA-SupervisedGate,5468,0.0095047963829226,0.012361538935708,0.0131563344344676,0.0,0.0,0.0143647578327533,0.0,0.0
history_corruption,H-RTA-SupervisedGate,5469,0.0100739071018486,0.0142456844702213,0.0151789386344827,0.0,0.0,0.0151898430994506,0.0,0.0
history_corruption,H-RTA-SupervisedGate,5470,0.0102819733182158,0.0132818649315247,0.015215348320429,0.0,0.0,0.0153265313174671,0.0,0.0
history_corruption,H-RTA-SupervisedGate,5471,0.0101837302897712,0.0146774200479083,0.0153175301042417,0.0,0.0,0.0149510109416891,0.0909918107370336,0.0009099181073703
history_corruption,H-RTA-SupervisedGate,5472,0.0094326222318595,0.01160987144076,0.0122316948720438,0.0,0.0,0.0141065294374245,0.0,0.0
history_corruption,H-RTA-SupervisedGate,5473,0.0099668516390476,0.0141380266129901,0.0150353665150925,0.0,0.0,0.0146533296883943,0.0,0.0
history_corruption,H-RTA-SupervisedGate,5474,0.0094509003100375,0.012733345746554,0.0130334560047242,0.0,0.0,0.0152853286864578,0.0,0.0
history_corruption,H-RTA-SupervisedGate,5475,0.0098829860861637,0.0139391986554973,0.0143676303408739,0.0,0.0,0.0145379651267948,0.0,0.0
history_corruption,H-RTA-SupervisedGate,5476,0.0100210500468097,0.0133694089857693,0.0137875948506302,0.0,0.0,0.0149628245419933,0.0,0.0
history_corruption,H-RTA-SupervisedGate,5477,0.0096284074654542,0.0128611026093074,0.0131877477517963,0.0,0.0,0.0145746874884446,0.0,0.0
history_corruption,H-RTA-SupervisedGate,5478,0.0098257465889264,0.0120521901418335,0.012168863087979,0.0,0.0,0.014273333418598,0.0,0.0
history_corruption,H-RTA-SupervisedGate,5479,0.0092624088687347,0.0124998580038761,0.0130252427451511,0.0,0.0,0.0151452057552063,0.0,0.0
history_corruption,H-RTA-SupervisedGate,5480,0.0106837283304914,0.014440366352195,0.0149955379511954,0.0,0.0,0.0156577812681847,0.0909918107370336,0.0009099181073703
history_corruption,H-RTA-SupervisedGate,5481,0.0101977877527098,0.0129344162952503,0.0133621103059899,0.0,0.0,0.0142533890816425,0.0,0.0
history_corruption,H-RTA-SupervisedGate,5482,0.0095305366253885,0.0115477511118589,0.01204655506886,0.0,0.0,0.0154373589752421,0.0,0.0
history_corruption,H-RTA-SupervisedGate,5483,0.0095135979130635,0.0123492431878631,0.012992389781974,0.0,0.0,0.0148489033956188,0.0,0.0
history_corruption,H-RTA-SupervisedGate,5484,0.0098697934669311,0.0127654619252697,0.0136134553903936,0.0,0.0,0.0146364117362247,0.0,0.0
history_corruption,H-RTA-SupervisedGate,5485,0.0098458511142949,0.0127415095131092,0.0133995622555366,0.0,0.0,0.0144017704437148,0.0,0.0
history_corruption,H-RTA-SupervisedGate,5486,0.0094666099012503,0.0122139723125902,0.0123950806010264,0.0,0.0,0.0147938709449314,0.0,0.0
history_corruption,H-RTA-SupervisedGate,5487,0.0101202737846664,0.0131692679597188,0.0135043158650042,0.0,0.0,0.0150018656378425,0.0,0.0
history_corruption,H-RTA-SupervisedGate,5488,0.0095755721738563,0.0127893216540918,0.0133514517808373,0.0,0.0,0.0138872590145877,0.0,0.0
history_corruption,H-RTA-SupervisedGate,5489,0.0099101534227921,0.012224469090665,0.0130481276235137,0.0,0.0,0.0142509398249865,0.0,0.0
history_corruption,H-RTA-SupervisedGate,5490,0.010291345683008,0.0134439610034414,0.0146415731554435,0.0,0.0,0.0153829868475973,0.0,0.0
history_corruption,H-RTA-SupervisedGate,5491,0.0103943223035205,0.0134380711127909,0.0139726590776096,0.0,0.0,0.0144768141529483,0.0,0.0
history_corruption,H-RTA-SupervisedGate,5492,0.0100300583451688,0.0131158845235516,0.0146114482653803,0.0,0.0,0.0152615781647985,0.0,0.0
history_corruption,H-RTA-SupervisedGate,5493,0.0100420258445548,0.0142178606477642,0.0145795098287553,0.0,0.0,0.0144988583169268,0.0,0.0
history_corruption,H-RTA-SupervisedGate,5494,0.0097235500174088,0.0126360515836777,0.0130626404148019,0.0,0.0,0.0148943484811214,0.0,0.0
history_corruption,H-RTA-SupervisedGate,5495,0.0101753231830286,0.012815324184517,0.0131320411948239,0.0,0.0,0.0148189806779737,0.0,0.0
history_corruption,H-RTA-SupervisedGate,5496,0.0100856507460566,0.0131608626154028,0.0138060306358355,0.0,0.0,0.0140178590258892,0.0,0.0
history_corruption,H-RTA-SupervisedGate,5497,0.0100381748549332,0.0130545937430134,0.0134370750449902,0.0,0.0,0.014163696885645,0.0,0.0
history_corruption,H-RTA-SupervisedGate,5498,0.0096294590475844,0.012136922884784,0.0123897219352616,0.0,0.0,0.015026469001258,0.0,0.0
history_corruption,H-RTA-SupervisedGate,5499,0.0097481358565449,0.012276085737686,0.0134857789824207,0.0,0.0,0.014709930134988,0.0,0.0
sensor_spikes,CurrentOnly-AE-CeNN-494,5400,0.0095259065681628,0.0128183064286161,0.0136473081337035,0.0,0.0,0.0125979836324175,0.0,0.0
sensor_spikes,CurrentOnly-AE-CeNN-494,5401,0.0097949827415134,0.0145153161852936,0.0154874955293504,0.0,0.0,0.0122080040477914,0.0,0.0
sensor_spikes,CurrentOnly-AE-CeNN-494,5402,0.0092156231112265,0.0136939397684343,0.0146910904710517,0.0,0.0,0.0154766693734218,0.0,0.0
sensor_spikes,CurrentOnly-AE-CeNN-494,5403,0.0102605866694347,0.0158070329176484,0.0169010496831297,0.0,0.0,0.0156783577138853,0.0,0.0
sensor_spikes,CurrentOnly-AE-CeNN-494,5404,0.0102113099281795,0.0134012776525314,0.0138891464812572,0.0,0.0,0.0113814477604813,0.0,0.0
sensor_spikes,CurrentOnly-AE-CeNN-494,5405,0.0098210783565065,0.0119329532130821,0.0134889805448404,0.0,0.0,0.0121917420065296,0.0,0.0
sensor_spikes,CurrentOnly-AE-CeNN-494,5406,0.0103696511574371,0.0130178172325525,0.0212127709955848,0.0,0.0,0.014281609123969,0.0,0.0
sensor_spikes,CurrentOnly-AE-CeNN-494,5407,0.0099811334995832,0.0154541155626523,0.0168690591472292,0.0,0.0,0.0124090063231763,0.0,0.0
sensor_spikes,CurrentOnly-AE-CeNN-494,5408,0.0094307587245983,0.0121948744643452,0.0130094986350323,0.0,0.0,0.0103306659377131,0.0,0.0
sensor_spikes,CurrentOnly-AE-CeNN-494,5409,0.0095894954463802,0.0122662876941671,0.012582381552659,0.0,0.0,0.0100556800866866,0.0,0.0
sensor_spikes,CurrentOnly-AE-CeNN-494,5410,0.0102601034082145,0.0144634975211631,0.0158714593391404,0.0,0.0,0.0115870212177436,0.0,0.0
sensor_spikes,CurrentOnly-AE-CeNN-494,5411,0.0100775556783546,0.0135592139739847,0.0153739048545997,0.0,0.0,0.0133023091637158,0.0,0.0
sensor_spikes,CurrentOnly-AE-CeNN-494,5412,0.0096854586873377,0.0134237097947272,0.013871922905689,0.0,0.0,0.0098110531936438,0.0,0.0
sensor_spikes,CurrentOnly-AE-CeNN-494,5413,0.0101188700139774,0.0134638064530782,0.0139265607074849,0.0,0.0,0.0153681883358723,0.0,0.0
sensor_spikes,CurrentOnly-AE-CeNN-494,5414,0.010198675069611,0.0130595804615666,0.0135066709630135,0.0,0.0,0.0119581197817728,0.0,0.0
sensor_spikes,CurrentOnly-AE-CeNN-494,5415,0.0101709092793355,0.0135069107448571,0.0140652187440514,0.0,0.0,0.0113042524365204,0.0,0.0
sensor_spikes,CurrentOnly-AE-CeNN-494,5416,0.0088673998082238,0.0124351608556291,0.0128397040784562,0.0,0.0,0.0128276172353493,0.0,0.0
sensor_spikes,CurrentOnly-AE-CeNN-494,5417,0.0110468023646119,0.0149290724125857,0.0159098016694751,0.0,0.0,0.0116476373768666,0.0,0.0
sensor_spikes,CurrentOnly-AE-CeNN-494,5418,0.0098050968621395,0.013343235670079,0.0140454050424547,0.0,0.0,0.0105639382926792,0.0,0.0
sensor_spikes,CurrentOnly-AE-CeNN-494,5419,0.0094037887396121,0.0119265626708889,0.012018038814351,0.0,0.0,0.0104567709687005,0.0,0.0
sensor_spikes,CurrentOnly-AE-CeNN-494,5420,0.0101267968117368,0.0137385157022366,0.0143041426947905,0.0,0.0,0.0114349329929308,0.0,0.0
sensor_spikes,CurrentOnly-AE-CeNN-494,5421,0.0104453083095682,0.013808251138383,0.0140169191772057,0.0,0.0,0.0141115645530783,0.0,0.0
sensor_spikes,CurrentOnly-AE-CeNN-494,5422,0.009633224717174,0.0125730233180542,0.0139105713466068,0.0,0.0,0.0124261914260907,0.0,0.0
sensor_spikes,CurrentOnly-AE-CeNN-494,5423,0.0102118642504908,0.0133523596818855,0.0145827250646873,0.0,0.0,0.0118012102443404,0.0,0.0
sensor_spikes,CurrentOnly-AE-CeNN-494,5424,0.0093521980288429,0.0124066065756599,0.0138575075679444,0.0,0.0,0.010786222716093,0.0,0.0
sensor_spikes,CurrentOnly-AE-CeNN-494,5425,0.010009729791654,0.0140103063566327,0.0154345707472161,0.0,0.0,0.013458661508787,0.0,0.0
sensor_spikes,CurrentOnly-AE-CeNN-494,5426,0.0099058745339621,0.013187290391102,0.0162103233936111,0.0,0.0,0.0125145623549779,0.0,0.0
sensor_spikes,CurrentOnly-AE-CeNN-494,5427,0.0095895606536866,0.0125259152587954,0.0131775144709107,0.0,0.0,0.0103747238933642,0.0,0.0
sensor_spikes,CurrentOnly-AE-CeNN-494,5428,0.0094695840780204,0.0147825268202124,0.015595146789917,0.0,0.0,0.0107580766296947,0.0,0.0
sensor_spikes,CurrentOnly-AE-CeNN-494,5429,0.009723089320273,0.0136054855369801,0.0146271438865252,0.0,0.0,0.0096067613806767,0.0,0.0
sensor_spikes,CurrentOnly-AE-CeNN-494,5430,0.0102555702788331,0.0129862832542108,0.0139693360404276,0.0,0.0,0.0122431830612266,0.0,0.0
sensor_spikes,CurrentOnly-AE-CeNN-494,5431,0.0093828645827598,0.0115822987895902,0.0117854669222611,0.0,0.0,0.0100198751330252,0.0,0.0
sensor_spikes,CurrentOnly-AE-CeNN-494,5432,0.0092771546084109,0.0126223285885656,0.0133613336422132,0.0,0.0,0.0115901687427342,0.0,0.0
sensor_spikes,CurrentOnly-AE-CeNN-494,5433,0.0099682641528428,0.0127741357553969,0.013763504897126,0.0,0.0,0.0106368913455218,0.0,0.0
sensor_spikes,CurrentOnly-AE-CeNN-494,5434,0.0103794352535734,0.0131407719690623,0.0138244413042848,0.0,0.0,0.011364154868612,0.0,0.0
sensor_spikes,CurrentOnly-AE-CeNN-494,5435,0.0100751534042804,0.0127432424458808,0.0138624757963859,0.0,0.0,0.0109328766339879,0.0,0.0
sensor_spikes,CurrentOnly-AE-CeNN-494,5436,0.0092948238792783,0.0126073644239959,0.0134969983488676,0.0,0.0,0.0129893147719765,0.0,0.0
sensor_spikes,CurrentOnly-AE-CeNN-494,5437,0.0101737208621091,0.0133658187690926,0.0137901715147328,0.0,0.0,0.0107453839064166,0.0,0.0
sensor_spikes,CurrentOnly-AE-CeNN-494,5438,0.0095582428895852,0.0134428883533208,0.0153614153431686,0.0,0.0,0.0153147843584139,0.0,0.0
sensor_spikes,CurrentOnly-AE-CeNN-494,5439,0.0101439861376775,0.0123229638325876,0.0126989606853251,0.0,0.0,0.0116977476414564,0.0,0.0
sensor_spikes,CurrentOnly-AE-CeNN-494,5440,0.010134133468508,0.013047927508156,0.0137707060341013,0.0,0.0,0.0098712349051038,0.0,0.0
sensor_spikes,CurrentOnly-AE-CeNN-494,5441,0.00973493434148,0.0128199652822096,0.0129982924385997,0.0,0.0,0.0119791142986275,0.0,0.0
sensor_spikes,CurrentOnly-AE-CeNN-494,5442,0.0105404100072842,0.0150066363072928,0.0156196123273528,0.0,0.0,0.0128219261208016,0.0,0.0
sensor_spikes,CurrentOnly-AE-CeNN-494,5443,0.0097947794161824,0.0127403840155409,0.0138036252722498,0.0,0.0,0.0111652700413871,0.0,0.0
sensor_spikes,CurrentOnly-AE-CeNN-494,5444,0.008951006190126,0.0119225583484264,0.0123715174301462,0.0,0.0,0.01044327295992,0.0,0.0
sensor_spikes,CurrentOnly-AE-CeNN-494,5445,0.0089569317239071,0.0132299929984329,0.0139961231606225,0.0,0.0,0.0088877646636751,0.0,0.0
sensor_spikes,CurrentOnly-AE-CeNN-494,5446,0.0094651852513724,0.0130586147423644,0.0135383916862068,0.0,0.0,0.0108546075342258,0.0,0.0
sensor_spikes,CurrentOnly-AE-CeNN-494,5447,0.0098986614179629,0.0144108681812799,0.0149326471173949,0.0,0.0,0.010348162442956,0.0,0.0
sensor_spikes,CurrentOnly-AE-CeNN-494,5448,0.0096606677232859,0.0123181897211577,0.0125100577891366,0.0,0.0,0.0110381685608441,0.0,0.0
sensor_spikes,CurrentOnly-AE-CeNN-494,5449,0.0100832816099441,0.0142116603801773,0.0147531656423617,0.0,0.0,0.011127462232801,0.0,0.0
sensor_spikes,CurrentOnly-AE-CeNN-494,5450,0.0094209100246971,0.012201108649511,0.0125386112378317,0.0,0.0,0.009580766687964,0.0,0.0
sensor_spikes,CurrentOnly-AE-CeNN-494,5451,0.0094909908504818,0.0118217905054646,0.0122265618094076,0.0,0.0,0.0113491667704657,0.0,0.0
sensor_spikes,CurrentOnly-AE-CeNN-494,5452,0.0094722973613628,0.0124082875531456,0.012830440296462,0.0,0.0,0.0104700860801866,0.0,0.0
sensor_spikes,CurrentOnly-AE-CeNN-494,5453,0.0097021574259938,0.0126952170897867,0.0133127393604849,0.0,0.0,0.0105091942895613,0.0,0.0
sensor_spikes,CurrentOnly-AE-CeNN-494,5454,0.0101725090144456,0.0146835218247462,0.0160979961815881,0.0,0.0,0.0114935376825388,0.0,0.0
sensor_spikes,CurrentOnly-AE-CeNN-494,5455,0.0100100500274715,0.0128914340587597,0.0152032202118393,0.0,0.0,0.0118313509668862,0.0,0.0
sensor_spikes,CurrentOnly-AE-CeNN-494,5456,0.0096238244269972,0.0123700515553944,0.0128856017303405,0.0,0.0,0.0093483477527664,0.0,0.0
sensor_spikes,CurrentOnly-AE-CeNN-494,5457,0.0094871632718482,0.011640310588038,0.0119471537527881,0.0,0.0,0.0099346261708597,0.0,0.0
sensor_spikes,CurrentOnly-AE-CeNN-494,5458,0.0100683344861668,0.0128566341271664,0.0156821091838767,0.0,0.0,0.0097245907575708,0.0,0.0
sensor_spikes,CurrentOnly-AE-CeNN-494,5459,0.0097752535097933,0.0134556256706662,0.0139132638775827,0.0,0.0,0.0106705915633822,0.0,0.0
sensor_spikes,CurrentOnly-AE-CeNN-494,5460,0.0103337534991809,0.0135566329867969,0.0153756754581602,0.0,0.0,0.0125180669435148,0.0,0.0
sensor_spikes,CurrentOnly-AE-CeNN-494,5461,0.0086219957477809,0.0118872913252477,0.0122542008075084,0.0,0.0,0.0134543487281619,0.0,0.0
sensor_spikes,CurrentOnly-AE-CeNN-494,5462,0.0098756699020422,0.0141282020966715,0.0148398208065131,0.0,0.0,0.0097530801871978,0.0,0.0
sensor_spikes,CurrentOnly-AE-CeNN-494,5463,0.0104690089540528,0.0148479632058866,0.016239973476765,0.0,0.0,0.0145626757810248,0.0,0.0
sensor_spikes,CurrentOnly-AE-CeNN-494,5464,0.0106862019500397,0.0149300006213505,0.0159719192770253,0.0,0.0,0.0103208856633416,0.0,0.0
sensor_spikes,CurrentOnly-AE-CeNN-494,5465,0.0094193510990347,0.0125321392131375,0.0135729368050601,0.0,0.0,0.010707910548078,0.0,0.0
sensor_spikes,CurrentOnly-AE-CeNN-494,5466,0.0084865467411552,0.0115740767250255,0.0118700061214012,0.0,0.0,0.0117327960888085,0.0,0.0
sensor_spikes,CurrentOnly-AE-CeNN-494,5467,0.0103086986715607,0.0131771758547284,0.0140326441885169,0.0,0.0,0.0131900431656433,0.0,0.0
sensor_spikes,CurrentOnly-AE-CeNN-494,5468,0.0100176452099863,0.0138105666596088,0.0142851626399968,0.0,0.0,0.0114526858540752,0.0,0.0
sensor_spikes,CurrentOnly-AE-CeNN-494,5469,0.0104863643039247,0.0149408904139105,0.0157604127304513,0.0,0.0,0.0110274352549858,0.0,0.0
sensor_spikes,CurrentOnly-AE-CeNN-494,5470,0.0109835252206087,0.0152286805433846,0.0164084938635504,0.0,0.0,0.0108530730884073,0.0,0.0
sensor_spikes,CurrentOnly-AE-CeNN-494,5471,0.0106681697096008,0.0152221925356365,0.0161345425513163,0.0,0.0,0.0129912889066976,0.0,0.0
sensor_spikes,CurrentOnly-AE-CeNN-494,5472,0.0096891666455589,0.0132625503462224,0.013917974092654,0.0,0.0,0.0104631750884711,0.0,0.0
sensor_spikes,CurrentOnly-AE-CeNN-494,5473,0.0097781427482258,0.0130885463493627,0.0141066954336031,0.0,0.0,0.011814093573595,0.0,0.0
sensor_spikes,CurrentOnly-AE-CeNN-494,5474,0.0091836973839715,0.0117755500118729,0.0126490874387884,0.0,0.0,0.0112499318341374,0.0,0.0
sensor_spikes,CurrentOnly-AE-CeNN-494,5475,0.0099336906027276,0.0141865549507278,0.0145563235039344,0.0,0.0,0.0146149266525662,0.0,0.0
sensor_spikes,CurrentOnly-AE-CeNN-494,5476,0.0096601853107357,0.0130160401661172,0.0134337534597452,0.0,0.0,0.0117641614310208,0.0,0.0
sensor_spikes,CurrentOnly-AE-CeNN-494,5477,0.0099352649984193,0.0128633945471712,0.0131896382301159,0.0,0.0,0.0129212389406456,0.0,0.0
sensor_spikes,CurrentOnly-AE-CeNN-494,5478,0.0093547664651951,0.0120162198742498,0.0121685493879446,0.0,0.0,0.0110742609086537,0.0,0.0
sensor_spikes,CurrentOnly-AE-CeNN-494,5479,0.009964053663571,0.0171108071638615,0.0202165546853691,0.0,0.0,0.013946065298482,0.0,0.0
sensor_spikes,CurrentOnly-AE-CeNN-494,5480,0.0102469989209746,0.0147729495942373,0.0152409399867175,0.0,0.0,0.0121690746552246,0.0,0.0
sensor_spikes,CurrentOnly-AE-CeNN-494,5481,0.0108716466254105,0.0149205807319759,0.0159405066739833,0.0,0.0,0.0109916329577243,0.0,0.0
sensor_spikes,CurrentOnly-AE-CeNN-494,5482,0.0097573298105299,0.0138628321538175,0.0151339611517064,0.0,0.0,0.013010539806664,0.0,0.0
sensor_spikes,CurrentOnly-AE-CeNN-494,5483,0.0095463698882453,0.0136522873740712,0.0141966696866473,0.0,0.0,0.0120705853185492,0.0,0.0
sensor_spikes,CurrentOnly-AE-CeNN-494,5484,0.0101929876655154,0.0145731739663762,0.0152781565977209,0.0,0.0,0.0099438792337958,0.0,0.0
sensor_spikes,CurrentOnly-AE-CeNN-494,5485,0.0096032858868687,0.0130134587166048,0.0138720194689837,0.0,0.0,0.0102548009458137,0.0,0.0
sensor_spikes,CurrentOnly-AE-CeNN-494,5486,0.0093626058690623,0.0122161446038905,0.0123944582508163,0.0,0.0,0.0155992845426854,0.0,0.0
sensor_spikes,CurrentOnly-AE-CeNN-494,5487,0.0099710784237289,0.012964353383716,0.0132037729411057,0.0,0.0,0.0095702175950313,0.0,0.0
sensor_spikes,CurrentOnly-AE-CeNN-494,5488,0.0097429735267382,0.0132799282443266,0.0144997005067153,0.0,0.0,0.0124216848055686,0.0,0.0
sensor_spikes,CurrentOnly-AE-CeNN-494,5489,0.0112838347184222,0.0180065823682404,0.0193621174287192,0.0,0.0,0.0128539445210095,0.0,0.0
sensor_spikes,CurrentOnly-AE-CeNN-494,5490,0.010277317250164,0.0143760860918197,0.0160296884261489,0.0,0.0,0.0117413030759664,0.0,0.0
sensor_spikes,CurrentOnly-AE-CeNN-494,5491,0.0113384915430525,0.0160320433187532,0.0171021989815249,0.0,0.0,0.0105254857217615,0.0,0.0
sensor_spikes,CurrentOnly-AE-CeNN-494,5492,0.0093210759278733,0.0123626279376564,0.0131497989992689,0.0,0.0,0.0094259173701726,0.0,0.0
sensor_spikes,CurrentOnly-AE-CeNN-494,5493,0.010254993973848,0.0141060566248056,0.0145800876990484,0.0,0.0,0.0116803877291209,0.0,0.0
sensor_spikes,CurrentOnly-AE-CeNN-494,5494,0.0099653286566793,0.0127712343573236,0.0133169925850904,0.0,0.0,0.0108206808394603,0.0,0.0
sensor_spikes,CurrentOnly-AE-CeNN-494,5495,0.0096569361921213,0.0128179570460645,0.013139167036213,0.0,0.0,0.0103761462328352,0.0,0.0
sensor_spikes,CurrentOnly-AE-CeNN-494,5496,0.0106347443344819,0.0152593076973674,0.0160892240030567,0.0,0.0,0.0125944794694914,0.0,0.0
sensor_spikes,CurrentOnly-AE-CeNN-494,5497,0.0102592982790503,0.016740378188303,0.0178738638196315,0.0,0.0,0.0112107340637181,0.0,0.0
sensor_spikes,CurrentOnly-AE-CeNN-494,5498,0.0099033447538319,0.0143369727815343,0.0167678112899575,0.0,0.0,0.0119831648082226,0.0,0.0
sensor_spikes,CurrentOnly-AE-CeNN-494,5499,0.0091354140223109,0.012297086341634,0.0124369032450672,0.0,0.0,0.0138806385743639,0.0,0.0
sensor_spikes,G-DetectorGate-noRTA,5400,0.0095437964677574,0.0128179551559998,0.0136472168283493,0.0,0.0,0.0126464092617477,100.0,1.0
sensor_spikes,G-DetectorGate-noRTA,5401,0.0097910337159163,0.0144947131771233,0.0154725368399492,0.0,0.0,0.012203499721412,100.0,1.0
sensor_spikes,G-DetectorGate-noRTA,5402,0.0092187854217293,0.0137023621805577,0.014701028927707,0.0,0.0,0.0155350055186878,100.0,1.0
sensor_spikes,G-DetectorGate-noRTA,5403,0.0102605378218648,0.0157854733878602,0.0168730092540804,0.0,0.0,0.0157372381134787,100.0,1.0
sensor_spikes,G-DetectorGate-noRTA,5404,0.0102131739820587,0.0133685216621435,0.013851144427762,0.0,0.0,0.0114512878918769,100.0,1.0
sensor_spikes,G-DetectorGate-noRTA,5405,0.0098227013272192,0.0119264000460938,0.013523949997831,0.0,0.0,0.0122762505687491,100.0,1.0
sensor_spikes,G-DetectorGate-noRTA,5406,0.0103925279461488,0.0130549069571444,0.0213811675318543,0.0,0.0,0.0143935675196617,100.0,1.0
sensor_spikes,G-DetectorGate-noRTA,5407,0.0099736797749683,0.0154697037504195,0.0168635900084109,0.0,0.0,0.0124144331770917,100.0,1.0
sensor_spikes,G-DetectorGate-noRTA,5408,0.009421524200794,0.012113037611201,0.0129535214043989,0.0,0.0,0.0103537545031962,100.0,1.0
sensor_spikes,G-DetectorGate-noRTA,5409,0.0095845704942285,0.0122711179931182,0.0125815196087866,0.0,0.0,0.0100881950435575,100.0,1.0
sensor_spikes,G-DetectorGate-noRTA,5410,0.0102646710656141,0.014461394525927,0.0158713718059267,0.0,0.0,0.0116303798882122,100.0,1.0
sensor_spikes,G-DetectorGate-noRTA,5411,0.010095244014372,0.0135656903393931,0.0153817861319096,0.0,0.0,0.0133709407492528,100.0,1.0
sensor_spikes,G-DetectorGate-noRTA,5412,0.0096848455663602,0.0134248969527871,0.0138739321504612,0.0,0.0,0.0098529077066055,100.0,1.0
sensor_spikes,G-DetectorGate-noRTA,5413,0.0101381757871314,0.0135235972105166,0.0139425545313499,0.0,0.0,0.0153908965946106,100.0,1.0
sensor_spikes,G-DetectorGate-noRTA,5414,0.0101971437336258,0.01305999199746,0.013522119091045,0.0,0.0,0.0119612117275822,100.0,1.0
sensor_spikes,G-DetectorGate-noRTA,5415,0.0101705132758417,0.0134765436703342,0.0140267346579242,0.0,0.0,0.0113371101408199,100.0,1.0
sensor_spikes,G-DetectorGate-noRTA,5416,0.0088834494187931,0.0124446830093752,0.0128469799310883,0.0,0.0,0.0128616158526329,100.0,1.0
sensor_spikes,G-DetectorGate-noRTA,5417,0.0110481443978793,0.0149408502801176,0.0159385317736656,0.0,0.0,0.0117063794275037,100.0,1.0
sensor_spikes,G-DetectorGate-noRTA,5418,0.0097935961142898,0.0133512891078278,0.0140489128626658,0.0,0.0,0.0106193177933193,100.0,1.0
sensor_spikes,G-DetectorGate-noRTA,5419,0.0094022878293204,0.0119454179450241,0.0120079618043641,0.0,0.0,0.0104698481448403,100.0,1.0
sensor_spikes,G-DetectorGate-noRTA,5420,0.0100969892644347,0.0136446867439338,0.0142926272563126,0.0,0.0,0.011486881328077,100.0,1.0
sensor_spikes,G-DetectorGate-noRTA,5421,0.0104515658153623,0.0138032478584862,0.0140055070089107,0.0,0.0,0.0141134231703388,100.0,1.0
sensor_spikes,G-DetectorGate-noRTA,5422,0.009641654201286,0.0125677419939829,0.0138827729244045,0.0,0.0,0.0124433011416762,100.0,1.0
sensor_spikes,G-DetectorGate-noRTA,5423,0.0102258575784078,0.0133635315527503,0.0144879580650297,0.0,0.0,0.0118438365830373,100.0,1.0
sensor_spikes,G-DetectorGate-noRTA,5424,0.0093593361734405,0.0124021195894324,0.0138614535080694,0.0,0.0,0.0108186907964156,100.0,1.0
sensor_spikes,G-DetectorGate-noRTA,5425,0.010009116549903,0.0140146639556184,0.0153934286680194,0.0,0.0,0.0135512281745011,100.0,1.0
sensor_spikes,G-DetectorGate-noRTA,5426,0.009904275514821,0.0132028197774738,0.0162090752693525,0.0,0.0,0.0125776610143084,100.0,1.0
sensor_spikes,G-DetectorGate-noRTA,5427,0.0095861106804215,0.012499226607939,0.0131610657126146,0.0,0.0,0.0103904486944749,100.0,1.0
sensor_spikes,G-DetectorGate-noRTA,5428,0.0094845096459622,0.0148478343696863,0.0156724314446829,0.0,0.0,0.0107946067104657,100.0,1.0
sensor_spikes,G-DetectorGate-noRTA,5429,0.0097222293509146,0.013611249103644,0.0146343165367047,0.0,0.0,0.0096275600675956,100.0,1.0
sensor_spikes,G-DetectorGate-noRTA,5430,0.0102539852792919,0.0129933228570303,0.0139923413264035,0.0,0.0,0.0122863003919008,100.0,1.0
sensor_spikes,G-DetectorGate-noRTA,5431,0.009384586367329,0.0115804478305566,0.011787902459471,0.0,0.0,0.010053648119242,100.0,1.0
sensor_spikes,G-DetectorGate-noRTA,5432,0.0092716598131057,0.0126305376252612,0.0133622727072822,0.0,0.0,0.0116119697009317,100.0,1.0
sensor_spikes,G-DetectorGate-noRTA,5433,0.0099537439482467,0.012785109769961,0.0137759182453776,0.0,0.0,0.0106575031098439,100.0,1.0
sensor_spikes,G-DetectorGate-noRTA,5434,0.0103755118803289,0.0131142802936424,0.0137849067041651,0.0,0.0,0.0114681234673452,100.0,1.0
sensor_spikes,G-DetectorGate-noRTA,5435,0.0100793941929677,0.0127582190451204,0.0138265238145347,0.0,0.0,0.0109520442040936,100.0,1.0
sensor_spikes,G-DetectorGate-noRTA,5436,0.0093017233032363,0.0125921832494319,0.0135077284755578,0.0,0.0,0.0131202517060483,100.0,1.0
sensor_spikes,G-DetectorGate-noRTA,5437,0.0101705479350531,0.0133729341469312,0.0137978665975327,0.0,0.0,0.0107624787583429,100.0,1.0
sensor_spikes,G-DetectorGate-noRTA,5438,0.0095709064431978,0.013421122356118,0.0153395475499851,0.0,0.0,0.0153962555014705,100.0,1.0
sensor_spikes,G-DetectorGate-noRTA,5439,0.0101570909577192,0.0123679279510819,0.0127498260232982,0.0,0.0,0.0117814020240537,100.0,1.0
sensor_spikes,G-DetectorGate-noRTA,5440,0.0101263926576012,0.0130453375874731,0.0137687201690553,0.0,0.0,0.0099018823768112,100.0,1.0
sensor_spikes,G-DetectorGate-noRTA,5441,0.0097284916169521,0.0128142982408849,0.0129641453649835,0.0,0.0,0.011971616276854,100.0,1.0
sensor_spikes,G-DetectorGate-noRTA,5442,0.0105420178527889,0.0150061910882503,0.0155607336639278,0.0,0.0,0.0129180092371775,100.0,1.0
sensor_spikes,G-DetectorGate-noRTA,5443,0.0097881224050665,0.0127441787884053,0.0137936707511996,0.0,0.0,0.0111663800246087,100.0,1.0
sensor_spikes,G-DetectorGate-noRTA,5444,0.0089473351943226,0.0119255112054296,0.0121726923977545,0.0,0.0,0.0104460262406635,100.0,1.0
sensor_spikes,G-DetectorGate-noRTA,5445,0.0089570432278161,0.0132403363330669,0.0140040487329269,0.0,0.0,0.0089119538182589,100.0,1.0
sensor_spikes,G-DetectorGate-noRTA,5446,0.0094766984674726,0.013094020525214,0.0135660831877876,0.0,0.0,0.0108752804192213,100.0,1.0
sensor_spikes,G-DetectorGate-noRTA,5447,0.0099284301197754,0.0145313349019554,0.0150524915864931,0.0,0.0,0.0104201445358712,100.0,1.0
sensor_spikes,G-DetectorGate-noRTA,5448,0.0096521871828139,0.0123057651167941,0.0124951554448717,0.0,0.0,0.01106064542784,100.0,1.0
sensor_spikes,G-DetectorGate-noRTA,5449,0.0100690552792505,0.0141627304922125,0.0146894159584752,0.0,0.0,0.011117784628254,100.0,1.0
sensor_spikes,G-DetectorGate-noRTA,5450,0.0094188226259673,0.0121837153808932,0.0125167807492405,0.0,0.0,0.009624184600593,100.0,1.0
sensor_spikes,G-DetectorGate-noRTA,5451,0.0094846985675577,0.0118252646553237,0.0122315094359998,0.0,0.0,0.0113889769973465,100.0,1.0
sensor_spikes,G-DetectorGate-noRTA,5452,0.0094670126602237,0.0124106167536627,0.0128308690956104,0.0,0.0,0.010501452542727,100.0,1.0
sensor_spikes,G-DetectorGate-noRTA,5453,0.0096963555757996,0.0127272656499469,0.013332495054831,0.0,0.0,0.010529662648704,100.0,1.0
sensor_spikes,G-DetectorGate-noRTA,5454,0.0101734364024273,0.0146420540653679,0.0160823446317948,0.0,0.0,0.0115225455645347,100.0,1.0
sensor_spikes,G-DetectorGate-noRTA,5455,0.0100096549289713,0.0128821263774505,0.0149834972180314,0.0,0.0,0.0119105545522627,100.0,1.0
sensor_spikes,G-DetectorGate-noRTA,5456,0.0096215149368257,0.0123501400269304,0.0128565996400117,0.0,0.0,0.009363912772667,100.0,1.0
sensor_spikes,G-DetectorGate-noRTA,5457,0.0094932472020845,0.011638352178777,0.0119452328470488,0.0,0.0,0.0099614765256159,100.0,1.0
sensor_spikes,G-DetectorGate-noRTA,5458,0.0100679692017873,0.0129023047508372,0.0157019258425018,0.0,0.0,0.0097630951901971,100.0,1.0
sensor_spikes,G-DetectorGate-noRTA,5459,0.0097582190662071,0.0133932751375205,0.0138497098663307,0.0,0.0,0.0106788636001785,100.0,1.0
sensor_spikes,G-DetectorGate-noRTA,5460,0.0103364467110007,0.0135916882678391,0.0154028381329326,0.0,0.0,0.0125784713416879,100.0,1.0
sensor_spikes,G-DetectorGate-noRTA,5461,0.0086347123380877,0.0118866387657699,0.0122493419309719,0.0,0.0,0.0135610301879335,100.0,1.0
sensor_spikes,G-DetectorGate-noRTA,5462,0.0098940427772567,0.0142519080054883,0.0149945290941382,0.0,0.0,0.0097647747789412,100.0,1.0
sensor_spikes,G-DetectorGate-noRTA,5463,0.0104766227842111,0.0148844800231815,0.0162441860679247,0.0,0.0,0.0146590676851145,100.0,1.0
sensor_spikes,G-DetectorGate-noRTA,5464,0.0106862430523921,0.0149294380910502,0.0159726789965192,0.0,0.0,0.0103588678849686,100.0,1.0
sensor_spikes,G-DetectorGate-noRTA,5465,0.009428164368722,0.0125962787348714,0.0136461604691912,0.0,0.0,0.0107090835664997,100.0,1.0
sensor_spikes,G-DetectorGate-noRTA,5466,0.0084876386888906,0.0115731443160168,0.0118690864098615,0.0,0.0,0.0118068937316887,100.0,1.0
sensor_spikes,G-DetectorGate-noRTA,5467,0.0103069616530767,0.0131772994251566,0.0139732963104321,0.0,0.0,0.0132708902277901,100.0,1.0
sensor_spikes,G-DetectorGate-noRTA,5468,0.0100260555949235,0.0138415278423045,0.0143496002786568,0.0,0.0,0.0115133700518608,100.0,1.0
sensor_spikes,G-DetectorGate-noRTA,5469,0.0104917458171536,0.0149589345788289,0.0157826631568953,0.0,0.0,0.0110847413512339,100.0,1.0
sensor_spikes,G-DetectorGate-noRTA,5470,0.0109867757189295,0.0152297740986692,0.0164272962390841,0.0,0.0,0.0108811159234676,100.0,1.0
sensor_spikes,G-DetectorGate-noRTA,5471,0.0106568807904635,0.015171033592244,0.0161442852505691,0.0,0.0,0.0130492741831477,100.0,1.0
sensor_spikes,G-DetectorGate-noRTA,5472,0.009695483954458,0.0132847921507222,0.0139294433023517,0.0,0.0,0.0105238307082932,100.0,1.0
sensor_spikes,G-DetectorGate-noRTA,5473,0.0097952167065633,0.0131066511442563,0.0141153434740929,0.0,0.0,0.011871478209033,100.0,1.0
sensor_spikes,G-DetectorGate-noRTA,5474,0.0091861383549235,0.0117703696435812,0.0126820458011422,0.0,0.0,0.0112852643617737,100.0,1.0
sensor_spikes,G-DetectorGate-noRTA,5475,0.009947721245723,0.0142102844219073,0.0146773625834515,0.0,0.0,0.0146536762766347,100.0,1.0
sensor_spikes,G-DetectorGate-noRTA,5476,0.0096624562154526,0.013012281933744,0.0134360845669293,0.0,0.0,0.0117780925460698,100.0,1.0
sensor_spikes,G-DetectorGate-noRTA,5477,0.0099420780011862,0.012861961078852,0.0131889785779265,0.0,0.0,0.0129510330843816,100.0,1.0
sensor_spikes,G-DetectorGate-noRTA,5478,0.0093480413548987,0.0120136377221591,0.0121640126830567,0.0,0.0,0.0110824078236515,100.0,1.0
sensor_spikes,G-DetectorGate-noRTA,5479,0.0099549378574838,0.0170740321841878,0.0201890591025418,0.0,0.0,0.0140257744792907,100.0,1.0
sensor_spikes,G-DetectorGate-noRTA,5480,0.0102635805009501,0.0148374892580023,0.0153067159586488,0.0,0.0,0.0122372733276636,100.0,1.0
sensor_spikes,G-DetectorGate-noRTA,5481,0.0108886905434474,0.0149892202245802,0.0160292339870665,0.0,0.0,0.0110254305743668,100.0,1.0
sensor_spikes,G-DetectorGate-noRTA,5482,0.009760925068733,0.013885228466116,0.015159592809725,0.0,0.0,0.0130308437094593,100.0,1.0
sensor_spikes,G-DetectorGate-noRTA,5483,0.009552395617045,0.0136814366912567,0.0142215745198716,0.0,0.0,0.0121640239966643,100.0,1.0
sensor_spikes,G-DetectorGate-noRTA,5484,0.0101777313121445,0.0145146149526261,0.0151970685600633,0.0,0.0,0.0099336608296421,100.0,1.0
sensor_spikes,G-DetectorGate-noRTA,5485,0.0096004193331199,0.0130133043833339,0.013853652741956,0.0,0.0,0.0102961542534025,100.0,1.0
sensor_spikes,G-DetectorGate-noRTA,5486,0.0093865378089765,0.0122198313059406,0.0123989041994385,0.0,0.0,0.0157809646194512,100.0,1.0
sensor_spikes,G-DetectorGate-noRTA,5487,0.0099730685257042,0.0129697421509276,0.0131995040996095,0.0,0.0,0.0095910431084467,100.0,1.0
sensor_spikes,G-DetectorGate-noRTA,5488,0.009743553523483,0.0132754304171827,0.0144973903229094,0.0,0.0,0.0124606435133356,100.0,1.0
sensor_spikes,G-DetectorGate-noRTA,5489,0.0112845189732498,0.0180488625607166,0.0194203934364534,0.0,0.0,0.0129152954904778,100.0,1.0
sensor_spikes,G-DetectorGate-noRTA,5490,0.0102799242180405,0.0143815586586873,0.0160213907531727,0.0,0.0,0.0117575387051316,100.0,1.0
sensor_spikes,G-DetectorGate-noRTA,5491,0.0113397736148309,0.0160382518981596,0.0171131480408142,0.0,0.0,0.0105610993309886,100.0,1.0
sensor_spikes,G-DetectorGate-noRTA,5492,0.0093186227863767,0.0123534357942141,0.0131418633661354,0.0,0.0,0.0094424475064157,100.0,1.0
sensor_spikes,G-DetectorGate-noRTA,5493,0.0102601641906449,0.0140907490734393,0.0145751259085023,0.0,0.0,0.0117320599733326,100.0,1.0
sensor_spikes,G-DetectorGate-noRTA,5494,0.009970464776722,0.0127933562552803,0.0133745640949046,0.0,0.0,0.0108438672115862,100.0,1.0
sensor_spikes,G-DetectorGate-noRTA,5495,0.0096531134838151,0.0128123122575418,0.0131281100792847,0.0,0.0,0.0103986344027463,100.0,1.0
sensor_spikes,G-DetectorGate-noRTA,5496,0.0106171145403602,0.0151732608688717,0.0160264528882466,0.0,0.0,0.0125755856434232,100.0,1.0
sensor_spikes,G-DetectorGate-noRTA,5497,0.0102749272664299,0.0167988610503889,0.0179464960678646,0.0,0.0,0.0112376213528736,100.0,1.0
sensor_spikes,G-DetectorGate-noRTA,5498,0.0098875166455843,0.0142797508178052,0.0167195200487517,0.0,0.0,0.0120170536602463,100.0,1.0
sensor_spikes,G-DetectorGate-noRTA,5499,0.0091692378609692,0.01230879490819,0.0124725626168508,0.0,0.0,0.0139895910388082,100.0,1.0
sensor_spikes,H-RTA-SupervisedGate,5400,0.0095377514711599,0.0128182910422944,0.0136472773753105,0.0,0.0,0.0125789316913472,2.6387625113739763,0.0263876251137397
sensor_spikes,H-RTA-SupervisedGate,5401,0.0097800675446031,0.0144535210986407,0.0154092610762539,0.0,0.0,0.0121932069776309,2.547770700636943,0.0254777070063694
sensor_spikes,H-RTA-SupervisedGate,5402,0.0092210972140851,0.0136939978186679,0.0146911460877151,0.0,0.0,0.0154595594126472,2.3657870791628755,0.0236578707916287
sensor_spikes,H-RTA-SupervisedGate,5403,0.0102633004639783,0.0158169420338534,0.0169224882361157,0.0,0.0,0.0156986751657812,2.9117379435850776,0.0291173794358507
sensor_spikes,H-RTA-SupervisedGate,5404,0.010218960096294,0.013436609538158,0.0139165241237795,0.0,0.0,0.0114007563402443,1.910828025477707,0.019108280254777
sensor_spikes,H-RTA-SupervisedGate,5405,0.0098180711496831,0.0119325828167404,0.0134752281864556,0.0,0.0,0.0122032098941145,2.001819836214741,0.0200181983621474
sensor_spikes,H-RTA-SupervisedGate,5406,0.0103861993243016,0.0130586202062931,0.0213627100840718,0.0,0.0,0.0143351073763222,2.6387625113739763,0.0263876251137397
sensor_spikes,H-RTA-SupervisedGate,5407,0.0099781366183685,0.0154649421818713,0.0168420554492655,0.0,0.0,0.0124258103229059,2.0928116469517746,0.0209281164695177
sensor_spikes,H-RTA-SupervisedGate,5408,0.0094277744772381,0.0121714127961182,0.0130051773710856,0.0,0.0,0.010342832548748,2.0928116469517746,0.0209281164695177
sensor_spikes,H-RTA-SupervisedGate,5409,0.0095857857652882,0.0122524343573364,0.0125817295742868,0.0,0.0,0.0100515462493925,1.910828025477707,0.019108280254777
sensor_spikes,H-RTA-SupervisedGate,5410,0.0102582249134767,0.0144640514577334,0.0158721220631265,0.0,0.0,0.0115724905984352,1.4558689717925388,0.0145586897179253
sensor_spikes,H-RTA-SupervisedGate,5411,0.0100843230737336,0.0135537717716978,0.0153551074378225,0.0,0.0,0.0132948327395238,2.1838034576888083,0.021838034576888
sensor_spikes,H-RTA-SupervisedGate,5412,0.0096902055367492,0.0134290918963194,0.0138818851692933,0.0,0.0,0.0098252871215818,2.456778889899909,0.024567788898999
sensor_spikes,H-RTA-SupervisedGate,5413,0.0101310608093591,0.0134841495292594,0.0139383363536552,0.0,0.0,0.0153307905161847,3.73066424021838,0.0373066424021838
sensor_spikes,H-RTA-SupervisedGate,5414,0.0101986643402224,0.0130593077240298,0.0135067853179255,0.0,0.0,0.0119392160910888,2.001819836214741,0.0200181983621474
sensor_spikes,H-RTA-SupervisedGate,5415,0.0101759839845613,0.0135069032103434,0.0140652108529784,0.0,0.0,0.0113239280278872,1.910828025477707,0.019108280254777
sensor_spikes,H-RTA-SupervisedGate,5416,0.0088727765108695,0.0124348480304034,0.0128392833261415,0.0,0.0,0.0127648496288949,2.2747952684258417,0.0227479526842584
sensor_spikes,H-RTA-SupervisedGate,5417,0.0110493433441574,0.014935554472459,0.0159013290829765,0.0,0.0,0.011681799326312,2.2747952684258417,0.0227479526842584
sensor_spikes,H-RTA-SupervisedGate,5418,0.0098039830772012,0.0133409726885977,0.0140454070845102,0.0,0.0,0.0105662771566486,1.5468607825295724,0.0154686078252957
sensor_spikes,H-RTA-SupervisedGate,5419,0.0094022740890809,0.0119241847072557,0.0120172349790399,0.0,0.0,0.010455093925718,2.001819836214741,0.0200181983621474
sensor_spikes,H-RTA-SupervisedGate,5420,0.0101019239503984,0.0136388536324222,0.0142693501460213,0.0,0.0,0.0114336538299075,1.637852593266606,0.016378525932666
sensor_spikes,H-RTA-SupervisedGate,5421,0.0104543152956861,0.0138015962448907,0.0140088790559696,0.0,0.0,0.0141012373746554,3.548680618744313,0.0354868061874431
sensor_spikes,H-RTA-SupervisedGate,5422,0.0096373509569181,0.0125729730742539,0.0139105711417322,0.0,0.0,0.0123896697565276,1.7288444040036397,0.0172884440400363
sensor_spikes,H-RTA-SupervisedGate,5423,0.0102117660841561,0.0133519867675838,0.0145961148670312,0.0,0.0,0.0117999196635465,2.0928116469517746,0.0209281164695177
sensor_spikes,H-RTA-SupervisedGate,5424,0.0093604400210751,0.0124066947700131,0.0138745539440635,0.0,0.0,0.0107946835757314,1.5468607825295724,0.0154686078252957
sensor_spikes,H-RTA-SupervisedGate,5425,0.0099967183445992,0.0140165747927832,0.0154414519121655,0.0,0.0,0.0134227085517888,2.3657870791628755,0.0236578707916287
sensor_spikes,H-RTA-SupervisedGate,5426,0.0099059283587303,0.0131873788333324,0.0161560523769043,0.0,0.0,0.0124679620790672,2.2747952684258417,0.0227479526842584
sensor_spikes,H-RTA-SupervisedGate,5427,0.0095884060501634,0.0124855420968122,0.0131444293048049,0.0,0.0,0.0103715605555275,2.0928116469517746,0.0209281164695177
sensor_spikes,H-RTA-SupervisedGate,5428,0.0094767388757031,0.0148298791649709,0.0156537663169264,0.0,0.0,0.010761565463052,2.001819836214741,0.0200181983621474
sensor_spikes,H-RTA-SupervisedGate,5429,0.0097271990379819,0.0136312629016504,0.0146397049705675,0.0,0.0,0.0096119500824071,1.910828025477707,0.019108280254777
sensor_spikes,H-RTA-SupervisedGate,5430,0.0102554896105677,0.0129863006934869,0.0139653364615349,0.0,0.0,0.0122350336611517,2.2747952684258417,0.0227479526842584
sensor_spikes,H-RTA-SupervisedGate,5431,0.0093900721692049,0.0115822987895902,0.0117854669222611,0.0,0.0,0.0100084118363742,1.5468607825295724,0.0154686078252957
sensor_spikes,H-RTA-SupervisedGate,5432,0.009276771810626,0.0126220511980009,0.0133611642723178,0.0,0.0,0.0115998395931064,1.7288444040036397,0.0172884440400363
sensor_spikes,H-RTA-SupervisedGate,5433,0.0099604015055072,0.0127935796100713,0.0137861985217185,0.0,0.0,0.0106091219089139,1.910828025477707,0.019108280254777
sensor_spikes,H-RTA-SupervisedGate,5434,0.0103809643030123,0.0131206655520907,0.0138074318783802,0.0,0.0,0.0113965536370691,2.456778889899909,0.024567788898999
sensor_spikes,H-RTA-SupervisedGate,5435,0.0100767856198977,0.0127311286961142,0.0138496209565073,0.0,0.0,0.0109341609160098,1.4558689717925388,0.0145586897179253
sensor_spikes,H-RTA-SupervisedGate,5436,0.0092913583405811,0.0126071026695367,0.0134632270018741,0.0,0.0,0.0129947343210112,1.8198362147406733,0.0181983621474067
sensor_spikes,H-RTA-SupervisedGate,5437,0.0101730342489413,0.0133658012369729,0.0137901409174433,0.0,0.0,0.0107504737691569,2.547770700636943,0.0254777070063694
sensor_spikes,H-RTA-SupervisedGate,5438,0.0095605217063738,0.0134099628487195,0.015325677704501,0.0,0.0,0.0153146121358995,3.548680618744313,0.0354868061874431
sensor_spikes,H-RTA-SupervisedGate,5439,0.01014650894427,0.0123274270157489,0.0127061745281302,0.0,0.0,0.0116922794818292,2.0928116469517746,0.0209281164695177
sensor_spikes,H-RTA-SupervisedGate,5440,0.0101320753227445,0.0130480406986516,0.0137707021810819,0.0,0.0,0.0098796731832881,2.0928116469517746,0.0209281164695177
sensor_spikes,H-RTA-SupervisedGate,5441,0.0097300778159814,0.0128175478626595,0.0129731411865466,0.0,0.0,0.0119737188784655,2.001819836214741,0.0200181983621474
sensor_spikes,H-RTA-SupervisedGate,5442,0.0105482723690171,0.0150190423804403,0.0156286726014003,0.0,0.0,0.0128717925103123,2.3657870791628755,0.0236578707916287
sensor_spikes,H-RTA-SupervisedGate,5443,0.0097958883404226,0.0127437486268126,0.013831274509649,0.0,0.0,0.0111641472012736,2.2747952684258417,0.0227479526842584
sensor_spikes,H-RTA-SupervisedGate,5444,0.0089473642315251,0.0119163476280032,0.0121913922716206,0.0,0.0,0.010414379395005,2.2747952684258417,0.0227479526842584
sensor_spikes,H-RTA-SupervisedGate,5445,0.0089625123564965,0.0132299468124318,0.0139960992749506,0.0,0.0,0.0089084708530243,0.8189262966333031,0.008189262966333
sensor_spikes,H-RTA-SupervisedGate,5446,0.0094669135348014,0.013062501193766,0.0135423897536408,0.0,0.0,0.0108568258779499,1.8198362147406733,0.0181983621474067
sensor_spikes,H-RTA-SupervisedGate,5447,0.0099046091260809,0.0144072286608947,0.0149226434779845,0.0,0.0,0.0103599425799578,2.0928116469517746,0.0209281164695177
sensor_spikes,H-RTA-SupervisedGate,5448,0.0096532844147615,0.0123106957874252,0.0124907930827832,0.0,0.0,0.0110269846702464,2.001819836214741,0.0200181983621474
sensor_spikes,H-RTA-SupervisedGate,5449,0.0100707657699665,0.0141647000840707,0.01469484271154,0.0,0.0,0.0110905820565567,1.910828025477707,0.019108280254777
sensor_spikes,H-RTA-SupervisedGate,5450,0.0094253250753374,0.0122152273070762,0.0125569334591171,0.0,0.0,0.0095829723628152,1.8198362147406733,0.0181983621474067
sensor_spikes,H-RTA-SupervisedGate,5451,0.0094895710793571,0.0118217905054646,0.0122265618094076,0.0,0.0,0.0113415365875639,2.001819836214741,0.0200181983621474
sensor_spikes,H-RTA-SupervisedGate,5452,0.0094732364292098,0.0124082984755785,0.012830474956376,0.0,0.0,0.0104901068797656,1.364877161055505,0.013648771610555
sensor_spikes,H-RTA-SupervisedGate,5453,0.0097016912356188,0.0127146679964568,0.0133249628253254,0.0,0.0,0.0105154691974713,1.1828935395814375,0.0118289353958143
sensor_spikes,H-RTA-SupervisedGate,5454,0.0101780457977603,0.0146849352014799,0.0161040032283088,0.0,0.0,0.0115154908326612,1.8198362147406733,0.0181983621474067
sensor_spikes,H-RTA-SupervisedGate,5455,0.0100116333131976,0.0128902230183572,0.0150302064791927,0.0,0.0,0.0118090077250781,1.4558689717925388,0.0145586897179253
sensor_spikes,H-RTA-SupervisedGate,5456,0.0096251045094136,0.0123700548390647,0.0128856108644629,0.0,0.0,0.0093522347938854,1.4558689717925388,0.0145586897179253
sensor_spikes,H-RTA-SupervisedGate,5457,0.0094876060180449,0.0116397959651319,0.0119465351098584,0.0,0.0,0.0099246663998756,2.1838034576888083,0.021838034576888
sensor_spikes,H-RTA-SupervisedGate,5458,0.0100709208761577,0.0128740227122137,0.0156934171973566,0.0,0.0,0.0097314279017551,1.637852593266606,0.016378525932666
sensor_spikes,H-RTA-SupervisedGate,5459,0.0097684314462969,0.0134437054685261,0.0138981792179183,0.0,0.0,0.0106711189809868,1.364877161055505,0.013648771610555
sensor_spikes,H-RTA-SupervisedGate,5460,0.0103272607138505,0.013546307518541,0.0153412291846128,0.0,0.0,0.012504769606692,2.547770700636943,0.0254777070063694
sensor_spikes,H-RTA-SupervisedGate,5461,0.0086287137666386,0.0118872913252477,0.0122542008075084,0.0,0.0,0.0134546050526428,2.72975432211101,0.0272975432211101
sensor_spikes,H-RTA-SupervisedGate,5462,0.0098872141722792,0.0141753190004884,0.014907232489312,0.0,0.0,0.0097495123691147,1.8198362147406733,0.0181983621474067
sensor_spikes,H-RTA-SupervisedGate,5463,0.0104831180331869,0.0149108785934192,0.0162870250614233,0.0,0.0,0.0145824039380722,3.2757051865332123,0.0327570518653321
sensor_spikes,H-RTA-SupervisedGate,5464,0.0106883617022525,0.0149247551643904,0.0159683468475663,0.0,0.0,0.010331188638594,1.4558689717925388,0.0145586897179253
sensor_spikes,H-RTA-SupervisedGate,5465,0.0094209503299842,0.0125339269211642,0.0135773207919671,0.0,0.0,0.0106607048753773,1.7288444040036397,0.0172884440400363
sensor_spikes,H-RTA-SupervisedGate,5466,0.008486418134016,0.0115740767250255,0.0118700061214012,0.0,0.0,0.0117300210492927,1.8198362147406733,0.0181983621474067
sensor_spikes,H-RTA-SupervisedGate,5467,0.0103083788412324,0.0131752208385397,0.0139985626619741,0.0,0.0,0.0131979951761208,3.0937215650591448,0.0309372156505914
sensor_spikes,H-RTA-SupervisedGate,5468,0.0100148059957979,0.0137975203987058,0.0142704220594212,0.0,0.0,0.0114374571613329,2.001819836214741,0.0200181983621474
sensor_spikes,H-RTA-SupervisedGate,5469,0.0104805949093994,0.014941014578767,0.0157603668152921,0.0,0.0,0.0110240730064099,2.2747952684258417,0.0227479526842584
sensor_spikes,H-RTA-SupervisedGate,5470,0.0109869513774289,0.0152412335127583,0.016408638775186,0.0,0.0,0.0108630592633478,1.7288444040036397,0.0172884440400363
sensor_spikes,H-RTA-SupervisedGate,5471,0.0106532060876825,0.0151756281369202,0.016060442596162,0.0,0.0,0.0129794116638588,3.0937215650591448,0.0309372156505914
sensor_spikes,H-RTA-SupervisedGate,5472,0.009685078814951,0.0132246285182541,0.0138591553937651,0.0,0.0,0.0104690600755874,2.2747952684258417,0.0227479526842584
sensor_spikes,H-RTA-SupervisedGate,5473,0.0097828102379637,0.0130963978316142,0.014112007451845,0.0,0.0,0.011819917209545,2.2747952684258417,0.0227479526842584
sensor_spikes,H-RTA-SupervisedGate,5474,0.0091893574614206,0.0117762388896463,0.0126604833995345,0.0,0.0,0.0112545131642083,1.5468607825295724,0.0154686078252957
sensor_spikes,H-RTA-SupervisedGate,5475,0.0099378487451781,0.0141870108199873,0.0145791046784325,0.0,0.0,0.0146197400008081,3.548680618744313,0.0354868061874431
sensor_spikes,H-RTA-SupervisedGate,5476,0.0096597303704757,0.0130157587729189,0.0134361564369126,0.0,0.0,0.011759898908594,2.2747952684258417,0.0227479526842584
sensor_spikes,H-RTA-SupervisedGate,5477,0.0099378327154923,0.0128633915950102,0.0131896358191352,0.0,0.0,0.0129411198112069,2.9117379435850776,0.0291173794358507
sensor_spikes,H-RTA-SupervisedGate,5478,0.0093555270461569,0.0120162198742498,0.0121685493879446,0.0,0.0,0.011076520743163,1.910828025477707,0.019108280254777
sensor_spikes,H-RTA-SupervisedGate,5479,0.0099693549825617,0.0171183853276799,0.0202416632842844,0.0,0.0,0.0139656748720348,2.72975432211101,0.0272975432211101
sensor_spikes,H-RTA-SupervisedGate,5480,0.0102466458322902,0.0147788251919439,0.0152449967003117,0.0,0.0,0.0121565627607673,1.910828025477707,0.019108280254777
sensor_spikes,H-RTA-SupervisedGate,5481,0.0108744309580592,0.0149671246641633,0.0160008594386618,0.0,0.0,0.0109937739094289,2.72975432211101,0.0272975432211101
sensor_spikes,H-RTA-SupervisedGate,5482,0.0097608631514924,0.013877319109204,0.0151474443946668,0.0,0.0,0.012990453677958,2.72975432211101,0.0272975432211101
sensor_spikes,H-RTA-SupervisedGate,5483,0.0095516019563583,0.0136616442293514,0.014193902901333,0.0,0.0,0.0120761301464917,2.0928116469517746,0.0209281164695177
sensor_spikes,H-RTA-SupervisedGate,5484,0.010186529050471,0.0145401885013628,0.0152367791349971,0.0,0.0,0.0099261034359966,1.637852593266606,0.016378525932666
sensor_spikes,H-RTA-SupervisedGate,5485,0.0095964181890113,0.0130112639005736,0.0138484305960345,0.0,0.0,0.0102539025414904,1.910828025477707,0.019108280254777
sensor_spikes,H-RTA-SupervisedGate,5486,0.009363714804971,0.0122161491830982,0.0123944631634414,0.0,0.0,0.0155554466334761,3.0937215650591448,0.0309372156505914
sensor_spikes,H-RTA-SupervisedGate,5487,0.0099710544120108,0.0129636901533609,0.0132023577314936,0.0,0.0,0.0095666125591095,1.2738853503184715,0.0127388535031847
sensor_spikes,H-RTA-SupervisedGate,5488,0.0097400775191134,0.0132783863690274,0.0144682336542358,0.0,0.0,0.0124133697697575,2.9117379435850776,0.0291173794358507
sensor_spikes,H-RTA-SupervisedGate,5489,0.0112793303212666,0.0179871719759764,0.019384206243872,0.0,0.0,0.0128396490834779,2.9117379435850776,0.0291173794358507
sensor_spikes,H-RTA-SupervisedGate,5490,0.010281428632457,0.0143799766033555,0.0160320949840535,0.0,0.0,0.0117399311048826,1.7288444040036397,0.0172884440400363
sensor_spikes,H-RTA-SupervisedGate,5491,0.0113346067020861,0.016023602073441,0.0170875131174571,0.0,0.0,0.0105347285902648,1.910828025477707,0.019108280254777
sensor_spikes,H-RTA-SupervisedGate,5492,0.0093259802134765,0.012362720262126,0.0131499712516794,0.0,0.0,0.0093777281657098,1.364877161055505,0.013648771610555
sensor_spikes,H-RTA-SupervisedGate,5493,0.0102566805096116,0.0140991896317201,0.0145800843146747,0.0,0.0,0.0116859627814544,2.2747952684258417,0.0227479526842584
sensor_spikes,H-RTA-SupervisedGate,5494,0.0099590373268902,0.0127709847801558,0.0133055030018872,0.0,0.0,0.0108039583915186,1.4558689717925388,0.0145586897179253
sensor_spikes,H-RTA-SupervisedGate,5495,0.0096582574859425,0.0128162374804445,0.0131350729015461,0.0,0.0,0.0103831385912855,1.7288444040036397,0.0172884440400363
sensor_spikes,H-RTA-SupervisedGate,5496,0.0106300625840279,0.0152257593233189,0.016042938177,0.0,0.0,0.0125502109480511,2.9117379435850776,0.0291173794358507
sensor_spikes,H-RTA-SupervisedGate,5497,0.0102640179869016,0.0167494887172757,0.0178964860259544,0.0,0.0,0.0111999600755618,1.8198362147406733,0.0181983621474067
sensor_spikes,H-RTA-SupervisedGate,5498,0.009887113935783,0.0142709151737064,0.0166808128466419,0.0,0.0,0.0119577417586869,1.7288444040036397,0.0172884440400363
sensor_spikes,H-RTA-SupervisedGate,5499,0.009152821544501,0.0122985208818704,0.0124358692460453,0.0,0.0,0.013909047803443,3.002729754322111,0.0300272975432211
combined_faults,CurrentOnly-AE-CeNN-494,5400,0.0095405146257286,0.012862346100655,0.0136773538645174,0.0,0.0,0.0243435596159445,0.0,0.0
combined_faults,CurrentOnly-AE-CeNN-494,5401,0.0098293063853967,0.014515305583618,0.0154874884658544,0.0,0.0,0.0215466832826078,0.0,0.0
combined_faults,CurrentOnly-AE-CeNN-494,5402,0.0090470893074272,0.013693942992508,0.014691095488008,0.0,0.0,0.0279621179054464,0.0,0.0
combined_faults,CurrentOnly-AE-CeNN-494,5403,0.0102161352310311,0.0158070288202572,0.0169010412311857,0.0,0.0,0.0221205087492694,0.0,0.0
combined_faults,CurrentOnly-AE-CeNN-494,5404,0.0101988251862637,0.0134012784487783,0.0138891476013633,0.0,0.0,0.0224902894508191,0.0,0.0
combined_faults,CurrentOnly-AE-CeNN-494,5405,0.0100013670643009,0.0121787980486022,0.0141821741050692,0.0,0.0,0.0243837965290016,0.0,0.0
combined_faults,CurrentOnly-AE-CeNN-494,5406,0.0097985868457029,0.0127615195140717,0.0131687746411791,0.0,0.0,0.0200995327795447,0.0,0.0
combined_faults,CurrentOnly-AE-CeNN-494,5407,0.0099728371273798,0.0154541143251847,0.0168690588538102,0.0,0.0,0.0237743333529932,0.0,0.0
combined_faults,CurrentOnly-AE-CeNN-494,5408,0.009441840095236,0.0121948508811676,0.0130092918340973,0.0,0.0,0.0222033383577555,0.0,0.0
combined_faults,CurrentOnly-AE-CeNN-494,5409,0.0095632311959245,0.0121589404612652,0.0123902640994578,0.0,0.0,0.0223332700913988,0.0,0.0
combined_faults,CurrentOnly-AE-CeNN-494,5410,0.0103031397826428,0.0144634957894382,0.0158714563895982,0.0,0.0,0.0236032460358773,0.0,0.0
combined_faults,CurrentOnly-AE-CeNN-494,5411,0.0100984698109402,0.0135811725440503,0.0153807115683692,0.0,0.0,0.0219528755493988,0.0,0.0
combined_faults,CurrentOnly-AE-CeNN-494,5412,0.0096763262173706,0.013423709014823,0.0138719218533319,0.0,0.0,0.0199390786644906,0.0,0.0
combined_faults,CurrentOnly-AE-CeNN-494,5413,0.0100732446908829,0.0134655660104699,0.0139265701920368,0.0,0.0,0.024533361331229,0.0,0.0
combined_faults,CurrentOnly-AE-CeNN-494,5414,0.0102793202167601,0.0130712713435331,0.0138308843795349,0.0,0.0,0.0240357066107474,0.0,0.0
combined_faults,CurrentOnly-AE-CeNN-494,5415,0.0099909398910492,0.0135077497235955,0.0140661472458248,0.0,0.0,0.0229435566560365,0.0,0.0
combined_faults,CurrentOnly-AE-CeNN-494,5416,0.0088434665310765,0.0124375368268546,0.0128391076803028,0.0,0.0,0.0207819800226296,0.0,0.0
combined_faults,CurrentOnly-AE-CeNN-494,5417,0.010963469017013,0.0149290736886114,0.0159099233996848,0.0,0.0,0.0216462053779662,0.0,0.0
combined_faults,CurrentOnly-AE-CeNN-494,5418,0.0097603843839678,0.0133432363770278,0.0140454063220743,0.0,0.0,0.0225393311342617,0.0,0.0
combined_faults,CurrentOnly-AE-CeNN-494,5419,0.009201094834516,0.0118468288477644,0.0119291681687133,0.0,0.0,0.0198478385690536,0.0,0.0
combined_faults,CurrentOnly-AE-CeNN-494,5420,0.0101221979186466,0.0137385163705586,0.0143041448750491,0.0,0.0,0.0230292163853466,0.0,0.0
combined_faults,CurrentOnly-AE-CeNN-494,5421,0.0102934724927698,0.0138018494057335,0.0140169168390426,0.0,0.0,0.0239517828406167,0.0,0.0
combined_faults,CurrentOnly-AE-CeNN-494,5422,0.0098877158009461,0.0126086614211709,0.0196948131194508,0.0,0.0,0.0222751089986474,0.0,0.0
combined_faults,CurrentOnly-AE-CeNN-494,5423,0.0101813440773079,0.0133351319394032,0.013822757285171,0.0,0.0,0.0222498977883444,0.0,0.0
combined_faults,CurrentOnly-AE-CeNN-494,5424,0.0092651514407946,0.0124066081296314,0.0138505284924095,0.0,0.0,0.0220674438969614,0.0,0.0
combined_faults,CurrentOnly-AE-CeNN-494,5425,0.0097410818113212,0.013894829827902,0.014867294045328,0.0,0.0,0.0214602325542895,0.0,0.0
combined_faults,CurrentOnly-AE-CeNN-494,5426,0.0101127274163696,0.0132797164122997,0.0162123971570241,0.0,0.0,0.0186060860917237,0.0,0.0
combined_faults,CurrentOnly-AE-CeNN-494,5427,0.0097600483551259,0.0126710199395137,0.0142758132379491,0.0,0.0,0.0203644983999871,0.0,0.0
combined_faults,CurrentOnly-AE-CeNN-494,5428,0.0093613389374489,0.0147825285815695,0.0155951499507619,0.0,0.0,0.0199047442823346,0.0,0.0
combined_faults,CurrentOnly-AE-CeNN-494,5429,0.0098341794739232,0.0136054844674528,0.0146271424773487,0.0,0.0,0.020869744087197,0.0,0.0
combined_faults,CurrentOnly-AE-CeNN-494,5430,0.0102471961459109,0.0129862818852327,0.0139749483406674,0.0,0.0,0.0209388460711668,0.0,0.0
combined_faults,CurrentOnly-AE-CeNN-494,5431,0.0093376228205413,0.0116368590984437,0.0117862084196079,0.0,0.0,0.0219148377441306,0.0,0.0
combined_faults,CurrentOnly-AE-CeNN-494,5432,0.0092925531121907,0.0127737140754407,0.0134786532869906,0.0,0.0,0.0231422793713932,0.0,0.0
combined_faults,CurrentOnly-AE-CeNN-494,5433,0.0098083487716837,0.0127751893026157,0.0137642852555814,0.0,0.0,0.0226770122092521,0.0,0.0
combined_faults,CurrentOnly-AE-CeNN-494,5434,0.010146345947137,0.0131407785048896,0.0138244459152623,0.0,0.0,0.0230974668179392,0.0,0.0
combined_faults,CurrentOnly-AE-CeNN-494,5435,0.0101308886456858,0.0127405655217911,0.0138624555969275,0.0,0.0,0.0224632908683553,0.0,0.0
combined_faults,CurrentOnly-AE-CeNN-494,5436,0.0091684027756924,0.0125794838759823,0.0134894486682506,0.0,0.0,0.0247327992577266,0.0,0.0
combined_faults,CurrentOnly-AE-CeNN-494,5437,0.0100978810591921,0.0133658194888825,0.013790172544957,0.0,0.0,0.0201024411220629,0.0,0.0
combined_faults,CurrentOnly-AE-CeNN-494,5438,0.009516591912257,0.0134421896958769,0.0153601049299545,0.0,0.0,0.0269201954309599,0.0,0.0
combined_faults,CurrentOnly-AE-CeNN-494,5439,0.0100321195803077,0.0123224191427389,0.0127147449735441,0.0,0.0,0.0236884658742732,0.0,0.0
combined_faults,CurrentOnly-AE-CeNN-494,5440,0.0099997315374943,0.0130478800904082,0.013770705421476,0.0,0.0,0.0194909368441653,0.0,0.0
combined_faults,CurrentOnly-AE-CeNN-494,5441,0.0099075322119525,0.0126173372596151,0.0129982921672276,0.0,0.0,0.0231193427241558,0.0,0.0
combined_faults,CurrentOnly-AE-CeNN-494,5442,0.0103987456759541,0.0150066549818939,0.0156196223717952,0.0,0.0,0.0199069475273038,0.0,0.0
combined_faults,CurrentOnly-AE-CeNN-494,5443,0.010060468671822,0.0130151358883652,0.0150403209621563,0.0,0.0,0.0230770589493207,0.0,0.0
combined_faults,CurrentOnly-AE-CeNN-494,5444,0.0086874377247601,0.0118848753648472,0.0121578393448317,0.0,0.0,0.0219140518949153,0.0,0.0
combined_faults,CurrentOnly-AE-CeNN-494,5445,0.0090662196842221,0.0132299849052566,0.0139961175696762,0.0,0.0,0.0206329672859945,0.0,0.0
combined_faults,CurrentOnly-AE-CeNN-494,5446,0.009527042859409,0.0130586188951939,0.013538393948841,0.0,0.0,0.0206632936293168,0.0,0.0
combined_faults,CurrentOnly-AE-CeNN-494,5447,0.0098048656018911,0.0144108699615777,0.014932649924214,0.0,0.0,0.0197158254990241,0.0,0.0
combined_faults,CurrentOnly-AE-CeNN-494,5448,0.0095380877507635,0.0124025472658407,0.0126849613709269,0.0,0.0,0.0224104583052643,0.0,0.0
combined_faults,CurrentOnly-AE-CeNN-494,5449,0.0099288737689515,0.0142102175211535,0.0147513010395071,0.0,0.0,0.0192164365894513,0.0,0.0
combined_faults,CurrentOnly-AE-CeNN-494,5450,0.0095401897915263,0.0122011086610416,0.012538610506121,0.0,0.0,0.0194427729302628,0.0,0.0
combined_faults,CurrentOnly-AE-CeNN-494,5451,0.0094800595244155,0.0119165639066577,0.0123106854838357,0.0,0.0,0.0233722778052097,0.0,0.0
combined_faults,CurrentOnly-AE-CeNN-494,5452,0.0095575917826685,0.0124082849692694,0.0128304390741084,0.0,0.0,0.0221792611468488,0.0,0.0
combined_faults,CurrentOnly-AE-CeNN-494,5453,0.0096657782532359,0.0126952068886877,0.0133127342354414,0.0,0.0,0.0218546148793468,0.0,0.0
combined_faults,CurrentOnly-AE-CeNN-494,5454,0.0103746813487327,0.0147478381934214,0.0161790879201037,0.0,0.0,0.023529632676392,0.0,0.0
combined_faults,CurrentOnly-AE-CeNN-494,5455,0.0098804961893925,0.0126057408865227,0.0138264160069565,0.0,0.0,0.023004719147767,0.0,0.0
combined_faults,CurrentOnly-AE-CeNN-494,5456,0.0096705608844242,0.0123700530329613,0.0128856044566216,0.0,0.0,0.0213760900085682,0.0,0.0
combined_faults,CurrentOnly-AE-CeNN-494,5457,0.0096123883468228,0.0116666846248976,0.0120081095333837,0.0,0.0,0.0216155887764992,0.0,0.0
combined_faults,CurrentOnly-AE-CeNN-494,5458,0.0099828485452846,0.0124642971897607,0.0137865154848034,0.0,0.0,0.0212096313097891,0.0,0.0
combined_faults,CurrentOnly-AE-CeNN-494,5459,0.0100531963081494,0.0135938824394164,0.0152788312422614,0.0,0.0,0.0191394292103078,0.0,0.0
combined_faults,CurrentOnly-AE-CeNN-494,5460,0.0103631553892705,0.0135604676776266,0.0153830868628083,0.0,0.0,0.0241189771633237,0.0,0.0
combined_faults,CurrentOnly-AE-CeNN-494,5461,0.0085238103902806,0.0117693043771066,0.0121291957191369,0.0,0.0,0.0240074200781145,0.0,0.0
combined_faults,CurrentOnly-AE-CeNN-494,5462,0.0098446122425309,0.0141282017102391,0.0148398211260508,0.0,0.0,0.0190110848476755,0.0,0.0
combined_faults,CurrentOnly-AE-CeNN-494,5463,0.0105202151581107,0.0148479611538308,0.0162399696314763,0.0,0.0,0.022741489382424,0.0,0.0
combined_faults,CurrentOnly-AE-CeNN-494,5464,0.0106871825000132,0.0149300041968629,0.0159719217410198,0.0,0.0,0.0209202679645048,0.0,0.0
combined_faults,CurrentOnly-AE-CeNN-494,5465,0.0094862603524723,0.0125321390334198,0.0135729366525856,0.0,0.0,0.0223942002925361,0.0,0.0
combined_faults,CurrentOnly-AE-CeNN-494,5466,0.0085946464294727,0.0114872607706415,0.0117773933186331,0.0,0.0,0.0240616455690607,0.0,0.0
combined_faults,CurrentOnly-AE-CeNN-494,5467,0.0101780616371347,0.013170670259753,0.0140324417630373,0.0,0.0,0.0239892430635515,0.0,0.0
combined_faults,CurrentOnly-AE-CeNN-494,5468,0.0100675619898087,0.0138115156077938,0.0142851631253143,0.0,0.0,0.0232436542885534,0.0,0.0
combined_faults,CurrentOnly-AE-CeNN-494,5469,0.0103592996424277,0.0149409934423176,0.015760571069207,0.0,0.0,0.0232061817394239,0.0,0.0
combined_faults,CurrentOnly-AE-CeNN-494,5470,0.0111013199613809,0.0152286764026026,0.0164303405098953,0.0,0.0,0.023004670810725,0.0,0.0
combined_faults,CurrentOnly-AE-CeNN-494,5471,0.0108278729605264,0.0152221909601012,0.0161345420400484,0.0,0.0,0.0250819664179847,0.0,0.0
combined_faults,CurrentOnly-AE-CeNN-494,5472,0.0096960892635968,0.0132625481242795,0.0139179725438462,0.0,0.0,0.0213619151289971,0.0,0.0
combined_faults,CurrentOnly-AE-CeNN-494,5473,0.0099655402430783,0.0130885396862671,0.0141066916284763,0.0,0.0,0.0238272424408146,0.0,0.0
combined_faults,CurrentOnly-AE-CeNN-494,5474,0.0092460972101896,0.011755792643019,0.0126490976475925,0.0,0.0,0.0234275988469561,0.0,0.0
combined_faults,CurrentOnly-AE-CeNN-494,5475,0.0098025872619677,0.0141864459223672,0.0145574778166613,0.0,0.0,0.0262487110180013,0.0,0.0
combined_faults,CurrentOnly-AE-CeNN-494,5476,0.009659555970806,0.0130156637976372,0.0134331809314203,0.0,0.0,0.020720605777502,0.0,0.0
combined_faults,CurrentOnly-AE-CeNN-494,5477,0.0099781122504111,0.0128610696798409,0.0131880367458486,0.0,0.0,0.0234949584777301,0.0,0.0
combined_faults,CurrentOnly-AE-CeNN-494,5478,0.0092740837602403,0.0120165369505152,0.0121721511737544,0.0,0.0,0.0228846481178752,0.0,0.0
combined_faults,CurrentOnly-AE-CeNN-494,5479,0.0099615499968455,0.0171108074749356,0.0202165549160537,0.0,0.0,0.0232678293003645,0.0,0.0
combined_faults,CurrentOnly-AE-CeNN-494,5480,0.0103992766844217,0.0147732414927071,0.0152413487465846,0.0,0.0,0.0234708167348741,0.0,0.0
combined_faults,CurrentOnly-AE-CeNN-494,5481,0.0109608399535757,0.0149205856895731,0.0159405144993209,0.0,0.0,0.0193228018382007,0.0,0.0
combined_faults,CurrentOnly-AE-CeNN-494,5482,0.0098490658605886,0.0138900240281944,0.0151767910944669,0.0,0.0,0.0231217933670322,0.0,0.0
combined_faults,CurrentOnly-AE-CeNN-494,5483,0.0096102694094522,0.0136769629459945,0.0141966619005296,0.0,0.0,0.0239331629586348,0.0,0.0
combined_faults,CurrentOnly-AE-CeNN-494,5484,0.0102299730865487,0.0145735154859705,0.0152788001199639,0.0,0.0,0.019955485012189,0.0,0.0
combined_faults,CurrentOnly-AE-CeNN-494,5485,0.0096582859159138,0.0130134580261804,0.0138720372626925,0.0,0.0,0.0213248319646771,0.0,0.0
combined_faults,CurrentOnly-AE-CeNN-494,5486,0.0092277234679545,0.0121995951881022,0.0123950314192561,0.0,0.0,0.0267230874061426,0.0,0.0
combined_faults,CurrentOnly-AE-CeNN-494,5487,0.0100474824544611,0.0129911207546922,0.0132212122899222,0.0,0.0,0.0216498815527113,0.0,0.0
combined_faults,CurrentOnly-AE-CeNN-494,5488,0.0098722945968265,0.0132799217965275,0.0144867596889062,0.0,0.0,0.0214452824114723,0.0,0.0
combined_faults,CurrentOnly-AE-CeNN-494,5489,0.0112155832158683,0.0180065822784637,0.0193621173982109,0.0,0.0,0.0250555620542053,0.0,0.0
combined_faults,CurrentOnly-AE-CeNN-494,5490,0.0102983620101628,0.0144748991628549,0.0161362000182602,0.0,0.0,0.0236236007402972,0.0,0.0
combined_faults,CurrentOnly-AE-CeNN-494,5491,0.0111950560567182,0.0160334069129399,0.0171027040470782,0.0,0.0,0.0195217934763764,0.0,0.0
combined_faults,CurrentOnly-AE-CeNN-494,5492,0.0091810041352601,0.0123626286417614,0.0131497997703743,0.0,0.0,0.0205700928401377,0.0,0.0
combined_faults,CurrentOnly-AE-CeNN-494,5493,0.0101743732024128,0.0141060090281466,0.0145798188411301,0.0,0.0,0.0233924127090034,0.0,0.0
combined_faults,CurrentOnly-AE-CeNN-494,5494,0.0099235779178968,0.0127414915299772,0.0133169916685861,0.0,0.0,0.0223314393171191,0.0,0.0
combined_faults,CurrentOnly-AE-CeNN-494,5495,0.0098220321116969,0.0128179542308892,0.0131391617317295,0.0,0.0,0.0222745170478446,0.0,0.0
combined_faults,CurrentOnly-AE-CeNN-494,5496,0.0107467399318104,0.0152593070861572,0.0160892233362875,0.0,0.0,0.0242805231494935,0.0,0.0
combined_faults,CurrentOnly-AE-CeNN-494,5497,0.0103091914796902,0.0167403786355231,0.0178738649249982,0.0,0.0,0.0202713029997847,0.0,0.0
combined_faults,CurrentOnly-AE-CeNN-494,5498,0.0099491901768151,0.0143369726263517,0.0167678109733637,0.0,0.0,0.0237128291769642,0.0,0.0
combined_faults,CurrentOnly-AE-CeNN-494,5499,0.0092880373858853,0.0122312247113153,0.0124369008867796,0.0,0.0,0.0257047231498978,0.0,0.0
combined_faults,G-DetectorGate-noRTA,5400,0.0095665128693695,0.0128626762498351,0.0136774325614176,0.0,0.0,0.0243785336614626,100.0,1.0
combined_faults,G-DetectorGate-noRTA,5401,0.0098228528865135,0.0144338596751689,0.0153847076538166,0.0,0.0,0.0215217376092677,100.0,1.0
combined_faults,G-DetectorGate-noRTA,5402,0.009036362178772,0.0137027626875283,0.0146926837114585,0.0,0.0,0.0279878297788319,100.0,1.0
combined_faults,G-DetectorGate-noRTA,5403,0.0101879922564116,0.0156748308880057,0.016733273391296,0.0,0.0,0.022111607304364,100.0,1.0
combined_faults,G-DetectorGate-noRTA,5404,0.0102194740411394,0.0134376301110357,0.0139239508887112,0.0,0.0,0.0225698673109906,100.0,1.0
combined_faults,G-DetectorGate-noRTA,5405,0.0099960217819868,0.012157317345352,0.0140922415613779,0.0,0.0,0.0244420316515636,100.0,1.0
combined_faults,G-DetectorGate-noRTA,5406,0.0098061311832082,0.0127680817030582,0.0131057995835664,0.0,0.0,0.0201241336525525,100.0,1.0
combined_faults,G-DetectorGate-noRTA,5407,0.0099862615023068,0.0154681339759642,0.0168777842223964,0.0,0.0,0.0237942931261334,100.0,1.0
combined_faults,G-DetectorGate-noRTA,5408,0.0094552021301171,0.0121117359591475,0.0129719816136088,0.0,0.0,0.0221907167727199,100.0,1.0
combined_faults,G-DetectorGate-noRTA,5409,0.009528226695428,0.0121629496049894,0.0123869494731574,0.0,0.0,0.0223584788371358,100.0,1.0
combined_faults,G-DetectorGate-noRTA,5410,0.0103413404912951,0.0144645797695261,0.0158725782989876,0.0,0.0,0.0236353684104222,100.0,1.0
combined_faults,G-DetectorGate-noRTA,5411,0.0101462907777386,0.0135878283477807,0.0153887913026761,0.0,0.0,0.0219722991688123,100.0,1.0
combined_faults,G-DetectorGate-noRTA,5412,0.0096900866203627,0.0134503858204241,0.0139138170313867,0.0,0.0,0.0199111403615841,100.0,1.0
combined_faults,G-DetectorGate-noRTA,5413,0.0101155974618893,0.0135617431441803,0.0139446499514398,0.0,0.0,0.0245773495617052,100.0,1.0
combined_faults,G-DetectorGate-noRTA,5414,0.0102913864237519,0.0130556855032988,0.0140644518826452,0.0,0.0,0.02406310484581,100.0,1.0
combined_faults,G-DetectorGate-noRTA,5415,0.0099923518045896,0.013496175451387,0.0140404670329179,0.0,0.0,0.0229654460927404,100.0,1.0
combined_faults,G-DetectorGate-noRTA,5416,0.0088760437625635,0.0124411073454799,0.0128468718727089,0.0,0.0,0.0207557400838115,100.0,1.0
combined_faults,G-DetectorGate-noRTA,5417,0.0110936973253508,0.0154661759581877,0.0163532999026535,0.0,0.0,0.0220738006752989,100.0,1.0
combined_faults,G-DetectorGate-noRTA,5418,0.0097326329464017,0.0133821678268956,0.0141010409816318,0.0,0.0,0.0225739591400865,100.0,1.0
combined_faults,G-DetectorGate-noRTA,5419,0.0091939638683476,0.0118545545596261,0.011920825175165,0.0,0.0,0.0198608655523067,100.0,1.0
combined_faults,G-DetectorGate-noRTA,5420,0.0100731461994542,0.0136153905101612,0.0141618289722998,0.0,0.0,0.0230758417857504,100.0,1.0
combined_faults,G-DetectorGate-noRTA,5421,0.0103071778454095,0.0137693865496482,0.0139753243832829,0.0,0.0,0.0239627718179728,100.0,1.0
combined_faults,G-DetectorGate-noRTA,5422,0.0099185132228593,0.012673672534463,0.0197617035315005,0.0,0.0,0.0222608491675512,100.0,1.0
combined_faults,G-DetectorGate-noRTA,5423,0.0101863578342313,0.0133593647652438,0.0138063419620204,0.0,0.0,0.0223244737621233,100.0,1.0
combined_faults,G-DetectorGate-noRTA,5424,0.0093105225307063,0.012500816530252,0.0138541817684438,0.0,0.0,0.0220825036364169,100.0,1.0
combined_faults,G-DetectorGate-noRTA,5425,0.0097404146520637,0.0139260540532474,0.0148511333050609,0.0,0.0,0.0215233298165473,100.0,1.0
combined_faults,G-DetectorGate-noRTA,5426,0.0101261537332547,0.0133242657710053,0.0162751557879957,0.0,0.0,0.0186148338744482,100.0,1.0
combined_faults,G-DetectorGate-noRTA,5427,0.0097297761652578,0.0126191585118753,0.0143182836308827,0.0,0.0,0.0203803844140691,100.0,1.0
combined_faults,G-DetectorGate-noRTA,5428,0.0093719495157047,0.0147814700548801,0.0155904542569164,0.0,0.0,0.019926087257475,100.0,1.0
combined_faults,G-DetectorGate-noRTA,5429,0.0098417815213506,0.013688098706472,0.0147154400798583,0.0,0.0,0.0208758336814876,100.0,1.0
combined_faults,G-DetectorGate-noRTA,5430,0.0102543373671294,0.0129817694526049,0.0140979010289605,0.0,0.0,0.021077641947739,100.0,1.0
combined_faults,G-DetectorGate-noRTA,5431,0.0093395653426866,0.0116314145373555,0.011771461810779,0.0,0.0,0.0219426059681066,100.0,1.0
combined_faults,G-DetectorGate-noRTA,5432,0.0092755798947071,0.0127876428774284,0.0134795727405484,0.0,0.0,0.0231425577516936,100.0,1.0
combined_faults,G-DetectorGate-noRTA,5433,0.0097723363171735,0.012727382096222,0.0137225589699549,0.0,0.0,0.0227077193188751,100.0,1.0
combined_faults,G-DetectorGate-noRTA,5434,0.0101327944837395,0.013142012686819,0.0138173883995803,0.0,0.0,0.0231963024970687,100.0,1.0
combined_faults,G-DetectorGate-noRTA,5435,0.0101649634080166,0.0127690856903025,0.0137330454173406,0.0,0.0,0.0224508759957526,100.0,1.0
combined_faults,G-DetectorGate-noRTA,5436,0.0091839023148108,0.0125679268638998,0.0135004911615357,0.0,0.0,0.0248377803890227,100.0,1.0
combined_faults,G-DetectorGate-noRTA,5437,0.0100956539546286,0.0134067518945704,0.0138308852202344,0.0,0.0,0.0201189181671398,100.0,1.0
combined_faults,G-DetectorGate-noRTA,5438,0.009512718277916,0.0133094606002834,0.0152366172299622,0.0,0.0,0.0269804716847578,100.0,1.0
combined_faults,G-DetectorGate-noRTA,5439,0.010103077218446,0.0124635698886412,0.012765796593908,0.0,0.0,0.0237645946955742,100.0,1.0
combined_faults,G-DetectorGate-noRTA,5440,0.009931539260656,0.0128791865332186,0.0137491660460229,0.0,0.0,0.0194958048374382,100.0,1.0
combined_faults,G-DetectorGate-noRTA,5441,0.0099029249708334,0.0126102217776685,0.012936694342663,0.0,0.0,0.0231469274093403,100.0,1.0
combined_faults,G-DetectorGate-noRTA,5442,0.0104824719977407,0.0154384076389032,0.0157983681492454,0.0,0.0,0.0199760888373137,100.0,1.0
combined_faults,G-DetectorGate-noRTA,5443,0.0100082883586114,0.0130191857559613,0.01498906269591,0.0,0.0,0.023076451391203,100.0,1.0
combined_faults,G-DetectorGate-noRTA,5444,0.0086930856435731,0.0119009193776754,0.0120985270693338,0.0,0.0,0.0219266211170081,100.0,1.0
combined_faults,G-DetectorGate-noRTA,5445,0.0090645542988991,0.0132383449657107,0.0139981164886758,0.0,0.0,0.0206420083181098,100.0,1.0
combined_faults,G-DetectorGate-noRTA,5446,0.0095403152160702,0.0131289522858477,0.0136110457911643,0.0,0.0,0.0206896502269307,100.0,1.0
combined_faults,G-DetectorGate-noRTA,5447,0.0098513963122962,0.0145578726695907,0.0150814296306064,0.0,0.0,0.0197879323145208,100.0,1.0
combined_faults,G-DetectorGate-noRTA,5448,0.0095423801696218,0.0123740915713553,0.0126872344007719,0.0,0.0,0.0223984906685707,100.0,1.0
combined_faults,G-DetectorGate-noRTA,5449,0.0099239600405211,0.0143019885089736,0.0147738710724929,0.0,0.0,0.0192476749784289,100.0,1.0
combined_faults,G-DetectorGate-noRTA,5450,0.0095714159085766,0.0122512235778507,0.0125672392480749,0.0,0.0,0.0194876107321214,100.0,1.0
combined_faults,G-DetectorGate-noRTA,5451,0.009495516069538,0.0119222144885653,0.0123152310318595,0.0,0.0,0.023429386453307,100.0,1.0
combined_faults,G-DetectorGate-noRTA,5452,0.0095477853785763,0.0123849342522996,0.0128184029373443,0.0,0.0,0.0221883802205591,100.0,1.0
combined_faults,G-DetectorGate-noRTA,5453,0.0096431176188206,0.0127589382034464,0.0133739375963728,0.0,0.0,0.0218912414936586,100.0,1.0
combined_faults,G-DetectorGate-noRTA,5454,0.0104061671437416,0.0147406121528497,0.0161654071277944,0.0,0.0,0.0235692960238008,100.0,1.0
combined_faults,G-DetectorGate-noRTA,5455,0.009907626706547,0.0125997139367206,0.0137263344826124,0.0,0.0,0.0231012715642822,100.0,1.0
combined_faults,G-DetectorGate-noRTA,5456,0.0097082561791194,0.0124269102165631,0.0129580088133031,0.0,0.0,0.0214106310028799,100.0,1.0
combined_faults,G-DetectorGate-noRTA,5457,0.0096189253736277,0.0116519906306368,0.0120067014387068,0.0,0.0,0.0216368413471184,100.0,1.0
combined_faults,G-DetectorGate-noRTA,5458,0.0099871922043185,0.0124576004524663,0.0138213739961944,0.0,0.0,0.0212611911128295,100.0,1.0
combined_faults,G-DetectorGate-noRTA,5459,0.0100317602792632,0.0134580009043136,0.0152853425701596,0.0,0.0,0.0191313329541632,100.0,1.0
combined_faults,G-DetectorGate-noRTA,5460,0.0103694942226197,0.0135447366212602,0.015379785444949,0.0,0.0,0.0241827958926993,100.0,1.0
combined_faults,G-DetectorGate-noRTA,5461,0.008512110857336,0.0117684496094205,0.0121236673113569,0.0,0.0,0.0240327942175871,100.0,1.0
combined_faults,G-DetectorGate-noRTA,5462,0.009841350717728,0.014108143294369,0.0148090728157457,0.0,0.0,0.0190235137433602,100.0,1.0
combined_faults,G-DetectorGate-noRTA,5463,0.0105082581017663,0.0149020502824628,0.0162711702992766,0.0,0.0,0.022790350996741,100.0,1.0
combined_faults,G-DetectorGate-noRTA,5464,0.0106916755181381,0.0151255890758155,0.0161898681945486,0.0,0.0,0.0209630690578344,100.0,1.0
combined_faults,G-DetectorGate-noRTA,5465,0.0095146129889833,0.0126543671747872,0.0136960961357578,0.0,0.0,0.0224001855695242,100.0,1.0
combined_faults,G-DetectorGate-noRTA,5466,0.0086013551328454,0.0114859140204098,0.0117752183609331,0.0,0.0,0.0241208953480014,100.0,1.0
combined_faults,G-DetectorGate-noRTA,5467,0.0101718305378459,0.0131640885517595,0.0139729250792987,0.0,0.0,0.0240510387402489,100.0,1.0
combined_faults,G-DetectorGate-noRTA,5468,0.0100729884312119,0.0138560166054311,0.0143546642968396,0.0,0.0,0.0232997563882936,100.0,1.0
combined_faults,G-DetectorGate-noRTA,5469,0.0103613545052325,0.0149154971326481,0.0157351995189388,0.0,0.0,0.0232579970957661,100.0,1.0
combined_faults,G-DetectorGate-noRTA,5470,0.0111165722489798,0.0151547133755769,0.0164484536696839,0.0,0.0,0.0230215557907309,100.0,1.0
combined_faults,G-DetectorGate-noRTA,5471,0.0108238729568836,0.0152162992915122,0.0161706558315429,0.0,0.0,0.0250983001701119,100.0,1.0
combined_faults,G-DetectorGate-noRTA,5472,0.0096950782053385,0.0133669192301496,0.0140261122832764,0.0,0.0,0.0214317574094559,100.0,1.0
combined_faults,G-DetectorGate-noRTA,5473,0.0100155964471453,0.0132348949917372,0.0142681162584258,0.0,0.0,0.0238886369067118,100.0,1.0
combined_faults,G-DetectorGate-noRTA,5474,0.0092663424635805,0.0117530742033265,0.0127416231064818,0.0,0.0,0.0234395586003772,100.0,1.0
combined_faults,G-DetectorGate-noRTA,5475,0.0098519401878965,0.014393514340185,0.0148786821345149,0.0,0.0,0.0264471677880522,100.0,1.0
combined_faults,G-DetectorGate-noRTA,5476,0.0096714545178944,0.0129815974728413,0.0133882092241607,0.0,0.0,0.0207299544121566,100.0,1.0
combined_faults,G-DetectorGate-noRTA,5477,0.010005424657765,0.0128922023268464,0.0132157643697508,0.0,0.0,0.0235404950804313,100.0,1.0
combined_faults,G-DetectorGate-noRTA,5478,0.009271851988421,0.0120139800596166,0.0121703601685352,0.0,0.0,0.0228934816818909,100.0,1.0
combined_faults,G-DetectorGate-noRTA,5479,0.0099573698359174,0.0170817980072818,0.0201992955979927,0.0,0.0,0.0233344894834935,100.0,1.0
combined_faults,G-DetectorGate-noRTA,5480,0.0104262540361229,0.0148948670532467,0.0153477319147145,0.0,0.0,0.023545192184352,100.0,1.0
combined_faults,G-DetectorGate-noRTA,5481,0.0110018243312579,0.0149818448953243,0.0160310377728337,0.0,0.0,0.0193465011580037,100.0,1.0
combined_faults,G-DetectorGate-noRTA,5482,0.0098450863431942,0.0139089518556945,0.0152020913688151,0.0,0.0,0.0231348446498758,100.0,1.0
combined_faults,G-DetectorGate-noRTA,5483,0.0096098175737792,0.0137031562921725,0.0142153258912481,0.0,0.0,0.0240205004819844,100.0,1.0
combined_faults,G-DetectorGate-noRTA,5484,0.0102316827918981,0.0145369689251985,0.0152305397732802,0.0,0.0,0.019957213994561,100.0,1.0
combined_faults,G-DetectorGate-noRTA,5485,0.0096386851285843,0.0129631868357952,0.0138489023759172,0.0,0.0,0.0213608310745157,100.0,1.0
combined_faults,G-DetectorGate-noRTA,5486,0.0092361130226748,0.0121763547800869,0.0123579523162451,0.0,0.0,0.0269063683963552,100.0,1.0
combined_faults,G-DetectorGate-noRTA,5487,0.0100388567434743,0.0129978700327603,0.0132273966978087,0.0,0.0,0.0216758420924424,100.0,1.0
combined_faults,G-DetectorGate-noRTA,5488,0.0098727013877004,0.0133684553707227,0.0144863920708241,0.0,0.0,0.0214567591634705,100.0,1.0
combined_faults,G-DetectorGate-noRTA,5489,0.0112250841338491,0.0180511899842441,0.0194325753184319,0.0,0.0,0.0250993167182759,100.0,1.0
combined_faults,G-DetectorGate-noRTA,5490,0.0103240031074809,0.0144746139228044,0.0161276385168059,0.0,0.0,0.0236317446311595,100.0,1.0
combined_faults,G-DetectorGate-noRTA,5491,0.0112000522707387,0.0160183722755089,0.0171694442447221,0.0,0.0,0.0195498621323166,100.0,1.0
combined_faults,G-DetectorGate-noRTA,5492,0.009165354804279,0.0122180102727934,0.0129605832234232,0.0,0.0,0.0205596211236355,100.0,1.0
combined_faults,G-DetectorGate-noRTA,5493,0.0101862548264819,0.0140948910272566,0.0145657810899082,0.0,0.0,0.0234280097043301,100.0,1.0
combined_faults,G-DetectorGate-noRTA,5494,0.0099401369125588,0.0128335037562405,0.013421557679056,0.0,0.0,0.0223451869187342,100.0,1.0
combined_faults,G-DetectorGate-noRTA,5495,0.0098217073744301,0.012812647768038,0.0131708931721991,0.0,0.0,0.0222945027383751,100.0,1.0
combined_faults,G-DetectorGate-noRTA,5496,0.0107288000053761,0.0151942003691205,0.0160378032023638,0.0,0.0,0.0242282010326242,100.0,1.0
combined_faults,G-DetectorGate-noRTA,5497,0.0102963669580791,0.0166656850115345,0.0178143456392104,0.0,0.0,0.0202634400296497,100.0,1.0
combined_faults,G-DetectorGate-noRTA,5498,0.0099224328709235,0.014269110345223,0.0167068843120495,0.0,0.0,0.0237280167918441,100.0,1.0
combined_faults,G-DetectorGate-noRTA,5499,0.0093158373553048,0.012240456239376,0.0124660587461062,0.0,0.0,0.0257765436063424,100.0,1.0
combined_faults,H-RTA-SupervisedGate,5400,0.009552860177041,0.012862346100655,0.0136773538645174,0.0,0.0,0.0243248665993088,2.72975432211101,0.0272975432211101
combined_faults,H-RTA-SupervisedGate,5401,0.0098281153364332,0.0145219349170083,0.0154896115746843,0.0,0.0,0.0215389422164155,2.001819836214741,0.0200181983621474
combined_faults,H-RTA-SupervisedGate,5402,0.0090447449933516,0.013693996510381,0.0146911438518717,0.0,0.0,0.0279430317733913,2.3657870791628755,0.0236578707916287
combined_faults,H-RTA-SupervisedGate,5403,0.0102139845747382,0.0158063422504318,0.0169005556719282,0.0,0.0,0.0221237565343521,1.364877161055505,0.013648771610555
combined_faults,H-RTA-SupervisedGate,5404,0.0102062875454865,0.0134366106497782,0.0139165252584769,0.0,0.0,0.0225083861325182,1.910828025477707,0.019108280254777
combined_faults,H-RTA-SupervisedGate,5405,0.0099934009347174,0.0121154500090701,0.0140914091246716,0.0,0.0,0.0243902910889561,2.0928116469517746,0.0209281164695177
combined_faults,H-RTA-SupervisedGate,5406,0.0098068976672234,0.0127988530581175,0.013200937903852,0.0,0.0,0.0201136690893849,1.4558689717925388,0.0145586897179253
combined_faults,H-RTA-SupervisedGate,5407,0.0099703146937385,0.0154649410780477,0.0168420551690245,0.0,0.0,0.0237933409806712,2.0928116469517746,0.0209281164695177
combined_faults,H-RTA-SupervisedGate,5408,0.0094388594020416,0.0121713525299245,0.0130049708007711,0.0,0.0,0.0222154976069485,2.0928116469517746,0.0209281164695177
combined_faults,H-RTA-SupervisedGate,5409,0.0095564966929373,0.0121569761556247,0.0123887549323004,0.0,0.0,0.0223253743042823,1.637852593266606,0.016378525932666
combined_faults,H-RTA-SupervisedGate,5410,0.0102972931481927,0.0144640497479723,0.0158721191353564,0.0,0.0,0.0235877998360299,1.4558689717925388,0.0145586897179253
combined_faults,H-RTA-SupervisedGate,5411,0.010097829921445,0.013575847689891,0.0153621280685576,0.0,0.0,0.021932451682625,1.2738853503184715,0.0127388535031847
combined_faults,H-RTA-SupervisedGate,5412,0.0096798105816675,0.0134290830548161,0.01388186661423,0.0,0.0,0.0199483922487443,1.1828935395814375,0.0118289353958143
combined_faults,H-RTA-SupervisedGate,5413,0.0100852334468102,0.0134774713921363,0.0139383031819525,0.0,0.0,0.0245098560098632,3.2757051865332123,0.0327570518653321
combined_faults,H-RTA-SupervisedGate,5414,0.0102868824867613,0.013072844241746,0.0140549408155032,0.0,0.0,0.0240518955179496,2.0928116469517746,0.0209281164695177
combined_faults,H-RTA-SupervisedGate,5415,0.0099950608731791,0.0135077386848884,0.0140661382911897,0.0,0.0,0.0229572237315701,1.910828025477707,0.019108280254777
combined_faults,H-RTA-SupervisedGate,5416,0.0088476568174027,0.0124375368268546,0.0128391076803028,0.0,0.0,0.0207763756928726,1.4558689717925388,0.0145586897179253
combined_faults,H-RTA-SupervisedGate,5417,0.0109715219919999,0.0149355487959015,0.0159214260030124,0.0,0.0,0.0216802081777942,1.2738853503184715,0.0127388535031847
combined_faults,H-RTA-SupervisedGate,5418,0.0097615656751792,0.0133409736350827,0.0140454080713062,0.0,0.0,0.0225447527672616,1.2738853503184715,0.0127388535031847
combined_faults,H-RTA-SupervisedGate,5419,0.0091981890901926,0.0118445937474423,0.0119290036642499,0.0,0.0,0.0198478989985439,1.4558689717925388,0.0145586897179253
combined_faults,H-RTA-SupervisedGate,5420,0.0100994034455818,0.0136388540603884,0.0142693523006017,0.0,0.0,0.0230284676804797,1.637852593266606,0.016378525932666
combined_faults,H-RTA-SupervisedGate,5421,0.0103031389439985,0.0137995582790726,0.0140088664306423,0.0,0.0,0.0239401598956565,3.0937215650591448,0.0309372156505914
combined_faults,H-RTA-SupervisedGate,5422,0.0098912110117459,0.0126085356583893,0.0197775281249498,0.0,0.0,0.0222740790591036,1.0009099181073704,0.0100090991810737
combined_faults,H-RTA-SupervisedGate,5423,0.0101814346511981,0.0133012522353943,0.0138228412020677,0.0,0.0,0.0222531516002081,2.0928116469517746,0.0209281164695177
combined_faults,H-RTA-SupervisedGate,5424,0.009275415032269,0.0124067451924865,0.0138675712960323,0.0,0.0,0.0220761842199835,1.4558689717925388,0.0145586897179253
combined_faults,H-RTA-SupervisedGate,5425,0.0097399882459908,0.0138887005367427,0.0148636189744036,0.0,0.0,0.0214746320994856,1.2738853503184715,0.0127388535031847
combined_faults,H-RTA-SupervisedGate,5426,0.0101117481113973,0.0132797022539285,0.016193457732947,0.0,0.0,0.0186066876601441,0.7279344858962694,0.0072793448589626
combined_faults,H-RTA-SupervisedGate,5427,0.00976158834735,0.0126339970736577,0.0143557233687172,0.0,0.0,0.0203664372282799,1.637852593266606,0.016378525932666
combined_faults,H-RTA-SupervisedGate,5428,0.0093581396723334,0.0147822712492395,0.0155948363906117,0.0,0.0,0.0199057329639681,1.4558689717925388,0.0145586897179253
combined_faults,H-RTA-SupervisedGate,5429,0.0098381914953366,0.013631257234466,0.0146397024528532,0.0,0.0,0.020875173264876,1.8198362147406733,0.0181983621474067
combined_faults,H-RTA-SupervisedGate,5430,0.0102516401651321,0.0129983804105964,0.0140077921589313,0.0,0.0,0.0209561961412763,0.9099181073703366,0.0090991810737033
combined_faults,H-RTA-SupervisedGate,5431,0.0093448652604639,0.0116368590984437,0.0117862084196079,0.0,0.0,0.0219033152837159,1.5468607825295724,0.0154686078252957
combined_faults,H-RTA-SupervisedGate,5432,0.0092926222164186,0.0127808001529753,0.0134786532869906,0.0,0.0,0.023153948521619,1.7288444040036397,0.0172884440400363
combined_faults,H-RTA-SupervisedGate,5433,0.0098002354730856,0.012794632433644,0.0137869786579794,0.0,0.0,0.0226509584203383,1.910828025477707,0.019108280254777
combined_faults,H-RTA-SupervisedGate,5434,0.0101472621254859,0.0131206676976577,0.013807436525493,0.0,0.0,0.0231285582363337,2.456778889899909,0.024567788898999
combined_faults,H-RTA-SupervisedGate,5435,0.0101328783182209,0.0127312827844753,0.0138497118596584,0.0,0.0,0.0224651015245766,1.4558689717925388,0.0145586897179253
combined_faults,H-RTA-SupervisedGate,5436,0.0091620964351596,0.0125794292757962,0.0134556435720654,0.0,0.0,0.0247351314518249,1.8198362147406733,0.0181983621474067
combined_faults,H-RTA-SupervisedGate,5437,0.0100957663049983,0.0133657959572236,0.0137901337430895,0.0,0.0,0.0201048806847314,1.8198362147406733,0.0181983621474067
combined_faults,H-RTA-SupervisedGate,5438,0.0095180632551159,0.0134092968831585,0.0153244815975013,0.0,0.0,0.0269202192486125,3.1847133757961785,0.0318471337579617
combined_faults,H-RTA-SupervisedGate,5439,0.0100347789392353,0.0123251204371141,0.0127220137662134,0.0,0.0,0.0236859631502476,1.1828935395814375,0.0118289353958143
combined_faults,H-RTA-SupervisedGate,5440,0.010002622161479,0.013047980356996,0.0137707084672458,0.0,0.0,0.0195055130193969,1.4558689717925388,0.0145586897179253
combined_faults,H-RTA-SupervisedGate,5441,0.0099103672911989,0.0126120430003223,0.0129731420881341,0.0,0.0,0.0231242282029162,1.2738853503184715,0.0127388535031847
combined_faults,H-RTA-SupervisedGate,5442,0.0103922614546622,0.0149812866360993,0.0156023406652484,0.0,0.0,0.019909045896993,0.9099181073703366,0.0090991810737033
combined_faults,H-RTA-SupervisedGate,5443,0.0100610279557155,0.013019965803418,0.0150243963552788,0.0,0.0,0.0230749125984447,2.2747952684258417,0.0227479526842584
combined_faults,H-RTA-SupervisedGate,5444,0.0086914163613039,0.0118951719435368,0.0121593392692916,0.0,0.0,0.0219034152218034,2.2747952684258417,0.0227479526842584
combined_faults,H-RTA-SupervisedGate,5445,0.0090684624182385,0.0132299388112385,0.0139960937179883,0.0,0.0,0.0206378574179581,0.8189262966333031,0.008189262966333
combined_faults,H-RTA-SupervisedGate,5446,0.0095261617382901,0.0130625005691415,0.0135423892427782,0.0,0.0,0.0206553018819321,0.7279344858962694,0.0072793448589626
combined_faults,H-RTA-SupervisedGate,5447,0.0098067369246703,0.01441118935608,0.0149268013679146,0.0,0.0,0.0197371922197517,1.2738853503184715,0.0127388535031847
combined_faults,H-RTA-SupervisedGate,5448,0.0095335813810857,0.0124055821706472,0.0126840400325464,0.0,0.0,0.0223996757493631,1.0919017288444042,0.010919017288444
combined_faults,H-RTA-SupervisedGate,5449,0.0099207123336675,0.0141430860426112,0.0146842695775346,0.0,0.0,0.0191990850100852,1.0009099181073704,0.0100090991810737
combined_faults,H-RTA-SupervisedGate,5450,0.0095422711733649,0.0122017370356209,0.0125393261916568,0.0,0.0,0.0194450193355543,1.5468607825295724,0.0154686078252957
combined_faults,H-RTA-SupervisedGate,5451,0.0094785818613742,0.0119161128108391,0.0123103991818022,0.0,0.0,0.0233682194100931,2.001819836214741,0.0200181983621474
combined_faults,H-RTA-SupervisedGate,5452,0.0095555504317287,0.0124082958468526,0.0128304736941766,0.0,0.0,0.0221764658157608,1.364877161055505,0.013648771610555
combined_faults,H-RTA-SupervisedGate,5453,0.0096657026869843,0.0127035490204692,0.0133184549529717,0.0,0.0,0.0218547572642483,0.8189262966333031,0.008189262966333
combined_faults,H-RTA-SupervisedGate,5454,0.0103849354612399,0.0147526090013301,0.0161884164555728,0.0,0.0,0.023558249852603,1.7288444040036397,0.0172884440400363
combined_faults,H-RTA-SupervisedGate,5455,0.0098822102786548,0.0126055944254486,0.0138050762578573,0.0,0.0,0.0230151254606404,1.4558689717925388,0.0145586897179253
combined_faults,H-RTA-SupervisedGate,5456,0.0096766673138536,0.012370054630149,0.0128856091037195,0.0,0.0,0.0214127931796676,0.8189262966333031,0.008189262966333
combined_faults,H-RTA-SupervisedGate,5457,0.0096138202640003,0.0116661213333079,0.0120079618972146,0.0,0.0,0.0216061671999816,2.1838034576888083,0.021838034576888
combined_faults,H-RTA-SupervisedGate,5458,0.0099819360830381,0.0124800700497517,0.0138083127236355,0.0,0.0,0.0212133737748346,1.1828935395814375,0.0118289353958143
combined_faults,H-RTA-SupervisedGate,5459,0.0100508129117927,0.0135938745716422,0.0152783535739818,0.0,0.0,0.0191405454054726,1.0009099181073704,0.0100090991810737
combined_faults,H-RTA-SupervisedGate,5460,0.0103563479621324,0.0135500099883801,0.0153486006512611,0.0,0.0,0.0241059887658804,2.547770700636943,0.0254777070063694
combined_faults,H-RTA-SupervisedGate,5461,0.0085255549590252,0.0117700061346171,0.0121298701423603,0.0,0.0,0.0239977544000244,2.3657870791628755,0.0236578707916287
combined_faults,H-RTA-SupervisedGate,5462,0.0098533245015635,0.0141646398275246,0.0148921134950424,0.0,0.0,0.0190056730207208,1.2738853503184715,0.0127388535031847
combined_faults,H-RTA-SupervisedGate,5463,0.0105277197934628,0.014849801919794,0.0162422520211575,0.0,0.0,0.0227661851705217,2.0928116469517746,0.0209281164695177
combined_faults,H-RTA-SupervisedGate,5464,0.0106851806570825,0.0149320525129321,0.0159747183794097,0.0,0.0,0.0209283455423402,0.6369426751592357,0.0063694267515923
combined_faults,H-RTA-SupervisedGate,5465,0.0094878454633041,0.0125339267363013,0.0135773206322195,0.0,0.0,0.0223469479374372,1.7288444040036397,0.0172884440400363
combined_faults,H-RTA-SupervisedGate,5466,0.0085937364048384,0.011487268901854,0.0117772210542959,0.0,0.0,0.0240589209455045,1.8198362147406733,0.0181983621474067
combined_faults,H-RTA-SupervisedGate,5467,0.010174389286786,0.0131695628316546,0.0139983648871702,0.0,0.0,0.0239940494839134,3.0937215650591448,0.0309372156505914
combined_faults,H-RTA-SupervisedGate,5468,0.0100653582309329,0.0137993407211977,0.0142704225230761,0.0,0.0,0.0232290804383656,2.001819836214741,0.0200181983621474
combined_faults,H-RTA-SupervisedGate,5469,0.0103528706158661,0.0149411192860952,0.0157605268609983,0.0,0.0,0.0231986460353565,2.2747952684258417,0.0227479526842584
combined_faults,H-RTA-SupervisedGate,5470,0.0110997773691564,0.0152412807258311,0.0164301020953792,0.0,0.0,0.0230040636989554,1.5468607825295724,0.0154686078252957
combined_faults,H-RTA-SupervisedGate,5471,0.0108084472755246,0.015176431466644,0.0160593206604114,0.0,0.0,0.0250356628963388,3.002729754322111,0.0300272975432211
combined_faults,H-RTA-SupervisedGate,5472,0.0096891108389536,0.0132026027753561,0.0138377497132,0.0,0.0,0.0213657255827213,2.0928116469517746,0.0209281164695177
combined_faults,H-RTA-SupervisedGate,5473,0.0099705337234991,0.0130963911763965,0.0141120036583206,0.0,0.0,0.0238331770560583,2.2747952684258417,0.0227479526842584
combined_faults,H-RTA-SupervisedGate,5474,0.0092510576855205,0.0117564291846229,0.0126669807286132,0.0,0.0,0.0234176904978215,1.5468607825295724,0.0154686078252957
combined_faults,H-RTA-SupervisedGate,5475,0.0098012930876732,0.0141815769252134,0.0145371729860673,0.0,0.0,0.0262443135514508,2.820746132848044,0.0282074613284804
combined_faults,H-RTA-SupervisedGate,5476,0.0096561648649414,0.0130140695630759,0.0134331860903583,0.0,0.0,0.0207160598960689,1.4558689717925388,0.0145586897179253
combined_faults,H-RTA-SupervisedGate,5477,0.0099797229746886,0.0128610667713017,0.0131880346424598,0.0,0.0,0.0234976085596204,2.2747952684258417,0.0227479526842584
combined_faults,H-RTA-SupervisedGate,5478,0.0092748509587524,0.0120165369505152,0.0121721511737544,0.0,0.0,0.0228869361042134,1.910828025477707,0.019108280254777
combined_faults,H-RTA-SupervisedGate,5479,0.0099673921168206,0.017119262231918,0.0202435778255129,0.0,0.0,0.0232812638108183,1.910828025477707,0.019108280254777
combined_faults,H-RTA-SupervisedGate,5480,0.0103980401998013,0.0147721329251949,0.0152399266910661,0.0,0.0,0.0234591069979556,1.8198362147406733,0.0181983621474067
combined_faults,H-RTA-SupervisedGate,5481,0.0109626701561564,0.0149671326421813,0.0160008677214513,0.0,0.0,0.0193324505285491,1.637852593266606,0.016378525932666
combined_faults,H-RTA-SupervisedGate,5482,0.0098527173333064,0.0139012277771863,0.015189856255878,0.0,0.0,0.0231182049766866,2.456778889899909,0.024567788898999
combined_faults,H-RTA-SupervisedGate,5483,0.0096151549809295,0.0136824285759088,0.0141938912144868,0.0,0.0,0.0239382582325941,2.0928116469517746,0.0209281164695177
combined_faults,H-RTA-SupervisedGate,5484,0.0102284970379832,0.0145595843029708,0.0152679509528669,0.0,0.0,0.019942818494179,1.2738853503184715,0.0127388535031847
combined_faults,H-RTA-SupervisedGate,5485,0.0096538473304516,0.0130112584876887,0.0138471680114354,0.0,0.0,0.0213229503910128,1.910828025477707,0.019108280254777
combined_faults,H-RTA-SupervisedGate,5486,0.0092285947840775,0.012199386960631,0.0123950473629358,0.0,0.0,0.0266856374662305,3.002729754322111,0.0300272975432211
combined_faults,H-RTA-SupervisedGate,5487,0.0100477514841856,0.0129913769097793,0.0132213259948134,0.0,0.0,0.0216457906611776,1.2738853503184715,0.0127388535031847
combined_faults,H-RTA-SupervisedGate,5488,0.009864274971469,0.0132783572941272,0.0144556204816984,0.0,0.0,0.0214264512791075,1.7288444040036397,0.0172884440400363
combined_faults,H-RTA-SupervisedGate,5489,0.0112101945874639,0.0179871718900858,0.0193842062200235,0.0,0.0,0.0250364992016114,2.9117379435850776,0.0291173794358507
combined_faults,H-RTA-SupervisedGate,5490,0.0103022054426023,0.0144735829867557,0.0161384888675179,0.0,0.0,0.023625739867771,1.7288444040036397,0.0172884440400363
combined_faults,H-RTA-SupervisedGate,5491,0.0111952753148274,0.016046992804113,0.0171064383048169,0.0,0.0,0.0195362619274431,1.2738853503184715,0.0127388535031847
combined_faults,H-RTA-SupervisedGate,5492,0.0091857275411219,0.012362681407106,0.013149902314219,0.0,0.0,0.0205536038826184,1.0919017288444042,0.010919017288444
combined_faults,H-RTA-SupervisedGate,5493,0.0101755898956965,0.0141005731145722,0.0145798149962959,0.0,0.0,0.0233897098923326,1.7288444040036397,0.0172884440400363
combined_faults,H-RTA-SupervisedGate,5494,0.00991641929163,0.012733162354076,0.0133055020897483,0.0,0.0,0.0223144651475101,1.4558689717925388,0.0145586897179253
combined_faults,H-RTA-SupervisedGate,5495,0.0098239619187209,0.0128162346516783,0.0131350675623851,0.0,0.0,0.0222817316208874,1.7288444040036397,0.0172884440400363
combined_faults,H-RTA-SupervisedGate,5496,0.0107405244530819,0.0152257586321008,0.0160429375128198,0.0,0.0,0.0242276764158123,2.9117379435850776,0.0291173794358507
combined_faults,H-RTA-SupervisedGate,5497,0.0103160083243225,0.0167659021690063,0.0179214269256991,0.0,0.0,0.0202648668366847,1.5468607825295724,0.0154686078252957
combined_faults,H-RTA-SupervisedGate,5498,0.009933444751176,0.0142709147524149,0.0166808125156952,0.0,0.0,0.0236712027142306,1.7288444040036397,0.0172884440400363
combined_faults,H-RTA-SupervisedGate,5499,0.009302784401747,0.0122299033946607,0.0124358669478714,0.0,0.0,0.0257270840904996,3.002729754322111,0.0300272975432211
compound_faults,CurrentOnly-AE-CeNN-494,5400,0.12960793070332,0.200567159498435,0.2145564347015978,0.0,0.0,0.1622370536591159,0.0,0.0
compound_faults,CurrentOnly-AE-CeNN-494,5401,0.1032352452818624,0.170629972598929,0.1819452150998718,0.0,0.0,0.1611591107302297,0.0,0.0
compound_faults,CurrentOnly-AE-CeNN-494,5402,0.1167165525370385,0.1914263501828388,0.2101611530100693,0.0,0.0,0.1617497636583877,0.0,0.0
compound_faults,CurrentOnly-AE-CeNN-494,5403,0.1331903824824664,0.2590753969657867,0.273909196796145,0.0,0.0,0.1617488704348526,0.0,0.0
compound_faults,CurrentOnly-AE-CeNN-494,5404,0.1127084779757257,0.1949812479347017,0.2024925325285549,0.0,0.0,0.1627651564286239,0.0,0.0
compound_faults,CurrentOnly-AE-CeNN-494,5405,0.1248074348366336,0.1873531403711704,0.2009449939192676,0.0,0.0,0.1625951043124709,0.0,0.0
compound_faults,CurrentOnly-AE-CeNN-494,5406,0.1235536092377437,0.2005690468278846,0.2086303873761631,0.0,0.0,0.1616587627563707,0.0,0.0
compound_faults,CurrentOnly-AE-CeNN-494,5407,0.0981877744732219,0.1263246250583417,0.1287064360896501,0.0,0.0,0.1626606832499181,0.0,0.0
compound_faults,CurrentOnly-AE-CeNN-494,5408,0.0861510831739712,0.1412678281185173,0.150805458492785,0.0,0.0,0.1617217369907349,0.0,0.0
compound_faults,CurrentOnly-AE-CeNN-494,5409,0.1176379143857073,0.1702516145247273,0.179283165612449,0.0,0.0,0.1626796121674444,0.0,0.0
compound_faults,CurrentOnly-AE-CeNN-494,5410,0.1373256674696131,0.2427497195846535,0.256858033638804,0.0,0.0,0.1623020866636216,0.0,0.0
compound_faults,CurrentOnly-AE-CeNN-494,5411,0.1182047170201491,0.2139996488436163,0.2295224986492445,0.0,0.0,0.160966364230492,0.0,0.0
compound_faults,CurrentOnly-AE-CeNN-494,5412,0.0892281389629544,0.1281897375814559,0.1354942587732259,0.0,0.0,0.1618402431584818,0.0,0.0
compound_faults,CurrentOnly-AE-CeNN-494,5413,0.0983692978436094,0.1700179260235487,0.1822141288715369,0.0,0.0,0.1613308562778461,0.0,0.0
compound_faults,CurrentOnly-AE-CeNN-494,5414,0.091425263649359,0.1455758137591899,0.1501908439808392,0.0,0.0,0.1618626403163141,0.0,0.0
compound_faults,CurrentOnly-AE-CeNN-494,5415,0.1302490445050055,0.2479427835119222,0.265868881678297,0.0,0.0,0.1613052465233838,0.0,0.0
compound_faults,CurrentOnly-AE-CeNN-494,5416,0.0908194535600255,0.1753588834062091,0.1892129491252216,0.0,0.0,0.1617600931539862,0.0,0.0
compound_faults,CurrentOnly-AE-CeNN-494,5417,0.1145085555928589,0.2065539162313674,0.2203063521713978,0.0,0.0,0.162825087523905,0.0,0.0
compound_faults,CurrentOnly-AE-CeNN-494,5418,0.1214179750341682,0.2207998344975379,0.2277827905359408,0.0,0.0,0.1620099165403185,0.0,0.0
compound_faults,CurrentOnly-AE-CeNN-494,5419,0.1130815657468479,0.1739179668751141,0.1832642070720005,0.0,0.0,0.1625248050393533,0.0,0.0
compound_faults,CurrentOnly-AE-CeNN-494,5420,0.1530842960533662,0.2866832030982078,0.2961878386499129,0.0,0.0,0.1626490452565344,0.0,0.0
compound_faults,CurrentOnly-AE-CeNN-494,5421,0.1131716988679394,0.1673698515876897,0.1798374925023734,0.0,0.0,0.1623270694942681,0.0,0.0
compound_faults,CurrentOnly-AE-CeNN-494,5422,0.0885900143772677,0.1460648558003046,0.1554383219094439,0.0,0.0,0.1618877564059036,0.0,0.0
compound_faults,CurrentOnly-AE-CeNN-494,5423,0.1321549271753374,0.1890949639521066,0.2015309517159303,0.0,0.0,0.1621393776034531,0.0,0.0
compound_faults,CurrentOnly-AE-CeNN-494,5424,0.1338718874124004,0.2003027644217126,0.2075879900523028,0.0,0.0,0.1621054309336005,0.0,0.0
compound_faults,CurrentOnly-AE-CeNN-494,5425,0.1389231728244344,0.2219449395108526,0.239520067941265,0.0,0.0,0.1617726427730212,0.0,0.0
compound_faults,CurrentOnly-AE-CeNN-494,5426,0.0972218115555202,0.1550306845848144,0.1679255310363731,0.0,0.0,0.1613844917158663,0.0,0.0
compound_faults,CurrentOnly-AE-CeNN-494,5427,0.1240928690485592,0.2050015942607613,0.2188552042858784,0.0,0.0,0.1610437317424268,0.0,0.0
compound_faults,CurrentOnly-AE-CeNN-494,5428,0.0996571471788247,0.1677528653811366,0.1768925739844646,0.0,0.0,0.1619101799194726,0.0,0.0
compound_faults,CurrentOnly-AE-CeNN-494,5429,0.1234356930408399,0.1647901439704944,0.1732355533410786,0.0,0.0,0.1621852995677753,0.0,0.0
compound_faults,CurrentOnly-AE-CeNN-494,5430,0.1272581449439393,0.1756455735259549,0.1782225866371221,0.0,0.0,0.1625365644942189,0.0,0.0
compound_faults,CurrentOnly-AE-CeNN-494,5431,0.1484991747565379,0.2729346949984598,0.2824904324970497,0.0,0.0,0.1624969902138514,0.0,0.0
compound_faults,CurrentOnly-AE-CeNN-494,5432,0.1157535670864272,0.1899439049863802,0.2015882260693175,0.0,0.0,0.1619386841351316,0.0,0.0
compound_faults,CurrentOnly-AE-CeNN-494,5433,0.1161378454561299,0.196828209957941,0.2074757261356905,0.0,0.0,0.1616399140577073,0.0,0.0
compound_faults,CurrentOnly-AE-CeNN-494,5434,0.1221797176009573,0.1914342434928841,0.2028782638144136,0.0,0.0,0.1620888580704866,0.0,0.0
compound_faults,CurrentOnly-AE-CeNN-494,5435,0.1162149970108031,0.1900778278262713,0.1967330277027705,0.0,0.0,0.1624230940509299,0.0,0.0
compound_faults,CurrentOnly-AE-CeNN-494,5436,0.1037057179865937,0.1685241939011828,0.180008374290635,0.0,0.0,0.1619229638843861,0.0,0.0
compound_faults,CurrentOnly-AE-CeNN-494,5437,0.1097580746687062,0.1856937300197013,0.1986036594926388,0.0,0.0,0.1617310766078883,0.0,0.0
compound_faults,CurrentOnly-AE-CeNN-494,5438,0.1361927265274119,0.2124394056209267,0.2254761485407319,0.0,0.0,0.1621648856593859,0.0,0.0
compound_faults,CurrentOnly-AE-CeNN-494,5439,0.1111789194127714,0.2221492511236867,0.235776558267267,0.0,0.0,0.1613452967487543,0.0,0.0
compound_faults,CurrentOnly-AE-CeNN-494,5440,0.0970478336183764,0.1447425981920149,0.148316458809863,0.0,0.0,0.161415785233541,0.0,0.0
compound_faults,CurrentOnly-AE-CeNN-494,5441,0.0853042225809668,0.1228878454936854,0.1239423968418022,0.0,0.0,0.1622562032634386,0.0,0.0
compound_faults,CurrentOnly-AE-CeNN-494,5442,0.108616386292006,0.1980570064306535,0.2095230533547384,0.0,0.0,0.1624049319076765,0.0,0.0
compound_faults,CurrentOnly-AE-CeNN-494,5443,0.0912275987687775,0.1635626213609257,0.1701589163178669,0.0,0.0,0.1615354826997803,0.0,0.0
compound_faults,CurrentOnly-AE-CeNN-494,5444,0.138906474309749,0.2481982472617954,0.2649122439203054,0.0,0.0,0.1617981968130873,0.0,0.0
compound_faults,CurrentOnly-AE-CeNN-494,5445,0.1059813288556844,0.2112325997434549,0.2230553985211923,0.0,0.0,0.1616132881685681,0.0,0.0
compound_faults,CurrentOnly-AE-CeNN-494,5446,0.0934953894142036,0.1266947234899252,0.1342609539097271,0.0,0.0,0.1620471722853666,0.0,0.0
compound_faults,CurrentOnly-AE-CeNN-494,5447,0.0986046984006681,0.196317854332859,0.2083504657155277,0.0,0.0,0.1618937406256451,0.0,0.0
compound_faults,CurrentOnly-AE-CeNN-494,5448,0.0800486026690266,0.1183171820982098,0.121604730748264,0.0,0.0,0.1613387576209923,0.0,0.0
compound_faults,CurrentOnly-AE-CeNN-494,5449,0.0972240165851253,0.1433548718930248,0.1475844014358464,0.0,0.0,0.1618523611533765,0.0,0.0
compound_faults,CurrentOnly-AE-CeNN-494,5450,0.1112980581348044,0.1771489415109972,0.1907624671269113,0.0,0.0,0.1619506503640743,0.0,0.0
compound_faults,CurrentOnly-AE-CeNN-494,5451,0.0790324900423321,0.11668030143877,0.1273659206383567,0.0,0.0,0.1620035060550738,0.0,0.0
compound_faults,CurrentOnly-AE-CeNN-494,5452,0.0897830909589965,0.1309150144916126,0.13517617980698,0.0,0.0,0.161268632668168,0.0,0.0
compound_faults,CurrentOnly-AE-CeNN-494,5453,0.0898529874375629,0.1224934940391727,0.1292945759358488,0.0,0.0,0.1624523264313974,0.0,0.0
compound_faults,CurrentOnly-AE-CeNN-494,5454,0.0997454877981132,0.1676923570893315,0.1818187633500744,0.0,0.0,0.1620482860965235,0.0,0.0
compound_faults,CurrentOnly-AE-CeNN-494,5455,0.1107159206003063,0.1818845252350042,0.1960429183216651,0.0,0.0,0.1616841554588221,0.0,0.0
compound_faults,CurrentOnly-AE-CeNN-494,5456,0.1232582269147022,0.1950637918500371,0.2096317974477951,0.0,0.0,0.1622953891341215,0.0,0.0
compound_faults,CurrentOnly-AE-CeNN-494,5457,0.0879902460790993,0.126013864907179,0.1337048093777267,0.0,0.0,0.1613683693893366,0.0,0.0
compound_faults,CurrentOnly-AE-CeNN-494,5458,0.0892546399639654,0.1615649515236779,0.1734414587271048,0.0,0.0,0.161389242889323,0.0,0.0
compound_faults,CurrentOnly-AE-CeNN-494,5459,0.1123779779375874,0.1756705773352354,0.187980934859936,0.0,0.0,0.1618681338561645,0.0,0.0
compound_faults,CurrentOnly-AE-CeNN-494,5460,0.1068121050421838,0.2027982458756285,0.2146880019182702,0.0,0.0,0.1620534141595573,0.0,0.0
compound_faults,CurrentOnly-AE-CeNN-494,5461,0.0958654654030878,0.161589875531742,0.169215329180938,0.0,0.0,0.1619473478030692,0.0,0.0
compound_faults,CurrentOnly-AE-CeNN-494,5462,0.1004659607786406,0.1617914844001456,0.1740246245480141,0.0,0.0,0.161412925105536,0.0,0.0
compound_faults,CurrentOnly-AE-CeNN-494,5463,0.1042206414057859,0.170370725688065,0.1856013998552515,0.0,0.0,0.1612255176353813,0.0,0.0
compound_faults,CurrentOnly-AE-CeNN-494,5464,0.1263096529329855,0.2336500664810229,0.2512696682760451,0.0,0.0,0.1621475156988105,0.0,0.0
compound_faults,CurrentOnly-AE-CeNN-494,5465,0.08594208985246,0.1261661744022605,0.1286341024880709,0.0,0.0,0.1614624093183826,0.0,0.0
compound_faults,CurrentOnly-AE-CeNN-494,5466,0.1310619534976803,0.1778364862242173,0.1820367716414057,0.0,0.0,0.1621151393398471,0.0,0.0
compound_faults,CurrentOnly-AE-CeNN-494,5467,0.12216794020839,0.1878658468939251,0.1948987586711975,0.0,0.0,0.1624980528924545,0.0,0.0
compound_faults,CurrentOnly-AE-CeNN-494,5468,0.0843682296309442,0.1071591845370755,0.1148689839195823,0.0,0.0,0.1620810179493226,0.0,0.0
compound_faults,CurrentOnly-AE-CeNN-494,5469,0.1297040178715823,0.2109775937023387,0.214067134351535,0.0,0.0,0.1615231560023157,0.0,0.0
compound_faults,CurrentOnly-AE-CeNN-494,5470,0.1225537319560148,0.2084960158226153,0.2213607764943838,0.0,0.0,0.1626269062242525,0.0,0.0
compound_faults,CurrentOnly-AE-CeNN-494,5471,0.1178589007277704,0.1970377473959928,0.210296550652818,0.0,0.0,0.1614293021841194,0.0,0.0
compound_faults,CurrentOnly-AE-CeNN-494,5472,0.1246991605128073,0.202263830246711,0.2098168795953438,0.0,0.0,0.1627023886495279,0.0,0.0
compound_faults,CurrentOnly-AE-CeNN-494,5473,0.1318187484354479,0.2037298822098729,0.2106382626864028,0.0,0.0,0.1624462792495751,0.0,0.0
compound_faults,CurrentOnly-AE-CeNN-494,5474,0.1188379178673245,0.2259996901790788,0.2392474374633675,0.0,0.0,0.1626238917207877,0.0,0.0
compound_faults,CurrentOnly-AE-CeNN-494,5475,0.1162353164264776,0.2263431551211882,0.2366026386178252,0.0,0.0,0.1621603620887263,0.0,0.0
compound_faults,CurrentOnly-AE-CeNN-494,5476,0.0977214349221919,0.1375003952205934,0.1434497102534835,0.0,0.0,0.1624126667169424,0.0,0.0
compound_faults,CurrentOnly-AE-CeNN-494,5477,0.1192351838618669,0.183234674326763,0.1887437056030832,0.0,0.0,0.1620140090906515,0.0,0.0
compound_faults,CurrentOnly-AE-CeNN-494,5478,0.1484914378589452,0.262039101212776,0.268175582348337,0.0,0.0,0.1618791080362077,0.0,0.0
compound_faults,CurrentOnly-AE-CeNN-494,5479,0.1200368359644127,0.2138580102602307,0.2263431518457601,0.0,0.0,0.1617437480059638,0.0,0.0
compound_faults,CurrentOnly-AE-CeNN-494,5480,0.0846086635104557,0.1310470386789044,0.1326221238371712,0.0,0.0,0.1617282858097873,0.0,0.0
compound_faults,CurrentOnly-AE-CeNN-494,5481,0.0773438661812702,0.1077538914980394,0.1105218164013778,0.0,0.0,0.161838912236528,0.0,0.0
compound_faults,CurrentOnly-AE-CeNN-494,5482,0.1129019994986437,0.1940543911967349,0.2081370110580162,0.0,0.0,0.1617373281872659,0.0,0.0
compound_faults,CurrentOnly-AE-CeNN-494,5483,0.0907729363534529,0.1260212672110436,0.1286710825587774,0.0,0.0,0.1615220856999898,0.0,0.0
compound_faults,CurrentOnly-AE-CeNN-494,5484,0.0931845466048958,0.1300478270777609,0.1398156595031796,0.0,0.0,0.1622122165071549,0.0,0.0
compound_faults,CurrentOnly-AE-CeNN-494,5485,0.0764287320762313,0.1099712651633133,0.1229168632885219,0.0,0.0,0.1618499853953742,0.0,0.0
compound_faults,CurrentOnly-AE-CeNN-494,5486,0.1207788604394762,0.2105791547813376,0.2149694025610294,0.0,0.0,0.1624480423924055,0.0,0.0
compound_faults,CurrentOnly-AE-CeNN-494,5487,0.1289357813212799,0.1888209606693756,0.1987024526404677,0.0,0.0,0.1621560401597144,0.0,0.0
compound_faults,CurrentOnly-AE-CeNN-494,5488,0.1070212724012289,0.1412492996356501,0.1432651678198513,0.0,0.0,0.1622861112887566,0.0,0.0
compound_faults,CurrentOnly-AE-CeNN-494,5489,0.1123977927745554,0.2043264186127946,0.2146235610777682,0.0,0.0,0.161388348201263,0.0,0.0
compound_faults,CurrentOnly-AE-CeNN-494,5490,0.1279382076434998,0.170286662551289,0.1758125569816473,0.0,0.0,0.1627719259517976,0.0,0.0
compound_faults,CurrentOnly-AE-CeNN-494,5491,0.1229731378927853,0.17283960391697,0.1840287878577312,0.0,0.0,0.1620289872964474,0.0,0.0
compound_faults,CurrentOnly-AE-CeNN-494,5492,0.0702104277541356,0.1042253513785822,0.1098396922223034,0.0,0.0,0.1619917838367894,0.0,0.0
compound_faults,CurrentOnly-AE-CeNN-494,5493,0.0886725057509513,0.1156511375566609,0.1166040074504236,0.0,0.0,0.1626672881746933,0.0,0.0
compound_faults,CurrentOnly-AE-CeNN-494,5494,0.0909929133510683,0.1407716563904119,0.1450294927306159,0.0,0.0,0.1618375442163923,0.0,0.0
compound_faults,CurrentOnly-AE-CeNN-494,5495,0.0776210308120362,0.107167445424769,0.1079575826969123,0.0,0.0,0.1614485112092363,0.0,0.0
compound_faults,CurrentOnly-AE-CeNN-494,5496,0.1268308866269438,0.2065512933344863,0.2180809055698989,0.0,0.0,0.1622690866291817,0.0,0.0
compound_faults,CurrentOnly-AE-CeNN-494,5497,0.0812729395683995,0.1235647456505551,0.1242685111539407,0.0,0.0,0.1619270300181606,0.0,0.0
compound_faults,CurrentOnly-AE-CeNN-494,5498,0.0900160262607963,0.1398450877171786,0.1501165661522658,0.0,0.0,0.1618927485045809,0.0,0.0
compound_faults,CurrentOnly-AE-CeNN-494,5499,0.0896615645479725,0.1518941150809848,0.161918384290968,0.0,0.0,0.1620975674470193,0.0,0.0
compound_faults,G-DetectorGate-noRTA,5400,0.1292530579587662,0.2002864973108048,0.2142917671419603,0.0,0.0,0.1622358518390157,100.0,1.0
compound_faults,G-DetectorGate-noRTA,5401,0.1028349267722708,0.1702508831861448,0.1815536745214549,0.0,0.0,0.1611582953485652,100.0,1.0
compound_faults,G-DetectorGate-noRTA,5402,0.1163875682805386,0.1913832912469132,0.2100828068645523,0.0,0.0,0.1617489404584337,100.0,1.0
compound_faults,G-DetectorGate-noRTA,5403,0.1328989059032576,0.2587981124363026,0.2736684311240406,0.0,0.0,0.1617477322698321,100.0,1.0
compound_faults,G-DetectorGate-noRTA,5404,0.1122801057023371,0.1946071486173712,0.202163512898669,0.0,0.0,0.162763106329771,100.0,1.0
compound_faults,G-DetectorGate-noRTA,5405,0.1242317385678559,0.1866338894090481,0.2001862022781183,0.0,0.0,0.1625942870415454,100.0,1.0
compound_faults,G-DetectorGate-noRTA,5406,0.1229643419858536,0.1995268255361533,0.2076246133392908,0.0,0.0,0.1616582642147701,100.0,1.0
compound_faults,G-DetectorGate-noRTA,5407,0.0977656692245366,0.1258704047228742,0.1285821440664536,0.0,0.0,0.1626577092173539,100.0,1.0
compound_faults,G-DetectorGate-noRTA,5408,0.0859169723441407,0.140723222969521,0.1502732502483967,0.0,0.0,0.1617208033763905,100.0,1.0
compound_faults,G-DetectorGate-noRTA,5409,0.1169342716834426,0.1698386202230794,0.1789138951294649,0.0,0.0,0.1626773085492134,100.0,1.0
compound_faults,G-DetectorGate-noRTA,5410,0.1370261119518503,0.242453548765365,0.2565719005951296,0.0,0.0,0.1622999789147665,100.0,1.0
compound_faults,G-DetectorGate-noRTA,5411,0.1178467625760305,0.2133967519503834,0.2289165052174044,0.0,0.0,0.1609667149186404,100.0,1.0
compound_faults,G-DetectorGate-noRTA,5412,0.0888417490633798,0.1274512768009908,0.1348038570764433,0.0,0.0,0.1618383992730548,100.0,1.0
compound_faults,G-DetectorGate-noRTA,5413,0.0980768279209952,0.169776961347067,0.1819242351111122,0.0,0.0,0.1613309584215189,100.0,1.0
compound_faults,G-DetectorGate-noRTA,5414,0.0910343059402687,0.1453736608884203,0.1500013119060404,0.0,0.0,0.1618616660659134,100.0,1.0
compound_faults,G-DetectorGate-noRTA,5415,0.1295324651790358,0.2473634101411172,0.2653016546435933,0.0,0.0,0.1613030741268497,100.0,1.0
compound_faults,G-DetectorGate-noRTA,5416,0.0902145936798594,0.1743982680004461,0.1882748911397556,0.0,0.0,0.1617579351170561,100.0,1.0
compound_faults,G-DetectorGate-noRTA,5417,0.1139637549215724,0.2062693213357386,0.2200137660882522,0.0,0.0,0.1628212395076726,100.0,1.0
compound_faults,G-DetectorGate-noRTA,5418,0.1208256549632098,0.2201798218423671,0.227120018473749,0.0,0.0,0.1620087425111026,100.0,1.0
compound_faults,G-DetectorGate-noRTA,5419,0.1129027865776274,0.1736338919464282,0.1829839097239241,0.0,0.0,0.1625229067207582,100.0,1.0
compound_faults,G-DetectorGate-noRTA,5420,0.1529558394905287,0.2866028831597118,0.2961358449129198,0.0,0.0,0.1626470981864319,100.0,1.0
compound_faults,G-DetectorGate-noRTA,5421,0.1127922918357108,0.1668442209992387,0.1794053013452489,0.0,0.0,0.1623257340187474,100.0,1.0
compound_faults,G-DetectorGate-noRTA,5422,0.0880002532179075,0.1450566977996399,0.1543834984651076,0.0,0.0,0.1618870293673283,100.0,1.0
compound_faults,G-DetectorGate-noRTA,5423,0.1316610514578817,0.1887269306956762,0.2010955396590386,0.0,0.0,0.1621380720151116,100.0,1.0
compound_faults,G-DetectorGate-noRTA,5424,0.1336851538007684,0.2002639814890187,0.2075676219931229,0.0,0.0,0.1621041944674748,100.0,1.0
compound_faults,G-DetectorGate-noRTA,5425,0.1378833913959433,0.2209736678781498,0.2386078400079966,0.0,0.0,0.1617705309171541,100.0,1.0
compound_faults,G-DetectorGate-noRTA,5426,0.0967107117494216,0.1548000875924278,0.1676111398014887,0.0,0.0,0.1613860777458587,100.0,1.0
compound_faults,G-DetectorGate-noRTA,5427,0.1234770403844373,0.2042044370747445,0.2180863937410042,0.0,0.0,0.1610432443892863,100.0,1.0
compound_faults,G-DetectorGate-noRTA,5428,0.0993518336696598,0.1677160780940557,0.1768969526952661,0.0,0.0,0.1619082454267722,100.0,1.0
compound_faults,G-DetectorGate-noRTA,5429,0.1228208187611295,0.1639902977990621,0.1727841996648005,0.0,0.0,0.162182314662906,100.0,1.0
compound_faults,G-DetectorGate-noRTA,5430,0.126386038517772,0.1745557748153059,0.1771409016016923,0.0,0.0,0.1625337530644504,100.0,1.0
compound_faults,G-DetectorGate-noRTA,5431,0.1482981384368385,0.2728481177130236,0.2823978945937311,0.0,0.0,0.1624958258012647,100.0,1.0
compound_faults,G-DetectorGate-noRTA,5432,0.1155294560846862,0.1895288621035195,0.2011818341387851,0.0,0.0,0.1619374871995841,100.0,1.0
compound_faults,G-DetectorGate-noRTA,5433,0.115899010680491,0.1965304154102742,0.2072127538080738,0.0,0.0,0.1616388319919902,100.0,1.0
compound_faults,G-DetectorGate-noRTA,5434,0.1218696736822964,0.1913092840862456,0.2023721114772934,0.0,0.0,0.1620876133391743,100.0,1.0
compound_faults,G-DetectorGate-noRTA,5435,0.1158625038926734,0.1899364673520898,0.1965755986622422,0.0,0.0,0.1624206938075197,100.0,1.0
compound_faults,G-DetectorGate-noRTA,5436,0.1030035249285559,0.167477011082536,0.1788795946314537,0.0,0.0,0.1619214906800586,100.0,1.0
compound_faults,G-DetectorGate-noRTA,5437,0.10889877324314,0.1848695356191981,0.1977908667657641,0.0,0.0,0.1617289862126811,100.0,1.0
compound_faults,G-DetectorGate-noRTA,5438,0.1358241438001388,0.2118790620477001,0.2249617625463547,0.0,0.0,0.1621634543663028,100.0,1.0
compound_faults,G-DetectorGate-noRTA,5439,0.1108668213088645,0.2216020224108362,0.2352502344601974,0.0,0.0,0.1613450349099873,100.0,1.0
compound_faults,G-DetectorGate-noRTA,5440,0.0969342159770875,0.1446283777971444,0.1481983026069471,0.0,0.0,0.1614171732763172,100.0,1.0
compound_faults,G-DetectorGate-noRTA,5441,0.0850576849918702,0.1227689391110458,0.1238214295025093,0.0,0.0,0.1622557940097729,100.0,1.0
compound_faults,G-DetectorGate-noRTA,5442,0.1078455684840627,0.1972058024587911,0.2086861772853848,0.0,0.0,0.1624023410112044,100.0,1.0
compound_faults,G-DetectorGate-noRTA,5443,0.0910069227182464,0.1632120329298591,0.1698686462752601,0.0,0.0,0.1615351051327789,100.0,1.0
compound_faults,G-DetectorGate-noRTA,5444,0.1386254964560419,0.2481018273007104,0.2648372961146018,0.0,0.0,0.1617978326430678,100.0,1.0
compound_faults,G-DetectorGate-noRTA,5445,0.105797546298249,0.2110857605557894,0.2228777294585483,0.0,0.0,0.1615865888592331,100.0,1.0
compound_faults,G-DetectorGate-noRTA,5446,0.0930864357969545,0.1263993078827981,0.1339212102703893,0.0,0.0,0.1620464436984436,100.0,1.0
compound_faults,G-DetectorGate-noRTA,5447,0.0978385505854306,0.1955037621303272,0.2075726331683646,0.0,0.0,0.1618929842101996,100.0,1.0
compound_faults,G-DetectorGate-noRTA,5448,0.0793017914350834,0.1175784285131101,0.1209303140890906,0.0,0.0,0.1613374428169502,100.0,1.0
compound_faults,G-DetectorGate-noRTA,5449,0.0967899781749083,0.1426280450976228,0.1468351156907917,0.0,0.0,0.1618516286514923,100.0,1.0
compound_faults,G-DetectorGate-noRTA,5450,0.110937775751753,0.176454045170924,0.1900570843861562,0.0,0.0,0.1619503642717217,100.0,1.0
compound_faults,G-DetectorGate-noRTA,5451,0.0789865803618311,0.1164396174169074,0.1274226229129659,0.0,0.0,0.1620026885458474,100.0,1.0
compound_faults,G-DetectorGate-noRTA,5452,0.0894348562534337,0.1304905496038743,0.1347861156834934,0.0,0.0,0.1612684938235658,100.0,1.0
compound_faults,G-DetectorGate-noRTA,5453,0.0895977096802702,0.1222952384230362,0.1290169184774675,0.0,0.0,0.1624498219198309,100.0,1.0
compound_faults,G-DetectorGate-noRTA,5454,0.0992340294524644,0.1671119264616221,0.1812151490381648,0.0,0.0,0.1620472880226861,100.0,1.0
compound_faults,G-DetectorGate-noRTA,5455,0.1104427289601582,0.1815589591442909,0.1957012566174136,0.0,0.0,0.1616826824875452,100.0,1.0
compound_faults,G-DetectorGate-noRTA,5456,0.123024453434727,0.1949696427955355,0.2094761698744948,0.0,0.0,0.162294436982936,100.0,1.0
compound_faults,G-DetectorGate-noRTA,5457,0.08781197361427,0.1258149307229022,0.1336389353919709,0.0,0.0,0.1613684466517647,100.0,1.0
compound_faults,G-DetectorGate-noRTA,5458,0.0889207780365023,0.1614817736145318,0.1732723115002746,0.0,0.0,0.1613873498947918,100.0,1.0
compound_faults,G-DetectorGate-noRTA,5459,0.1121484855736339,0.1755852066059366,0.18790710341503,0.0,0.0,0.1618687876107796,100.0,1.0
compound_faults,G-DetectorGate-noRTA,5460,0.106023094022645,0.2020918142109888,0.2139863565252013,0.0,0.0,0.1620522055027826,100.0,1.0
compound_faults,G-DetectorGate-noRTA,5461,0.0952050475703567,0.1607895720925641,0.1684264645168904,0.0,0.0,0.1619454667969688,100.0,1.0
compound_faults,G-DetectorGate-noRTA,5462,0.0999622595596884,0.1612011541850622,0.1735014948530011,0.0,0.0,0.1614117684493775,100.0,1.0
compound_faults,G-DetectorGate-noRTA,5463,0.1039147770087126,0.1701399135606756,0.1853601711864421,0.0,0.0,0.16122661356878,100.0,1.0
compound_faults,G-DetectorGate-noRTA,5464,0.1257317294547568,0.2329303564504275,0.2505895674922138,0.0,0.0,0.1621452665340624,100.0,1.0
compound_faults,G-DetectorGate-noRTA,5465,0.0855019845157342,0.1252185889003488,0.1281315878499149,0.0,0.0,0.1614612659369476,100.0,1.0
compound_faults,G-DetectorGate-noRTA,5466,0.1308078667965923,0.1774514039068418,0.1816695436624764,0.0,0.0,0.1621139246699292,100.0,1.0
compound_faults,G-DetectorGate-noRTA,5467,0.1216097723599996,0.1875816080809964,0.1942624797685034,0.0,0.0,0.1624954063663589,100.0,1.0
compound_faults,G-DetectorGate-noRTA,5468,0.0835810434588791,0.1062800831650295,0.1139496021773823,0.0,0.0,0.1620787038502552,100.0,1.0
compound_faults,G-DetectorGate-noRTA,5469,0.1292046633615604,0.2102488226297649,0.2136356777141528,0.0,0.0,0.1615228356040928,100.0,1.0
compound_faults,G-DetectorGate-noRTA,5470,0.1218814292566798,0.2081732810205252,0.221016389892194,0.0,0.0,0.1626239870118181,100.0,1.0
compound_faults,G-DetectorGate-noRTA,5471,0.1176070108937766,0.1965231971378042,0.2097746348828925,0.0,0.0,0.161429084423829,100.0,1.0
compound_faults,G-DetectorGate-noRTA,5472,0.1242803839333185,0.2016337244952551,0.2091986099412565,0.0,0.0,0.1626999422102284,100.0,1.0
compound_faults,G-DetectorGate-noRTA,5473,0.1311859586818507,0.2031098253713174,0.2101544099003527,0.0,0.0,0.1624441082975999,100.0,1.0
compound_faults,G-DetectorGate-noRTA,5474,0.1185014549655357,0.2259249123076504,0.2392692596309988,0.0,0.0,0.1626213312333668,100.0,1.0
compound_faults,G-DetectorGate-noRTA,5475,0.1159316538723209,0.2260344797830719,0.2363487394406236,0.0,0.0,0.1621588543485293,100.0,1.0
compound_faults,G-DetectorGate-noRTA,5476,0.0974759881762176,0.137306441253777,0.1433307803180707,0.0,0.0,0.1624107688639111,100.0,1.0
compound_faults,G-DetectorGate-noRTA,5477,0.1189181604136953,0.1827800888018661,0.1882972458754084,0.0,0.0,0.1620121194719453,100.0,1.0
compound_faults,G-DetectorGate-noRTA,5478,0.1480419121244439,0.2612297366873913,0.2673597005829736,0.0,0.0,0.1618776897792302,100.0,1.0
compound_faults,G-DetectorGate-noRTA,5479,0.1198189800844536,0.213583695915334,0.2260985964271947,0.0,0.0,0.1617425081174776,100.0,1.0
compound_faults,G-DetectorGate-noRTA,5480,0.0842460731364491,0.1305904051293878,0.1321674858421155,0.0,0.0,0.1617261195012098,100.0,1.0
compound_faults,G-DetectorGate-noRTA,5481,0.0767310492695384,0.1073005726802212,0.1099888985422758,0.0,0.0,0.1618369277559504,100.0,1.0
compound_faults,G-DetectorGate-noRTA,5482,0.1127780501939088,0.1937455628020832,0.2078044522613053,0.0,0.0,0.1617365991598083,100.0,1.0
compound_faults,G-DetectorGate-noRTA,5483,0.0902169623210366,0.1252558051640983,0.1279890931420268,0.0,0.0,0.161520960752001,100.0,1.0
compound_faults,G-DetectorGate-noRTA,5484,0.0927447715430297,0.1293529164205769,0.1391318843477923,0.0,0.0,0.1622098215498688,100.0,1.0
compound_faults,G-DetectorGate-noRTA,5485,0.0756906374166225,0.1088532355038504,0.1223257990698317,0.0,0.0,0.1618469926128173,100.0,1.0
compound_faults,G-DetectorGate-noRTA,5486,0.1200748140367024,0.2094234417122436,0.2139075028885214,0.0,0.0,0.1624459488974178,100.0,1.0
compound_faults,G-DetectorGate-noRTA,5487,0.1285325447366179,0.1886479352102513,0.1978712008589629,0.0,0.0,0.1621539883765598,100.0,1.0
compound_faults,G-DetectorGate-noRTA,5488,0.1063050462041215,0.1406285184909725,0.1429309075184707,0.0,0.0,0.162283252932753,100.0,1.0
compound_faults,G-DetectorGate-noRTA,5489,0.1122161861361869,0.2042029154841206,0.2145267844144349,0.0,0.0,0.1613889121126057,100.0,1.0
compound_faults,G-DetectorGate-noRTA,5490,0.1270396274518442,0.1693410574660061,0.1747227086685946,0.0,0.0,0.1627697787043407,100.0,1.0
compound_faults,G-DetectorGate-noRTA,5491,0.1223172174081656,0.1721049347261394,0.1832391226372977,0.0,0.0,0.1620267792210709,100.0,1.0
compound_faults,G-DetectorGate-noRTA,5492,0.0695537376376696,0.1034347813215091,0.1089913585715089,0.0,0.0,0.1619882340426474,100.0,1.0
compound_faults,G-DetectorGate-noRTA,5493,0.0881488137652257,0.1153019122088412,0.1163912089806801,0.0,0.0,0.1626645094292555,100.0,1.0
compound_faults,G-DetectorGate-noRTA,5494,0.090670580176239,0.1406145867812992,0.144916912579447,0.0,0.0,0.1618374502309956,100.0,1.0
compound_faults,G-DetectorGate-noRTA,5495,0.0768367297272121,0.1061570492050499,0.1069808808759091,0.0,0.0,0.1614477719927292,100.0,1.0
compound_faults,G-DetectorGate-noRTA,5496,0.1265757259960259,0.2065715230465174,0.2180660705094632,0.0,0.0,0.1622677333640831,100.0,1.0
compound_faults,G-DetectorGate-noRTA,5497,0.0806156181178178,0.1225596693312315,0.1232924930479487,0.0,0.0,0.1619260348985173,100.0,1.0
compound_faults,G-DetectorGate-noRTA,5498,0.0897456591636707,0.1397344245686859,0.1500181139021607,0.0,0.0,0.1618918393328926,100.0,1.0
compound_faults,G-DetectorGate-noRTA,5499,0.0891377534739358,0.1512402164968361,0.1611668659345337,0.0,0.0,0.162096522217345,100.0,1.0
compound_faults,H-RTA-SupervisedGate,5400,0.1292531333895883,0.2002864973080734,0.2142917671358222,0.0,0.0,0.1622358483812994,100.0,1.0
compound_faults,H-RTA-SupervisedGate,5401,0.1028348678369788,0.1702508730091676,0.1815536613334777,0.0,0.0,0.161158293996761,100.0,1.0
compound_faults,H-RTA-SupervisedGate,5402,0.1163876168956523,0.1913832978808122,0.210082811843421,0.0,0.0,0.1617489381339983,100.0,1.0
compound_faults,H-RTA-SupervisedGate,5403,0.1328987195270265,0.2587980839509273,0.2736683994272436,0.0,0.0,0.1617477293355126,100.0,1.0
compound_faults,H-RTA-SupervisedGate,5404,0.1122803702060198,0.1946071486321272,0.2021635129193624,0.0,0.0,0.162763102693359,100.0,1.0
compound_faults,H-RTA-SupervisedGate,5405,0.1242318569139562,0.1866338937411518,0.2001862088906009,0.0,0.0,0.1625942852645762,100.0,1.0
compound_faults,H-RTA-SupervisedGate,5406,0.1229642385801871,0.1995268255380979,0.2076246133462733,0.0,0.0,0.1616582621331553,100.0,1.0
compound_faults,H-RTA-SupervisedGate,5407,0.0977657983014223,0.1258703485925282,0.1285821440935841,0.0,0.0,0.1626577062007528,100.0,1.0
compound_faults,H-RTA-SupervisedGate,5408,0.0859164975298217,0.1407232229760061,0.150273250250929,0.0,0.0,0.1617207991920721,100.0,1.0
compound_faults,H-RTA-SupervisedGate,5409,0.1169344210729511,0.1698386202271055,0.1789138951285006,0.0,0.0,0.1626773066674895,100.0,1.0
compound_faults,H-RTA-SupervisedGate,5410,0.1370262278661963,0.242453548840274,0.2565719006353288,0.0,0.0,0.1622999760330608,100.0,1.0
compound_faults,H-RTA-SupervisedGate,5411,0.1178465245613059,0.2133967396642757,0.2289164879340565,0.0,0.0,0.1609667087254336,100.0,1.0
compound_faults,H-RTA-SupervisedGate,5412,0.0888411863678162,0.1274512765910936,0.1348038567564269,0.0,0.0,0.1618383935775668,100.0,1.0
compound_faults,H-RTA-SupervisedGate,5413,0.0980768699686615,0.1697769613573286,0.1819242351176782,0.0,0.0,0.1613309551370308,100.0,1.0
compound_faults,H-RTA-SupervisedGate,5414,0.0910343522398589,0.1453736343446971,0.1500014580271648,0.0,0.0,0.1618616636447576,100.0,1.0
compound_faults,H-RTA-SupervisedGate,5415,0.1295325284889251,0.2473634093521196,0.2653016523771797,0.0,0.0,0.1613030710653756,100.0,1.0
compound_faults,H-RTA-SupervisedGate,5416,0.0902147100187325,0.1743982733150881,0.1882748987388727,0.0,0.0,0.1617579329658647,100.0,1.0
compound_faults,H-RTA-SupervisedGate,5417,0.1139643336353023,0.2062693213407487,0.2200137660992076,0.0,0.0,0.1628212349039463,100.0,1.0
compound_faults,H-RTA-SupervisedGate,5418,0.1208259806188619,0.2201798181751837,0.2271200714048299,0.0,0.0,0.1620087435333652,100.0,1.0
compound_faults,H-RTA-SupervisedGate,5419,0.1129029500380231,0.1736338919596744,0.1829839097314299,0.0,0.0,0.1625229025417176,100.0,1.0
compound_faults,H-RTA-SupervisedGate,5420,0.1529558827726476,0.2866028832386916,0.2961358449589708,0.0,0.0,0.162647095553631,100.0,1.0
compound_faults,H-RTA-SupervisedGate,5421,0.112792208830576,0.1668442210096774,0.1794053013492406,0.0,0.0,0.1623257273775797,100.0,1.0
compound_faults,H-RTA-SupervisedGate,5422,0.088000860300312,0.1450567086444297,0.1543835122259627,0.0,0.0,0.1618870249287207,100.0,1.0
compound_faults,H-RTA-SupervisedGate,5423,0.1316612452225138,0.1887269306781704,0.2010955396468972,0.0,0.0,0.1621380690629086,100.0,1.0
compound_faults,H-RTA-SupervisedGate,5424,0.1336850005796236,0.2002639814785514,0.2075676219888963,0.0,0.0,0.1621041883586214,100.0,1.0
compound_faults,H-RTA-SupervisedGate,5425,0.1378834443626481,0.2209736740314871,0.2386078456678227,0.0,0.0,0.161770528498449,100.0,1.0
compound_faults,H-RTA-SupervisedGate,5426,0.0967108542526338,0.1548000875947427,0.1676111398036497,0.0,0.0,0.1613860755875356,100.0,1.0
compound_faults,H-RTA-SupervisedGate,5427,0.123476654590749,0.2042044370981956,0.2180863937667156,0.0,0.0,0.1610432388964461,100.0,1.0
compound_faults,H-RTA-SupervisedGate,5428,0.0993517619187309,0.1677156675277669,0.1768966983125162,0.0,0.0,0.1619082433133331,100.0,1.0
compound_faults,H-RTA-SupervisedGate,5429,0.1228212809129333,0.1639902900941748,0.1727841996883551,0.0,0.0,0.1621823107693231,100.0,1.0
compound_faults,H-RTA-SupervisedGate,5430,0.1263862084548259,0.1745557748261239,0.1771409016446388,0.0,0.0,0.1625337487777108,100.0,1.0
compound_faults,H-RTA-SupervisedGate,5431,0.1482982327692368,0.2728481177309823,0.2823978946171541,0.0,0.0,0.1624958231308581,100.0,1.0
compound_faults,H-RTA-SupervisedGate,5432,0.1155292396481014,0.1895288620997905,0.2011818341371863,0.0,0.0,0.1619374846853067,100.0,1.0
compound_faults,H-RTA-SupervisedGate,5433,0.1158988323996538,0.1965304154102286,0.2072127538073978,0.0,0.0,0.1616388289578967,100.0,1.0
compound_faults,H-RTA-SupervisedGate,5434,0.1218692396837136,0.1913092365949659,0.2023721114755605,0.0,0.0,0.162087608199926,100.0,1.0
compound_faults,H-RTA-SupervisedGate,5435,0.1158624560500615,0.1899364203209375,0.1965756293300436,0.0,0.0,0.1624206914013883,100.0,1.0
compound_faults,H-RTA-SupervisedGate,5436,0.1030034623490762,0.1674769943599502,0.1788795750436257,0.0,0.0,0.1619214832688726,100.0,1.0
compound_faults,H-RTA-SupervisedGate,5437,0.1088993742967952,0.1848695199977782,0.1977908547510402,0.0,0.0,0.1617289801160701,100.0,1.0
compound_faults,H-RTA-SupervisedGate,5438,0.1358243229673489,0.2118790819985984,0.2249617783929112,0.0,0.0,0.162163451450251,100.0,1.0
compound_faults,H-RTA-SupervisedGate,5439,0.1108666034207171,0.221602022416244,0.2352502344650804,0.0,0.0,0.1613450319667683,100.0,1.0
compound_faults,H-RTA-SupervisedGate,5440,0.0969337666000142,0.1446283255924581,0.148198265438167,0.0,0.0,0.1614171686273722,100.0,1.0
compound_faults,H-RTA-SupervisedGate,5441,0.0850577019142166,0.1227689328516011,0.1238214295023593,0.0,0.0,0.16225579049337,100.0,1.0
compound_faults,H-RTA-SupervisedGate,5442,0.1078456554889689,0.1972057971600452,0.2086861730034712,0.0,0.0,0.1624023386026035,100.0,1.0
compound_faults,H-RTA-SupervisedGate,5443,0.0910066893510772,0.1632120141249871,0.169868628959552,0.0,0.0,0.1615351021717979,100.0,1.0
compound_faults,H-RTA-SupervisedGate,5444,0.1386253314605109,0.2481018272783384,0.2648372960961004,0.0,0.0,0.1617978305939479,100.0,1.0
compound_faults,H-RTA-SupervisedGate,5445,0.1057972025109715,0.2110857735549711,0.222877745525846,0.0,0.0,0.1615827354137275,99.18107370336668,0.991810737033667
compound_faults,H-RTA-SupervisedGate,5446,0.0930867098102481,0.1263993078819809,0.1339212102568751,0.0,0.0,0.1620464401492242,100.0,1.0
compound_faults,H-RTA-SupervisedGate,5447,0.0978386995884057,0.1955037722953018,0.2075726405872144,0.0,0.0,0.1618929825289197,100.0,1.0
compound_faults,H-RTA-SupervisedGate,5448,0.0793018107233478,0.1175784294883363,0.120930315432347,0.0,0.0,0.1613374377551885,100.0,1.0
compound_faults,H-RTA-SupervisedGate,5449,0.0967900008577699,0.1426280382346348,0.1468351077163986,0.0,0.0,0.1618516265101509,100.0,1.0
compound_faults,H-RTA-SupervisedGate,5450,0.1109377744236351,0.1764540451708476,0.1900570843859686,0.0,0.0,0.1619503614405626,100.0,1.0
compound_faults,H-RTA-SupervisedGate,5451,0.078986599047238,0.1164395633889861,0.1274226229126696,0.0,0.0,0.1620026820094156,100.0,1.0
compound_faults,H-RTA-SupervisedGate,5452,0.0894346742895064,0.1304905392289679,0.1347861021362753,0.0,0.0,0.1612684920937563,100.0,1.0
compound_faults,H-RTA-SupervisedGate,5453,0.0895975298163589,0.1222952281640554,0.1290169097246114,0.0,0.0,0.1624498163703369,100.0,1.0
compound_faults,H-RTA-SupervisedGate,5454,0.0992344025257143,0.1671118928342852,0.181215122748501,0.0,0.0,0.1620472825391775,100.0,1.0
compound_faults,H-RTA-SupervisedGate,5455,0.1104426835923698,0.1815589516025043,0.1957012514402232,0.0,0.0,0.1616826799961828,100.0,1.0
compound_faults,H-RTA-SupervisedGate,5456,0.1230248269256829,0.1949696427691398,0.2094761698527656,0.0,0.0,0.1622944312914994,100.0,1.0
compound_faults,H-RTA-SupervisedGate,5457,0.0878119408003594,0.1258149306881227,0.1336389028263923,0.0,0.0,0.1613684435689429,100.0,1.0
compound_faults,H-RTA-SupervisedGate,5458,0.0889209023082093,0.1614817736098761,0.173272311498515,0.0,0.0,0.1613873449307771,100.0,1.0
compound_faults,H-RTA-SupervisedGate,5459,0.112148379989311,0.1755851809207279,0.1879070693564307,0.0,0.0,0.161868786009886,100.0,1.0
compound_faults,H-RTA-SupervisedGate,5460,0.1060233706715706,0.2020918142126618,0.2139863565268196,0.0,0.0,0.1620522016808707,100.0,1.0
compound_faults,H-RTA-SupervisedGate,5461,0.0952052814020743,0.1607895720965753,0.1684264645223815,0.0,0.0,0.1619454642690551,100.0,1.0
compound_faults,H-RTA-SupervisedGate,5462,0.0999622200369537,0.1612011541866641,0.1735014948555495,0.0,0.0,0.1614117654255761,100.0,1.0
compound_faults,H-RTA-SupervisedGate,5463,0.1039143240098503,0.1701398734819791,0.1853601359445073,0.0,0.0,0.1612266068193843,100.0,1.0
compound_faults,H-RTA-SupervisedGate,5464,0.1257316833100515,0.2329303387540347,0.2505895503034804,0.0,0.0,0.1621452638749268,100.0,1.0
compound_faults,H-RTA-SupervisedGate,5465,0.0855018806167231,0.1252185915344313,0.1281315878503953,0.0,0.0,0.1614612637841858,100.0,1.0
compound_faults,H-RTA-SupervisedGate,5466,0.1308079663095392,0.177451400770911,0.1816695381797754,0.0,0.0,0.1621139210695261,100.0,1.0
compound_faults,H-RTA-SupervisedGate,5467,0.1216100175514048,0.1875816080795728,0.1942624770465299,0.0,0.0,0.1624954036370106,100.0,1.0
compound_faults,H-RTA-SupervisedGate,5468,0.0835810936009243,0.1062800740650135,0.1139496023297018,0.0,0.0,0.1620787002032063,100.0,1.0
compound_faults,H-RTA-SupervisedGate,5469,0.1292044887405643,0.2102488226392395,0.213635677719709,0.0,0.0,0.1615228331567639,100.0,1.0
compound_faults,H-RTA-SupervisedGate,5470,0.1218817891049697,0.2081732810172687,0.221016389891283,0.0,0.0,0.162623981065367,100.0,1.0
compound_faults,H-RTA-SupervisedGate,5471,0.1176069216624543,0.196523185138333,0.2097746190419371,0.0,0.0,0.161429082102168,100.0,1.0
compound_faults,H-RTA-SupervisedGate,5472,0.124280427262819,0.201633724512327,0.209198609950074,0.0,0.0,0.1626999389814356,100.0,1.0
compound_faults,H-RTA-SupervisedGate,5473,0.1311860571542468,0.2031098314302495,0.2101544132597434,0.0,0.0,0.1624441055630998,100.0,1.0
compound_faults,H-RTA-SupervisedGate,5474,0.1185014556883283,0.2259249154018691,0.2392692604883217,0.0,0.0,0.1626213292850257,100.0,1.0
compound_faults,H-RTA-SupervisedGate,5475,0.1159315743614547,0.2260344797845987,0.2363487394443015,0.0,0.0,0.1621588497683704,100.0,1.0
compound_faults,H-RTA-SupervisedGate,5476,0.0974765637513211,0.1373107932643909,0.1433308030249489,0.0,0.0,0.1624107607593356,100.0,1.0
compound_faults,H-RTA-SupervisedGate,5477,0.1189180031139991,0.182780088798961,0.1882972458727587,0.0,0.0,0.1620121177105633,100.0,1.0
compound_faults,H-RTA-SupervisedGate,5478,0.1480417982510961,0.2612297367502151,0.2673597006567947,0.0,0.0,0.1618776861500532,100.0,1.0
compound_faults,H-RTA-SupervisedGate,5479,0.1198189888129699,0.2135836933692521,0.2260985935106832,0.0,0.0,0.1617425038576494,100.0,1.0
compound_faults,H-RTA-SupervisedGate,5480,0.0842474840889953,0.1305904132543628,0.132167493135796,0.0,0.0,0.1617259771393514,99.7270245677889,0.997270245677889
compound_faults,H-RTA-SupervisedGate,5481,0.0767312365659319,0.1073004276407979,0.109988909510516,0.0,0.0,0.1618369252805352,100.0,1.0
compound_faults,H-RTA-SupervisedGate,5482,0.1127779642148646,0.193745545588245,0.2078044400089808,0.0,0.0,0.1617365973970247,100.0,1.0
compound_faults,H-RTA-SupervisedGate,5483,0.0902167580813549,0.1252557946560125,0.1279890592950779,0.0,0.0,0.1615209586790355,100.0,1.0
compound_faults,H-RTA-SupervisedGate,5484,0.0927456471630627,0.1293529439264545,0.1391319219182602,0.0,0.0,0.1622098159786707,100.0,1.0
compound_faults,H-RTA-SupervisedGate,5485,0.0756909204496098,0.1088528460576271,0.1223257990702754,0.0,0.0,0.1618469901335793,100.0,1.0
compound_faults,H-RTA-SupervisedGate,5486,0.1200749817382436,0.2094234681607338,0.2139075309516596,0.0,0.0,0.1624459438174282,100.0,1.0
compound_faults,H-RTA-SupervisedGate,5487,0.1285324943830178,0.1886478622882832,0.1978712008621943,0.0,0.0,0.1621539858312727,100.0,1.0
compound_faults,H-RTA-SupervisedGate,5488,0.1063053162248365,0.1406285189879249,0.1429309137252122,0.0,0.0,0.1622832505360586,100.0,1.0
compound_faults,H-RTA-SupervisedGate,5489,0.1122161510536756,0.204202915473736,0.214526784409765,0.0,0.0,0.1613889104598973,100.0,1.0
compound_faults,H-RTA-SupervisedGate,5490,0.127040138616691,0.1693411109558789,0.174722708673795,0.0,0.0,0.162769773932914,100.0,1.0
compound_faults,H-RTA-SupervisedGate,5491,0.1223174241577723,0.1721049147988416,0.1832391118727552,0.0,0.0,0.1620267771052849,100.0,1.0
compound_faults,H-RTA-SupervisedGate,5492,0.069554055550048,0.1034343528026453,0.1089908400408351,0.0,0.0,0.1619882313384643,100.0,1.0
compound_faults,H-RTA-SupervisedGate,5493,0.088148384818007,0.1153016060228382,0.1163912053873472,0.0,0.0,0.1626645311436957,99.90900818926298,0.9990900818926296
compound_faults,H-RTA-SupervisedGate,5494,0.0906706058212104,0.1406145867928229,0.1449169125865959,0.0,0.0,0.1618374483836553,100.0,1.0
compound_faults,H-RTA-SupervisedGate,5495,0.0768367361006024,0.1061570492122063,0.1069808809375854,0.0,0.0,0.1614477696208044,100.0,1.0
compound_faults,H-RTA-SupervisedGate,5496,0.1265757856327825,0.2065715230460763,0.2180660705088553,0.0,0.0,0.1622677311642392,100.0,1.0
compound_faults,H-RTA-SupervisedGate,5497,0.0806164723515901,0.122559670864497,0.1232924942018791,0.0,0.0,0.1619260266985297,100.0,1.0
compound_faults,H-RTA-SupervisedGate,5498,0.0897462618382779,0.1397344245569368,0.1500181138903367,0.0,0.0,0.1618918323753113,100.0,1.0
compound_faults,H-RTA-SupervisedGate,5499,0.089138275196016,0.1512402386070221,0.1611668807964438,0.0,0.0,0.1620965165809131,100.0,1.0
wind3_deadline_bursts,CurrentOnly-AE-CeNN-494,5400,0.0953962535182151,0.1248430896389744,0.1313463589398608,0.0,0.0,0.1621118202542193,0.0,0.0
wind3_deadline_bursts,CurrentOnly-AE-CeNN-494,5401,0.1215189312789343,0.1445624660206637,0.1506500316144689,0.0,0.0,0.1619515900264891,0.0,0.0
wind3_deadline_bursts,CurrentOnly-AE-CeNN-494,5402,0.1338898373026897,0.1833611868936645,0.1879272091630046,0.0,0.0,0.1622067695377357,0.0,0.0
wind3_deadline_bursts,CurrentOnly-AE-CeNN-494,5403,0.132195148332572,0.1701537166550486,0.1737862740005193,0.0,0.0,0.1615709313061925,0.0,0.0
wind3_deadline_bursts,CurrentOnly-AE-CeNN-494,5404,0.1372526575627805,0.2069108009059272,0.2173294536245416,0.0,0.0,0.1621558533681088,0.0,0.0
wind3_deadline_bursts,CurrentOnly-AE-CeNN-494,5405,0.1223382363910756,0.1544675493501882,0.1583949692365986,0.0,0.0,0.1619903516095711,0.0,0.0
wind3_deadline_bursts,CurrentOnly-AE-CeNN-494,5406,0.1248251481125958,0.1948913764379548,0.2034230441689316,0.0,0.0,0.1620813972708202,0.0,0.0
wind3_deadline_bursts,CurrentOnly-AE-CeNN-494,5407,0.1283260559539508,0.1790130458052971,0.1888321607871544,0.0,0.0,0.1618270045098468,0.0,0.0
wind3_deadline_bursts,CurrentOnly-AE-CeNN-494,5408,0.1426135503693326,0.1861363585803997,0.1946000693140856,0.0,0.0,0.1628784478664345,0.0,0.0
wind3_deadline_bursts,CurrentOnly-AE-CeNN-494,5409,0.1176950542289577,0.1556949508601669,0.156517738332965,0.0,0.0,0.1629840018761112,0.0,0.0
wind3_deadline_bursts,CurrentOnly-AE-CeNN-494,5410,0.1153701690852065,0.1363816094751211,0.1416154706173268,0.0,0.0,0.1617312426814129,0.0,0.0
wind3_deadline_bursts,CurrentOnly-AE-CeNN-494,5411,0.134037134252075,0.1744992434637039,0.1848943611294534,0.0,0.0,0.1619526049215888,0.0,0.0
wind3_deadline_bursts,CurrentOnly-AE-CeNN-494,5412,0.1151452293725804,0.1528454309355769,0.1600319514762349,0.0,0.0,0.1624553434710032,0.0,0.0
wind3_deadline_bursts,CurrentOnly-AE-CeNN-494,5413,0.1278999538219714,0.1709110123438118,0.1814785136862895,0.0,0.0,0.1624214828032027,0.0,0.0
wind3_deadline_bursts,CurrentOnly-AE-CeNN-494,5414,0.1090450359238243,0.1384523327260543,0.1445973939966268,0.0,0.0,0.1627517054512111,0.0,0.0
wind3_deadline_bursts,CurrentOnly-AE-CeNN-494,5415,0.1170594014599323,0.1481719578132999,0.155635822146372,0.0,0.0,0.1621231230497951,0.0,0.0
wind3_deadline_bursts,CurrentOnly-AE-CeNN-494,5416,0.103849425848758,0.1238360271265922,0.1280984839460093,0.0,0.0,0.1622716528181438,0.0,0.0
wind3_deadline_bursts,CurrentOnly-AE-CeNN-494,5417,0.1288016413326191,0.1650423672926199,0.1722085232503199,0.0,0.0,0.1621469422163884,0.0,0.0
wind3_deadline_bursts,CurrentOnly-AE-CeNN-494,5418,0.1236408439047794,0.1566125264871603,0.1631302662972454,0.0,0.0,0.1613381405887391,0.0,0.0
wind3_deadline_bursts,CurrentOnly-AE-CeNN-494,5419,0.1113035440455673,0.1453283921631535,0.1477682788719328,0.0,0.0,0.1623931369048626,0.0,0.0
wind3_deadline_bursts,CurrentOnly-AE-CeNN-494,5420,0.1204849025734246,0.1478947663976645,0.1517473865989199,0.0,0.0,0.1632175554902511,0.0,0.0
wind3_deadline_bursts,CurrentOnly-AE-CeNN-494,5421,0.1344191759433937,0.1844930976241301,0.1889727740253401,0.0,0.0,0.1613173355189442,0.0,0.0
wind3_deadline_bursts,CurrentOnly-AE-CeNN-494,5422,0.1355104689460336,0.2005332962392388,0.2037711090875558,0.0,0.0,0.1612122215772913,0.0,0.0
wind3_deadline_bursts,CurrentOnly-AE-CeNN-494,5423,0.1322722227638108,0.1804533154283602,0.1846691810047596,0.0,0.0,0.1625355763882379,0.0,0.0
wind3_deadline_bursts,CurrentOnly-AE-CeNN-494,5424,0.1404778503800947,0.1823910778754627,0.1887153448132476,0.0,0.0,0.1617745839162558,0.0,0.0
wind3_deadline_bursts,CurrentOnly-AE-CeNN-494,5425,0.1283629797118574,0.1902877096673459,0.191090480422319,0.0,0.0,0.1622696855497569,0.0,0.0
wind3_deadline_bursts,CurrentOnly-AE-CeNN-494,5426,0.1286043523723287,0.1683654554732304,0.1742184076082697,0.0,0.0,0.1621502179830443,0.0,0.0
wind3_deadline_bursts,CurrentOnly-AE-CeNN-494,5427,0.1111898178569365,0.1455770223544816,0.1502277917390184,0.0,0.0,0.1620131219723369,0.0,0.0
wind3_deadline_bursts,CurrentOnly-AE-CeNN-494,5428,0.1099597447647514,0.1378844175734257,0.1441490820338706,0.0,0.0,0.1618478030759679,0.0,0.0
wind3_deadline_bursts,CurrentOnly-AE-CeNN-494,5429,0.1182960666266064,0.1460644710469071,0.1518650547826632,0.0,0.0,0.1619338251793333,0.0,0.0
wind3_deadline_bursts,CurrentOnly-AE-CeNN-494,5430,0.1092300026505057,0.1274900695717264,0.1311081165087369,0.0,0.0,0.1624547069944584,0.0,0.0
wind3_deadline_bursts,CurrentOnly-AE-CeNN-494,5431,0.1276875317799221,0.1536813729024748,0.1549395615683696,0.0,0.0,0.1626653545767475,0.0,0.0
wind3_deadline_bursts,CurrentOnly-AE-CeNN-494,5432,0.1159831636756582,0.1461882016346306,0.1479562562735748,0.0,0.0,0.1606571884077491,0.0,0.0
wind3_deadline_bursts,CurrentOnly-AE-CeNN-494,5433,0.1308323544466174,0.1642741616674562,0.1694092043167617,0.0,0.0,0.161338878310472,0.0,0.0
wind3_deadline_bursts,CurrentOnly-AE-CeNN-494,5434,0.1222435139998277,0.1631459515196921,0.1699979243620856,0.0,0.0,0.1622000478133527,0.0,0.0
wind3_deadline_bursts,CurrentOnly-AE-CeNN-494,5435,0.1119528096069968,0.1270915224114544,0.1303106238109944,0.0,0.0,0.162252241328237,0.0,0.0
wind3_deadline_bursts,CurrentOnly-AE-CeNN-494,5436,0.1063921059808601,0.1372572079422009,0.1410370629603341,0.0,0.0,0.1615934574591092,0.0,0.0
wind3_deadline_bursts,CurrentOnly-AE-CeNN-494,5437,0.1172290368143361,0.1567755784634338,0.1660733855643615,0.0,0.0,0.1629365574091674,0.0,0.0
wind3_deadline_bursts,CurrentOnly-AE-CeNN-494,5438,0.1362213566194382,0.1898318066916174,0.1943838858073658,0.0,0.0,0.1618564005770533,0.0,0.0
wind3_deadline_bursts,CurrentOnly-AE-CeNN-494,5439,0.1133109636058674,0.1423506210334111,0.1498524092364489,0.0,0.0,0.1623850161697519,0.0,0.0
wind3_deadline_bursts,CurrentOnly-AE-CeNN-494,5440,0.1017163168139528,0.1504395328976342,0.1551885049800537,0.0,0.0,0.1619541631787678,0.0,0.0
wind3_deadline_bursts,CurrentOnly-AE-CeNN-494,5441,0.1221735310726374,0.1493573111065341,0.1507218186239195,0.0,0.0,0.1620224824089818,0.0,0.0
wind3_deadline_bursts,CurrentOnly-AE-CeNN-494,5442,0.1123341625556463,0.1314415382095937,0.1381352624155556,0.0,0.0,0.1616646743510688,0.0,0.0
wind3_deadline_bursts,CurrentOnly-AE-CeNN-494,5443,0.0998354288757842,0.1201197050563479,0.1225448716112049,0.0,0.0,0.1626230668603925,0.0,0.0
wind3_deadline_bursts,CurrentOnly-AE-CeNN-494,5444,0.1271776207009667,0.1530944214443227,0.1565918184561921,0.0,0.0,0.163065322108816,0.0,0.0
wind3_deadline_bursts,CurrentOnly-AE-CeNN-494,5445,0.1085985651470346,0.1360111814815255,0.146814578703987,0.0,0.0,0.1620798041401683,0.0,0.0
wind3_deadline_bursts,CurrentOnly-AE-CeNN-494,5446,0.1322848263741449,0.1578782850916,0.165367378471804,0.0,0.0,0.1616856748504668,0.0,0.0
wind3_deadline_bursts,CurrentOnly-AE-CeNN-494,5447,0.1220927136169157,0.1615687278272249,0.1681524276791174,0.0,0.0,0.1616764584604934,0.0,0.0
wind3_deadline_bursts,CurrentOnly-AE-CeNN-494,5448,0.0980368374654458,0.1180291570840984,0.1238774646367743,0.0,0.0,0.1614126468430614,0.0,0.0
wind3_deadline_bursts,CurrentOnly-AE-CeNN-494,5449,0.1309846803122835,0.2023584417936517,0.2077484548360252,0.0,0.0,0.162566093557693,0.0,0.0
wind3_deadline_bursts,CurrentOnly-AE-CeNN-494,5450,0.0942241147799047,0.117285083872271,0.1207149075770723,0.0,0.0,0.1618993059340706,0.0,0.0
wind3_deadline_bursts,CurrentOnly-AE-CeNN-494,5451,0.1264044496901122,0.156221480841892,0.1601523695137744,0.0,0.0,0.1619056597340001,0.0,0.0
wind3_deadline_bursts,CurrentOnly-AE-CeNN-494,5452,0.1126482202498352,0.1293480240609401,0.1346823890440671,0.0,0.0,0.1626019984039621,0.0,0.0
wind3_deadline_bursts,CurrentOnly-AE-CeNN-494,5453,0.1344883535655671,0.1890128079105665,0.1930084330007152,0.0,0.0,0.1621315185430897,0.0,0.0
wind3_deadline_bursts,CurrentOnly-AE-CeNN-494,5454,0.1123856405547485,0.1395371727708605,0.1431432902440097,0.0,0.0,0.1617832564839218,0.0,0.0
wind3_deadline_bursts,CurrentOnly-AE-CeNN-494,5455,0.0982091864856965,0.1252003050655496,0.1290156535535185,0.0,0.0,0.1624014933504741,0.0,0.0
wind3_deadline_bursts,CurrentOnly-AE-CeNN-494,5456,0.123896384355512,0.1660927939835793,0.1675989380982181,0.0,0.0,0.1624857001640713,0.0,0.0
wind3_deadline_bursts,CurrentOnly-AE-CeNN-494,5457,0.1240176172391448,0.1523852427445573,0.1617105641701253,0.0,0.0,0.1625223253415326,0.0,0.0
wind3_deadline_bursts,CurrentOnly-AE-CeNN-494,5458,0.1330401987411366,0.1616616257571787,0.1647438415626826,0.0,0.0,0.1608120853279939,0.0,0.0
wind3_deadline_bursts,CurrentOnly-AE-CeNN-494,5459,0.1238111382406353,0.1526114566854365,0.1556558127803601,0.0,0.0,0.161422254101685,0.0,0.0
wind3_deadline_bursts,CurrentOnly-AE-CeNN-494,5460,0.1201068495171971,0.1450129821067569,0.1483882169525424,0.0,0.0,0.1614535005612933,0.0,0.0
wind3_deadline_bursts,CurrentOnly-AE-CeNN-494,5461,0.1383261190077182,0.173368103566317,0.1787815058523397,0.0,0.0,0.1632251308401131,0.0,0.0
wind3_deadline_bursts,CurrentOnly-AE-CeNN-494,5462,0.1315900618014746,0.1648552926526966,0.1685067080939232,0.0,0.0,0.1617820546648399,0.0,0.0
wind3_deadline_bursts,CurrentOnly-AE-CeNN-494,5463,0.1367793421357508,0.2001883008045151,0.2078623427285617,0.0,0.0,0.1615832836926851,0.0,0.0
wind3_deadline_bursts,CurrentOnly-AE-CeNN-494,5464,0.1168823043881612,0.1588360376370537,0.1633975634139122,0.0,0.0,0.1623428007222757,0.0,0.0
wind3_deadline_bursts,CurrentOnly-AE-CeNN-494,5465,0.1236298173256754,0.1602084205868029,0.1630349322047708,0.0,0.0,0.1620833686630777,0.0,0.0
wind3_deadline_bursts,CurrentOnly-AE-CeNN-494,5466,0.1208607217055696,0.1641016290972932,0.166968673261844,0.0,0.0,0.1614060801779084,0.0,0.0
wind3_deadline_bursts,CurrentOnly-AE-CeNN-494,5467,0.136260147730262,0.1624771436750994,0.1669343058198916,0.0,0.0,0.1624789370681937,0.0,0.0
wind3_deadline_bursts,CurrentOnly-AE-CeNN-494,5468,0.1218502409489262,0.1658581051752748,0.1731862549715503,0.0,0.0,0.1625432786030121,0.0,0.0
wind3_deadline_bursts,CurrentOnly-AE-CeNN-494,5469,0.1089857422401815,0.1390510872858741,0.1450301552791091,0.0,0.0,0.1614538210882024,0.0,0.0
wind3_deadline_bursts,CurrentOnly-AE-CeNN-494,5470,0.1202831804165754,0.1610406715457958,0.1672162937594839,0.0,0.0,0.1620689972305762,0.0,0.0
wind3_deadline_bursts,CurrentOnly-AE-CeNN-494,5471,0.1072516037753048,0.1440013123728372,0.1500500288150615,0.0,0.0,0.1620718747027569,0.0,0.0
wind3_deadline_bursts,CurrentOnly-AE-CeNN-494,5472,0.1061313579466046,0.1220899332589721,0.1235765987489168,0.0,0.0,0.162511259885884,0.0,0.0
wind3_deadline_bursts,CurrentOnly-AE-CeNN-494,5473,0.1296112919356325,0.1650251439979942,0.1681854923149537,0.0,0.0,0.1607047379278175,0.0,0.0
wind3_deadline_bursts,CurrentOnly-AE-CeNN-494,5474,0.1215550549304505,0.1460421436640852,0.1704559833737562,0.0,0.0,0.1615073037617666,0.0,0.0
wind3_deadline_bursts,CurrentOnly-AE-CeNN-494,5475,0.1258873160501299,0.1545496382976533,0.1651335926015557,0.0,0.0,0.1620712181253465,0.0,0.0
wind3_deadline_bursts,CurrentOnly-AE-CeNN-494,5476,0.1221888904734934,0.1534465557591423,0.1558446753602349,0.0,0.0,0.1620014345516288,0.0,0.0
wind3_deadline_bursts,CurrentOnly-AE-CeNN-494,5477,0.1292557489393123,0.1748490392267878,0.1770126012572652,0.0,0.0,0.1620548095565274,0.0,0.0
wind3_deadline_bursts,CurrentOnly-AE-CeNN-494,5478,0.137565332131844,0.1779082208723141,0.1852554779354133,0.0,0.0,0.1613820994146217,0.0,0.0
wind3_deadline_bursts,CurrentOnly-AE-CeNN-494,5479,0.1000053820544904,0.1292443786641399,0.1311378790820754,0.0,0.0,0.1616726604882166,0.0,0.0
wind3_deadline_bursts,CurrentOnly-AE-CeNN-494,5480,0.1273938839082326,0.1793176661477896,0.1828738155262446,0.0,0.0,0.1616110797404128,0.0,0.0
wind3_deadline_bursts,CurrentOnly-AE-CeNN-494,5481,0.1211722266362625,0.1560269834847516,0.1593111884927036,0.0,0.0,0.1614746866288471,0.0,0.0
wind3_deadline_bursts,CurrentOnly-AE-CeNN-494,5482,0.1199576189590818,0.1879032597502428,0.193791045486791,0.0,0.0,0.1627746281612559,0.0,0.0
wind3_deadline_bursts,CurrentOnly-AE-CeNN-494,5483,0.1094228556544638,0.1644756489885373,0.1732310122945945,0.0,0.0,0.1620332961493306,0.0,0.0
wind3_deadline_bursts,CurrentOnly-AE-CeNN-494,5484,0.1297353107197933,0.1842841337905244,0.1891811699133753,0.0,0.0,0.1616587583382156,0.0,0.0
wind3_deadline_bursts,CurrentOnly-AE-CeNN-494,5485,0.1075390555441168,0.1285143945478926,0.1325857147507045,0.0,0.0,0.1614164061371156,0.0,0.0
wind3_deadline_bursts,CurrentOnly-AE-CeNN-494,5486,0.1139438548436562,0.1488090331790769,0.1524850783004079,0.0,0.0,0.1622598842095826,0.0,0.0
wind3_deadline_bursts,CurrentOnly-AE-CeNN-494,5487,0.1074079969238456,0.1255281826694215,0.1304618444270692,0.0,0.0,0.1621617676137086,0.0,0.0
wind3_deadline_bursts,CurrentOnly-AE-CeNN-494,5488,0.1196591018486684,0.1400129761669213,0.1437451291987045,0.0,0.0,0.1618215363539652,0.0,0.0
wind3_deadline_bursts,CurrentOnly-AE-CeNN-494,5489,0.1455592660482602,0.1752025815977689,0.1786352865741483,0.0,0.0,0.1623470174265846,0.0,0.0
wind3_deadline_bursts,CurrentOnly-AE-CeNN-494,5490,0.117920875118944,0.1483111238774054,0.1552587579496501,0.0,0.0,0.1621999682048434,0.0,0.0
wind3_deadline_bursts,CurrentOnly-AE-CeNN-494,5491,0.1256719384502392,0.1576217948900587,0.1636936101374848,0.0,0.0,0.1623963038616756,0.0,0.0
wind3_deadline_bursts,CurrentOnly-AE-CeNN-494,5492,0.1244338449216442,0.1629716961798067,0.1679051109407288,0.0,0.0,0.1626870477000599,0.0,0.0
wind3_deadline_bursts,CurrentOnly-AE-CeNN-494,5493,0.1133222933647459,0.1476115757508479,0.1511841021121814,0.0,0.0,0.1615274135479584,0.0,0.0
wind3_deadline_bursts,CurrentOnly-AE-CeNN-494,5494,0.1142640581285092,0.1417601831614066,0.1446823958157301,0.0,0.0,0.1612293517984686,0.0,0.0
wind3_deadline_bursts,CurrentOnly-AE-CeNN-494,5495,0.1427891321377282,0.1627091781087412,0.167071060946058,0.0,0.0,0.1611741850867062,0.0,0.0
wind3_deadline_bursts,CurrentOnly-AE-CeNN-494,5496,0.1214577311277405,0.1691057886234361,0.1799534633170365,0.0,0.0,0.1615825959417757,0.0,0.0
wind3_deadline_bursts,CurrentOnly-AE-CeNN-494,5497,0.1238765953211413,0.1564999372569194,0.159644308971312,0.0,0.0,0.1620134075108062,0.0,0.0
wind3_deadline_bursts,CurrentOnly-AE-CeNN-494,5498,0.1188443382566686,0.1616035295666739,0.1634732011225984,0.0,0.0,0.1619698961049557,0.0,0.0
wind3_deadline_bursts,CurrentOnly-AE-CeNN-494,5499,0.1147550199609021,0.1488437361810746,0.1588655252299805,0.0,0.0,0.1610068462593075,0.0,0.0
wind3_deadline_bursts,G-DetectorGate-noRTA,5400,0.0947412445691007,0.1244545933569925,0.1310306193014419,0.0,0.0,0.1621099259819932,100.0,1.0
wind3_deadline_bursts,G-DetectorGate-noRTA,5401,0.1210150323432153,0.1437908527272219,0.1497934242227942,0.0,0.0,0.1619499949072843,100.0,1.0
wind3_deadline_bursts,G-DetectorGate-noRTA,5402,0.1333830162677704,0.1826822718105967,0.1872687172722216,0.0,0.0,0.1622046158194786,100.0,1.0
wind3_deadline_bursts,G-DetectorGate-noRTA,5403,0.1316449717639592,0.1694174644566073,0.1729910819338351,0.0,0.0,0.1615708048033909,100.0,1.0
wind3_deadline_bursts,G-DetectorGate-noRTA,5404,0.1368800465237631,0.2064880605999801,0.2169847535786546,0.0,0.0,0.16215463927386,100.0,1.0
wind3_deadline_bursts,G-DetectorGate-noRTA,5405,0.1212323867325133,0.1534053253868829,0.1575725546955388,0.0,0.0,0.1619883455976589,100.0,1.0
wind3_deadline_bursts,G-DetectorGate-noRTA,5406,0.1242340493076062,0.1947871643035031,0.2032378381530572,0.0,0.0,0.1620792898726862,100.0,1.0
wind3_deadline_bursts,G-DetectorGate-noRTA,5407,0.1277677942499657,0.1786063925347949,0.1883900836411528,0.0,0.0,0.1618252435970586,100.0,1.0
wind3_deadline_bursts,G-DetectorGate-noRTA,5408,0.1423541072230505,0.1860393443910566,0.1944422836583539,0.0,0.0,0.1628759187244185,100.0,1.0
wind3_deadline_bursts,G-DetectorGate-noRTA,5409,0.1169137935320362,0.1548424036248829,0.1556815174688419,0.0,0.0,0.1629808504659714,100.0,1.0
wind3_deadline_bursts,G-DetectorGate-noRTA,5410,0.1146760363771026,0.135773032211075,0.140951693331196,0.0,0.0,0.1617294826676807,100.0,1.0
wind3_deadline_bursts,G-DetectorGate-noRTA,5411,0.1336072992188132,0.17390777400152,0.1842760911301944,0.0,0.0,0.1619515860306976,100.0,1.0
wind3_deadline_bursts,G-DetectorGate-noRTA,5412,0.1146177934514892,0.1525882696799829,0.159728998655552,0.0,0.0,0.1624534746356302,100.0,1.0
wind3_deadline_bursts,G-DetectorGate-noRTA,5413,0.1272671998710615,0.1701046419842536,0.1807222589754452,0.0,0.0,0.1624189034073963,100.0,1.0
wind3_deadline_bursts,G-DetectorGate-noRTA,5414,0.1081155282774599,0.137404328553345,0.1438059528855381,0.0,0.0,0.1627493351710235,100.0,1.0
wind3_deadline_bursts,G-DetectorGate-noRTA,5415,0.1165442040234152,0.1475483947990195,0.1550663961043187,0.0,0.0,0.162122115718315,100.0,1.0
wind3_deadline_bursts,G-DetectorGate-noRTA,5416,0.1032366661259447,0.1227675954298238,0.1270602313601141,0.0,0.0,0.1622698922906602,100.0,1.0
wind3_deadline_bursts,G-DetectorGate-noRTA,5417,0.1281162019502168,0.1647070679900293,0.1718217380512524,0.0,0.0,0.1621460042165876,100.0,1.0
wind3_deadline_bursts,G-DetectorGate-noRTA,5418,0.1228601582951098,0.1553514420620836,0.1618184534927686,0.0,0.0,0.1613380993490169,100.0,1.0
wind3_deadline_bursts,G-DetectorGate-noRTA,5419,0.1103067588649743,0.1443100419298039,0.1464627036848962,0.0,0.0,0.1623899832277098,100.0,1.0
wind3_deadline_bursts,G-DetectorGate-noRTA,5420,0.1199807212496028,0.1473184945309681,0.1511446524618774,0.0,0.0,0.1632152891700364,100.0,1.0
wind3_deadline_bursts,G-DetectorGate-noRTA,5421,0.1334819394745951,0.1835318279516666,0.1880239369667893,0.0,0.0,0.1613160853918973,100.0,1.0
wind3_deadline_bursts,G-DetectorGate-noRTA,5422,0.1347593218864402,0.1996299690416374,0.2029288721272241,0.0,0.0,0.1612117265224429,100.0,1.0
wind3_deadline_bursts,G-DetectorGate-noRTA,5423,0.1311396855649612,0.1790648079074782,0.183270924613275,0.0,0.0,0.1625325113333865,100.0,1.0
wind3_deadline_bursts,G-DetectorGate-noRTA,5424,0.1400291860787105,0.1820819945326702,0.1884197621042683,0.0,0.0,0.1617736707357657,100.0,1.0
wind3_deadline_bursts,G-DetectorGate-noRTA,5425,0.1279284745507646,0.1899689654294979,0.1908484746084303,0.0,0.0,0.1622673758753448,100.0,1.0
wind3_deadline_bursts,G-DetectorGate-noRTA,5426,0.1283820630675831,0.1682114091159281,0.1740490850859513,0.0,0.0,0.1621485813534232,100.0,1.0
wind3_deadline_bursts,G-DetectorGate-noRTA,5427,0.1105092223426869,0.1444933854433366,0.1491304687604485,0.0,0.0,0.1620117183965336,100.0,1.0
wind3_deadline_bursts,G-DetectorGate-noRTA,5428,0.1095660291213758,0.137322305747008,0.1435789844609113,0.0,0.0,0.1618474316575296,100.0,1.0
wind3_deadline_bursts,G-DetectorGate-noRTA,5429,0.1180689496758776,0.146059390871713,0.1518424616997715,0.0,0.0,0.1619331774177348,100.0,1.0
wind3_deadline_bursts,G-DetectorGate-noRTA,5430,0.1088669360614987,0.1270281780756788,0.1305756453262638,0.0,0.0,0.1624526346898679,100.0,1.0
wind3_deadline_bursts,G-DetectorGate-noRTA,5431,0.1268195647000674,0.1527330293256645,0.1539790333834337,0.0,0.0,0.1626626873626334,100.0,1.0
wind3_deadline_bursts,G-DetectorGate-noRTA,5432,0.1154076782553537,0.1456595525156902,0.1474399517224499,0.0,0.0,0.1606584066133045,100.0,1.0
wind3_deadline_bursts,G-DetectorGate-noRTA,5433,0.1302297841571943,0.1633688762977722,0.1685294491722042,0.0,0.0,0.1613382375712616,100.0,1.0
wind3_deadline_bursts,G-DetectorGate-noRTA,5434,0.1213154814367835,0.1621211512465265,0.169006286622333,0.0,0.0,0.1621970357949918,100.0,1.0
wind3_deadline_bursts,G-DetectorGate-noRTA,5435,0.1107539692499511,0.1259583194440139,0.1291874283805245,0.0,0.0,0.162250023342304,100.0,1.0
wind3_deadline_bursts,G-DetectorGate-noRTA,5436,0.1058131960328606,0.1367183678827489,0.139882484515464,0.0,0.0,0.1615921924536168,100.0,1.0
wind3_deadline_bursts,G-DetectorGate-noRTA,5437,0.1166492713818787,0.156499706738119,0.1658235434777055,0.0,0.0,0.1629340855496994,100.0,1.0
wind3_deadline_bursts,G-DetectorGate-noRTA,5438,0.1353703929007216,0.1890035211627945,0.1935758066929298,0.0,0.0,0.1618539812376796,100.0,1.0
wind3_deadline_bursts,G-DetectorGate-noRTA,5439,0.112601366783292,0.1411988318085653,0.1486594546125835,0.0,0.0,0.1623834255629026,100.0,1.0
wind3_deadline_bursts,G-DetectorGate-noRTA,5440,0.1010181850791422,0.14946445109386,0.1542856063757585,0.0,0.0,0.1619533082646435,100.0,1.0
wind3_deadline_bursts,G-DetectorGate-noRTA,5441,0.1215005098422286,0.1491832721058358,0.1507299038753268,0.0,0.0,0.1620200143120895,100.0,1.0
wind3_deadline_bursts,G-DetectorGate-noRTA,5442,0.1112241157664457,0.1304909056376519,0.137249414443968,0.0,0.0,0.1616632875250391,100.0,1.0
wind3_deadline_bursts,G-DetectorGate-noRTA,5443,0.0995298103920069,0.1198132929338672,0.122300642113863,0.0,0.0,0.1626213342396801,100.0,1.0
wind3_deadline_bursts,G-DetectorGate-noRTA,5444,0.1267005141406174,0.1528902978712528,0.1564263992793442,0.0,0.0,0.1630622144960022,100.0,1.0
wind3_deadline_bursts,G-DetectorGate-noRTA,5445,0.1079996892894476,0.1358255496611927,0.1465815047456681,0.0,0.0,0.1620780587907949,100.0,1.0
wind3_deadline_bursts,G-DetectorGate-noRTA,5446,0.1311225772286261,0.1567606811626423,0.1642547562723201,0.0,0.0,0.1616825152690733,100.0,1.0
wind3_deadline_bursts,G-DetectorGate-noRTA,5447,0.1215527340255173,0.1609981246407673,0.1675725046938699,0.0,0.0,0.1616757082429287,100.0,1.0
wind3_deadline_bursts,G-DetectorGate-noRTA,5448,0.0973020553006514,0.1169994184999569,0.12303465678909,0.0,0.0,0.1614122109399884,100.0,1.0
wind3_deadline_bursts,G-DetectorGate-noRTA,5449,0.1307422441439575,0.2021836216495932,0.2075495837315933,0.0,0.0,0.1625645101159326,100.0,1.0
wind3_deadline_bursts,G-DetectorGate-noRTA,5450,0.0935176172627966,0.1162734081796564,0.1197202980275198,0.0,0.0,0.1618980926113016,100.0,1.0
wind3_deadline_bursts,G-DetectorGate-noRTA,5451,0.1256465577294899,0.1554175066567298,0.1595106976743216,0.0,0.0,0.1619039249401364,100.0,1.0
wind3_deadline_bursts,G-DetectorGate-noRTA,5452,0.1116514854416978,0.1285252147174541,0.1342215176844953,0.0,0.0,0.1625989695066797,100.0,1.0
wind3_deadline_bursts,G-DetectorGate-noRTA,5453,0.1339018013484726,0.1889559816024351,0.1929562030423386,0.0,0.0,0.1621303214966029,100.0,1.0
wind3_deadline_bursts,G-DetectorGate-noRTA,5454,0.1120272695674049,0.1391305113293683,0.1426913349483351,0.0,0.0,0.1617822698574897,100.0,1.0
wind3_deadline_bursts,G-DetectorGate-noRTA,5455,0.0976751087435138,0.1248783041209945,0.1287057972389538,0.0,0.0,0.1623996594042545,100.0,1.0
wind3_deadline_bursts,G-DetectorGate-noRTA,5456,0.1229568362026518,0.1650435279582696,0.1666445677743459,0.0,0.0,0.162483307435158,100.0,1.0
wind3_deadline_bursts,G-DetectorGate-noRTA,5457,0.1232851159281583,0.1520752306598788,0.1613357591927499,0.0,0.0,0.1625198100785278,100.0,1.0
wind3_deadline_bursts,G-DetectorGate-noRTA,5458,0.1323630458987359,0.1609937804568716,0.1640951597216975,0.0,0.0,0.1608121694201739,100.0,1.0
wind3_deadline_bursts,G-DetectorGate-noRTA,5459,0.1232284972998968,0.1517807959488109,0.1547843763736771,0.0,0.0,0.1614213966474896,100.0,1.0
wind3_deadline_bursts,G-DetectorGate-noRTA,5460,0.1197143372239648,0.1443744742701435,0.1478490792310922,0.0,0.0,0.1614531357710307,100.0,1.0
wind3_deadline_bursts,G-DetectorGate-noRTA,5461,0.1378360826395862,0.1732156890425525,0.178595268703683,0.0,0.0,0.1632219800774957,100.0,1.0
wind3_deadline_bursts,G-DetectorGate-noRTA,5462,0.1311993970002217,0.1646071136415256,0.1679408534047414,0.0,0.0,0.161780399017741,100.0,1.0
wind3_deadline_bursts,G-DetectorGate-noRTA,5463,0.1364694248669918,0.2001313088060349,0.2078578688907722,0.0,0.0,0.1615830461449769,100.0,1.0
wind3_deadline_bursts,G-DetectorGate-noRTA,5464,0.1162486768836696,0.158258214822456,0.1627917123151148,0.0,0.0,0.1623406077605003,100.0,1.0
wind3_deadline_bursts,G-DetectorGate-noRTA,5465,0.1229827120871473,0.1591640731374085,0.1618984855651771,0.0,0.0,0.1620808897135291,100.0,1.0
wind3_deadline_bursts,G-DetectorGate-noRTA,5466,0.1202022378150175,0.1633992372294909,0.1663805001485273,0.0,0.0,0.1614048344048368,100.0,1.0
wind3_deadline_bursts,G-DetectorGate-noRTA,5467,0.1359333148210456,0.1621287916445172,0.1665957118596058,0.0,0.0,0.162476497588465,100.0,1.0
wind3_deadline_bursts,G-DetectorGate-noRTA,5468,0.1210025392576543,0.165151050951713,0.1724032561894797,0.0,0.0,0.1625397583289642,100.0,1.0
wind3_deadline_bursts,G-DetectorGate-noRTA,5469,0.1083513638545683,0.1381328501643317,0.1441411208079106,0.0,0.0,0.1614531911427164,100.0,1.0
wind3_deadline_bursts,G-DetectorGate-noRTA,5470,0.1194674185064674,0.1602949409158747,0.1664324008117192,0.0,0.0,0.1620662558595406,100.0,1.0
wind3_deadline_bursts,G-DetectorGate-noRTA,5471,0.1063074021045519,0.1430054929378854,0.1490773712887632,0.0,0.0,0.1620697267865918,100.0,1.0
wind3_deadline_bursts,G-DetectorGate-noRTA,5472,0.1052160691179347,0.1212748355915874,0.1225697960542558,0.0,0.0,0.1625088967110492,100.0,1.0
wind3_deadline_bursts,G-DetectorGate-noRTA,5473,0.1290848669894675,0.1643307528671518,0.1674704059816048,0.0,0.0,0.1607047777508416,100.0,1.0
wind3_deadline_bursts,G-DetectorGate-noRTA,5474,0.1206105161878563,0.1448750579526884,0.1691661425609343,0.0,0.0,0.1615052387747833,100.0,1.0
wind3_deadline_bursts,G-DetectorGate-noRTA,5475,0.1254174441023615,0.1538798426357529,0.1644932134519519,0.0,0.0,0.1620702799227909,100.0,1.0
wind3_deadline_bursts,G-DetectorGate-noRTA,5476,0.121816912188194,0.1531597534086343,0.1555504760682232,0.0,0.0,0.1619989630960349,100.0,1.0
wind3_deadline_bursts,G-DetectorGate-noRTA,5477,0.1287868125363301,0.1743530392660783,0.1763210976422656,0.0,0.0,0.1620528197109801,100.0,1.0
wind3_deadline_bursts,G-DetectorGate-noRTA,5478,0.1371029142346485,0.1770698470522372,0.1843760224193389,0.0,0.0,0.1613814147678488,100.0,1.0
wind3_deadline_bursts,G-DetectorGate-noRTA,5479,0.098791346039242,0.1279748781491391,0.1298548509387042,0.0,0.0,0.1616714124542164,100.0,1.0
wind3_deadline_bursts,G-DetectorGate-noRTA,5480,0.1268899550414317,0.1787158627272306,0.1823371278963437,0.0,0.0,0.1616093662780386,100.0,1.0
wind3_deadline_bursts,G-DetectorGate-noRTA,5481,0.1202483856115517,0.1553642995547585,0.1584884489659569,0.0,0.0,0.1614728426579961,100.0,1.0
wind3_deadline_bursts,G-DetectorGate-noRTA,5482,0.1193346375315853,0.1878913879197169,0.193761673859828,0.0,0.0,0.1627718242188081,100.0,1.0
wind3_deadline_bursts,G-DetectorGate-noRTA,5483,0.1088213584336911,0.1640947432442822,0.1729010755694625,0.0,0.0,0.1620316120705734,100.0,1.0
wind3_deadline_bursts,G-DetectorGate-noRTA,5484,0.1288603805520536,0.1835402368166095,0.1884530884938354,0.0,0.0,0.1616572924045663,100.0,1.0
wind3_deadline_bursts,G-DetectorGate-noRTA,5485,0.1067540089150602,0.1274298892377159,0.1314580434575192,0.0,0.0,0.16141620539012,100.0,1.0
wind3_deadline_bursts,G-DetectorGate-noRTA,5486,0.1136136356936046,0.1484682983485764,0.1522178912388716,0.0,0.0,0.1622581745752893,100.0,1.0
wind3_deadline_bursts,G-DetectorGate-noRTA,5487,0.1068966283519483,0.1251126661580128,0.1299952453557151,0.0,0.0,0.1621608774804915,100.0,1.0
wind3_deadline_bursts,G-DetectorGate-noRTA,5488,0.118996461277682,0.139203152069098,0.1428727192112398,0.0,0.0,0.1618202768697964,100.0,1.0
wind3_deadline_bursts,G-DetectorGate-noRTA,5489,0.1451198811584419,0.1750464081585031,0.1784898181860927,0.0,0.0,0.1623442464896264,100.0,1.0
wind3_deadline_bursts,G-DetectorGate-noRTA,5490,0.1171391810881791,0.1475374336650048,0.1544503558632511,0.0,0.0,0.1621982257057707,100.0,1.0
wind3_deadline_bursts,G-DetectorGate-noRTA,5491,0.1252504970522004,0.1575243865710751,0.1636307307181293,0.0,0.0,0.1623942036805037,100.0,1.0
wind3_deadline_bursts,G-DetectorGate-noRTA,5492,0.1239066770482415,0.163076694475404,0.1678492483487416,0.0,0.0,0.1626847523933218,100.0,1.0
wind3_deadline_bursts,G-DetectorGate-noRTA,5493,0.1126822840899734,0.1469633267580972,0.1506163126161253,0.0,0.0,0.1615275060270193,100.0,1.0
wind3_deadline_bursts,G-DetectorGate-noRTA,5494,0.1139841406248399,0.1415157822916514,0.1444288734704688,0.0,0.0,0.1612300206108436,100.0,1.0
wind3_deadline_bursts,G-DetectorGate-noRTA,5495,0.1419091747823694,0.1617994317862477,0.1660928670737566,0.0,0.0,0.1611719570443271,100.0,1.0
wind3_deadline_bursts,G-DetectorGate-noRTA,5496,0.1205641833051764,0.1679627080128637,0.1788963395632494,0.0,0.0,0.1615812119357641,100.0,1.0
wind3_deadline_bursts,G-DetectorGate-noRTA,5497,0.1236419083820295,0.1561633098104791,0.159339790525754,0.0,0.0,0.1620124100065252,100.0,1.0
wind3_deadline_bursts,G-DetectorGate-noRTA,5498,0.1181227596080349,0.1609493873006395,0.1623397176001663,0.0,0.0,0.1619684499221033,100.0,1.0
wind3_deadline_bursts,G-DetectorGate-noRTA,5499,0.1138517599027924,0.147807193845875,0.1578400373989308,0.0,0.0,0.1610066848828664,100.0,1.0
wind3_deadline_bursts,H-RTA-SupervisedGate,5400,0.0947759444865805,0.1244801204359766,0.1310438132520981,0.0,0.0,0.1621100316202691,96.36032757051863,0.9636032757051866
wind3_deadline_bursts,H-RTA-SupervisedGate,5401,0.1210350751726168,0.1438301522145199,0.1498570567325133,0.0,0.0,0.1619500804661528,96.36032757051863,0.9636032757051866
wind3_deadline_bursts,H-RTA-SupervisedGate,5402,0.1334195999819103,0.1826849235984791,0.1872749609987981,0.0,0.0,0.1622047299163123,96.36032757051863,0.9636032757051866
wind3_deadline_bursts,H-RTA-SupervisedGate,5403,0.1316508959781316,0.1694175478585,0.1729949105261973,0.0,0.0,0.1615707145387154,96.36032757051863,0.9636032757051866
wind3_deadline_bursts,H-RTA-SupervisedGate,5404,0.1369051201828865,0.2064932459584769,0.2169864713516496,0.0,0.0,0.1621546935585107,96.36032757051863,0.9636032757051866
wind3_deadline_bursts,H-RTA-SupervisedGate,5405,0.1212788411029686,0.1534080226566536,0.1576435765581399,0.0,0.0,0.1619885180909313,96.36032757051863,0.9636032757051866
wind3_deadline_bursts,H-RTA-SupervisedGate,5406,0.1242547670907735,0.1948401561698765,0.2032927426821032,0.0,0.0,0.1620793753522562,96.36032757051863,0.9636032757051866
wind3_deadline_bursts,H-RTA-SupervisedGate,5407,0.12776911405655,0.17859675919444,0.1883873082385575,0.0,0.0,0.161825314643853,96.36032757051863,0.9636032757051866
wind3_deadline_bursts,H-RTA-SupervisedGate,5408,0.1423594968196191,0.186040644383577,0.1944433301536798,0.0,0.0,0.1628760773772754,96.36032757051863,0.9636032757051866
wind3_deadline_bursts,H-RTA-SupervisedGate,5409,0.1169569251386854,0.1548415577126716,0.1556803845453306,0.0,0.0,0.1629809187198252,96.36032757051863,0.9636032757051866
wind3_deadline_bursts,H-RTA-SupervisedGate,5410,0.1147408741228235,0.1357720346394146,0.1409504190514573,0.0,0.0,0.1617296311397313,96.36032757051863,0.9636032757051866
wind3_deadline_bursts,H-RTA-SupervisedGate,5411,0.1335935769182641,0.1738775060575241,0.1842283227446057,0.0,0.0,0.1619515194454504,96.36032757051863,0.9636032757051866
wind3_deadline_bursts,H-RTA-SupervisedGate,5412,0.1146819093272348,0.1525958913680323,0.1597336231459304,0.0,0.0,0.1624536297400462,96.36032757051863,0.9636032757051866
wind3_deadline_bursts,H-RTA-SupervisedGate,5413,0.1272813679610469,0.1700918555781944,0.1807005965319796,0.0,0.0,0.162419024059013,96.36032757051863,0.9636032757051866
wind3_deadline_bursts,H-RTA-SupervisedGate,5414,0.108153941466269,0.137607221555021,0.1438058690610331,0.0,0.0,0.1627493529236175,96.36032757051863,0.9636032757051866
wind3_deadline_bursts,H-RTA-SupervisedGate,5415,0.1165565156371637,0.1476607702987883,0.1551700861302576,0.0,0.0,0.1621220364412646,96.36032757051863,0.9636032757051866
wind3_deadline_bursts,H-RTA-SupervisedGate,5416,0.1032647581187661,0.1227675598807356,0.1270602266600205,0.0,0.0,0.1622699442097551,96.36032757051863,0.9636032757051866
wind3_deadline_bursts,H-RTA-SupervisedGate,5417,0.1281639541694325,0.164739139997549,0.1718217363668936,0.0,0.0,0.1621458865214396,96.36032757051863,0.9636032757051866
wind3_deadline_bursts,H-RTA-SupervisedGate,5418,0.1228778279804276,0.1553507180236398,0.1618174104391699,0.0,0.0,0.1613381109788327,96.36032757051863,0.9636032757051866
wind3_deadline_bursts,H-RTA-SupervisedGate,5419,0.1103567352129873,0.1443336910166383,0.1464626691648021,0.0,0.0,0.162390224243991,96.36032757051863,0.9636032757051866
wind3_deadline_bursts,H-RTA-SupervisedGate,5420,0.1200035872441473,0.1473183496310201,0.15114469902608,0.0,0.0,0.163215336235373,96.36032757051863,0.9636032757051866
wind3_deadline_bursts,H-RTA-SupervisedGate,5421,0.1335006652057866,0.1835732609489925,0.1880490036023711,0.0,0.0,0.161315996495948,96.36032757051863,0.9636032757051866
wind3_deadline_bursts,H-RTA-SupervisedGate,5422,0.1347893546617264,0.1997706035393202,0.2031276971649925,0.0,0.0,0.1612116823054787,96.36032757051863,0.9636032757051866
wind3_deadline_bursts,H-RTA-SupervisedGate,5423,0.1312163319196238,0.1793646597906158,0.183619885644359,0.0,0.0,0.1625326919189043,96.36032757051863,0.9636032757051866
wind3_deadline_bursts,H-RTA-SupervisedGate,5424,0.1400651496182444,0.1820948237477946,0.1884373994598538,0.0,0.0,0.1617737014557343,96.36032757051863,0.9636032757051866
wind3_deadline_bursts,H-RTA-SupervisedGate,5425,0.1279798727511585,0.1900934086330275,0.1908851334313015,0.0,0.0,0.1622674684281018,96.36032757051863,0.9636032757051866
wind3_deadline_bursts,H-RTA-SupervisedGate,5426,0.128402776096604,0.1682110805245718,0.1740490189077597,0.0,0.0,0.1621487990642072,96.36032757051863,0.9636032757051866
wind3_deadline_bursts,H-RTA-SupervisedGate,5427,0.1105356323139774,0.1444934020256444,0.1491305454631622,0.0,0.0,0.1620118171089231,96.36032757051863,0.9636032757051866
wind3_deadline_bursts,H-RTA-SupervisedGate,5428,0.1095787698328933,0.1373224018543127,0.1435789272728581,0.0,0.0,0.1618474729627228,96.36032757051863,0.9636032757051866
wind3_deadline_bursts,H-RTA-SupervisedGate,5429,0.1180689912442004,0.1459710622527784,0.1517680634028331,0.0,0.0,0.1619331535430259,96.36032757051863,0.9636032757051866
wind3_deadline_bursts,H-RTA-SupervisedGate,5430,0.1088597715874085,0.1270356497488707,0.1305911835102566,0.0,0.0,0.1624526485361016,96.36032757051863,0.9636032757051866
wind3_deadline_bursts,H-RTA-SupervisedGate,5431,0.1268604426756616,0.1529858980965823,0.1541597106138199,0.0,0.0,0.1626628347127008,96.36032757051863,0.9636032757051866
wind3_deadline_bursts,H-RTA-SupervisedGate,5432,0.1154585154997834,0.1456595664899121,0.1474399921696692,0.0,0.0,0.1606581602375342,96.36032757051863,0.9636032757051866
wind3_deadline_bursts,H-RTA-SupervisedGate,5433,0.1302464955227161,0.1634512120079769,0.1685697905913001,0.0,0.0,0.161338242111892,96.36032757051863,0.9636032757051866
wind3_deadline_bursts,H-RTA-SupervisedGate,5434,0.121374291903304,0.1621211244795108,0.1690062688428107,0.0,0.0,0.162197158242737,96.36032757051863,0.9636032757051866
wind3_deadline_bursts,H-RTA-SupervisedGate,5435,0.1108097919674388,0.1259864533189083,0.1292330209124316,0.0,0.0,0.162250000723673,96.36032757051863,0.9636032757051866
wind3_deadline_bursts,H-RTA-SupervisedGate,5436,0.1058317434556003,0.1367211212037755,0.1399815672577636,0.0,0.0,0.1615922631997212,96.36032757051863,0.9636032757051866
wind3_deadline_bursts,H-RTA-SupervisedGate,5437,0.1166813660342648,0.1564999441893513,0.1658236153298842,0.0,0.0,0.1629341249843378,96.36032757051863,0.9636032757051866
wind3_deadline_bursts,H-RTA-SupervisedGate,5438,0.1354037392529078,0.1890035787726114,0.1935758503779138,0.0,0.0,0.1618540814357696,96.36032757051863,0.9636032757051866
wind3_deadline_bursts,H-RTA-SupervisedGate,5439,0.1126410536917841,0.1412895634713853,0.1489370248271982,0.0,0.0,0.1623833534543395,96.36032757051863,0.9636032757051866
wind3_deadline_bursts,H-RTA-SupervisedGate,5440,0.1010453061610462,0.1494634952573549,0.1542853643000676,0.0,0.0,0.1619532733770134,96.36032757051863,0.9636032757051866
wind3_deadline_bursts,H-RTA-SupervisedGate,5441,0.1215255781934289,0.1491648418815095,0.1505434212359556,0.0,0.0,0.1620201468884043,96.36032757051863,0.9636032757051866
wind3_deadline_bursts,H-RTA-SupervisedGate,5442,0.1112907942237327,0.130493563631924,0.1373021308457093,0.0,0.0,0.1616633594662625,96.36032757051863,0.9636032757051866
wind3_deadline_bursts,H-RTA-SupervisedGate,5443,0.0995426300012318,0.1198145523863896,0.1223006803733069,0.0,0.0,0.1626213586178188,96.36032757051863,0.9636032757051866
wind3_deadline_bursts,H-RTA-SupervisedGate,5444,0.1267040285335664,0.1528902497719176,0.1564319788560217,0.0,0.0,0.1630622513100728,96.36032757051863,0.9636032757051866
wind3_deadline_bursts,H-RTA-SupervisedGate,5445,0.1079958914083634,0.1358387013425185,0.1465815242046463,0.0,0.0,0.1620781045574072,96.36032757051863,0.9636032757051866
wind3_deadline_bursts,H-RTA-SupervisedGate,5446,0.1311756458567134,0.1567679105890308,0.1642530449784079,0.0,0.0,0.1616826592227066,96.36032757051863,0.9636032757051866
wind3_deadline_bursts,H-RTA-SupervisedGate,5447,0.1215756585559162,0.160998371150597,0.1675728147100891,0.0,0.0,0.1616757261114582,96.36032757051863,0.9636032757051866
wind3_deadline_bursts,H-RTA-SupervisedGate,5448,0.0973273856688523,0.1170023236748362,0.1230374964185981,0.0,0.0,0.1614121637442587,96.36032757051863,0.9636032757051866
wind3_deadline_bursts,H-RTA-SupervisedGate,5449,0.1307584622118568,0.2022196126667592,0.2076021151876673,0.0,0.0,0.1625645241378395,96.36032757051863,0.9636032757051866
wind3_deadline_bursts,H-RTA-SupervisedGate,5450,0.0935469275674516,0.1162738364375094,0.1197214412967558,0.0,0.0,0.1618980480736137,96.36032757051863,0.9636032757051866
wind3_deadline_bursts,H-RTA-SupervisedGate,5451,0.1256889746277988,0.1554990963925356,0.1595110488277675,0.0,0.0,0.1619039992758288,96.36032757051863,0.9636032757051866
wind3_deadline_bursts,H-RTA-SupervisedGate,5452,0.1116923284797408,0.1286303901281028,0.1342270843002116,0.0,0.0,0.1625992645342146,96.36032757051863,0.9636032757051866
wind3_deadline_bursts,H-RTA-SupervisedGate,5453,0.1339072897449121,0.1889558983062669,0.1929563186059938,0.0,0.0,0.162130347199489,96.36032757051863,0.9636032757051866
wind3_deadline_bursts,H-RTA-SupervisedGate,5454,0.1120425931712449,0.139141642434998,0.1426957126186037,0.0,0.0,0.1617821732415231,96.36032757051863,0.9636032757051866
wind3_deadline_bursts,H-RTA-SupervisedGate,5455,0.0976544921284127,0.1248783080894048,0.1287058156685178,0.0,0.0,0.162399795287592,96.36032757051863,0.9636032757051866
wind3_deadline_bursts,H-RTA-SupervisedGate,5456,0.1229831233902481,0.1650436511689098,0.1666450782726306,0.0,0.0,0.1624833073087849,96.36032757051863,0.9636032757051866
wind3_deadline_bursts,H-RTA-SupervisedGate,5457,0.1233292200902151,0.1520813461208951,0.1613410591297006,0.0,0.0,0.1625197275428586,96.36032757051863,0.9636032757051866
wind3_deadline_bursts,H-RTA-SupervisedGate,5458,0.1323805655778673,0.1610770951446825,0.1641947261057953,0.0,0.0,0.1608121974690559,96.36032757051863,0.9636032757051866
wind3_deadline_bursts,H-RTA-SupervisedGate,5459,0.1232620775830493,0.1519334992481503,0.1550001521268013,0.0,0.0,0.1614215888058797,96.36032757051863,0.9636032757051866
wind3_deadline_bursts,H-RTA-SupervisedGate,5460,0.1197466249058858,0.1443990525789417,0.1478630881158674,0.0,0.0,0.161453097633211,96.36032757051863,0.9636032757051866
wind3_deadline_bursts,H-RTA-SupervisedGate,5461,0.1378472616652067,0.1731879081273067,0.178577398649994,0.0,0.0,0.1632219097456864,96.36032757051863,0.9636032757051866
wind3_deadline_bursts,H-RTA-SupervisedGate,5462,0.131212473971846,0.164642763298592,0.1679411080603684,0.0,0.0,0.1617803863753479,96.36032757051863,0.9636032757051866
wind3_deadline_bursts,H-RTA-SupervisedGate,5463,0.1365016452990244,0.2001797765581054,0.207916174276914,0.0,0.0,0.1615831453889346,96.36032757051863,0.9636032757051866
wind3_deadline_bursts,H-RTA-SupervisedGate,5464,0.1162759095670416,0.1582583246402311,0.162791770782335,0.0,0.0,0.1623406171176008,96.36032757051863,0.9636032757051866
wind3_deadline_bursts,H-RTA-SupervisedGate,5465,0.1230305087288663,0.15916189110303,0.1618976667505069,0.0,0.0,0.1620811750255876,96.36032757051863,0.9636032757051866
wind3_deadline_bursts,H-RTA-SupervisedGate,5466,0.1202048226049665,0.1633994321738606,0.1663805684214651,0.0,0.0,0.1614046595548109,96.36032757051863,0.9636032757051866
wind3_deadline_bursts,H-RTA-SupervisedGate,5467,0.1359449641086459,0.1621174336463521,0.166591235944585,0.0,0.0,0.1624766319773878,96.36032757051863,0.9636032757051866
wind3_deadline_bursts,H-RTA-SupervisedGate,5468,0.1210623240940637,0.1651517499305127,0.1724037175671777,0.0,0.0,0.1625399573467335,96.36032757051863,0.9636032757051866
wind3_deadline_bursts,H-RTA-SupervisedGate,5469,0.108372897242741,0.1382335789715476,0.1441422262369761,0.0,0.0,0.161453195684936,96.36032757051863,0.9636032757051866
wind3_deadline_bursts,H-RTA-SupervisedGate,5470,0.1195061014640857,0.1603099922759037,0.1665378762983027,0.0,0.0,0.1620664793463431,96.36032757051863,0.9636032757051866
wind3_deadline_bursts,H-RTA-SupervisedGate,5471,0.1063525265027758,0.143098967282866,0.1492181271655845,0.0,0.0,0.1620697606787061,96.36032757051863,0.9636032757051866
wind3_deadline_bursts,H-RTA-SupervisedGate,5472,0.1052270714088899,0.1213853345712499,0.122567436493552,0.0,0.0,0.1625088419214345,96.36032757051863,0.9636032757051866
wind3_deadline_bursts,H-RTA-SupervisedGate,5473,0.1290970275288544,0.1643719995443176,0.1675259434152874,0.0,0.0,0.1607049220214239,96.36032757051863,0.9636032757051866
wind3_deadline_bursts,H-RTA-SupervisedGate,5474,0.1206135010248625,0.1448730247113195,0.1691655568850545,0.0,0.0,0.1615053565656116,96.36032757051863,0.9636032757051866
wind3_deadline_bursts,H-RTA-SupervisedGate,5475,0.1254237099475985,0.1538932785656965,0.164498713838466,0.0,0.0,0.1620703516810444,96.36032757051863,0.9636032757051866
wind3_deadline_bursts,H-RTA-SupervisedGate,5476,0.1218191898730653,0.1531590179162525,0.1555482880346567,0.0,0.0,0.161999055604805,96.36032757051863,0.9636032757051866
wind3_deadline_bursts,H-RTA-SupervisedGate,5477,0.1288139834189883,0.174352655335026,0.1763211538318835,0.0,0.0,0.1620528929824704,96.36032757051863,0.9636032757051866
wind3_deadline_bursts,H-RTA-SupervisedGate,5478,0.1371196835967564,0.1771001998118741,0.1843760385864919,0.0,0.0,0.1613814413927652,96.36032757051863,0.9636032757051866
wind3_deadline_bursts,H-RTA-SupervisedGate,5479,0.0988496220780087,0.1279747436077568,0.1298547825655789,0.0,0.0,0.1616715891055986,96.36032757051863,0.9636032757051866
wind3_deadline_bursts,H-RTA-SupervisedGate,5480,0.1269307140792112,0.178716046082347,0.1823373807414332,0.0,0.0,0.1616094779402694,96.36032757051863,0.9636032757051866
wind3_deadline_bursts,H-RTA-SupervisedGate,5481,0.1202808186852605,0.1554180312102664,0.1586172555742817,0.0,0.0,0.1614728596891265,96.36032757051863,0.9636032757051866
wind3_deadline_bursts,H-RTA-SupervisedGate,5482,0.119345918469894,0.1878922542933641,0.1937691983167401,0.0,0.0,0.1627718810669344,96.36032757051863,0.9636032757051866
wind3_deadline_bursts,H-RTA-SupervisedGate,5483,0.1088525035305584,0.1641781985829115,0.1729921209572192,0.0,0.0,0.1620318159856128,96.36032757051863,0.9636032757051866
wind3_deadline_bursts,H-RTA-SupervisedGate,5484,0.1289023284474047,0.1835404354560688,0.1884533424582934,0.0,0.0,0.1616574319940343,96.36032757051863,0.9636032757051866
wind3_deadline_bursts,H-RTA-SupervisedGate,5485,0.1068087992027832,0.1275193478450948,0.1316161855980909,0.0,0.0,0.1614162038280144,96.36032757051863,0.9636032757051866
wind3_deadline_bursts,H-RTA-SupervisedGate,5486,0.1135807746442915,0.148439703559526,0.1521283491231491,0.0,0.0,0.1622582530538859,96.36032757051863,0.9636032757051866
wind3_deadline_bursts,H-RTA-SupervisedGate,5487,0.106935660652234,0.1251121081933002,0.1299944182032905,0.0,0.0,0.1621609127069479,96.36032757051863,0.9636032757051866
wind3_deadline_bursts,H-RTA-SupervisedGate,5488,0.1190494496966119,0.1392030273084969,0.1428728178053184,0.0,0.0,0.1618202820489587,96.36032757051863,0.9636032757051866
wind3_deadline_bursts,H-RTA-SupervisedGate,5489,0.1451437302656047,0.1750435275154067,0.1784873063800691,0.0,0.0,0.1623443035631285,96.36032757051863,0.9636032757051866
wind3_deadline_bursts,H-RTA-SupervisedGate,5490,0.1171563998888234,0.1475591864392687,0.1544644677622757,0.0,0.0,0.1621981940489512,96.36032757051863,0.9636032757051866
wind3_deadline_bursts,H-RTA-SupervisedGate,5491,0.1252583948865691,0.1575245137523322,0.1636307111970797,0.0,0.0,0.1623942899220798,96.36032757051863,0.9636032757051866
wind3_deadline_bursts,H-RTA-SupervisedGate,5492,0.1239256974331724,0.1629588073511147,0.1678405571330014,0.0,0.0,0.1626849397105216,96.36032757051863,0.9636032757051866
wind3_deadline_bursts,H-RTA-SupervisedGate,5493,0.1127104451380064,0.1469638096705423,0.150626510704727,0.0,0.0,0.16152738309128,96.36032757051863,0.9636032757051866
wind3_deadline_bursts,H-RTA-SupervisedGate,5494,0.1140065459396267,0.1415154938160093,0.1444291096994389,0.0,0.0,0.1612300035393715,96.36032757051863,0.9636032757051866
wind3_deadline_bursts,H-RTA-SupervisedGate,5495,0.1419403405765527,0.1617988685229781,0.166092919024643,0.0,0.0,0.1611720662127408,96.36032757051863,0.9636032757051866
wind3_deadline_bursts,H-RTA-SupervisedGate,5496,0.1205788803699659,0.1679606062111574,0.1788947923020173,0.0,0.0,0.1615812946320935,96.36032757051863,0.9636032757051866
wind3_deadline_bursts,H-RTA-SupervisedGate,5497,0.1236347117518706,0.1561643935253093,0.1593411897177206,0.0,0.0,0.1620124390675917,96.36032757051863,0.9636032757051866
wind3_deadline_bursts,H-RTA-SupervisedGate,5498,0.1181719434722451,0.1609886659209408,0.1624268723791058,0.0,0.0,0.1619685823539806,96.36032757051863,0.9636032757051866
wind3_deadline_bursts,H-RTA-SupervisedGate,5499,0.1138962768578229,0.1478072191286908,0.1578400905179617,0.0,0.0,0.1610067808244373,96.36032757051863,0.9636032757051866
wind3_history_corruption,CurrentOnly-AE-CeNN-494,5400,0.0953878564780361,0.1248430888546117,0.1313463585491816,0.0,0.0,0.1623213893542292,0.0,0.0
wind3_history_corruption,CurrentOnly-AE-CeNN-494,5401,0.1213730087465459,0.1445624666882633,0.1506500323060845,0.0,0.0,0.1621681767126935,0.0,0.0
wind3_history_corruption,CurrentOnly-AE-CeNN-494,5402,0.1338852738870447,0.1833611867778455,0.1879272087987844,0.0,0.0,0.1624228929669374,0.0,0.0
wind3_history_corruption,CurrentOnly-AE-CeNN-494,5403,0.1320399507014897,0.1703076027414193,0.1737857960108864,0.0,0.0,0.1617868112398179,0.0,0.0
wind3_history_corruption,CurrentOnly-AE-CeNN-494,5404,0.1373723009838724,0.2069108007489791,0.2173294534611934,0.0,0.0,0.1623727784984843,0.0,0.0
wind3_history_corruption,CurrentOnly-AE-CeNN-494,5405,0.1226090006342616,0.1544675487539073,0.158394966749949,0.0,0.0,0.1621800074563618,0.0,0.0
wind3_history_corruption,CurrentOnly-AE-CeNN-494,5406,0.124887013789192,0.1948847051763593,0.2034148112548741,0.0,0.0,0.162309265477329,0.0,0.0
wind3_history_corruption,CurrentOnly-AE-CeNN-494,5407,0.1284811009587254,0.1790130459345112,0.1888321609320082,0.0,0.0,0.1620686914983682,0.0,0.0
wind3_history_corruption,CurrentOnly-AE-CeNN-494,5408,0.1426850934542474,0.1861363585761963,0.1946000693154864,0.0,0.0,0.163097926119992,0.0,0.0
wind3_history_corruption,CurrentOnly-AE-CeNN-494,5409,0.1176980336905182,0.1556949508725268,0.1565177383497287,0.0,0.0,0.1631937161955805,0.0,0.0
wind3_history_corruption,CurrentOnly-AE-CeNN-494,5410,0.1155010681198446,0.136381609508725,0.141615470637772,0.0,0.0,0.16198062659234,0.0,0.0
wind3_history_corruption,CurrentOnly-AE-CeNN-494,5411,0.1338869007902921,0.1744985341003524,0.1848933840971024,0.0,0.0,0.1621748689059739,0.0,0.0
wind3_history_corruption,CurrentOnly-AE-CeNN-494,5412,0.1152094408244652,0.1528454310073664,0.1600319515388805,0.0,0.0,0.1626724481785638,0.0,0.0
wind3_history_corruption,CurrentOnly-AE-CeNN-494,5413,0.1278385332566117,0.1709110129242719,0.1814785139551096,0.0,0.0,0.1626274639341271,0.0,0.0
wind3_history_corruption,CurrentOnly-AE-CeNN-494,5414,0.1090034764908548,0.1384520660791091,0.1445973939969249,0.0,0.0,0.1629581591789473,0.0,0.0
wind3_history_corruption,CurrentOnly-AE-CeNN-494,5415,0.1171214394946617,0.1481719580799526,0.1556358235212426,0.0,0.0,0.1623458989959318,0.0,0.0
wind3_history_corruption,CurrentOnly-AE-CeNN-494,5416,0.104149842778279,0.123695123708265,0.1279582526852591,0.0,0.0,0.1624761015920008,0.0,0.0
wind3_history_corruption,CurrentOnly-AE-CeNN-494,5417,0.1287384370636347,0.1650489704971116,0.1722200705604771,0.0,0.0,0.1623752242271618,0.0,0.0
wind3_history_corruption,CurrentOnly-AE-CeNN-494,5418,0.1235593320123362,0.1566125264853592,0.1631302662843784,0.0,0.0,0.1615788193728351,0.0,0.0
wind3_history_corruption,CurrentOnly-AE-CeNN-494,5419,0.1112297022404945,0.1453335068081806,0.1477706118328405,0.0,0.0,0.1626187745167815,0.0,0.0
wind3_history_corruption,CurrentOnly-AE-CeNN-494,5420,0.1206636076703479,0.1478947664153432,0.1517473866056651,0.0,0.0,0.1634292833305983,0.0,0.0
wind3_history_corruption,CurrentOnly-AE-CeNN-494,5421,0.1346038644052558,0.1844931008535724,0.1889727756395945,0.0,0.0,0.161563478365494,0.0,0.0
wind3_history_corruption,CurrentOnly-AE-CeNN-494,5422,0.1353718483420784,0.2005321987726545,0.2037680693851195,0.0,0.0,0.1614379477227413,0.0,0.0
wind3_history_corruption,CurrentOnly-AE-CeNN-494,5423,0.1323510090456424,0.1804571439061288,0.1846743232431872,0.0,0.0,0.1627296841101981,0.0,0.0
wind3_history_corruption,CurrentOnly-AE-CeNN-494,5424,0.1404215209781536,0.1823910782974977,0.1887153451725483,0.0,0.0,0.1619835332941828,0.0,0.0
wind3_history_corruption,CurrentOnly-AE-CeNN-494,5425,0.1284353771635557,0.1902873878720926,0.1910905918731678,0.0,0.0,0.1624858163946228,0.0,0.0
wind3_history_corruption,CurrentOnly-AE-CeNN-494,5426,0.1286583075132472,0.1683654554888298,0.1742184076300001,0.0,0.0,0.162355515284029,0.0,0.0
wind3_history_corruption,CurrentOnly-AE-CeNN-494,5427,0.1109795920199716,0.1454369154132986,0.1502440424341107,0.0,0.0,0.1622437663810289,0.0,0.0
wind3_history_corruption,CurrentOnly-AE-CeNN-494,5428,0.1099606787333225,0.1375238815433237,0.1438478259403789,0.0,0.0,0.1620593306337502,0.0,0.0
wind3_history_corruption,CurrentOnly-AE-CeNN-494,5429,0.1184323732196188,0.1460680010589012,0.1518697560692465,0.0,0.0,0.1621732375646158,0.0,0.0
wind3_history_corruption,CurrentOnly-AE-CeNN-494,5430,0.1090500990021151,0.1274900704083635,0.1311081183530532,0.0,0.0,0.1626791060835517,0.0,0.0
wind3_history_corruption,CurrentOnly-AE-CeNN-494,5431,0.1277026586571267,0.153681337192381,0.1549398495243144,0.0,0.0,0.1628909831567647,0.0,0.0
wind3_history_corruption,CurrentOnly-AE-CeNN-494,5432,0.1160744677605237,0.1461595251854184,0.1479185538507152,0.0,0.0,0.1608936589655023,0.0,0.0
wind3_history_corruption,CurrentOnly-AE-CeNN-494,5433,0.1310175226460717,0.1642768432711863,0.1694105010662198,0.0,0.0,0.1615595283580733,0.0,0.0
wind3_history_corruption,CurrentOnly-AE-CeNN-494,5434,0.1223214109750021,0.163126659148716,0.1699712056818073,0.0,0.0,0.1624154771515614,0.0,0.0
wind3_history_corruption,CurrentOnly-AE-CeNN-494,5435,0.1120708253735169,0.1270915215549104,0.1303106231645767,0.0,0.0,0.162455800216495,0.0,0.0
wind3_history_corruption,CurrentOnly-AE-CeNN-494,5436,0.106195669125613,0.137257160795289,0.1410372907714912,0.0,0.0,0.1618158805933291,0.0,0.0
wind3_history_corruption,CurrentOnly-AE-CeNN-494,5437,0.117316567154793,0.1567755784184095,0.166073385544127,0.0,0.0,0.1631541562380845,0.0,0.0
wind3_history_corruption,CurrentOnly-AE-CeNN-494,5438,0.1361141106126356,0.1898324860722566,0.1943701865449288,0.0,0.0,0.162061026482138,0.0,0.0
wind3_history_corruption,CurrentOnly-AE-CeNN-494,5439,0.1132595745519171,0.1423506335535861,0.1498531195972361,0.0,0.0,0.1625974094417508,0.0,0.0
wind3_history_corruption,CurrentOnly-AE-CeNN-494,5440,0.1015849986646251,0.1504395328903676,0.1551885049759006,0.0,0.0,0.1621730114310737,0.0,0.0
wind3_history_corruption,CurrentOnly-AE-CeNN-494,5441,0.1220678633780357,0.1493573133964699,0.1507218286393669,0.0,0.0,0.1622517871475573,0.0,0.0
wind3_history_corruption,CurrentOnly-AE-CeNN-494,5442,0.1124267197123645,0.1324272231282989,0.1381352638833001,0.0,0.0,0.1618652885412835,0.0,0.0
wind3_history_corruption,CurrentOnly-AE-CeNN-494,5443,0.0995609432167513,0.1201996378207429,0.1227542770317434,0.0,0.0,0.1628319752873749,0.0,0.0
wind3_history_corruption,CurrentOnly-AE-CeNN-494,5444,0.1272182084380874,0.1530947520223085,0.1565925581951282,0.0,0.0,0.1632711676513416,0.0,0.0
wind3_history_corruption,CurrentOnly-AE-CeNN-494,5445,0.108281030348504,0.1360525425922659,0.1468318400719421,0.0,0.0,0.1622978526035482,0.0,0.0
wind3_history_corruption,CurrentOnly-AE-CeNN-494,5446,0.132294648606882,0.1578784080594752,0.1653674360998566,0.0,0.0,0.161889901315066,0.0,0.0
wind3_history_corruption,CurrentOnly-AE-CeNN-494,5447,0.1220860218796359,0.1615527948905279,0.1680880291189655,0.0,0.0,0.1618910792544749,0.0,0.0
wind3_history_corruption,CurrentOnly-AE-CeNN-494,5448,0.0980121203397297,0.1179407582777611,0.1232949880358905,0.0,0.0,0.1616127046538889,0.0,0.0
wind3_history_corruption,CurrentOnly-AE-CeNN-494,5449,0.1307243377387544,0.2023585180066085,0.2077491456117255,0.0,0.0,0.1627529172711537,0.0,0.0
wind3_history_corruption,CurrentOnly-AE-CeNN-494,5450,0.0943219090963174,0.1172850838826224,0.1207149076059497,0.0,0.0,0.1621187692010149,0.0,0.0
wind3_history_corruption,CurrentOnly-AE-CeNN-494,5451,0.1263942859667778,0.1562224192649206,0.1600750291066495,0.0,0.0,0.1621009712078142,0.0,0.0
wind3_history_corruption,CurrentOnly-AE-CeNN-494,5452,0.1128101059273508,0.1295231529576112,0.13745385601252,0.0,0.0,0.1628098873161081,0.0,0.0
wind3_history_corruption,CurrentOnly-AE-CeNN-494,5453,0.1344800744396337,0.1890128079515931,0.1930084330261515,0.0,0.0,0.1623356040670654,0.0,0.0
wind3_history_corruption,CurrentOnly-AE-CeNN-494,5454,0.1123318830542636,0.1395371726306842,0.1431432900886203,0.0,0.0,0.161997008616024,0.0,0.0
wind3_history_corruption,CurrentOnly-AE-CeNN-494,5455,0.0981686941857837,0.1252016681234891,0.1290231365201213,0.0,0.0,0.1626335429325489,0.0,0.0
wind3_history_corruption,CurrentOnly-AE-CeNN-494,5456,0.1239742564989541,0.1660676674725186,0.1677487773598439,0.0,0.0,0.1627078631441506,0.0,0.0
wind3_history_corruption,CurrentOnly-AE-CeNN-494,5457,0.1241389025450719,0.1523852425823936,0.1617105639679965,0.0,0.0,0.1627352538785955,0.0,0.0
wind3_history_corruption,CurrentOnly-AE-CeNN-494,5458,0.1331576480979848,0.1616631923099404,0.1647455836169966,0.0,0.0,0.1610528253610982,0.0,0.0
wind3_history_corruption,CurrentOnly-AE-CeNN-494,5459,0.1237545660495495,0.1526205742990645,0.1556703599819943,0.0,0.0,0.1616543971357242,0.0,0.0
wind3_history_corruption,CurrentOnly-AE-CeNN-494,5460,0.1199906226581445,0.1450129824116741,0.1483882171404333,0.0,0.0,0.1616774993491749,0.0,0.0
wind3_history_corruption,CurrentOnly-AE-CeNN-494,5461,0.1383589974209031,0.1733681033003344,0.1787815063037494,0.0,0.0,0.1634122859565603,0.0,0.0
wind3_history_corruption,CurrentOnly-AE-CeNN-494,5462,0.1316105425587757,0.1648569906710188,0.1685078657520394,0.0,0.0,0.1620022373496012,0.0,0.0
wind3_history_corruption,CurrentOnly-AE-CeNN-494,5463,0.1366856645075742,0.2001883000743315,0.2078623441164254,0.0,0.0,0.161796268638399,0.0,0.0
wind3_history_corruption,CurrentOnly-AE-CeNN-494,5464,0.1169377873974441,0.158866813377932,0.163405122674273,0.0,0.0,0.1625380802258934,0.0,0.0
wind3_history_corruption,CurrentOnly-AE-CeNN-494,5465,0.1236181949740405,0.1602084205193697,0.1630349321979539,0.0,0.0,0.1622904842574282,0.0,0.0
wind3_history_corruption,CurrentOnly-AE-CeNN-494,5466,0.120755507156786,0.1638722675576732,0.1663984728090811,0.0,0.0,0.1616269618863688,0.0,0.0
wind3_history_corruption,CurrentOnly-AE-CeNN-494,5467,0.1361651242982179,0.162477143174419,0.166934305453264,0.0,0.0,0.1626810544382004,0.0,0.0
wind3_history_corruption,CurrentOnly-AE-CeNN-494,5468,0.1218113765738395,0.1655779346415664,0.1729439144000238,0.0,0.0,0.1627570292863294,0.0,0.0
wind3_history_corruption,CurrentOnly-AE-CeNN-494,5469,0.1088395279902565,0.1390619724498616,0.1450417551164139,0.0,0.0,0.1616773856043067,0.0,0.0
wind3_history_corruption,CurrentOnly-AE-CeNN-494,5470,0.1200426602575411,0.1610406715433028,0.1672139959174723,0.0,0.0,0.162271899268701,0.0,0.0
wind3_history_corruption,CurrentOnly-AE-CeNN-494,5471,0.1074661053417448,0.1440013118143479,0.1500500273893687,0.0,0.0,0.1622783249421814,0.0,0.0
wind3_history_corruption,CurrentOnly-AE-CeNN-494,5472,0.1061375196192749,0.1219933756015735,0.1233233341284818,0.0,0.0,0.162721794594974,0.0,0.0
wind3_history_corruption,CurrentOnly-AE-CeNN-494,5473,0.1296333641703,0.1650251449135284,0.1681854933839745,0.0,0.0,0.1609386743947364,0.0,0.0
wind3_history_corruption,CurrentOnly-AE-CeNN-494,5474,0.1216147759233401,0.1460421437525357,0.1704559833965223,0.0,0.0,0.1617364258853219,0.0,0.0
wind3_history_corruption,CurrentOnly-AE-CeNN-494,5475,0.1256971000774965,0.1545486965324372,0.165132995896821,0.0,0.0,0.1622712976757422,0.0,0.0
wind3_history_corruption,CurrentOnly-AE-CeNN-494,5476,0.1223237163974991,0.1534465557695406,0.1558446752757477,0.0,0.0,0.1622080099600948,0.0,0.0
wind3_history_corruption,CurrentOnly-AE-CeNN-494,5477,0.1293095987573181,0.1744074744249761,0.1762665392362403,0.0,0.0,0.1622755846691315,0.0,0.0
wind3_history_corruption,CurrentOnly-AE-CeNN-494,5478,0.137534877231278,0.1779218305473713,0.1852533200402449,0.0,0.0,0.1615956702308251,0.0,0.0
wind3_history_corruption,CurrentOnly-AE-CeNN-494,5479,0.0997651083387363,0.1293076508675333,0.131248051825933,0.0,0.0,0.1618854733476197,0.0,0.0
wind3_history_corruption,CurrentOnly-AE-CeNN-494,5480,0.1273115921128563,0.1789192794733854,0.182541414300807,0.0,0.0,0.161834551830261,0.0,0.0
wind3_history_corruption,CurrentOnly-AE-CeNN-494,5481,0.1212697201566052,0.1563397053223019,0.1593098697789207,0.0,0.0,0.1616960307507216,0.0,0.0
wind3_history_corruption,CurrentOnly-AE-CeNN-494,5482,0.1199382379871428,0.1879032550375288,0.1937910441246495,0.0,0.0,0.1629760391953487,0.0,0.0
wind3_history_corruption,CurrentOnly-AE-CeNN-494,5483,0.1093704001782029,0.1644756389666271,0.1732310066729645,0.0,0.0,0.1622374161229108,0.0,0.0
wind3_history_corruption,CurrentOnly-AE-CeNN-494,5484,0.1297555818165396,0.1842798887391153,0.189184158030272,0.0,0.0,0.1618737700219202,0.0,0.0
wind3_history_corruption,CurrentOnly-AE-CeNN-494,5485,0.1076482524647069,0.1284556190102323,0.1325860961952862,0.0,0.0,0.1616326778751224,0.0,0.0
wind3_history_corruption,CurrentOnly-AE-CeNN-494,5486,0.1139245362987241,0.1488090334930153,0.1524850809276489,0.0,0.0,0.1624658615119179,0.0,0.0
wind3_history_corruption,CurrentOnly-AE-CeNN-494,5487,0.1073975150275282,0.1255281730184407,0.1304618250446002,0.0,0.0,0.1623783446777355,0.0,0.0
wind3_history_corruption,CurrentOnly-AE-CeNN-494,5488,0.1195435171774699,0.1400860457390136,0.1439579690195329,0.0,0.0,0.1620323900394873,0.0,0.0
wind3_history_corruption,CurrentOnly-AE-CeNN-494,5489,0.1455046412068225,0.1752025422926832,0.1786352561415353,0.0,0.0,0.1625564091822044,0.0,0.0
wind3_history_corruption,CurrentOnly-AE-CeNN-494,5490,0.1178209480321481,0.1483111240972717,0.1552587582964935,0.0,0.0,0.162406298934369,0.0,0.0
wind3_history_corruption,CurrentOnly-AE-CeNN-494,5491,0.1256944541679215,0.1577599817490273,0.1637577091802306,0.0,0.0,0.1626081520522766,0.0,0.0
wind3_history_corruption,CurrentOnly-AE-CeNN-494,5492,0.1242687248442546,0.1629716992103666,0.1679051202587524,0.0,0.0,0.1629011736658267,0.0,0.0
wind3_history_corruption,CurrentOnly-AE-CeNN-494,5493,0.1133053729155469,0.1476115761792519,0.1511841029932729,0.0,0.0,0.1617688707134857,0.0,0.0
wind3_history_corruption,CurrentOnly-AE-CeNN-494,5494,0.1141826270461762,0.1417885963205759,0.1448070838900589,0.0,0.0,0.1614460959947032,0.0,0.0
wind3_history_corruption,CurrentOnly-AE-CeNN-494,5495,0.1427919829303692,0.1627091781401823,0.1670710609597969,0.0,0.0,0.1614115318452062,0.0,0.0
wind3_history_corruption,CurrentOnly-AE-CeNN-494,5496,0.1214961116102549,0.1691057886279686,0.1799534633303978,0.0,0.0,0.1618167767906649,0.0,0.0
wind3_history_corruption,CurrentOnly-AE-CeNN-494,5497,0.1239504240216963,0.1564999372755352,0.1596443089990184,0.0,0.0,0.1622477654745449,0.0,0.0
wind3_history_corruption,CurrentOnly-AE-CeNN-494,5498,0.1190167310483923,0.1616035295569141,0.1634754636667594,0.0,0.0,0.1621994295127185,0.0,0.0
wind3_history_corruption,CurrentOnly-AE-CeNN-494,5499,0.1148386065181579,0.1488057532461799,0.158837967033083,0.0,0.0,0.161228847768909,0.0,0.0
wind3_history_corruption,G-DetectorGate-noRTA,5400,0.0947523430605821,0.1244047564965831,0.1309896237548855,0.0,0.0,0.1623197399285785,100.0,1.0
wind3_history_corruption,G-DetectorGate-noRTA,5401,0.1208860445715982,0.1440134824517909,0.150096334208637,0.0,0.0,0.162166708870009,100.0,1.0
wind3_history_corruption,G-DetectorGate-noRTA,5402,0.1334165312118961,0.1827549981375901,0.1873784632688315,0.0,0.0,0.1624216217869141,100.0,1.0
wind3_history_corruption,G-DetectorGate-noRTA,5403,0.131502327285544,0.1696320797386541,0.1730864939672579,0.0,0.0,0.1617863138624888,100.0,1.0
wind3_history_corruption,G-DetectorGate-noRTA,5404,0.1369919149883375,0.2064683882548966,0.2169775917097855,0.0,0.0,0.1623717770776294,100.0,1.0
wind3_history_corruption,G-DetectorGate-noRTA,5405,0.1215623654027756,0.1534349413145597,0.1578122526349152,0.0,0.0,0.1621784330409093,100.0,1.0
wind3_history_corruption,G-DetectorGate-noRTA,5406,0.1242534492182426,0.1947984585075235,0.2033079770395604,0.0,0.0,0.1623065241471296,100.0,1.0
wind3_history_corruption,G-DetectorGate-noRTA,5407,0.127909411590592,0.1785566689628228,0.1883691914217044,0.0,0.0,0.1620674727481021,100.0,1.0
wind3_history_corruption,G-DetectorGate-noRTA,5408,0.142399014291134,0.1860417607587022,0.1944449371553564,0.0,0.0,0.1630960359661658,100.0,1.0
wind3_history_corruption,G-DetectorGate-noRTA,5409,0.1169066935280388,0.15484291039744,0.1556820375773651,0.0,0.0,0.163191504823003,100.0,1.0
wind3_history_corruption,G-DetectorGate-noRTA,5410,0.114871682334124,0.1357725970089699,0.1409514524969199,0.0,0.0,0.1619798446441936,100.0,1.0
wind3_history_corruption,G-DetectorGate-noRTA,5411,0.1334373989567851,0.1739715367288226,0.1843420889340115,0.0,0.0,0.1621738413112395,100.0,1.0
wind3_history_corruption,G-DetectorGate-noRTA,5412,0.1147234238101775,0.152604053884377,0.159743290700672,0.0,0.0,0.1626709363160828,100.0,1.0
wind3_history_corruption,G-DetectorGate-noRTA,5413,0.1272117956896329,0.1701767188824924,0.1808110160713054,0.0,0.0,0.1626257777431849,100.0,1.0
wind3_history_corruption,G-DetectorGate-noRTA,5414,0.1080805060460736,0.1374097520357063,0.1438064878052368,0.0,0.0,0.1629566593571623,100.0,1.0
wind3_history_corruption,G-DetectorGate-noRTA,5415,0.116611832995388,0.1475895511618729,0.155087815268041,0.0,0.0,0.1623446555306799,100.0,1.0
wind3_history_corruption,G-DetectorGate-noRTA,5416,0.1035187893560242,0.1226132619895001,0.1269028788340883,0.0,0.0,0.1624750443804445,100.0,1.0
wind3_history_corruption,G-DetectorGate-noRTA,5417,0.1280525564761897,0.1647343990955061,0.1718341028457561,0.0,0.0,0.1623743408918836,100.0,1.0
wind3_history_corruption,G-DetectorGate-noRTA,5418,0.1227922233289516,0.155350733022084,0.1618176374986165,0.0,0.0,0.1615779569535382,100.0,1.0
wind3_history_corruption,G-DetectorGate-noRTA,5419,0.1102350435726366,0.1442419064544162,0.1464652176145529,0.0,0.0,0.1626157355740445,100.0,1.0
wind3_history_corruption,G-DetectorGate-noRTA,5420,0.1201461514257686,0.1473190182167801,0.1511453903476786,0.0,0.0,0.1634279927659935,100.0,1.0
wind3_history_corruption,G-DetectorGate-noRTA,5421,0.1336934759587426,0.1837785466033258,0.1882275309435067,0.0,0.0,0.1615603988823709,100.0,1.0
wind3_history_corruption,G-DetectorGate-noRTA,5422,0.1346423655444003,0.1996225792125653,0.2029135978591306,0.0,0.0,0.1614380952806943,100.0,1.0
wind3_history_corruption,G-DetectorGate-noRTA,5423,0.1312904391682854,0.1793774230509517,0.1834909583358107,0.0,0.0,0.1627269010858144,100.0,1.0
wind3_history_corruption,G-DetectorGate-noRTA,5424,0.1399983745254427,0.1819995915475166,0.1883238745787303,0.0,0.0,0.1619826150164625,100.0,1.0
wind3_history_corruption,G-DetectorGate-noRTA,5425,0.1280132736058473,0.1898557209828463,0.1907608296575585,0.0,0.0,0.1624833577858969,100.0,1.0
wind3_history_corruption,G-DetectorGate-noRTA,5426,0.1284073150987008,0.1682125481583921,0.1740516023950472,0.0,0.0,0.1623535929482964,100.0,1.0
wind3_history_corruption,G-DetectorGate-noRTA,5427,0.1102871165445891,0.1444065486891384,0.1491821812070866,0.0,0.0,0.1622421264081843,100.0,1.0
wind3_history_corruption,G-DetectorGate-noRTA,5428,0.1095334397305021,0.13694860739052,0.1432537860339251,0.0,0.0,0.162058813504064,100.0,1.0
wind3_history_corruption,G-DetectorGate-noRTA,5429,0.1181968364106444,0.1460976790781818,0.1518918698634251,0.0,0.0,0.1621726200458682,100.0,1.0
wind3_history_corruption,G-DetectorGate-noRTA,5430,0.1086355376736953,0.1269827302773594,0.130513780119703,0.0,0.0,0.1626774796269101,100.0,1.0
wind3_history_corruption,G-DetectorGate-noRTA,5431,0.1268466113197272,0.1528814200404125,0.1540750887963067,0.0,0.0,0.1628893670704101,100.0,1.0
wind3_history_corruption,G-DetectorGate-noRTA,5432,0.1155329200519569,0.1456338476754103,0.1474005269906406,0.0,0.0,0.1608945912787668,100.0,1.0
wind3_history_corruption,G-DetectorGate-noRTA,5433,0.1304532423851445,0.1637879332910235,0.1688371689900892,0.0,0.0,0.1615585720703122,100.0,1.0
wind3_history_corruption,G-DetectorGate-noRTA,5434,0.1214071940473212,0.1620991273587861,0.1689789956549186,0.0,0.0,0.16241278953525,100.0,1.0
wind3_history_corruption,G-DetectorGate-noRTA,5435,0.1109041263738944,0.1260700837508494,0.1293234607078147,0.0,0.0,0.162453507660131,100.0,1.0
wind3_history_corruption,G-DetectorGate-noRTA,5436,0.1056586871918198,0.1368141003723021,0.1403631237840574,0.0,0.0,0.1618141618646009,100.0,1.0
wind3_history_corruption,G-DetectorGate-noRTA,5437,0.1167222766465078,0.1565026368176029,0.1658261609116736,0.0,0.0,0.163151449074196,100.0,1.0
wind3_history_corruption,G-DetectorGate-noRTA,5438,0.1352827149810784,0.1889829016848414,0.1935691390565981,0.0,0.0,0.1620598039017774,100.0,1.0
wind3_history_corruption,G-DetectorGate-noRTA,5439,0.1125466686462461,0.1412221263323272,0.1486980349555591,0.0,0.0,0.162595837126062,100.0,1.0
wind3_history_corruption,G-DetectorGate-noRTA,5440,0.1008698465192676,0.1494636746141791,0.1542855409787776,0.0,0.0,0.1621724819382482,100.0,1.0
wind3_history_corruption,G-DetectorGate-noRTA,5441,0.1214093624119146,0.1490859125434449,0.1505218529973204,0.0,0.0,0.1622488104752231,100.0,1.0
wind3_history_corruption,G-DetectorGate-noRTA,5442,0.1113728675610426,0.131484194310388,0.1373732293750127,0.0,0.0,0.1618648813409899,100.0,1.0
wind3_history_corruption,G-DetectorGate-noRTA,5443,0.099213291461746,0.1198687381959458,0.1225248674945846,0.0,0.0,0.1628303811233405,100.0,1.0
wind3_history_corruption,G-DetectorGate-noRTA,5444,0.1267042390415819,0.1527878855407244,0.1562705135805314,0.0,0.0,0.1632664704490524,100.0,1.0
wind3_history_corruption,G-DetectorGate-noRTA,5445,0.1076576741034944,0.135817825246872,0.1465982743045662,0.0,0.0,0.1622967039218794,100.0,1.0
wind3_history_corruption,G-DetectorGate-noRTA,5446,0.1311931035649071,0.156830510506799,0.1642756353288844,0.0,0.0,0.1618874127807814,100.0,1.0
wind3_history_corruption,G-DetectorGate-noRTA,5447,0.1215348850163683,0.1609808528222018,0.167502835634895,0.0,0.0,0.1618912873785737,100.0,1.0
wind3_history_corruption,G-DetectorGate-noRTA,5448,0.0972948513896474,0.1169644037114404,0.1224917329884495,0.0,0.0,0.1616128542669052,100.0,1.0
wind3_history_corruption,G-DetectorGate-noRTA,5449,0.1304801165368372,0.2021445599451391,0.2075146474098083,0.0,0.0,0.1627516454267524,100.0,1.0
wind3_history_corruption,G-DetectorGate-noRTA,5450,0.0936311005438751,0.1162718918243242,0.1197166083076866,0.0,0.0,0.1621167250177244,100.0,1.0
wind3_history_corruption,G-DetectorGate-noRTA,5451,0.1256744516249455,0.1554625350706289,0.1594372296740509,0.0,0.0,0.162098907257579,100.0,1.0
wind3_history_corruption,G-DetectorGate-noRTA,5452,0.1118393836680178,0.1286734057823046,0.1370013640836454,0.0,0.0,0.1628072091683893,100.0,1.0
wind3_history_corruption,G-DetectorGate-noRTA,5453,0.1338827509005892,0.1889549472055061,0.192955198866773,0.0,0.0,0.162334872619211,100.0,1.0
wind3_history_corruption,G-DetectorGate-noRTA,5454,0.1119891371964939,0.1391440500771462,0.1426956573351874,0.0,0.0,0.161995625796121,100.0,1.0
wind3_history_corruption,G-DetectorGate-noRTA,5455,0.0975600334155899,0.1248789292790186,0.1287129790937498,0.0,0.0,0.1626313286175962,100.0,1.0
wind3_history_corruption,G-DetectorGate-noRTA,5456,0.1230290367949907,0.1650244992334383,0.1667837420431804,0.0,0.0,0.1627053391781736,100.0,1.0
wind3_history_corruption,G-DetectorGate-noRTA,5457,0.1234184432006998,0.1520836514505704,0.1613441845229873,0.0,0.0,0.1627328812916809,100.0,1.0
wind3_history_corruption,G-DetectorGate-noRTA,5458,0.1324820924499727,0.1609611566171382,0.1640138800754647,0.0,0.0,0.1610523560202093,100.0,1.0
wind3_history_corruption,G-DetectorGate-noRTA,5459,0.1231920358718579,0.1520532961736991,0.1548778471109617,0.0,0.0,0.1616538811737455,100.0,1.0
wind3_history_corruption,G-DetectorGate-noRTA,5460,0.1196281050655117,0.1443770978519807,0.1478563480237815,0.0,0.0,0.1616766054338448,100.0,1.0
wind3_history_corruption,G-DetectorGate-noRTA,5461,0.1378406717215196,0.1729960936256356,0.1784073620678191,0.0,0.0,0.163408965903938,100.0,1.0
wind3_history_corruption,G-DetectorGate-noRTA,5462,0.1311901688034714,0.1646445354951285,0.1679320947963846,0.0,0.0,0.1620005128381121,100.0,1.0
wind3_history_corruption,G-DetectorGate-noRTA,5463,0.1364068820498415,0.2001885856912661,0.2078912765378721,0.0,0.0,0.1617955609162689,100.0,1.0
wind3_history_corruption,G-DetectorGate-noRTA,5464,0.1162981183524027,0.1582601520532018,0.1627975687186382,0.0,0.0,0.1625354808731013,100.0,1.0
wind3_history_corruption,G-DetectorGate-noRTA,5465,0.1229920291519283,0.1591700653800081,0.1618956685829473,0.0,0.0,0.1622880880985117,100.0,1.0
wind3_history_corruption,G-DetectorGate-noRTA,5466,0.1200713311295569,0.1631999892717759,0.1657792659978414,0.0,0.0,0.16162560627337,100.0,1.0
wind3_history_corruption,G-DetectorGate-noRTA,5467,0.1358360187730179,0.162089486257986,0.1665795095871574,0.0,0.0,0.1626796193581872,100.0,1.0
wind3_history_corruption,G-DetectorGate-noRTA,5468,0.1210198970878751,0.1648628455247095,0.172154774224393,0.0,0.0,0.1627548883807949,100.0,1.0
wind3_history_corruption,G-DetectorGate-noRTA,5469,0.1082097899057618,0.1382228579047236,0.1441537509476325,0.0,0.0,0.1616760891151566,100.0,1.0
wind3_history_corruption,G-DetectorGate-noRTA,5470,0.1192693183504142,0.1602913708052999,0.1665267259464886,0.0,0.0,0.1622692145826464,100.0,1.0
wind3_history_corruption,G-DetectorGate-noRTA,5471,0.1065570713956483,0.1431794911171883,0.1493069009315713,0.0,0.0,0.1622762693170372,100.0,1.0
wind3_history_corruption,G-DetectorGate-noRTA,5472,0.1051746815272066,0.1212123331018053,0.1225574735476317,0.0,0.0,0.1627195922265676,100.0,1.0
wind3_history_corruption,G-DetectorGate-noRTA,5473,0.1291318595914568,0.1644786220934667,0.1676581616757035,0.0,0.0,0.1609398421720761,100.0,1.0
wind3_history_corruption,G-DetectorGate-noRTA,5474,0.1206619669380314,0.1448711116860929,0.1691652536287712,0.0,0.0,0.161734965047418,100.0,1.0
wind3_history_corruption,G-DetectorGate-noRTA,5475,0.1252350272730235,0.1540560756359187,0.1646050615681073,0.0,0.0,0.1622703324700904,100.0,1.0
wind3_history_corruption,G-DetectorGate-noRTA,5476,0.1219499448440214,0.1531547766108996,0.1555428246591264,0.0,0.0,0.162204381921646,100.0,1.0
wind3_history_corruption,G-DetectorGate-noRTA,5477,0.1288167553748442,0.1738960581806921,0.1758658795782807,0.0,0.0,0.1622737758714728,100.0,1.0
wind3_history_corruption,G-DetectorGate-noRTA,5478,0.1370773348660557,0.1770514536355718,0.1843717821424873,0.0,0.0,0.1615951830808898,100.0,1.0
wind3_history_corruption,G-DetectorGate-noRTA,5479,0.0986045334059319,0.1279949008428811,0.1299772641734991,0.0,0.0,0.1618851611386263,100.0,1.0
wind3_history_corruption,G-DetectorGate-noRTA,5480,0.1268149197623282,0.1783877248298314,0.1819977024231584,0.0,0.0,0.1618340408336858,100.0,1.0
wind3_history_corruption,G-DetectorGate-noRTA,5481,0.1203943540421651,0.1556661849920326,0.1584184932827916,0.0,0.0,0.1616940590155761,100.0,1.0
wind3_history_corruption,G-DetectorGate-noRTA,5482,0.1193192540304085,0.1879044609672956,0.1937314217908246,0.0,0.0,0.1629731558041151,100.0,1.0
wind3_history_corruption,G-DetectorGate-noRTA,5483,0.1087618212547765,0.1641172096954649,0.1729122704895702,0.0,0.0,0.1622365917068221,100.0,1.0
wind3_history_corruption,G-DetectorGate-noRTA,5484,0.128899786013269,0.1835378226880426,0.1884592528652321,0.0,0.0,0.1618726534240701,100.0,1.0
wind3_history_corruption,G-DetectorGate-noRTA,5485,0.1069021749895052,0.1274588937218403,0.1316651787266374,0.0,0.0,0.1616322536218195,100.0,1.0
wind3_history_corruption,G-DetectorGate-noRTA,5486,0.1135438269085637,0.1483854170575499,0.1521380149699717,0.0,0.0,0.1624630402440635,100.0,1.0
wind3_history_corruption,G-DetectorGate-noRTA,5487,0.106871636998892,0.125111420964526,0.1299901724223507,0.0,0.0,0.1623767271250344,100.0,1.0
wind3_history_corruption,G-DetectorGate-noRTA,5488,0.1189499647836511,0.1393528686138673,0.1431144645065156,0.0,0.0,0.1620323372066594,100.0,1.0
wind3_history_corruption,G-DetectorGate-noRTA,5489,0.1450738472711373,0.1750432703982168,0.1784876073414537,0.0,0.0,0.1625526924640175,100.0,1.0
wind3_history_corruption,G-DetectorGate-noRTA,5490,0.1170515019275443,0.1474892692562119,0.1544140195308375,0.0,0.0,0.1624049240182655,100.0,1.0
wind3_history_corruption,G-DetectorGate-noRTA,5491,0.125239038920695,0.1576323861115577,0.1636459805586866,0.0,0.0,0.1626056580844858,100.0,1.0
wind3_history_corruption,G-DetectorGate-noRTA,5492,0.1237177692700535,0.1629044158720524,0.1678381206092454,0.0,0.0,0.1628994062348757,100.0,1.0
wind3_history_corruption,G-DetectorGate-noRTA,5493,0.1126785096516101,0.1469580102219164,0.1506070492194458,0.0,0.0,0.1617689830959149,100.0,1.0
wind3_history_corruption,G-DetectorGate-noRTA,5494,0.1139172774267684,0.1415410673026368,0.1445615821368708,0.0,0.0,0.1614476566882899,100.0,1.0
wind3_history_corruption,G-DetectorGate-noRTA,5495,0.1419825120565122,0.1618051100122067,0.1660915073710774,0.0,0.0,0.161410426517203,100.0,1.0
wind3_history_corruption,G-DetectorGate-noRTA,5496,0.1205801738799166,0.167960524851891,0.1788926531758605,0.0,0.0,0.1618143551345135,100.0,1.0
wind3_history_corruption,G-DetectorGate-noRTA,5497,0.123691072558413,0.156166028075411,0.1593427132332256,0.0,0.0,0.1622473934944349,100.0,1.0
wind3_history_corruption,G-DetectorGate-noRTA,5498,0.1183580843649676,0.1610554189018162,0.1626738612276226,0.0,0.0,0.1622001662011443,100.0,1.0
wind3_history_corruption,G-DetectorGate-noRTA,5499,0.1139681599442323,0.1477676311774132,0.1578125978125916,0.0,0.0,0.1612273145115307,100.0,1.0
wind3_history_corruption,H-RTA-SupervisedGate,5400,0.0948029955712232,0.1245959051888202,0.1311327879597971,0.0,0.0,0.1623202252835049,92.72065514103733,0.9272065514103732
wind3_history_corruption,H-RTA-SupervisedGate,5401,0.1209314254189583,0.1440002274723869,0.1500861877328921,0.0,0.0,0.1621666449439314,92.72065514103733,0.9272065514103732
wind3_history_corruption,H-RTA-SupervisedGate,5402,0.133428927293772,0.1827454113600995,0.1873624269748431,0.0,0.0,0.1624203380627312,92.72065514103733,0.9272065514103732
wind3_history_corruption,H-RTA-SupervisedGate,5403,0.131534982377967,0.1696964199236492,0.1731694422963728,0.0,0.0,0.1617864156241791,92.72065514103733,0.9272065514103732
wind3_history_corruption,H-RTA-SupervisedGate,5404,0.1370409346232176,0.2065072951744273,0.2169926065754337,0.0,0.0,0.1623718342182528,92.72065514103733,0.9272065514103732
wind3_history_corruption,H-RTA-SupervisedGate,5405,0.1215889419590166,0.1534349883739427,0.157744022817275,0.0,0.0,0.162178254172714,92.72065514103733,0.9272065514103732
wind3_history_corruption,H-RTA-SupervisedGate,5406,0.1243429813336332,0.1948674790601192,0.2033079804555492,0.0,0.0,0.16230713382177,92.72065514103733,0.9272065514103732
wind3_history_corruption,H-RTA-SupervisedGate,5407,0.1279346044641613,0.1786339192056092,0.1884104367947476,0.0,0.0,0.1620666651703345,92.72065514103733,0.9272065514103732
wind3_history_corruption,H-RTA-SupervisedGate,5408,0.142464353461594,0.186041187108242,0.1944454106933821,0.0,0.0,0.1630955029297886,92.72065514103733,0.9272065514103732
wind3_history_corruption,H-RTA-SupervisedGate,5409,0.1169839496923584,0.154839039654778,0.1556781125751751,0.0,0.0,0.163191061957238,92.72065514103733,0.9272065514103732
wind3_history_corruption,H-RTA-SupervisedGate,5410,0.1148885563821913,0.1357716948028485,0.1409505104465832,0.0,0.0,0.1619790702078243,92.72065514103733,0.9272065514103732
wind3_history_corruption,H-RTA-SupervisedGate,5411,0.1334610710908999,0.1740253175304881,0.1844153948855506,0.0,0.0,0.1621741803885253,92.72065514103733,0.9272065514103732
wind3_history_corruption,H-RTA-SupervisedGate,5412,0.1147604841921025,0.1526092981325338,0.1597529545062196,0.0,0.0,0.1626709683925893,92.72065514103733,0.9272065514103732
wind3_history_corruption,H-RTA-SupervisedGate,5413,0.1272407298113508,0.170187122351414,0.1808222717429352,0.0,0.0,0.1626257225618847,92.72065514103733,0.9272065514103732
wind3_history_corruption,H-RTA-SupervisedGate,5414,0.1081604284184252,0.1375378147294531,0.1438038068594883,0.0,0.0,0.1629563482008107,92.72065514103733,0.9272065514103732
wind3_history_corruption,H-RTA-SupervisedGate,5415,0.1166432126441877,0.1476147850344323,0.1550876687942544,0.0,0.0,0.1623444189254027,92.72065514103733,0.9272065514103732
wind3_history_corruption,H-RTA-SupervisedGate,5416,0.1035757569399054,0.1226132678332299,0.1269029116188564,0.0,0.0,0.1624745338547736,92.72065514103733,0.9272065514103732
wind3_history_corruption,H-RTA-SupervisedGate,5417,0.1281287577488038,0.1647343945237494,0.1718340940911705,0.0,0.0,0.1623750251663838,92.72065514103733,0.9272065514103732
wind3_history_corruption,H-RTA-SupervisedGate,5418,0.1228282208554063,0.1553480480430763,0.1618139014691207,0.0,0.0,0.1615786571886213,92.72065514103733,0.9272065514103732
wind3_history_corruption,H-RTA-SupervisedGate,5419,0.110309017742434,0.1442473413648928,0.146465193386504,0.0,0.0,0.1626156966107559,92.72065514103733,0.9272065514103732
wind3_history_corruption,H-RTA-SupervisedGate,5420,0.1202034855786836,0.147316979911147,0.1511430431662007,0.0,0.0,0.1634285236255512,92.72065514103733,0.9272065514103732
wind3_history_corruption,H-RTA-SupervisedGate,5421,0.1337179354845173,0.1837038988462694,0.18816778280211,0.0,0.0,0.161561777741709,92.72065514103733,0.9272065514103732
wind3_history_corruption,H-RTA-SupervisedGate,5422,0.1346828498771152,0.1996823035134234,0.2029712582798888,0.0,0.0,0.1614376488749077,92.72065514103733,0.9272065514103732
wind3_history_corruption,H-RTA-SupervisedGate,5423,0.1313297628302354,0.1793930806241997,0.1835036171599898,0.0,0.0,0.1627269943250854,92.72065514103733,0.9272065514103732
wind3_history_corruption,H-RTA-SupervisedGate,5424,0.1400205604538213,0.1821713112750467,0.1885285246192412,0.0,0.0,0.1619824886129964,92.72065514103733,0.9272065514103732
wind3_history_corruption,H-RTA-SupervisedGate,5425,0.1280734887174458,0.1902161553634467,0.1909554331130935,0.0,0.0,0.1624838733012218,92.72065514103733,0.9272065514103732
wind3_history_corruption,H-RTA-SupervisedGate,5426,0.1284752067746533,0.1682110828029928,0.1740484195695599,0.0,0.0,0.1623541302167897,92.72065514103733,0.9272065514103732
wind3_history_corruption,H-RTA-SupervisedGate,5427,0.1103542672447005,0.1444066387011406,0.1491824465928711,0.0,0.0,0.1622424492234694,92.72065514103733,0.9272065514103732
wind3_history_corruption,H-RTA-SupervisedGate,5428,0.1095947861907037,0.1369481306100938,0.1432538442552358,0.0,0.0,0.1620591330304375,92.72065514103733,0.9272065514103732
wind3_history_corruption,H-RTA-SupervisedGate,5429,0.1182107686518311,0.1460199530540535,0.1518315862211788,0.0,0.0,0.1621729189576807,92.72065514103733,0.9272065514103732
wind3_history_corruption,H-RTA-SupervisedGate,5430,0.1086979276497266,0.1270747387564776,0.1306453797979255,0.0,0.0,0.162677385658169,92.72065514103733,0.9272065514103732
wind3_history_corruption,H-RTA-SupervisedGate,5431,0.1269120122912899,0.1530708998516073,0.1545102674239154,0.0,0.0,0.1628886065045256,92.72065514103733,0.9272065514103732
wind3_history_corruption,H-RTA-SupervisedGate,5432,0.1155652430301545,0.145633890680288,0.1474006161528476,0.0,0.0,0.1608946394102465,92.72065514103733,0.9272065514103732
wind3_history_corruption,H-RTA-SupervisedGate,5433,0.1304534117019924,0.1637349590736941,0.168798644190215,0.0,0.0,0.1615588662776205,92.72065514103733,0.9272065514103732
wind3_history_corruption,H-RTA-SupervisedGate,5434,0.1214756605301509,0.1620991136487247,0.1689789772507204,0.0,0.0,0.1624130697929852,92.72065514103733,0.9272065514103732
wind3_history_corruption,H-RTA-SupervisedGate,5435,0.1109724117889314,0.1261762617841945,0.1294680679923017,0.0,0.0,0.162453972385642,92.72065514103733,0.9272065514103732
wind3_history_corruption,H-RTA-SupervisedGate,5436,0.1057060086056919,0.1368758989516073,0.1404921594021289,0.0,0.0,0.1618141940501497,92.72065514103733,0.9272065514103732
wind3_history_corruption,H-RTA-SupervisedGate,5437,0.1167866706003008,0.1564989524523938,0.165822396796451,0.0,0.0,0.163151707637304,92.72065514103733,0.9272065514103732
wind3_history_corruption,H-RTA-SupervisedGate,5438,0.1353137485777444,0.1889828279697485,0.1935690593687272,0.0,0.0,0.1620592579561356,92.72065514103733,0.9272065514103732
wind3_history_corruption,H-RTA-SupervisedGate,5439,0.1126065814018775,0.1412431611445966,0.1486980323675084,0.0,0.0,0.1625956473124944,92.72065514103733,0.9272065514103732
wind3_history_corruption,H-RTA-SupervisedGate,5440,0.1009210820063235,0.1494609689971211,0.1542837330968921,0.0,0.0,0.1621721538550196,92.72065514103733,0.9272065514103732
wind3_history_corruption,H-RTA-SupervisedGate,5441,0.1214469129991753,0.1491541729076199,0.1505213579483376,0.0,0.0,0.1622494386558668,92.72065514103733,0.9272065514103732
wind3_history_corruption,H-RTA-SupervisedGate,5442,0.1114371317441723,0.1315072590500354,0.1375112715562862,0.0,0.0,0.1618648350158613,92.72065514103733,0.9272065514103732
wind3_history_corruption,H-RTA-SupervisedGate,5443,0.099283404803918,0.119874755961391,0.1225248113509306,0.0,0.0,0.1628300943358886,92.72065514103733,0.9272065514103732
wind3_history_corruption,H-RTA-SupervisedGate,5444,0.1267680491630794,0.1529596640767688,0.1565037305422765,0.0,0.0,0.1632681508980572,92.72065514103733,0.9272065514103732
wind3_history_corruption,H-RTA-SupervisedGate,5445,0.1077184136454456,0.1358178248448504,0.1465982989083702,0.0,0.0,0.1622964980402236,92.72065514103733,0.9272065514103732
wind3_history_corruption,H-RTA-SupervisedGate,5446,0.1312363509769847,0.1568749299591455,0.1642922789472127,0.0,0.0,0.1618872218703093,92.72065514103733,0.9272065514103732
wind3_history_corruption,H-RTA-SupervisedGate,5447,0.1215795132744515,0.1609810061165879,0.1675030413568899,0.0,0.0,0.1618908314342856,92.72065514103733,0.9272065514103732
wind3_history_corruption,H-RTA-SupervisedGate,5448,0.0973609535270181,0.1171463978614007,0.122498696229868,0.0,0.0,0.1616119644124367,92.72065514103733,0.9272065514103732
wind3_history_corruption,H-RTA-SupervisedGate,5449,0.1305030017363174,0.2022596088142561,0.2076515252173474,0.0,0.0,0.1627513832550385,92.72065514103733,0.9272065514103732
wind3_history_corruption,H-RTA-SupervisedGate,5450,0.0936906578410006,0.1162932819628214,0.1197522295402025,0.0,0.0,0.1621172211026791,92.72065514103733,0.9272065514103732
wind3_history_corruption,H-RTA-SupervisedGate,5451,0.1257291041963938,0.1557501707878324,0.1594376282462224,0.0,0.0,0.1620995070263948,92.72065514103733,0.9272065514103732
wind3_history_corruption,H-RTA-SupervisedGate,5452,0.1119019816826503,0.1286734056378443,0.1370066987089659,0.0,0.0,0.1628074752856227,92.72065514103733,0.9272065514103732
wind3_history_corruption,H-RTA-SupervisedGate,5453,0.1339201238921128,0.1889633130010571,0.1929666920067264,0.0,0.0,0.1623346252144842,92.72065514103733,0.9272065514103732
wind3_history_corruption,H-RTA-SupervisedGate,5454,0.1120162506809757,0.1391694175947836,0.1427323163476735,0.0,0.0,0.1619960146090243,92.72065514103733,0.9272065514103732
wind3_history_corruption,H-RTA-SupervisedGate,5455,0.0976312710980121,0.12487891302776,0.1287129846300932,0.0,0.0,0.162631988345662,92.72065514103733,0.9272065514103732
wind3_history_corruption,H-RTA-SupervisedGate,5456,0.1230944392627416,0.1650245906801901,0.1667842814352771,0.0,0.0,0.1627054124880959,92.72065514103733,0.9272065514103732
wind3_history_corruption,H-RTA-SupervisedGate,5457,0.1234726683200768,0.1520818567047947,0.1613420055626859,0.0,0.0,0.162732785276066,92.72065514103733,0.9272065514103732
wind3_history_corruption,H-RTA-SupervisedGate,5458,0.1325256833575725,0.1610314897592244,0.1641296724014654,0.0,0.0,0.1610527005542121,92.72065514103733,0.9272065514103732
wind3_history_corruption,H-RTA-SupervisedGate,5459,0.123213487492834,0.1521400172153486,0.1549809504307497,0.0,0.0,0.1616536329625234,92.72065514103733,0.9272065514103732
wind3_history_corruption,H-RTA-SupervisedGate,5460,0.1196592159666608,0.1445575866919889,0.1479338830645432,0.0,0.0,0.161677084647253,92.72065514103733,0.9272065514103732
wind3_history_corruption,H-RTA-SupervisedGate,5461,0.1379079261732945,0.1732758519723297,0.1786601043643818,0.0,0.0,0.1634093603343128,92.72065514103733,0.9272065514103732
wind3_history_corruption,H-RTA-SupervisedGate,5462,0.1312441665967454,0.1646444142528044,0.1679322366666836,0.0,0.0,0.1620009117350515,92.72065514103733,0.9272065514103732
wind3_history_corruption,H-RTA-SupervisedGate,5463,0.1364261929251621,0.2001826689543146,0.2078802048718058,0.0,0.0,0.161795861522894,92.72065514103733,0.9272065514103732
wind3_history_corruption,H-RTA-SupervisedGate,5464,0.1163396808014011,0.1582601865625481,0.1627976233313164,0.0,0.0,0.1625356379275633,92.72065514103733,0.9272065514103732
wind3_history_corruption,H-RTA-SupervisedGate,5465,0.1230403044565509,0.159172597904088,0.1618952956416723,0.0,0.0,0.162288508253903,92.72065514103733,0.9272065514103732
wind3_history_corruption,H-RTA-SupervisedGate,5466,0.1201288571145444,0.1632001450235121,0.1657794665533654,0.0,0.0,0.1616254658909996,92.72065514103733,0.9272065514103732
wind3_history_corruption,H-RTA-SupervisedGate,5467,0.1358651438767203,0.1621400884138192,0.1665998217302802,0.0,0.0,0.162679207335071,92.72065514103733,0.9272065514103732
wind3_history_corruption,H-RTA-SupervisedGate,5468,0.1210892968399037,0.164863554021159,0.1721553003429585,0.0,0.0,0.1627539408752432,92.72065514103733,0.9272065514103732
wind3_history_corruption,H-RTA-SupervisedGate,5469,0.108237184945167,0.1382228570007238,0.1441537526444085,0.0,0.0,0.1616771329926681,92.72065514103733,0.9272065514103732
wind3_history_corruption,H-RTA-SupervisedGate,5470,0.1192823909299145,0.1602931949198743,0.1666776981042253,0.0,0.0,0.16226949147419,92.72065514103733,0.9272065514103732
wind3_history_corruption,H-RTA-SupervisedGate,5471,0.1066005776631798,0.1432265378072305,0.1493538888011394,0.0,0.0,0.1622764336460905,92.72065514103733,0.9272065514103732
wind3_history_corruption,H-RTA-SupervisedGate,5472,0.105261536473757,0.1212122643070465,0.1225806511139476,0.0,0.0,0.1627199809959721,92.72065514103733,0.9272065514103732
wind3_history_corruption,H-RTA-SupervisedGate,5473,0.1291434140351766,0.1644780547081522,0.1676572561384524,0.0,0.0,0.1609398076477597,92.72065514103733,0.9272065514103732
wind3_history_corruption,H-RTA-SupervisedGate,5474,0.1207047991809724,0.1448726529134652,0.1691618926072959,0.0,0.0,0.1617347533911536,92.72065514103733,0.9272065514103732
wind3_history_corruption,H-RTA-SupervisedGate,5475,0.1252509023490062,0.1540726646085775,0.1646199020097471,0.0,0.0,0.1622701511766096,92.72065514103733,0.9272065514103732
wind3_history_corruption,H-RTA-SupervisedGate,5476,0.1219761749601693,0.1531722236002433,0.1555747682026888,0.0,0.0,0.1622056420023308,92.72065514103733,0.9272065514103732
wind3_history_corruption,H-RTA-SupervisedGate,5477,0.1288684137433737,0.1738957849478277,0.1758634896534616,0.0,0.0,0.1622742115772782,92.72065514103733,0.9272065514103732
wind3_history_corruption,H-RTA-SupervisedGate,5478,0.1371084862852634,0.1770514496292893,0.1843717793262895,0.0,0.0,0.1615948827495257,92.72065514103733,0.9272065514103732
wind3_history_corruption,H-RTA-SupervisedGate,5479,0.0986654725810535,0.1279932051932195,0.1299771354368033,0.0,0.0,0.1618844207270853,92.72065514103733,0.9272065514103732
wind3_history_corruption,H-RTA-SupervisedGate,5480,0.1268561727291575,0.1783879460652115,0.1819979097770432,0.0,0.0,0.1618338323232644,92.72065514103733,0.9272065514103732
wind3_history_corruption,H-RTA-SupervisedGate,5481,0.1204112603907964,0.1556704842988837,0.1584315213861482,0.0,0.0,0.1616943802239917,92.72065514103733,0.9272065514103732
wind3_history_corruption,H-RTA-SupervisedGate,5482,0.1193781222187508,0.1879181994118251,0.1938466011799861,0.0,0.0,0.1629739000003101,92.72065514103733,0.9272065514103732
wind3_history_corruption,H-RTA-SupervisedGate,5483,0.1088237931737954,0.1641351102578937,0.1729121616575235,0.0,0.0,0.1622364878256195,92.72065514103733,0.9272065514103732
wind3_history_corruption,H-RTA-SupervisedGate,5484,0.1289630558885122,0.183538000521149,0.188459479761949,0.0,0.0,0.1618731109978091,92.72065514103733,0.9272065514103732
wind3_history_corruption,H-RTA-SupervisedGate,5485,0.1069579316142367,0.1275301258989004,0.1320212478891029,0.0,0.0,0.1616325237960475,92.72065514103733,0.9272065514103732
wind3_history_corruption,H-RTA-SupervisedGate,5486,0.1135730904794333,0.1483940456587396,0.1521039703387059,0.0,0.0,0.1624644281730544,92.72065514103733,0.9272065514103732
wind3_history_corruption,H-RTA-SupervisedGate,5487,0.1069449557318378,0.1251133275609219,0.1299982053120959,0.0,0.0,0.1623775600422027,92.72065514103733,0.9272065514103732
wind3_history_corruption,H-RTA-SupervisedGate,5488,0.118965183186864,0.1393529793275543,0.1431145793919088,0.0,0.0,0.1620321901025539,92.72065514103733,0.9272065514103732
wind3_history_corruption,H-RTA-SupervisedGate,5489,0.145114007041666,0.1750444511912123,0.1784873491248063,0.0,0.0,0.1625533397779943,92.72065514103733,0.9272065514103732
wind3_history_corruption,H-RTA-SupervisedGate,5490,0.1171225375994659,0.1477483109111196,0.1547290754531111,0.0,0.0,0.1624053184271567,92.72065514103733,0.9272065514103732
wind3_history_corruption,H-RTA-SupervisedGate,5491,0.1252993072705939,0.1576326734493829,0.1636468039604514,0.0,0.0,0.16260605243716,92.72065514103733,0.9272065514103732
wind3_history_corruption,H-RTA-SupervisedGate,5492,0.1237595949299245,0.1629033126277761,0.1678364341320874,0.0,0.0,0.1628995671661501,92.72065514103733,0.9272065514103732
wind3_history_corruption,H-RTA-SupervisedGate,5493,0.1127151907937621,0.1469554960544235,0.1506074661988656,0.0,0.0,0.1617685172697142,92.72065514103733,0.9272065514103732
wind3_history_corruption,H-RTA-SupervisedGate,5494,0.1139320571125303,0.141541466539473,0.1445619248497732,0.0,0.0,0.1614469669146569,92.72065514103733,0.9272065514103732
wind3_history_corruption,H-RTA-SupervisedGate,5495,0.1419718877114648,0.1618047909682767,0.1660918894815319,0.0,0.0,0.161409939175708,92.72065514103733,0.9272065514103732
wind3_history_corruption,H-RTA-SupervisedGate,5496,0.1206352507600798,0.1679592455713404,0.1788915223876414,0.0,0.0,0.1618158193973768,92.72065514103733,0.9272065514103732
wind3_history_corruption,H-RTA-SupervisedGate,5497,0.1237341098715503,0.156163645950768,0.1593407777870982,0.0,0.0,0.1622472073678142,92.72065514103733,0.9272065514103732
wind3_history_corruption,H-RTA-SupervisedGate,5498,0.1183860330203717,0.1610773038997787,0.1627260394159227,0.0,0.0,0.1621982287360977,92.72065514103733,0.9272065514103732
wind3_history_corruption,H-RTA-SupervisedGate,5499,0.1140192323227946,0.1477676736429013,0.157812665222491,0.0,0.0,0.1612281257334222,92.72065514103733,0.9272065514103732
wind3_combined_faults,CurrentOnly-AE-CeNN-494,5400,0.097144983904712,0.1253438028144392,0.1318420460747237,0.0,0.0,0.16237039312873,0.0,0.0
wind3_combined_faults,CurrentOnly-AE-CeNN-494,5401,0.122626274056265,0.1485739878567097,0.1553373723134152,0.0,0.0,0.1622166144582009,0.0,0.0
wind3_combined_faults,CurrentOnly-AE-CeNN-494,5402,0.1340079775865097,0.1833595578313974,0.1879246776164389,0.0,0.0,0.162473330234309,0.0,0.0
wind3_combined_faults,CurrentOnly-AE-CeNN-494,5403,0.1334585134648583,0.1702922917255026,0.1737855779960927,0.0,0.0,0.1618167004463463,0.0,0.0
wind3_combined_faults,CurrentOnly-AE-CeNN-494,5404,0.139135824851322,0.2117748950660065,0.22221282768834,0.0,0.0,0.1623917798883477,0.0,0.0
wind3_combined_faults,CurrentOnly-AE-CeNN-494,5405,0.1248306237952898,0.158292555176948,0.1668444464529868,0.0,0.0,0.1622229006876424,0.0,0.0
wind3_combined_faults,CurrentOnly-AE-CeNN-494,5406,0.1258208932188882,0.1958686819099687,0.2034218160905009,0.0,0.0,0.1623233687799644,0.0,0.0
wind3_combined_faults,CurrentOnly-AE-CeNN-494,5407,0.1297273732082527,0.1834778896336103,0.192042425566535,0.0,0.0,0.1620695010864384,0.0,0.0
wind3_combined_faults,CurrentOnly-AE-CeNN-494,5408,0.1432728144338962,0.1888425315629625,0.1977265721900651,0.0,0.0,0.1630945972460238,0.0,0.0
wind3_combined_faults,CurrentOnly-AE-CeNN-494,5409,0.1187258200400002,0.1571525949003281,0.1589756940789003,0.0,0.0,0.1631944871172902,0.0,0.0
wind3_combined_faults,CurrentOnly-AE-CeNN-494,5410,0.1174221232989561,0.1416105942082244,0.1473693448454777,0.0,0.0,0.1620298629718137,0.0,0.0
wind3_combined_faults,CurrentOnly-AE-CeNN-494,5411,0.1365033887661808,0.1838564742368258,0.1929484908321742,0.0,0.0,0.1622014772690218,0.0,0.0
wind3_combined_faults,CurrentOnly-AE-CeNN-494,5412,0.1173913341540803,0.1528834507486271,0.1602106795796328,0.0,0.0,0.162654047840413,0.0,0.0
wind3_combined_faults,CurrentOnly-AE-CeNN-494,5413,0.1290197720789742,0.1713154639241444,0.1817507944350999,0.0,0.0,0.1626489891742354,0.0,0.0
wind3_combined_faults,CurrentOnly-AE-CeNN-494,5414,0.1097944387987984,0.1384524353576078,0.1445978093219012,0.0,0.0,0.1629527349456196,0.0,0.0
wind3_combined_faults,CurrentOnly-AE-CeNN-494,5415,0.1173624657081931,0.1500276108676103,0.1573290802117532,0.0,0.0,0.1623180945091914,0.0,0.0
wind3_combined_faults,CurrentOnly-AE-CeNN-494,5416,0.105999213068184,0.124468169717341,0.1280130320403839,0.0,0.0,0.1624757297115781,0.0,0.0
wind3_combined_faults,CurrentOnly-AE-CeNN-494,5417,0.1306525652755315,0.1679339963720497,0.1722224269396278,0.0,0.0,0.1623927419831156,0.0,0.0
wind3_combined_faults,CurrentOnly-AE-CeNN-494,5418,0.1246353234072415,0.1566665165966391,0.163150486289405,0.0,0.0,0.1616219607517508,0.0,0.0
wind3_combined_faults,CurrentOnly-AE-CeNN-494,5419,0.1124365488155468,0.1491057083158087,0.1528308787878301,0.0,0.0,0.1626096847572415,0.0,0.0
wind3_combined_faults,CurrentOnly-AE-CeNN-494,5420,0.1217313805581643,0.1478872785708394,0.1517407946942531,0.0,0.0,0.1634059503733494,0.0,0.0
wind3_combined_faults,CurrentOnly-AE-CeNN-494,5421,0.1352744318513948,0.1845323773601624,0.1889403901722034,0.0,0.0,0.1616386066127848,0.0,0.0
wind3_combined_faults,CurrentOnly-AE-CeNN-494,5422,0.1358710394526045,0.2014293257871663,0.2045499310413752,0.0,0.0,0.1614670354646019,0.0,0.0
wind3_combined_faults,CurrentOnly-AE-CeNN-494,5423,0.1337457602784314,0.1828792865132506,0.187115147674176,0.0,0.0,0.16272118477656,0.0,0.0
wind3_combined_faults,CurrentOnly-AE-CeNN-494,5424,0.1416048427595465,0.1845327108157794,0.1887229724382666,0.0,0.0,0.1620564218304756,0.0,0.0
wind3_combined_faults,CurrentOnly-AE-CeNN-494,5425,0.1290539603255268,0.190527697444152,0.193928154907031,0.0,0.0,0.1625141276256079,0.0,0.0
wind3_combined_faults,CurrentOnly-AE-CeNN-494,5426,0.1299788466278404,0.1708214501930346,0.1771774797954057,0.0,0.0,0.1623487134341448,0.0,0.0
wind3_combined_faults,CurrentOnly-AE-CeNN-494,5427,0.1115592062449526,0.1453032390154447,0.1501570170816469,0.0,0.0,0.1622259657454899,0.0,0.0
wind3_combined_faults,CurrentOnly-AE-CeNN-494,5428,0.1111009067629212,0.1378145644796595,0.1440545147302868,0.0,0.0,0.1620685099293385,0.0,0.0
wind3_combined_faults,CurrentOnly-AE-CeNN-494,5429,0.1193189910695917,0.1475935442832459,0.1520118424947669,0.0,0.0,0.162167784117495,0.0,0.0
wind3_combined_faults,CurrentOnly-AE-CeNN-494,5430,0.110760770840801,0.1274897987949549,0.1311072322994242,0.0,0.0,0.1626952730573921,0.0,0.0
wind3_combined_faults,CurrentOnly-AE-CeNN-494,5431,0.1279490083114,0.1536797846341052,0.1549388891321355,0.0,0.0,0.1629234725577395,0.0,0.0
wind3_combined_faults,CurrentOnly-AE-CeNN-494,5432,0.1170147342905717,0.1481165645917955,0.150463138268819,0.0,0.0,0.1609560339013983,0.0,0.0
wind3_combined_faults,CurrentOnly-AE-CeNN-494,5433,0.1322202256209285,0.1658178362622274,0.1706338943109873,0.0,0.0,0.1615848259341313,0.0,0.0
wind3_combined_faults,CurrentOnly-AE-CeNN-494,5434,0.1230005021735413,0.1631314024003998,0.1699708136352141,0.0,0.0,0.1624246959166976,0.0,0.0
wind3_combined_faults,CurrentOnly-AE-CeNN-494,5435,0.1125906042251807,0.1270908284661344,0.1303088766388678,0.0,0.0,0.1624767817478944,0.0,0.0
wind3_combined_faults,CurrentOnly-AE-CeNN-494,5436,0.1067204070441957,0.1396198408323568,0.14275073512531,0.0,0.0,0.1618632465531796,0.0,0.0
wind3_combined_faults,CurrentOnly-AE-CeNN-494,5437,0.1184267246807562,0.1580446652538886,0.1670950730868342,0.0,0.0,0.1631334979707203,0.0,0.0
wind3_combined_faults,CurrentOnly-AE-CeNN-494,5438,0.1362970188863462,0.1899539950212718,0.1945474536763112,0.0,0.0,0.1621365638881116,0.0,0.0
wind3_combined_faults,CurrentOnly-AE-CeNN-494,5439,0.1142475810137732,0.1450175846160504,0.154073741357603,0.0,0.0,0.1626610110530088,0.0,0.0
wind3_combined_faults,CurrentOnly-AE-CeNN-494,5440,0.1026636678146842,0.1509080613563205,0.1552786720618721,0.0,0.0,0.1621717780907649,0.0,0.0
wind3_combined_faults,CurrentOnly-AE-CeNN-494,5441,0.1223283992540876,0.1494249656978081,0.1510918032787078,0.0,0.0,0.162228507152847,0.0,0.0
wind3_combined_faults,CurrentOnly-AE-CeNN-494,5442,0.1123290359392382,0.1309181194412292,0.1383711200866569,0.0,0.0,0.1618981780286157,0.0,0.0
wind3_combined_faults,CurrentOnly-AE-CeNN-494,5443,0.1000747291008061,0.1218084574297355,0.1258436697819843,0.0,0.0,0.1628638620875399,0.0,0.0
wind3_combined_faults,CurrentOnly-AE-CeNN-494,5444,0.1276468923771627,0.1537075008094999,0.1570413333422041,0.0,0.0,0.163242678916197,0.0,0.0
wind3_combined_faults,CurrentOnly-AE-CeNN-494,5445,0.1090635502398449,0.1381941245099438,0.1495636026844596,0.0,0.0,0.1623343182555873,0.0,0.0
wind3_combined_faults,CurrentOnly-AE-CeNN-494,5446,0.1332163980480436,0.1601763493610571,0.1655681156889391,0.0,0.0,0.1618896670706207,0.0,0.0
wind3_combined_faults,CurrentOnly-AE-CeNN-494,5447,0.1233356265413752,0.1615520985784125,0.168137790935577,0.0,0.0,0.1618952833766843,0.0,0.0
wind3_combined_faults,CurrentOnly-AE-CeNN-494,5448,0.0984993243463662,0.1185275736593447,0.1227672552446848,0.0,0.0,0.161640851132359,0.0,0.0
wind3_combined_faults,CurrentOnly-AE-CeNN-494,5449,0.131021745820997,0.2025424494714054,0.2086206072101082,0.0,0.0,0.1627241910873373,0.0,0.0
wind3_combined_faults,CurrentOnly-AE-CeNN-494,5450,0.09498128320111,0.1177032533867757,0.1210165068823824,0.0,0.0,0.1621049615557586,0.0,0.0
wind3_combined_faults,CurrentOnly-AE-CeNN-494,5451,0.127530011509116,0.1564777223381584,0.1598802174644339,0.0,0.0,0.1621252216452115,0.0,0.0
wind3_combined_faults,CurrentOnly-AE-CeNN-494,5452,0.1137206837660721,0.13195737578456,0.1383066470062081,0.0,0.0,0.16278603299826,0.0,0.0
wind3_combined_faults,CurrentOnly-AE-CeNN-494,5453,0.1345299083465144,0.1889767884572959,0.1929599700957879,0.0,0.0,0.1623745229909506,0.0,0.0
wind3_combined_faults,CurrentOnly-AE-CeNN-494,5454,0.1130782591901189,0.1394830120764507,0.1430758808203137,0.0,0.0,0.1620271750119804,0.0,0.0
wind3_combined_faults,CurrentOnly-AE-CeNN-494,5455,0.1006250197608995,0.1276559293605556,0.1330264639963367,0.0,0.0,0.1626623637569638,0.0,0.0
wind3_combined_faults,CurrentOnly-AE-CeNN-494,5456,0.1246073021330029,0.166152876813197,0.16784076376652,0.0,0.0,0.1627325709223336,0.0,0.0
wind3_combined_faults,CurrentOnly-AE-CeNN-494,5457,0.1247562489078377,0.1526162269724901,0.1617105178227871,0.0,0.0,0.1627548507211952,0.0,0.0
wind3_combined_faults,CurrentOnly-AE-CeNN-494,5458,0.1341369042913383,0.1656137910406385,0.1690640015782023,0.0,0.0,0.1611020944183642,0.0,0.0
wind3_combined_faults,CurrentOnly-AE-CeNN-494,5459,0.1247191091085705,0.1550924102269064,0.1578408529548585,0.0,0.0,0.161693639107119,0.0,0.0
wind3_combined_faults,CurrentOnly-AE-CeNN-494,5460,0.1220667268582673,0.1488958297793155,0.1522158124385642,0.0,0.0,0.1617288228708351,0.0,0.0
wind3_combined_faults,CurrentOnly-AE-CeNN-494,5461,0.1383924541429652,0.174136134002468,0.1794985674407142,0.0,0.0,0.1634498094001473,0.0,0.0
wind3_combined_faults,CurrentOnly-AE-CeNN-494,5462,0.1327321139068517,0.1667635235715331,0.1690048124370549,0.0,0.0,0.1619956472693607,0.0,0.0
wind3_combined_faults,CurrentOnly-AE-CeNN-494,5463,0.1372699692394874,0.2009083986096292,0.2086824272344186,0.0,0.0,0.1618316050522091,0.0,0.0
wind3_combined_faults,CurrentOnly-AE-CeNN-494,5464,0.1173700575075545,0.1588779397365344,0.1634140078252605,0.0,0.0,0.1625438306773713,0.0,0.0
wind3_combined_faults,CurrentOnly-AE-CeNN-494,5465,0.1240833357927352,0.161009664835507,0.1630125221348557,0.0,0.0,0.1623259252359607,0.0,0.0
wind3_combined_faults,CurrentOnly-AE-CeNN-494,5466,0.1227357672961167,0.1640412439142031,0.1668730987421546,0.0,0.0,0.1616802505856016,0.0,0.0
wind3_combined_faults,CurrentOnly-AE-CeNN-494,5467,0.1378299577543894,0.165870144873431,0.169185915469787,0.0,0.0,0.1627089854930349,0.0,0.0
wind3_combined_faults,CurrentOnly-AE-CeNN-494,5468,0.1222043890446323,0.1664359912740569,0.174167140920385,0.0,0.0,0.1627785882712594,0.0,0.0
wind3_combined_faults,CurrentOnly-AE-CeNN-494,5469,0.1101099304640528,0.1390595875633744,0.1450397247980488,0.0,0.0,0.1617435109980849,0.0,0.0
wind3_combined_faults,CurrentOnly-AE-CeNN-494,5470,0.1212225419110332,0.1612706924085516,0.1699681741667136,0.0,0.0,0.162293285641157,0.0,0.0
wind3_combined_faults,CurrentOnly-AE-CeNN-494,5471,0.1096227083384964,0.1477132733775437,0.1540965913447184,0.0,0.0,0.1622822520737389,0.0,0.0
wind3_combined_faults,CurrentOnly-AE-CeNN-494,5472,0.1065636101062254,0.1229146824511308,0.1239402618381204,0.0,0.0,0.1627140853507775,0.0,0.0
wind3_combined_faults,CurrentOnly-AE-CeNN-494,5473,0.1310080940061784,0.1670760735919842,0.1693677364758999,0.0,0.0,0.161005041669862,0.0,0.0
wind3_combined_faults,CurrentOnly-AE-CeNN-494,5474,0.1228238319933019,0.1480650420681737,0.1710500222357428,0.0,0.0,0.161767567993886,0.0,0.0
wind3_combined_faults,CurrentOnly-AE-CeNN-494,5475,0.126974616630016,0.1557974761552182,0.1655357179902474,0.0,0.0,0.1623807747763624,0.0,0.0
wind3_combined_faults,CurrentOnly-AE-CeNN-494,5476,0.1231758409843506,0.1557229190043659,0.1583045819559619,0.0,0.0,0.1622115537808556,0.0,0.0
wind3_combined_faults,CurrentOnly-AE-CeNN-494,5477,0.129767301335299,0.1747207272907378,0.1766149281199096,0.0,0.0,0.1622790717876566,0.0,0.0
wind3_combined_faults,CurrentOnly-AE-CeNN-494,5478,0.1380748595602562,0.1778844747524186,0.1852239456459866,0.0,0.0,0.1616292981175894,0.0,0.0
wind3_combined_faults,CurrentOnly-AE-CeNN-494,5479,0.1013303824719343,0.1292913970563916,0.1312780410109046,0.0,0.0,0.1619388880970218,0.0,0.0
wind3_combined_faults,CurrentOnly-AE-CeNN-494,5480,0.1289390998591253,0.178773371114037,0.1823336380294476,0.0,0.0,0.1618722606852588,0.0,0.0
wind3_combined_faults,CurrentOnly-AE-CeNN-494,5481,0.1223517465518256,0.1600483003945862,0.1644079758691039,0.0,0.0,0.1616969566609082,0.0,0.0
wind3_combined_faults,CurrentOnly-AE-CeNN-494,5482,0.1210107073899464,0.187914400194352,0.1937942950750694,0.0,0.0,0.1629870367987319,0.0,0.0
wind3_combined_faults,CurrentOnly-AE-CeNN-494,5483,0.109993735178662,0.1673293060515025,0.17652288445508,0.0,0.0,0.1622703490135261,0.0,0.0
wind3_combined_faults,CurrentOnly-AE-CeNN-494,5484,0.1312157009823482,0.1841101296538586,0.189036378865283,0.0,0.0,0.1618956334116715,0.0,0.0
wind3_combined_faults,CurrentOnly-AE-CeNN-494,5485,0.108795968579723,0.128687944628002,0.1343440118888679,0.0,0.0,0.1616859233329895,0.0,0.0
wind3_combined_faults,CurrentOnly-AE-CeNN-494,5486,0.1164409883261728,0.1524043980061296,0.1583812292224126,0.0,0.0,0.1625183213688343,0.0,0.0
wind3_combined_faults,CurrentOnly-AE-CeNN-494,5487,0.1088018516814141,0.1310594561924587,0.1345236212462311,0.0,0.0,0.1623823671216084,0.0,0.0
wind3_combined_faults,CurrentOnly-AE-CeNN-494,5488,0.1214109738217475,0.1437067384737555,0.1459133262301679,0.0,0.0,0.1620680747275977,0.0,0.0
wind3_combined_faults,CurrentOnly-AE-CeNN-494,5489,0.1466871079557565,0.175202565297056,0.178635279408813,0.0,0.0,0.1626044686668449,0.0,0.0
wind3_combined_faults,CurrentOnly-AE-CeNN-494,5490,0.1185735417976723,0.1482917018898719,0.1552340159084185,0.0,0.0,0.1624611314940822,0.0,0.0
wind3_combined_faults,CurrentOnly-AE-CeNN-494,5491,0.1267073722194363,0.1578209075559628,0.1637482482034473,0.0,0.0,0.1626048255011831,0.0,0.0
wind3_combined_faults,CurrentOnly-AE-CeNN-494,5492,0.1246830631836096,0.1629496605111504,0.1678715424250245,0.0,0.0,0.162896322859369,0.0,0.0
wind3_combined_faults,CurrentOnly-AE-CeNN-494,5493,0.11364929870001,0.1496909033975698,0.1555666552069116,0.0,0.0,0.1617816045807731,0.0,0.0
wind3_combined_faults,CurrentOnly-AE-CeNN-494,5494,0.1155361254998478,0.14186804435386,0.1449199043177803,0.0,0.0,0.16145932279206,0.0,0.0
wind3_combined_faults,CurrentOnly-AE-CeNN-494,5495,0.1441019852085857,0.1664560407550521,0.1739564456005815,0.0,0.0,0.1614353609040989,0.0,0.0
wind3_combined_faults,CurrentOnly-AE-CeNN-494,5496,0.1226521118851348,0.1699590424381805,0.1807041103035723,0.0,0.0,0.1618637157473779,0.0,0.0
wind3_combined_faults,CurrentOnly-AE-CeNN-494,5497,0.1241532935638828,0.1566097610954107,0.1597076756643329,0.0,0.0,0.1622703952906508,0.0,0.0
wind3_combined_faults,CurrentOnly-AE-CeNN-494,5498,0.1203141536158097,0.16228950012399,0.1673309278833011,0.0,0.0,0.162235139199161,0.0,0.0
wind3_combined_faults,CurrentOnly-AE-CeNN-494,5499,0.1159792316130984,0.1490490633754884,0.1590781917546516,0.0,0.0,0.1612819414908091,0.0,0.0
wind3_combined_faults,G-DetectorGate-noRTA,5400,0.0964852615872011,0.1248718837874892,0.1314355105024698,0.0,0.0,0.1623687730832647,100.0,1.0
wind3_combined_faults,G-DetectorGate-noRTA,5401,0.1221096090032541,0.1478830913786133,0.1545837110231404,0.0,0.0,0.1622140949574435,100.0,1.0
wind3_combined_faults,G-DetectorGate-noRTA,5402,0.1335307166406923,0.182762107278768,0.1873937002356192,0.0,0.0,0.1624730782369033,100.0,1.0
wind3_combined_faults,G-DetectorGate-noRTA,5403,0.1329287873133213,0.1695927551244672,0.173093300831138,0.0,0.0,0.1618158987170251,100.0,1.0
wind3_combined_faults,G-DetectorGate-noRTA,5404,0.1387300219975429,0.2113476208698676,0.221755579386096,0.0,0.0,0.1623907139635265,100.0,1.0
wind3_combined_faults,G-DetectorGate-noRTA,5405,0.1237900536647276,0.157687258495711,0.1658457372993863,0.0,0.0,0.1622208415671483,100.0,1.0
wind3_combined_faults,G-DetectorGate-noRTA,5406,0.1251911212457342,0.1956896784781716,0.2032370912657694,0.0,0.0,0.1623217214907202,100.0,1.0
wind3_combined_faults,G-DetectorGate-noRTA,5407,0.1291677863458469,0.1829191337023155,0.1915081468139442,0.0,0.0,0.1620682474903558,100.0,1.0
wind3_combined_faults,G-DetectorGate-noRTA,5408,0.1429740427724729,0.1885390558917837,0.1974590155843785,0.0,0.0,0.1630929210478657,100.0,1.0
wind3_combined_faults,G-DetectorGate-noRTA,5409,0.1179034571804406,0.1562438968737205,0.1581157251476487,0.0,0.0,0.1631927283713686,100.0,1.0
wind3_combined_faults,G-DetectorGate-noRTA,5410,0.1167361010579082,0.1408573448655911,0.146653424622063,0.0,0.0,0.1620285901231423,100.0,1.0
wind3_combined_faults,G-DetectorGate-noRTA,5411,0.1360829462869464,0.1834677548052527,0.1924910050634574,0.0,0.0,0.1621991771492083,100.0,1.0
wind3_combined_faults,G-DetectorGate-noRTA,5412,0.1168306498648351,0.1526450804933633,0.1598951170567228,0.0,0.0,0.1626531926198313,100.0,1.0
wind3_combined_faults,G-DetectorGate-noRTA,5413,0.1283965116121023,0.1705915741116886,0.1811093613404447,0.0,0.0,0.1626477428495486,100.0,1.0
wind3_combined_faults,G-DetectorGate-noRTA,5414,0.1088524090452032,0.1373933789764745,0.1438067571450517,0.0,0.0,0.1629512590242226,100.0,1.0
wind3_combined_faults,G-DetectorGate-noRTA,5415,0.1168503369229784,0.1494115981371298,0.1566955906536262,0.0,0.0,0.16231695684464,100.0,1.0
wind3_combined_faults,G-DetectorGate-noRTA,5416,0.1053459858756825,0.1233752512065035,0.1269700292248365,0.0,0.0,0.1624740937310203,100.0,1.0
wind3_combined_faults,G-DetectorGate-noRTA,5417,0.1300731931421754,0.1677555638404514,0.1718355056196883,0.0,0.0,0.1623906740595886,100.0,1.0
wind3_combined_faults,G-DetectorGate-noRTA,5418,0.1238901713540993,0.1553674363156685,0.1618390056844458,0.0,0.0,0.161620535957434,100.0,1.0
wind3_combined_faults,G-DetectorGate-noRTA,5419,0.1114464579949053,0.1478179365083807,0.151575769520521,0.0,0.0,0.1626064599504347,100.0,1.0
wind3_combined_faults,G-DetectorGate-noRTA,5420,0.1211986348572592,0.147306773559299,0.1511345656898388,0.0,0.0,0.1634048702356391,100.0,1.0
wind3_combined_faults,G-DetectorGate-noRTA,5421,0.1343865469403277,0.1838318196078038,0.1882004525474211,0.0,0.0,0.161635612037673,100.0,1.0
wind3_combined_faults,G-DetectorGate-noRTA,5422,0.1351483163050059,0.2006945554497009,0.203875501134139,0.0,0.0,0.1614672728807135,100.0,1.0
wind3_combined_faults,G-DetectorGate-noRTA,5423,0.1326634894908982,0.1816167306873422,0.185892659673977,0.0,0.0,0.1627185650818887,100.0,1.0
wind3_combined_faults,G-DetectorGate-noRTA,5424,0.1411770517733648,0.1838444950809423,0.1883291726561244,0.0,0.0,0.1620554340217259,100.0,1.0
wind3_combined_faults,G-DetectorGate-noRTA,5425,0.1286134594855896,0.1900584077902047,0.1935382238769061,0.0,0.0,0.1625119827547933,100.0,1.0
wind3_combined_faults,G-DetectorGate-noRTA,5426,0.1297284904465059,0.1706849266701147,0.1769317069763339,0.0,0.0,0.1623466670275924,100.0,1.0
wind3_combined_faults,G-DetectorGate-noRTA,5427,0.1108689642466074,0.1442727853951503,0.1490858138772372,0.0,0.0,0.1622247109387502,100.0,1.0
wind3_combined_faults,G-DetectorGate-noRTA,5428,0.1106642010335301,0.1372400257347233,0.1434655888096798,0.0,0.0,0.1620685847909274,100.0,1.0
wind3_combined_faults,G-DetectorGate-noRTA,5429,0.1190771733752861,0.1476709747259631,0.1521436886500874,0.0,0.0,0.1621668477207508,100.0,1.0
wind3_combined_faults,G-DetectorGate-noRTA,5430,0.1103942261075488,0.1269837326879135,0.1305138210558036,0.0,0.0,0.1626928999139236,100.0,1.0
wind3_combined_faults,G-DetectorGate-noRTA,5431,0.127092535732969,0.1527592867514489,0.1539804810761681,0.0,0.0,0.1629218078807695,100.0,1.0
wind3_combined_faults,G-DetectorGate-noRTA,5432,0.1165035377399101,0.1476705199667907,0.1499732326068133,0.0,0.0,0.1609569313986558,100.0,1.0
wind3_combined_faults,G-DetectorGate-noRTA,5433,0.1316666847854533,0.1651494914834254,0.1700051621088105,0.0,0.0,0.1615837667048398,100.0,1.0
wind3_combined_faults,G-DetectorGate-noRTA,5434,0.1220675418703735,0.1621061601712447,0.1689810271062357,0.0,0.0,0.1624220306129734,100.0,1.0
wind3_combined_faults,G-DetectorGate-noRTA,5435,0.1114117936548713,0.1260865511152286,0.1293496948405675,0.0,0.0,0.1624751435951364,100.0,1.0
wind3_combined_faults,G-DetectorGate-noRTA,5436,0.1062172245310626,0.1392118289572294,0.142635080486502,0.0,0.0,0.1618615843613242,100.0,1.0
wind3_combined_faults,G-DetectorGate-noRTA,5437,0.1178123589715179,0.1577367670891421,0.1668223947642141,0.0,0.0,0.1631307229209261,100.0,1.0
wind3_combined_faults,G-DetectorGate-noRTA,5438,0.1354940749362418,0.1892056413390863,0.1937529309775523,0.0,0.0,0.162135145738961,100.0,1.0
wind3_combined_faults,G-DetectorGate-noRTA,5439,0.1135127851917033,0.1438248202083388,0.1528112274002058,0.0,0.0,0.162659432029123,100.0,1.0
wind3_combined_faults,G-DetectorGate-noRTA,5440,0.1019160101163711,0.1499528620795565,0.1543786202801396,0.0,0.0,0.1621709501543799,100.0,1.0
wind3_combined_faults,G-DetectorGate-noRTA,5441,0.1216700646256236,0.1492449196652418,0.1510644795970941,0.0,0.0,0.1622260041368878,100.0,1.0
wind3_combined_faults,G-DetectorGate-noRTA,5442,0.1112612136801741,0.1300164759610037,0.1375618582439305,0.0,0.0,0.1618973713658735,100.0,1.0
wind3_combined_faults,G-DetectorGate-noRTA,5443,0.0997233999593097,0.1215236899231957,0.125429274909863,0.0,0.0,0.162862365464059,100.0,1.0
wind3_combined_faults,G-DetectorGate-noRTA,5444,0.1271217670190108,0.1533438712762371,0.1566919228583753,0.0,0.0,0.1632379494593257,100.0,1.0
wind3_combined_faults,G-DetectorGate-noRTA,5445,0.1084699950847113,0.1380364334817066,0.1493474252329376,0.0,0.0,0.1623331385942347,100.0,1.0
wind3_combined_faults,G-DetectorGate-noRTA,5446,0.1321227238027335,0.1590505985051465,0.1644857585395437,0.0,0.0,0.1618868686809154,100.0,1.0
wind3_combined_faults,G-DetectorGate-noRTA,5447,0.1227989877454602,0.1609799557889253,0.1675573756074983,0.0,0.0,0.1618953138833518,100.0,1.0
wind3_combined_faults,G-DetectorGate-noRTA,5448,0.0977912678259598,0.1176656220257297,0.1219521392985525,0.0,0.0,0.1616403214299495,100.0,1.0
wind3_combined_faults,G-DetectorGate-noRTA,5449,0.1307448793744844,0.2021645443509794,0.2082509505202542,0.0,0.0,0.1627228337710065,100.0,1.0
wind3_combined_faults,G-DetectorGate-noRTA,5450,0.094302236372425,0.1166863575803165,0.120019159304992,0.0,0.0,0.1621028383597426,100.0,1.0
wind3_combined_faults,G-DetectorGate-noRTA,5451,0.1267829871032477,0.1556834777750939,0.1592251288643854,0.0,0.0,0.1621229944342994,100.0,1.0
wind3_combined_faults,G-DetectorGate-noRTA,5452,0.1127274710880523,0.1310609203279606,0.1378186756480852,0.0,0.0,0.1627831125126626,100.0,1.0
wind3_combined_faults,G-DetectorGate-noRTA,5453,0.133957828753104,0.18891743365725,0.1929046251347452,0.0,0.0,0.1623739011961862,100.0,1.0
wind3_combined_faults,G-DetectorGate-noRTA,5454,0.1127385520465283,0.1390729336810421,0.1426156323651342,0.0,0.0,0.16202603203476,100.0,1.0
wind3_combined_faults,G-DetectorGate-noRTA,5455,0.1000551337273333,0.1273363635236008,0.1326864400331309,0.0,0.0,0.1626598552260586,100.0,1.0
wind3_combined_faults,G-DetectorGate-noRTA,5456,0.1236887944156665,0.165107949084069,0.1668728019740128,0.0,0.0,0.1627289724723366,100.0,1.0
wind3_combined_faults,G-DetectorGate-noRTA,5457,0.1240366901718716,0.1524193355638468,0.1613295199417729,0.0,0.0,0.1627528067365312,100.0,1.0
wind3_combined_faults,G-DetectorGate-noRTA,5458,0.1334928543020777,0.1650099271314986,0.1684023853183837,0.0,0.0,0.1611014338153092,100.0,1.0
wind3_combined_faults,G-DetectorGate-noRTA,5459,0.1241886046376359,0.1545698194013916,0.157092822634401,0.0,0.0,0.1616920920929421,100.0,1.0
wind3_combined_faults,G-DetectorGate-noRTA,5460,0.1216416381599522,0.1482050887452066,0.1516460938651608,0.0,0.0,0.1617279324203931,100.0,1.0
wind3_combined_faults,G-DetectorGate-noRTA,5461,0.1378863781911871,0.1737342790908297,0.179092938554298,0.0,0.0,0.1634461981745656,100.0,1.0
wind3_combined_faults,G-DetectorGate-noRTA,5462,0.132305629204671,0.1663959584202389,0.1688974436293913,0.0,0.0,0.1619938415962554,100.0,1.0
wind3_combined_faults,G-DetectorGate-noRTA,5463,0.1369541626385272,0.2007435522859928,0.2085991552007204,0.0,0.0,0.1618309077406727,100.0,1.0
wind3_combined_faults,G-DetectorGate-noRTA,5464,0.1167418285016507,0.1582682430141579,0.1628077456615886,0.0,0.0,0.1625408866248755,100.0,1.0
wind3_combined_faults,G-DetectorGate-noRTA,5465,0.1234484228939791,0.1600212137106338,0.1618691086414272,0.0,0.0,0.1623235011925512,100.0,1.0
wind3_combined_faults,G-DetectorGate-noRTA,5466,0.122059571037951,0.1633583225766056,0.1662668109729965,0.0,0.0,0.1616792235855543,100.0,1.0
wind3_combined_faults,G-DetectorGate-noRTA,5467,0.137472013070938,0.1654135421768385,0.1687620849217069,0.0,0.0,0.1627076299720273,100.0,1.0
wind3_combined_faults,G-DetectorGate-noRTA,5468,0.1213803594917031,0.1656197017296423,0.1734753214671369,0.0,0.0,0.1627764253679258,100.0,1.0
wind3_combined_faults,G-DetectorGate-noRTA,5469,0.1094997300724502,0.138331555526341,0.1441518510598863,0.0,0.0,0.1617420598740361,100.0,1.0
wind3_combined_faults,G-DetectorGate-noRTA,5470,0.1204496050698476,0.160535667950708,0.1693373882848376,0.0,0.0,0.1622912193181896,100.0,1.0
wind3_combined_faults,G-DetectorGate-noRTA,5471,0.1086842303052911,0.1468544126184641,0.1532955459266842,0.0,0.0,0.1622810150066782,100.0,1.0
wind3_combined_faults,G-DetectorGate-noRTA,5472,0.1056542744368694,0.1220749832655785,0.1230155833578544,0.0,0.0,0.1627122935941738,100.0,1.0
wind3_combined_faults,G-DetectorGate-noRTA,5473,0.1305249926137254,0.1665418717989463,0.1688436602427324,0.0,0.0,0.1610060165625137,100.0,1.0
wind3_combined_faults,G-DetectorGate-noRTA,5474,0.1219306449951611,0.1469677483995291,0.169774765278982,0.0,0.0,0.1617661163018725,100.0,1.0
wind3_combined_faults,G-DetectorGate-noRTA,5475,0.1265872909148933,0.1554076664325749,0.1650115178091126,0.0,0.0,0.1623801159678743,100.0,1.0
wind3_combined_faults,G-DetectorGate-noRTA,5476,0.1228135500590632,0.1553587107587975,0.1579600750672715,0.0,0.0,0.1622080291848986,100.0,1.0
wind3_combined_faults,G-DetectorGate-noRTA,5477,0.1292615941459864,0.1741760358270459,0.1759677778978976,0.0,0.0,0.1622775107450901,100.0,1.0
wind3_combined_faults,G-DetectorGate-noRTA,5478,0.1376007657079153,0.1770489656756085,0.1843430637319804,0.0,0.0,0.1616286732999587,100.0,1.0
wind3_combined_faults,G-DetectorGate-noRTA,5479,0.1001397176711005,0.1280067066079994,0.1300029707148901,0.0,0.0,0.1619390022708783,100.0,1.0
wind3_combined_faults,G-DetectorGate-noRTA,5480,0.1284202467574201,0.1782236253960635,0.1817734853389243,0.0,0.0,0.1618716990512883,100.0,1.0
wind3_combined_faults,G-DetectorGate-noRTA,5481,0.12150550747514,0.159311146306989,0.163661455900284,0.0,0.0,0.161694789685743,100.0,1.0
wind3_combined_faults,G-DetectorGate-noRTA,5482,0.1203891107521068,0.1878927970143231,0.1937053505820792,0.0,0.0,0.1629846025123327,100.0,1.0
wind3_combined_faults,G-DetectorGate-noRTA,5483,0.1093856089793995,0.167094199052463,0.1762336677912617,0.0,0.0,0.1622697753242092,100.0,1.0
wind3_combined_faults,G-DetectorGate-noRTA,5484,0.1303546274455074,0.183406971136486,0.1882971690039993,0.0,0.0,0.1618946173674126,100.0,1.0
wind3_combined_faults,G-DetectorGate-noRTA,5485,0.1080293986152769,0.1276867117551401,0.1333192829901872,0.0,0.0,0.1616857977748436,100.0,1.0
wind3_combined_faults,G-DetectorGate-noRTA,5486,0.1160511060070319,0.152037403081122,0.1579764572177482,0.0,0.0,0.162515523894108,100.0,1.0
wind3_combined_faults,G-DetectorGate-noRTA,5487,0.1082367416963418,0.1305779658765356,0.1340002129762565,0.0,0.0,0.1623803351943563,100.0,1.0
wind3_combined_faults,G-DetectorGate-noRTA,5488,0.1207493100240473,0.1428678185010702,0.1450181361004863,0.0,0.0,0.1620672893827504,100.0,1.0
wind3_combined_faults,G-DetectorGate-noRTA,5489,0.1462423778922311,0.1750461045205214,0.1784900782100783,0.0,0.0,0.1626011333849331,100.0,1.0
wind3_combined_faults,G-DetectorGate-noRTA,5490,0.1177875511227262,0.1474564912985268,0.1543852070455928,0.0,0.0,0.1624595895971612,100.0,1.0
wind3_combined_faults,G-DetectorGate-noRTA,5491,0.1262451172193126,0.1576814861575665,0.1636284903097714,0.0,0.0,0.1626027061366146,100.0,1.0
wind3_combined_faults,G-DetectorGate-noRTA,5492,0.1241416087917679,0.1630532437309692,0.167816813326657,0.0,0.0,0.162893474845944,100.0,1.0
wind3_combined_faults,G-DetectorGate-noRTA,5493,0.1130164627356913,0.1488436480923093,0.1549017482269865,0.0,0.0,0.1617815690755147,100.0,1.0
wind3_combined_faults,G-DetectorGate-noRTA,5494,0.1152574954434638,0.1416420603875099,0.144686574610843,0.0,0.0,0.1614611250549631,100.0,1.0
wind3_combined_faults,G-DetectorGate-noRTA,5495,0.1433141001777251,0.1655658656377086,0.1730368087366582,0.0,0.0,0.1614342937919117,100.0,1.0
wind3_combined_faults,G-DetectorGate-noRTA,5496,0.1217719969134906,0.1689079485706507,0.179626749123115,0.0,0.0,0.1618616268578691,100.0,1.0
wind3_combined_faults,G-DetectorGate-noRTA,5497,0.1239241289484274,0.1562444893594115,0.1594064523184768,0.0,0.0,0.1622700014290241,100.0,1.0
wind3_combined_faults,G-DetectorGate-noRTA,5498,0.1196057286892993,0.1617667920192646,0.1665771511773811,0.0,0.0,0.1622359455450425,100.0,1.0
wind3_combined_faults,G-DetectorGate-noRTA,5499,0.1151273448650053,0.1480155681549915,0.1580631745742923,0.0,0.0,0.1612800181715472,100.0,1.0
wind3_combined_faults,H-RTA-SupervisedGate,5400,0.0965823003051895,0.125134502856093,0.1316190986527826,0.0,0.0,0.1623692933412217,87.07916287534123,0.8707916287534122
wind3_combined_faults,H-RTA-SupervisedGate,5401,0.122206487656701,0.1480656915254759,0.1548499440611088,0.0,0.0,0.1622148537904969,87.62511373976342,0.8762511373976342
wind3_combined_faults,H-RTA-SupervisedGate,5402,0.1335864301116525,0.1827551700065146,0.1873839699658227,0.0,0.0,0.1624715294056897,86.89717925386715,0.8689717925386715
wind3_combined_faults,H-RTA-SupervisedGate,5403,0.1329692227740351,0.1695927295660552,0.1731806540812251,0.0,0.0,0.1618160338703991,87.53412192902638,0.8753412192902639
wind3_combined_faults,H-RTA-SupervisedGate,5404,0.1388197210264856,0.2113897641519316,0.2218085341384442,0.0,0.0,0.1623907568309076,87.35213830755232,0.8735213830755232
wind3_combined_faults,H-RTA-SupervisedGate,5405,0.123870443352836,0.1576898482523892,0.1658904228708275,0.0,0.0,0.1622209383781011,87.17015468607825,0.8717015468607825
wind3_combined_faults,H-RTA-SupervisedGate,5406,0.1253023598770264,0.1958246779234309,0.2032919574579984,0.0,0.0,0.1623214438146789,87.80709736123748,0.8780709736123748
wind3_combined_faults,H-RTA-SupervisedGate,5407,0.1291860301775541,0.1829562364315168,0.1915276673601064,0.0,0.0,0.1620672532838983,86.71519563239308,0.8671519563239308
wind3_combined_faults,H-RTA-SupervisedGate,5408,0.1430488269765862,0.1885394849219037,0.1974576780807142,0.0,0.0,0.1630925231695765,87.17015468607825,0.8717015468607825
wind3_combined_faults,H-RTA-SupervisedGate,5409,0.1180346432213233,0.1562546944258187,0.1581463675074676,0.0,0.0,0.1631921550837803,87.53412192902638,0.8753412192902639
wind3_combined_faults,H-RTA-SupervisedGate,5410,0.1168234456562462,0.1408705050925524,0.1466609980545461,0.0,0.0,0.1620281063356782,86.98817106460417,0.8698817106460418
wind3_combined_faults,H-RTA-SupervisedGate,5411,0.1360870295758999,0.1834269342903007,0.1924918804826272,0.0,0.0,0.1622003118824682,87.62511373976342,0.8762511373976342
wind3_combined_faults,H-RTA-SupervisedGate,5412,0.1169594612676854,0.1526548069563123,0.1599259602329532,0.0,0.0,0.1626528517722668,88.53503184713377,0.8853503184713376
wind3_combined_faults,H-RTA-SupervisedGate,5413,0.1284513906171457,0.170600005262467,0.1811139369015885,0.0,0.0,0.1626475862010862,87.62511373976342,0.8762511373976342
wind3_combined_faults,H-RTA-SupervisedGate,5414,0.1089899150295609,0.1376139559321776,0.1438039789645185,0.0,0.0,0.1629508427226361,86.98817106460417,0.8698817106460418
wind3_combined_faults,H-RTA-SupervisedGate,5415,0.1169030195316914,0.1494564472156523,0.1568090524843234,0.0,0.0,0.1623166991540973,87.53412192902638,0.8753412192902639
wind3_combined_faults,H-RTA-SupervisedGate,5416,0.105441839657069,0.12362639220942,0.1269700411524479,0.0,0.0,0.1624738279559809,87.53412192902638,0.8753412192902639
wind3_combined_faults,H-RTA-SupervisedGate,5417,0.1300882055930815,0.1675916464056503,0.171835498866934,0.0,0.0,0.1623923140988512,87.80709736123748,0.8780709736123748
wind3_combined_faults,H-RTA-SupervisedGate,5418,0.123957939488257,0.1553684653432864,0.1618356999897051,0.0,0.0,0.161621431428978,87.98908098271156,0.8798908098271155
wind3_combined_faults,H-RTA-SupervisedGate,5419,0.1115708470392768,0.1478836530730237,0.1515944928690967,0.0,0.0,0.1626066260969313,87.62511373976342,0.8762511373976342
wind3_combined_faults,H-RTA-SupervisedGate,5420,0.121293057733694,0.1473059411525054,0.1511320832576515,0.0,0.0,0.1634055115254794,86.98817106460417,0.8698817106460418
wind3_combined_faults,H-RTA-SupervisedGate,5421,0.1344355848121114,0.1838061496959459,0.188171741022708,0.0,0.0,0.1616370342523924,87.44313011828936,0.8744313011828936
wind3_combined_faults,H-RTA-SupervisedGate,5422,0.1352342508782762,0.2008691047823678,0.2040972950156284,0.0,0.0,0.1614667055855477,87.62511373976342,0.8762511373976342
wind3_combined_faults,H-RTA-SupervisedGate,5423,0.1327889517009776,0.1820001908377851,0.1862360920399039,0.0,0.0,0.1627191172651835,87.17015468607825,0.8717015468607825
wind3_combined_faults,H-RTA-SupervisedGate,5424,0.1412318913045465,0.1840427623495811,0.1885512273625045,0.0,0.0,0.1620551970891529,87.26114649681529,0.8726114649681529
wind3_combined_faults,H-RTA-SupervisedGate,5425,0.1287257032539613,0.1904880909069054,0.1937988775794326,0.0,0.0,0.1625127247077587,87.62511373976342,0.8762511373976342
wind3_combined_faults,H-RTA-SupervisedGate,5426,0.1298121284549878,0.170703083240769,0.1769597958919013,0.0,0.0,0.1623475868143133,88.53503184713377,0.8853503184713376
wind3_combined_faults,H-RTA-SupervisedGate,5427,0.1109648751589015,0.14427360881734,0.1490860820038798,0.0,0.0,0.1622246668142915,87.62511373976342,0.8762511373976342
wind3_combined_faults,H-RTA-SupervisedGate,5428,0.1107426246256162,0.1372401415033339,0.1434655834101287,0.0,0.0,0.162068133274701,87.62511373976342,0.8762511373976342
wind3_combined_faults,H-RTA-SupervisedGate,5429,0.1190893666260978,0.1475569040636227,0.1520010302312871,0.0,0.0,0.1621672979159726,87.62511373976342,0.8762511373976342
wind3_combined_faults,H-RTA-SupervisedGate,5430,0.1104245490367856,0.127081637787166,0.1306610891531384,0.0,0.0,0.1626934126952215,88.26205641492265,0.8826205641492265
wind3_combined_faults,H-RTA-SupervisedGate,5431,0.1272081918843857,0.1532108850382779,0.1545962255378808,0.0,0.0,0.1629211669745887,87.44313011828936,0.8744313011828936
wind3_combined_faults,H-RTA-SupervisedGate,5432,0.1165317894108353,0.1476716965948087,0.1499681561067207,0.0,0.0,0.1609570432754,87.17015468607825,0.8717015468607825
wind3_combined_faults,H-RTA-SupervisedGate,5433,0.131691936267697,0.1651751125047404,0.1700184623354807,0.0,0.0,0.1615838373975886,87.17015468607825,0.8717015468607825
wind3_combined_faults,H-RTA-SupervisedGate,5434,0.1221993579704385,0.1621061521890206,0.1689810158100112,0.0,0.0,0.1624223084625138,87.53412192902638,0.8753412192902639
wind3_combined_faults,H-RTA-SupervisedGate,5435,0.1115662519966233,0.1262142978016966,0.129539778277852,0.0,0.0,0.1624751767923939,87.17015468607825,0.8717015468607825
wind3_combined_faults,H-RTA-SupervisedGate,5436,0.1062827775292235,0.1392475367808319,0.1425627321056526,0.0,0.0,0.1618619208728417,86.89717925386715,0.8689717925386715
wind3_combined_faults,H-RTA-SupervisedGate,5437,0.1179195381119504,0.1577216671376801,0.1668113000218924,0.0,0.0,0.1631310671546382,87.89808917197452,0.8789808917197452
wind3_combined_faults,H-RTA-SupervisedGate,5438,0.135558559700805,0.1892055806954031,0.1937528495331054,0.0,0.0,0.1621349510120392,87.62511373976342,0.8762511373976342
wind3_combined_faults,H-RTA-SupervisedGate,5439,0.1136290976745625,0.1439939069399022,0.1532215944070616,0.0,0.0,0.1626593042482927,87.53412192902638,0.8753412192902639
wind3_combined_faults,H-RTA-SupervisedGate,5440,0.1020479663195623,0.1499626998655152,0.1543796004479762,0.0,0.0,0.1621705755576197,88.44404003639671,0.8844404003639672
wind3_combined_faults,H-RTA-SupervisedGate,5441,0.1217385253387615,0.1492754054113115,0.1508842651688499,0.0,0.0,0.1622262695054471,87.17015468607825,0.8717015468607825
wind3_combined_faults,H-RTA-SupervisedGate,5442,0.111405265979768,0.1300258285691589,0.1377791278110212,0.0,0.0,0.1618978578582388,88.0800727934486,0.8808007279344859
wind3_combined_faults,H-RTA-SupervisedGate,5443,0.0998135188832245,0.121553039157667,0.125514564031423,0.0,0.0,0.162862169304022,87.62511373976342,0.8762511373976342
wind3_combined_faults,H-RTA-SupervisedGate,5444,0.1272007472112805,0.1535536603943308,0.1569410225122038,0.0,0.0,0.1632398083856256,86.89717925386715,0.8689717925386715
wind3_combined_faults,H-RTA-SupervisedGate,5445,0.1085234193120739,0.138003116313586,0.1493254364619047,0.0,0.0,0.1623331985277971,87.17015468607825,0.8717015468607825
wind3_combined_faults,H-RTA-SupervisedGate,5446,0.132216957255617,0.1592331522838827,0.1644865907852573,0.0,0.0,0.1618874258650625,88.62602365787079,0.8862602365787079
wind3_combined_faults,H-RTA-SupervisedGate,5447,0.1228717501560604,0.1609800774368703,0.1675575377720156,0.0,0.0,0.1618951390651834,88.17106460418562,0.8817106460418562
wind3_combined_faults,H-RTA-SupervisedGate,5448,0.0978825721958342,0.1178391170079426,0.1219546686677287,0.0,0.0,0.1616394527723709,88.17106460418562,0.8817106460418562
wind3_combined_faults,H-RTA-SupervisedGate,5449,0.130809058404685,0.2024766322613919,0.2085252573012218,0.0,0.0,0.1627226725010923,87.98908098271156,0.8798908098271155
wind3_combined_faults,H-RTA-SupervisedGate,5450,0.094383688432864,0.1167667751969883,0.1200523973451098,0.0,0.0,0.1621040596946294,88.17106460418562,0.8817106460418562
wind3_combined_faults,H-RTA-SupervisedGate,5451,0.126896372032771,0.1560636062678078,0.1592256817082161,0.0,0.0,0.1621237348554193,87.07916287534123,0.8707916287534122
wind3_combined_faults,H-RTA-SupervisedGate,5452,0.1128427825950356,0.1312455613822127,0.1378245173779595,0.0,0.0,0.1627836943353487,87.53412192902638,0.8753412192902639
wind3_combined_faults,H-RTA-SupervisedGate,5453,0.1340077497980867,0.188925047541285,0.1929155737200049,0.0,0.0,0.1623738975532225,87.53412192902638,0.8753412192902639
wind3_combined_faults,H-RTA-SupervisedGate,5454,0.1127841470643561,0.1391088159704032,0.1426601891862346,0.0,0.0,0.1620263213070186,87.44313011828936,0.8744313011828936
wind3_combined_faults,H-RTA-SupervisedGate,5455,0.1001025195104063,0.1273363074257189,0.1326648611766964,0.0,0.0,0.1626608516728915,87.07916287534123,0.8707916287534122
wind3_combined_faults,H-RTA-SupervisedGate,5456,0.1237821463717025,0.1651080375545118,0.1668732935043652,0.0,0.0,0.1627301625094337,87.71610555050046,0.8771610555050046
wind3_combined_faults,H-RTA-SupervisedGate,5457,0.1241125279460933,0.1524331795963118,0.161335687054578,0.0,0.0,0.1627526701273225,87.53412192902638,0.8753412192902639
wind3_combined_faults,H-RTA-SupervisedGate,5458,0.1335521670957655,0.1651216749440446,0.1686043082537552,0.0,0.0,0.1611018386449819,87.89808917197452,0.8789808917197452
wind3_combined_faults,H-RTA-SupervisedGate,5459,0.1242236317329399,0.1546858168927479,0.1573945601250736,0.0,0.0,0.1616934094473696,87.80709736123748,0.8780709736123748
wind3_combined_faults,H-RTA-SupervisedGate,5460,0.1217250187910501,0.1484921280246569,0.1517859092008812,0.0,0.0,0.1617284407419263,86.89717925386715,0.8689717925386715
wind3_combined_faults,H-RTA-SupervisedGate,5461,0.1379679979507391,0.1739800068104311,0.1793245942803025,0.0,0.0,0.1634466903099316,87.53412192902638,0.8753412192902639
wind3_combined_faults,H-RTA-SupervisedGate,5462,0.1323761995612666,0.1664224482593247,0.1689619499100128,0.0,0.0,0.161994426635342,87.62511373976342,0.8762511373976342
wind3_combined_faults,H-RTA-SupervisedGate,5463,0.1370083081173951,0.2008541267012877,0.208662313002501,0.0,0.0,0.1618313371846767,87.62511373976342,0.8762511373976342
wind3_combined_faults,H-RTA-SupervisedGate,5464,0.1168217064690034,0.1582683108422047,0.1628078515366665,0.0,0.0,0.1625413301456523,87.89808917197452,0.8789808917197452
wind3_combined_faults,H-RTA-SupervisedGate,5465,0.1235555310566987,0.160040850446215,0.1618675713585625,0.0,0.0,0.1623241254435294,87.17015468607825,0.8717015468607825
wind3_combined_faults,H-RTA-SupervisedGate,5466,0.1221180518450349,0.1633584418652601,0.1662669103964248,0.0,0.0,0.161678715483045,86.89717925386715,0.8689717925386715
wind3_combined_faults,H-RTA-SupervisedGate,5467,0.137517990907988,0.1654481814721488,0.1687743860778976,0.0,0.0,0.1627073379468502,87.17015468607825,0.8717015468607825
wind3_combined_faults,H-RTA-SupervisedGate,5468,0.1215175997318241,0.1656199230396537,0.1734760211070147,0.0,0.0,0.1627758480296411,86.98817106460417,0.8698817106460418
wind3_combined_faults,H-RTA-SupervisedGate,5469,0.1095498724016443,0.138333796751346,0.1441529510422239,0.0,0.0,0.1617433097799261,87.26114649681529,0.8726114649681529
wind3_combined_faults,H-RTA-SupervisedGate,5470,0.1205002004945488,0.1605408040664171,0.1695739578644388,0.0,0.0,0.1622910936683823,87.35213830755232,0.8735213830755232
wind3_combined_faults,H-RTA-SupervisedGate,5471,0.1087867068133361,0.147025259762233,0.1535131063628973,0.0,0.0,0.1622809142491151,87.26114649681529,0.8726114649681529
wind3_combined_faults,H-RTA-SupervisedGate,5472,0.1057605692328584,0.1221061778043181,0.123214756113354,0.0,0.0,0.1627125764056435,87.62511373976342,0.8762511373976342
wind3_combined_faults,H-RTA-SupervisedGate,5473,0.1305371266918823,0.1665807979087162,0.1688869574098166,0.0,0.0,0.1610065219792657,86.98817106460417,0.8698817106460418
wind3_combined_faults,H-RTA-SupervisedGate,5474,0.1219807873303521,0.1470080956894783,0.1697907502331098,0.0,0.0,0.1617663033413413,87.26114649681529,0.8726114649681529
wind3_combined_faults,H-RTA-SupervisedGate,5475,0.1265474048493313,0.155329648124374,0.1650033097506348,0.0,0.0,0.1623797828990773,87.89808917197452,0.8789808917197452
wind3_combined_faults,H-RTA-SupervisedGate,5476,0.1228481840020927,0.1553767137601397,0.1579908078846732,0.0,0.0,0.1622095975861624,87.98908098271156,0.8798908098271155
wind3_combined_faults,H-RTA-SupervisedGate,5477,0.1293498164836521,0.1741762298076136,0.1759656312616903,0.0,0.0,0.1622779571062552,87.17015468607825,0.8717015468607825
wind3_combined_faults,H-RTA-SupervisedGate,5478,0.1376597562826836,0.1770793101526594,0.1843430672292498,0.0,0.0,0.1616287964617301,86.80618744313013,0.8680618744313012
wind3_combined_faults,H-RTA-SupervisedGate,5479,0.1002782418553768,0.1280066141187292,0.1300028684934392,0.0,0.0,0.1619383951070047,87.98908098271156,0.8798908098271155
wind3_combined_faults,H-RTA-SupervisedGate,5480,0.1285053308353056,0.1782238350134007,0.1817737201154894,0.0,0.0,0.1618714527714771,87.26114649681529,0.8726114649681529
wind3_combined_faults,H-RTA-SupervisedGate,5481,0.1215403969832395,0.1594485389351282,0.163812296443646,0.0,0.0,0.161695120792305,87.89808917197452,0.8789808917197452
wind3_combined_faults,H-RTA-SupervisedGate,5482,0.1204815799340871,0.1879087252022969,0.1938295226151735,0.0,0.0,0.1629852727785049,87.44313011828936,0.8744313011828936
wind3_combined_faults,H-RTA-SupervisedGate,5483,0.1094833867538638,0.1671404512791499,0.176332222325717,0.0,0.0,0.162269828420852,87.53412192902638,0.8753412192902639
wind3_combined_faults,H-RTA-SupervisedGate,5484,0.1304625590705176,0.1834071802067814,0.1882973455820669,0.0,0.0,0.1618952537145,87.53412192902638,0.8753412192902639
wind3_combined_faults,H-RTA-SupervisedGate,5485,0.1081387382774386,0.1277878912391054,0.1338980651203024,0.0,0.0,0.1616858514744774,87.17015468607825,0.8717015468607825
wind3_combined_faults,H-RTA-SupervisedGate,5486,0.1160623262381357,0.1520321078714487,0.1579445022931886,0.0,0.0,0.1625170909751885,86.89717925386715,0.8689717925386715
wind3_combined_faults,H-RTA-SupervisedGate,5487,0.1083503772987566,0.1305997589857432,0.1340158984419151,0.0,0.0,0.1623813569163093,87.80709736123748,0.8780709736123748
wind3_combined_faults,H-RTA-SupervisedGate,5488,0.1208563829601078,0.143050852502984,0.1455134918539403,0.0,0.0,0.1620680293360928,87.62511373976342,0.8762511373976342
wind3_combined_faults,H-RTA-SupervisedGate,5489,0.146307970461937,0.1750444044024385,0.1784873098219944,0.0,0.0,0.1626016350368529,86.89717925386715,0.8689717925386715
wind3_combined_faults,H-RTA-SupervisedGate,5490,0.1178915752522871,0.1477353848577069,0.1547143469908553,0.0,0.0,0.1624601505415654,87.17015468607825,0.8717015468607825
wind3_combined_faults,H-RTA-SupervisedGate,5491,0.1263224263365241,0.1576815794711665,0.1636287416349547,0.0,0.0,0.1626031061830635,88.0800727934486,0.8808007279344859
wind3_combined_faults,H-RTA-SupervisedGate,5492,0.1242169280118749,0.1629362734797001,0.1678063780307933,0.0,0.0,0.1628946584330023,87.17015468607825,0.8717015468607825
wind3_combined_faults,H-RTA-SupervisedGate,5493,0.1130956448538326,0.1488425987220333,0.1549916464674585,0.0,0.0,0.1617813629819746,86.98817106460417,0.8698817106460418
wind3_combined_faults,H-RTA-SupervisedGate,5494,0.1152975866816543,0.1416426437089626,0.1446870729904537,0.0,0.0,0.1614602222620105,87.07916287534123,0.8707916287534122
wind3_combined_faults,H-RTA-SupervisedGate,5495,0.1433365696293479,0.1655664687380221,0.1730494831627357,0.0,0.0,0.1614339862548939,87.26114649681529,0.8726114649681529
wind3_combined_faults,H-RTA-SupervisedGate,5496,0.1218423825811769,0.1689057839157602,0.1796231385408832,0.0,0.0,0.1618631239563601,87.53412192902638,0.8753412192902639
wind3_combined_faults,H-RTA-SupervisedGate,5497,0.1239513632292654,0.156250283988245,0.1594060898133968,0.0,0.0,0.1622698818830722,87.89808917197452,0.8789808917197452
wind3_combined_faults,H-RTA-SupervisedGate,5498,0.1197004850169377,0.1617788575380647,0.1667444544230145,0.0,0.0,0.1622341098964641,87.26114649681529,0.8726114649681529
wind3_combined_faults,H-RTA-SupervisedGate,5499,0.1152248325476589,0.1480159068680199,0.1580632801993245,0.0,0.0,0.1612813906767119,86.89717925386715,0.8689717925386715
