Scenario,Controller,SeedIndex,pos_rmse_m,pos_max_m,success,control_effort,residual_rms_ms2
nominal,Geo,200,0.0100005824014857,0.0157170775007406,1.0,0.7966650111410065,0.0
nominal,Geo,201,0.0106440561311378,0.0193629290744447,1.0,0.7999269660652737,0.0
nominal,Geo,202,0.0203911159130129,0.0423962833187222,1.0,0.7890790007125916,0.0
nominal,Geo,203,0.0144753549842133,0.0331089400305076,1.0,0.7991200015052059,0.0
nominal,Geo,204,0.0133364663487908,0.0217093333662416,1.0,0.8116465664341521,0.0
nominal,Geo,205,0.016315747612883,0.0276428359017031,1.0,0.7936255487170056,0.0
nominal,Geo,206,0.0133957462414573,0.0250322439606986,1.0,0.8026142784073975,0.0
nominal,Geo,207,0.0188834118234939,0.0327142913005968,1.0,0.7922331033480655,0.0
nominal,Geo,208,0.0188478585574327,0.0364196362317043,1.0,0.7953314529253582,0.0
nominal,Geo,209,0.0130507896253527,0.024342945163867,1.0,0.8054506994119877,0.0
nominal,Geo,210,0.0141697660333302,0.0226948028201279,1.0,0.7955080496005041,0.0
nominal,Geo,211,0.0169995315690238,0.0302399621724417,1.0,0.784016862695634,0.0
nominal,Geo,212,0.0154276903730006,0.0232606165884934,1.0,0.8106924670887369,0.0
nominal,Geo,213,0.0190941657093889,0.0379667856218113,1.0,0.792902677285517,0.0
nominal,Geo,214,0.0102458676301858,0.0153732104974097,1.0,0.7901509016974462,0.0
nominal,Geo,215,0.0133100136340712,0.0199735930453285,1.0,0.8041984544933465,0.0
nominal,Geo,216,0.0104034983385417,0.019006188599627,1.0,0.8112199829380639,0.0
nominal,Geo,217,0.0140638788985019,0.0226643789730118,1.0,0.8007173670316662,0.0
nominal,Geo,218,0.0113272280171343,0.0157231513711462,1.0,0.803617747714399,0.0
nominal,Geo,219,0.0187731186660133,0.0347290526690781,1.0,0.7853268817342988,0.0
nominal,Geo,220,0.0109336455243416,0.0229683866406466,1.0,0.8059720446689487,0.0
nominal,Geo,221,0.0199257987494773,0.0330089868889731,1.0,0.7944825791253833,0.0
nominal,Geo,222,0.0105739943173625,0.0156058837903951,1.0,0.7947340652674943,0.0
nominal,Geo,223,0.0210084714274037,0.0419267608425117,1.0,0.782963408358565,0.0
nominal,Geo,224,0.013129239672887,0.0222325998911479,1.0,0.7937332499718167,0.0
nominal,Geo,225,0.0131084156463048,0.0226808689119031,1.0,0.7965056187006069,0.0
nominal,Geo,226,0.0110449177781487,0.0180322312675343,1.0,0.8096121622205742,0.0
nominal,Geo,227,0.0093351928354937,0.0164077361209872,1.0,0.7971038657315043,0.0
nominal,Geo,228,0.0201789836714459,0.0356946176955513,1.0,0.7988149755926701,0.0
nominal,Geo,229,0.0117745689903968,0.0160067324576878,1.0,0.7987271957789005,0.0
nominal,Geo,230,0.0226401668229431,0.0432774006458975,1.0,0.7863667119963755,0.0
nominal,Geo,231,0.0090762482981389,0.0153887683341832,1.0,0.7991244674484194,0.0
nominal,Geo,232,0.0096061063945999,0.0155520633615983,1.0,0.8044757299746446,0.0
nominal,Geo,233,0.0097937967528252,0.0225535028973994,1.0,0.8101864669387718,0.0
nominal,Geo,234,0.013090402908991,0.0201204215453242,1.0,0.7984276371363386,0.0
nominal,Geo,235,0.0229695552248579,0.0412286799379148,1.0,0.7930801166393905,0.0
nominal,Geo,236,0.0187630849580817,0.0386280921974446,1.0,0.7996744456934091,0.0
nominal,Geo,237,0.014358722204248,0.0225096753028608,1.0,0.7980743156633207,0.0
nominal,Geo,238,0.0186774856886421,0.0383529580455911,1.0,0.7852605482845163,0.0
nominal,Geo,239,0.0163970811963342,0.0295288782452971,1.0,0.8099585375878843,0.0
nominal,LQR-outer,200,0.0097229745101712,0.0149654803729064,1.0,0.7944151477085076,0.0
nominal,LQR-outer,201,0.0107541576556355,0.019362903324942,1.0,0.798374562553109,0.0
nominal,LQR-outer,202,0.0200605727852456,0.0423959007871388,1.0,0.7880352872667411,0.0
nominal,LQR-outer,203,0.0145105592086502,0.033109042314424,1.0,0.7967753270316705,0.0
nominal,LQR-outer,204,0.0124248126591837,0.0203032993970349,1.0,0.8100282936692886,0.0
nominal,LQR-outer,205,0.0155920915205424,0.0275395397049331,1.0,0.7909563508459753,0.0
nominal,LQR-outer,206,0.0130413399176873,0.0250318114077252,1.0,0.8015514057580687,0.0
nominal,LQR-outer,207,0.0179267298499569,0.0326001265263419,1.0,0.7895093166697064,0.0
nominal,LQR-outer,208,0.0182417288465861,0.0363704502528715,1.0,0.7936472509528708,0.0
nominal,LQR-outer,209,0.0129887825386729,0.0243427137758588,1.0,0.8031526622673859,0.0
nominal,LQR-outer,210,0.0138240061370285,0.0225063113034264,1.0,0.7941885830809151,0.0
nominal,LQR-outer,211,0.0164527582421498,0.0302396970686506,1.0,0.7820784001165951,0.0
nominal,LQR-outer,212,0.0141356164337223,0.0219663885429356,1.0,0.8070017328359991,0.0
nominal,LQR-outer,213,0.0189397072207382,0.037966338957519,1.0,0.79172387468034,0.0
nominal,LQR-outer,214,0.010093290426935,0.0148731120587329,1.0,0.7889806811370159,0.0
nominal,LQR-outer,215,0.0128790254890964,0.0196143292707531,1.0,0.8021087612366798,0.0
nominal,LQR-outer,216,0.0105451199504756,0.0190059251311542,1.0,0.8086247224506278,0.0
nominal,LQR-outer,217,0.013359154179201,0.0224693522471175,1.0,0.7980361241572106,0.0
nominal,LQR-outer,218,0.0106701079092355,0.0149560539566387,1.0,0.800971597880779,0.0
nominal,LQR-outer,219,0.0182512248176871,0.0347001546133008,1.0,0.7840374199910229,0.0
nominal,LQR-outer,220,0.0110026680866281,0.0229683709474771,1.0,0.8034610640021632,0.0
nominal,LQR-outer,221,0.0186508763391247,0.0320260631870969,1.0,0.7926654234648904,0.0
nominal,LQR-outer,222,0.0099085967813288,0.0149323621387841,1.0,0.7928263184659299,0.0
nominal,LQR-outer,223,0.0205637389012734,0.04192634711178,1.0,0.7814374845928298,0.0
nominal,LQR-outer,224,0.0130290348570847,0.0222323324636058,1.0,0.7921470535929069,0.0
nominal,LQR-outer,225,0.0129183678181928,0.0226807666982655,1.0,0.7941870664834896,0.0
nominal,LQR-outer,226,0.0109309439590224,0.0180317723832188,1.0,0.8075952307859968,0.0
nominal,LQR-outer,227,0.0095973180950479,0.0164078606022389,1.0,0.7953644457159543,0.0
nominal,LQR-outer,228,0.0192059101598176,0.0354802452564663,1.0,0.7957480427261635,0.0
nominal,LQR-outer,229,0.0113772112892207,0.0156712969390766,1.0,0.7961484039772853,0.0
nominal,LQR-outer,230,0.0218004664995535,0.043276912355381,1.0,0.7845131384308992,0.0
nominal,LQR-outer,231,0.0091139345077172,0.014867412097578,1.0,0.7972311581942092,0.0
nominal,LQR-outer,232,0.0092615291443096,0.0149080285907873,1.0,0.8021543160780576,0.0
nominal,LQR-outer,233,0.0101947781676291,0.022553510183513,1.0,0.8078949149850974,0.0
nominal,LQR-outer,234,0.0124519284754288,0.0196698235647466,1.0,0.7964466194310239,0.0
nominal,LQR-outer,235,0.0220756845404329,0.0407403944644476,1.0,0.7924819030495212,0.0
nominal,LQR-outer,236,0.0186323248494238,0.0386277198721305,1.0,0.7977860850366258,0.0
nominal,LQR-outer,237,0.0137490930561036,0.0223567770514626,1.0,0.7953182666132195,0.0
nominal,LQR-outer,238,0.0184585221599871,0.0383525755790173,1.0,0.7843973104689588,0.0
nominal,LQR-outer,239,0.0156499697871648,0.0292470391742376,1.0,0.80730602439571,0.0
nominal,LMPC-H40,200,0.0102767167791203,0.0162616804200184,1.0,0.801581675469778,0.0
nominal,LMPC-H40,201,0.0117657867480432,0.0193632161269647,1.0,0.7975289467630008,0.0
nominal,LMPC-H40,202,0.0236698484562337,0.0423977132304002,1.0,0.7886415255097279,0.0
nominal,LMPC-H40,203,0.01513624938698,0.0331088503148749,1.0,0.8032602139782191,0.0
nominal,LMPC-H40,204,0.0200848864183521,0.0301848034991259,1.0,0.8099767851025171,0.0
nominal,LMPC-H40,205,0.0183625269106012,0.028126954273748,1.0,0.8048894075918765,0.0
nominal,LMPC-H40,206,0.0177391773574507,0.0250336321851314,1.0,0.7979924988232407,0.0
nominal,LMPC-H40,207,0.02249868886527,0.0333538271867988,1.0,0.8080673507710954,0.0
nominal,LMPC-H40,208,0.0221819332738028,0.0368043027617387,1.0,0.7974229793564598,0.0
nominal,LMPC-H40,209,0.014187916692177,0.0243438198185005,1.0,0.8110508507336354,0.0
nominal,LMPC-H40,210,0.016418239912363,0.0238597094141526,1.0,0.7990868004014896,0.0
nominal,LMPC-H40,211,0.0190072628629966,0.030240635154665,1.0,0.7938276127999886,0.0
nominal,LMPC-H40,212,0.0210228551705298,0.0295804952739064,1.0,0.8310947062070306,0.0
nominal,LMPC-H40,213,0.0214773682304239,0.0379682448203212,1.0,0.7935846428151105,0.0
nominal,LMPC-H40,214,0.0123201890064216,0.0153469888315901,1.0,0.7920746698041744,0.0
nominal,LMPC-H40,215,0.0169235468102724,0.0231968818073022,1.0,0.8107618889860397,0.0
nominal,LMPC-H40,216,0.0095505509545968,0.0190069047625671,1.0,0.8157712689453737,0.0
nominal,LMPC-H40,217,0.0160768011138887,0.0233937821933779,1.0,0.8078020768189922,0.0
nominal,LMPC-H40,218,0.0146246716367349,0.0201481033924255,1.0,0.8142304583472946,0.0
nominal,LMPC-H40,219,0.0216653730717327,0.034994999402144,1.0,0.7912307283723599,0.0
nominal,LMPC-H40,220,0.0114178404719374,0.0229687935087441,1.0,0.811826325594679,0.0
nominal,LMPC-H40,221,0.025880800821217,0.0376416471088549,1.0,0.8085200496929945,0.0
nominal,LMPC-H40,222,0.0141376818251657,0.0179092171167957,1.0,0.8027026120428528,0.0
nominal,LMPC-H40,223,0.0231097262601276,0.0419279417841406,1.0,0.7912637805241054,0.0
nominal,LMPC-H40,224,0.0135630047343874,0.0222332372013159,1.0,0.7958080306212535,0.0
nominal,LMPC-H40,225,0.0136931932820521,0.0226814156786935,1.0,0.8025566624526419,0.0
nominal,LMPC-H40,226,0.0123568149878387,0.018035058288749,1.0,0.8121037207575447,0.0
nominal,LMPC-H40,227,0.0082928278933062,0.0164075133329664,1.0,0.7969093144222199,0.0
nominal,LMPC-H40,228,0.0240997770632497,0.0368067308483479,1.0,0.8159507012594638,0.0
nominal,LMPC-H40,229,0.0127487761551715,0.0171889435147511,1.0,0.8068162336451726,0.0
nominal,LMPC-H40,230,0.0263508423599655,0.0432785504273869,1.0,0.7987417933010924,0.0
nominal,LMPC-H40,231,0.009081684470629,0.0142922352847414,1.0,0.8021078728123412,0.0
nominal,LMPC-H40,232,0.0105685170850054,0.0153085637553772,1.0,0.807196676575646,0.0
nominal,LMPC-H40,233,0.0088706386517489,0.0225536724660273,1.0,0.8101584920561161,0.0
nominal,LMPC-H40,234,0.0160906668841484,0.0225828381805758,1.0,0.8019935512621182,0.0
nominal,LMPC-H40,235,0.0290263680866888,0.0442888254846492,1.0,0.7982373966928226,0.0
nominal,LMPC-H40,236,0.0204346443960953,0.038629287048325,1.0,0.8030171127748272,0.0
nominal,LMPC-H40,237,0.0162030899385784,0.0233203022807438,1.0,0.8080064968409889,0.0
nominal,LMPC-H40,238,0.0205173782489354,0.0383541475671,1.0,0.7853115728364253,0.0
nominal,LMPC-H40,239,0.019735805603761,0.0311108068225564,1.0,0.8159346394481354,0.0
nominal,Geo+MLP-D2,200,0.0305041405633019,0.0381562002624119,1.0,0.8143260361437433,0.1919572992917424
nominal,Geo+MLP-D2,201,0.0293625810445107,0.0382178950854976,1.0,0.8234825706574695,0.193063377859354
nominal,Geo+MLP-D2,202,0.0321668705545159,0.0423940803718569,1.0,0.8145533602356394,0.1874018043029374
nominal,Geo+MLP-D2,203,0.0327994798413072,0.038197797346143,1.0,0.8154388581528271,0.1908402405045232
nominal,Geo+MLP-D2,204,0.0276128552769536,0.0381208500255228,1.0,0.8365150919057368,0.1909305595024598
nominal,Geo+MLP-D2,205,0.032688277388132,0.038744465558883,1.0,0.809388406937414,0.1900088947547171
nominal,Geo+MLP-D2,206,0.0293678270455205,0.038756614755463,1.0,0.8250652997654238,0.1938391753835238
nominal,Geo+MLP-D2,207,0.0344245708269459,0.038596623897978,1.0,0.8091988478073195,0.1885274655127443
nominal,Geo+MLP-D2,208,0.0315436327203301,0.0383510288910603,1.0,0.8227226041227762,0.1869002727714092
nominal,Geo+MLP-D2,209,0.0338425375436284,0.0377888311926426,1.0,0.8230566696218203,0.1981283589537749
nominal,Geo+MLP-D2,210,0.0338616840023421,0.0384777993403098,1.0,0.8189421294547622,0.1992197743844277
nominal,Geo+MLP-D2,211,0.0343476674615464,0.0387449095185999,1.0,0.7960441725584991,0.190561412260532
nominal,Geo+MLP-D2,212,0.0345675976342522,0.0387450340037894,1.0,0.8336422129660329,0.1954639588706984
nominal,Geo+MLP-D2,213,0.0377855955921991,0.0383696792595813,1.0,0.8032146366342927,0.1975499158237644
nominal,Geo+MLP-D2,214,0.0327491419472281,0.038541357760803,1.0,0.8074985995129179,0.1985882878982566
nominal,Geo+MLP-D2,215,0.034994546194362,0.0388161190478486,1.0,0.8172330759433016,0.1951240620048287
nominal,Geo+MLP-D2,216,0.0323330111597043,0.039349308484773,1.0,0.8382611171531014,0.2002706719252629
nominal,Geo+MLP-D2,217,0.0312086603546479,0.0386760655294286,1.0,0.820371082977294,0.1930595754747997
nominal,Geo+MLP-D2,218,0.0336493557841972,0.0385861682212043,1.0,0.8214977105552064,0.1952873802111941
nominal,Geo+MLP-D2,219,0.0337955077731713,0.0384753273574299,1.0,0.808918969854526,0.1919572474347802
nominal,Geo+MLP-D2,220,0.0328369678431731,0.0384382246396382,1.0,0.8246420492681198,0.1974418270266649
nominal,Geo+MLP-D2,221,0.0353369288945279,0.0380191888015991,1.0,0.8130339242297889,0.190731881847185
nominal,Geo+MLP-D2,222,0.0318139446860441,0.0377949157381359,1.0,0.809964507764093,0.19092814291024
nominal,Geo+MLP-D2,223,0.0372252189934808,0.0419286821606793,1.0,0.7931323107320221,0.1938424524111784
nominal,Geo+MLP-D2,224,0.0321622821749198,0.0375472353592898,1.0,0.8086126359968336,0.1915102484800814
nominal,Geo+MLP-D2,225,0.0331658561118361,0.0387717365486653,1.0,0.8094618540079398,0.1937867102703228
nominal,Geo+MLP-D2,226,0.0328729071443716,0.0393061197545166,1.0,0.8335079824736567,0.1991701934230989
nominal,Geo+MLP-D2,227,0.0300511913448016,0.0381422601979048,1.0,0.812390613671306,0.1892833767775409
nominal,Geo+MLP-D2,228,0.0366138207376728,0.0389994405205559,1.0,0.8127365360679805,0.1954596164128783
nominal,Geo+MLP-D2,229,0.0323542748692622,0.0388490214491162,1.0,0.8159536203480121,0.1964377538476095
nominal,Geo+MLP-D2,230,0.0357192079118225,0.0432780612331773,1.0,0.8019704449099626,0.1908559758505129
nominal,Geo+MLP-D2,231,0.0322489741674346,0.0391889289123014,1.0,0.8227963376567513,0.2007475736642965
nominal,Geo+MLP-D2,232,0.0291808408951867,0.0383465736514114,1.0,0.8271107637337347,0.1962335888595013
nominal,Geo+MLP-D2,233,0.0307799904312554,0.0383265008369054,1.0,0.8342122017397842,0.1976188232453735
nominal,Geo+MLP-D2,234,0.031731275646219,0.038758172194982,1.0,0.8115720682760311,0.1908426298921773
nominal,Geo+MLP-D2,235,0.0403237184394088,0.044622027553312,1.0,0.8028100208291041,0.1978780944106946
nominal,Geo+MLP-D2,236,0.0377111788051637,0.0387061033938007,1.0,0.8092522148000266,0.1977255618775959
nominal,Geo+MLP-D2,237,0.0319197281401549,0.0387632152406433,1.0,0.8153484377514149,0.1937616654217702
nominal,Geo+MLP-D2,238,0.0329622465090477,0.0383513224293116,1.0,0.8096590878685578,0.1960176452962841
nominal,Geo+MLP-D2,239,0.0310235977122154,0.0386170590060854,1.0,0.8391409813248687,0.1956708783453171
nominal,Geo+CeNN-D2,200,0.0115451201017915,0.0183395789106914,1.0,1.1846726042680502,0.5987523633800809
nominal,Geo+CeNN-D2,201,0.0129474907857144,0.0193638070340637,1.0,1.1389460466926835,0.5653578103095823
nominal,Geo+CeNN-D2,202,0.0231060962763068,0.0423968578041403,1.0,1.1024788593236663,0.5378247863993625
nominal,Geo+CeNN-D2,203,0.0171379221021038,0.0331100423044792,1.0,1.1621721829576923,0.5813835125663926
nominal,Geo+CeNN-D2,204,0.0128586839817384,0.0190152581463207,1.0,1.2226093082703582,0.6092075577840276
nominal,Geo+CeNN-D2,205,0.0163273425446008,0.0274434425071109,1.0,1.1490138153002192,0.5725002356701099
nominal,Geo+CeNN-D2,206,0.0143788632804657,0.0250329097600633,1.0,1.20675225293141,0.6123340799739506
nominal,Geo+CeNN-D2,207,0.0191739957411398,0.0325040391282686,1.0,1.0999121830477074,0.529484675556788
nominal,Geo+CeNN-D2,208,0.0204180793400037,0.036389667112835,1.0,1.113077951212182,0.5387751477625394
nominal,Geo+CeNN-D2,209,0.0148179464268548,0.0243427991719124,1.0,1.2012261747840094,0.6060910477150087
nominal,Geo+CeNN-D2,210,0.0163578731569254,0.0226603301718115,1.0,1.2157672126846826,0.6278485973540732
nominal,Geo+CeNN-D2,211,0.0169560221191425,0.0302397299187267,1.0,1.1770294050429349,0.6016426761698965
nominal,Geo+CeNN-D2,212,0.0147224749381532,0.0212138972260086,1.0,1.2728042474673793,0.6561234281718455
nominal,Geo+CeNN-D2,213,0.0206089432986477,0.0379663921585781,1.0,1.2303037959526086,0.639851569904827
nominal,Geo+CeNN-D2,214,0.0109149832467536,0.0172841683937287,1.0,1.2504035999629233,0.6564038434241962
nominal,Geo+CeNN-D2,215,0.0134101398914212,0.0188918968426283,1.0,1.1150225340083353,0.533113262834653
nominal,Geo+CeNN-D2,216,0.013583709211591,0.0190070870842326,1.0,1.2161694671895251,0.6112054513456292
nominal,Geo+CeNN-D2,217,0.0144358326740164,0.0220619286085535,1.0,1.2284383396029075,0.6332498990521249
nominal,Geo+CeNN-D2,218,0.0117326171474386,0.019144088427514,1.0,1.1690591858088777,0.5839953074015497
nominal,Geo+CeNN-D2,219,0.0204071013801296,0.0350557576443807,1.0,1.1131661030300477,0.5553731823515506
nominal,Geo+CeNN-D2,220,0.0128974802261211,0.0229683935792125,1.0,1.2731629917337446,0.6600756854790705
nominal,Geo+CeNN-D2,221,0.0202001163113404,0.0316855147611904,1.0,1.230190402470997,0.6296491055383726
nominal,Geo+CeNN-D2,222,0.0116739587755068,0.0196981532225855,1.0,1.0797485323753904,0.5151889484670454
nominal,Geo+CeNN-D2,223,0.0217518308632503,0.0419265438350096,1.0,1.2019822766675066,0.6247306878644663
nominal,Geo+CeNN-D2,224,0.0155488336378137,0.0222325944649071,1.0,1.1504893340086837,0.5718561331142523
nominal,Geo+CeNN-D2,225,0.0138208732973457,0.022680476255514,1.0,1.229988596506063,0.6332135883207521
nominal,Geo+CeNN-D2,226,0.013999093004681,0.0199957073926253,1.0,1.2428967671737177,0.6369182170320323
nominal,Geo+CeNN-D2,227,0.0125127237703885,0.0181062084344925,1.0,1.1892633805724095,0.6002223332355188
nominal,Geo+CeNN-D2,228,0.0190126773606743,0.0350144135169089,1.0,1.2381371979555789,0.6407285046857499
nominal,Geo+CeNN-D2,229,0.0120596821510269,0.017371595619383,1.0,1.1518998178668554,0.567233642090034
nominal,Geo+CeNN-D2,230,0.0234199472927344,0.043277390685771,1.0,1.2028368306224324,0.6231630624171213
nominal,Geo+CeNN-D2,231,0.0116960462357711,0.0195012760815617,1.0,1.014955518664849,0.4470784442353552
nominal,Geo+CeNN-D2,232,0.0103153412240897,0.0177771631990418,1.0,1.1122463750633975,0.5322723724034345
nominal,Geo+CeNN-D2,233,0.0129666236419332,0.022554577576038,1.0,1.2240418748599593,0.6221712322306885
nominal,Geo+CeNN-D2,234,0.013276728563231,0.0187669767504472,1.0,1.1631401775635817,0.577100200429089
nominal,Geo+CeNN-D2,235,0.0234447566168051,0.0402670567246431,1.0,1.1510163740706876,0.5709712191808969
nominal,Geo+CeNN-D2,236,0.0201611775681325,0.0386284822415956,1.0,1.2182967049061877,0.6205844759853859
nominal,Geo+CeNN-D2,237,0.0149663193882722,0.0221667087927801,1.0,1.0240074610458818,0.4588925780667297
nominal,Geo+CeNN-D2,238,0.0213819532214666,0.0383535834278543,1.0,1.1366723428545065,0.5753415341724166
nominal,Geo+CeNN-D2,239,0.0172049037980519,0.0288729446817418,1.0,1.0896033408160444,0.5144644143890217
nominal,Geo+AE-CeNN,200,0.011319253168351,0.01737472759541,1.0,0.7972665768871111,0.0394379819632238
nominal,Geo+AE-CeNN,201,0.0129240768751275,0.0193633915471781,1.0,0.7996688270923085,0.0392951553690315
nominal,Geo+AE-CeNN,202,0.0222030467756322,0.0423968319741012,1.0,0.7880937391201184,0.0395422668168102
nominal,Geo+AE-CeNN,203,0.015543848492533,0.033108988895098,1.0,0.7994623820416643,0.0392581464966891
nominal,Geo+AE-CeNN,204,0.0158778361316479,0.0231779321906213,1.0,0.8107865043817832,0.039250483151106
nominal,Geo+AE-CeNN,205,0.0173332624139398,0.0276293595984458,1.0,0.7941036025692465,0.0394890663676157
nominal,Geo+AE-CeNN,206,0.0156451671578033,0.0250325979115237,1.0,0.802221691914675,0.0394386392723656
nominal,Geo+AE-CeNN,207,0.0200635873016835,0.0328002235854007,1.0,0.792495562402097,0.0396401432288606
nominal,Geo+AE-CeNN,208,0.0205094847123718,0.0364922083637906,1.0,0.7947794219197536,0.0396988274977111
nominal,Geo+AE-CeNN,209,0.0139923090269937,0.0243423708729858,1.0,0.8061669309053351,0.039183376328135
nominal,Geo+AE-CeNN,210,0.0156004235990405,0.0227443806334308,1.0,0.7956331861793308,0.0392749355084379
nominal,Geo+AE-CeNN,211,0.017744953606639,0.0302398740379589,1.0,0.7847554272652354,0.0395068330425042
nominal,Geo+AE-CeNN,212,0.0168118270332814,0.0238590017400731,1.0,0.8109034509352415,0.0395182166734559
nominal,Geo+AE-CeNN,213,0.019238005097552,0.0379664071744753,1.0,0.794248085230473,0.0393015324032113
nominal,Geo+AE-CeNN,214,0.0114480043312041,0.0170988908243489,1.0,0.790844744403681,0.0394799482359319
nominal,Geo+AE-CeNN,215,0.013682511002295,0.0194687326550392,1.0,0.80544112065284,0.0392928405847168
nominal,Geo+AE-CeNN,216,0.0123218569943151,0.0190065012775997,1.0,0.8112273595454751,0.0392300102053901
nominal,Geo+AE-CeNN,217,0.0152343501130394,0.0227807799027888,1.0,0.8011785318201444,0.0396292222041946
nominal,Geo+AE-CeNN,218,0.0121318381736579,0.0174244972682672,1.0,0.804551487521945,0.0393257151251039
nominal,Geo+AE-CeNN,219,0.0203428515529254,0.0347632917963222,1.0,0.7849105593094063,0.0393855280281952
nominal,Geo+AE-CeNN,220,0.0120628834954804,0.0229677073710136,1.0,0.8066951953195316,0.0392554340402504
nominal,Geo+AE-CeNN,221,0.0212419319711847,0.0333296299364421,1.0,0.7944942693881499,0.0394559563154456
nominal,Geo+AE-CeNN,222,0.0120538377341902,0.0172846637346885,1.0,0.7953250609733146,0.0393186510276304
nominal,Geo+AE-CeNN,223,0.0216727258077785,0.0419265141853082,1.0,0.7836081751753129,0.0394707469379742
nominal,Geo+AE-CeNN,224,0.0145428009237238,0.0222325425073586,1.0,0.7940794870572443,0.039235853749072
nominal,Geo+AE-CeNN,225,0.013801698823552,0.0226803295764086,1.0,0.7974032059541016,0.0393309153129686
nominal,Geo+AE-CeNN,226,0.0126141935621467,0.0180323773641839,1.0,0.8100741863713644,0.0393802540134373
nominal,Geo+AE-CeNN,227,0.0112681261638909,0.0170678634178076,1.0,0.7973328354459311,0.0391220671428895
nominal,Geo+AE-CeNN,228,0.0206180609453866,0.0355663568432633,1.0,0.7998230289225267,0.0394233957861749
nominal,Geo+AE-CeNN,229,0.0127390597661413,0.017512370526547,1.0,0.79957838049815,0.0393651637711035
nominal,Geo+AE-CeNN,230,0.0239312668960459,0.0432773770785734,1.0,0.7860585645522592,0.0394988497472019
nominal,Geo+AE-CeNN,231,0.0104388367932176,0.0170647309879569,1.0,0.7996840460074524,0.0394462948199314
nominal,Geo+AE-CeNN,232,0.0116171117624434,0.0171620705594314,1.0,0.8046046013296491,0.0392824397508434
nominal,Geo+AE-CeNN,233,0.0115505418198863,0.0225538684419195,1.0,0.8103938386998447,0.0391717774233341
nominal,Geo+AE-CeNN,234,0.0135693474274863,0.0197590564266484,1.0,0.7994784037088156,0.0394489824071563
nominal,Geo+AE-CeNN,235,0.0230896007966214,0.0410590191498303,1.0,0.7945184332681777,0.0393800656252637
nominal,Geo+AE-CeNN,236,0.0190250085740914,0.0386278181053378,1.0,0.8008350036149189,0.039238777294937
nominal,Geo+AE-CeNN,237,0.0157114297349385,0.0225632213075303,1.0,0.7983521266232132,0.039300532517209
nominal,Geo+AE-CeNN,238,0.0203887519328038,0.0383534293816666,1.0,0.7846852809653239,0.0394664018023973
nominal,Geo+AE-CeNN,239,0.0181588320983193,0.0297853813322087,1.0,0.8095480357280606,0.0395486427913436
nominal,Geo+D1-3AE-CeNN,200,0.0114558936627486,0.0168894820273876,1.0,0.7978565273584217,0.0368372010072008
nominal,Geo+D1-3AE-CeNN,201,0.0129664296608914,0.0193634848408812,1.0,0.8003869784109365,0.0368375570159051
nominal,Geo+D1-3AE-CeNN,202,0.0222027988727933,0.0423968663448512,1.0,0.7889179878551253,0.0368374834803143
nominal,Geo+D1-3AE-CeNN,203,0.0157300797176511,0.0331091632503987,1.0,0.8001695316837465,0.0368368461094222
nominal,Geo+D1-3AE-CeNN,204,0.0156951638814546,0.0228051099792798,1.0,0.8115530275018759,0.0368372193431672
nominal,Geo+D1-3AE-CeNN,205,0.0174296806815867,0.0276334987163269,1.0,0.7946208311072648,0.0368373045581722
nominal,Geo+D1-3AE-CeNN,206,0.0156691023010142,0.0250323985962258,1.0,0.802685348094325,0.0368378688382145
nominal,Geo+D1-3AE-CeNN,207,0.0202643573412865,0.0327946946334393,1.0,0.7928453256035136,0.0368371148309433
nominal,Geo+D1-3AE-CeNN,208,0.0203317076067304,0.0364739424444375,1.0,0.7956178725020401,0.0368368968490221
nominal,Geo+D1-3AE-CeNN,209,0.0144701165401396,0.024342516742139,1.0,0.8064836474213186,0.0368372199678358
nominal,Geo+D1-3AE-CeNN,210,0.0160728116407329,0.0228514481055666,1.0,0.796060462742194,0.036837288695106
nominal,Geo+D1-3AE-CeNN,211,0.0180435084659016,0.0302399663177343,1.0,0.7851536063579901,0.0368369429385198
nominal,Geo+D1-3AE-CeNN,212,0.0170978707832732,0.0239366647557397,1.0,0.8112996559105731,0.0368375571350614
nominal,Geo+D1-3AE-CeNN,213,0.019635755903915,0.0379665990990312,1.0,0.794548353333375,0.0368374749440059
nominal,Geo+D1-3AE-CeNN,214,0.01195831411482,0.0165697179302156,1.0,0.7911965839920778,0.0368370118141695
nominal,Geo+D1-3AE-CeNN,215,0.014233995046513,0.019566300724427,1.0,0.8056796933874816,0.0368369054532515
nominal,Geo+D1-3AE-CeNN,216,0.0126260493225898,0.0190065707411369,1.0,0.8118721694218438,0.0368372563850365
nominal,Geo+D1-3AE-CeNN,217,0.0151791258363916,0.0227202648557157,1.0,0.8018128975866241,0.0368379043443791
nominal,Geo+D1-3AE-CeNN,218,0.0126121481057341,0.0168786304206554,1.0,0.80495586826791,0.0368371781976247
nominal,Geo+D1-3AE-CeNN,219,0.0206259690916,0.0347761977216938,1.0,0.7854249529213945,0.0368375126449981
nominal,Geo+D1-3AE-CeNN,220,0.0124426513137374,0.0229677359869751,1.0,0.807035711897185,0.0368378232235973
nominal,Geo+D1-3AE-CeNN,221,0.0216457531413689,0.0335375131789739,1.0,0.7946937548730761,0.0368367767241163
nominal,Geo+D1-3AE-CeNN,222,0.0125990898314778,0.0167062555410814,1.0,0.7955760852002022,0.0368368872961357
nominal,Geo+D1-3AE-CeNN,223,0.022027529503177,0.0419266862493877,1.0,0.783939309973071,0.0368372913956436
nominal,Geo+D1-3AE-CeNN,224,0.0149442951134407,0.022232731432828,1.0,0.7944427099501756,0.0368369692906576
nominal,Geo+D1-3AE-CeNN,225,0.014023543745738,0.0226804579162347,1.0,0.7978917825263176,0.0368374801332494
nominal,Geo+D1-3AE-CeNN,226,0.0130755862069502,0.01803239275493,1.0,0.8103685925977668,0.03683712690665
nominal,Geo+D1-3AE-CeNN,227,0.011485781763341,0.0165146181637651,1.0,0.7978954949091805,0.0368371340876011
nominal,Geo+D1-3AE-CeNN,228,0.0208022515094819,0.0355727199724265,1.0,0.8002137018877533,0.0368369521430392
nominal,Geo+D1-3AE-CeNN,229,0.0130506046268006,0.0169612906064334,1.0,0.7999636953118873,0.0368375637739789
nominal,Geo+D1-3AE-CeNN,230,0.0241216674784525,0.0432775092727567,1.0,0.7865240436124263,0.0368380242739758
nominal,Geo+D1-3AE-CeNN,231,0.0108649780667005,0.0165240036788969,1.0,0.8002649213620245,0.0368371058367282
nominal,Geo+D1-3AE-CeNN,232,0.011543463620056,0.0167111028478345,1.0,0.8052723213341688,0.0368369586051783
nominal,Geo+D1-3AE-CeNN,233,0.0116980189040141,0.0225539497743504,1.0,0.8110992178596548,0.0368370804976332
nominal,Geo+D1-3AE-CeNN,234,0.0135719261425956,0.0197310756866269,1.0,0.8001044064226801,0.0368371335476437
nominal,Geo+D1-3AE-CeNN,235,0.0236004500851573,0.0411833228446078,1.0,0.7946291347164377,0.0368375922839764
nominal,Geo+D1-3AE-CeNN,236,0.0193857095230202,0.0386280075493761,1.0,0.8012396034810002,0.0368372526165252
nominal,Geo+D1-3AE-CeNN,237,0.0158251943225917,0.0226046825540847,1.0,0.798882236459864,0.0368374384153587
nominal,Geo+D1-3AE-CeNN,238,0.0205626728674063,0.0383535107170386,1.0,0.78529025183377,0.0368373704289814
nominal,Geo+D1-3AE-CeNN,239,0.0179665749727491,0.0296689499071442,1.0,0.8103322642808992,0.0368372854658572
nominal,Geo+D2-HistAE-CeNN,200,0.0087952755239927,0.0143621729858243,1.0,0.8073207321315785,0.1266982397829777
nominal,Geo+D2-HistAE-CeNN,201,0.0128199272517379,0.0193620655726703,1.0,0.8126883331118734,0.1373671486071716
nominal,Geo+D2-HistAE-CeNN,202,0.0207494456701824,0.0423946990110172,1.0,0.8020919441018851,0.1241269933181314
nominal,Geo+D2-HistAE-CeNN,203,0.0168292404080324,0.0331089419421301,1.0,0.8126976400632739,0.1405922872292042
nominal,Geo+D2-HistAE-CeNN,204,0.011910067460109,0.0179850757676659,1.0,0.8204790118930342,0.1258739987473819
nominal,Geo+D2-HistAE-CeNN,205,0.0149464682932312,0.0273906614421897,1.0,0.8078941845768537,0.1316337030969608
nominal,Geo+D2-HistAE-CeNN,206,0.0142999712188958,0.0250336221459525,1.0,0.8185878425398346,0.1467587863792641
nominal,Geo+D2-HistAE-CeNN,207,0.0165440030904271,0.0324199999971198,1.0,0.8023585108873083,0.122558474449509
nominal,Geo+D2-HistAE-CeNN,208,0.0185295888460488,0.0363104682203837,1.0,0.8081437861512532,0.1322451444120727
nominal,Geo+D2-HistAE-CeNN,209,0.0141579524965783,0.0243437998727323,1.0,0.8154240228784979,0.1316515726183997
nominal,Geo+D2-HistAE-CeNN,210,0.0158298869661431,0.0223242096444013,1.0,0.8080056530165473,0.140465405431679
nominal,Geo+D2-HistAE-CeNN,211,0.0157137464650613,0.0302384956860854,1.0,0.7946975884695073,0.1178408054258537
nominal,Geo+D2-HistAE-CeNN,212,0.0118129506734231,0.0200032459668663,1.0,0.8280454315672549,0.1452969311898282
nominal,Geo+D2-HistAE-CeNN,213,0.0212267368806535,0.037965846277445,1.0,0.8090974660552319,0.1385180341472787
nominal,Geo+D2-HistAE-CeNN,214,0.0108203379780449,0.0152382007332787,1.0,0.796722653994475,0.1235629376127782
nominal,Geo+D2-HistAE-CeNN,215,0.0145846433896596,0.0198909146128193,1.0,0.8101303873920457,0.1246851893468278
nominal,Geo+D2-HistAE-CeNN,216,0.0152149748849839,0.0190067163694057,1.0,0.8164398577995391,0.1333735429856312
nominal,Geo+D2-HistAE-CeNN,217,0.0119572897153261,0.0220664295033059,1.0,0.8196159687032546,0.1398094059535742
nominal,Geo+D2-HistAE-CeNN,218,0.0100895193136684,0.0175842136638415,1.0,0.8167997366559658,0.1353282839294743
nominal,Geo+D2-HistAE-CeNN,219,0.018543966164349,0.0346652998632108,1.0,0.802548089566572,0.1360468322851823
nominal,Geo+D2-HistAE-CeNN,220,0.0138624535514448,0.0229705091850168,1.0,0.8138753620185349,0.1339578189895209
nominal,Geo+D2-HistAE-CeNN,221,0.0179729515588324,0.0313036388918261,1.0,0.8047178688009191,0.1184028730242724
nominal,Geo+D2-HistAE-CeNN,222,0.0090313766494108,0.0170959277868858,1.0,0.816358976135615,0.1571788926890737
nominal,Geo+D2-HistAE-CeNN,223,0.0210186160120167,0.0419255817073594,1.0,0.8010963264436989,0.1450038194494212
nominal,Geo+D2-HistAE-CeNN,224,0.0146857059787193,0.0222313293189456,1.0,0.8023575958731005,0.1183236504598114
nominal,Geo+D2-HistAE-CeNN,225,0.0143179139165461,0.0226806584716443,1.0,0.8082951035254812,0.1357829187939641
nominal,Geo+D2-HistAE-CeNN,226,0.0141832939731763,0.018034512963929,1.0,0.812083732092179,0.1349961615384475
nominal,Geo+D2-HistAE-CeNN,227,0.011673749308604,0.0164071267529792,1.0,0.8057726902728995,0.130915966438351
nominal,Geo+D2-HistAE-CeNN,228,0.0193122559728514,0.035629151581038,1.0,0.8076787460212365,0.1161048550548821
nominal,Geo+D2-HistAE-CeNN,229,0.0114203211703376,0.0152281826880138,1.0,0.8177563295313175,0.1645795612208506
nominal,Geo+D2-HistAE-CeNN,230,0.0217107540861687,0.0432759169318945,1.0,0.8039394287513726,0.1338228730543903
nominal,Geo+D2-HistAE-CeNN,231,0.00999031211205,0.0153841646070892,1.0,0.811800891999428,0.1392200746077022
nominal,Geo+D2-HistAE-CeNN,232,0.0103093728470032,0.0156998855989397,1.0,0.813870105442847,0.1386905926617183
nominal,Geo+D2-HistAE-CeNN,233,0.0138572692094486,0.0225537442933029,1.0,0.8164570944401532,0.1339726747159908
nominal,Geo+D2-HistAE-CeNN,234,0.0123972721615485,0.0191705830870204,1.0,0.8093096767019088,0.138822151868688
nominal,Geo+D2-HistAE-CeNN,235,0.0237169124032973,0.0408223934961185,1.0,0.8071303719243583,0.1233981030358284
nominal,Geo+D2-HistAE-CeNN,236,0.022799505496178,0.0386279949565278,1.0,0.810784472227725,0.1308176873824589
nominal,Geo+D2-HistAE-CeNN,237,0.0125556835582926,0.0222837716862661,1.0,0.8140191427489956,0.141251894244261
nominal,Geo+D2-HistAE-CeNN,238,0.0193229213938976,0.0383514763708642,1.0,0.802371280502505,0.134841303181379
nominal,Geo+D2-HistAE-CeNN,239,0.0148413378360054,0.0286722923462107,1.0,0.8242793189407002,0.1438949427955724
nominal,Geo+D3-3HistAE-CeNN,200,0.032274833641712,0.0393319696536431,1.0,0.8188783346157611,0.1793150476118128
nominal,Geo+D3-3HistAE-CeNN,201,0.0320881639658535,0.0384677362580538,1.0,0.8238502799948187,0.1764049215774722
nominal,Geo+D3-3HistAE-CeNN,202,0.0387796172581519,0.0423982172073798,1.0,0.8153931239153792,0.1809635699423131
nominal,Geo+D3-3HistAE-CeNN,203,0.0330350319469604,0.0366259497546346,1.0,0.8197323746311509,0.1784805449586068
nominal,Geo+D3-3HistAE-CeNN,204,0.035180140335841,0.0394990667598695,1.0,0.8400956155457148,0.1851422092193122
nominal,Geo+D3-3HistAE-CeNN,205,0.0378777057577771,0.0421107908114012,1.0,0.8161768551965278,0.1874344064525997
nominal,Geo+D3-3HistAE-CeNN,206,0.0338947795975279,0.0401745759757372,1.0,0.8300958433553642,0.1835764129472546
nominal,Geo+D3-3HistAE-CeNN,207,0.0396450884636726,0.0425408338345307,1.0,0.8137379770970413,0.1829286002591847
nominal,Geo+D3-3HistAE-CeNN,208,0.0375070648025391,0.0416985875232984,1.0,0.8211702738934326,0.183976599237188
nominal,Geo+D3-3HistAE-CeNN,209,0.0318277263653597,0.0373315030724094,1.0,0.8305149969978722,0.1699686570950075
nominal,Geo+D3-3HistAE-CeNN,210,0.0334930651886476,0.038088872782295,1.0,0.8216047568938429,0.1756491583351066
nominal,Geo+D3-3HistAE-CeNN,211,0.0383413670832911,0.0422981512134308,1.0,0.8078228771117075,0.1875896830185587
nominal,Geo+D3-3HistAE-CeNN,212,0.0376167115505804,0.0423513481396382,1.0,0.8358085118823532,0.1817885754788392
nominal,Geo+D3-3HistAE-CeNN,213,0.0352108989308688,0.037967611054296,1.0,0.816078685189836,0.1756768687822785
nominal,Geo+D3-3HistAE-CeNN,214,0.0327475671170151,0.0404916767080158,1.0,0.8168896694819656,0.1798733439678403
nominal,Geo+D3-3HistAE-CeNN,215,0.0336401878453822,0.0397347588787357,1.0,0.8269190012484664,0.1789801854958062
nominal,Geo+D3-3HistAE-CeNN,216,0.0315994006000615,0.0374195174205468,1.0,0.8353757808867477,0.1743912497478751
nominal,Geo+D3-3HistAE-CeNN,217,0.035624861613778,0.0400287450260388,1.0,0.8259942431247448,0.1858060031212175
nominal,Geo+D3-3HistAE-CeNN,218,0.0332939105344664,0.0383005908885809,1.0,0.8265621968031261,0.1804759454079523
nominal,Geo+D3-3HistAE-CeNN,219,0.0387610305168642,0.0412656480497396,1.0,0.8105754145706078,0.1816755978354857
nominal,Geo+D3-3HistAE-CeNN,220,0.031478507287938,0.0379662704684851,1.0,0.8321842576998041,0.1763609892075013
nominal,Geo+D3-3HistAE-CeNN,221,0.0400880713585946,0.0444810155246822,1.0,0.8175053833403866,0.1795842670294432
nominal,Geo+D3-3HistAE-CeNN,222,0.0332172381844952,0.0397261393625593,1.0,0.8211086716910154,0.1812777670232548
nominal,Geo+D3-3HistAE-CeNN,223,0.0392264674420348,0.0419286882509149,1.0,0.8039212118533399,0.1811129794854799
nominal,Geo+D3-3HistAE-CeNN,224,0.0332895733819305,0.0383042170911594,1.0,0.8216220092562844,0.1781043533326188
nominal,Geo+D3-3HistAE-CeNN,225,0.0341510635863553,0.0396678162313517,1.0,0.8206125055574812,0.1814804811851309
nominal,Geo+D3-3HistAE-CeNN,226,0.0319206277643395,0.0393533901250669,1.0,0.8300444023707275,0.1728876929194808
nominal,Geo+D3-3HistAE-CeNN,227,0.0312974500407217,0.038139676683679,1.0,0.821344330247048,0.1764166518854004
nominal,Geo+D3-3HistAE-CeNN,228,0.0399878755363167,0.042376812376078,1.0,0.8214230480339952,0.1858654547882041
nominal,Geo+D3-3HistAE-CeNN,229,0.0342870019950384,0.0408264090197053,1.0,0.822704419603181,0.181521872073075
nominal,Geo+D3-3HistAE-CeNN,230,0.0419613408685286,0.0443874300185536,1.0,0.8081103257461986,0.1868309561561183
nominal,Geo+D3-3HistAE-CeNN,231,0.0332412960892907,0.0411927070607653,1.0,0.8220367796576205,0.1834117777501867
nominal,Geo+D3-3HistAE-CeNN,232,0.0319828031009194,0.0388739803338161,1.0,0.8306051110902601,0.1824911389739661
nominal,Geo+D3-3HistAE-CeNN,233,0.0311711586869616,0.038289301876577,1.0,0.8305834931026944,0.1752733174806488
nominal,Geo+D3-3HistAE-CeNN,234,0.0332352008954602,0.0402781836968106,1.0,0.8214911238195023,0.1833744922875092
nominal,Geo+D3-3HistAE-CeNN,235,0.038714704493407,0.0424428060164057,1.0,0.8148398005911696,0.1719231584673545
nominal,Geo+D3-3HistAE-CeNN,236,0.0370741232213782,0.0395946906271722,1.0,0.8196617524220323,0.1782320903306083
nominal,Geo+D3-3HistAE-CeNN,237,0.0357705939727904,0.0391987981261292,1.0,0.822946078945249,0.1811285562769302
nominal,Geo+D3-3HistAE-CeNN,238,0.036069750010029,0.0383547093066289,1.0,0.8058734953432256,0.1715906489270097
nominal,Geo+D3-3HistAE-CeNN,239,0.0367128098875876,0.0418570806154594,1.0,0.8336329200207478,0.1856410501687752
wind3,Geo,200,0.1538185297101427,0.196988668422521,1.0,1.1574266780853268,0.0
wind3,Geo,201,0.1413546437504134,0.1728946972529763,1.0,2.1510980122798147,0.0
wind3,Geo,202,0.1460191431792113,0.1853976828524708,1.0,1.958078715114216,0.0
wind3,Geo,203,0.1126615143806168,0.1526637028186421,1.0,1.3815117016715226,0.0
wind3,Geo,204,0.1592199464832973,0.1946240978631133,1.0,1.9963661269406463,0.0
wind3,Geo,205,0.1501978897571119,0.2061068532942021,1.0,2.5385417393506264,0.0
wind3,Geo,206,0.1441029273729652,0.1898139876682495,1.0,1.9710089714753012,0.0
wind3,Geo,207,0.1482678502222776,0.1850590541816095,1.0,2.634747680440277,0.0
wind3,Geo,208,0.153668874715081,0.1881036085033465,1.0,1.3713664871881994,0.0
wind3,Geo,209,0.1547222917487789,0.2155952238769569,1.0,0.2310185230800688,0.0
wind3,Geo,210,0.1519663802181877,0.1972533162256655,1.0,0.4448223903915693,0.0
wind3,Geo,211,0.1339931301903219,0.1771268791091473,1.0,0.2216222413919313,0.0
wind3,Geo,212,0.1234941133479107,0.1516601681026125,1.0,2.058528372570425,0.0
wind3,Geo,213,0.1444075471129829,0.1836238621522256,1.0,1.9183555235978091,0.0
wind3,Geo,214,0.1580947134163059,0.1947809322147557,1.0,2.668685001229939,0.0
wind3,Geo,215,0.1635108265504203,0.2300502346465509,1.0,1.9419426312668069,0.0
wind3,Geo,216,0.1190531237430957,0.1542830230340351,1.0,2.2515121478993474,0.0
wind3,Geo,217,0.1253417543329587,0.1603749610526322,1.0,1.7513289281460256,0.0
wind3,Geo,218,0.1447517099409879,0.191887078634363,1.0,2.35696017313644,0.0
wind3,Geo,219,0.151846203346088,0.1848764008558392,1.0,2.253341018630237,0.0
wind3,Geo,220,0.1190938920795797,0.1710356251104131,1.0,1.9406316601880576,0.0
wind3,Geo,221,0.1180449889586292,0.1563046086524732,1.0,1.373683858534142,0.0
wind3,Geo,222,0.125225246393465,0.1649850134476394,1.0,1.945123246105396,0.0
wind3,Geo,223,0.1527358759171158,0.1903385839598077,1.0,2.7759736705349085,0.0
wind3,Geo,224,0.1412827985680267,0.187127518737816,1.0,0.9256156364584452,0.0
wind3,Geo,225,0.1343413985875485,0.200741095820168,1.0,0.5989413769226053,0.0
wind3,Geo,226,0.1604636684137023,0.2100195758498858,1.0,1.26646839410515,0.0
wind3,Geo,227,0.1430917174967976,0.179607436815429,1.0,1.928787407802895,0.0
wind3,Geo,228,0.1706034536810872,0.2437127422330068,1.0,1.1631413544661664,0.0
wind3,Geo,229,0.1492607654575022,0.2186322274550148,1.0,2.036569386866257,0.0
wind3,Geo,230,0.129978828957004,0.1829283131586568,1.0,1.1249263007892127,0.0
wind3,Geo,231,0.1557057815762715,0.2121167974831516,1.0,0.9023281256101012,0.0
wind3,Geo,232,0.1334664284893949,0.1684504738220133,1.0,1.4810575057984776,0.0
wind3,Geo,233,0.1815115111074778,0.2445079379884304,1.0,2.1467460830059264,0.0
wind3,Geo,234,0.1627342369017631,0.2156099857118059,1.0,0.8010720421620914,0.0
wind3,Geo,235,0.1616148346791959,0.2015309774369542,1.0,2.965591621716101,0.0
wind3,Geo,236,0.1433607969636648,0.1892094401600114,1.0,1.6424319227771425,0.0
wind3,Geo,237,0.1213894704252909,0.1614366688703591,1.0,1.2437467874119148,0.0
wind3,Geo,238,0.1342028146831938,0.1836632125214999,1.0,0.4349643121638334,0.0
wind3,Geo,239,0.134925326114273,0.1661011567796448,1.0,1.956461251967516,0.0
wind3,LQR-outer,200,0.1312852275755197,0.1694633869758422,1.0,1.1587843416036612,0.0
wind3,LQR-outer,201,0.118560164950609,0.1431830380934377,1.0,2.114383192325735,0.0
wind3,LQR-outer,202,0.1170552858915447,0.1486719859979476,1.0,1.957746729294175,0.0
wind3,LQR-outer,203,0.0964274937868802,0.1325705430297037,1.0,1.3828147417277623,0.0
wind3,LQR-outer,204,0.128327081126562,0.1543661476110083,1.0,1.988625529316024,0.0
wind3,LQR-outer,205,0.1203426089951594,0.1652814270657716,1.0,2.536056933019786,0.0
wind3,LQR-outer,206,0.1212350030303356,0.1567014737504736,1.0,1.9398581871975864,0.0
wind3,LQR-outer,207,0.1225191235694891,0.1513892049450332,1.0,2.605181196173377,0.0
wind3,LQR-outer,208,0.1329792524563657,0.1627000196830214,1.0,1.3622765338988512,0.0
wind3,LQR-outer,209,0.1263683998243872,0.1752829749254888,1.0,0.2320334684473777,0.0
wind3,LQR-outer,210,0.1220527171532873,0.1606620108010733,1.0,0.4530322690081192,0.0
wind3,LQR-outer,211,0.1092443823941132,0.1459632239360805,1.0,0.2322424794731761,0.0
wind3,LQR-outer,212,0.1013261477017143,0.1216500071172232,1.0,2.0361040583477843,0.0
wind3,LQR-outer,213,0.1233299841285911,0.1547745170628389,1.0,1.8850149292467149,0.0
wind3,LQR-outer,214,0.1334657504161249,0.1623942366367614,1.0,2.6401523681914494,0.0
wind3,LQR-outer,215,0.1410529867698852,0.1978922195163164,1.0,1.9191553021420589,0.0
wind3,LQR-outer,216,0.0963122989784787,0.1249425059814972,1.0,2.241423477581846,0.0
wind3,LQR-outer,217,0.1004876507735008,0.1257982113043224,1.0,1.7385923245774106,0.0
wind3,LQR-outer,218,0.1205939804056885,0.1588463942117689,1.0,2.341850759023598,0.0
wind3,LQR-outer,219,0.1307450611142901,0.1582500720639609,1.0,2.235302972723257,0.0
wind3,LQR-outer,220,0.0959984225269912,0.1366725281133805,1.0,1.9231389587497996,0.0
wind3,LQR-outer,221,0.0982198028479047,0.1305230449037636,1.0,1.3690118418554136,0.0
wind3,LQR-outer,222,0.1049230674625718,0.1377976857298624,1.0,1.9372991966190016,0.0
wind3,LQR-outer,223,0.1235376139614224,0.1501449444775663,1.0,2.745554410961889,0.0
wind3,LQR-outer,224,0.1148481138631182,0.1505119397043243,1.0,0.9241065347955556,0.0
wind3,LQR-outer,225,0.1121835329630038,0.1665961136877267,1.0,0.5996046365446164,0.0
wind3,LQR-outer,226,0.129987985512095,0.1666811827578552,1.0,1.266496404106654,0.0
wind3,LQR-outer,227,0.1181245142746454,0.1451856715885815,1.0,1.910918115100475,0.0
wind3,LQR-outer,228,0.1376778614681042,0.1948696649457437,1.0,1.1620410883827523,0.0
wind3,LQR-outer,229,0.1195979522138247,0.1751213613698574,1.0,2.031674645289705,0.0
wind3,LQR-outer,230,0.1088175109121959,0.1505171157048355,1.0,1.1193509209682382,0.0
wind3,LQR-outer,231,0.1317728231632375,0.1779383551627967,1.0,0.891516012299584,0.0
wind3,LQR-outer,232,0.1141937038295845,0.1421320256274726,1.0,1.4780456106029227,0.0
wind3,LQR-outer,233,0.1459543625013475,0.1926480091141118,1.0,2.1229491927109065,0.0
wind3,LQR-outer,234,0.1371206388228527,0.1836613608378447,1.0,0.7968725345804678,0.0
wind3,LQR-outer,235,0.1299126175829207,0.158107404994978,1.0,2.9301305208613138,0.0
wind3,LQR-outer,236,0.1166078299017151,0.1515959162296901,1.0,1.6264107405114685,0.0
wind3,LQR-outer,237,0.1048518389107905,0.141916758741606,1.0,1.246921358873247,0.0
wind3,LQR-outer,238,0.1122415662810516,0.1517139699476028,1.0,0.4361293473574234,0.0
wind3,LQR-outer,239,0.1153234193998642,0.1405888527580472,1.0,1.9422974887394315,0.0
wind3,LMPC-H40,200,0.267828848098235,0.389989538349769,1.0,1.174600166533418,0.0
wind3,LMPC-H40,201,0.247030236071938,0.3370922477712898,1.0,2.2232408138124264,0.0
wind3,LMPC-H40,202,0.2585545413461786,0.3771450720952425,1.0,1.909752101683754,0.0
wind3,LMPC-H40,203,0.1979234743382732,0.2945038684148326,1.0,1.3362247018700582,0.0
wind3,LMPC-H40,204,0.2789692354648657,0.393571648717632,1.0,1.9711008537397905,0.0
wind3,LMPC-H40,205,0.2616248237771358,0.401154064261231,1.0,2.4970295918965983,0.0
wind3,LMPC-H40,206,0.2552692617757305,0.3458913551729417,1.0,2.012988274329378,0.0
wind3,LMPC-H40,207,0.2629127928360438,0.369611645548585,1.0,2.6577034923285248,0.0
wind3,LMPC-H40,208,0.2680617432323097,0.3646078030195855,1.0,1.4253840498822343,0.0
wind3,LMPC-H40,209,0.2648125569507886,0.417584275098967,1.0,0.2491383735950486,0.0
wind3,LMPC-H40,210,0.2642188731937207,0.3915198577052347,1.0,0.4103242956420892,0.0
wind3,LMPC-H40,211,0.2324634834456586,0.3411970720017037,1.0,0.2187794253846045,0.0
wind3,LMPC-H40,212,0.2247452404417225,0.2977694264208412,1.0,2.08472670693253,0.0
wind3,LMPC-H40,213,0.2510012000518198,0.3413557718996992,1.0,1.9925089132365772,0.0
wind3,LMPC-H40,214,0.2782711523133844,0.3912749966290411,1.0,2.672470285658012,0.0
wind3,LMPC-H40,215,0.2803704948697086,0.4262167296342558,1.0,1.9540156694841624,0.0
wind3,LMPC-H40,216,0.2095260810202056,0.3112293940068557,1.0,2.2369639920661992,0.0
wind3,LMPC-H40,217,0.2230444911345794,0.3031576098957325,1.0,1.717340791292007,0.0
wind3,LMPC-H40,218,0.2536944522363146,0.3798982465344496,1.0,2.3241581078802853,0.0
wind3,LMPC-H40,219,0.2672763478762449,0.3635778201081485,1.0,2.288387128799509,0.0
wind3,LMPC-H40,220,0.201184003472215,0.3245428773422285,1.0,1.92599416480641,0.0
wind3,LMPC-H40,221,0.2042127313372166,0.3058741997494181,1.0,1.3978033971723989,0.0
wind3,LMPC-H40,222,0.2200142898073262,0.2751837599666044,1.0,1.991250355196355,0.0
wind3,LMPC-H40,223,0.2635850036043717,0.3778297980677116,1.0,2.793054916646963,0.0
wind3,LMPC-H40,224,0.2529465820817755,0.3588824363943484,1.0,0.9024007849417218,0.0
wind3,LMPC-H40,225,0.2268082695421418,0.3660031124765605,1.0,0.6211447843420512,0.0
wind3,LMPC-H40,226,0.2832281888521922,0.3971028582420732,1.0,1.2109196898596797,0.0
wind3,LMPC-H40,227,0.2461245690063075,0.3419009141359298,1.0,1.952406946594497,0.0
wind3,LMPC-H40,228,0.2917142461362895,0.4679301940193816,1.0,1.1338052058638506,0.0
wind3,LMPC-H40,229,0.2605621978236795,0.4207124616658206,1.0,1.98555904202779,0.0
wind3,LMPC-H40,230,0.2237116284593553,0.3499771913350293,1.0,1.126123059737924,0.0
wind3,LMPC-H40,231,0.264415736717927,0.4032384324212466,1.0,0.93620037606454,0.0
wind3,LMPC-H40,232,0.239107594571116,0.3184460041760779,1.0,1.4775208341369817,0.0
wind3,LMPC-H40,233,0.3128418407814604,0.4731366435193999,1.0,2.1256761237485944,0.0
wind3,LMPC-H40,234,0.2851423145929933,0.4178982944908824,1.0,0.8069954394797583,0.0
wind3,LMPC-H40,235,0.2833269184427696,0.3930447491854962,1.0,2.984291402754794,0.0
wind3,LMPC-H40,236,0.245243406362955,0.3687312436692658,1.0,1.6806639374115602,0.0
wind3,LMPC-H40,237,0.2143459867789898,0.3068973631964803,1.0,1.2424225571503988,0.0
wind3,LMPC-H40,238,0.2290573643077091,0.3453924362605414,1.0,0.4416203488832915,0.0
wind3,LMPC-H40,239,0.2386874348133894,0.328846518850923,1.0,1.9755073278745403,0.0
wind3,Geo+MLP-D2,200,0.1423758395049609,0.1892757226428193,1.0,1.202512829502567,0.2188082276180198
wind3,Geo+MLP-D2,201,0.1488072888682946,0.1834328187882435,1.0,2.2189301726542983,0.3004932246174223
wind3,Geo+MLP-D2,202,0.1184597511709781,0.1578141935804827,1.0,1.9686308275745648,0.1993913182622193
wind3,Geo+MLP-D2,203,0.0838178865287264,0.1104911218819352,1.0,1.4009747776177162,0.3051960454177537
wind3,Geo+MLP-D2,204,0.1267568677894901,0.1556723734567064,1.0,2.0114957778066134,0.2212520313011083
wind3,Geo+MLP-D2,205,0.1108697483265775,0.1497073557165241,1.0,2.568969872460789,0.2785603112728451
wind3,Geo+MLP-D2,206,0.0944611324439116,0.1228831813104927,1.0,1.905861183880442,0.3373336013619267
wind3,Geo+MLP-D2,207,0.1256952047796638,0.1497355724620679,1.0,2.684350632183917,0.3283259127761169
wind3,Geo+MLP-D2,208,0.1600194707934313,0.1941280349174451,1.0,1.399167156578586,0.1811751401676793
wind3,Geo+MLP-D2,209,0.0823518348142001,0.109253636656385,1.0,0.2276119810620445,0.4550051705962342
wind3,Geo+MLP-D2,210,0.0954430806287095,0.1278958071973811,1.0,0.4724862520771922,0.4042706217381785
wind3,Geo+MLP-D2,211,0.0632521634506286,0.0787312039103343,1.0,0.2577906423192008,0.4492087658768105
wind3,Geo+MLP-D2,212,0.0878850007670053,0.1051026052574649,1.0,2.045766544990692,0.2666572903236687
wind3,Geo+MLP-D2,213,0.1612720325035232,0.1972658443960815,1.0,1.982290023337664,0.2705582169569068
wind3,Geo+MLP-D2,214,0.1491634952467963,0.1837168412582806,1.0,2.73895150003833,0.3343969789584476
wind3,Geo+MLP-D2,215,0.1677658918148387,0.2372166692626009,1.0,1.9930233702811773,0.2322732476054476
wind3,Geo+MLP-D2,216,0.0776392186968828,0.0982841296915221,1.0,2.264876095226966,0.3029164188087659
wind3,Geo+MLP-D2,217,0.1001568947059797,0.1274668696325874,1.0,1.7462522397847282,0.1839280521996348
wind3,Geo+MLP-D2,218,0.1179042081153709,0.1523149075473349,1.0,2.412939255650359,0.2795807553702246
wind3,Geo+MLP-D2,219,0.1526743524558281,0.1841995292763459,1.0,2.304868510383693,0.2967445003929349
wind3,Geo+MLP-D2,220,0.1086383304240175,0.1500355570830266,1.0,1.970920229914575,0.3512865441678389
wind3,Geo+MLP-D2,221,0.0757377971565938,0.1065350458727786,1.0,1.3764780320102947,0.3592335854592831
wind3,Geo+MLP-D2,222,0.1289506145362302,0.1699328063286484,1.0,1.9950660482651927,0.3069189225905205
wind3,Geo+MLP-D2,223,0.1131991731969199,0.1315160466985648,1.0,2.792999335801584,0.3959898588988357
wind3,Geo+MLP-D2,224,0.1030221968115666,0.1371072536075542,1.0,0.9435477119095912,0.3647453686214072
wind3,Geo+MLP-D2,225,0.126811802287711,0.187047384023152,1.0,0.621528302433651,0.2774963652808064
wind3,Geo+MLP-D2,226,0.13070686632429,0.1691780406655439,1.0,1.2878351337753124,0.3200024976422904
wind3,Geo+MLP-D2,227,0.1055723390047733,0.1317948017101027,1.0,1.9390874491885173,0.3705818865135851
wind3,Geo+MLP-D2,228,0.1292464666978225,0.1862928980175591,1.0,1.1835898633412876,0.3291861715798712
wind3,Geo+MLP-D2,229,0.1133286812166064,0.1703460820379085,1.0,2.064260029549603,0.2426331201957458
wind3,Geo+MLP-D2,230,0.1035561200538801,0.140275331765818,1.0,1.13850994287927,0.2302515695647901
wind3,Geo+MLP-D2,231,0.1476613338969378,0.2095861767135527,1.0,0.9276557879509184,0.2351343360558935
wind3,Geo+MLP-D2,232,0.1044186657805234,0.133844933209661,1.0,1.4840152599066383,0.3028698061805489
wind3,Geo+MLP-D2,233,0.1470540027743424,0.1997148120792889,1.0,2.111532251794344,0.2233432121159028
wind3,Geo+MLP-D2,234,0.1020869959869673,0.1330305169236395,1.0,0.7928422048536313,0.452631450913185
wind3,Geo+MLP-D2,235,0.1108273673563018,0.1324555103280623,1.0,2.979988927483593,0.3726372063464712
wind3,Geo+MLP-D2,236,0.1432402245270023,0.1947077990746001,1.0,1.6786724984344483,0.3302370938974046
wind3,Geo+MLP-D2,237,0.0850561197623317,0.1108265240778361,1.0,1.265400021366573,0.3482304382166066
wind3,Geo+MLP-D2,238,0.0714301490097309,0.0932001697366022,1.0,0.4360988003577106,0.432490988116482
wind3,Geo+MLP-D2,239,0.1258739345076974,0.1526407729856105,1.0,2.0130498860583748,0.2467385321321298
wind3,Geo+CeNN-D2,200,0.1411693964046321,0.194867530390117,1.0,1.5531670898096783,0.6280372886396679
wind3,Geo+CeNN-D2,201,0.1357728204330011,0.1644257837806506,1.0,2.541435523999364,0.6259457530723129
wind3,Geo+CeNN-D2,202,0.1213386641385457,0.1723610936492612,1.0,2.189576106618535,0.5247462166511251
wind3,Geo+CeNN-D2,203,0.1057543600151454,0.1566791967742204,1.0,1.755412954224924,0.6192951459555041
wind3,Geo+CeNN-D2,204,0.1400473790149139,0.1841164241721632,1.0,2.381614001525907,0.6341285026844782
wind3,Geo+CeNN-D2,205,0.1386235540437379,0.1967998411987075,1.0,2.9617655328906487,0.650907402996017
wind3,Geo+CeNN-D2,206,0.1395776474507306,0.1779359504622743,1.0,2.361366629802327,0.6326287545614571
wind3,Geo+CeNN-D2,207,0.1478729447200623,0.1904020759503705,1.0,3.0201774916257644,0.6076340836494128
wind3,Geo+CeNN-D2,208,0.1401895307860911,0.1824669384932532,1.0,1.5884624568561994,0.4892305014962298
wind3,Geo+CeNN-D2,209,0.1610823097766762,0.2305084349296365,1.0,0.7009249572092979,0.6559699636174381
wind3,Geo+CeNN-D2,210,0.15111144704735,0.2131956353826733,1.0,0.7796163801435798,0.5797515157510256
wind3,Geo+CeNN-D2,211,0.1399030596032471,0.1938452796152359,1.0,0.696571180142526,0.6778016914229715
wind3,Geo+CeNN-D2,212,0.1155599783405069,0.1404600260512237,1.0,2.5558718174111648,0.7036177218047749
wind3,Geo+CeNN-D2,213,0.134366245620278,0.1729425349962371,1.0,2.264960725598159,0.6066022268836545
wind3,Geo+CeNN-D2,214,0.1582130719686313,0.203585297055693,1.0,3.093938262479809,0.6338623915990288
wind3,Geo+CeNN-D2,215,0.1497059408839465,0.215434707076816,1.0,2.340312046775023,0.6313114762151857
wind3,Geo+CeNN-D2,216,0.1150053537519398,0.157795777456881,1.0,2.689444238288267,0.6488705586044792
wind3,Geo+CeNN-D2,217,0.1065458088198097,0.1357253074178583,1.0,2.058003926416873,0.5771861063652796
wind3,Geo+CeNN-D2,218,0.1398052435066689,0.193719960989674,1.0,2.8041864384368083,0.6597804429493501
wind3,Geo+CeNN-D2,219,0.1479458598600565,0.1854677540423717,1.0,2.7396348330196467,0.6837501776928686
wind3,Geo+CeNN-D2,220,0.1111617384179663,0.1632589894162073,1.0,2.2260286899390955,0.5424852424119969
wind3,Geo+CeNN-D2,221,0.1142011208079706,0.1605308488604897,1.0,1.6750572332371472,0.5429200311177859
wind3,Geo+CeNN-D2,222,0.123663839361731,0.1585705095011715,1.0,2.3875640777788245,0.6681118935507744
wind3,Geo+CeNN-D2,223,0.1544834179890802,0.1965500630615445,1.0,3.2569983211047706,0.68771646961818
wind3,Geo+CeNN-D2,224,0.1314530640171816,0.176802044397614,1.0,1.2970789801719809,0.632495495619674
wind3,Geo+CeNN-D2,225,0.1229399116375401,0.1951280021049646,1.0,0.9874660248920604,0.624009394985593
wind3,Geo+CeNN-D2,226,0.1452574738197924,0.1893467382397964,1.0,1.682367983247708,0.6636079377206887
wind3,Geo+CeNN-D2,227,0.1389829000120726,0.1763283131892105,1.0,2.315863775524931,0.6116755480611634
wind3,Geo+CeNN-D2,228,0.1548271765247944,0.2350476686885863,1.0,1.3792762448647145,0.5133717647903703
wind3,Geo+CeNN-D2,229,0.1290373658696976,0.2028399360129268,1.0,2.284710323581997,0.5344206265922838
wind3,Geo+CeNN-D2,230,0.119172221377757,0.1775827770478163,1.0,1.4220555947589792,0.5431579343450065
wind3,Geo+CeNN-D2,231,0.1411036027445205,0.1992989827731648,1.0,1.3371095931140575,0.6615606730674588
wind3,Geo+CeNN-D2,232,0.126228231295629,0.1610772383502204,1.0,1.910461325129664,0.6549162972790233
wind3,Geo+CeNN-D2,233,0.1569481599235598,0.2191955748691669,1.0,2.482267391119918,0.6122183567256508
wind3,Geo+CeNN-D2,234,0.1682370905993304,0.2363186135469229,1.0,1.2971511703987175,0.695167604801723
wind3,Geo+CeNN-D2,235,0.1612050681828458,0.2039275543583781,1.0,3.356113368422508,0.6280004863907371
wind3,Geo+CeNN-D2,236,0.1262889290893237,0.1761841822831833,1.0,1.824056709891133,0.4515934331123847
wind3,Geo+CeNN-D2,237,0.1201483436920931,0.1699463922304853,1.0,1.659001720755252,0.6450377366258685
wind3,Geo+CeNN-D2,238,0.1419245223819243,0.1990694954583833,1.0,0.8192776172803474,0.5985129138705988
wind3,Geo+CeNN-D2,239,0.1291406353169624,0.1587451238479965,1.0,2.382421069812117,0.6416893003632012
wind3,Geo+AE-CeNN,200,0.1498217144797005,0.1922992894018293,1.0,1.1528598917014057,0.0321016632221994
wind3,Geo+AE-CeNN,201,0.1398298119002866,0.170918258908709,1.0,2.151868582118607,0.0331715970668472
wind3,Geo+AE-CeNN,202,0.1488037699787894,0.1895621513052863,1.0,1.9579290775599143,0.0407316542922446
wind3,Geo+AE-CeNN,203,0.1196787985253318,0.162175647257823,1.0,1.3835854730094574,0.0464304908487529
wind3,Geo+AE-CeNN,204,0.1600415940148552,0.1957966225529595,1.0,1.993748400632628,0.0350239122267544
wind3,Geo+AE-CeNN,205,0.1513484857283925,0.2082537337170419,1.0,2.5379164532078304,0.0358966060237833
wind3,Geo+AE-CeNN,206,0.1518715575573427,0.1993746237406571,1.0,1.9794601509341387,0.0487625306077362
wind3,Geo+AE-CeNN,207,0.1469205388415079,0.183474231430156,1.0,2.6349311063794825,0.0298570230995974
wind3,Geo+AE-CeNN,208,0.1493557113300067,0.1832130285133744,1.0,1.368385239807398,0.0320992345705681
wind3,Geo+AE-CeNN,209,0.1595653388885299,0.2222455101982939,1.0,0.2351497705849947,0.0492203496988053
wind3,Geo+AE-CeNN,210,0.1533869013799234,0.2005371487586292,1.0,0.443077649007862,0.0436219919460686
wind3,Geo+AE-CeNN,211,0.1382067820989002,0.1822811957946745,1.0,0.2216418137482088,0.0479494063051123
wind3,Geo+AE-CeNN,212,0.1297814207901579,0.1594908335161378,1.0,2.062520396077637,0.0459283171265332
wind3,Geo+AE-CeNN,213,0.1417333903623523,0.1801314948155387,1.0,1.9168280891960157,0.0339234326592413
wind3,Geo+AE-CeNN,214,0.1558797751416998,0.1928235734934532,1.0,2.6676433729437785,0.0303185945639339
wind3,Geo+AE-CeNN,215,0.1588522174043408,0.224352768318241,1.0,1.9363654657222829,0.0322908477717212
wind3,Geo+AE-CeNN,216,0.1244518320440126,0.1608228333792224,1.0,2.25530669846859,0.0441014589418241
wind3,Geo+AE-CeNN,217,0.1280601270841632,0.1640072490030379,1.0,1.7527589829998371,0.0402007325205982
wind3,Geo+AE-CeNN,218,0.1421423076668403,0.18898034348827,1.0,2.3541839844580945,0.0278153093355595
wind3,Geo+AE-CeNN,219,0.1483362265163941,0.1805973273452452,1.0,2.250943508930261,0.0305061905447964
wind3,Geo+AE-CeNN,220,0.1219337908885054,0.1751545508248192,1.0,1.942080735740823,0.0415725533062275
wind3,Geo+AE-CeNN,221,0.1252261417619942,0.1652073852651085,1.0,1.37834716213753,0.0502840977655416
wind3,Geo+AE-CeNN,222,0.1245440829165871,0.1649203521107007,1.0,1.9453028979216267,0.0333689395483669
wind3,Geo+AE-CeNN,223,0.1562199408306473,0.1951251264190183,1.0,2.7780060757446883,0.0405999430468159
wind3,Geo+AE-CeNN,224,0.1456774176428088,0.1926878352124683,1.0,0.9275260575472049,0.0455455208536113
wind3,Geo+AE-CeNN,225,0.1329760407769648,0.1998049269888234,1.0,0.5968896859594115,0.0361749030842501
wind3,Geo+AE-CeNN,226,0.1641780807851971,0.2148153654241798,1.0,1.2675202902202076,0.0439519559756927
wind3,Geo+AE-CeNN,227,0.1490894569047162,0.1872490915575076,1.0,1.93237753205454,0.0484817880110138
wind3,Geo+AE-CeNN,228,0.1707379212956958,0.2440805961628202,1.0,1.1608982618742505,0.0347789899747924
wind3,Geo+AE-CeNN,229,0.1493456700525952,0.2190927478582059,1.0,2.0351570726687807,0.0317805116839392
wind3,Geo+AE-CeNN,230,0.1267886728509237,0.1803932943438378,1.0,1.1222405400909838,0.0296801293008938
wind3,Geo+AE-CeNN,231,0.1528109322532175,0.2091760451069832,1.0,0.8989627533091035,0.0342096045340602
wind3,Geo+AE-CeNN,232,0.1404798132090975,0.1771483193476244,1.0,1.4851581686925068,0.0460945854297245
wind3,Geo+AE-CeNN,233,0.1829360406681556,0.2463619333887968,1.0,2.1463543402580907,0.0369757865235373
wind3,Geo+AE-CeNN,234,0.1693539051946132,0.224062428594039,1.0,0.8059395922966777,0.0494780121210131
wind3,Geo+AE-CeNN,235,0.1645392303313853,0.2054985707771276,1.0,2.9681520192394224,0.0390692626392865
wind3,Geo+AE-CeNN,236,0.1455220819841346,0.1918903023735994,1.0,1.6438883408016147,0.0408430739664928
wind3,Geo+AE-CeNN,237,0.1287211019828519,0.170976300039651,1.0,1.246104821073822,0.0476273722178725
wind3,Geo+AE-CeNN,238,0.1395634809322386,0.1894535926440817,1.0,0.437255920076887,0.0482677303246176
wind3,Geo+AE-CeNN,239,0.1309450707070903,0.1609619563502969,1.0,1.9532786434328744,0.0284560356743107
wind3,Geo+D1-3AE-CeNN,200,0.1481324414855309,0.1898121834123145,1.0,1.1543143741133366,0.0368354337031089
wind3,Geo+D1-3AE-CeNN,201,0.1394797748350945,0.1705876987848014,1.0,2.151401645360913,0.0368355998382837
wind3,Geo+D1-3AE-CeNN,202,0.1454633715624769,0.1849248844304159,1.0,1.9583919766906328,0.0368390748382775
wind3,Geo+D1-3AE-CeNN,203,0.1169483391667933,0.1588691438866676,1.0,1.3845755715333472,0.0368393437907982
wind3,Geo+D1-3AE-CeNN,204,0.1567769078288354,0.1911217464399305,1.0,1.9943277221889684,0.036838870366707
wind3,Geo+D1-3AE-CeNN,205,0.1492766298870878,0.2050156247199764,1.0,2.5379586557307032,0.0368389863198108
wind3,Geo+D1-3AE-CeNN,206,0.149969782865446,0.1970092709323462,1.0,1.9770044399548528,0.0368395216018701
wind3,Geo+D1-3AE-CeNN,207,0.1452470650520862,0.1810396552420282,1.0,2.633558720271182,0.0368365520397245
wind3,Geo+D1-3AE-CeNN,208,0.1485338461862,0.1811252878425709,1.0,1.3687727544035797,0.0368359887097786
wind3,Geo+D1-3AE-CeNN,209,0.1555997938125808,0.2167208040281105,1.0,0.2339975435160616,0.0368364047949434
wind3,Geo+D1-3AE-CeNN,210,0.1496406635003854,0.1953128874256393,1.0,0.4436678926064138,0.0368361071853512
wind3,Geo+D1-3AE-CeNN,211,0.1350890239967921,0.1785994649397706,1.0,0.2229400564057995,0.0368350290090393
wind3,Geo+D1-3AE-CeNN,212,0.1274693396614088,0.1564368892951847,1.0,2.061923442896016,0.0368385400504049
wind3,Geo+D1-3AE-CeNN,213,0.1416348227820781,0.179798469410227,1.0,1.9164617078712525,0.0368348987156868
wind3,Geo+D1-3AE-CeNN,214,0.154548041108101,0.1907281851752145,1.0,2.6666700990789534,0.0368347511458662
wind3,Geo+D1-3AE-CeNN,215,0.1584219673301874,0.2237369309430841,1.0,1.9380196495541355,0.0368347605763357
wind3,Geo+D1-3AE-CeNN,216,0.1225825993043055,0.1579352888886022,1.0,2.2540811999196904,0.0368376401823067
wind3,Geo+D1-3AE-CeNN,217,0.1248767381259512,0.1598024670755898,1.0,1.7530343946904277,0.036838385508979
wind3,Geo+D1-3AE-CeNN,218,0.1401001800312619,0.1861137919430745,1.0,2.3547998336523324,0.0368370064287458
wind3,Geo+D1-3AE-CeNN,219,0.1475665068966279,0.1793735438355539,1.0,2.251403594421744,0.036835197507489
wind3,Geo+D1-3AE-CeNN,220,0.1221448216714746,0.1752751335260873,1.0,1.9427019806609984,0.0368371607151629
wind3,Geo+D1-3AE-CeNN,221,0.1238740353525209,0.1633681939950415,1.0,1.3780529127888257,0.0368385356191385
wind3,Geo+D1-3AE-CeNN,222,0.1243164828954256,0.1647749039571081,1.0,1.945379319558894,0.0368356221504606
wind3,Geo+D1-3AE-CeNN,223,0.155167490114212,0.1936907656719893,1.0,2.777592074242803,0.0368384415680195
wind3,Geo+D1-3AE-CeNN,224,0.1416234875081405,0.1874181992475381,1.0,0.927247556995602,0.0368366111972194
wind3,Geo+D1-3AE-CeNN,225,0.1315913478462705,0.1975567289876746,1.0,0.5981145645190553,0.0368347942263356
wind3,Geo+D1-3AE-CeNN,226,0.1600627125147661,0.2094832375157596,1.0,1.2672064726862395,0.0368368175510847
wind3,Geo+D1-3AE-CeNN,227,0.148299442390395,0.1861590209815253,1.0,1.9319780463284135,0.0368374120871434
wind3,Geo+D1-3AE-CeNN,228,0.1670712739644507,0.2390532786434621,1.0,1.161007513607497,0.0368344482300826
wind3,Geo+D1-3AE-CeNN,229,0.1461957632591015,0.2144974275136421,1.0,2.0356146528173977,0.0368388755575848
wind3,Geo+D1-3AE-CeNN,230,0.1240108501723829,0.1759603057502322,1.0,1.122794284277263,0.0368349169095742
wind3,Geo+D1-3AE-CeNN,231,0.1513115192087331,0.2071074982933127,1.0,0.899899324904938,0.0368348331665756
wind3,Geo+D1-3AE-CeNN,232,0.137578781487377,0.1738521654714146,1.0,1.485163839076017,0.0368402278721863
wind3,Geo+D1-3AE-CeNN,233,0.1795097958407784,0.2414215321342561,1.0,2.145600156795194,0.0368370384734959
wind3,Geo+D1-3AE-CeNN,234,0.1654385171381762,0.2186343395975575,1.0,0.8051268690795123,0.0368401183451775
wind3,Geo+D1-3AE-CeNN,235,0.1627323582194809,0.2029302714180587,1.0,2.966911727552355,0.0368386171189801
wind3,Geo+D1-3AE-CeNN,236,0.1455040196528947,0.1915561831888391,1.0,1.6440752352887524,0.0368382928088651
wind3,Geo+D1-3AE-CeNN,237,0.1259455675054419,0.1674099890315292,1.0,1.247060320761696,0.0368409875737022
wind3,Geo+D1-3AE-CeNN,238,0.1356454333684743,0.1839311353402734,1.0,0.4369979592273594,0.0368381881931417
wind3,Geo+D1-3AE-CeNN,239,0.1295823319107497,0.1591505728620533,1.0,1.9540430164788776,0.036835240326103
wind3,Geo+D2-HistAE-CeNN,200,0.1167909357285582,0.1585208236171759,1.0,1.1598454697359786,0.2426909581043203
wind3,Geo+D2-HistAE-CeNN,201,0.1238004857173246,0.1474052191825952,1.0,2.092633623545886,0.2032788179586215
wind3,Geo+D2-HistAE-CeNN,202,0.083515132581941,0.1136951418960809,1.0,1.932900402961003,0.3421070410569709
wind3,Geo+D2-HistAE-CeNN,203,0.0831366165111735,0.1276678670920578,1.0,1.3721021665565738,0.2336416583179981
wind3,Geo+D2-HistAE-CeNN,204,0.1079660709103723,0.1387684578957274,1.0,1.9725374480739748,0.2880774467542255
wind3,Geo+D2-HistAE-CeNN,205,0.1166473412676624,0.1620181761459015,1.0,2.525031914013632,0.2598302934782167
wind3,Geo+D2-HistAE-CeNN,206,0.1132655361772223,0.1440883041345811,1.0,1.913609028060842,0.2183341498035058
wind3,Geo+D2-HistAE-CeNN,207,0.140921475696484,0.1790333270172389,1.0,2.61074656207761,0.15221035881219
wind3,Geo+D2-HistAE-CeNN,208,0.1161990643809239,0.1476449816658013,1.0,1.3729634120445062,0.2598622938949185
wind3,Geo+D2-HistAE-CeNN,209,0.1515136783490616,0.2217333463648518,1.0,0.2526254501112842,0.1306532881832403
wind3,Geo+D2-HistAE-CeNN,210,0.1345994090734008,0.1908242404198041,1.0,0.4580033758394868,0.1788363043636521
wind3,Geo+D2-HistAE-CeNN,211,0.134299785593383,0.1896115002689403,1.0,0.2463878473110263,0.1440965092475833
wind3,Geo+D2-HistAE-CeNN,212,0.0868107740005906,0.1046430015377125,1.0,2.0197661209477125,0.2532388625970796
wind3,Geo+D2-HistAE-CeNN,213,0.1154921072994994,0.1494974589433791,1.0,1.889795314676185,0.2707211074612211
wind3,Geo+D2-HistAE-CeNN,214,0.149174242565109,0.1909168646414118,1.0,2.647127238989674,0.1678182023027292
wind3,Geo+D2-HistAE-CeNN,215,0.1241296244709853,0.174486210826311,1.0,1.904510918593101,0.2799988990018798
wind3,Geo+D2-HistAE-CeNN,216,0.0949180357816655,0.1267709874765563,1.0,2.237038142306598,0.2249147590164931
wind3,Geo+D2-HistAE-CeNN,217,0.0697547693871001,0.0868326737693683,1.0,1.7109412217195157,0.2971127264242753
wind3,Geo+D2-HistAE-CeNN,218,0.1249007109099975,0.1705740266240524,1.0,2.348602748062962,0.1765106287055568
wind3,Geo+D2-HistAE-CeNN,219,0.1396998630280805,0.172639585984687,1.0,2.2585595414299133,0.1844779475457679
wind3,Geo+D2-HistAE-CeNN,220,0.0932925893501055,0.1364018262076943,1.0,1.9213552739767792,0.2067177751684766
wind3,Geo+D2-HistAE-CeNN,221,0.0917910172989684,0.1306062862762769,1.0,1.362182806922671,0.1956615799287407
wind3,Geo+D2-HistAE-CeNN,222,0.1171619157365952,0.1441496271202485,1.0,1.9454442999810109,0.1731231446656008
wind3,Geo+D2-HistAE-CeNN,223,0.1429425494472492,0.1826128237201131,1.0,2.7377246777419297,0.1351691901909655
wind3,Geo+D2-HistAE-CeNN,224,0.1061740698055342,0.1453459772830794,1.0,0.9045700969757758,0.2772466637757682
wind3,Geo+D2-HistAE-CeNN,225,0.0941062918884706,0.1509345443506438,1.0,0.6025404118154128,0.2762348247143635
wind3,Geo+D2-HistAE-CeNN,226,0.1102827220697516,0.1422325469410626,1.0,1.245867650064484,0.3113834828776807
wind3,Geo+D2-HistAE-CeNN,227,0.115471964447499,0.1449203392537275,1.0,1.899924305523255,0.1828648735013735
wind3,Geo+D2-HistAE-CeNN,228,0.1270159814427043,0.1902698881257516,1.0,1.1533355709541946,0.2599087687259731
wind3,Geo+D2-HistAE-CeNN,229,0.1018531298830012,0.1600077675193982,1.0,2.013373812375975,0.2823535221320712
wind3,Geo+D2-HistAE-CeNN,230,0.1003296115141327,0.1419040462193964,1.0,1.123797464380213,0.1997782494770028
wind3,Geo+D2-HistAE-CeNN,231,0.1147649224826485,0.1571911393584962,1.0,0.8817533778749524,0.2786187904499816
wind3,Geo+D2-HistAE-CeNN,232,0.1000097058034526,0.1249240236466488,1.0,1.4736878333982282,0.2573482139443727
wind3,Geo+D2-HistAE-CeNN,233,0.1189920843640819,0.1637214946300738,1.0,2.09013890220104,0.3316582840279786
wind3,Geo+D2-HistAE-CeNN,234,0.1577194849152697,0.2281902414232156,1.0,0.7873109692639249,0.1677032969393353
wind3,Geo+D2-HistAE-CeNN,235,0.1445584794926508,0.1815103365923781,1.0,2.92020205418498,0.1786326764339921
wind3,Geo+D2-HistAE-CeNN,236,0.0924875271786305,0.1233512739559936,1.0,1.6157972535109826,0.3076796197379071
wind3,Geo+D2-HistAE-CeNN,237,0.1005600532074406,0.1509305869362229,1.0,1.2484576500409148,0.2203490062817995
wind3,Geo+D2-HistAE-CeNN,238,0.1348482086724392,0.1905473446213272,1.0,0.436796820979983,0.1480490733796131
wind3,Geo+D2-HistAE-CeNN,239,0.1175982447091341,0.1430496759241307,1.0,1.946408572216998,0.1672048542256535
wind3,Geo+D3-3HistAE-CeNN,200,0.1474002904090114,0.1869095202053065,1.0,1.1726824802595144,0.1814230318556632
wind3,Geo+D3-3HistAE-CeNN,201,0.156524306260823,0.1911027872000704,1.0,2.17685933219329,0.1622826912108844
wind3,Geo+D3-3HistAE-CeNN,202,0.1612918763811548,0.2044554352984193,1.0,1.974239518656984,0.1533841188115236
wind3,Geo+D3-3HistAE-CeNN,203,0.122267221453534,0.1732768088119012,1.0,1.3929718801797408,0.1795765668324892
wind3,Geo+D3-3HistAE-CeNN,204,0.1775464020122242,0.2212513861503069,1.0,2.017586118882177,0.1663985801177847
wind3,Geo+D3-3HistAE-CeNN,205,0.1656065830211237,0.2180696542904378,1.0,2.552899926402366,0.1815616523689279
wind3,Geo+D3-3HistAE-CeNN,206,0.1719605989151792,0.2251018896388806,1.0,1.991736082556948,0.1971523397359919
wind3,Geo+D3-3HistAE-CeNN,207,0.1552612143021592,0.1900759146739161,1.0,2.6491170326259064,0.1407589339450625
wind3,Geo+D3-3HistAE-CeNN,208,0.1591760994055764,0.1925686976301026,1.0,1.3940021290457485,0.2234337529119363
wind3,Geo+D3-3HistAE-CeNN,209,0.1350177495997715,0.1884661900973691,1.0,0.2391724264460731,0.1641113153744411
wind3,Geo+D3-3HistAE-CeNN,210,0.1259023384170372,0.1689576272872406,1.0,0.4221313375336147,0.1842012363518486
wind3,Geo+D3-3HistAE-CeNN,211,0.120749240349673,0.1674591317762776,1.0,0.2454464412472879,0.1738511298751225
wind3,Geo+D3-3HistAE-CeNN,212,0.1386376339427746,0.1664648477702913,1.0,2.071590767137047,0.1446268084161606
wind3,Geo+D3-3HistAE-CeNN,213,0.1595994818144887,0.2000390678739607,1.0,1.9451310058046665,0.1799068795643295
wind3,Geo+D3-3HistAE-CeNN,214,0.1603325392593384,0.1955892128632576,1.0,2.663806373052421,0.1576600006600472
wind3,Geo+D3-3HistAE-CeNN,215,0.1682933114839853,0.2368329682005674,1.0,1.98209270172214,0.2068851442356685
wind3,Geo+D3-3HistAE-CeNN,216,0.1306790872819368,0.1756500521562106,1.0,2.261344375098284,0.1554426341190807
wind3,Geo+D3-3HistAE-CeNN,217,0.1375004514362664,0.1765745164410668,1.0,1.7707794713042582,0.1437452477488784
wind3,Geo+D3-3HistAE-CeNN,218,0.1475040926214402,0.1869372421125573,1.0,2.373737854638987,0.1421800178938437
wind3,Geo+D3-3HistAE-CeNN,219,0.1541230296123477,0.1851072478944978,1.0,2.2566395980202305,0.2069122734003328
wind3,Geo+D3-3HistAE-CeNN,220,0.1470058866911057,0.2066345579515954,1.0,1.9733495499835507,0.188074783161728
wind3,Geo+D3-3HistAE-CeNN,221,0.1414000495390195,0.1892449154093984,1.0,1.4017204006437978,0.1985948771663883
wind3,Geo+D3-3HistAE-CeNN,222,0.148252256363656,0.1904489962298216,1.0,1.979501881024854,0.1780996266417892
wind3,Geo+D3-3HistAE-CeNN,223,0.1751204656739672,0.2154873014360561,1.0,2.7839892045701418,0.1664223744245606
wind3,Geo+D3-3HistAE-CeNN,224,0.1322912316590219,0.1768328941045264,1.0,0.9216276798166464,0.1856546159150932
wind3,Geo+D3-3HistAE-CeNN,225,0.137399639201405,0.2200717747588187,1.0,0.6242404805346091,0.1959888000936468
wind3,Geo+D3-3HistAE-CeNN,226,0.1606722088863364,0.2102122744977394,1.0,1.2592584973113723,0.1955240512240167
wind3,Geo+D3-3HistAE-CeNN,227,0.1741437358761968,0.2220636438091612,1.0,1.9662184334487236,0.2103802978546021
wind3,Geo+D3-3HistAE-CeNN,228,0.1619551004400026,0.241741544063792,1.0,1.156723709919406,0.1836692714387042
wind3,Geo+D3-3HistAE-CeNN,229,0.1641008715327299,0.2383722784076811,1.0,2.05373238284188,0.1413886593035016
wind3,Geo+D3-3HistAE-CeNN,230,0.1145734702150437,0.1631833530623729,1.0,1.127063935702462,0.1627517670420374
wind3,Geo+D3-3HistAE-CeNN,231,0.1541515927172559,0.2173761385027747,1.0,0.9286826164793178,0.1776539722483892
wind3,Geo+D3-3HistAE-CeNN,232,0.1466873315971179,0.1833780194367922,1.0,1.5137067979446683,0.1894500947889795
wind3,Geo+D3-3HistAE-CeNN,233,0.1982551220622726,0.2689776354173938,1.0,2.1613466117617848,0.1618936462042788
wind3,Geo+D3-3HistAE-CeNN,234,0.1527457968509098,0.2030961220536967,1.0,0.8097621016219101,0.1891429643978131
wind3,Geo+D3-3HistAE-CeNN,235,0.1706432427557007,0.2076899645443864,1.0,2.962115687531093,0.1677569427272843
wind3,Geo+D3-3HistAE-CeNN,236,0.1654042379623342,0.2164074117316149,1.0,1.6662803700529143,0.1979230248979208
wind3,Geo+D3-3HistAE-CeNN,237,0.130287661852579,0.1789448970895348,1.0,1.2530975010866168,0.1855722057521767
wind3,Geo+D3-3HistAE-CeNN,238,0.118116603877169,0.1560190066477762,1.0,0.448693228254141,0.1769425514577319
wind3,Geo+D3-3HistAE-CeNN,239,0.135118969059518,0.165863744217478,1.0,1.9706840101681136,0.1416737578658571
force_step,Geo,200,0.084371537169354,0.1742791009442867,1.0,1.7985763873072482,0.0
force_step,Geo,201,0.0641984583785288,0.1647734061943425,1.0,1.5016593053478569,0.0
force_step,Geo,202,0.0872564802326086,0.2078793420769414,1.0,0.7004495702712836,0.0
force_step,Geo,203,0.0846317843533479,0.1860908183882398,1.0,0.6081671315563338,0.0
force_step,Geo,204,0.0951318950841702,0.2132043947293197,1.0,1.2173010055610662,0.0
force_step,Geo,205,0.0696486812299071,0.1810192319323558,1.0,1.3489427261426952,0.0
force_step,Geo,206,0.0656857075746504,0.1684183664385452,1.0,1.688645720644481,0.0
force_step,Geo,207,0.0736858034330685,0.1810072981328844,1.0,1.1027311571886125,0.0
force_step,Geo,208,0.0690859300809786,0.1722764678450566,1.0,1.5357683513970246,0.0
force_step,Geo,209,0.0675970366583222,0.1669047623887251,1.0,1.239162362097812,0.0
force_step,Geo,210,0.0680871667904655,0.1785877050510677,1.0,0.9965221185385674,0.0
force_step,Geo,211,0.0509061048217357,0.1342402748328661,1.0,1.3338234243314715,0.0
force_step,Geo,212,0.0481598487150056,0.1434172433736742,1.0,1.3685505529852426,0.0
force_step,Geo,213,0.0690611459587061,0.1737242916101843,1.0,0.950039897989727,0.0
force_step,Geo,214,0.0452533821237711,0.140768029449162,1.0,1.0618940388753757,0.0
force_step,Geo,215,0.0734987359916986,0.1820900839112085,1.0,1.5852383523343687,0.0
force_step,Geo,216,0.0776201192213604,0.1982158565131414,1.0,0.6107348218299201,0.0
force_step,Geo,217,0.0467536038827841,0.1402770719130557,1.0,0.9200388177798076,0.0
force_step,Geo,218,0.0895437407851051,0.1854353815388699,1.0,1.9751182615072809,0.0
force_step,Geo,219,0.0508675176023623,0.1434747101865504,1.0,0.8972394101687414,0.0
force_step,Geo,220,0.0459676644776949,0.1368327806331412,1.0,1.3114560950289949,0.0
force_step,Geo,221,0.0805010017875488,0.1771275196029755,1.0,1.6797393567257182,0.0
force_step,Geo,222,0.0781201312223217,0.1882795280831541,1.0,0.8164229589847715,0.0
force_step,Geo,223,0.0678058408673043,0.1851969177149857,1.0,0.6561903933100711,0.0
force_step,Geo,224,0.0884926795299822,0.1890723671994073,1.0,1.630821641036808,0.0
force_step,Geo,225,0.0660518305877272,0.168904543431353,1.0,1.188777847933873,0.0
force_step,Geo,226,0.0436631355674523,0.1366084578770099,1.0,1.0331166848488835,0.0
force_step,Geo,227,0.0634783722467263,0.1658841572416961,1.0,1.422969818575587,0.0
force_step,Geo,228,0.0597594785471154,0.1608350998504726,1.0,1.245501757882559,0.0
force_step,Geo,229,0.0608131948853168,0.1674050747418749,1.0,0.7835954614824545,0.0
force_step,Geo,230,0.0764763108815441,0.1864214325218046,1.0,1.051957446192112,0.0
force_step,Geo,231,0.0744271536166312,0.1722936575320908,1.0,0.913430178683016,0.0
force_step,Geo,232,0.0589331049169058,0.1582114462787159,1.0,1.4298191487381728,0.0
force_step,Geo,233,0.0514436672820882,0.1465683453445684,1.0,0.9296282413614744,0.0
force_step,Geo,234,0.0949354510745087,0.2111916422535501,1.0,1.2016296881331063,0.0
force_step,Geo,235,0.0586664651712809,0.1628409987806681,1.0,1.0270717407923555,0.0
force_step,Geo,236,0.0661683875472339,0.1639451868014498,1.0,1.525008292846955,0.0
force_step,Geo,237,0.0901678240055086,0.1962110858914318,1.0,1.097373656247202,0.0
force_step,Geo,238,0.0913893522391252,0.1910969021735611,1.0,0.7315723225295401,0.0
force_step,Geo,239,0.0708459238025912,0.173717914972654,1.0,1.1767867642517171,0.0
force_step,LQR-outer,200,0.0694295336100186,0.14004063261893,1.0,1.8319677533708052,0.0
force_step,LQR-outer,201,0.0567625689383317,0.1389563583638697,1.0,1.5311557306896375,0.0
force_step,LQR-outer,202,0.0756169230333432,0.1717343938514415,1.0,0.6844413559809971,0.0
force_step,LQR-outer,203,0.0719690804030676,0.1534811334685714,1.0,0.6054693310647861,0.0
force_step,LQR-outer,204,0.081134270480984,0.174002877449224,1.0,1.208615460205391,0.0
force_step,LQR-outer,205,0.060662734935197,0.1497616291077032,1.0,1.3769607735855989,0.0
force_step,LQR-outer,206,0.0560286502366919,0.1372544683477977,1.0,1.7366970373441415,0.0
force_step,LQR-outer,207,0.0637660223593952,0.1507770741280021,1.0,1.1130696616296765,0.0
force_step,LQR-outer,208,0.0596482367149613,0.1429977855277993,1.0,1.565619038800716,0.0
force_step,LQR-outer,209,0.0595482050058672,0.1417998485197832,1.0,1.251176872059269,0.0
force_step,LQR-outer,210,0.0601609214344713,0.1509756611133241,1.0,0.9976231263081212,0.0
force_step,LQR-outer,211,0.0461250523064483,0.116208607669429,1.0,1.3699325692454118,0.0
force_step,LQR-outer,212,0.0416281463583755,0.1190716179946587,1.0,1.4207159608021276,0.0
force_step,LQR-outer,213,0.061344474071152,0.1490505335888994,1.0,0.945945121178975,0.0
force_step,LQR-outer,214,0.0395031281774014,0.1182160139741516,1.0,1.0965651984960865,0.0
force_step,LQR-outer,215,0.0632426449253701,0.1489324666642371,1.0,1.6226959251826318,0.0
force_step,LQR-outer,216,0.0675018279651482,0.1642237663816508,1.0,0.5978032651379345,0.0
force_step,LQR-outer,217,0.0421859750180891,0.1223907385578068,1.0,0.9292894543169024,0.0
force_step,LQR-outer,218,0.0742400863337703,0.1492150292273048,1.0,1.9972080884230767,0.0
force_step,LQR-outer,219,0.0463033741036288,0.1256003933019906,1.0,0.9016429861573928,0.0
force_step,LQR-outer,220,0.0406719600367425,0.1162451647785802,1.0,1.3554569155402152,0.0
force_step,LQR-outer,221,0.0676158269367666,0.1443130493177161,1.0,1.698212952986479,0.0
force_step,LQR-outer,222,0.0680035068774057,0.157938806228329,1.0,0.8110339151170647,0.0
force_step,LQR-outer,223,0.0597802826055094,0.1557054891589443,1.0,0.6466084734861762,0.0
force_step,LQR-outer,224,0.0763573706538614,0.1568951011312594,1.0,1.6423169641298725,0.0
force_step,LQR-outer,225,0.0586754119778826,0.1450886557377355,1.0,1.191351640376875,0.0
force_step,LQR-outer,226,0.0383348039044712,0.1148977174833962,1.0,1.069521549614527,0.0
force_step,LQR-outer,227,0.0542834852913737,0.1362732523090323,1.0,1.4638106173237926,0.0
force_step,LQR-outer,228,0.0533032533797225,0.1383695293474234,1.0,1.2573885573363717,0.0
force_step,LQR-outer,229,0.0542625363280637,0.1437035422074049,1.0,0.7798895360159839,0.0
force_step,LQR-outer,230,0.0671308896406073,0.1571144208263392,1.0,1.0510237402890212,0.0
force_step,LQR-outer,231,0.0646032342703809,0.1452583518935933,1.0,0.9154534928463068,0.0
force_step,LQR-outer,232,0.0514742012661645,0.1327002109863885,1.0,1.4652669850224114,0.0
force_step,LQR-outer,233,0.0462745893001341,0.126857435305517,1.0,0.9404145318632536,0.0
force_step,LQR-outer,234,0.0810672861436341,0.172667881760713,1.0,1.1940822443317554,0.0
force_step,LQR-outer,235,0.0524896920623705,0.1402685503017687,1.0,1.0321794869928025,0.0
force_step,LQR-outer,236,0.0560693823585092,0.1339787917237014,1.0,1.563869364085141,0.0
force_step,LQR-outer,237,0.0774709824620622,0.1629590148412914,1.0,1.1001103941569963,0.0
force_step,LQR-outer,238,0.078483477443338,0.1599525431294805,1.0,0.7206311155867361,0.0
force_step,LQR-outer,239,0.0627786516759127,0.1490035781298747,1.0,1.1766658928509794,0.0
force_step,LMPC-H40,200,0.1219885519235031,0.277676100693289,1.0,1.5985025341358663,0.0
force_step,LMPC-H40,201,0.0806778622677983,0.2309835362017681,1.0,1.3302576814571625,0.0
force_step,LMPC-H40,202,0.1112495857815076,0.2998996971602293,1.0,0.6718144361363534,0.0
force_step,LMPC-H40,203,0.1111604398668775,0.2776669888186734,1.0,0.5885501104389482,0.0
force_step,LMPC-H40,204,0.1258001880512471,0.3236602258657247,1.0,1.1164369339255096,0.0
force_step,LMPC-H40,205,0.0869542263156242,0.2506982193030397,1.0,1.1904089966187077,0.0
force_step,LMPC-H40,206,0.0862359811927812,0.2460193286806499,1.0,1.4746818094171334,0.0
force_step,LMPC-H40,207,0.0975348708906516,0.2680972278896685,1.0,1.0079701689820624,0.0
force_step,LMPC-H40,208,0.0902779992581898,0.2539054763416331,1.0,1.3578043232414616,0.0
force_step,LMPC-H40,209,0.0883670597852908,0.2448161210586538,1.0,1.131104803808249,0.0
force_step,LMPC-H40,210,0.0825868135327102,0.2435349760676341,1.0,0.9218747287648156,0.0
force_step,LMPC-H40,211,0.0635489797197929,0.1749861057449054,1.0,1.2068753626485909,0.0
force_step,LMPC-H40,212,0.0595439914522716,0.193272135973434,1.0,1.20158881671899,0.0
force_step,LMPC-H40,213,0.0883915766313015,0.2493222428928897,1.0,0.8817256830114428,0.0
force_step,LMPC-H40,214,0.0569765405700197,0.1859818453155315,1.0,0.9668253924807706,0.0
force_step,LMPC-H40,215,0.0961652287279525,0.2635237819442482,1.0,1.3880001795951793,0.0
force_step,LMPC-H40,216,0.0958724205716313,0.2745589027561924,1.0,0.6049942219389167,0.0
force_step,LMPC-H40,217,0.0553946399128147,0.1822968290968355,1.0,0.8579079178874442,0.0
force_step,LMPC-H40,218,0.1268481561309032,0.2946063914022144,1.0,1.7618458315571528,0.0
force_step,LMPC-H40,219,0.0601263944883951,0.1858963328803997,1.0,0.8487788580176279,0.0
force_step,LMPC-H40,220,0.0566478893842265,0.1814670277701434,1.0,1.1670057060751635,0.0
force_step,LMPC-H40,221,0.1069622807387645,0.2694392590063361,1.0,1.479742617277471,0.0
force_step,LMPC-H40,222,0.1019539525330905,0.2780529219670307,1.0,0.7707539001463317,0.0
force_step,LMPC-H40,223,0.0806655006342154,0.2443994129973783,1.0,0.6383004413766175,0.0
force_step,LMPC-H40,224,0.1209470086756587,0.2997643831037276,1.0,1.4693559978443378,0.0
force_step,LMPC-H40,225,0.0837856725829671,0.2402601932744842,1.0,1.0863717064796083,0.0
force_step,LMPC-H40,226,0.053477902240093,0.1784039153978967,1.0,0.9310840498179236,0.0
force_step,LMPC-H40,227,0.0841526209949761,0.2422429399933929,1.0,1.248222087411854,0.0
force_step,LMPC-H40,228,0.0738280409089274,0.2210371036844704,1.0,1.124660695518731,0.0
force_step,LMPC-H40,229,0.0742323106942051,0.2249536305830819,1.0,0.738474702351609,0.0
force_step,LMPC-H40,230,0.0978358993496955,0.2695916089684967,1.0,0.9584493807499336,0.0
force_step,LMPC-H40,231,0.0985062905474723,0.2591544002334477,1.0,0.8533286282583525,0.0
force_step,LMPC-H40,232,0.0742809724616251,0.223167137839357,1.0,1.258110035259642,0.0
force_step,LMPC-H40,233,0.0622038704046524,0.1950142032908343,1.0,0.8580607601063233,0.0
force_step,LMPC-H40,234,0.1258652772430717,0.322334487917458,1.0,1.1050057020288433,0.0
force_step,LMPC-H40,235,0.0708986560578369,0.2168511952640157,1.0,0.9438520563201606,0.0
force_step,LMPC-H40,236,0.0875636336418743,0.2447192221493086,1.0,1.338286417703559,0.0
force_step,LMPC-H40,237,0.1242564754895871,0.307947739205789,1.0,0.997903478358664,0.0
force_step,LMPC-H40,238,0.12520685849867,0.2990101554437537,1.0,0.705351304221251,0.0
force_step,LMPC-H40,239,0.0917848261260795,0.2541362625568897,1.0,1.075640793271928,0.0
force_step,Geo+MLP-D2,200,0.0687247503106196,0.1254786056754651,1.0,1.8966738706564104,0.2839179297675422
force_step,Geo+MLP-D2,201,0.0814468419491447,0.1839702502502019,1.0,1.598020622120699,0.2215035366683647
force_step,Geo+MLP-D2,202,0.0667252862642484,0.134437159497326,1.0,0.6815694925221274,0.3410309616543108
force_step,Geo+MLP-D2,203,0.0683450705944371,0.1381353283802607,1.0,0.6244660897258171,0.2989819182031649
force_step,Geo+MLP-D2,204,0.0966481812569371,0.207392647911175,1.0,1.1873895575164817,0.2556137198850152
force_step,Geo+MLP-D2,205,0.0637880331315,0.1499993445634569,1.0,1.3840573364851134,0.3176441283331582
force_step,Geo+MLP-D2,206,0.0742035507018829,0.1560203740398735,1.0,1.854831744838214,0.2633981378111013
force_step,Geo+MLP-D2,207,0.0662100727237572,0.1387389438435225,1.0,1.1441524458569894,0.2477907087446025
force_step,Geo+MLP-D2,208,0.0513226052048745,0.1116039384965411,1.0,1.5797931703050303,0.3010471642874303
force_step,Geo+MLP-D2,209,0.068764397911926,0.1455888261181707,1.0,1.299232989208177,0.2262278749760654
force_step,Geo+MLP-D2,210,0.0511662220389881,0.1119117146631052,1.0,1.0114387642186913,0.3285258002552817
force_step,Geo+MLP-D2,211,0.0677575782710438,0.154660353003997,1.0,1.4155833803226865,0.2092157297658777
force_step,Geo+MLP-D2,212,0.0449664853998841,0.103786320528108,1.0,1.487552014575558,0.2647444697695275
force_step,Geo+MLP-D2,213,0.0443483594802102,0.1043468151523152,1.0,0.935004151003981,0.3061389762387502
force_step,Geo+MLP-D2,214,0.0434787077589299,0.1054578337828749,1.0,1.1274722701903446,0.2274239755213623
force_step,Geo+MLP-D2,215,0.0663563623618336,0.1468247631341795,1.0,1.6526157586021477,0.307906926893448
force_step,Geo+MLP-D2,216,0.0661535415994184,0.142147832975312,1.0,0.630595534470176,0.3024006519638063
force_step,Geo+MLP-D2,217,0.0349625980863609,0.0908604590412264,1.0,0.9068985639892142,0.2543091214911724
force_step,Geo+MLP-D2,218,0.0841417648260884,0.1542605681550482,1.0,2.112630574617448,0.3169912460065756
force_step,Geo+MLP-D2,219,0.0399255687977223,0.084960573254687,1.0,0.9110617381328726,0.2798846290930712
force_step,Geo+MLP-D2,220,0.0390751236276815,0.088441097624601,1.0,1.384421985111259,0.2692454729878399
force_step,Geo+MLP-D2,221,0.0791251096789674,0.1577919411640806,1.0,1.7570147029423997,0.3041594462853108
force_step,Geo+MLP-D2,222,0.0561219685348629,0.1283258990001364,1.0,0.7851052316683873,0.308694718053962
force_step,Geo+MLP-D2,223,0.0569782355645149,0.1326714891085794,1.0,0.6876877946532237,0.2995485483014478
force_step,Geo+MLP-D2,224,0.0579667360927237,0.1159885480781308,1.0,1.6214581139288575,0.3178130997595529
force_step,Geo+MLP-D2,225,0.0760811127544922,0.1744936486979628,1.0,1.208235151600186,0.1834306147833379
force_step,Geo+MLP-D2,226,0.0417686828781752,0.1005055153681705,1.0,1.0779875176151343,0.2248984850430599
force_step,Geo+MLP-D2,227,0.0497841872401569,0.1191935486868856,1.0,1.4816833109697396,0.2456320345028149
force_step,Geo+MLP-D2,228,0.073756525700933,0.176941705574728,1.0,1.2690072199463558,0.1811923585806527
force_step,Geo+MLP-D2,229,0.0429656261422342,0.1054312145366687,1.0,0.7885449731262217,0.2987588709659083
force_step,Geo+MLP-D2,230,0.0525255945411935,0.1114728788375647,1.0,1.0554498207854746,0.338050313727998
force_step,Geo+MLP-D2,231,0.0546017101805434,0.1247534075793399,1.0,0.8808235112660614,0.2825980720832042
force_step,Geo+MLP-D2,232,0.0446620994094233,0.101019353163457,1.0,1.475470075995234,0.2783874808715662
force_step,Geo+MLP-D2,233,0.0387559697649129,0.0991052701253941,1.0,0.907590648613368,0.2497056898787855
force_step,Geo+MLP-D2,234,0.0729233327082092,0.1495865414154392,1.0,1.1828378199443643,0.3569078158138661
force_step,Geo+MLP-D2,235,0.0685244534430292,0.16544793893777,1.0,1.0242986152465887,0.1884671363638499
force_step,Geo+MLP-D2,236,0.0654850863907672,0.135433277083828,1.0,1.6390813766230712,0.2462645615927821
force_step,Geo+MLP-D2,237,0.0767419966128807,0.1500853362633783,1.0,1.1075007751580743,0.2463733891197559
force_step,Geo+MLP-D2,238,0.0640593452941004,0.1276792977573395,1.0,0.7075420224678617,0.3266972752434507
force_step,Geo+MLP-D2,239,0.0780090270987988,0.1707305578531301,1.0,1.189824799834163,0.1959287718866056
force_step,Geo+CeNN-D2,200,0.0785701646526344,0.1638751982572805,1.0,2.2044040726538823,0.6226360505919816
force_step,Geo+CeNN-D2,201,0.0580620631384664,0.1474257872413413,1.0,1.9489593917007664,0.6969614063094257
force_step,Geo+CeNN-D2,202,0.0909114360827267,0.2134963289613994,1.0,1.0769864946131311,0.6077852835573356
force_step,Geo+CeNN-D2,203,0.0827645738614489,0.1836843376639227,1.0,1.0454688167579702,0.6402436535949926
force_step,Geo+CeNN-D2,204,0.0767407059998431,0.1733788246534567,1.0,1.4781554041725526,0.5843640165111014
force_step,Geo+CeNN-D2,205,0.0624896237944715,0.1596853219845727,1.0,1.6707744385240595,0.6098836036523836
force_step,Geo+CeNN-D2,206,0.0648446209662519,0.1690324840229213,1.0,2.0265506978640557,0.5942377313228305
force_step,Geo+CeNN-D2,207,0.0630423516923983,0.158799008095075,1.0,1.495684740210482,0.6250327740404489
force_step,Geo+CeNN-D2,208,0.0642880725309393,0.1598763738749549,1.0,1.874850671966876,0.6135143058152122
force_step,Geo+CeNN-D2,209,0.059252256830386,0.1490629906343056,1.0,1.5060681577623691,0.5289832424610644
force_step,Geo+CeNN-D2,210,0.0676534016004522,0.1764422617683775,1.0,1.2307294874230166,0.5267096709714927
force_step,Geo+CeNN-D2,211,0.0458153787206022,0.1247125427099425,1.0,1.562647140005299,0.5228167896119713
force_step,Geo+CeNN-D2,212,0.0436373089767084,0.1312671207274298,1.0,1.695868837602584,0.5945351607256009
force_step,Geo+CeNN-D2,213,0.0705703353945482,0.1745941836372544,1.0,1.3709502788880792,0.640585716689628
force_step,Geo+CeNN-D2,214,0.0372886797440632,0.1161092941624215,1.0,1.4924383658729783,0.6396472323692047
force_step,Geo+CeNN-D2,215,0.0677588716686847,0.1657848177889825,1.0,1.8246293279239207,0.5420985608785506
force_step,Geo+CeNN-D2,216,0.0784411918352063,0.2017942311514484,1.0,0.9132009798035902,0.555968476569054
force_step,Geo+CeNN-D2,217,0.0443143135997879,0.1307416164419718,1.0,1.2193442950136144,0.5401466376488611
force_step,Geo+CeNN-D2,218,0.0868916760525204,0.1807017609836516,1.0,2.306971836315008,0.5711691361442778
force_step,Geo+CeNN-D2,219,0.0520757228493914,0.1472509752171567,1.0,1.2128048353025274,0.5736051608877744
force_step,Geo+CeNN-D2,220,0.0429584750532628,0.1271826733650077,1.0,1.751558380677881,0.6670682759294784
force_step,Geo+CeNN-D2,221,0.0727496223787062,0.1609893248424046,1.0,2.0740797177306267,0.6538541795651192
force_step,Geo+CeNN-D2,222,0.0755181515791869,0.1812871275533607,1.0,1.1441130752658415,0.5702203845967463
force_step,Geo+CeNN-D2,223,0.0700940520650288,0.1895125598285244,1.0,1.0596010348846223,0.6269702488681982
force_step,Geo+CeNN-D2,224,0.0825247853063935,0.1749138654139941,1.0,2.0205485441443694,0.6598651921593909
force_step,Geo+CeNN-D2,225,0.0549306763531753,0.1418503921293263,1.0,1.4852656704434548,0.5657032951554516
force_step,Geo+CeNN-D2,226,0.0352718220221319,0.1092043530429292,1.0,1.3940790882864549,0.582932769206374
force_step,Geo+CeNN-D2,227,0.0553631330645712,0.1441223600842087,1.0,1.8081350917133996,0.6140494141802146
force_step,Geo+CeNN-D2,228,0.0483904390979249,0.1311009327687196,1.0,1.5506194835159175,0.5924138479161856
force_step,Geo+CeNN-D2,229,0.0636225795283032,0.1740231178125409,1.0,1.138102830957988,0.5888035141030913
force_step,Geo+CeNN-D2,230,0.0761212188662353,0.1837862453745962,1.0,1.3375724066230144,0.5559878483696752
force_step,Geo+CeNN-D2,231,0.0677691769973696,0.156123024300563,1.0,1.2217697894804838,0.5501022172606144
force_step,Geo+CeNN-D2,232,0.0540586042417539,0.144374149930944,1.0,1.7589336510385387,0.6034417296063375
force_step,Geo+CeNN-D2,233,0.0484277273698319,0.1338426809145758,1.0,1.3614015270024542,0.6353476919590196
force_step,Geo+CeNN-D2,234,0.0867379004648163,0.19103905432863,1.0,1.352019687753256,0.481537067312303
force_step,Geo+CeNN-D2,235,0.0486227527340093,0.1356872013928693,1.0,1.340767590711246,0.5878934554104224
force_step,Geo+CeNN-D2,236,0.0623416007450747,0.157591200678867,1.0,1.816223744359293,0.5355292649191981
force_step,Geo+CeNN-D2,237,0.079141726082093,0.1740960247473727,1.0,1.422929155228732,0.5747355802307791
force_step,Geo+CeNN-D2,238,0.0905113200818284,0.1898150937869362,1.0,1.079546965553496,0.5730807998763179
force_step,Geo+CeNN-D2,239,0.0604017791413507,0.1501343720835263,1.0,1.4871882619923071,0.5768659049306084
force_step,Geo+AE-CeNN,200,0.0852468125263175,0.1762771975633381,1.0,1.7977949203198458,0.0377596413956441
force_step,Geo+AE-CeNN,201,0.0626275929961973,0.162224994683038,1.0,1.4992896279287116,0.0375137009517899
force_step,Geo+AE-CeNN,202,0.0892920934932267,0.2126651070191572,1.0,0.7024728966504483,0.0444969698998806
force_step,Geo+AE-CeNN,203,0.0850714221720125,0.1873338912696614,1.0,0.6094224197031829,0.0411626797588798
force_step,Geo+AE-CeNN,204,0.0950082953860076,0.2137820721323683,1.0,1.216638424585558,0.0400022887612151
force_step,Geo+AE-CeNN,205,0.0723895788428023,0.186502831502809,1.0,1.3469553794528597,0.0438219618640047
force_step,Geo+AE-CeNN,206,0.0652653613186639,0.1685761080612514,1.0,1.685021111034927,0.0363754102945724
force_step,Geo+AE-CeNN,207,0.0710696430284914,0.1769406580069928,1.0,1.101021308148826,0.0349181737876865
force_step,Geo+AE-CeNN,208,0.0734524287833348,0.1810339049358939,1.0,1.5340820877231764,0.0431572806174948
force_step,Geo+AE-CeNN,209,0.0645693993940313,0.1611522535218057,1.0,1.2365999024996202,0.0352795854992193
force_step,Geo+AE-CeNN,210,0.0714101175603651,0.1855846126936158,1.0,0.9955775422826498,0.0445757813756541
force_step,Geo+AE-CeNN,211,0.0489803473731544,0.1302520885741841,1.0,1.3316500441083272,0.0376659002117966
force_step,Geo+AE-CeNN,212,0.0507248304071015,0.1488697293609578,1.0,1.3655129191797564,0.0409504339142285
force_step,Geo+AE-CeNN,213,0.0733808303712975,0.1823552684028487,1.0,0.9511010983438531,0.0434248534570036
force_step,Geo+AE-CeNN,214,0.0451442839439857,0.1402802773695385,1.0,1.060796030814276,0.037245630369555
force_step,Geo+AE-CeNN,215,0.0766931708001049,0.1883806504579193,1.0,1.5834068213861392,0.0433138352518687
force_step,Geo+AE-CeNN,216,0.0781126753208173,0.1998634359625442,1.0,0.6117568074122615,0.041769175249271
force_step,Geo+AE-CeNN,217,0.050296399264386,0.1476778347359891,1.0,0.9198698754066552,0.041113219119732
force_step,Geo+AE-CeNN,218,0.0920933448092477,0.1901411891801565,1.0,1.9736469273056487,0.0405070664536194
force_step,Geo+AE-CeNN,219,0.0543697639237319,0.1515196960077606,1.0,0.8968554025253694,0.0427458502826334
force_step,Geo+AE-CeNN,220,0.0497767044596753,0.1446502068508194,1.0,1.3076028718325408,0.0417806522163756
force_step,Geo+AE-CeNN,221,0.0829333275919471,0.1817895394417923,1.0,1.6793743099363798,0.0418101937076638
force_step,Geo+AE-CeNN,222,0.0813841064462639,0.194913201286701,1.0,0.8182655197945419,0.0429130609495812
force_step,Geo+AE-CeNN,223,0.0686144018711981,0.1869839297210237,1.0,0.6561732457001473,0.0419709525823503
force_step,Geo+AE-CeNN,224,0.0936428112538507,0.1985871462781093,1.0,1.6307317582356118,0.0445149169371827
force_step,Geo+AE-CeNN,225,0.0628706446839843,0.1631434801603177,1.0,1.1879083039911806,0.0373623529644565
force_step,Geo+AE-CeNN,226,0.0442681979876746,0.1378802995152433,1.0,1.0327306932704272,0.0386688355938641
force_step,Geo+AE-CeNN,227,0.0666234410774532,0.1719869951773525,1.0,1.4210569193375178,0.0407657043148762
force_step,Geo+AE-CeNN,228,0.0570577681468246,0.1559301384179396,1.0,1.2445810387826872,0.0380026300865321
force_step,Geo+AE-CeNN,229,0.0641925347161741,0.1742927836019166,1.0,0.7838401207241888,0.0429758529910288
force_step,Geo+AE-CeNN,230,0.0806179084869382,0.1947531684285018,1.0,1.0521708548177933,0.0453672311876014
force_step,Geo+AE-CeNN,231,0.0780276257673032,0.1789209730428785,1.0,0.9140195740506586,0.0418474761949709
force_step,Geo+AE-CeNN,232,0.0631940899702355,0.1668606629114494,1.0,1.4271173111705424,0.0421767061024248
force_step,Geo+AE-CeNN,233,0.0550062283248689,0.1537309916558845,1.0,0.929043851809509,0.041098262205643
force_step,Geo+AE-CeNN,234,0.0982552599088174,0.217782372675065,1.0,1.2024310209904243,0.0461699294582173
force_step,Geo+AE-CeNN,235,0.0564394756567548,0.1584847334587344,1.0,1.0265840627446314,0.0383130688053053
force_step,Geo+AE-CeNN,236,0.0649187063516753,0.1621563516395031,1.0,1.522715337106071,0.0351659839707471
force_step,Geo+AE-CeNN,237,0.0871367506330469,0.1922498255016153,1.0,1.0965704904278788,0.034318256595253
force_step,Geo+AE-CeNN,238,0.0951229218852765,0.1979804425096525,1.0,0.7341853085198915,0.044208202547528
force_step,Geo+AE-CeNN,239,0.0673516404109789,0.1676036960065997,1.0,1.176209340726549,0.0369797324509557
force_step,Geo+D1-3AE-CeNN,200,0.0844547292334173,0.1744068959054774,1.0,1.8001010909786712,0.0368368887982154
force_step,Geo+D1-3AE-CeNN,201,0.0634919392577799,0.1628692194243048,1.0,1.5023247192511548,0.0368364846457385
force_step,Geo+D1-3AE-CeNN,202,0.0881681992950586,0.2094094225085721,1.0,0.7025252287401229,0.0368362937275053
force_step,Geo+D1-3AE-CeNN,203,0.0831130600532839,0.1832222985899186,1.0,0.608571408950538,0.0368351290705614
force_step,Geo+D1-3AE-CeNN,204,0.0953245334325148,0.2134226117551904,1.0,1.218359189905704,0.0368350184134455
force_step,Geo+D1-3AE-CeNN,205,0.0727915230114563,0.1863797473484746,1.0,1.3499248632006646,0.036837486977413
force_step,Geo+D1-3AE-CeNN,206,0.0653078715072245,0.1673244242408851,1.0,1.6893897954537709,0.0368376623963518
force_step,Geo+D1-3AE-CeNN,207,0.0698590699452654,0.173594148738624,1.0,1.1020347810869515,0.0368359482239711
force_step,Geo+D1-3AE-CeNN,208,0.0732117904133271,0.1796934415929509,1.0,1.538219914808379,0.0368410976545741
force_step,Geo+D1-3AE-CeNN,209,0.0640949303722463,0.1592930058148271,1.0,1.2381816972561996,0.0368347666597451
force_step,Geo+D1-3AE-CeNN,210,0.0709984438422593,0.1838240257983198,1.0,0.9981142198003744,0.03683844617943
force_step,Geo+D1-3AE-CeNN,211,0.0496887938115308,0.1311128702339427,1.0,1.335423000524733,0.0368370346276337
force_step,Geo+D1-3AE-CeNN,212,0.0503539735145135,0.1472548919128629,1.0,1.3699200540024723,0.0368392098755162
force_step,Geo+D1-3AE-CeNN,213,0.0720772314855656,0.1789944949670869,1.0,0.9518619711239736,0.0368402542930276
force_step,Geo+D1-3AE-CeNN,214,0.0442008164376718,0.1376961791660272,1.0,1.0624384456281208,0.0368375117395336
force_step,Geo+D1-3AE-CeNN,215,0.0771623322972558,0.1883022534568511,1.0,1.586716721038156,0.0368396592653373
force_step,Geo+D1-3AE-CeNN,216,0.0767243488492058,0.1960049078194613,1.0,0.6112300762619784,0.0368343942336638
force_step,Geo+D1-3AE-CeNN,217,0.0492463379624838,0.1446998321831363,1.0,0.9211397876961812,0.0368403976880267
force_step,Geo+D1-3AE-CeNN,218,0.09231581924478,0.1897353556997706,1.0,1.9769643504367944,0.0368376130884081
force_step,Geo+D1-3AE-CeNN,219,0.0537011919047329,0.1490863238996011,1.0,0.8983331077028271,0.0368400504609512
force_step,Geo+D1-3AE-CeNN,220,0.0496189196146202,0.1434549970145208,1.0,1.3122961135865905,0.0368393414149599
force_step,Geo+D1-3AE-CeNN,221,0.0835649438371749,0.182318943185007,1.0,1.6821396338571102,0.036838217431708
force_step,Geo+D1-3AE-CeNN,222,0.0795070532925496,0.190410246303444,1.0,0.8182224431935922,0.0368393617841599
force_step,Geo+D1-3AE-CeNN,223,0.0674757406017683,0.1836408537866519,1.0,0.6562373769065921,0.0368341117112267
force_step,Geo+D1-3AE-CeNN,224,0.0930929349769986,0.1968112588744078,1.0,1.6340077005873967,0.0368418192775586
force_step,Geo+D1-3AE-CeNN,225,0.0631616581354608,0.1630072742766354,1.0,1.1890986720724892,0.0368352793617099
force_step,Geo+D1-3AE-CeNN,226,0.0433347690715914,0.1351944152680412,1.0,1.0341060599243093,0.0368371920267509
force_step,Geo+D1-3AE-CeNN,227,0.0657097375012411,0.1694794787438579,1.0,1.4243184070071528,0.0368401370733381
force_step,Geo+D1-3AE-CeNN,228,0.0576247758729226,0.15638680527993,1.0,1.2464898431323357,0.0368356880070116
force_step,Geo+D1-3AE-CeNN,229,0.0627867731195298,0.1703748776655911,1.0,0.784212648232183,0.036839430174548
force_step,Geo+D1-3AE-CeNN,230,0.0800144336309245,0.1925428942031387,1.0,1.054080530566338,0.0368394093708705
force_step,Geo+D1-3AE-CeNN,231,0.0761848818639154,0.1748042732836175,1.0,0.9145769740883508,0.0368388783400248
force_step,Geo+D1-3AE-CeNN,232,0.0629037307270475,0.1653427871849402,1.0,1.4315716170256931,0.0368412389980422
force_step,Geo+D1-3AE-CeNN,233,0.0539139318769709,0.150548767172334,1.0,0.9302347736836551,0.0368394418744421
force_step,Geo+D1-3AE-CeNN,234,0.098029995638289,0.2163259440062424,1.0,1.2044651498481365,0.0368375441985921
force_step,Geo+D1-3AE-CeNN,235,0.0567056816833438,0.1581440155930789,1.0,1.027521800346018,0.0368339860152509
force_step,Geo+D1-3AE-CeNN,236,0.0644485936932276,0.1603992715082352,1.0,1.5252171553809053,0.0368370946487226
force_step,Geo+D1-3AE-CeNN,237,0.0855497415938899,0.1886476415693183,1.0,1.0966807956308402,0.0368352649217719
force_step,Geo+D1-3AE-CeNN,238,0.0929007628466433,0.19329146977637,1.0,0.7334405140980421,0.036838081896312
force_step,Geo+D1-3AE-CeNN,239,0.0674469993897917,0.1669452367746209,1.0,1.1765764895892463,0.0368348057831505
force_step,Geo+D2-HistAE-CeNN,200,0.068611494128578,0.1408331472955071,1.0,1.8109746199812131,0.1967369488376869
force_step,Geo+D2-HistAE-CeNN,201,0.0523844799862362,0.1258694699268339,1.0,1.4997824362983685,0.2147344842263071
force_step,Geo+D2-HistAE-CeNN,202,0.0798544152755964,0.1854065841308345,1.0,0.6752616850897964,0.1491655127282076
force_step,Geo+D2-HistAE-CeNN,203,0.0743906018957639,0.1588456811035235,1.0,0.6094359620730022,0.1719295476938324
force_step,Geo+D2-HistAE-CeNN,204,0.0624339677043041,0.133453380951094,1.0,1.1673258441672365,0.2883502623830032
force_step,Geo+D2-HistAE-CeNN,205,0.0543931589362666,0.1330201127937752,1.0,1.3694955951415566,0.2123929073424199
force_step,Geo+D2-HistAE-CeNN,206,0.0614127706184004,0.1569734379645632,1.0,1.7000541277835368,0.1358528559346932
force_step,Geo+D2-HistAE-CeNN,207,0.0540008572299382,0.1300773795830687,1.0,1.098617240124914,0.2116653513193074
force_step,Geo+D2-HistAE-CeNN,208,0.05718722483085,0.1379900147036556,1.0,1.554363464341019,0.1830026339373394
force_step,Geo+D2-HistAE-CeNN,209,0.0520210529901738,0.1264688778932314,1.0,1.2248020441528606,0.1952442124090266
force_step,Geo+D2-HistAE-CeNN,210,0.0597885398480956,0.1497893261566717,1.0,1.0026292785276338,0.1857760478152701
force_step,Geo+D2-HistAE-CeNN,211,0.0444570254298089,0.1123117083750674,1.0,1.3461101651661185,0.1846064994743723
force_step,Geo+D2-HistAE-CeNN,212,0.0397958745363477,0.1156566756590932,1.0,1.404910674547811,0.1736907837375778
force_step,Geo+D2-HistAE-CeNN,213,0.0625999195075144,0.1518002386949898,1.0,0.9474292258299636,0.1613869893736424
force_step,Geo+D2-HistAE-CeNN,214,0.0303077914438813,0.0908112762455216,1.0,1.1014064244887032,0.2391417261048328
force_step,Geo+D2-HistAE-CeNN,215,0.061532794945228,0.1437951267452352,1.0,1.6145548669318397,0.189373122033574
force_step,Geo+D2-HistAE-CeNN,216,0.0689297440512841,0.1721530060804514,1.0,0.6082069303031712,0.1727928678896056
force_step,Geo+D2-HistAE-CeNN,217,0.0391877973932603,0.1110281984359734,1.0,0.9437560705770978,0.1904821949865095
force_step,Geo+D2-HistAE-CeNN,218,0.0778482454225093,0.1582883979972731,1.0,1.974273756908328,0.1550205878625809
force_step,Geo+D2-HistAE-CeNN,219,0.0459530208949753,0.1264009676094039,1.0,0.9133077403470972,0.1482163070789133
force_step,Geo+D2-HistAE-CeNN,220,0.0394566597178566,0.1123396507686646,1.0,1.358211207298657,0.1819797362540456
force_step,Geo+D2-HistAE-CeNN,221,0.0638439876291135,0.1365833348688424,1.0,1.6547883098309688,0.1823554682294667
force_step,Geo+D2-HistAE-CeNN,222,0.0676110731466574,0.1574162960492733,1.0,0.8143522578990624,0.1812470703632053
force_step,Geo+D2-HistAE-CeNN,223,0.0611049555161932,0.1626455494475343,1.0,0.6536869567131846,0.1742195809219554
force_step,Geo+D2-HistAE-CeNN,224,0.0734503909726255,0.1507017209727353,1.0,1.6299325519910146,0.1874198032991488
force_step,Geo+D2-HistAE-CeNN,225,0.0464465811979847,0.1151726376326269,1.0,1.178099856537701,0.2484605948995166
force_step,Geo+D2-HistAE-CeNN,226,0.0298055150986269,0.0848354237742214,1.0,1.075074897533541,0.2366528464341916
force_step,Geo+D2-HistAE-CeNN,227,0.0466870401259012,0.1180694570912313,1.0,1.4622855413292706,0.2318034395299521
force_step,Geo+D2-HistAE-CeNN,228,0.0421805899758024,0.1068956340718711,1.0,1.2357244193250538,0.2492523647709131
force_step,Geo+D2-HistAE-CeNN,229,0.0558250977707311,0.1479237953789926,1.0,0.7814147677278341,0.1451945742081294
force_step,Geo+D2-HistAE-CeNN,230,0.0666289187315941,0.1569950536543965,1.0,1.0462169133466377,0.1620396750508587
force_step,Geo+D2-HistAE-CeNN,231,0.0573279546813581,0.129306797973058,1.0,0.9338665480029148,0.2256065858358514
force_step,Geo+D2-HistAE-CeNN,232,0.0502887577056634,0.1269584770714611,1.0,1.459715559657889,0.1773065230355026
force_step,Geo+D2-HistAE-CeNN,233,0.0415541106678012,0.1098758439135189,1.0,0.9487533598824586,0.2032664220033618
force_step,Geo+D2-HistAE-CeNN,234,0.0769895505559036,0.1659561356822677,1.0,1.1790430975718726,0.2019812116450947
force_step,Geo+D2-HistAE-CeNN,235,0.0415850212669503,0.1081921779846479,1.0,1.022336023454132,0.2438692238910763
force_step,Geo+D2-HistAE-CeNN,236,0.0575351698666732,0.1421799114965077,1.0,1.5280112739720482,0.1499620818120337
force_step,Geo+D2-HistAE-CeNN,237,0.0722053909080869,0.1500415212035661,1.0,1.0748778698058652,0.2006031461013309
force_step,Geo+D2-HistAE-CeNN,238,0.0802941846805697,0.1656558289693564,1.0,0.7271820001902835,0.1649670537934913
force_step,Geo+D2-HistAE-CeNN,239,0.0512323536620635,0.1214447962033368,1.0,1.1498664365618227,0.2335203839448549
force_step,Geo+D3-3HistAE-CeNN,200,0.0985405105244578,0.1899685765077134,1.0,1.8770873979330085,0.1821422221265198
force_step,Geo+D3-3HistAE-CeNN,201,0.0815032884581068,0.1894443427305202,1.0,1.5374047555519392,0.1816230812239924
force_step,Geo+D3-3HistAE-CeNN,202,0.0798939276083737,0.1882606683188534,1.0,0.7216336953423967,0.159712255992642
force_step,Geo+D3-3HistAE-CeNN,203,0.0654341633488009,0.1457111475607876,1.0,0.6163084425050973,0.1794173221763682
force_step,Geo+D3-3HistAE-CeNN,204,0.101509118679752,0.2220619827197912,1.0,1.2241947039293428,0.1800982550372094
force_step,Geo+D3-3HistAE-CeNN,205,0.0868230407133773,0.2042026708070912,1.0,1.384322764310553,0.1946005689821853
force_step,Geo+D3-3HistAE-CeNN,206,0.0845221287715115,0.1899863273439075,1.0,1.7651028764091123,0.1596009321657985
force_step,Geo+D3-3HistAE-CeNN,207,0.0655192783007263,0.1539935688707907,1.0,1.1475686650351384,0.1655363911993484
force_step,Geo+D3-3HistAE-CeNN,208,0.0921402846998499,0.2102941796487675,1.0,1.560199603739553,0.1866462378194027
force_step,Geo+D3-3HistAE-CeNN,209,0.0651676336770033,0.1463759057619607,1.0,1.2998828948986807,0.193364869989973
force_step,Geo+D3-3HistAE-CeNN,210,0.0769792041982289,0.1862793456443751,1.0,1.0167206100830584,0.1699631996523663
force_step,Geo+D3-3HistAE-CeNN,211,0.0679783842489854,0.1550570262318307,1.0,1.3763563575644533,0.1932279332594431
force_step,Geo+D3-3HistAE-CeNN,212,0.0684093721204841,0.1683758927216699,1.0,1.449418486279162,0.1668069355613761
force_step,Geo+D3-3HistAE-CeNN,213,0.0725207020347457,0.1734062459820167,1.0,0.980408629246149,0.1775040124270273
force_step,Geo+D3-3HistAE-CeNN,214,0.0527838406256272,0.1458051979522733,1.0,1.0935351210581594,0.1609117389848302
force_step,Geo+D3-3HistAE-CeNN,215,0.098732388896185,0.2221701672250811,1.0,1.603198450239916,0.2088302013791168
force_step,Geo+D3-3HistAE-CeNN,216,0.0635626792073311,0.1594364574399129,1.0,0.6253753219508544,0.1685226998084678
force_step,Geo+D3-3HistAE-CeNN,217,0.0553011705789026,0.1409582672420962,1.0,0.9407724357937932,0.1811442541445695
force_step,Geo+D3-3HistAE-CeNN,218,0.1161418281604462,0.2252082605224764,1.0,2.023985179375395,0.1928206745747257
force_step,Geo+D3-3HistAE-CeNN,219,0.0612979673218238,0.147479106635236,1.0,0.9232743175555492,0.179847710875671
force_step,Geo+D3-3HistAE-CeNN,220,0.068473074533746,0.1718503260055332,1.0,1.353086362327816,0.1682746938839466
force_step,Geo+D3-3HistAE-CeNN,221,0.1049178319209001,0.2169340700254269,1.0,1.6994283202460556,0.2145393188687554
force_step,Geo+D3-3HistAE-CeNN,222,0.0729794320557228,0.170744243711699,1.0,0.8257502310174851,0.1814207005535213
force_step,Geo+D3-3HistAE-CeNN,223,0.057699345714159,0.1512764783222797,1.0,0.6833774351878192,0.1734476087604449
force_step,Geo+D3-3HistAE-CeNN,224,0.1133917429330838,0.228336242384275,1.0,1.6543875377024997,0.2017440207894657
force_step,Geo+D3-3HistAE-CeNN,225,0.0704073507207874,0.1757137970594185,1.0,1.2211947280447226,0.2152552503470659
force_step,Geo+D3-3HistAE-CeNN,226,0.0516874953447982,0.1426414534481812,1.0,1.0694674457590003,0.1699005318605358
force_step,Geo+D3-3HistAE-CeNN,227,0.0775289347946217,0.1770008174649823,1.0,1.4920983950827569,0.1550760226792319
force_step,Geo+D3-3HistAE-CeNN,228,0.0676925419190408,0.1719879392092123,1.0,1.275224621845885,0.2004811446812107
force_step,Geo+D3-3HistAE-CeNN,229,0.0589570572920335,0.1514720787607451,1.0,0.8051112668704457,0.1714382969148651
force_step,Geo+D3-3HistAE-CeNN,230,0.0846682677175052,0.1961005977431674,1.0,1.0783979893258298,0.1669463450243156
force_step,Geo+D3-3HistAE-CeNN,231,0.0735588258301165,0.1618431355715009,1.0,0.9292354920939022,0.1769913992808751
force_step,Geo+D3-3HistAE-CeNN,232,0.0800936499267157,0.1927897494996504,1.0,1.4622624124539316,0.1705730025553289
force_step,Geo+D3-3HistAE-CeNN,233,0.0580899229838788,0.1437000356021787,1.0,0.9469956521109946,0.177019287802006
force_step,Geo+D3-3HistAE-CeNN,234,0.1040896712386654,0.219294465620824,1.0,1.2230769346327053,0.1784313644500334
force_step,Geo+D3-3HistAE-CeNN,235,0.0607820546692881,0.1605179323595452,1.0,1.040101761997421,0.1929563983091032
force_step,Geo+D3-3HistAE-CeNN,236,0.0769467225314168,0.1734985988294455,1.0,1.603193616693857,0.1612170920369725
force_step,Geo+D3-3HistAE-CeNN,237,0.0759204627594908,0.1656662916454856,1.0,1.150476575368106,0.180899815258135
force_step,Geo+D3-3HistAE-CeNN,238,0.0837742865857575,0.1698663778443307,1.0,0.7476078958529785,0.1844321062494317
force_step,Geo+D3-3HistAE-CeNN,239,0.0709826927567346,0.1705337128234124,1.0,1.2235990255777356,0.2106584464336222
model20,Geo,200,0.009862797063209,0.0153215282990008,1.0,0.8062660745329412,0.0
model20,Geo,201,0.0228207871749409,0.0308339512593951,1.0,0.7799263627218012,0.0
model20,Geo,202,0.0399712625884378,0.0567780875027929,1.0,0.5156398039072387,0.0
model20,Geo,203,0.0153984611310524,0.0236033968622003,1.0,0.8340507360046616,0.0
model20,Geo,204,0.0410517086750401,0.0486586886018328,1.0,1.217139459137644,0.0
model20,Geo,205,0.027731706433436,0.0461756087964095,1.0,0.9637858683006382,0.0
model20,Geo,206,0.0366403894116448,0.0536419860543927,1.0,0.5321013830668885,0.0
model20,Geo,207,0.0250798505257106,0.0384664672107099,1.0,0.7266337597192832,0.0
model20,Geo,208,0.0138355905594122,0.0253796261213714,1.0,0.7730203228702834,0.0
model20,Geo,209,0.0247178454123687,0.0363719437934856,1.0,0.6433975833435654,0.0
model20,Geo,210,0.0357824841049789,0.0575221373468329,1.0,0.5466784282576965,0.0
model20,Geo,211,0.0348592196163786,0.0532280946120549,1.0,0.5505043848668884,0.0
model20,Geo,212,0.0277121922400742,0.0360371242568883,1.0,1.055330264913232,0.0
model20,Geo,213,0.0267312190557601,0.0334969234016829,1.0,0.6782248803507208,0.0
model20,Geo,214,0.0303203754396457,0.0358498168207372,1.0,1.1143247305745478,0.0
model20,Geo,215,0.0212217037832296,0.0339551262678154,1.0,0.7620125317631902,0.0
model20,Geo,216,0.0283873829808712,0.0351848884965063,1.0,1.083515185709844,0.0
model20,Geo,217,0.0117102953144404,0.0154116973791484,1.0,0.8944771108702905,0.0
model20,Geo,218,0.0217688237604683,0.0326430470656732,1.0,0.7177699447973341,0.0
model20,Geo,219,0.020086449850906,0.0238801811829673,1.0,0.9446718374132352,0.0
model20,Geo,220,0.0480786852387626,0.0649829360679914,1.0,1.2628022504324732,0.0
model20,Geo,221,0.0313823577755378,0.0364385856564213,1.0,1.0643961031299174,0.0
model20,Geo,222,0.0310002009161642,0.039879987767702,1.0,1.038704585941151,0.0
model20,Geo,223,0.0367817645316305,0.056168108415371,1.0,0.5249805326711564,0.0
model20,Geo,224,0.0343851482364868,0.0532726720681188,1.0,0.5382522584081392,0.0
model20,Geo,225,0.0210490667480942,0.0390474168525594,1.0,0.6667908957545373,0.0
model20,Geo,226,0.0146574405785655,0.0283301523571492,1.0,0.8015180424279345,0.0
model20,Geo,227,0.0373206025975864,0.0425720206604468,1.0,1.086556625281578,0.0
model20,Geo,228,0.0200403149931896,0.0249612404095267,1.0,0.7772708202654639,0.0
model20,Geo,229,0.0258010429922451,0.0423591577910971,1.0,0.8976997495844768,0.0
model20,Geo,230,0.0197529492281108,0.0374816832394344,1.0,0.8714490508940446,0.0
model20,Geo,231,0.019676216998231,0.0269933389859696,1.0,0.9239764778102264,0.0
model20,Geo,232,0.0201600924750453,0.0307906815310385,1.0,0.7054308307653645,0.0
model20,Geo,233,0.0598366221499408,0.0813511798749974,1.0,1.472739949678478,0.0
model20,Geo,234,0.02500832041995,0.0320866385441579,1.0,1.0397187215529324,0.0
model20,Geo,235,0.0186299400803454,0.0346969064597327,1.0,0.8430453129484728,0.0
model20,Geo,236,0.0290896204038266,0.0381708647138768,1.0,1.0802198337512556,0.0
model20,Geo,237,0.0334479084288498,0.0476285996364576,1.0,0.572918794906267,0.0
model20,Geo,238,0.0418844448522266,0.0594555927272511,1.0,0.511496029959426,0.0
model20,Geo,239,0.0223559288070285,0.0309547670005784,1.0,0.6812086822044237,0.0
model20,LQR-outer,200,0.0096616502577772,0.0145446957725302,1.0,0.8044275703501582,0.0
model20,LQR-outer,201,0.0203929773540527,0.0272867110545081,1.0,0.7781910218533485,0.0
model20,LQR-outer,202,0.0340037762489964,0.0470661187206289,1.0,0.5159040447685986,0.0
model20,LQR-outer,203,0.013459432715386,0.0202689996163854,1.0,0.832219845783217,0.0
model20,LQR-outer,204,0.0335611344485173,0.0379300639469356,1.0,1.210692120797774,0.0
model20,LQR-outer,205,0.025260304108743,0.0461753497671311,1.0,0.9612802545359777,0.0
model20,LQR-outer,206,0.0310930209559247,0.0442610318234283,1.0,0.5317747942176818,0.0
model20,LQR-outer,207,0.0229048400533088,0.0383474200545615,1.0,0.7244798398287365,0.0
model20,LQR-outer,208,0.0121658759285525,0.022322039275434,1.0,0.7703879381640436,0.0
model20,LQR-outer,209,0.0217776012695913,0.031256236985825,1.0,0.6444620226261935,0.0
model20,LQR-outer,210,0.0303351916899755,0.0477318330188849,1.0,0.5459128424661774,0.0
model20,LQR-outer,211,0.0296919342778468,0.044136781512802,1.0,0.5496640470050748,0.0
model20,LQR-outer,212,0.0215543828190505,0.0271103437485931,1.0,1.051426789994107,0.0
model20,LQR-outer,213,0.0241277273796542,0.0309254186886785,1.0,0.6775081924249245,0.0
model20,LQR-outer,214,0.0244502027500607,0.0282495578918967,1.0,1.1080447234966535,0.0
model20,LQR-outer,215,0.01849535527635,0.0288302603404882,1.0,0.7589000823411032,0.0
model20,LQR-outer,216,0.0225636606529967,0.0276768017637669,1.0,1.0775993201601592,0.0
model20,LQR-outer,217,0.0104512524170427,0.0154118147911034,1.0,0.8917944606648229,0.0
model20,LQR-outer,218,0.0196499282775722,0.0290640141769089,1.0,0.7154336189512432,0.0
model20,LQR-outer,219,0.0165822420205813,0.0238800719255442,1.0,0.9399563801889738,0.0
model20,LQR-outer,220,0.0377169693884971,0.0499929273675669,1.0,1.2565303704494704,0.0
model20,LQR-outer,221,0.0259700620214189,0.029409005939257,1.0,1.0586331589086049,0.0
model20,LQR-outer,222,0.0246236080669353,0.0304978063699651,1.0,1.0352675361099335,0.0
model20,LQR-outer,223,0.0310790166876449,0.0466913666631044,1.0,0.5255185541813792,0.0
model20,LQR-outer,224,0.0289591900185213,0.0444046906033896,1.0,0.5380970805883982,0.0
model20,LQR-outer,225,0.0182359684018393,0.0332133955595211,1.0,0.6656244657093326,0.0
model20,LQR-outer,226,0.014102586371931,0.0283302116763042,1.0,0.8003326675010317,0.0
model20,LQR-outer,227,0.0309474753001828,0.0354032055097547,1.0,1.0790277209329853,0.0
model20,LQR-outer,228,0.0183730159589929,0.021956589487899,1.0,0.7764665611731973,0.0
model20,LQR-outer,229,0.0238234518821925,0.0417397413082116,1.0,0.8934432710862266,0.0
model20,LQR-outer,230,0.0188578488241769,0.0374812428219567,1.0,0.869278881892666,0.0
model20,LQR-outer,231,0.0173285275881933,0.0216404693734582,1.0,0.9219682696296012,0.0
model20,LQR-outer,232,0.0190394456319392,0.0307902832602243,1.0,0.7045381409321128,0.0
model20,LQR-outer,233,0.0479451353947916,0.0631725685857191,1.0,1.468717433782876,0.0
model20,LQR-outer,234,0.0200935752201845,0.0246976841125596,1.0,1.0366988885664632,0.0
model20,LQR-outer,235,0.018052617389652,0.0346739061384426,1.0,0.8407549885303333,0.0
model20,LQR-outer,236,0.0228337038394953,0.0292807499766635,1.0,1.0759977578836488,0.0
model20,LQR-outer,237,0.0287343926530283,0.0398827002444283,1.0,0.5728141942227064,0.0
model20,LQR-outer,238,0.0356961923763244,0.0487167155111442,1.0,0.5114405697922297,0.0
model20,LQR-outer,239,0.0203027517114374,0.0277603382063485,1.0,0.6804721808859986,0.0
model20,LMPC-H40,200,0.0100063822320976,0.0172011093187196,1.0,0.8087633926401572,0.0
model20,LMPC-H40,201,0.0298472140662848,0.0498630617298675,1.0,0.7854844848502938,0.0
model20,LMPC-H40,202,0.062592483593064,0.098839175070593,1.0,0.5293398295654688,0.0
model20,LMPC-H40,203,0.0226376526292201,0.0381120455796046,1.0,0.8325575442144778,0.0
model20,LMPC-H40,204,0.0712048955358031,0.0940052950107239,1.0,1.20521717994947,0.0
model20,LMPC-H40,205,0.0389897688859615,0.0461763298324396,1.0,0.960640424973292,0.0
model20,LMPC-H40,206,0.0563348705202531,0.0950108668067274,1.0,0.5499420659958303,0.0
model20,LMPC-H40,207,0.0340967991484657,0.0519439785292826,1.0,0.7401550257486059,0.0
model20,LMPC-H40,208,0.0202030213737713,0.0371739439610805,1.0,0.781739072421252,0.0
model20,LMPC-H40,209,0.0379666200677449,0.0587050037687775,1.0,0.640298129417227,0.0
model20,LMPC-H40,210,0.0543355241184738,0.1001160292510394,1.0,0.5632518490951354,0.0
model20,LMPC-H40,211,0.0523388086164742,0.0932969642188837,1.0,0.568535091707579,0.0
model20,LMPC-H40,212,0.050147656414783,0.0705892986773869,1.0,1.042410341039549,0.0
model20,LMPC-H40,213,0.0363440239799682,0.0530271857730712,1.0,0.6913835394917363,0.0
model20,LMPC-H40,214,0.0534188420131048,0.0691629023358351,1.0,1.1086084179678324,0.0
model20,LMPC-H40,215,0.0310517072896165,0.0550778657542064,1.0,0.7740719334364375,0.0
model20,LMPC-H40,216,0.0515968764753767,0.0672593787983108,1.0,1.076456372359477,0.0
model20,LMPC-H40,217,0.0182568402989466,0.021736291963964,1.0,0.8937367306686648,0.0
model20,LMPC-H40,218,0.0291010094931305,0.0509830618261545,1.0,0.7336650585204079,0.0
model20,LMPC-H40,219,0.0354568146648536,0.0454687148874929,1.0,0.9444839663787258,0.0
model20,LMPC-H40,220,0.0835447130954115,0.1229510705821222,1.0,1.2338902786590706,0.0
model20,LMPC-H40,221,0.053823004926094,0.0684655304521553,1.0,1.063675744774918,0.0
model20,LMPC-H40,222,0.054048691111352,0.0769721387729455,1.0,1.0219786140331095,0.0
model20,LMPC-H40,223,0.0592199434176107,0.0985771376346964,1.0,0.5338609446470832,0.0
model20,LMPC-H40,224,0.054140136213231,0.0921940693551948,1.0,0.5505907613781387,0.0
model20,LMPC-H40,225,0.0317956693642177,0.0628386202452346,1.0,0.6732192066013413,0.0
model20,LMPC-H40,226,0.0165359372822958,0.0283302260807904,1.0,0.8000455760491996,0.0
model20,LMPC-H40,227,0.0643196354771232,0.0801537511881117,1.0,1.0931950894784632,0.0
model20,LMPC-H40,228,0.0270976880343192,0.0377449507341225,1.0,0.7803050602659647,0.0
model20,LMPC-H40,229,0.0359587500862458,0.0459500227393642,1.0,0.9151874691234194,0.0
model20,LMPC-H40,230,0.0240667301062394,0.0374830485000508,1.0,0.8697328542930798,0.0
model20,LMPC-H40,231,0.0263982331669084,0.0463148463795387,1.0,0.9176484006656416,0.0
model20,LMPC-H40,232,0.0253676705190419,0.041151478916451,1.0,0.7076001034950335,0.0
model20,LMPC-H40,233,0.0995863893137678,0.1518457831657394,1.0,1.415935698383796,0.0
model20,LMPC-H40,234,0.0431738268328896,0.0613379382070599,1.0,1.0238215906460462,0.0
model20,LMPC-H40,235,0.023211166131832,0.0349267644937804,1.0,0.8484391504371036,0.0
model20,LMPC-H40,236,0.0520342881389372,0.0737288733793546,1.0,1.0640421378361011,0.0
model20,LMPC-H40,237,0.051717493222552,0.0807483886929997,1.0,0.5840607560894394,0.0
model20,LMPC-H40,238,0.0633661000509503,0.1073728542397081,1.0,0.5337347465041903,0.0
model20,LMPC-H40,239,0.0297406625241191,0.0486919212069264,1.0,0.692798153881013,0.0
model20,Geo+MLP-D2,200,0.0315880526977127,0.0408155270988639,1.0,0.8283058246509607,0.1927272337200631
model20,Geo+MLP-D2,201,0.0361268503777325,0.0490414948162928,1.0,0.806547154185785,0.2047387004236987
model20,Geo+MLP-D2,202,0.0408432899393512,0.0495615190653368,1.0,0.5259577823195175,0.2290769029564753
model20,Geo+MLP-D2,203,0.0364166304027636,0.0505209901569544,1.0,0.8578332303364096,0.2003547775810691
model20,Geo+MLP-D2,204,0.0427159624531232,0.0506913034550051,1.0,1.2343284341844778,0.2080826777570584
model20,Geo+MLP-D2,205,0.036321331937617,0.0461762180938502,1.0,0.9791900343104992,0.1799243788474717
model20,Geo+MLP-D2,206,0.0357264665956561,0.044719250306919,1.0,0.5487887081599431,0.2258923197376718
model20,Geo+MLP-D2,207,0.0305083083653129,0.0382710979567395,1.0,0.7408001512788084,0.1849636528122245
model20,Geo+MLP-D2,208,0.0260669383999853,0.0312548924184433,1.0,0.789138173416241,0.1879502891707777
model20,Geo+MLP-D2,209,0.0309880413911205,0.0409517595471827,1.0,0.6651359056736413,0.2040305485744149
model20,Geo+MLP-D2,210,0.032697415287129,0.0375261786713588,1.0,0.5548797663223264,0.2280145617222918
model20,Geo+MLP-D2,211,0.0319696933161248,0.0403185771871546,1.0,0.5674112180601028,0.2261617946678685
model20,Geo+MLP-D2,212,0.0314035870623506,0.0387634505427572,1.0,1.0707328749324023,0.1790050651220713
model20,Geo+MLP-D2,213,0.0377622610160174,0.0448776269708839,1.0,0.6980067731329205,0.2104862283585488
model20,Geo+MLP-D2,214,0.0347749948835538,0.0425483845522968,1.0,1.1420602549086356,0.1920408451360504
model20,Geo+MLP-D2,215,0.0285041899629356,0.0312761497879505,1.0,0.7711208917656948,0.1875983092286237
model20,Geo+MLP-D2,216,0.0320184524048151,0.0391124431899563,1.0,1.1054860665039032,0.1915013782685307
model20,Geo+MLP-D2,217,0.0298382387614461,0.0356669547352114,1.0,0.9136945847701156,0.1855913830599256
model20,Geo+MLP-D2,218,0.0325503454602921,0.035398205048644,1.0,0.727672305267638,0.1968463253152214
model20,Geo+MLP-D2,219,0.0293810924172208,0.0356634055720601,1.0,0.9696645306839587,0.1804303670730223
model20,Geo+MLP-D2,220,0.0398922668632556,0.0518143032643141,1.0,1.28406914236204,0.18770300429077
model20,Geo+MLP-D2,221,0.0372632292903249,0.0434435417888004,1.0,1.083615350248796,0.1816452938291641
model20,Geo+MLP-D2,222,0.0310117372027526,0.0395034920105624,1.0,1.060398495857672,0.1735321260847393
model20,Geo+MLP-D2,223,0.0353503569855859,0.0420019263803366,1.0,0.5338288417323629,0.2280647207991174
model20,Geo+MLP-D2,224,0.033420236785994,0.0422926815798466,1.0,0.549257460462105,0.2249441506003094
model20,Geo+MLP-D2,225,0.0267028647634528,0.0329353467737755,1.0,0.6722773892320599,0.2001023413102942
model20,Geo+MLP-D2,226,0.0338455458660049,0.0434137167481777,1.0,0.8141133869803457,0.1916844127094275
model20,Geo+MLP-D2,227,0.0391095069815866,0.0469120565498647,1.0,1.107866232602699,0.1814806134803133
model20,Geo+MLP-D2,228,0.0395189615611119,0.052419048313815,1.0,0.8085179545008221,0.1990922020426383
model20,Geo+MLP-D2,229,0.0407123255529469,0.0437821685923854,1.0,0.9158109498499007,0.1870316424816062
model20,Geo+MLP-D2,230,0.0357782238061567,0.0392385372170391,1.0,0.8813600177324039,0.1974530009094634
model20,Geo+MLP-D2,231,0.0389571591519152,0.052207713932576,1.0,0.9470177241589528,0.197529779991025
model20,Geo+MLP-D2,232,0.0344086464028319,0.038287733219884,1.0,0.7189686644076891,0.2092876439756799
model20,Geo+MLP-D2,233,0.047756196398775,0.0602601326777813,1.0,1.5056513040167483,0.225295960861801
model20,Geo+MLP-D2,234,0.0342346231351222,0.0412525120454574,1.0,1.061173998512525,0.1790238423402295
model20,Geo+MLP-D2,235,0.036913311400304,0.0381942311208733,1.0,0.8493682685102547,0.191451195966162
model20,Geo+MLP-D2,236,0.034768201666497,0.042467253392642,1.0,1.0972460214365336,0.1801077892539865
model20,Geo+MLP-D2,237,0.0387636837531681,0.0467025759291736,1.0,0.5828547376964964,0.224324487318513
model20,Geo+MLP-D2,238,0.0403992634291926,0.0468280910738024,1.0,0.5254258368382241,0.2246733053675864
model20,Geo+MLP-D2,239,0.0351694261080744,0.0402692835638962,1.0,0.6965694848628599,0.1966269813779255
model20,Geo+CeNN-D2,200,0.0114536766467298,0.0190365666561647,1.0,1.297212290444789,0.6754165749803209
model20,Geo+CeNN-D2,201,0.0230693473520407,0.0307632308284996,1.0,1.1718795908251889,0.6034499241764357
model20,Geo+CeNN-D2,202,0.0412990921579488,0.059769984763365,1.0,0.9252038353068088,0.616951474951527
model20,Geo+CeNN-D2,203,0.0145850223083707,0.0227833837640895,1.0,1.196695544355028,0.5810987608185523
model20,Geo+CeNN-D2,204,0.0379593931163346,0.0453694440467266,1.0,1.6744096156718389,0.65477761859321
model20,Geo+CeNN-D2,205,0.0282332235289229,0.0461756934948251,1.0,1.41225180124627,0.6436452924988997
model20,Geo+CeNN-D2,206,0.0376065342678354,0.0566669276938682,1.0,0.9052847844051912,0.5837039785572664
model20,Geo+CeNN-D2,207,0.0250836213706228,0.0384716801628162,1.0,1.0111613438933758,0.5139922264507613
model20,Geo+CeNN-D2,208,0.0144578307302558,0.0272899341452113,1.0,1.1702639895818985,0.6062746068318318
model20,Geo+CeNN-D2,209,0.0262415132304273,0.0393910010995484,1.0,1.074235158481605,0.6324562876635045
model20,Geo+CeNN-D2,210,0.0377581530229681,0.061713008054751,1.0,0.8871326168654193,0.5573420147025887
model20,Geo+CeNN-D2,211,0.0377899056912819,0.0577764727687362,1.0,0.9742526754088056,0.6198029660328805
model20,Geo+CeNN-D2,212,0.0222939656177723,0.0281425741671357,1.0,1.420380384536027,0.5863728416228928
model20,Geo+CeNN-D2,213,0.0291977789056847,0.0369196543880682,1.0,1.0165489582846632,0.556622281185244
model20,Geo+CeNN-D2,214,0.0282958466946975,0.033307281354786,1.0,1.334376140272001,0.4635929882586887
model20,Geo+CeNN-D2,215,0.0200337166625607,0.0345815167693753,1.0,1.0835478941547034,0.5423083652756285
model20,Geo+CeNN-D2,216,0.0256782757414176,0.0310312921612304,1.0,1.3754208334318578,0.5307657393241008
model20,Geo+CeNN-D2,217,0.0112862207554705,0.0154117045548635,1.0,1.340174894035009,0.644844460711819
model20,Geo+CeNN-D2,218,0.0212526142026217,0.0336209060338022,1.0,1.1360656356495409,0.6228482963323209
model20,Geo+CeNN-D2,219,0.0180998716492705,0.0238811443223515,1.0,1.314706691810228,0.5901325059392879
model20,Geo+CeNN-D2,220,0.041157671539731,0.0550373010030894,1.0,1.5376410680325576,0.5154750433586928
model20,Geo+CeNN-D2,221,0.0286528312580526,0.0327808208036546,1.0,1.5512079760890387,0.6846113615700172
model20,Geo+CeNN-D2,222,0.0274246948774127,0.0348048579905359,1.0,1.5200062727370327,0.6709520758490203
model20,Geo+CeNN-D2,223,0.0379532290757502,0.0602351648797451,1.0,0.913150234660728,0.5921086006735551
model20,Geo+CeNN-D2,224,0.0363642298650579,0.0574838271743516,1.0,0.8733400079168387,0.5569421983938625
model20,Geo+CeNN-D2,225,0.0220256689285962,0.0410942060399063,1.0,1.0983634243558025,0.6288992735426023
model20,Geo+CeNN-D2,226,0.0143460546169059,0.0283300318606311,1.0,1.1451526008765844,0.5663849354221925
model20,Geo+CeNN-D2,227,0.0343532101216146,0.0379655927261877,1.0,1.4816245549325002,0.6098455802188348
model20,Geo+CeNN-D2,228,0.0208928531587013,0.0254256044019085,1.0,1.0760807401151002,0.5362550144104354
model20,Geo+CeNN-D2,229,0.0253179814651461,0.0413981123376802,1.0,1.3173782134133822,0.6252577073991016
model20,Geo+CeNN-D2,230,0.0192772498047812,0.0374810488492799,1.0,1.185041516647338,0.5347876036709825
model20,Geo+CeNN-D2,231,0.0182932333653048,0.0242199964133251,1.0,1.3750483772601343,0.6545027477528768
model20,Geo+CeNN-D2,232,0.0233945382484196,0.0329571013833532,1.0,1.160195147159543,0.6460502062625453
model20,Geo+CeNN-D2,233,0.057167529633415,0.0780301485278999,1.0,1.87509535963753,0.6292807780715035
model20,Geo+CeNN-D2,234,0.0215798702813965,0.0271084090561446,1.0,1.3696183568478475,0.5620095655866744
model20,Geo+CeNN-D2,235,0.0180578691794192,0.0346710730838909,1.0,1.251482674901386,0.6153561893035923
model20,Geo+CeNN-D2,236,0.0254716666341608,0.0331331868339071,1.0,1.4931140266468397,0.6270018099811254
model20,Geo+CeNN-D2,237,0.0357929798314737,0.0517262166667068,1.0,0.9924277901463524,0.6164097066322552
model20,Geo+CeNN-D2,238,0.0427828341713867,0.0626201280600298,1.0,0.8112539677658896,0.5262349394874376
model20,Geo+CeNN-D2,239,0.023600324272493,0.0334400503754935,1.0,0.9619211971387058,0.5121842305065685
model20,Geo+AE-CeNN,200,0.0113007531622175,0.0164877874297154,1.0,0.8064898919832652,0.0394774808881464
model20,Geo+AE-CeNN,201,0.0250077077498432,0.0334050682075188,1.0,0.7798922619397222,0.0403075818097006
model20,Geo+AE-CeNN,202,0.0406386504211797,0.0579438772095969,1.0,0.5161388747973967,0.0401172836126812
model20,Geo+AE-CeNN,203,0.0172511759799896,0.0252535612404042,1.0,0.834120823132916,0.0394396663050215
model20,Geo+AE-CeNN,204,0.0419347686312399,0.0507000527112495,1.0,1.2190166847066284,0.0385258575040465
model20,Geo+AE-CeNN,205,0.0282432221348152,0.0461755187479488,1.0,0.963929853867076,0.0386183170135883
model20,Geo+AE-CeNN,206,0.0375719032081879,0.0548454033945872,1.0,0.5322519834325887,0.0403321633655755
model20,Geo+AE-CeNN,207,0.0259053838857016,0.0385542362610884,1.0,0.7261524412907938,0.0393052434081903
model20,Geo+AE-CeNN,208,0.0150406388790904,0.026344307815519,1.0,0.7731831291718744,0.0391258467171684
model20,Geo+AE-CeNN,209,0.0254224921715974,0.0360843507108055,1.0,0.6424620296126745,0.0391182087464756
model20,Geo+AE-CeNN,210,0.0362027557870147,0.0588084243077621,1.0,0.5477599025669699,0.0400573868860551
model20,Geo+AE-CeNN,211,0.0361325933259426,0.0545523518204541,1.0,0.5501721172195797,0.0402151269686919
model20,Geo+AE-CeNN,212,0.0291916973065303,0.0376689360936844,1.0,1.0553155656150046,0.0382011301420064
model20,Geo+AE-CeNN,213,0.0283098332380123,0.0354186216466866,1.0,0.6783210125645281,0.0401470484895698
model20,Geo+AE-CeNN,214,0.0323404131076514,0.0381812703763107,1.0,1.1147989812549746,0.0390601981455156
model20,Geo+AE-CeNN,215,0.0218552999264872,0.0350419380813051,1.0,0.762643076476246,0.0392658895418143
model20,Geo+AE-CeNN,216,0.0300727594615427,0.0370525501684626,1.0,1.0836759039299024,0.0387034586304036
model20,Geo+AE-CeNN,217,0.0140145159852932,0.0167331736266329,1.0,0.8945458193293445,0.0391127057315443
model20,Geo+AE-CeNN,218,0.0221502516453416,0.0335885902870959,1.0,0.718633509953917,0.0395202989321306
model20,Geo+AE-CeNN,219,0.0215198757495887,0.0249199229280871,1.0,0.9447898540181257,0.038773301845509
model20,Geo+AE-CeNN,220,0.0493955826319377,0.0666520356557049,1.0,1.2629949058409526,0.0378180483775799
model20,Geo+AE-CeNN,221,0.0316991395527787,0.0372351049875673,1.0,1.0651516454206629,0.0380806138623989
model20,Geo+AE-CeNN,222,0.0321367770653723,0.0409262597614538,1.0,1.0382428876272112,0.038035560953544
model20,Geo+AE-CeNN,223,0.0372457420361066,0.0574590551445616,1.0,0.5260848628932571,0.0403643078463402
model20,Geo+AE-CeNN,224,0.0349659348390272,0.0544149530162723,1.0,0.5389907492565124,0.0401358430424531
model20,Geo+AE-CeNN,225,0.0216360844389375,0.039984168537104,1.0,0.6674876903355016,0.0395302064732767
model20,Geo+AE-CeNN,226,0.0156090147076924,0.028329775999976,1.0,0.8023024562661853,0.0395527984529688
model20,Geo+AE-CeNN,227,0.0381583130131771,0.043652746698077,1.0,1.0871360037540945,0.0384439736063944
model20,Geo+AE-CeNN,228,0.0206716676570794,0.0249170516476871,1.0,0.7769213813242438,0.0392816033900582
model20,Geo+AE-CeNN,229,0.0258135046959675,0.0423546829420103,1.0,0.8983631838260918,0.0391918894996901
model20,Geo+AE-CeNN,230,0.0201212006806686,0.0374811971509311,1.0,0.8730112738161465,0.0395377481475424
model20,Geo+AE-CeNN,231,0.0205141079372216,0.028861804951367,1.0,0.9247266310680856,0.039401086834815
model20,Geo+AE-CeNN,232,0.020499257534203,0.0307904808089884,1.0,0.7060109206836492,0.0391800496790427
model20,Geo+AE-CeNN,233,0.0611895714264656,0.0835136457609077,1.0,1.4730086704149967,0.0375864187851297
model20,Geo+AE-CeNN,234,0.0253990580285442,0.0327591189362969,1.0,1.039696808715569,0.0379750025221066
model20,Geo+AE-CeNN,235,0.018399173815337,0.0346691156807361,1.0,0.8442610282741226,0.0388087536838767
model20,Geo+AE-CeNN,236,0.0289569955173714,0.038553982025275,1.0,1.0809697717682378,0.037464952014478
model20,Geo+AE-CeNN,237,0.0342913945651536,0.0492657081927753,1.0,0.5737866606694413,0.0403480109357112
model20,Geo+AE-CeNN,238,0.0424453954962959,0.0605029673087862,1.0,0.5120044878319687,0.0405960881107367
model20,Geo+AE-CeNN,239,0.0227169497489651,0.0312358812924235,1.0,0.6815297372320106,0.039453838887376
model20,Geo+D1-3AE-CeNN,200,0.011922310138829,0.0166557808524629,1.0,0.8071783942412339,0.0368370049547785
model20,Geo+D1-3AE-CeNN,201,0.0253881638053326,0.0340072588315356,1.0,0.7809504465368222,0.0368374908739293
model20,Geo+D1-3AE-CeNN,202,0.0396816619440402,0.0559492032847704,1.0,0.5162787969010151,0.0368371889765463
model20,Geo+D1-3AE-CeNN,203,0.0183773255828114,0.0265382873834208,1.0,0.8348466762599183,0.0368371836807587
model20,Geo+D1-3AE-CeNN,204,0.0416458073773512,0.0500726764603246,1.0,1.219718505271626,0.0368368584591068
model20,Geo+D1-3AE-CeNN,205,0.0282155846854076,0.046175614083534,1.0,0.964414155709784,0.0368369752374451
model20,Geo+D1-3AE-CeNN,206,0.0364696239126333,0.0527205281775699,1.0,0.5325126214907481,0.0368369728157829
model20,Geo+D1-3AE-CeNN,207,0.0247250430628333,0.0385533187778964,1.0,0.7265061852669891,0.0368372618777315
model20,Geo+D1-3AE-CeNN,208,0.0135013623512292,0.0237398281075791,1.0,0.7734972001408362,0.0368371430355694
model20,Geo+D1-3AE-CeNN,209,0.0244949328903665,0.0340835559860253,1.0,0.6429585719985582,0.0368375547447599
model20,Geo+D1-3AE-CeNN,210,0.0344884754269129,0.0557566757809994,1.0,0.5478380734160784,0.0368377327704276
model20,Geo+D1-3AE-CeNN,211,0.0348111072959885,0.0520897206634692,1.0,0.5504643301650756,0.0368375079766879
model20,Geo+D1-3AE-CeNN,212,0.0285107315286274,0.0365688915199775,1.0,1.0554897020266458,0.0368367551770787
model20,Geo+D1-3AE-CeNN,213,0.0283273918862167,0.0347419711953207,1.0,0.678724639868482,0.0368376733439723
model20,Geo+D1-3AE-CeNN,214,0.0321773221636123,0.037918222743702,1.0,1.1156555558234904,0.0368368289493947
model20,Geo+D1-3AE-CeNN,215,0.0202470150456811,0.0320268279322935,1.0,0.7625965395840478,0.0368376326852948
model20,Geo+D1-3AE-CeNN,216,0.0295964273805724,0.036406699278971,1.0,1.0844652688856251,0.0368370546116099
model20,Geo+D1-3AE-CeNN,217,0.0143925925275397,0.0169147172943015,1.0,0.8951524288562642,0.0368374298258845
model20,Geo+D1-3AE-CeNN,218,0.0212520644729202,0.0310022237845002,1.0,0.7186591918725078,0.0368374271271631
model20,Geo+D1-3AE-CeNN,219,0.0207378597714592,0.0242628533034112,1.0,0.945246798023892,0.0368366601405883
model20,Geo+D1-3AE-CeNN,220,0.0482447506230677,0.0649254235201683,1.0,1.263300747866268,0.0368371793594016
model20,Geo+D1-3AE-CeNN,221,0.031148432549381,0.0364774301973544,1.0,1.0655283274138827,0.036837383528264
model20,Geo+D1-3AE-CeNN,222,0.0309069152167775,0.0392572278691907,1.0,1.0385503983140452,0.0368378623556422
model20,Geo+D1-3AE-CeNN,223,0.0357463355782892,0.0547496092040543,1.0,0.5263214147775161,0.0368373954830166
model20,Geo+D1-3AE-CeNN,224,0.033582421913559,0.0519676477674804,1.0,0.5392083299140605,0.0368383952418688
model20,Geo+D1-3AE-CeNN,225,0.0200311549431239,0.0372391559037807,1.0,0.6675743803287026,0.0368375656025969
model20,Geo+D1-3AE-CeNN,226,0.0161808723784361,0.0283297925388901,1.0,0.8029408391482471,0.0368374823520681
model20,Geo+D1-3AE-CeNN,227,0.0373220062210215,0.0427304745983254,1.0,1.0874615193150352,0.0368373044006104
model20,Geo+D1-3AE-CeNN,228,0.0215530157805625,0.0257626848525704,1.0,0.7775936692847137,0.0368365086085408
model20,Geo+D1-3AE-CeNN,229,0.0261808655032198,0.0423831260296524,1.0,0.8988588402773717,0.0368366429022467
model20,Geo+D1-3AE-CeNN,230,0.0205038237273261,0.0374812142710368,1.0,0.8736491262937212,0.0368376774847524
model20,Geo+D1-3AE-CeNN,231,0.0216761360248967,0.0305427003356864,1.0,0.9258483122822988,0.0368371335341408
model20,Geo+D1-3AE-CeNN,232,0.0199327673368296,0.0307906189205503,1.0,0.706335958362138,0.036837729455651
model20,Geo+D1-3AE-CeNN,233,0.0603812210811581,0.0821246509422375,1.0,1.4740484295542402,0.0368379627681808
model20,Geo+D1-3AE-CeNN,234,0.0250950956881751,0.0321163205861669,1.0,1.040260826748939,0.0368378136055765
model20,Geo+D1-3AE-CeNN,235,0.0187362311001466,0.0346760193192289,1.0,0.8443685889764947,0.0368378844799427
model20,Geo+D1-3AE-CeNN,236,0.0283176087382667,0.0375615721972676,1.0,1.0813390825032312,0.0368372021160218
model20,Geo+D1-3AE-CeNN,237,0.0335954754522594,0.047769653708466,1.0,0.5740406240184712,0.0368381019375325
model20,Geo+D1-3AE-CeNN,238,0.0411559327574129,0.0580673612273844,1.0,0.5122504866382285,0.0368376454723091
model20,Geo+D1-3AE-CeNN,239,0.0223727273677152,0.0294089437064939,1.0,0.6816990848747971,0.0368374399329601
model20,Geo+D2-HistAE-CeNN,200,0.0081989425326576,0.0146014711151263,1.0,0.8150729178256423,0.1334294258347722
model20,Geo+D2-HistAE-CeNN,201,0.0183528791542152,0.026934452270665,1.0,0.7990068739309959,0.1483486917489106
model20,Geo+D2-HistAE-CeNN,202,0.0411020981247855,0.0588496119296102,1.0,0.5270531972304798,0.1231290501761687
model20,Geo+D2-HistAE-CeNN,203,0.0116599090308038,0.0163919086055851,1.0,0.8408595783075234,0.1400039751958628
model20,Geo+D2-HistAE-CeNN,204,0.0374485718039159,0.0431270147192265,1.0,1.2242912066751168,0.1446807768695631
model20,Geo+D2-HistAE-CeNN,205,0.0274480844975707,0.0461747226780944,1.0,0.9793737365523382,0.1397488836430132
model20,Geo+D2-HistAE-CeNN,206,0.0338712180971976,0.0512800691253086,1.0,0.5512120503276366,0.1432161257048431
model20,Geo+D2-HistAE-CeNN,207,0.0219672142646528,0.0383091486711377,1.0,0.7474957652937572,0.1374776851443741
model20,Geo+D2-HistAE-CeNN,208,0.0115876903557118,0.0246094809052951,1.0,0.785958901826069,0.1285236271346845
model20,Geo+D2-HistAE-CeNN,209,0.026468820067681,0.0376149270551793,1.0,0.6594980004836855,0.1377980404006169
model20,Geo+D2-HistAE-CeNN,210,0.0349596575839209,0.0565319816852542,1.0,0.561191360476122,0.1194831003503069
model20,Geo+D2-HistAE-CeNN,211,0.0345974952295928,0.052964588210164,1.0,0.5654564581336514,0.1289422573240557
model20,Geo+D2-HistAE-CeNN,212,0.0198383512415511,0.0250557277542896,1.0,1.0598843463881436,0.1507305048560294
model20,Geo+D2-HistAE-CeNN,213,0.0270520835460244,0.0340724281572169,1.0,0.6896175280033153,0.1275203505622625
model20,Geo+D2-HistAE-CeNN,214,0.0249654347186733,0.02957315270486,1.0,1.115616526762771,0.1325464905376019
model20,Geo+D2-HistAE-CeNN,215,0.0171023276865397,0.0282678690734113,1.0,0.7770310532490665,0.1362937773316122
model20,Geo+D2-HistAE-CeNN,216,0.0226085406483029,0.02702961661919,1.0,1.0940731832061203,0.1616527466653826
model20,Geo+D2-HistAE-CeNN,217,0.0097795321970398,0.0154108177874069,1.0,0.9004744457637253,0.119096594776409
model20,Geo+D2-HistAE-CeNN,218,0.0188055460955482,0.028607906845579,1.0,0.730801801668299,0.1226193814952013
model20,Geo+D2-HistAE-CeNN,219,0.0143898764565722,0.0238794766040467,1.0,0.9570550629809836,0.1441422910996536
model20,Geo+D2-HistAE-CeNN,220,0.0337444869564098,0.045141459464037,1.0,1.2560944407260513,0.160141751673764
model20,Geo+D2-HistAE-CeNN,221,0.0274405588366235,0.0315157857992604,1.0,1.0770497231946643,0.1491437829841228
model20,Geo+D2-HistAE-CeNN,222,0.0211641198418008,0.027135106261925,1.0,1.0461263178082107,0.1445280819553698
model20,Geo+D2-HistAE-CeNN,223,0.0376038607108899,0.0589518537155128,1.0,0.5405921988027774,0.1297875691808237
model20,Geo+D2-HistAE-CeNN,224,0.033287633080948,0.0518352854797263,1.0,0.5592289428639685,0.1441143335987874
model20,Geo+D2-HistAE-CeNN,225,0.0187487123238897,0.0367019434956999,1.0,0.690189810368779,0.1441842010226004
model20,Geo+D2-HistAE-CeNN,226,0.0132108617714082,0.0283304788541627,1.0,0.8048197338276071,0.1096708115588014
model20,Geo+D2-HistAE-CeNN,227,0.0294440598139961,0.0326946675784751,1.0,1.0940928339866836,0.1397164310203089
model20,Geo+D2-HistAE-CeNN,228,0.0158317864519198,0.0216990029737544,1.0,0.7886788387856948,0.1391718631009075
model20,Geo+D2-HistAE-CeNN,229,0.0258151195854063,0.0413789246800448,1.0,0.9192091150631316,0.1496796618365152
model20,Geo+D2-HistAE-CeNN,230,0.0201541313915268,0.0374817798107339,1.0,0.8859784464293727,0.1386418341365828
model20,Geo+D2-HistAE-CeNN,231,0.0156420670477305,0.01964729027107,1.0,0.9342372487761148,0.1395898586148008
model20,Geo+D2-HistAE-CeNN,232,0.0253528176632799,0.0307914761935571,1.0,0.7153986992702415,0.1469807477398144
model20,Geo+D2-HistAE-CeNN,233,0.0524647644522002,0.0704568740664049,1.0,1.4700152386027856,0.1551822920615413
model20,Geo+D2-HistAE-CeNN,234,0.0210018125051711,0.0258931141247826,1.0,1.0461689115771322,0.1297196833023948
model20,Geo+D2-HistAE-CeNN,235,0.0189859882868778,0.0346835820182254,1.0,0.8466142028014857,0.1253719723789686
model20,Geo+D2-HistAE-CeNN,236,0.0251654076065906,0.0318036974736257,1.0,1.0870704018278876,0.1427859783231033
model20,Geo+D2-HistAE-CeNN,237,0.0348129457984143,0.0495553022730305,1.0,0.5857827240168235,0.1217791319918872
model20,Geo+D2-HistAE-CeNN,238,0.0369443514982181,0.0551729754341399,1.0,0.5294573613850184,0.1313660507549534
model20,Geo+D2-HistAE-CeNN,239,0.0201724914612288,0.0289206861142713,1.0,0.70687684096671,0.1614463685075413
model20,Geo+D3-3HistAE-CeNN,200,0.0341499677263355,0.041684262833801,1.0,0.8333553215040544,0.179650727562302
model20,Geo+D3-3HistAE-CeNN,201,0.0426052918007686,0.0571010254149474,1.0,0.805777298604215,0.1806040759709763
model20,Geo+D3-3HistAE-CeNN,202,0.0339875032562479,0.0436866954392498,1.0,0.5348870194181625,0.178715993784711
model20,Geo+D3-3HistAE-CeNN,203,0.0420128426799603,0.0564081534537129,1.0,0.8619147331634124,0.1835945673844166
model20,Geo+D3-3HistAE-CeNN,204,0.0662711998838869,0.0828208551410078,1.0,1.2452778056681737,0.1749015011422231
model20,Geo+D3-3HistAE-CeNN,205,0.0523406189871601,0.0595795770171148,1.0,0.9861110783662944,0.1889735303188059
model20,Geo+D3-3HistAE-CeNN,206,0.0320421292977558,0.0354109787068369,1.0,0.5478723011245418,0.1864839018925844
model20,Geo+D3-3HistAE-CeNN,207,0.0330476487950737,0.0421936393173884,1.0,0.7472250716207384,0.1856249019311061
model20,Geo+D3-3HistAE-CeNN,208,0.0278585026100048,0.0369923310604067,1.0,0.7989468127383403,0.1824845870378868
model20,Geo+D3-3HistAE-CeNN,209,0.0220062724064947,0.0244842470315139,1.0,0.6616217960191532,0.1741883666965956
model20,Geo+D3-3HistAE-CeNN,210,0.0207865960577074,0.0249027721669272,1.0,0.5593152164296153,0.1777093106944683
model20,Geo+D3-3HistAE-CeNN,211,0.0276239832478901,0.0318550681759069,1.0,0.5657513980832757,0.1789923317547975
model20,Geo+D3-3HistAE-CeNN,212,0.0501170852636115,0.0638276660860655,1.0,1.0775656012045758,0.1696674705747107
model20,Geo+D3-3HistAE-CeNN,213,0.0390338574804676,0.0438404537430149,1.0,0.6965665585501654,0.1816951152174703
model20,Geo+D3-3HistAE-CeNN,214,0.0595239582407283,0.074008717439093,1.0,1.1444516502440545,0.1791250596068042
model20,Geo+D3-3HistAE-CeNN,215,0.0307394472879722,0.0392934789005178,1.0,0.7829515809656968,0.1830043337866501
model20,Geo+D3-3HistAE-CeNN,216,0.0555762092800998,0.0684515859550064,1.0,1.1145614578808152,0.1798460824361072
model20,Geo+D3-3HistAE-CeNN,217,0.0403974374125766,0.0495882414182741,1.0,0.9161521130895556,0.1790372647494769
model20,Geo+D3-3HistAE-CeNN,218,0.0299595808162852,0.0365616817217713,1.0,0.7338118676563327,0.1790905992109157
model20,Geo+D3-3HistAE-CeNN,219,0.0423812979703812,0.0525574658630354,1.0,0.9669154254996256,0.1781070091038183
model20,Geo+D3-3HistAE-CeNN,220,0.0685687730770601,0.0898411121503282,1.0,1.2979257322659443,0.1620737143593335
model20,Geo+D3-3HistAE-CeNN,221,0.0557920800147393,0.0681041167690136,1.0,1.092278061731597,0.1858232135352515
model20,Geo+D3-3HistAE-CeNN,222,0.0495900581231762,0.063585823259937,1.0,1.063303289644938,0.176520225330086
model20,Geo+D3-3HistAE-CeNN,223,0.0228551004761413,0.0304962106237659,1.0,0.5484963381345662,0.1831558718206658
model20,Geo+D3-3HistAE-CeNN,224,0.0222235057970814,0.0300541661168052,1.0,0.5559444089683783,0.1775505887698912
model20,Geo+D3-3HistAE-CeNN,225,0.0208484910875328,0.026459649354103,1.0,0.6858882100370001,0.1820484030484719
model20,Geo+D3-3HistAE-CeNN,226,0.0379498878673953,0.0474923237365826,1.0,0.830423027081049,0.1847836144762244
model20,Geo+D3-3HistAE-CeNN,227,0.0592026425066852,0.0709501124325823,1.0,1.1089769170414847,0.1848706010355319
model20,Geo+D3-3HistAE-CeNN,228,0.0376511771437821,0.0459413640235859,1.0,0.7997479740412122,0.1762828024412915
model20,Geo+D3-3HistAE-CeNN,229,0.0484962976963785,0.050986336761457,1.0,0.9213927966850528,0.1871497207088383
model20,Geo+D3-3HistAE-CeNN,230,0.042394113953332,0.0482393840775577,1.0,0.8994031397647677,0.1824545105743916
model20,Geo+D3-3HistAE-CeNN,231,0.0482138133451811,0.0668938967010794,1.0,0.9537904733920808,0.182116650665972
model20,Geo+D3-3HistAE-CeNN,232,0.0231627096834281,0.0307895588540738,1.0,0.724555497414027,0.1684855793550533
model20,Geo+D3-3HistAE-CeNN,233,0.0855554572607896,0.1138499298177077,1.0,1.5150718960394698,0.1703880420502125
model20,Geo+D3-3HistAE-CeNN,234,0.0499028248456997,0.0634838415443344,1.0,1.0693766195928416,0.1756047922770881
model20,Geo+D3-3HistAE-CeNN,235,0.0391508288352255,0.0439454636563184,1.0,0.862305332226445,0.1766361808771932
model20,Geo+D3-3HistAE-CeNN,236,0.0509923602122099,0.0655830349581444,1.0,1.1072335614750324,0.1686480768244055
model20,Geo+D3-3HistAE-CeNN,237,0.0310905055010452,0.0402234351879646,1.0,0.5927678722681666,0.1792296342461155
model20,Geo+D3-3HistAE-CeNN,238,0.0345325015796277,0.0451108989807437,1.0,0.525760801414778,0.1801724441975062
model20,Geo+D3-3HistAE-CeNN,239,0.0299876887428254,0.033431316967981,1.0,0.7000328696461611,0.1801863169470799
latency40,Geo,200,0.016827985100454,0.0230788137741707,1.0,0.8201221153141914,0.0
latency40,Geo,201,0.0133386328986668,0.0215841737742562,1.0,0.8194114808881575,0.0
latency40,Geo,202,0.0203128914057566,0.0303363910379725,1.0,0.8264406690151687,0.0
latency40,Geo,203,0.0160909867721943,0.0226846070123912,1.0,0.8128275167522573,0.0
latency40,Geo,204,0.0194454867378654,0.0286757640833551,1.0,0.8328917867362265,0.0
latency40,Geo,205,0.0189785103335953,0.0287767902081302,1.0,0.8193176352299502,0.0
latency40,Geo,206,0.0146517871265499,0.0218776568045861,1.0,0.8323583306151918,0.0
latency40,Geo,207,0.0150346919454382,0.021988078574456,1.0,0.8406139648114967,0.0
latency40,Geo,208,0.0179881660756741,0.0248448989222659,1.0,0.8269383114464159,0.0
latency40,Geo,209,0.0127324611229513,0.0219320986070497,1.0,0.8330074796985116,0.0
latency40,Geo,210,0.0153784108574556,0.0222702889784503,1.0,0.8115942169430191,0.0
latency40,Geo,211,0.0146372781420062,0.0254203289679771,1.0,0.8221820963638763,0.0
latency40,Geo,212,0.0196158937530421,0.0271882778676216,1.0,0.8338001433979642,0.0
latency40,Geo,213,0.0168959087318537,0.0233583476371872,1.0,0.8351268142217609,0.0
latency40,Geo,214,0.0149708089671399,0.0222712964636275,1.0,0.81400008665282,0.0
latency40,Geo,215,0.0199964483074114,0.0291751983778338,1.0,0.8278481368283194,0.0
latency40,Geo,216,0.0102976824692608,0.0217095380194887,1.0,0.8226809965098689,0.0
latency40,Geo,217,0.0240632514091022,0.0373201378094873,1.0,0.8417229862363604,0.0
latency40,Geo,218,0.0220249384017817,0.0366530045947417,1.0,0.8254548733781938,0.0
latency40,Geo,219,0.0296237782733841,0.0570557092104589,1.0,0.797684754287651,0.0
latency40,Geo,220,0.0147951068665204,0.0221826529301283,1.0,0.8196023042603409,0.0
latency40,Geo,221,0.0155998503408914,0.0239458180635281,1.0,0.8264537356776498,0.0
latency40,Geo,222,0.014607452429673,0.0222427177049292,1.0,0.8176349220986824,0.0
latency40,Geo,223,0.0157595066572464,0.0223081129185784,1.0,0.8287810864249222,0.0
latency40,Geo,224,0.0154676319635402,0.0290136411569815,1.0,0.8175988980049497,0.0
latency40,Geo,225,0.0206225297832913,0.0299776896361725,1.0,0.8295662203322068,0.0
latency40,Geo,226,0.0162050215685874,0.0288151882241923,1.0,0.800974268634426,0.0
latency40,Geo,227,0.027284305004567,0.0441080149729961,1.0,0.8317139253996692,0.0
latency40,Geo,228,0.0104819219882055,0.0216820575165737,1.0,0.8240011089745424,0.0
latency40,Geo,229,0.0277251772694328,0.0467224842570672,1.0,0.8152822665691144,0.0
latency40,Geo,230,0.0187216947624108,0.0265936790372229,1.0,0.8187369575149647,0.0
latency40,Geo,231,0.0215877507927466,0.0343624081376748,1.0,0.8252897182284686,0.0
latency40,Geo,232,0.0164860845594876,0.0223402476806226,1.0,0.826938490359411,0.0
latency40,Geo,233,0.0162605455254616,0.0258544350899946,1.0,0.8173237309531071,0.0
latency40,Geo,234,0.0153396705243641,0.0227397086801182,1.0,0.8277906120545545,0.0
latency40,Geo,235,0.0214097790985491,0.0333916247528271,1.0,0.8171100611581412,0.0
latency40,Geo,236,0.0119850462538476,0.0216708601964071,1.0,0.8109296340256212,0.0
latency40,Geo,237,0.019782022042332,0.0283997453037028,1.0,0.807035003937316,0.0
latency40,Geo,238,0.0119389321389416,0.0219006209275909,1.0,0.8256523673430594,0.0
latency40,Geo,239,0.0164643883731665,0.023092004250168,1.0,0.8073942563678872,0.0
latency40,LQR-outer,200,0.015663254114608,0.0230788137741707,1.0,0.8141450661772834,0.0
latency40,LQR-outer,201,0.013096221717204,0.0202351868893042,1.0,0.8153643895811612,0.0
latency40,LQR-outer,202,0.0185243003350966,0.0291323092091366,1.0,0.8198754919913293,0.0
latency40,LQR-outer,203,0.0154014172676136,0.0226846070123912,1.0,0.8077143472306452,0.0
latency40,LQR-outer,204,0.0179358858887648,0.0278934490870064,1.0,0.8263519354247995,0.0
latency40,LQR-outer,205,0.0178283810477134,0.0287767902081302,1.0,0.8132935722254643,0.0
latency40,LQR-outer,206,0.0137949536899683,0.0200752546691065,1.0,0.8263505964485459,0.0
latency40,LQR-outer,207,0.0136422786431253,0.0200878828169777,1.0,0.8338580289336148,0.0
latency40,LQR-outer,208,0.0166382690564767,0.0238340711268781,1.0,0.8205295885323035,0.0
latency40,LQR-outer,209,0.0118092412254415,0.0200867344733616,1.0,0.827644228135692,0.0
latency40,LQR-outer,210,0.0142950918447694,0.0207842439868167,1.0,0.8060663101748835,0.0
latency40,LQR-outer,211,0.0139865596715605,0.0254203289679771,1.0,0.8184569962117195,0.0
latency40,LQR-outer,212,0.0179872259643163,0.0262067219224441,1.0,0.8276528794310913,0.0
latency40,LQR-outer,213,0.0150223966956207,0.02102620450012,1.0,0.8279593694392613,0.0
latency40,LQR-outer,214,0.0140902735977563,0.0201603388929258,1.0,0.8084956041074415,0.0
latency40,LQR-outer,215,0.0181182280208949,0.0272301232034981,1.0,0.8217804876224462,0.0
latency40,LQR-outer,216,0.0099298764071031,0.0200564568772618,1.0,0.8181388972663479,0.0
latency40,LQR-outer,217,0.0217492486094861,0.0359641147071476,1.0,0.8344414374637864,0.0
latency40,LQR-outer,218,0.0209366062348856,0.0366478483707547,1.0,0.8198750776068939,0.0
latency40,LQR-outer,219,0.0283895273608246,0.0570557092104589,1.0,0.7929423058379509,0.0
latency40,LQR-outer,220,0.0137950428901057,0.0201393664857435,1.0,0.813721288906796,0.0
latency40,LQR-outer,221,0.0150163328193674,0.023945092112644,1.0,0.8209707918938963,0.0
latency40,LQR-outer,222,0.0135127169237804,0.0201537275480282,1.0,0.8119508783852699,0.0
latency40,LQR-outer,223,0.0145137895035327,0.0201540811416232,1.0,0.8221717558654232,0.0
latency40,LQR-outer,224,0.0150077865813421,0.0290136411569815,1.0,0.8123081749376722,0.0
latency40,LQR-outer,225,0.0189421447342019,0.0287929547645763,1.0,0.8232600456512122,0.0
latency40,LQR-outer,226,0.0157446294451272,0.0288151882241923,1.0,0.7968894376195894,0.0
latency40,LQR-outer,227,0.0248286074752519,0.0422717498160095,1.0,0.8254330191987049,0.0
latency40,LQR-outer,228,0.0102357070398735,0.0200502041264094,1.0,0.8194972250769731,0.0
latency40,LQR-outer,229,0.0259103613857066,0.0463657132980452,1.0,0.8093760361770879,0.0
latency40,LQR-outer,230,0.0173149027343252,0.0262767625725821,1.0,0.8126844961976268,0.0
latency40,LQR-outer,231,0.0203977119236149,0.0343624081376748,1.0,0.81936800079751,0.0
latency40,LQR-outer,232,0.0151791880654483,0.020389067808464,1.0,0.8203887136559399,0.0
latency40,LQR-outer,233,0.0156022300778524,0.0258087096456087,1.0,0.812804256387325,0.0
latency40,LQR-outer,234,0.0144400039063816,0.0227397086801182,1.0,0.8219376915033415,0.0
latency40,LQR-outer,235,0.0201448517681927,0.0332353296128175,1.0,0.8113425232220723,0.0
latency40,LQR-outer,236,0.0116667916134494,0.0200590489340465,1.0,0.8073613065753101,0.0
latency40,LQR-outer,237,0.0183729057434978,0.0275694834373516,1.0,0.802270335225634,0.0
latency40,LQR-outer,238,0.0114172550790853,0.0200852763297374,1.0,0.8200189447525991,0.0
latency40,LQR-outer,239,0.0155543462752834,0.023092004250168,1.0,0.802103162778429,0.0
latency40,LMPC-H40,200,0.0193491854347713,0.0247198409984342,1.0,0.8353872544329151,0.0
latency40,LMPC-H40,201,0.0135300338639115,0.0202911236810217,1.0,0.8201037015559102,0.0
latency40,LMPC-H40,202,0.0257908331210678,0.0354627376817831,1.0,0.8502183125395152,0.0
latency40,LMPC-H40,203,0.0168223258945482,0.0226846070123912,1.0,0.8227019365021502,0.0
latency40,LMPC-H40,204,0.0246159046342882,0.0337080094008243,1.0,0.8525921797984634,0.0
latency40,LMPC-H40,205,0.0220638849662176,0.0289449887457924,1.0,0.8362340624309852,0.0
latency40,LMPC-H40,206,0.0178725015589007,0.0222523064337149,1.0,0.845432922211917,0.0
latency40,LMPC-H40,207,0.0208514139566599,0.0288204653696099,1.0,0.8612072347108367,0.0
latency40,LMPC-H40,208,0.0226817634130917,0.0307748429683321,1.0,0.8470968059859668,0.0
latency40,LMPC-H40,209,0.0145871383755868,0.0209385563927844,1.0,0.8391330040728862,0.0
latency40,LMPC-H40,210,0.0178176736339695,0.0246144232712934,1.0,0.8273669342371868,0.0
latency40,LMPC-H40,211,0.0161808469858529,0.0254470626969101,1.0,0.8202800855707665,0.0
latency40,LMPC-H40,212,0.0267833707274398,0.0360170081740104,1.0,0.856146241762775,0.0
latency40,LMPC-H40,213,0.0227806117379544,0.0319359415702542,1.0,0.8599086129008277,0.0
latency40,LMPC-H40,214,0.0159098951175987,0.0233471638980242,1.0,0.8263577984036381,0.0
latency40,LMPC-H40,215,0.0277082727958959,0.0386078759393121,1.0,0.853037052719335,0.0
latency40,LMPC-H40,216,0.0090306026618927,0.0202564996509284,1.0,0.825084354168054,0.0
latency40,LMPC-H40,217,0.0324351101239057,0.0447226407307415,1.0,0.8723058353818803,0.0
latency40,LMPC-H40,218,0.0269532361214313,0.0366815892754095,1.0,0.8436063384899019,0.0
latency40,LMPC-H40,219,0.0338999376798954,0.0570557092104589,1.0,0.8185038967518228,0.0
latency40,LMPC-H40,220,0.016704573516198,0.0219062659279452,1.0,0.8346225967994476,0.0
latency40,LMPC-H40,221,0.017169988470839,0.0239501526072473,1.0,0.8358543451907584,0.0
latency40,LMPC-H40,222,0.0165596376389119,0.0236933548539334,1.0,0.8316968565413863,0.0
latency40,LMPC-H40,223,0.0190417602518942,0.0258551598733893,1.0,0.8470455294798289,0.0
latency40,LMPC-H40,224,0.015485789343044,0.0290136411569815,1.0,0.8257688281330415,0.0
latency40,LMPC-H40,225,0.027316874054811,0.0372157655312699,1.0,0.8540401575377696,0.0
latency40,LMPC-H40,226,0.0163432245838758,0.0288151882241923,1.0,0.8055445693380411,0.0
latency40,LMPC-H40,227,0.0369934608229598,0.052780564504687,1.0,0.8650836363942074,0.0
latency40,LMPC-H40,228,0.0087563105345817,0.0196825720876804,1.0,0.8247714509238518,0.0
latency40,LMPC-H40,229,0.0346138987199106,0.0488517058775704,1.0,0.8436606715900243,0.0
latency40,LMPC-H40,230,0.0232171334986337,0.0291873568804497,1.0,0.839858392365908,0.0
latency40,LMPC-H40,231,0.026344496402431,0.0348518900735185,1.0,0.8441067436608461,0.0
latency40,LMPC-H40,232,0.0203056873340574,0.027192907256351,1.0,0.8464286679461044,0.0
latency40,LMPC-H40,233,0.0184300362562323,0.0262651431930705,1.0,0.8240691016946483,0.0
latency40,LMPC-H40,234,0.017670877985162,0.0227397086801182,1.0,0.8402710233439534,0.0
latency40,LMPC-H40,235,0.0252956483644496,0.0345053858922097,1.0,0.8362163782993318,0.0
latency40,LMPC-H40,236,0.0117753110281728,0.020467444506532,1.0,0.8117975161517259,0.0
latency40,LMPC-H40,237,0.0248067776230219,0.0322588277985537,1.0,0.824480359114606,0.0
latency40,LMPC-H40,238,0.0115664150260815,0.0200576639944537,1.0,0.8350801516516214,0.0
latency40,LMPC-H40,239,0.0177250076864599,0.0247273595840962,1.0,0.8209441395680951,0.0
latency40,Geo+MLP-D2,200,0.0326861685680673,0.0415948215028801,1.0,0.8337201058274862,0.1901383771797291
latency40,Geo+MLP-D2,201,0.0338266084406247,0.0406791331604545,1.0,0.8269999706614037,0.1944798418625622
latency40,Geo+MLP-D2,202,0.0353533708366501,0.0416186993311097,1.0,0.8433537879839537,0.1936791182724962
latency40,Geo+MLP-D2,203,0.0337661742517712,0.0416045566883269,1.0,0.8197800088764747,0.1960924370979103
latency40,Geo+MLP-D2,204,0.0356889990093757,0.0416619577007456,1.0,0.8422459239309129,0.1993171803987573
latency40,Geo+MLP-D2,205,0.0337392820800624,0.0412505620276544,1.0,0.8362894438248752,0.1934967750714218
latency40,Geo+MLP-D2,206,0.0350549571555428,0.0416796112838658,1.0,0.8429933674594411,0.2006444568954257
latency40,Geo+MLP-D2,207,0.0350243923634731,0.0408635133018214,1.0,0.8604562946328067,0.2036295983821563
latency40,Geo+MLP-D2,208,0.0361124714540228,0.0412888591176517,1.0,0.8387002332863901,0.1978408055542248
latency40,Geo+MLP-D2,209,0.0318232030035618,0.0410192652528771,1.0,0.8489552267624784,0.1996316672995476
latency40,Geo+MLP-D2,210,0.0326734548243775,0.04109889027642,1.0,0.8234877052064526,0.1953200404322259
latency40,Geo+MLP-D2,211,0.030732613930818,0.0408082966521592,1.0,0.8322933628773738,0.1940478333812639
latency40,Geo+MLP-D2,212,0.0376884690989837,0.0409037636884913,1.0,0.8522452891300948,0.2021491144304957
latency40,Geo+MLP-D2,213,0.0340186513251575,0.0411898180204851,1.0,0.8532722888818867,0.1942787606312615
latency40,Geo+MLP-D2,214,0.0318757191417708,0.0407942916995088,1.0,0.8250583664931112,0.1951444771110289
latency40,Geo+MLP-D2,215,0.0366312545307987,0.0415637819036291,1.0,0.848884010526405,0.1976205226984535
latency40,Geo+MLP-D2,216,0.0300956573251926,0.0404016661055508,1.0,0.8359131026201064,0.193482545949937
latency40,Geo+MLP-D2,217,0.0379938867323843,0.041835440677622,1.0,0.861763481718237,0.1963512490670938
latency40,Geo+MLP-D2,218,0.0394991401532007,0.0414015351807192,1.0,0.8329699529368664,0.1973012423443313
latency40,Geo+MLP-D2,219,0.0414352183176341,0.0570557092104589,1.0,0.8075372218463376,0.1899134435343407
latency40,Geo+MLP-D2,220,0.0333055470047728,0.0417915648141066,1.0,0.8318694213628428,0.1971821622503933
latency40,Geo+MLP-D2,221,0.0349431452391085,0.0403642331132971,1.0,0.8325634779184472,0.2027448836602446
latency40,Geo+MLP-D2,222,0.0318699388187631,0.0407946977385006,1.0,0.8362399059344959,0.1945060329769886
latency40,Geo+MLP-D2,223,0.032979790295883,0.041362243064701,1.0,0.8429034546305062,0.1917295816034702
latency40,Geo+MLP-D2,224,0.0321002351548845,0.0413746524444118,1.0,0.8304143882286636,0.1881591576108441
latency40,Geo+MLP-D2,225,0.0374850185823869,0.0413238326288102,1.0,0.8472791295834589,0.1975481804036186
latency40,Geo+MLP-D2,226,0.033232857977108,0.0418795529534384,1.0,0.8057418600756224,0.2014830305474683
latency40,Geo+MLP-D2,227,0.0413654781076819,0.0487129133408141,1.0,0.847983595508615,0.1952271173385494
latency40,Geo+MLP-D2,228,0.0318748022459751,0.0412239599019714,1.0,0.8333503403842704,0.1973331892860182
latency40,Geo+MLP-D2,229,0.0410873000558136,0.0480940545787871,1.0,0.8235763982345077,0.1976022539964514
latency40,Geo+MLP-D2,230,0.0343817417907171,0.0412503257441797,1.0,0.8402105100066508,0.1903076850860999
latency40,Geo+MLP-D2,231,0.0386177961445182,0.041662410606291,1.0,0.8349312840976993,0.1977509000392088
latency40,Geo+MLP-D2,232,0.0344657710260064,0.0414960567340371,1.0,0.8369697240374407,0.1940271683461933
latency40,Geo+MLP-D2,233,0.0322516103401337,0.0412165476669018,1.0,0.8388520644754291,0.1914656394667376
latency40,Geo+MLP-D2,234,0.0318978490566895,0.040943172810814,1.0,0.8463712687689434,0.1875705618434601
latency40,Geo+MLP-D2,235,0.0360068110626125,0.0416163795004259,1.0,0.8365662325560148,0.195119028250534
latency40,Geo+MLP-D2,236,0.0318476850634457,0.0411551114427749,1.0,0.8210552883323041,0.1954040229247479
latency40,Geo+MLP-D2,237,0.0362958695914344,0.0421206497164704,1.0,0.819031409944375,0.1942564758677819
latency40,Geo+MLP-D2,238,0.0321384260488677,0.0409696071218745,1.0,0.8376611061114176,0.19530501883785
latency40,Geo+MLP-D2,239,0.0330704326065358,0.0418790506284255,1.0,0.8160284035987567,0.1952209335253637
latency40,Geo+CeNN-D2,200,0.0176619162433644,0.0253435521809974,1.0,1.9530060408668637,1.0229836032131296
latency40,Geo+CeNN-D2,201,0.0144819632751324,0.024586924125891,1.0,1.9292155265773936,1.0037752383070115
latency40,Geo+CeNN-D2,202,0.0194468201716573,0.0285570273622791,1.0,1.9393059335318807,1.0106015135821873
latency40,Geo+CeNN-D2,203,0.017046344115713,0.0233154190189545,1.0,1.9907207696020135,1.0394667381074012
latency40,Geo+CeNN-D2,204,0.0177761773788292,0.0263617647782685,1.0,1.965125933844902,1.025491659683062
latency40,Geo+CeNN-D2,205,0.0191387010802836,0.0287767902081302,1.0,1.9965851235820653,1.0417105057168956
latency40,Geo+CeNN-D2,206,0.0153469280683331,0.0216898040808161,1.0,2.0281332299536707,1.047551584419272
latency40,Geo+CeNN-D2,207,0.0143423041325961,0.0218298969841338,1.0,2.031174443803495,1.0444814826367603
latency40,Geo+CeNN-D2,208,0.0165003459965069,0.0231212759574756,1.0,1.855464089841739,0.9726076803788924
latency40,Geo+CeNN-D2,209,0.0114900431244999,0.0208017825667623,1.0,1.9597888650970448,1.0130616535779209
latency40,Geo+CeNN-D2,210,0.0150960691412914,0.0239049923328485,1.0,2.0081594425008045,1.0492917499823993
latency40,Geo+CeNN-D2,211,0.0153764737877087,0.0254203289679771,1.0,1.9104297438576645,0.9964952206474492
latency40,Geo+CeNN-D2,212,0.0190063724833911,0.0265983654057997,1.0,2.017289023938228,1.035716051714317
latency40,Geo+CeNN-D2,213,0.0147513458392493,0.0204710290530754,1.0,2.002989200286433,1.0371218580033037
latency40,Geo+CeNN-D2,214,0.0165955999433485,0.025866483646984,1.0,1.9959503354991188,1.0429771468171958
latency40,Geo+CeNN-D2,215,0.0185169642673674,0.0262611191603556,1.0,1.963276680748226,1.0234468937685737
latency40,Geo+CeNN-D2,216,0.0112944534895475,0.0245119103200831,1.0,1.947907604863659,1.017679617880939
latency40,Geo+CeNN-D2,217,0.0225207464240665,0.0350909695778582,1.0,1.9965280170682345,1.0312455249097474
latency40,Geo+CeNN-D2,218,0.0219446209005677,0.036645597374623,1.0,1.8671504358843145,0.978776037463517
latency40,Geo+CeNN-D2,219,0.0301225219411263,0.0570557092104589,1.0,1.9699219789187847,1.0367086136858408
latency40,Geo+CeNN-D2,220,0.0153093025400336,0.0240271171390833,1.0,2.0062347676907697,1.039677568217592
latency40,Geo+CeNN-D2,221,0.0157132060318015,0.0244170322146455,1.0,1.974248773773165,1.0318805996505809
latency40,Geo+CeNN-D2,222,0.014902194741215,0.0250361980333375,1.0,1.963622385322044,1.025417979584457
latency40,Geo+CeNN-D2,223,0.0150956614373136,0.0219768419846853,1.0,1.9494431716170089,1.0147279898389572
latency40,Geo+CeNN-D2,224,0.0164266787081474,0.0290136411569815,1.0,1.992021191467892,1.037858094789585
latency40,Geo+CeNN-D2,225,0.0198821892281927,0.0286014858339318,1.0,1.9935811504207053,1.025560125931866
latency40,Geo+CeNN-D2,226,0.0164282871856765,0.0288151882241923,1.0,1.909071744156232,1.0140148663313775
latency40,Geo+CeNN-D2,227,0.0258645471854694,0.041768774414308,1.0,2.0363197593206763,1.0515249661212047
latency40,Geo+CeNN-D2,228,0.0117919428724914,0.0246211273827897,1.0,1.9621997448878037,1.025523650712624
latency40,Geo+CeNN-D2,229,0.026590853927133,0.0459482755390028,1.0,1.9757447368292536,1.0305408775867375
latency40,Geo+CeNN-D2,230,0.0173504009189936,0.0259323696465851,1.0,1.9963830316311892,1.030633583239238
latency40,Geo+CeNN-D2,231,0.0209760867540906,0.0343624081376748,1.0,1.9269809487633447,1.0119964202573075
latency40,Geo+CeNN-D2,232,0.0159105688185382,0.0213987150004941,1.0,2.0377027576977778,1.0472480504999908
latency40,Geo+CeNN-D2,233,0.0162291996011208,0.0259933850048755,1.0,1.924280901064564,1.0078475238922622
latency40,Geo+CeNN-D2,234,0.0165476051569381,0.0234021830922586,1.0,2.0524440357030853,1.0487484769397544
latency40,Geo+CeNN-D2,235,0.0222343316180534,0.0330241060333891,1.0,1.9739863774307616,1.0189722575749691
latency40,Geo+CeNN-D2,236,0.0134195494720194,0.0228429413281721,1.0,1.9938107526959177,1.031919060283153
latency40,Geo+CeNN-D2,237,0.0194827307853362,0.0277489780536607,1.0,1.9572416636303336,1.0219762871982534
latency40,Geo+CeNN-D2,238,0.0118614399879102,0.022415438418487,1.0,1.8945530557645236,0.9966792444387048
latency40,Geo+CeNN-D2,239,0.0170234492193498,0.023092004250168,1.0,1.8977106421991616,1.0029927944031567
latency40,Geo+AE-CeNN,200,0.0180335089157951,0.0237392006589695,1.0,0.8208627916045391,0.039551441148855
latency40,Geo+AE-CeNN,201,0.0143445553202457,0.0229981471108435,1.0,0.8208152392263461,0.0392733906779654
latency40,Geo+AE-CeNN,202,0.0212165736612906,0.0303252845320282,1.0,0.8274445026701419,0.039596286709959
latency40,Geo+AE-CeNN,203,0.0171913207521696,0.023474796916918,1.0,0.8139976803010934,0.0394536680407753
latency40,Geo+AE-CeNN,204,0.0199118705298779,0.0279972964827313,1.0,0.8346103643713452,0.0394707932092566
latency40,Geo+AE-CeNN,205,0.0203430918593287,0.0287767902081302,1.0,0.819588392028762,0.0395476356422381
latency40,Geo+AE-CeNN,206,0.0154950333880273,0.0232973202762361,1.0,0.8339224553798766,0.0394908191340466
latency40,Geo+AE-CeNN,207,0.0164654132197625,0.0233496900870634,1.0,0.8413528250560156,0.0392681746080004
latency40,Geo+AE-CeNN,208,0.0186344745680127,0.0240623480690548,1.0,0.8284916786064908,0.0395717598566117
latency40,Geo+AE-CeNN,209,0.0137476787379742,0.0233245118312497,1.0,0.8342971301007783,0.0394083548185758
latency40,Geo+AE-CeNN,210,0.0167368410318068,0.0236107853632219,1.0,0.8124920885634813,0.0397305549080766
latency40,Geo+AE-CeNN,211,0.0161442889721073,0.0254203289679771,1.0,0.8227690085465116,0.0394421358465933
latency40,Geo+AE-CeNN,212,0.0208564084912859,0.0272625922904348,1.0,0.8344559886054695,0.0393692882326777
latency40,Geo+AE-CeNN,213,0.0181076041628299,0.0239013511762449,1.0,0.8359245774093746,0.0395831487648025
latency40,Geo+AE-CeNN,214,0.0163586076638411,0.0235949239875256,1.0,0.8146890669376278,0.0395301611205431
latency40,Geo+AE-CeNN,215,0.0213745951502217,0.0299008544313162,1.0,0.82810303386121,0.0393399028945717
latency40,Geo+AE-CeNN,216,0.0121923673694576,0.0230396282990768,1.0,0.8232556070664611,0.0393175024406968
latency40,Geo+AE-CeNN,217,0.0251032064804269,0.0379125990311194,1.0,0.8422916459829434,0.0397195256626288
latency40,Geo+AE-CeNN,218,0.0227712941529575,0.0366508309255625,1.0,0.8266456205645354,0.0392030254574087
latency40,Geo+AE-CeNN,219,0.0303715574750573,0.0570557092104589,1.0,0.7983882697277481,0.0398234886645019
latency40,Geo+AE-CeNN,220,0.0161199715225037,0.0235138756892245,1.0,0.8204760179426158,0.0393934885523842
latency40,Geo+AE-CeNN,221,0.0162088844783988,0.0239449055620487,1.0,0.8281705721900712,0.0392097282683548
latency40,Geo+AE-CeNN,222,0.0162354091274583,0.0235451676520013,1.0,0.8181336445509869,0.039618212455581
latency40,Geo+AE-CeNN,223,0.0171028903313008,0.0236374026241456,1.0,0.8294322827458472,0.0392794984054757
latency40,Geo+AE-CeNN,224,0.016954384956312,0.0290136411569815,1.0,0.8180426205760294,0.0393111150851872
latency40,Geo+AE-CeNN,225,0.0217746987063559,0.0303769066080183,1.0,0.8301793469547772,0.0394569965925063
latency40,Geo+AE-CeNN,226,0.0169092306592932,0.0288151882241923,1.0,0.8024013374578012,0.03977186540945
latency40,Geo+AE-CeNN,227,0.0282817684060661,0.0443870728479213,1.0,0.8321690818614156,0.039672737806585
latency40,Geo+AE-CeNN,228,0.0118799024880674,0.0230612385076302,1.0,0.8250563883345192,0.039294523061561
latency40,Geo+AE-CeNN,229,0.0281849633956893,0.0465835771782187,1.0,0.8169046078329655,0.0397908625589924
latency40,Geo+AE-CeNN,230,0.0202263392147368,0.0272241677674725,1.0,0.8189278557817316,0.0396470511627123
latency40,Geo+AE-CeNN,231,0.0221211008988844,0.0343624081376748,1.0,0.8268253508323709,0.0392344581401682
latency40,Geo+AE-CeNN,232,0.0173276619338836,0.0237134807488738,1.0,0.8282201273800541,0.0394300676153831
latency40,Geo+AE-CeNN,233,0.0181487478285689,0.0259765634392958,1.0,0.8170682977400782,0.0394038608049775
latency40,Geo+AE-CeNN,234,0.0171914614490103,0.0233119671907641,1.0,0.8278542427790726,0.0394339606877378
latency40,Geo+AE-CeNN,235,0.0228105658328378,0.0336505293447515,1.0,0.8171198467965615,0.0396504434848365
latency40,Geo+AE-CeNN,236,0.0137047347087161,0.0230228547096619,1.0,0.8115206446880449,0.0394454355102496
latency40,Geo+AE-CeNN,237,0.0208110338560207,0.0286367586992876,1.0,0.8081532001899971,0.0395637817094672
latency40,Geo+AE-CeNN,238,0.013559511724522,0.0232522660637599,1.0,0.8263710128304802,0.0392822814233297
latency40,Geo+AE-CeNN,239,0.0176073229396101,0.0236702144652078,1.0,0.8083785275695319,0.0396002607380915
latency40,Geo+D1-3AE-CeNN,200,0.0182546196336079,0.0233757068488503,1.0,0.8211954745995719,0.0368377573140492
latency40,Geo+D1-3AE-CeNN,201,0.0149604224526791,0.0226058258507415,1.0,0.8207044259468901,0.0368371000347615
latency40,Geo+D1-3AE-CeNN,202,0.02137820785536,0.0302171438070181,1.0,0.8276866536253763,0.0368371307610171
latency40,Geo+D1-3AE-CeNN,203,0.0176638872942121,0.0230300760616231,1.0,0.8138916541437434,0.0368374334250429
latency40,Geo+D1-3AE-CeNN,204,0.0201234800399297,0.0280188714456184,1.0,0.8348404335555322,0.0368370459545653
latency40,Geo+D1-3AE-CeNN,205,0.0206004737608685,0.0287767902081302,1.0,0.8198664178926317,0.0368375184962126
latency40,Geo+D1-3AE-CeNN,206,0.0160951949081368,0.0228906853727924,1.0,0.8337742993600318,0.0368370331416678
latency40,Geo+D1-3AE-CeNN,207,0.0170553259279174,0.0229051206895894,1.0,0.8412464222110668,0.0368375547689654
latency40,Geo+D1-3AE-CeNN,208,0.0190350533239499,0.024322961239612,1.0,0.8285561179290882,0.036837127101221
latency40,Geo+D1-3AE-CeNN,209,0.0139353302908727,0.0230313714647586,1.0,0.834621647555198,0.0368373393322152
latency40,Geo+D1-3AE-CeNN,210,0.0170664187775943,0.023250096369665,1.0,0.8124748383856158,0.0368371404176819
latency40,Geo+D1-3AE-CeNN,211,0.0162811757317098,0.0254203289679771,1.0,0.8229934443783095,0.0368368488619775
latency40,Geo+D1-3AE-CeNN,212,0.0213653182518825,0.0277816202853765,1.0,0.8341847970875035,0.0368375647685788
latency40,Geo+D1-3AE-CeNN,213,0.0183582909201072,0.0237999145633864,1.0,0.836138800288749,0.0368363982641629
latency40,Geo+D1-3AE-CeNN,214,0.0166596953926638,0.023235289234591,1.0,0.8149205987809172,0.0368371288841605
latency40,Geo+D1-3AE-CeNN,215,0.0218190181913065,0.0302749176515071,1.0,0.8280330064112179,0.0368378057624088
latency40,Geo+D1-3AE-CeNN,216,0.0126293752970684,0.0227136468545902,1.0,0.823537343986914,0.036836520295638
latency40,Geo+D1-3AE-CeNN,217,0.0252358309551534,0.0377994016864153,1.0,0.8425293208518374,0.0368373049073549
latency40,Geo+D1-3AE-CeNN,218,0.0233014969084103,0.036652563267165,1.0,0.8264556257646338,0.0368382731672031
latency40,Geo+D1-3AE-CeNN,219,0.0306527083227864,0.0570557092104589,1.0,0.7985433309638712,0.0368366910875623
latency40,Geo+D1-3AE-CeNN,220,0.0165772259257719,0.0231295763676399,1.0,0.8205260180445355,0.0368369999352524
latency40,Geo+D1-3AE-CeNN,221,0.0167385645761516,0.0239450564051873,1.0,0.8281320768661915,0.0368374904940356
latency40,Geo+D1-3AE-CeNN,222,0.0165028303205959,0.0232041752374072,1.0,0.8182955692987177,0.0368368689568906
latency40,Geo+D1-3AE-CeNN,223,0.0174744790380016,0.0232451193864125,1.0,0.8296299962638588,0.0368374623844449
latency40,Geo+D1-3AE-CeNN,224,0.0173054687119002,0.0290136411569815,1.0,0.8183353521825197,0.0368371197584853
latency40,Geo+D1-3AE-CeNN,225,0.0222397474632204,0.0307434401054294,1.0,0.8300836041910122,0.0368371824708901
latency40,Geo+D1-3AE-CeNN,226,0.0172123503051809,0.0288151882241923,1.0,0.8026281902980181,0.0368377030920089
latency40,Geo+D1-3AE-CeNN,227,0.0285316603749756,0.0444838390404146,1.0,0.8321627604004186,0.0368370253606101
latency40,Geo+D1-3AE-CeNN,228,0.0123292428908047,0.0227293501862144,1.0,0.8253270994969316,0.0368375802833257
latency40,Geo+D1-3AE-CeNN,229,0.0283767619617433,0.0465869764192096,1.0,0.8169407649877533,0.0368376172015879
latency40,Geo+D1-3AE-CeNN,230,0.0204857994720825,0.0271173855782604,1.0,0.8190811219667928,0.0368370056505149
latency40,Geo+D1-3AE-CeNN,231,0.0225949899575686,0.0343624081376748,1.0,0.8268257480726057,0.0368370031130403
latency40,Geo+D1-3AE-CeNN,232,0.0176882753608382,0.0233589387738262,1.0,0.8283836600859246,0.0368376871125071
latency40,Geo+D1-3AE-CeNN,233,0.0184687888134319,0.0259621906547257,1.0,0.8173370988682666,0.0368373925285593
latency40,Geo+D1-3AE-CeNN,234,0.0175104158398418,0.0229187498752306,1.0,0.8280339366642687,0.0368371711036048
latency40,Geo+D1-3AE-CeNN,235,0.0230875352190965,0.0336794563469125,1.0,0.8173153041025986,0.0368370589622184
latency40,Geo+D1-3AE-CeNN,236,0.0142732828449409,0.0226273975534703,1.0,0.8116425940700169,0.0368375302077585
latency40,Geo+D1-3AE-CeNN,237,0.0212782340282693,0.0288655876876867,1.0,0.8078995060123964,0.0368373585844763
latency40,Geo+D1-3AE-CeNN,238,0.0140362876144751,0.0228722268243382,1.0,0.8265594938629781,0.0368371829196714
latency40,Geo+D1-3AE-CeNN,239,0.0179150968117768,0.0233266156644548,1.0,0.8084665298313014,0.0368372138327511
latency40,Geo+D2-HistAE-CeNN,200,0.0149378849957419,0.0230788137741707,1.0,0.8249309777986896,0.1156461371134503
latency40,Geo+D2-HistAE-CeNN,201,0.016791401144991,0.0230261785903598,1.0,0.8194454123268327,0.1215294416090173
latency40,Geo+D2-HistAE-CeNN,202,0.0176452096512916,0.02739790470109,1.0,0.8351514590821252,0.1254220842800793
latency40,Geo+D2-HistAE-CeNN,203,0.0181606250700092,0.0226846070123912,1.0,0.8222912021895935,0.1203157585695968
latency40,Geo+D2-HistAE-CeNN,204,0.0189250875485166,0.0276779245494452,1.0,0.8388885812867203,0.119517708400742
latency40,Geo+D2-HistAE-CeNN,205,0.0185641276196274,0.0287767902081302,1.0,0.8330197602935084,0.141011026407305
latency40,Geo+D2-HistAE-CeNN,206,0.0155561698901224,0.0203786623085381,1.0,0.8343201592366716,0.1323645091310172
latency40,Geo+D2-HistAE-CeNN,207,0.0160135336273884,0.0234100609545702,1.0,0.8414071013046004,0.133404284810287
latency40,Geo+D2-HistAE-CeNN,208,0.0168817142308614,0.0237867957669259,1.0,0.8311220487663332,0.1298154092267526
latency40,Geo+D2-HistAE-CeNN,209,0.0138137652445967,0.0231144532695967,1.0,0.8360910386047061,0.1324794067866605
latency40,Geo+D2-HistAE-CeNN,210,0.0125854885124748,0.0208618221917912,1.0,0.8183605490166133,0.1244739610479629
latency40,Geo+D2-HistAE-CeNN,211,0.0146814447862965,0.0254203289679771,1.0,0.8297563916196578,0.1261409919873865
latency40,Geo+D2-HistAE-CeNN,212,0.0193722795047769,0.0272388102724344,1.0,0.8408432312144748,0.1337403033184128
latency40,Geo+D2-HistAE-CeNN,213,0.013491005937472,0.0185683008995047,1.0,0.8427239177503659,0.126173640479267
latency40,Geo+D2-HistAE-CeNN,214,0.0136524079163222,0.0188015901410836,1.0,0.8229505641875907,0.1167456611116011
latency40,Geo+D2-HistAE-CeNN,215,0.0181095782887472,0.025910758811542,1.0,0.8372962244556794,0.1241467961652232
latency40,Geo+D2-HistAE-CeNN,216,0.011881311644435,0.0215123116625466,1.0,0.8252083302006754,0.127897373438584
latency40,Geo+D2-HistAE-CeNN,217,0.0213717230881457,0.0344077880088574,1.0,0.8548725135862373,0.1447590885554184
latency40,Geo+D2-HistAE-CeNN,218,0.024097753490165,0.03664355182475,1.0,0.8309858903794044,0.1288650677875334
latency40,Geo+D2-HistAE-CeNN,219,0.0305767393343076,0.0570557092104589,1.0,0.8184281625587737,0.1365616974894116
latency40,Geo+D2-HistAE-CeNN,220,0.0150060842978257,0.020589383457337,1.0,0.8326067412648508,0.1402969333573423
latency40,Geo+D2-HistAE-CeNN,221,0.0177539654532738,0.0239456486421799,1.0,0.8307226326715076,0.1245523481308093
latency40,Geo+D2-HistAE-CeNN,222,0.0115230051932228,0.0193343991582064,1.0,0.8313315458801549,0.1308813899628707
latency40,Geo+D2-HistAE-CeNN,223,0.0165642930360364,0.0225169530228081,1.0,0.8414969518836222,0.1297016009948217
latency40,Geo+D2-HistAE-CeNN,224,0.017406362202803,0.0290136411569815,1.0,0.830892615455528,0.1391795058074586
latency40,Geo+D2-HistAE-CeNN,225,0.0196362802459251,0.0282828008790399,1.0,0.8366346455838805,0.1328358781922995
latency40,Geo+D2-HistAE-CeNN,226,0.0150805007832643,0.0288151882241923,1.0,0.8146812830462845,0.1274852953800328
latency40,Geo+D2-HistAE-CeNN,227,0.0253165773782912,0.0408704911497158,1.0,0.844527548140811,0.130544558111406
latency40,Geo+D2-HistAE-CeNN,228,0.0127485393962712,0.0210588380718382,1.0,0.8307000141250599,0.1266411001485424
latency40,Geo+D2-HistAE-CeNN,229,0.0258473930151213,0.0464078791584615,1.0,0.824709836498545,0.1201853022027779
latency40,Geo+D2-HistAE-CeNN,230,0.015883479720274,0.0256761146737612,1.0,0.8266066859978177,0.1152237918624951
latency40,Geo+D2-HistAE-CeNN,231,0.0240843323838994,0.0343624081376748,1.0,0.8324345190302962,0.1245458334470738
latency40,Geo+D2-HistAE-CeNN,232,0.015596253919703,0.0209609192897007,1.0,0.826946197458595,0.1144846900554932
latency40,Geo+D2-HistAE-CeNN,233,0.0149438052846037,0.0257630960930508,1.0,0.8270674173493354,0.1291118666105045
latency40,Geo+D2-HistAE-CeNN,234,0.0141135159271162,0.0227397086801182,1.0,0.8285256890938667,0.1224499270603855
latency40,Geo+D2-HistAE-CeNN,235,0.0211273047340584,0.0330395119936994,1.0,0.8308033728242031,0.1266304088849059
latency40,Geo+D2-HistAE-CeNN,236,0.0125580439940092,0.0198678042576344,1.0,0.8203737782219178,0.1205240264535031
latency40,Geo+D2-HistAE-CeNN,237,0.0184390169398484,0.0273606747721369,1.0,0.8183658890837433,0.1226957574445302
latency40,Geo+D2-HistAE-CeNN,238,0.0141496407638761,0.0222608199505406,1.0,0.8260757648652052,0.1182339244354465
latency40,Geo+D2-HistAE-CeNN,239,0.0146271557466935,0.023092004250168,1.0,0.8198365264708091,0.1241401242863547
latency40,Geo+D3-3HistAE-CeNN,200,0.0390289820398279,0.0449084880879543,1.0,0.8448950670514934,0.1832223824603657
latency40,Geo+D3-3HistAE-CeNN,201,0.0348915463425329,0.0434181706368048,1.0,0.8433017253833869,0.1745379247568171
latency40,Geo+D3-3HistAE-CeNN,202,0.0421035948555089,0.0477927896949247,1.0,0.8507836879813784,0.1890636845964863
latency40,Geo+D3-3HistAE-CeNN,203,0.037759689028611,0.046025909293521,1.0,0.8434704778756213,0.1797400890242502
latency40,Geo+D3-3HistAE-CeNN,204,0.0400852048001168,0.0470188365890805,1.0,0.8633972077644902,0.1840850645150374
latency40,Geo+D3-3HistAE-CeNN,205,0.0406128607560163,0.0455335671695623,1.0,0.8429686410841067,0.1806988147140427
latency40,Geo+D3-3HistAE-CeNN,206,0.0360818687089643,0.044098062141393,1.0,0.8569444355456816,0.1752152397279882
latency40,Geo+D3-3HistAE-CeNN,207,0.0352733696817752,0.0447531700793633,1.0,0.8641300969821022,0.1693280331104713
latency40,Geo+D3-3HistAE-CeNN,208,0.0393081061490526,0.0465819340992309,1.0,0.8531092242893494,0.18140858239837
latency40,Geo+D3-3HistAE-CeNN,209,0.0346662511594338,0.0442692429707768,1.0,0.8602008974160287,0.1798123829661962
latency40,Geo+D3-3HistAE-CeNN,210,0.0393875861465335,0.0480876936858377,1.0,0.8372438204296634,0.1864147592006292
latency40,Geo+D3-3HistAE-CeNN,211,0.0331696924822448,0.0417867132876788,1.0,0.8514744000883916,0.1738126995306708
latency40,Geo+D3-3HistAE-CeNN,212,0.0408657681843744,0.0511109736748861,1.0,0.8628870355151003,0.1816008830126696
latency40,Geo+D3-3HistAE-CeNN,213,0.0395673133300239,0.0464569406605962,1.0,0.8598915927645555,0.1827159468932338
latency40,Geo+D3-3HistAE-CeNN,214,0.037786435364823,0.0453635156909798,1.0,0.8403818394565483,0.1829454362175041
latency40,Geo+D3-3HistAE-CeNN,215,0.0407129817164206,0.0494404194588544,1.0,0.8490824905780009,0.1751966596128909
latency40,Geo+D3-3HistAE-CeNN,216,0.0332951350151993,0.0436801133438848,1.0,0.8468422296001759,0.174755997496682
latency40,Geo+D3-3HistAE-CeNN,217,0.0445868696150355,0.0510373752094011,1.0,0.8651410648252764,0.184148973829239
latency40,Geo+D3-3HistAE-CeNN,218,0.0405890568246154,0.0462366417169721,1.0,0.8469303869121428,0.1725205092982478
latency40,Geo+D3-3HistAE-CeNN,219,0.0480290975199238,0.0570557092104589,1.0,0.8187436374808763,0.186918091275256
latency40,Geo+D3-3HistAE-CeNN,220,0.0375913041772671,0.0456788971281137,1.0,0.8466680175735388,0.1808486808531793
latency40,Geo+D3-3HistAE-CeNN,221,0.0358671840733255,0.0435637760667344,1.0,0.8490919824932164,0.1724742495901131
latency40,Geo+D3-3HistAE-CeNN,222,0.037715918264167,0.0456093962853916,1.0,0.8432738336121405,0.1824553876619748
latency40,Geo+D3-3HistAE-CeNN,223,0.0386844104293047,0.0460983519221622,1.0,0.8511105402580542,0.1831082742579014
latency40,Geo+D3-3HistAE-CeNN,224,0.0364324007995572,0.043028678803925,1.0,0.8403929033434157,0.1757219191217231
latency40,Geo+D3-3HistAE-CeNN,225,0.0410791718787191,0.0490998583203997,1.0,0.8517362366128771,0.1774037991321153
latency40,Geo+D3-3HistAE-CeNN,226,0.0382566081389754,0.0458690069149488,1.0,0.832783731785488,0.1862643383320153
latency40,Geo+D3-3HistAE-CeNN,227,0.0473828361262976,0.0571401153610044,1.0,0.8538226909198164,0.1844468340041883
latency40,Geo+D3-3HistAE-CeNN,228,0.033392572829109,0.0425812124974252,1.0,0.8500787312195183,0.1753499751992867
latency40,Geo+D3-3HistAE-CeNN,229,0.0477393979113033,0.0521796825148507,1.0,0.8421662107270028,0.1905404979172019
latency40,Geo+D3-3HistAE-CeNN,230,0.041572391987464,0.0486024475990145,1.0,0.8468287441640644,0.1885287571952072
latency40,Geo+D3-3HistAE-CeNN,231,0.0406801013291808,0.0459669152728631,1.0,0.8498209435388665,0.1781223447617343
latency40,Geo+D3-3HistAE-CeNN,232,0.0389846846223217,0.0466493061143652,1.0,0.853738009306884,0.1847428178142684
latency40,Geo+D3-3HistAE-CeNN,233,0.0377038030281174,0.0443639560214054,1.0,0.8427884243909093,0.1778023019428439
latency40,Geo+D3-3HistAE-CeNN,234,0.0375295582535601,0.0448780794313896,1.0,0.8508548052124187,0.1799264044997782
latency40,Geo+D3-3HistAE-CeNN,235,0.0422220385523251,0.0473822332905302,1.0,0.8419841025094958,0.1825961620674852
latency40,Geo+D3-3HistAE-CeNN,236,0.034103437295805,0.0432554892537204,1.0,0.8417917951752286,0.1754882122861686
latency40,Geo+D3-3HistAE-CeNN,237,0.0413852882249494,0.0480890509906637,1.0,0.8324255023169672,0.18411639433619
latency40,Geo+D3-3HistAE-CeNN,238,0.0347333090774411,0.0430697723229589,1.0,0.8503260992297808,0.1750091262387158
latency40,Geo+D3-3HistAE-CeNN,239,0.0400650488315335,0.0476687234577884,1.0,0.8384984847306037,0.1890635642560346
payload50,Geo,200,0.0807901582810875,0.1074451288549904,1.0,1.7707953912653878,0.0
payload50,Geo,201,0.0749628406170622,0.1059557670875492,1.0,1.7275162522675482,0.0
payload50,Geo,202,0.0675834717063793,0.0934055891032249,1.0,1.6264489677121037,0.0
payload50,Geo,203,0.0788602641627992,0.1098352189133642,1.0,1.8004150634366016,0.0
payload50,Geo,204,0.0772573467744933,0.1033489577806995,1.0,1.7580230510405226,0.0
payload50,Geo,205,0.0806277614505476,0.1133391071649407,1.0,1.8438572203761037,0.0
payload50,Geo,206,0.0806906433128521,0.1169290800099552,1.0,1.857358803941387,0.0
payload50,Geo,207,0.0699355606707301,0.0971916007033319,1.0,1.6672051481067935,0.0
payload50,Geo,208,0.0647217757258995,0.0910262806763643,1.0,1.6091748527756229,0.0
payload50,Geo,209,0.0850002565717949,0.1166368805636681,1.0,1.8450378818719733,0.0
payload50,Geo,210,0.0716354239911263,0.102733448070591,1.0,1.716195290411457,0.0
payload50,Geo,211,0.0692243327272379,0.098511994389465,1.0,1.6861372351403716,0.0
payload50,Geo,212,0.0824707038343569,0.1176586200008557,1.0,1.8506530636207208,0.0
payload50,Geo,213,0.0805258005416777,0.1083141761235051,1.0,1.7579988350605935,0.0
payload50,Geo,214,0.0654391639702048,0.0897020455050943,1.0,1.6009188397879,0.0
payload50,Geo,215,0.0812521183887168,0.1131922673080852,1.0,1.8206764141545972,0.0
payload50,Geo,216,0.0803077509093278,0.1111165965382814,1.0,1.8068809005658049,0.0
payload50,Geo,217,0.0831391428529868,0.1162100762799286,1.0,1.855778351086104,0.0
payload50,Geo,218,0.06401554312246,0.0853880509337603,1.0,1.552681180212397,0.0
payload50,Geo,219,0.0709813807347553,0.0985433033437919,1.0,1.707302368562015,0.0
payload50,Geo,220,0.0782483935784302,0.1065629833812563,1.0,1.7817950522523,0.0
payload50,Geo,221,0.0799540009117606,0.1115820426081861,1.0,1.7993759865274217,0.0
payload50,Geo,222,0.0591622106668979,0.0826762424533786,1.0,1.504687354471156,0.0
payload50,Geo,223,0.0670766151991279,0.0937389879834755,1.0,1.6508026142763588,0.0
payload50,Geo,224,0.0630918221352066,0.0900843499631869,1.0,1.610437464044343,0.0
payload50,Geo,225,0.0791524413297126,0.1086100554363204,1.0,1.78185748407064,0.0
payload50,Geo,226,0.0809292552140324,0.1165257644485078,1.0,1.856568120284323,0.0
payload50,Geo,227,0.0835707338620535,0.1162774308391804,1.0,1.856069854874639,0.0
payload50,Geo,228,0.0848469413423151,0.1130462576366242,1.0,1.838556641761053,0.0
payload50,Geo,229,0.0595600096762276,0.0839352365490768,1.0,1.54536503253263,0.0
payload50,Geo,230,0.0597944726780486,0.0816384924338918,1.0,1.52238356136993,0.0
payload50,Geo,231,0.080831688185546,0.1100640371839221,1.0,1.8053957634039144,0.0
payload50,Geo,232,0.0602737066997731,0.0802391362142245,1.0,1.4954668547853276,0.0
payload50,Geo,233,0.0650299906151849,0.0943794896518646,1.0,1.6259812827220208,0.0
payload50,Geo,234,0.0700621494975139,0.0962076845186218,1.0,1.6780191198963783,0.0
payload50,Geo,235,0.0607070460739068,0.080813259171592,1.0,1.5100495718214213,0.0
payload50,Geo,236,0.0740037336039115,0.1024465267451438,1.0,1.7213355846058216,0.0
payload50,Geo,237,0.0750036026771403,0.1055833333792121,1.0,1.7320577146502014,0.0
payload50,Geo,238,0.0711465904523768,0.1023097993187231,1.0,1.6954017042098348,0.0
payload50,Geo,239,0.0745444949908403,0.0990614000580579,1.0,1.6690598854796244,0.0
payload50,LQR-outer,200,0.0656693562032153,0.0839749164979921,1.0,1.7649779346029828,0.0
payload50,LQR-outer,201,0.0605571459019756,0.0825562361260722,1.0,1.7274636662659413,0.0
payload50,LQR-outer,202,0.0543794383914918,0.0726469572643017,1.0,1.6232733856546075,0.0
payload50,LQR-outer,203,0.0633522375716077,0.0855459245816293,1.0,1.7978845430424464,0.0
payload50,LQR-outer,204,0.062078840096733,0.0803339812503909,1.0,1.7506527546788428,0.0
payload50,LQR-outer,205,0.0643091326562969,0.0880555221285052,1.0,1.8396418441111648,0.0
payload50,LQR-outer,206,0.0643786750448129,0.09077645312296,1.0,1.857159267791861,0.0
payload50,LQR-outer,207,0.0560846438896594,0.0753924213105543,1.0,1.6647026024967313,0.0
payload50,LQR-outer,208,0.0513922011011915,0.0702989305009372,1.0,1.6057655444012384,0.0
payload50,LQR-outer,209,0.0692512679874058,0.0911320363503978,1.0,1.8422981306051704,0.0
payload50,LQR-outer,210,0.0569948442077045,0.0796341862358354,1.0,1.7146549348492668,0.0
payload50,LQR-outer,211,0.0549387307883576,0.0760822764275772,1.0,1.6840841585956987,0.0
payload50,LQR-outer,212,0.0663851933565146,0.0916097025627953,1.0,1.8517536793460465,0.0
payload50,LQR-outer,213,0.0657345724732099,0.084708804675028,1.0,1.7543237876673827,0.0
payload50,LQR-outer,214,0.0524043620162951,0.0695197415814508,1.0,1.5966150258586682,0.0
payload50,LQR-outer,215,0.0654774626425367,0.0882173570065608,1.0,1.8168629254706552,0.0
payload50,LQR-outer,216,0.0646794371431473,0.0865993659091718,1.0,1.802626062072079,0.0
payload50,LQR-outer,217,0.0669406935708119,0.0905502023618684,1.0,1.852143797859509,0.0
payload50,LQR-outer,218,0.0517549037352941,0.0663379339666941,1.0,1.5488297956360308,0.0
payload50,LQR-outer,219,0.0562187497077389,0.075972929937365,1.0,1.7001186748198551,0.0
payload50,LQR-outer,220,0.0624740210161658,0.0827395731197467,1.0,1.7748270654188103,0.0
payload50,LQR-outer,221,0.0645980785591968,0.0869842100361201,1.0,1.7969514294847118,0.0
payload50,LQR-outer,222,0.0475504819665483,0.0640592551730492,1.0,1.504588620243663,0.0
payload50,LQR-outer,223,0.0531154561585972,0.0723551877686754,1.0,1.6452354072070967,0.0
payload50,LQR-outer,224,0.0499215030777308,0.0692411896719117,1.0,1.6087257964513546,0.0
payload50,LQR-outer,225,0.0639122410037052,0.0846388360557164,1.0,1.7782898495743888,0.0
payload50,LQR-outer,226,0.0646512401794189,0.0904822175554344,1.0,1.8559487853825565,0.0
payload50,LQR-outer,227,0.0673059393567117,0.090637684905857,1.0,1.8518693701956723,0.0
payload50,LQR-outer,228,0.0689753516231179,0.0883383234453216,1.0,1.8331752840545052,0.0
payload50,LQR-outer,229,0.0469703987895833,0.0646939041707879,1.0,1.5407075477285364,0.0
payload50,LQR-outer,230,0.0479371552422669,0.0630488260234403,1.0,1.5172064327949464,0.0
payload50,LQR-outer,231,0.0651684963230916,0.0857819140018159,1.0,1.799740907780707,0.0
payload50,LQR-outer,232,0.0489827140510556,0.0625169264704035,1.0,1.4921570529833668,0.0
payload50,LQR-outer,233,0.0517570219386986,0.0728526945068345,1.0,1.6270708216414858,0.0
payload50,LQR-outer,234,0.0558729383295597,0.0746339866481119,1.0,1.6728162527199728,0.0
payload50,LQR-outer,235,0.0490415964389522,0.062720814591518,1.0,1.506042085604596,0.0
payload50,LQR-outer,236,0.0594351027347046,0.0797283817839663,1.0,1.7175898657860318,0.0
payload50,LQR-outer,237,0.0604135892294962,0.0820344674691313,1.0,1.7312452322276872,0.0
payload50,LQR-outer,238,0.0567348959664337,0.0792818210940071,1.0,1.695808839233913,0.0
payload50,LQR-outer,239,0.0610803896664173,0.077475546283268,1.0,1.6650142452164205,0.0
payload50,LMPC-H40,200,0.1318982982299923,0.2017176812248401,1.0,1.6941509325606947,0.0
payload50,LMPC-H40,201,0.1194017722512109,0.1961420735999251,1.0,1.6236626847421238,0.0
payload50,LMPC-H40,202,0.1094595679585868,0.1742106293907727,1.0,1.542682849347187,0.0
payload50,LMPC-H40,203,0.1279956736815647,0.2038475675966694,1.0,1.6888110549836866,0.0
payload50,LMPC-H40,204,0.1279086132870342,0.1949505805431947,1.0,1.6747236984537073,0.0
payload50,LMPC-H40,205,0.1326613456964625,0.2120426669213461,1.0,1.7363175174709955,0.0
payload50,LMPC-H40,206,0.1297418867688919,0.216596363077725,1.0,1.727179173855984,0.0
payload50,LMPC-H40,207,0.1146339689929843,0.1820192423163908,1.0,1.5780418681404795,0.0
payload50,LMPC-H40,208,0.1070572616016529,0.1716222302879481,1.0,1.528280466625021,0.0
payload50,LMPC-H40,209,0.1353829480055033,0.2160240587717569,1.0,1.7382310888454733,0.0
payload50,LMPC-H40,210,0.1167651448834168,0.1915786171241958,1.0,1.6132859209154051,0.0
payload50,LMPC-H40,211,0.1138607732498662,0.1851454319446691,1.0,1.5879564951471568,0.0
payload50,LMPC-H40,212,0.1317253941580933,0.2176070969654996,1.0,1.726358836099555,0.0
payload50,LMPC-H40,213,0.1292131996754747,0.2015826347380096,1.0,1.6729219009734837,0.0
payload50,LMPC-H40,214,0.1080804817238887,0.1688998624388836,1.0,1.5253229786021198,0.0
payload50,LMPC-H40,215,0.1311301928008663,0.2104286676672472,1.0,1.7162189051418857,0.0
payload50,LMPC-H40,216,0.1300617564014939,0.2068439622856272,1.0,1.7050466715797503,0.0
payload50,LMPC-H40,217,0.1342305997338506,0.2158734110077321,1.0,1.7451397930842574,0.0
payload50,LMPC-H40,218,0.1055284449873973,0.1612896126893653,1.0,1.4911219550856554,0.0
payload50,LMPC-H40,219,0.1193119072955566,0.1872751988261845,1.0,1.6260997947679996,0.0
payload50,LMPC-H40,220,0.1316348901825439,0.2019190765892002,1.0,1.705262156975215,0.0
payload50,LMPC-H40,221,0.128047282149185,0.2068973747577213,1.0,1.6916888226265543,0.0
payload50,LMPC-H40,222,0.0951337341322272,0.1543145354509987,1.0,1.4280678623880003,0.0
payload50,LMPC-H40,223,0.1117668881737105,0.1772497852336653,1.0,1.5691679466507915,0.0
payload50,LMPC-H40,224,0.1028414852636318,0.1690161515710009,1.0,1.5093834601488203,0.0
payload50,LMPC-H40,225,0.1287663276182573,0.2028782255556181,1.0,1.6861499407239566,0.0
payload50,LMPC-H40,226,0.1302474856627422,0.2161237196106078,1.0,1.7295464978942463,0.0
payload50,LMPC-H40,227,0.1353349534140493,0.2166334086662627,1.0,1.751590106992303,0.0
payload50,LMPC-H40,228,0.1382157681509729,0.2116434374391803,1.0,1.7476541979218527,0.0
payload50,LMPC-H40,229,0.0994186926705659,0.1587942185198978,1.0,1.4746505190560093,0.0
payload50,LMPC-H40,230,0.097913540285134,0.1546476567335345,1.0,1.4581276934918002,0.0
payload50,LMPC-H40,231,0.1323922418630472,0.2063925139103017,1.0,1.7166179521763787,0.0
payload50,LMPC-H40,232,0.0974770666951885,0.1504997585957456,1.0,1.435202973792546,0.0
payload50,LMPC-H40,233,0.1042873185650241,0.1759314349612604,1.0,1.5207316307397505,0.0
payload50,LMPC-H40,234,0.1169570481233728,0.1814585515725405,1.0,1.5967020946478605,0.0
payload50,LMPC-H40,235,0.1003575026504605,0.1530424483775762,1.0,1.452353552174926,0.0
payload50,LMPC-H40,236,0.1214267138064922,0.1918192045713598,1.0,1.6328649928851051,0.0
payload50,LMPC-H40,237,0.1204137013340209,0.1961116381603774,1.0,1.6275649517708213,0.0
payload50,LMPC-H40,238,0.1150503338563834,0.1906674768884846,1.0,1.5929592340240897,0.0
payload50,LMPC-H40,239,0.1191182543576709,0.1849415405461427,1.0,1.5947756785340534,0.0
payload50,Geo+MLP-D2,200,0.0625547528447411,0.0773578429940852,1.0,1.8345668993012052,0.2722967689541303
payload50,Geo+MLP-D2,201,0.060085175884034,0.0809014364722581,1.0,1.812423877685133,0.2630647019490686
payload50,Geo+MLP-D2,202,0.0532656641134181,0.0703350924258734,1.0,1.6847879416733935,0.2444709905146457
payload50,Geo+MLP-D2,203,0.0614075342182485,0.0825459159328473,1.0,1.887110168965388,0.2638458131868975
payload50,Geo+MLP-D2,204,0.0606007327614736,0.0779154125319587,1.0,1.8306236411736097,0.2633962559444546
payload50,Geo+MLP-D2,205,0.0634695076627303,0.0861452969790403,1.0,1.9290310833087627,0.2699228585255055
payload50,Geo+MLP-D2,206,0.0628939589966885,0.0887768843520715,1.0,1.9501952280862611,0.2693261527597797
payload50,Geo+MLP-D2,207,0.0568374844473356,0.0743358416830736,1.0,1.7329449152955032,0.2545260670164765
payload50,Geo+MLP-D2,208,0.0521281206697844,0.0694222142900196,1.0,1.6590205236592537,0.243360466694625
payload50,Geo+MLP-D2,209,0.062183949238928,0.0778649204852296,1.0,1.8900578890127575,0.2749129425701204
payload50,Geo+MLP-D2,210,0.0567377270866102,0.0772640066951313,1.0,1.7829665733010085,0.2598717647014238
payload50,Geo+MLP-D2,211,0.0570949494440124,0.0776479356929245,1.0,1.7506883965784246,0.2524462629287233
payload50,Geo+MLP-D2,212,0.0643279316933215,0.0889014916735012,1.0,1.9419831293375995,0.2664581695908449
payload50,Geo+MLP-D2,213,0.0603331151507869,0.073802733005182,1.0,1.809723278356857,0.2737578460403422
payload50,Geo+MLP-D2,214,0.0512137646100211,0.0656702491259218,1.0,1.639039907293507,0.2438553823873172
payload50,Geo+MLP-D2,215,0.0611407582684825,0.0814525529708239,1.0,1.8917004164699152,0.2696648994785635
payload50,Geo+MLP-D2,216,0.061384474215849,0.0815962109508721,1.0,1.880381490075548,0.2672461881599515
payload50,Geo+MLP-D2,217,0.0641605364799854,0.0855700149520655,1.0,1.9295821892062168,0.2654344175811425
payload50,Geo+MLP-D2,218,0.0543430225386039,0.0689734798893604,1.0,1.6171701399581009,0.2460774524599622
payload50,Geo+MLP-D2,219,0.0596903431711789,0.0823717069516028,1.0,1.7977087373498934,0.2494815776803361
payload50,Geo+MLP-D2,220,0.0623885122860836,0.080641884361558,1.0,1.8501446661923568,0.2730029255545677
payload50,Geo+MLP-D2,221,0.060240909596265,0.0801716534978315,1.0,1.87326360375133,0.2650459100316601
payload50,Geo+MLP-D2,222,0.0489273751139086,0.0636502308724291,1.0,1.549358578071196,0.2397077235983752
payload50,Geo+MLP-D2,223,0.0539730938817828,0.0750580444703997,1.0,1.724523089907735,0.245604526520985
payload50,Geo+MLP-D2,224,0.0530639818334407,0.0758664928306619,1.0,1.6883361658204008,0.2392725526248794
payload50,Geo+MLP-D2,225,0.0634045339819795,0.0829463262952857,1.0,1.8629568424103444,0.2640599897652985
payload50,Geo+MLP-D2,226,0.0635556092144594,0.0876555712858828,1.0,1.939545055537245,0.2766020708256524
payload50,Geo+MLP-D2,227,0.0642650747304125,0.08609002459705,1.0,1.9396271009173291,0.2711974652581739
payload50,Geo+MLP-D2,228,0.0668486494662026,0.0848880532754043,1.0,1.929683297122084,0.2706710462309015
payload50,Geo+MLP-D2,229,0.0491264708243092,0.0669385959655736,1.0,1.597788224391648,0.2363918884864536
payload50,Geo+MLP-D2,230,0.050449385743002,0.067064975900982,1.0,1.580990415986396,0.2283108163162355
payload50,Geo+MLP-D2,231,0.063206045837996,0.0810197333352916,1.0,1.8765703919515,0.2713097951091636
payload50,Geo+MLP-D2,232,0.0490863853898979,0.0615749762731855,1.0,1.5424802713450294,0.2363549265312073
payload50,Geo+MLP-D2,233,0.0517040006164905,0.0707138010589216,1.0,1.6810075890043374,0.2501663298205605
payload50,Geo+MLP-D2,234,0.0568514200243845,0.0747180787404199,1.0,1.7512039962310937,0.2544250430025601
payload50,Geo+MLP-D2,235,0.0519097559278699,0.0640746332502556,1.0,1.5593626036381605,0.2409711674792031
payload50,Geo+MLP-D2,236,0.0591255440452025,0.0774924088294728,1.0,1.7995354066073457,0.2637873160376203
payload50,Geo+MLP-D2,237,0.05641691672336,0.0734928667333448,1.0,1.7775591191910762,0.2659923766437027
payload50,Geo+MLP-D2,238,0.0580222393008733,0.0802494935588922,1.0,1.7716456347226954,0.254530404905397
payload50,Geo+MLP-D2,239,0.0584225720724267,0.0719201838015238,1.0,1.727530275021339,0.2581521721524377
payload50,Geo+CeNN-D2,200,0.0799256182165747,0.1083349243961658,1.0,2.3044010891996294,0.7303768019148659
payload50,Geo+CeNN-D2,201,0.0739816084415131,0.105589118272524,1.0,2.1456291099450984,0.6446614860212527
payload50,Geo+CeNN-D2,202,0.066779217473019,0.09342421189087,1.0,2.066413476461569,0.6493013873350467
payload50,Geo+CeNN-D2,203,0.076517873933765,0.1086039122140929,1.0,2.211531963508913,0.6333260059086354
payload50,Geo+CeNN-D2,204,0.0755348718524103,0.1031972848769528,1.0,2.1787424642390247,0.6434052947656278
payload50,Geo+CeNN-D2,205,0.0778849598976228,0.1116812597755385,1.0,2.2795434578138902,0.6621825938799578
payload50,Geo+CeNN-D2,206,0.0770606944286996,0.1140159202918254,1.0,2.241106321327905,0.6208104369516768
payload50,Geo+CeNN-D2,207,0.067226780779387,0.0949427612014007,1.0,1.9816790441166767,0.5628102834149304
payload50,Geo+CeNN-D2,208,0.0609971699172409,0.0860382823173893,1.0,2.0215852147210964,0.6314130102997866
payload50,Geo+CeNN-D2,209,0.0830051114265364,0.1154180273554948,1.0,2.225594523051144,0.6140433213180034
payload50,Geo+CeNN-D2,210,0.0673263927986101,0.0979352283950288,1.0,2.095191107503842,0.6234575772062899
payload50,Geo+CeNN-D2,211,0.0650307337359419,0.0933617839981536,1.0,2.065184428179933,0.6090679132417142
payload50,Geo+CeNN-D2,212,0.0805419145300026,0.1169065237595567,1.0,2.184571997426539,0.5774061554508996
payload50,Geo+CeNN-D2,213,0.0810831010789517,0.1097088457280841,1.0,2.306670893328109,0.7217530832059836
payload50,Geo+CeNN-D2,214,0.0630236011260408,0.0876717842589497,1.0,1.9600574623387963,0.608815062844553
payload50,Geo+CeNN-D2,215,0.0794190967933871,0.1122215487382533,1.0,2.2243207161402667,0.6442917176913777
payload50,Geo+CeNN-D2,216,0.0796373962009675,0.1123193312343984,1.0,2.235832097159648,0.6479603207922869
payload50,Geo+CeNN-D2,217,0.0810715819997656,0.1149028379561551,1.0,2.116555378169029,0.5415135614500594
payload50,Geo+CeNN-D2,218,0.0610259208174656,0.0826023524177351,1.0,1.9012253986868215,0.5951129741074439
payload50,Geo+CeNN-D2,219,0.0656907251112184,0.0939667520191801,1.0,2.167483264235407,0.6736921517549419
payload50,Geo+CeNN-D2,220,0.0741614202041713,0.1035694171023316,1.0,2.1125646794313577,0.6013953400140002
payload50,Geo+CeNN-D2,221,0.078791370831606,0.1112466468592188,1.0,2.0583776610817397,0.5124872248854954
payload50,Geo+CeNN-D2,222,0.0572356410181654,0.0793843381693632,1.0,1.9538035869902524,0.648796516633498
payload50,Geo+CeNN-D2,223,0.0639426709461864,0.0907757721956265,1.0,2.072571714395848,0.640683604273486
payload50,Geo+CeNN-D2,224,0.0588347850676305,0.0855894644323576,1.0,1.9439919918735675,0.5880673501874686
payload50,Geo+CeNN-D2,225,0.0762979172240989,0.1071877270802584,1.0,2.132541438369323,0.6136730880496751
payload50,Geo+CeNN-D2,226,0.0772259163573944,0.1130484685000952,1.0,2.1355244259251185,0.5432109255230152
payload50,Geo+CeNN-D2,227,0.0826073567316738,0.1177162891281758,1.0,2.251810566033402,0.6262979065835802
payload50,Geo+CeNN-D2,228,0.0828212458692608,0.1131206090400058,1.0,2.110456620424192,0.5498742697516197
payload50,Geo+CeNN-D2,229,0.0559076060635188,0.0798241825250969,1.0,2.006294984788823,0.6664482823229821
payload50,Geo+CeNN-D2,230,0.0583003117252541,0.0808136938013689,1.0,1.952977318147356,0.6553113528565022
payload50,Geo+CeNN-D2,231,0.078735237723701,0.1088087738218485,1.0,2.119614624989797,0.566103131495789
payload50,Geo+CeNN-D2,232,0.0592724293666373,0.0793719693389162,1.0,1.9154641735984093,0.6413076272150174
payload50,Geo+CeNN-D2,233,0.062604674549096,0.0914792774644468,1.0,2.08008108302922,0.6642179476241629
payload50,Geo+CeNN-D2,234,0.0673164014291525,0.0943711720537969,1.0,2.1253991930326848,0.6691420730142165
payload50,Geo+CeNN-D2,235,0.0588139075554857,0.07898284473198,1.0,1.811924485211597,0.5555383116589551
payload50,Geo+CeNN-D2,236,0.0720251826506763,0.1013375270151183,1.0,2.1489442813404205,0.6620014587805724
payload50,Geo+CeNN-D2,237,0.0725096360901468,0.1027451706978408,1.0,2.094892043022785,0.6000953305896892
payload50,Geo+CeNN-D2,238,0.068309441405545,0.0993580722561121,1.0,2.0046016799321222,0.5520251759700575
payload50,Geo+CeNN-D2,239,0.074667773581781,0.1005692190491929,1.0,2.152314339317698,0.6787785034559943
payload50,Geo+AE-CeNN,200,0.0826057638666283,0.1104741694414871,1.0,1.7710747347234106,0.0382778463262049
payload50,Geo+AE-CeNN,201,0.0768951325799514,0.1087275137632075,1.0,1.7262901702060225,0.0383774384137575
payload50,Geo+AE-CeNN,202,0.0692823018834031,0.0961410607707415,1.0,1.626138127665518,0.0382447165026642
payload50,Geo+AE-CeNN,203,0.0807187053040608,0.1126855297187719,1.0,1.798924460443412,0.0381649314938199
payload50,Geo+AE-CeNN,204,0.0790622067897966,0.1062587246456324,1.0,1.7578420126771075,0.0382346825221247
payload50,Geo+AE-CeNN,205,0.0824321101162163,0.1162543397224624,1.0,1.842963091359477,0.0378577155173765
payload50,Geo+AE-CeNN,206,0.0827225573656529,0.1199309879016353,1.0,1.855938082553941,0.0379818301199068
payload50,Geo+AE-CeNN,207,0.0715700233396353,0.0999592498823544,1.0,1.6671961104563189,0.0379117629858008
payload50,Geo+AE-CeNN,208,0.0664159186006958,0.0937207193136615,1.0,1.6093967986070958,0.0379053912421369
payload50,Geo+AE-CeNN,209,0.0869831876287647,0.1199591275884336,1.0,1.84557725516319,0.0381607886620933
payload50,Geo+AE-CeNN,210,0.073322945196463,0.1056730586737538,1.0,1.7164913137958906,0.0379682751490366
payload50,Geo+AE-CeNN,211,0.0707662681513849,0.1011761077292854,1.0,1.686117021351406,0.0376430902037015
payload50,Geo+AE-CeNN,212,0.0845700444715199,0.1204601656416614,1.0,1.8487160784261611,0.0380916975610913
payload50,Geo+AE-CeNN,213,0.0825040284224114,0.1114927589364748,1.0,1.7586432835018,0.0385786786043148
payload50,Geo+AE-CeNN,214,0.0670638615873832,0.0925381260288574,1.0,1.6016841876281196,0.0378276518265114
payload50,Geo+AE-CeNN,215,0.0832771671216823,0.1163018104712151,1.0,1.8202348659359664,0.0381502634529569
payload50,Geo+AE-CeNN,216,0.0822121832765103,0.1141110414703251,1.0,1.806651906765243,0.0381242816334034
payload50,Geo+AE-CeNN,217,0.0850180356134152,0.1192464305289377,1.0,1.855552063520282,0.0380127159340316
payload50,Geo+AE-CeNN,218,0.0657422782219721,0.0879040191278963,1.0,1.5519161773314754,0.0382642529624128
payload50,Geo+AE-CeNN,219,0.072879302460094,0.1010708419237065,1.0,1.7059923699841886,0.0379359919161636
payload50,Geo+AE-CeNN,220,0.0799143846427345,0.1094560528656146,1.0,1.7823958808991835,0.0377563690876308
payload50,Geo+AE-CeNN,221,0.0819140451361328,0.1145202357715575,1.0,1.798724555373918,0.0381784556200775
payload50,Geo+AE-CeNN,222,0.0608666305836392,0.0853410218738099,1.0,1.505012351583726,0.0383172005170117
payload50,Geo+AE-CeNN,223,0.0690387211291556,0.096436311735513,1.0,1.6498130389618668,0.0381649498962373
payload50,Geo+AE-CeNN,224,0.0650160303170257,0.0926363283559212,1.0,1.609077866990231,0.0379092327979036
payload50,Geo+AE-CeNN,225,0.0809580291781181,0.1112580707805917,1.0,1.780477308657139,0.0379907703369181
payload50,Geo+AE-CeNN,226,0.082684137684918,0.1196588365559279,1.0,1.856655252284764,0.0379366908331058
payload50,Geo+AE-CeNN,227,0.0855365606016164,0.1192505365831426,1.0,1.8550502428249336,0.0381839075140123
payload50,Geo+AE-CeNN,228,0.0869123312208399,0.1159205750071746,1.0,1.836654202791935,0.0383314208471299
payload50,Geo+AE-CeNN,229,0.06127904741655,0.0866105978328381,1.0,1.5457156846166449,0.0379826443588736
payload50,Geo+AE-CeNN,230,0.0615118777998914,0.0842194841640085,1.0,1.5221807303350825,0.0382300491453643
payload50,Geo+AE-CeNN,231,0.0825667911774024,0.1131068442551684,1.0,1.805694633974603,0.0380413027317222
payload50,Geo+AE-CeNN,232,0.0620173453835832,0.0827477715455169,1.0,1.4950565877525688,0.0383845183514197
payload50,Geo+AE-CeNN,233,0.066748163303471,0.0972306161015654,1.0,1.625938141761199,0.0379283224415641
payload50,Geo+AE-CeNN,234,0.0717076255231603,0.0990181984105689,1.0,1.6778223846646647,0.0378576061933989
payload50,Geo+AE-CeNN,235,0.0621472823372539,0.0834189504132815,1.0,1.5107974015136652,0.0380170483080456
payload50,Geo+AE-CeNN,236,0.0757129576634091,0.1053175071101602,1.0,1.7208961853038465,0.0380040470511649
payload50,Geo+AE-CeNN,237,0.0769126234702679,0.1087042809499192,1.0,1.7324469124812387,0.0379161624683798
payload50,Geo+AE-CeNN,238,0.0729408866121328,0.1050254758769213,1.0,1.6950432275745766,0.0380879955887326
payload50,Geo+AE-CeNN,239,0.0763151517229384,0.1019413784509161,1.0,1.669080844962326,0.0385078074439775
payload50,Geo+D1-3AE-CeNN,200,0.0817604607911176,0.1090466625853038,1.0,1.773015754794787,0.0368381966197354
payload50,Geo+D1-3AE-CeNN,201,0.0761322983033899,0.1074311625227875,1.0,1.7286025156109557,0.0368375774770709
payload50,Geo+D1-3AE-CeNN,202,0.0685487069433546,0.0949961041860457,1.0,1.62851484348112,0.0368374232178097
payload50,Geo+D1-3AE-CeNN,203,0.0798321681967877,0.1112980757255176,1.0,1.8022642612250972,0.0368380271268877
payload50,Geo+D1-3AE-CeNN,204,0.0781407296807589,0.1049176965904328,1.0,1.7604057229363528,0.036838617273709
payload50,Geo+D1-3AE-CeNN,205,0.0815281272796235,0.1148065807579725,1.0,1.8459400627513975,0.0368379093443102
payload50,Geo+D1-3AE-CeNN,206,0.0818117816567628,0.1184705262115706,1.0,1.858835369505804,0.0368384137452626
payload50,Geo+D1-3AE-CeNN,207,0.0708848475036367,0.0987043688129688,1.0,1.669542651474073,0.0368382705923905
payload50,Geo+D1-3AE-CeNN,208,0.0657459420396778,0.092584292754528,1.0,1.6112915720808447,0.0368371476608777
payload50,Geo+D1-3AE-CeNN,209,0.0860352427645985,0.1184238069510958,1.0,1.847728459248104,0.0368378272484143
payload50,Geo+D1-3AE-CeNN,210,0.0725279086927653,0.1043468153005225,1.0,1.7189391720692238,0.0368380010228878
payload50,Geo+D1-3AE-CeNN,211,0.0700800373768839,0.0999554200217818,1.0,1.6884229450490742,0.0368376598151305
payload50,Geo+D1-3AE-CeNN,212,0.0837280685654859,0.1190493757409058,1.0,1.8511168953412367,0.0368380576428016
payload50,Geo+D1-3AE-CeNN,213,0.0816362757728629,0.1100074566470207,1.0,1.7601303229996077,0.0368379276599014
payload50,Geo+D1-3AE-CeNN,214,0.0663399333744391,0.0913369942603349,1.0,1.603635925018854,0.0368375344505039
payload50,Geo+D1-3AE-CeNN,215,0.0823301107334208,0.1148259847015254,1.0,1.8227047802684124,0.0368377988684323
payload50,Geo+D1-3AE-CeNN,216,0.0812659921123727,0.1126550912545743,1.0,1.809095198784004,0.0368379964796165
payload50,Geo+D1-3AE-CeNN,217,0.0840641610345168,0.1177722502177721,1.0,1.8581985309343536,0.0368385528715032
payload50,Geo+D1-3AE-CeNN,218,0.0652660850316405,0.0869288891961271,1.0,1.5537873046329675,0.0368375824689143
payload50,Geo+D1-3AE-CeNN,219,0.0721213500598502,0.0999140561208269,1.0,1.7083308772417314,0.0368370625105255
payload50,Geo+D1-3AE-CeNN,220,0.0791142886021598,0.1080661393386092,1.0,1.7844535217026718,0.036837768294826
payload50,Geo+D1-3AE-CeNN,221,0.0809836370809424,0.1130892300753918,1.0,1.8011472097254018,0.0368377984257245
payload50,Geo+D1-3AE-CeNN,222,0.0603706088637264,0.0843543864289809,1.0,1.506420561309456,0.0368377208193428
payload50,Geo+D1-3AE-CeNN,223,0.068231555167067,0.0952697421664449,1.0,1.652023116474027,0.0368379138013203
payload50,Geo+D1-3AE-CeNN,224,0.0642775687794357,0.091592403922752,1.0,1.6114520817148597,0.0368378271422894
payload50,Geo+D1-3AE-CeNN,225,0.0801859643838975,0.1099482627293867,1.0,1.7830941287117748,0.0368374306877269
payload50,Geo+D1-3AE-CeNN,226,0.0817697261924998,0.1181785341597102,1.0,1.859548507804148,0.0368383058334934
payload50,Geo+D1-3AE-CeNN,227,0.0846401265314864,0.1178011927646089,1.0,1.8575945513277656,0.0368380067091025
payload50,Geo+D1-3AE-CeNN,228,0.0860139406122648,0.1144840002463152,1.0,1.8391674181016524,0.036838642129457
payload50,Geo+D1-3AE-CeNN,229,0.0606156646145974,0.0855669033490684,1.0,1.5475439060482583,0.0368381415269205
payload50,Geo+D1-3AE-CeNN,230,0.0608636710857693,0.0833050362422526,1.0,1.52404851505404,0.0368382364101395
payload50,Geo+D1-3AE-CeNN,231,0.0816688541671924,0.1116608993808719,1.0,1.8080398328434808,0.0368384481109425
payload50,Geo+D1-3AE-CeNN,232,0.0614794312849265,0.0818002332737053,1.0,1.4966038788520646,0.0368372488011363
payload50,Geo+D1-3AE-CeNN,233,0.0660776336351037,0.0960718338214005,1.0,1.628093456050523,0.0368371116822645
payload50,Geo+D1-3AE-CeNN,234,0.0709107425427776,0.0977729748769171,1.0,1.6805288379000851,0.0368382001137666
payload50,Geo+D1-3AE-CeNN,235,0.0616453142734128,0.0824402277527287,1.0,1.5124749424998527,0.0368382965839244
payload50,Geo+D1-3AE-CeNN,236,0.074935993057286,0.1040127812237616,1.0,1.7236115972424662,0.0368383724357513
payload50,Geo+D1-3AE-CeNN,237,0.0761383825349927,0.1073274195721734,1.0,1.7343718632614424,0.0368375077030539
payload50,Geo+D1-3AE-CeNN,238,0.0722783737731466,0.1037946608823535,1.0,1.6970488577518084,0.036837102450634
payload50,Geo+D1-3AE-CeNN,239,0.0755462605942818,0.1006644024397135,1.0,1.6710427999135091,0.0368377989679245
payload50,Geo+D2-HistAE-CeNN,200,0.0768497580323402,0.1036533201664156,1.0,1.7638077358041395,0.1423512669317253
payload50,Geo+D2-HistAE-CeNN,201,0.0684121376449417,0.0979561206411232,1.0,1.7141910741444764,0.1318393442859186
payload50,Geo+D2-HistAE-CeNN,202,0.0603750755373093,0.0844111529995763,1.0,1.6150735866687504,0.1302517659820097
payload50,Geo+D2-HistAE-CeNN,203,0.0691227486038563,0.1002299468202996,1.0,1.7771617803294388,0.1440132673069931
payload50,Geo+D2-HistAE-CeNN,204,0.0693999174810964,0.0960722028860317,1.0,1.7454159669983351,0.1496925677883282
payload50,Geo+D2-HistAE-CeNN,205,0.0701086776863041,0.1005675574742094,1.0,1.82007504118886,0.1480366812189096
payload50,Geo+D2-HistAE-CeNN,206,0.0694212168839692,0.1028730256983976,1.0,1.837293821187841,0.1514137453062196
payload50,Geo+D2-HistAE-CeNN,207,0.0631586046122954,0.0886262545828594,1.0,1.6501117370698697,0.1474955762693867
payload50,Geo+D2-HistAE-CeNN,208,0.0572392201239792,0.0811676724169551,1.0,1.5886444727617408,0.1380015304980827
payload50,Geo+D2-HistAE-CeNN,209,0.0785353824830576,0.1064344424138175,1.0,1.8450050809143916,0.1649170861304456
payload50,Geo+D2-HistAE-CeNN,210,0.0626176657995466,0.0925783605749186,1.0,1.691834628063142,0.1483699298993414
payload50,Geo+D2-HistAE-CeNN,211,0.0610300156620366,0.089279461728064,1.0,1.6642217866437263,0.1353227914494776
payload50,Geo+D2-HistAE-CeNN,212,0.0731884330865695,0.1065283967490332,1.0,1.8390487330760408,0.1539875756402385
payload50,Geo+D2-HistAE-CeNN,213,0.0750518798088634,0.1019100887334147,1.0,1.7416556435164663,0.1441582465528581
payload50,Geo+D2-HistAE-CeNN,214,0.05916817114269,0.0820060695747874,1.0,1.578315975016397,0.1433959684792279
payload50,Geo+D2-HistAE-CeNN,215,0.0730933566697708,0.1034018353051193,1.0,1.7958409147861425,0.1346605737299036
payload50,Geo+D2-HistAE-CeNN,216,0.071748177684441,0.100807772714402,1.0,1.7914616718443417,0.1687565152612263
payload50,Geo+D2-HistAE-CeNN,217,0.0720151576843944,0.101809814005379,1.0,1.8355037564773955,0.1405106318448473
payload50,Geo+D2-HistAE-CeNN,218,0.0588246737592654,0.0800028369380315,1.0,1.5455661076831757,0.1517867549752891
payload50,Geo+D2-HistAE-CeNN,219,0.059286283453999,0.0859565756245527,1.0,1.67479636297061,0.1489514134213465
payload50,Geo+D2-HistAE-CeNN,220,0.0706988792766064,0.0979628865860815,1.0,1.762086972386312,0.1458353715169058
payload50,Geo+D2-HistAE-CeNN,221,0.071172280137487,0.1013292122226209,1.0,1.7820697724234826,0.1453849494601466
payload50,Geo+D2-HistAE-CeNN,222,0.0557202093720124,0.0779879854362023,1.0,1.503952723775059,0.1346852914915872
payload50,Geo+D2-HistAE-CeNN,223,0.0570212828322801,0.0831462120784721,1.0,1.6299734333429772,0.1445126589171781
payload50,Geo+D2-HistAE-CeNN,224,0.053399387479347,0.0793022212654017,1.0,1.5924614994077668,0.1510526638219433
payload50,Geo+D2-HistAE-CeNN,225,0.0729389031595506,0.102102838965284,1.0,1.7702191043477633,0.1480034596438827
payload50,Geo+D2-HistAE-CeNN,226,0.0716568575480254,0.1049921962836,1.0,1.835765217383701,0.1487756996235047
payload50,Geo+D2-HistAE-CeNN,227,0.0739768693939598,0.1045050310065192,1.0,1.839037193265816,0.1404734626608749
payload50,Geo+D2-HistAE-CeNN,228,0.07708044365987,0.1050503867562069,1.0,1.8247327183266888,0.1437343273242115
payload50,Geo+D2-HistAE-CeNN,229,0.0515721922445243,0.0737673637931433,1.0,1.5328905738287513,0.1361692533848306
payload50,Geo+D2-HistAE-CeNN,230,0.0520254580160009,0.0723043794063401,1.0,1.5062814566577971,0.1246272534773637
payload50,Geo+D2-HistAE-CeNN,231,0.0746502347248803,0.1032933500137605,1.0,1.7801784875332207,0.1311188578564905
payload50,Geo+D2-HistAE-CeNN,232,0.0558127948167081,0.0750022792633889,1.0,1.4926381786827143,0.1394959803787091
payload50,Geo+D2-HistAE-CeNN,233,0.058035198523837,0.0845293883347306,1.0,1.6179848372531036,0.1462419752278452
payload50,Geo+D2-HistAE-CeNN,234,0.05976245477576,0.0860604009844702,1.0,1.6516122522523669,0.1514136646037595
payload50,Geo+D2-HistAE-CeNN,235,0.0582174701667808,0.0771498039693326,1.0,1.5134557526224783,0.1389136678319308
payload50,Geo+D2-HistAE-CeNN,236,0.0665511284529205,0.0946983808482132,1.0,1.7030482554705888,0.1433237993153319
payload50,Geo+D2-HistAE-CeNN,237,0.0673433782686719,0.0949572680371989,1.0,1.7142252585607207,0.1522899149999173
payload50,Geo+D2-HistAE-CeNN,238,0.0641685329966257,0.0939338052432948,1.0,1.6920598496536774,0.1523483030121978
payload50,Geo+D2-HistAE-CeNN,239,0.0708325579886937,0.0951929848608268,1.0,1.6590072899057773,0.1313344063013043
payload50,Geo+D3-3HistAE-CeNN,200,0.1060051384322096,0.1406200623969549,1.0,1.813516524357338,0.1643386404055125
payload50,Geo+D3-3HistAE-CeNN,201,0.100044059385,0.1380630057421346,1.0,1.7767334312898275,0.1546731307808929
payload50,Geo+D3-3HistAE-CeNN,202,0.0945349411791245,0.1301539093836448,1.0,1.6669883078678756,0.1688198033140188
payload50,Geo+D3-3HistAE-CeNN,203,0.1032566711281716,0.1422519937231605,1.0,1.841699921533827,0.1590081434480552
payload50,Geo+D3-3HistAE-CeNN,204,0.1030791757434806,0.1379647824307737,1.0,1.7964827039187807,0.1658066974453303
payload50,Geo+D3-3HistAE-CeNN,205,0.1040277074066842,0.1428965396950317,1.0,1.885514419743866,0.1515535918500551
payload50,Geo+D3-3HistAE-CeNN,206,0.1041682394172774,0.1467042119359221,1.0,1.902774163981796,0.1498494708019519
payload50,Geo+D3-3HistAE-CeNN,207,0.0921310184637314,0.1250390189605299,1.0,1.7068158732301546,0.1452700490447295
payload50,Geo+D3-3HistAE-CeNN,208,0.0888857264863805,0.1220786772262824,1.0,1.6498185701937762,0.1462042493382857
payload50,Geo+D3-3HistAE-CeNN,209,0.1129994551693936,0.1546596296428853,1.0,1.8981626337910165,0.1661351725159995
payload50,Geo+D3-3HistAE-CeNN,210,0.0952855231935739,0.1350084859476457,1.0,1.7557615477064186,0.1530955683485619
payload50,Geo+D3-3HistAE-CeNN,211,0.0908294934286584,0.1261566484923037,1.0,1.7223003356606854,0.1465708581593034
payload50,Geo+D3-3HistAE-CeNN,212,0.1061017957564026,0.146890013268914,1.0,1.8942336979668293,0.1520418891212379
payload50,Geo+D3-3HistAE-CeNN,213,0.1071313489165957,0.1445579594211661,1.0,1.802467046259553,0.167044834040312
payload50,Geo+D3-3HistAE-CeNN,214,0.0904872017140547,0.1230267763563453,1.0,1.6409367734633415,0.1585794945324684
payload50,Geo+D3-3HistAE-CeNN,215,0.1068876456639751,0.1477685390074529,1.0,1.8692349935748471,0.1560188616355309
payload50,Geo+D3-3HistAE-CeNN,216,0.1060171298395317,0.1459057377619955,1.0,1.8558887643562807,0.1645103794443885
payload50,Geo+D3-3HistAE-CeNN,217,0.1098908473275383,0.1530370418766579,1.0,1.9009887036059132,0.1653911836455888
payload50,Geo+D3-3HistAE-CeNN,218,0.0899322331485416,0.1194078088289665,1.0,1.588542406500118,0.1651984604517329
payload50,Geo+D3-3HistAE-CeNN,219,0.0939390917842353,0.1274830147476139,1.0,1.7485378925948785,0.1473982045859305
payload50,Geo+D3-3HistAE-CeNN,220,0.1011208729623266,0.1372978256313171,1.0,1.809989524431572,0.1526081100063828
payload50,Geo+D3-3HistAE-CeNN,221,0.1063681326119634,0.1470307596298878,1.0,1.8435998728191616,0.1658581316024039
payload50,Geo+D3-3HistAE-CeNN,222,0.0837478698566881,0.1137239180547371,1.0,1.5482517313920672,0.1504071365548684
payload50,Geo+D3-3HistAE-CeNN,223,0.0930122836507966,0.129729099420235,1.0,1.6837268763490978,0.1673651321256109
payload50,Geo+D3-3HistAE-CeNN,224,0.0864157265696919,0.1198915693625481,1.0,1.6512643157833913,0.1497278513705039
payload50,Geo+D3-3HistAE-CeNN,225,0.1010020618121912,0.1366542871946756,1.0,1.8145879536452376,0.1452091514840466
payload50,Geo+D3-3HistAE-CeNN,226,0.1043065554985174,0.1486263480426178,1.0,1.8956707319504704,0.1526108830738965
payload50,Geo+D3-3HistAE-CeNN,227,0.1102798458732593,0.151091021626831,1.0,1.9033471311899213,0.1701638628417786
payload50,Geo+D3-3HistAE-CeNN,228,0.1115521266514526,0.1480719450738277,1.0,1.884221480353027,0.170324360004148
payload50,Geo+D3-3HistAE-CeNN,229,0.0862242655055247,0.118459267495167,1.0,1.5878078635807378,0.1663411334361849
payload50,Geo+D3-3HistAE-CeNN,230,0.0859023098255711,0.11772707562832,1.0,1.558943259609292,0.1667450228588876
payload50,Geo+D3-3HistAE-CeNN,231,0.1058773451954144,0.1452931621064798,1.0,1.8472305990448337,0.1627619570007376
payload50,Geo+D3-3HistAE-CeNN,232,0.0875778189273746,0.1161480578790241,1.0,1.5360202100529987,0.1717772984425804
payload50,Geo+D3-3HistAE-CeNN,233,0.0878417453058987,0.1244378741511609,1.0,1.6638344078744738,0.1437107573257991
payload50,Geo+D3-3HistAE-CeNN,234,0.0953939495621147,0.132100372099105,1.0,1.712751040255898,0.168496302661346
payload50,Geo+D3-3HistAE-CeNN,235,0.0854508862294572,0.1127597638670955,1.0,1.545488111082583,0.1618541137583648
payload50,Geo+D3-3HistAE-CeNN,236,0.0981408297238879,0.1352301598010346,1.0,1.7572993816058406,0.1573392643952904
payload50,Geo+D3-3HistAE-CeNN,237,0.0990748472590742,0.1365298281849128,1.0,1.777934900559332,0.1482637108083674
payload50,Geo+D3-3HistAE-CeNN,238,0.0937693036295,0.1304140056140958,1.0,1.7350061218457995,0.146910177868188
payload50,Geo+D3-3HistAE-CeNN,239,0.1020047126123687,0.1354052041831558,1.0,1.719945010437976,0.1720533199077001
rotoreff30,Geo,200,0.0239497248332622,0.040941333108333,1.0,0.8908310190512612,0.0
rotoreff30,Geo,201,0.0232623928605996,0.0263071533602054,1.0,1.0066349835707238,0.0
rotoreff30,Geo,202,0.0519762271460388,0.0688870410074721,1.0,1.4105777642045296,0.0
rotoreff30,Geo,203,0.054926019274822,0.0776285116206465,1.0,1.34434275790936,0.0
rotoreff30,Geo,204,0.0497886162836342,0.0702900591957594,1.0,1.3230781387993964,0.0
rotoreff30,Geo,205,0.0554173121427749,0.0793844506308012,1.0,1.4591110483261116,0.0
rotoreff30,Geo,206,0.0497808358659877,0.0636008279520661,1.0,1.232914966437976,0.0
rotoreff30,Geo,207,0.0866464346264158,0.1224329459652864,1.0,1.7875196671018097,0.0
rotoreff30,Geo,208,0.1081745712463896,0.1608740228265121,1.0,2.113605059970806,0.0
rotoreff30,Geo,209,0.0539757611562651,0.0745205754393899,1.0,1.3027805963645387,0.0
rotoreff30,Geo,210,0.0417314818164826,0.0587514201554538,1.0,1.215445294634293,0.0
rotoreff30,Geo,211,0.0740042436253567,0.09603137386152,1.0,1.5340005526141056,0.0
rotoreff30,Geo,212,0.0989538398976985,0.1387704106953171,1.0,2.0046059446938544,0.0
rotoreff30,Geo,213,0.13901295869462,0.2016292350565357,1.0,2.6711210906509417,0.0
rotoreff30,Geo,214,0.0558049890347228,0.0853337188864096,1.0,1.4410110635778268,0.0
rotoreff30,Geo,215,0.0546840398565531,0.0884906363104932,1.0,1.4142607821471378,0.0
rotoreff30,Geo,216,0.027305979060015,0.0321871160405915,1.0,1.0959652353050893,0.0
rotoreff30,Geo,217,0.0251934218610618,0.0368704191296993,1.0,1.071192434197867,0.0
rotoreff30,Geo,218,0.0691496843199208,0.0941374679154419,1.0,1.58018111485949,0.0
rotoreff30,Geo,219,0.0546819597190646,0.0647823396301798,1.0,1.2717330416935149,0.0
rotoreff30,Geo,220,0.0508886309989522,0.0685616179504071,1.0,1.2452502223965891,0.0
rotoreff30,Geo,221,0.0287839904274906,0.0340375725321477,1.0,0.9975368228134166,0.0
rotoreff30,Geo,222,0.0686559939439253,0.1045100035155872,1.0,1.5825470535265314,0.0
rotoreff30,Geo,223,0.0456007895038381,0.0586723095453421,1.0,1.296210790569738,0.0
rotoreff30,Geo,224,0.0481980518716592,0.069703431016448,1.0,1.403648342043483,0.0
rotoreff30,Geo,225,0.1267387777728815,0.1892307815471069,1.0,2.346438399901309,0.0
rotoreff30,Geo,226,0.0666154334860182,0.0966912514470795,1.0,1.5307771294078714,0.0
rotoreff30,Geo,227,0.0640047326188593,0.0857192858551807,1.0,1.50695204272803,0.0
rotoreff30,Geo,228,0.0376100402096805,0.0565004062841115,1.0,1.1641665476543013,0.0
rotoreff30,Geo,229,0.0293116053874826,0.0391914272754383,1.0,1.0882526845348657,0.0
rotoreff30,Geo,230,0.1014660257529032,0.1733817469281312,1.0,2.0511343470750485,0.0
rotoreff30,Geo,231,0.0314867468912555,0.0431065614031862,1.0,0.9669070867266162,0.0
rotoreff30,Geo,232,0.0355834733551045,0.04679372567248,1.0,1.0614221385007934,0.0
rotoreff30,Geo,233,0.0563031274965399,0.0728283371877588,1.0,1.3723333760967542,0.0
rotoreff30,Geo,234,0.1255670230472897,0.1835211866284913,1.0,2.424599922216245,0.0
rotoreff30,Geo,235,0.0425742823256729,0.0498066908144554,1.0,1.1586709052649038,0.0
rotoreff30,Geo,236,0.1247118393425891,0.18473032229358,1.0,2.489550136803952,0.0
rotoreff30,Geo,237,0.056092333309265,0.0676045486070917,1.0,1.328447449844436,0.0
rotoreff30,Geo,238,0.0265680596742816,0.043012058039289,1.0,1.002188854692869,0.0
rotoreff30,Geo,239,0.0501290188198339,0.0641337486958035,1.0,1.3665172129514047,0.0
rotoreff30,LQR-outer,200,0.0226156906493952,0.0409410091363774,1.0,0.8938042615295437,0.0
rotoreff30,LQR-outer,201,0.0193306983349418,0.0250866410448416,1.0,1.0047909120618197,0.0
rotoreff30,LQR-outer,202,0.0416365176354084,0.0528766245267024,1.0,1.409712493473232,0.0
rotoreff30,LQR-outer,203,0.0455203064610359,0.0611674368341478,1.0,1.333107874344447,0.0
rotoreff30,LQR-outer,204,0.0411655719202229,0.0546689006920921,1.0,1.321492450618455,0.0
rotoreff30,LQR-outer,205,0.0448697835221545,0.061290526100334,1.0,1.461340394419738,0.0
rotoreff30,LQR-outer,206,0.0422897326123496,0.0517930784394697,1.0,1.2238083845393954,0.0
rotoreff30,LQR-outer,207,0.0693358875558852,0.0961405527339306,1.0,1.7831573120567303,0.0
rotoreff30,LQR-outer,208,0.0866684384068097,0.1262330178187478,1.0,2.122188337513979,0.0
rotoreff30,LQR-outer,209,0.0444285970024738,0.0586318267463368,1.0,1.293255864004963,0.0
rotoreff30,LQR-outer,210,0.0324142914504173,0.0447619898110752,1.0,1.2183617214600404,0.0
rotoreff30,LQR-outer,211,0.0613758423484376,0.077001823936419,1.0,1.5219348337988654,0.0
rotoreff30,LQR-outer,212,0.080028044891217,0.1090827901482341,1.0,2.00043767664301,0.0
rotoreff30,LQR-outer,213,0.1129766477023373,0.1591799706349099,1.0,2.6679526748272058,0.0
rotoreff30,LQR-outer,214,0.0456788766170878,0.066534544077009,1.0,1.4393561694366572,0.0
rotoreff30,LQR-outer,215,0.0448822028700222,0.0691593780888735,1.0,1.4142865656199068,0.0
rotoreff30,LQR-outer,216,0.0222943282050096,0.0245585951767193,1.0,1.0988241046000198,0.0
rotoreff30,LQR-outer,217,0.021616737502317,0.0368700852454332,1.0,1.0731676121940876,0.0
rotoreff30,LQR-outer,218,0.0563561982541761,0.0737669958745181,1.0,1.5824121052103473,0.0
rotoreff30,LQR-outer,219,0.0459115356320716,0.0511306808704863,1.0,1.2643152051393058,0.0
rotoreff30,LQR-outer,220,0.0403136747926416,0.0529947019079585,1.0,1.2425179076763595,0.0
rotoreff30,LQR-outer,221,0.0249862231129056,0.034037230059142,1.0,0.9910784950230764,0.0
rotoreff30,LQR-outer,222,0.0562158420300023,0.0812700973271537,1.0,1.5793773189880662,0.0
rotoreff30,LQR-outer,223,0.0371772450407075,0.0459838163238024,1.0,1.289498893617616,0.0
rotoreff30,LQR-outer,224,0.0381049557235101,0.0534271340023193,1.0,1.4041556243558944,0.0
rotoreff30,LQR-outer,225,0.1027315178813798,0.1494293493144303,1.0,2.3651308141522622,0.0
rotoreff30,LQR-outer,226,0.0550001310620493,0.0755996125533018,1.0,1.5295091973464956,0.0
rotoreff30,LQR-outer,227,0.0522013837674365,0.0675866796917106,1.0,1.4984830549887334,0.0
rotoreff30,LQR-outer,228,0.0318621849294132,0.0452312128889377,1.0,1.1606254992531553,0.0
rotoreff30,LQR-outer,229,0.0233796949534064,0.0295996824714603,1.0,1.0911387646544113,0.0
rotoreff30,LQR-outer,230,0.0845284911211917,0.138564388792712,1.0,2.0708408040462585,0.0
rotoreff30,LQR-outer,231,0.029274025635099,0.0428665321145246,1.0,0.9655975015344036,0.0
rotoreff30,LQR-outer,232,0.0288433186306193,0.0368678770676057,1.0,1.0581616045820696,0.0
rotoreff30,LQR-outer,233,0.0463098862558269,0.0568422173460621,1.0,1.3548760310559445,0.0
rotoreff30,LQR-outer,234,0.101151977786996,0.1440332308065783,1.0,2.429656803023988,0.0
rotoreff30,LQR-outer,235,0.0358711386362849,0.039982415815838,1.0,1.1530466944042874,0.0
rotoreff30,LQR-outer,236,0.1015760311683691,0.1454343844399569,1.0,2.4970664351120395,0.0
rotoreff30,LQR-outer,237,0.0476696588547385,0.0549852227807107,1.0,1.3268777566036098,0.0
rotoreff30,LQR-outer,238,0.0235251810286044,0.0366163339653997,1.0,1.0015494098918163,0.0
rotoreff30,LQR-outer,239,0.0405115791465323,0.0492690181547999,1.0,1.3680018445145556,0.0
rotoreff30,LMPC-H40,200,0.0271948300411016,0.0424393579056299,1.0,0.8803215205909177,0.0
rotoreff30,LMPC-H40,201,0.038394968769372,0.0511596984135606,1.0,0.9958530423952716,0.0
rotoreff30,LMPC-H40,202,0.0884305370755893,0.1377087620384618,1.0,1.369703141775091,0.0
rotoreff30,LMPC-H40,203,0.0857915313286845,0.1438510791293323,1.0,1.319135947176045,0.0
rotoreff30,LMPC-H40,204,0.0801844506185892,0.1322428161059101,1.0,1.28601763423571,0.0
rotoreff30,LMPC-H40,205,0.0877237101795708,0.1506886944392448,1.0,1.3815363666199056,0.0
rotoreff30,LMPC-H40,206,0.0815120969291511,0.1192085000842749,1.0,1.2240327204340928,0.0
rotoreff30,LMPC-H40,207,0.1397614981034806,0.2179376996506424,1.0,1.6765586826493577,0.0
rotoreff30,LMPC-H40,208,0.1680673453534076,0.2821851470984939,1.0,1.8947183040780284,0.0
rotoreff30,LMPC-H40,209,0.0874963627033952,0.1414738717001659,1.0,1.282773010693044,0.0
rotoreff30,LMPC-H40,210,0.071499092857991,0.1100805498417295,1.0,1.155459100158068,0.0
rotoreff30,LMPC-H40,211,0.1216731467214984,0.1757189445890637,1.0,1.4939644438982496,0.0
rotoreff30,LMPC-H40,212,0.1568371219254052,0.2483284134951557,1.0,1.85964567390476,0.0
rotoreff30,LMPC-H40,213,0.2178975692755461,0.3630984002375739,1.0,2.4232976135157216,0.0
rotoreff30,LMPC-H40,214,0.087932762922669,0.154421274645564,1.0,1.3824251817081603,0.0
rotoreff30,LMPC-H40,215,0.0838338096410344,0.1559853324498467,1.0,1.346456782334175,0.0
rotoreff30,LMPC-H40,216,0.0458535854828816,0.0653042007718345,1.0,1.0604388960542408,0.0
rotoreff30,LMPC-H40,217,0.0396550172237601,0.0573596360607996,1.0,1.044840113033578,0.0
rotoreff30,LMPC-H40,218,0.1123236485549248,0.1784726433147457,1.0,1.5016230813892322,0.0
rotoreff30,LMPC-H40,219,0.0899985742217928,0.1263782066385568,1.0,1.2756842322804478,0.0
rotoreff30,LMPC-H40,220,0.0869403893227555,0.1281992737366875,1.0,1.2125693018575672,0.0
rotoreff30,LMPC-H40,221,0.0448620968834304,0.0542577324163126,1.0,1.0034372853698514,0.0
rotoreff30,LMPC-H40,222,0.1040631370754195,0.1906203990516274,1.0,1.4986847279588795,0.0
rotoreff30,LMPC-H40,223,0.0746759173862882,0.1078767369503764,1.0,1.2591457791797989,0.0
rotoreff30,LMPC-H40,224,0.0778363040285002,0.1306317009404055,1.0,1.3210156892262686,0.0
rotoreff30,LMPC-H40,225,0.1920646735661748,0.3284127413683997,1.0,2.0753558926311837,0.0
rotoreff30,LMPC-H40,226,0.1028521526452264,0.1788506493164395,1.0,1.449773577510126,0.0
rotoreff30,LMPC-H40,227,0.1035817454220838,0.1575421250563031,1.0,1.4466321189779208,0.0
rotoreff30,LMPC-H40,228,0.0560800167318908,0.1006248357013556,1.0,1.1329206675864971,0.0
rotoreff30,LMPC-H40,229,0.0477170010175197,0.072884545596665,1.0,1.036219687230645,0.0
rotoreff30,LMPC-H40,230,0.1514834227396415,0.2880509837762358,1.0,1.8577659836786968,0.0
rotoreff30,LMPC-H40,231,0.0417318448269422,0.0640167264962034,1.0,0.959384487031173,0.0
rotoreff30,LMPC-H40,232,0.0621815106648949,0.0905182403654372,1.0,1.0510028115677124,0.0
rotoreff30,LMPC-H40,233,0.0890900726105138,0.1363155180407108,1.0,1.3583675494917784,0.0
rotoreff30,LMPC-H40,234,0.197190179689901,0.3286249799737575,1.0,2.189963717323599,0.0
rotoreff30,LMPC-H40,235,0.0707918917427258,0.0969077835876144,1.0,1.1452692195752876,0.0
rotoreff30,LMPC-H40,236,0.19062893536553,0.3290547997607745,1.0,2.2317166886376,0.0
rotoreff30,LMPC-H40,237,0.0910641506337406,0.1306148481971394,1.0,1.297061869547014,0.0
rotoreff30,LMPC-H40,238,0.0382285954243942,0.0701421061756831,1.0,0.9810779992252194,0.0
rotoreff30,LMPC-H40,239,0.0846388743701147,0.1246083617980098,1.0,1.3228061959254491,0.0
rotoreff30,Geo+MLP-D2,200,0.0362790167717296,0.0468598728485706,1.0,0.9278331010523966,0.2316487630035876
rotoreff30,Geo+MLP-D2,201,0.0321256431518186,0.039724371502466,1.0,1.052384349817178,0.207029017367757
rotoreff30,Geo+MLP-D2,202,0.0463221705642693,0.0572203350537779,1.0,1.4676722236758302,0.2431433080645414
rotoreff30,Geo+MLP-D2,203,0.0628283101885762,0.0828430073527115,1.0,1.389568915993123,0.2454769812545384
rotoreff30,Geo+MLP-D2,204,0.0506821810471994,0.0621142755658362,1.0,1.3927457007798207,0.2500952053852369
rotoreff30,Geo+MLP-D2,205,0.0474883478750583,0.0646611819364465,1.0,1.52729769520562,0.2422747053709239
rotoreff30,Geo+MLP-D2,206,0.0654007933828779,0.0804841443634709,1.0,1.2837540672751877,0.232343417453484
rotoreff30,Geo+MLP-D2,207,0.0640628321792069,0.0875155126995541,1.0,1.8342307757952003,0.2495844710426478
rotoreff30,Geo+MLP-D2,208,0.0815324720281124,0.1170984848124583,1.0,2.184018776689626,0.2624225682208644
rotoreff30,Geo+MLP-D2,209,0.0494855985148618,0.0618762332733097,1.0,1.359634250519604,0.2674887120292183
rotoreff30,Geo+MLP-D2,210,0.039007814114011,0.0543355641026448,1.0,1.2642584765689924,0.1967708649040339
rotoreff30,Geo+MLP-D2,211,0.0718195602874748,0.087948643541222,1.0,1.5931516743813416,0.2188706032904857
rotoreff30,Geo+MLP-D2,212,0.0751587738678822,0.102627264080053,1.0,2.0768701530084965,0.262674705610788
rotoreff30,Geo+MLP-D2,213,0.1012906779097599,0.1410227072974952,1.0,2.7813957839490984,0.3351224365972343
rotoreff30,Geo+MLP-D2,214,0.0598587201612032,0.0807833133873296,1.0,1.52339043896147,0.2504007892370563
rotoreff30,Geo+MLP-D2,215,0.0542250606857017,0.0791306334937504,1.0,1.4742274555564492,0.2559471773678593
rotoreff30,Geo+MLP-D2,216,0.0336469985178257,0.0493276994788274,1.0,1.1561128574551245,0.2111978714789509
rotoreff30,Geo+MLP-D2,217,0.0388932563642428,0.0479838314877083,1.0,1.120061377426346,0.214754172782482
rotoreff30,Geo+MLP-D2,218,0.0506122372690408,0.0650027263247828,1.0,1.639923642628246,0.2492133606531025
rotoreff30,Geo+MLP-D2,219,0.0505803491314334,0.0558763906083669,1.0,1.3161292782880814,0.259366429821948
rotoreff30,Geo+MLP-D2,220,0.0428409760412776,0.0546917029857408,1.0,1.2763767973506432,0.2009096265888489
rotoreff30,Geo+MLP-D2,221,0.0425151221192752,0.0478913449004611,1.0,1.0343942391183027,0.1903641995661142
rotoreff30,Geo+MLP-D2,222,0.0696198184288762,0.094970685728005,1.0,1.6912204251099658,0.2805249977289474
rotoreff30,Geo+MLP-D2,223,0.0455676852435264,0.0570185165609053,1.0,1.3480283574303376,0.2096613807809211
rotoreff30,Geo+MLP-D2,224,0.0496120845622146,0.067588460051093,1.0,1.4594954604175192,0.2283539527597124
rotoreff30,Geo+MLP-D2,225,0.09566770511169,0.1385411502608536,1.0,2.413994030756049,0.2777918014884695
rotoreff30,Geo+MLP-D2,226,0.0565488673692602,0.0717218588471949,1.0,1.5916568551055337,0.2837693921918823
rotoreff30,Geo+MLP-D2,227,0.0603416753042194,0.0789179018502664,1.0,1.581435088625674,0.2175771448323243
rotoreff30,Geo+MLP-D2,228,0.0540925654276908,0.0770136862697179,1.0,1.2265845273563154,0.2143612788997222
rotoreff30,Geo+MLP-D2,229,0.031889443280321,0.043555630162242,1.0,1.1303086920325482,0.2006355909440975
rotoreff30,Geo+MLP-D2,230,0.0806333956178048,0.1255272927553197,1.0,2.171197237527398,0.3419908543261726
rotoreff30,Geo+MLP-D2,231,0.0514723064080412,0.0730181989066666,1.0,0.995288009527584,0.2059850630549808
rotoreff30,Geo+MLP-D2,232,0.0270464617987577,0.0342640156942518,1.0,1.0878921474669572,0.2098250375180903
rotoreff30,Geo+MLP-D2,233,0.0561211152415821,0.0670316811025301,1.0,1.4064653386767263,0.2550112516217664
rotoreff30,Geo+MLP-D2,234,0.0975166054970178,0.1379014091220387,1.0,2.54089496317086,0.2892312060507666
rotoreff30,Geo+MLP-D2,235,0.0523647679902636,0.0621159757605691,1.0,1.2098211605518732,0.1974680460936235
rotoreff30,Geo+MLP-D2,236,0.0916016393115394,0.1272895174556741,1.0,2.58206256155523,0.3316079644865036
rotoreff30,Geo+MLP-D2,237,0.0663369121315034,0.0791988992080276,1.0,1.412994742799642,0.2133143982386698
rotoreff30,Geo+MLP-D2,238,0.0490300293099218,0.0735567301805799,1.0,1.0522736361382172,0.1967712468783126
rotoreff30,Geo+MLP-D2,239,0.048431567163906,0.057119612316184,1.0,1.4173684675328446,0.2356936312237734
rotoreff30,Geo+CeNN-D2,200,0.0264746933728794,0.0409414768213715,1.0,1.3305313598376436,0.6364054646450923
rotoreff30,Geo+CeNN-D2,201,0.0215400464918208,0.0250877050835565,1.0,1.3941931876228597,0.6082376489254162
rotoreff30,Geo+CeNN-D2,202,0.0487466869488118,0.0682690603679955,1.0,1.8587724262559555,0.6539854488797897
rotoreff30,Geo+CeNN-D2,203,0.0531669058703622,0.0739212407324657,1.0,1.7183042830599793,0.6054287505267699
rotoreff30,Geo+CeNN-D2,204,0.0490368666715966,0.0708202876830576,1.0,1.782657945750625,0.663845276319091
rotoreff30,Geo+CeNN-D2,205,0.0537078309649372,0.0780611341174732,1.0,1.978612126491804,0.6933637116841883
rotoreff30,Geo+CeNN-D2,206,0.0482930833047164,0.0622660610879374,1.0,1.6481610282706125,0.6398256590818068
rotoreff30,Geo+CeNN-D2,207,0.0814673982753304,0.1146073421617344,1.0,2.159050903482387,0.6191352963058471
rotoreff30,Geo+CeNN-D2,208,0.0974337266867742,0.1441816618625922,1.0,2.4396226651362025,0.5936857228502316
rotoreff30,Geo+CeNN-D2,209,0.052330458067248,0.0741409532196861,1.0,1.6629609034221915,0.5956333107182654
rotoreff30,Geo+CeNN-D2,210,0.0342558256507341,0.0483545139260618,1.0,1.6385036718889905,0.6419166359053982
rotoreff30,Geo+CeNN-D2,211,0.0712342125099668,0.0938302381243693,1.0,1.884453677992968,0.5886545095037673
rotoreff30,Geo+CeNN-D2,212,0.0962789364749495,0.1355473329193967,1.0,2.44759709396085,0.6746864132233212
rotoreff30,Geo+CeNN-D2,213,0.1316241032879943,0.1926150625878109,1.0,3.105787734117033,0.6872308692646656
rotoreff30,Geo+CeNN-D2,214,0.0537738978718982,0.0828161250319196,1.0,1.7101621383411698,0.5278515583761888
rotoreff30,Geo+CeNN-D2,215,0.0526672709369372,0.0861045577226182,1.0,1.801815366899852,0.6093998288930117
rotoreff30,Geo+CeNN-D2,216,0.0273876025940561,0.0340908489103933,1.0,1.5601372149377564,0.6754628776339032
rotoreff30,Geo+CeNN-D2,217,0.0251818479635589,0.0368707818743518,1.0,1.5092855015052973,0.6445868462539242
rotoreff30,Geo+CeNN-D2,218,0.0665541595904642,0.0930037930950637,1.0,1.9246093738954384,0.5779210462400542
rotoreff30,Geo+CeNN-D2,219,0.0536623109349942,0.0666006888873271,1.0,1.5898254552774336,0.561817471075854
rotoreff30,Geo+CeNN-D2,220,0.0423094303566382,0.0563559964575,1.0,1.5980226916220444,0.5837673462199008
rotoreff30,Geo+CeNN-D2,221,0.0274677563356235,0.0340377763850498,1.0,1.5527951877399528,0.7212016914203344
rotoreff30,Geo+CeNN-D2,222,0.0653646750804854,0.1001719871277723,1.0,1.9762979941461505,0.6245874455183882
rotoreff30,Geo+CeNN-D2,223,0.0436906935705227,0.0559497200670683,1.0,1.776438307127194,0.6801467223861956
rotoreff30,Geo+CeNN-D2,224,0.0465420163866614,0.0672743862063096,1.0,1.9539281453273392,0.734922077010187
rotoreff30,Geo+CeNN-D2,225,0.1161938201232776,0.1722860848233042,1.0,2.735304490524769,0.6363520976150334
rotoreff30,Geo+CeNN-D2,226,0.0654315768269838,0.0961892536952884,1.0,1.8031057868217133,0.537948078804734
rotoreff30,Geo+CeNN-D2,227,0.0614645460197588,0.0829569157417067,1.0,1.822972074631842,0.5589488010738515
rotoreff30,Geo+CeNN-D2,228,0.0359369191487868,0.0516702117549906,1.0,1.5218536729252865,0.5814860973251696
rotoreff30,Geo+CeNN-D2,229,0.0271374317777699,0.0353260079587715,1.0,1.4178638310081029,0.5615143362614721
rotoreff30,Geo+CeNN-D2,230,0.0965110509725321,0.1675592191641929,1.0,2.397246820893226,0.6306414464007812
rotoreff30,Geo+CeNN-D2,231,0.029826228059379,0.0428664687270434,1.0,1.4421139910529337,0.6721339536243938
rotoreff30,Geo+CeNN-D2,232,0.03253320589374,0.04293800850927,1.0,1.4723314851943938,0.6260125926311934
rotoreff30,Geo+CeNN-D2,233,0.054648734044822,0.0711100579895215,1.0,1.6728589388666824,0.5552414404045469
rotoreff30,Geo+CeNN-D2,234,0.1167299348306176,0.1723586138646705,1.0,2.72298413630609,0.5810204462595357
rotoreff30,Geo+CeNN-D2,235,0.0400200213039765,0.0472913303095375,1.0,1.4880165750393066,0.5650277372450596
rotoreff30,Geo+CeNN-D2,236,0.1202032549751619,0.1787825469415906,1.0,2.853503280279849,0.6342054125058543
rotoreff30,Geo+CeNN-D2,237,0.0527392593753191,0.0660861183808633,1.0,1.7348292694340404,0.6228125990788753
rotoreff30,Geo+CeNN-D2,238,0.0238533540143069,0.0370636280414843,1.0,1.3892548878572129,0.6104863211948144
rotoreff30,Geo+CeNN-D2,239,0.0461880850410966,0.0605207802311426,1.0,1.630779632324849,0.5185031464983231
rotoreff30,Geo+AE-CeNN,200,0.0265281088162611,0.040941363553905,1.0,0.8915552899700899,0.0404927313103306
rotoreff30,Geo+AE-CeNN,201,0.0250643932621988,0.0284319949601763,1.0,1.0059862938878517,0.0393549746344992
rotoreff30,Geo+AE-CeNN,202,0.0545183928051518,0.0731491482189966,1.0,1.4110691682776293,0.039565745048552
rotoreff30,Geo+AE-CeNN,203,0.0557382885489661,0.0791509775447846,1.0,1.345200915615109,0.0386313831498249
rotoreff30,Geo+AE-CeNN,204,0.0526537222077616,0.0745488707280611,1.0,1.322191407141916,0.0404746839392078
rotoreff30,Geo+AE-CeNN,205,0.0581394467354406,0.0827666103278513,1.0,1.4584760520615512,0.0398019452639054
rotoreff30,Geo+AE-CeNN,206,0.0481003419630416,0.0617792469832058,1.0,1.233399037194438,0.0366441716758738
rotoreff30,Geo+AE-CeNN,207,0.0885228990400095,0.1250309497694589,1.0,1.787051254546729,0.038255131609141
rotoreff30,Geo+AE-CeNN,208,0.1093521739123506,0.1625966769710473,1.0,2.1114380541738518,0.0364987422922738
rotoreff30,Geo+AE-CeNN,209,0.0579500773662787,0.0806621898057239,1.0,1.304428024179922,0.0419316907284406
rotoreff30,Geo+AE-CeNN,210,0.0416837454510472,0.058206972582717,1.0,1.213778991141311,0.036878958417405
rotoreff30,Geo+AE-CeNN,211,0.0725153187169092,0.0938802085233511,1.0,1.531942084646693,0.0340468889035004
rotoreff30,Geo+AE-CeNN,212,0.1008659892793966,0.1415589307747923,1.0,2.004585934765009,0.0382351031715162
rotoreff30,Geo+AE-CeNN,213,0.1429058388656274,0.2075058445214033,1.0,2.672078942724625,0.0426471829607369
rotoreff30,Geo+AE-CeNN,214,0.0577350615534315,0.0878152949180253,1.0,1.4400360451279322,0.0391729409924006
rotoreff30,Geo+AE-CeNN,215,0.0570844642819063,0.0922461292751182,1.0,1.4147349742401762,0.0399895070434287
rotoreff30,Geo+AE-CeNN,216,0.0304975262444259,0.036274714636751,1.0,1.0942837676011097,0.039753100589274
rotoreff30,Geo+AE-CeNN,217,0.0267008230225778,0.0368705474215943,1.0,1.0713174474482765,0.0388187296277886
rotoreff30,Geo+AE-CeNN,218,0.0728772101184677,0.0997385368131722,1.0,1.580214348393396,0.0413410645557242
rotoreff30,Geo+AE-CeNN,219,0.0582794594556707,0.0699082074379325,1.0,1.27216417455366,0.0417853738015275
rotoreff30,Geo+AE-CeNN,220,0.052835984107825,0.0711766256799391,1.0,1.2449979880131958,0.0388275249463912
rotoreff30,Geo+AE-CeNN,221,0.0274958728698588,0.0340745913754864,1.0,0.9972560690605626,0.0378351678253204
rotoreff30,Geo+AE-CeNN,222,0.0702866417053489,0.1076532511074606,1.0,1.5824489434878728,0.0393626207200299
rotoreff30,Geo+AE-CeNN,223,0.0467345022054161,0.0602826225365868,1.0,1.2957534975232947,0.0383586634795235
rotoreff30,Geo+AE-CeNN,224,0.0488112921985888,0.0709810618891876,1.0,1.4035705506842668,0.0375198874543
rotoreff30,Geo+AE-CeNN,225,0.128627954440113,0.1920244648321056,1.0,2.3454024362782797,0.0383484824233023
rotoreff30,Geo+AE-CeNN,226,0.0700176225089922,0.1021129401459985,1.0,1.5319698474688253,0.0411981430059171
rotoreff30,Geo+AE-CeNN,227,0.063515764433986,0.0843883270602418,1.0,1.5040410684663708,0.0355905955425108
rotoreff30,Geo+AE-CeNN,228,0.0367205422287525,0.055155793076839,1.0,1.1626530868728828,0.0378957696389415
rotoreff30,Geo+AE-CeNN,229,0.0307301624607781,0.0409468509019981,1.0,1.0878360133482703,0.0387306286615267
rotoreff30,Geo+AE-CeNN,230,0.1057425566230167,0.1797872579680886,1.0,2.0531582610609123,0.0434970951288004
rotoreff30,Geo+AE-CeNN,231,0.0294481616605857,0.04286658255478,1.0,0.9675088231624388,0.0376743799481881
rotoreff30,Geo+AE-CeNN,232,0.0403544926838597,0.0532980352557137,1.0,1.062540035892075,0.0410604494083367
rotoreff30,Geo+AE-CeNN,233,0.0581595233736318,0.0760671882050271,1.0,1.373703200592434,0.0399520062192332
rotoreff30,Geo+AE-CeNN,234,0.1272761942826229,0.1860359384764155,1.0,2.421893467601981,0.0374106676178507
rotoreff30,Geo+AE-CeNN,235,0.0399287308875604,0.045731902119041,1.0,1.157177721365573,0.0360652139343688
rotoreff30,Geo+AE-CeNN,236,0.1279419718940948,0.1901706484139374,1.0,2.490976879704167,0.041042944032171
rotoreff30,Geo+AE-CeNN,237,0.0536399336220701,0.0634186044973867,1.0,1.324226770052022,0.0350935771150862
rotoreff30,Geo+AE-CeNN,238,0.0231656322952265,0.0379919560576068,1.0,0.9998430559341396,0.0370839460570853
rotoreff30,Geo+AE-CeNN,239,0.0516017342625589,0.0671007181525811,1.0,1.3676440248850406,0.0386970904218162
rotoreff30,Geo+D1-3AE-CeNN,200,0.0271398613004086,0.0409414768926717,1.0,0.8932565795148659,0.036836208423
rotoreff30,Geo+D1-3AE-CeNN,201,0.0244921654299355,0.0277001910869742,1.0,1.006903669650542,0.0368369829314695
rotoreff30,Geo+D1-3AE-CeNN,202,0.0542318080157252,0.0726154791593478,1.0,1.4130497679959757,0.0368370885964943
rotoreff30,Geo+D1-3AE-CeNN,203,0.0564847811437898,0.0800908578050789,1.0,1.3463833496354505,0.0368368805998166
rotoreff30,Geo+D1-3AE-CeNN,204,0.0530971203662491,0.0750167095971252,1.0,1.3240903503634474,0.0368362368915553
rotoreff30,Geo+D1-3AE-CeNN,205,0.0578332203768843,0.0822906784826759,1.0,1.460507121055436,0.0368359836035217
rotoreff30,Geo+D1-3AE-CeNN,206,0.0489024132388301,0.0626622991185954,1.0,1.2339505030196694,0.0368370287365898
rotoreff30,Geo+D1-3AE-CeNN,207,0.0872093575229285,0.1229631740473109,1.0,1.788031613856952,0.0368368632461533
rotoreff30,Geo+D1-3AE-CeNN,208,0.1078908998274569,0.1602655871991151,1.0,2.1131317407913794,0.0368380693535148
rotoreff30,Geo+D1-3AE-CeNN,209,0.0582714805244462,0.0808949248234719,1.0,1.3056844393108216,0.0368365219381881
rotoreff30,Geo+D1-3AE-CeNN,210,0.0404741049914998,0.0565404191526176,1.0,1.215451082204532,0.0368374832191028
rotoreff30,Geo+D1-3AE-CeNN,211,0.0719106325367566,0.0926226080234427,1.0,1.5318167934374596,0.0368373781802068
rotoreff30,Geo+D1-3AE-CeNN,212,0.0996123103213533,0.1395716721607463,1.0,2.006838529608928,0.036837346042267
rotoreff30,Geo+D1-3AE-CeNN,213,0.1411459651538005,0.2046640995923189,1.0,2.674908461028339,0.0368373203730888
rotoreff30,Geo+D1-3AE-CeNN,214,0.0581963258064074,0.0884809607153545,1.0,1.442595832425415,0.0368373358053618
rotoreff30,Geo+D1-3AE-CeNN,215,0.0576124492243308,0.0928644863782431,1.0,1.4173484956016795,0.036837589355857
rotoreff30,Geo+D1-3AE-CeNN,216,0.030310716903574,0.0360460385394738,1.0,1.0963379310450116,0.0368374326545527
rotoreff30,Geo+D1-3AE-CeNN,217,0.0272835734848018,0.0368706526388532,1.0,1.0729455177739686,0.0368369688284396
rotoreff30,Geo+D1-3AE-CeNN,218,0.0718415571297511,0.0981642997674813,1.0,1.5829824516766022,0.0368367632811473
rotoreff30,Geo+D1-3AE-CeNN,219,0.0585194985302876,0.0703485511443432,1.0,1.2735048691839912,0.0368375905146223
rotoreff30,Geo+D1-3AE-CeNN,220,0.0514524410917147,0.0690522251685569,1.0,1.24549722880082,0.0368366574483095
rotoreff30,Geo+D1-3AE-CeNN,221,0.0278146548496505,0.0340827961872542,1.0,0.9974685022556716,0.0368373012106375
rotoreff30,Geo+D1-3AE-CeNN,222,0.0705878196622232,0.1077582679214482,1.0,1.5854549133347635,0.0368362827497606
rotoreff30,Geo+D1-3AE-CeNN,223,0.0464839911855671,0.0597805586522347,1.0,1.2972793680890682,0.0368366782720639
rotoreff30,Geo+D1-3AE-CeNN,224,0.0486639794445274,0.0705860056189794,1.0,1.4055793805037704,0.0368373918463381
rotoreff30,Geo+D1-3AE-CeNN,225,0.1270274231359394,0.1894235804005633,1.0,2.347159990008749,0.0368380323390171
rotoreff30,Geo+D1-3AE-CeNN,226,0.0701696781375558,0.1019832806591362,1.0,1.5341306543689253,0.0368368585622021
rotoreff30,Geo+D1-3AE-CeNN,227,0.062794486604803,0.0833303749903272,1.0,1.5051443642285742,0.0368359771661669
rotoreff30,Geo+D1-3AE-CeNN,228,0.0377891137580333,0.0565425806512225,1.0,1.1642950975806954,0.0368363620868521
rotoreff30,Geo+D1-3AE-CeNN,229,0.0298142468838854,0.0397960545313607,1.0,1.0894109254349464,0.0368374947699189
rotoreff30,Geo+D1-3AE-CeNN,230,0.1055652372292195,0.1793931288541213,1.0,2.057540752804043,0.0368372328281415
rotoreff30,Geo+D1-3AE-CeNN,231,0.0305534427928145,0.0428666599363925,1.0,0.9687773898294404,0.0368372878729578
rotoreff30,Geo+D1-3AE-CeNN,232,0.0390904339551629,0.0513879923171095,1.0,1.0627624342019368,0.0368366198137138
rotoreff30,Geo+D1-3AE-CeNN,233,0.0585239934033357,0.0766129789498521,1.0,1.3748010387600085,0.036837812735614
rotoreff30,Geo+D1-3AE-CeNN,234,0.1257943358080152,0.1837184528664003,1.0,2.424631031695655,0.0368380572124903
rotoreff30,Geo+D1-3AE-CeNN,235,0.0396714273501187,0.0454425603358612,1.0,1.1582670221268767,0.0368374134633765
rotoreff30,Geo+D1-3AE-CeNN,236,0.1266460179362444,0.1878178436463996,1.0,2.49484062370334,0.0368382116510202
rotoreff30,Geo+D1-3AE-CeNN,237,0.0537674468752404,0.0635719025552583,1.0,1.3266694019266163,0.0368370613622705
rotoreff30,Geo+D1-3AE-CeNN,238,0.0244753086889567,0.0396976766309437,1.0,1.001101015129917,0.0368374477588304
rotoreff30,Geo+D1-3AE-CeNN,239,0.0513032442559489,0.0663028540198195,1.0,1.3694295436529424,0.0368361044887929
rotoreff30,Geo+D2-HistAE-CeNN,200,0.0269029557379637,0.0409402732721437,1.0,0.9189900508888896,0.1654812568316332
rotoreff30,Geo+D2-HistAE-CeNN,201,0.0241521098848542,0.0290444273835587,1.0,1.0244349637784012,0.1646304177507465
rotoreff30,Geo+D2-HistAE-CeNN,202,0.0484565001446516,0.0715457724017084,1.0,1.423600611527412,0.1675643315412574
rotoreff30,Geo+D2-HistAE-CeNN,203,0.0523709398257254,0.0732410145453618,1.0,1.3468950765532972,0.180577304724293
rotoreff30,Geo+D2-HistAE-CeNN,204,0.049314611471692,0.071741226827918,1.0,1.338354642220555,0.171618689300798
rotoreff30,Geo+D2-HistAE-CeNN,205,0.0543626834180853,0.0814802591818086,1.0,1.464604889363644,0.1504634937328278
rotoreff30,Geo+D2-HistAE-CeNN,206,0.0497078448391817,0.0647080225840779,1.0,1.2301099269776432,0.1596193004906724
rotoreff30,Geo+D2-HistAE-CeNN,207,0.0736157514536392,0.1021805794602281,1.0,1.7779395833975205,0.1826291356379885
rotoreff30,Geo+D2-HistAE-CeNN,208,0.0849812816882804,0.1254235713565762,1.0,2.0818291709564583,0.2214072484637846
rotoreff30,Geo+D2-HistAE-CeNN,209,0.0487552076047302,0.0690049052655802,1.0,1.3006479712661034,0.1514441778115049
rotoreff30,Geo+D2-HistAE-CeNN,210,0.028845036052961,0.0403665624448001,1.0,1.2230117751718876,0.1728291786801087
rotoreff30,Geo+D2-HistAE-CeNN,211,0.07184456354416,0.0927597843750423,1.0,1.5269073607572683,0.1694121021460662
rotoreff30,Geo+D2-HistAE-CeNN,212,0.091576443987853,0.1267249441494595,1.0,2.0101000545574186,0.1953019647206691
rotoreff30,Geo+D2-HistAE-CeNN,213,0.1133482000510469,0.1649036181166868,1.0,2.611368201021135,0.206520337245159
rotoreff30,Geo+D2-HistAE-CeNN,214,0.0514784977060666,0.0820433679206659,1.0,1.4365788346277202,0.164022744727925
rotoreff30,Geo+D2-HistAE-CeNN,215,0.0516686387297929,0.0843507667418114,1.0,1.4104957539396323,0.1504381759678872
rotoreff30,Geo+D2-HistAE-CeNN,216,0.0247298813979857,0.0386416763026891,1.0,1.1147615355366922,0.1743442422830655
rotoreff30,Geo+D2-HistAE-CeNN,217,0.0277494213401645,0.0397091461361753,1.0,1.078655331031388,0.1566766817669092
rotoreff30,Geo+D2-HistAE-CeNN,218,0.0627325768235033,0.0880099611302917,1.0,1.5955041133299843,0.1726108261843754
rotoreff30,Geo+D2-HistAE-CeNN,219,0.0514237264661733,0.0678302973109454,1.0,1.2764269625469036,0.1700264973852106
rotoreff30,Geo+D2-HistAE-CeNN,220,0.0361331436390795,0.0467395602701972,1.0,1.2486901112953874,0.1810307411643937
rotoreff30,Geo+D2-HistAE-CeNN,221,0.0294406141307161,0.034036030154188,1.0,1.009901957574869,0.1549732976228653
rotoreff30,Geo+D2-HistAE-CeNN,222,0.063210345953713,0.0970085892940686,1.0,1.5718003124269526,0.1652055822524915
rotoreff30,Geo+D2-HistAE-CeNN,223,0.0453238138622983,0.0583760856293267,1.0,1.307260055572393,0.1636008992464716
rotoreff30,Geo+D2-HistAE-CeNN,224,0.0454257145486307,0.0668864344257438,1.0,1.403599206642642,0.1701083782669969
rotoreff30,Geo+D2-HistAE-CeNN,225,0.1027983864058794,0.151119189848507,1.0,2.324993260723316,0.2205884740328776
rotoreff30,Geo+D2-HistAE-CeNN,226,0.0652120974069514,0.0963373222178451,1.0,1.5269984064337805,0.1425862562832595
rotoreff30,Geo+D2-HistAE-CeNN,227,0.0610913445283481,0.0846879028862272,1.0,1.5037420619700763,0.1687833862139621
rotoreff30,Geo+D2-HistAE-CeNN,228,0.0390057901336903,0.0571271716813918,1.0,1.1726952488990938,0.1716371627554989
rotoreff30,Geo+D2-HistAE-CeNN,229,0.0246381103888586,0.0314658613750281,1.0,1.107328052789935,0.1738643802749121
rotoreff30,Geo+D2-HistAE-CeNN,230,0.088643465721859,0.1519057978430511,1.0,2.052250728347548,0.1894598351609498
rotoreff30,Geo+D2-HistAE-CeNN,231,0.0326343317394838,0.0428663134192425,1.0,0.9839186665624772,0.154801605494015
rotoreff30,Geo+D2-HistAE-CeNN,232,0.0248695329549661,0.0329382532703883,1.0,1.0705931974580412,0.1733976791008864
rotoreff30,Geo+D2-HistAE-CeNN,233,0.0548572241465616,0.070769882884996,1.0,1.374262035597159,0.1725650481026805
rotoreff30,Geo+D2-HistAE-CeNN,234,0.1031524505365831,0.1503621705432967,1.0,2.38695721184559,0.2163441998131728
rotoreff30,Geo+D2-HistAE-CeNN,235,0.0418590587182367,0.0512100567818392,1.0,1.170698947855665,0.1807264901951041
rotoreff30,Geo+D2-HistAE-CeNN,236,0.1094887108241574,0.1610107229199603,1.0,2.4485997981181624,0.1996616722133086
rotoreff30,Geo+D2-HistAE-CeNN,237,0.0553544415989018,0.0718493484553988,1.0,1.3405471731048832,0.162589263184696
rotoreff30,Geo+D2-HistAE-CeNN,238,0.025710051368527,0.0369342815670197,1.0,1.0125555250008251,0.1564377144492398
rotoreff30,Geo+D2-HistAE-CeNN,239,0.0487343289290348,0.0662917182828619,1.0,1.3878870891084834,0.1880340126100051
rotoreff30,Geo+D3-3HistAE-CeNN,200,0.0465637662078743,0.0649888012055023,1.0,0.917459534152884,0.1665327192506479
rotoreff30,Geo+D3-3HistAE-CeNN,201,0.0437371397062137,0.0530193604130567,1.0,1.0348102241662809,0.1634957736410607
rotoreff30,Geo+D3-3HistAE-CeNN,202,0.0762815568479141,0.0999489049204867,1.0,1.4413809618686984,0.1530997320805335
rotoreff30,Geo+D3-3HistAE-CeNN,203,0.0837209451342888,0.1155948323260645,1.0,1.382363735266997,0.1768022795059229
rotoreff30,Geo+D3-3HistAE-CeNN,204,0.0761622242261447,0.108180071065651,1.0,1.3565822064644208,0.1638632698815733
rotoreff30,Geo+D3-3HistAE-CeNN,205,0.0791504258585915,0.1085404989635713,1.0,1.5109058296455673,0.1479097841582447
rotoreff30,Geo+D3-3HistAE-CeNN,206,0.070682696865524,0.0913586612064615,1.0,1.2728170467745608,0.1539487092438197
rotoreff30,Geo+D3-3HistAE-CeNN,207,0.1025738073152626,0.1411838922320378,1.0,1.8260874946485133,0.1363314311132409
rotoreff30,Geo+D3-3HistAE-CeNN,208,0.1191757991464903,0.1738242008209929,1.0,2.1513681279219,0.1140392426466786
rotoreff30,Geo+D3-3HistAE-CeNN,209,0.0843911735467274,0.1152752073896992,1.0,1.3387372821547388,0.1759324843434765
rotoreff30,Geo+D3-3HistAE-CeNN,210,0.0561658355268704,0.0761713236359162,1.0,1.2549229168211526,0.1493366415308955
rotoreff30,Geo+D3-3HistAE-CeNN,211,0.0889482069654665,0.1130969197669139,1.0,1.5686091438543384,0.1415629207128829
rotoreff30,Geo+D3-3HistAE-CeNN,212,0.1141785107033282,0.1547078055105381,1.0,2.0603722853051227,0.1393900633092605
rotoreff30,Geo+D3-3HistAE-CeNN,213,0.1571334698169841,0.2243298881451371,1.0,2.7266568379543004,0.1333906162922176
rotoreff30,Geo+D3-3HistAE-CeNN,214,0.0861248740501344,0.1243794095808398,1.0,1.479765892898092,0.1744761174291037
rotoreff30,Geo+D3-3HistAE-CeNN,215,0.0844526518683194,0.1274962289728359,1.0,1.455264359721097,0.1779396193877169
rotoreff30,Geo+D3-3HistAE-CeNN,216,0.0538290679614283,0.067572904340688,1.0,1.137606748505514,0.1607859068618432
rotoreff30,Geo+D3-3HistAE-CeNN,217,0.0471766233191004,0.0606630904601314,1.0,1.0934253740624085,0.150936165619765
rotoreff30,Geo+D3-3HistAE-CeNN,218,0.0886845552986524,0.1184495847404192,1.0,1.609654047501401,0.1493743452001398
rotoreff30,Geo+D3-3HistAE-CeNN,219,0.0842165550487691,0.1038812092730496,1.0,1.305093994677312,0.1725599679417309
rotoreff30,Geo+D3-3HistAE-CeNN,220,0.0680220633535483,0.0897367610228263,1.0,1.2855781493557554,0.1428518630531507
rotoreff30,Geo+D3-3HistAE-CeNN,221,0.0485514292131343,0.0576420687401684,1.0,1.024948068737405,0.1668051127252331
rotoreff30,Geo+D3-3HistAE-CeNN,222,0.0954077882920297,0.1411667945485912,1.0,1.623708848265198,0.1686143417790824
rotoreff30,Geo+D3-3HistAE-CeNN,223,0.0709770871070724,0.0914359053931948,1.0,1.3362042131349978,0.1669452569790393
rotoreff30,Geo+D3-3HistAE-CeNN,224,0.0666822574286751,0.0940169876084603,1.0,1.4343296300549304,0.1363885465490349
rotoreff30,Geo+D3-3HistAE-CeNN,225,0.1341656354422459,0.1955512395895952,1.0,2.386212225382208,0.1322210629578662
rotoreff30,Geo+D3-3HistAE-CeNN,226,0.0860982186904292,0.1160464220699447,1.0,1.5706677131182842,0.1410705113488304
rotoreff30,Geo+D3-3HistAE-CeNN,227,0.0824300261669285,0.1076082735300647,1.0,1.5524731535940075,0.1477388950618932
rotoreff30,Geo+D3-3HistAE-CeNN,228,0.0591235395181492,0.0822025544375852,1.0,1.195519865319095,0.1490749625255337
rotoreff30,Geo+D3-3HistAE-CeNN,229,0.0484951137214931,0.0652037132597456,1.0,1.12277663558562,0.1640310621951352
rotoreff30,Geo+D3-3HistAE-CeNN,230,0.1259228483924612,0.2062934085796555,1.0,2.090122847791632,0.1614887487109451
rotoreff30,Geo+D3-3HistAE-CeNN,231,0.0501282357886327,0.0649320642523717,1.0,0.9932622785256168,0.1704101960992327
rotoreff30,Geo+D3-3HistAE-CeNN,232,0.0556433723711333,0.0713718048555835,1.0,1.088732269021344,0.1553575760181652
rotoreff30,Geo+D3-3HistAE-CeNN,233,0.0864422864050301,0.1150106703307052,1.0,1.405628569393753,0.1809999655856148
rotoreff30,Geo+D3-3HistAE-CeNN,234,0.1383517471132179,0.1987818092240914,1.0,2.4811950144454404,0.1363817914335583
rotoreff30,Geo+D3-3HistAE-CeNN,235,0.0560535544567899,0.0677770008535037,1.0,1.1852586735067352,0.1688862487849516
rotoreff30,Geo+D3-3HistAE-CeNN,236,0.1427026373521368,0.2070009729276755,1.0,2.577216748356376,0.130974012196971
rotoreff30,Geo+D3-3HistAE-CeNN,237,0.0705456757265013,0.0897767662525684,1.0,1.3479904109358145,0.1562862252414635
rotoreff30,Geo+D3-3HistAE-CeNN,238,0.0465695916887596,0.0653002626461367,1.0,1.0284212517355482,0.1655558848347181
rotoreff30,Geo+D3-3HistAE-CeNN,239,0.0692242269729398,0.0884698994290563,1.0,1.3933438272324346,0.1366515443612174
compound,Geo,200,0.1167491032860405,0.2041605463790229,1.0,1.004468034137966,0.0
compound,Geo,201,0.125639226784044,0.1904081788624174,1.0,1.7576339558432987,0.0
compound,Geo,202,0.098491265414283,0.183130667375522,1.0,1.4259766271873322,0.0
compound,Geo,203,0.0931246766569806,0.2002748451799834,1.0,0.4025674837162128,0.0
compound,Geo,204,0.1539604209706853,0.2226880457971821,1.0,2.9988444206927305,0.0
compound,Geo,205,0.1333526912386607,0.1699148874262534,1.0,2.52029653635257,0.0
compound,Geo,206,0.0681012639917525,0.1141171434756935,1.0,0.7657855055281241,0.0
compound,Geo,207,0.0910971189390612,0.1311567685817733,1.0,1.673435151439604,0.0
compound,Geo,208,0.1108620825438052,0.1517909748607475,1.0,2.154184733542342,0.0
compound,Geo,209,0.1201461471743143,0.1992101608977638,1.0,1.404432437621104,0.0
compound,Geo,210,0.0877478022677387,0.1613545965239696,1.0,1.088846869306359,0.0
compound,Geo,211,0.1435704020416035,0.2402382782886227,1.0,2.837899328977725,0.0
compound,Geo,212,0.1151204546247699,0.2036078164215481,1.0,1.9263244344937855,0.0
compound,Geo,213,0.1194443278690696,0.1856082553483879,1.0,1.4917027882957146,0.0
compound,Geo,214,0.1853021397313485,0.2902014240571637,1.0,3.643682062422854,0.0
compound,Geo,215,0.1766099183977303,0.2578399186019533,1.0,3.0681462376364026,0.0
compound,Geo,216,0.1146208010045585,0.1797772962831409,1.0,2.280796320682873,0.0
compound,Geo,217,0.0898621390778719,0.1615936319900309,1.0,0.9899494198599792,0.0
compound,Geo,218,0.0819455840092644,0.1603602222707965,1.0,1.4812084424769794,0.0
compound,Geo,219,0.1262677130173803,0.1713873433275462,1.0,2.159861527089673,0.0
compound,Geo,220,0.1242046108681887,0.1854252883850614,1.0,2.0764313201942537,0.0
compound,Geo,221,0.0832122645974179,0.1742550858508279,1.0,0.958545701576456,0.0
compound,Geo,222,0.1606251533055374,0.2392675158477552,1.0,2.851691020786823,0.0
compound,Geo,223,0.1055015249745629,0.1335896952694598,1.0,2.211893988031458,0.0
compound,Geo,224,0.0767696301258203,0.1764563091536098,1.0,1.0589203365157045,0.0
compound,Geo,225,0.1242542849711642,0.2303289530717614,1.0,2.061769869707334,0.0
compound,Geo,226,0.096598498246495,0.1358457248510854,1.0,1.2651641906594628,0.0
compound,Geo,227,0.1701639633743888,0.303708909096691,1.0,3.44127207768151,0.0
compound,Geo,228,0.1363631255048966,0.2428295825509522,1.0,2.3185053679820844,0.0
compound,Geo,229,0.093805246051834,0.1443130712791334,1.0,1.7363305291816518,0.0
compound,Geo,230,0.0904545876301796,0.1579094171108372,1.0,1.6416926610350502,0.0
compound,Geo,231,0.0705991946028791,0.1482494807035933,1.0,0.8109464383233147,0.0
compound,Geo,232,0.1205881386971015,0.2325573596546115,1.0,2.030263719387603,0.0
compound,Geo,233,0.1369780203164854,0.2422867421112864,1.0,2.272875536977379,0.0
compound,Geo,234,0.1249860779360859,0.216065271254855,1.0,1.7345436946121793,0.0
compound,Geo,235,0.1195049841959918,0.1594852332446493,1.0,2.2130503590703072,0.0
compound,Geo,236,0.0862196869935395,0.1264050886656329,1.0,1.1114803071751882,0.0
compound,Geo,237,0.1408250423462836,0.2030505611044518,1.0,2.6559358686890686,0.0
compound,Geo,238,0.0743873085549291,0.1696080376991504,1.0,0.4768495465735225,0.0
compound,Geo,239,0.0947557239178215,0.1296846484880351,1.0,1.6390681402362135,0.0
compound,LQR-outer,200,0.0980858101953316,0.1739087202208446,1.0,1.017794961281774,0.0
compound,LQR-outer,201,0.1033684155522169,0.1555406158509955,1.0,1.7370938324501124,0.0
compound,LQR-outer,202,0.0854499716277409,0.1563111810263738,1.0,1.475881854689472,0.0
compound,LQR-outer,203,0.0796334985909277,0.1697622188620918,1.0,0.4022946924606343,0.0
compound,LQR-outer,204,0.1256707834723148,0.1784842089542833,1.0,2.968801856054467,0.0
compound,LQR-outer,205,0.1097733545477138,0.1319918253653994,1.0,2.519253017725346,0.0
compound,LQR-outer,206,0.0586932328587627,0.0986367038426599,1.0,0.7813086555700279,0.0
compound,LQR-outer,207,0.0762457479698152,0.1102862987853642,1.0,1.6614457906010458,0.0
compound,LQR-outer,208,0.0880456315424921,0.1205238176374251,1.0,2.1242739547982854,0.0
compound,LQR-outer,209,0.1032051203842552,0.1683237266337889,1.0,1.400772312175315,0.0
compound,LQR-outer,210,0.0753008707631673,0.1364706805627313,1.0,1.1171448667592958,0.0
compound,LQR-outer,211,0.1187189454769936,0.1939977596180055,1.0,2.8613609780500155,0.0
compound,LQR-outer,212,0.0948838091826578,0.1698640247823282,1.0,1.961172997328436,0.0
compound,LQR-outer,213,0.1039729762234837,0.1598245492813632,1.0,1.4572881869690253,0.0
compound,LQR-outer,214,0.1526914723771594,0.2323354819052115,1.0,3.6670967594231527,0.0
compound,LQR-outer,215,0.1421998561779663,0.2026247946629482,1.0,3.0559984137655105,0.0
compound,LQR-outer,216,0.0956568680771795,0.1484051506567638,1.0,2.3042329895262283,0.0
compound,LQR-outer,217,0.0787621330264208,0.1400033909352621,1.0,0.9978334282329228,0.0
compound,LQR-outer,218,0.0709955045691561,0.1339524390884317,1.0,1.519224947462322,0.0
compound,LQR-outer,219,0.10296473862397,0.1368291437364172,1.0,2.157091673062679,0.0
compound,LQR-outer,220,0.1006207212405019,0.1506695414481596,1.0,2.0562240390002526,0.0
compound,LQR-outer,221,0.0717574702659888,0.1493181356777055,1.0,1.017098065132712,0.0
compound,LQR-outer,222,0.1305171444840918,0.1933809672824898,1.0,2.86480513652456,0.0
compound,LQR-outer,223,0.0855733680029847,0.1095401188532056,1.0,2.2127802214906787,0.0
compound,LQR-outer,224,0.0675061045206435,0.1521785438394585,1.0,1.0782440299386862,0.0
compound,LQR-outer,225,0.1033790204013485,0.187336333152288,1.0,2.0905088631812387,0.0
compound,LQR-outer,226,0.0823174059233982,0.1141961002580912,1.0,1.2321923907185126,0.0
compound,LQR-outer,227,0.1390612046765227,0.2451781901685,1.0,3.476884141306872,0.0
compound,LQR-outer,228,0.11304058377791,0.1953548019022218,1.0,2.3398221477091754,0.0
compound,LQR-outer,229,0.0779051892256364,0.1185151611822421,1.0,1.6947549442649648,0.0
compound,LQR-outer,230,0.0782321099719101,0.136265568461683,1.0,1.7019562844940102,0.0
compound,LQR-outer,231,0.060965221783002,0.127936161899865,1.0,0.8218380703069983,0.0
compound,LQR-outer,232,0.1014236271403372,0.1903664618461354,1.0,2.060733074046176,0.0
compound,LQR-outer,233,0.1148914679048767,0.1977058715747925,1.0,2.292092396573765,0.0
compound,LQR-outer,234,0.1066391721588792,0.1854953434927091,1.0,1.7547450164465932,0.0
compound,LQR-outer,235,0.0966805212092881,0.1253013834488603,1.0,2.1841870704304016,0.0
compound,LQR-outer,236,0.071729684018445,0.1059910548865023,1.0,1.094631319447227,0.0
compound,LQR-outer,237,0.1128290513337848,0.1639467785371302,1.0,2.6150328034006423,0.0
compound,LQR-outer,238,0.0635329414611006,0.147291868440109,1.0,0.5006895146001641,0.0
compound,LQR-outer,239,0.0797171794291403,0.1086202820601469,1.0,1.6358483929476684,0.0
compound,LMPC-H40,200,0.1908617578163353,0.3370274510291191,1.0,0.9355834608874878,0.0
compound,LMPC-H40,201,0.2021607121960083,0.3541863572252439,1.0,1.7086823863418312,0.0
compound,LMPC-H40,202,0.1563796058008879,0.3021477637659346,1.0,1.2579337024218966,0.0
compound,LMPC-H40,203,0.1397055460235537,0.3060875464648951,1.0,0.4188254113591977,0.0
compound,LMPC-H40,204,0.2538364519402104,0.4217789101517979,1.0,2.8813556020852094,0.0
compound,LMPC-H40,205,0.2199864194725908,0.3215595981692245,1.0,2.311041531913649,0.0
compound,LMPC-H40,206,0.1074125038143515,0.1793750605909488,1.0,0.7347456468049559,0.0
compound,LMPC-H40,207,0.1574997313170157,0.2207348949122279,1.0,1.6046053009112873,0.0
compound,LMPC-H40,208,0.1945464889614009,0.266109702589372,1.0,2.125485491984697,0.0
compound,LMPC-H40,209,0.1970529174308181,0.3516906798871318,1.0,1.364805882058326,0.0
compound,LMPC-H40,210,0.1298569452928739,0.2495905055157453,1.0,0.9403832854148512,0.0
compound,LMPC-H40,211,0.2333335125286723,0.4243229708703667,1.0,2.693355886347916,0.0
compound,LMPC-H40,212,0.1856283009683339,0.3511541692843831,1.0,1.698901368318574,0.0
compound,LMPC-H40,213,0.1906375680089368,0.3039492356240584,1.0,1.4993529626365043,0.0
compound,LMPC-H40,214,0.2999982428861319,0.531079974824013,1.0,3.3233434409343507,0.0
compound,LMPC-H40,215,0.2922276987413478,0.4893859994104746,1.0,2.8758631502853955,0.0
compound,LMPC-H40,216,0.190117946652876,0.3074359148617268,1.0,2.14324345192556,0.0
compound,LMPC-H40,217,0.1408614656332348,0.2699304947640257,1.0,0.9392194901120856,0.0
compound,LMPC-H40,218,0.1239701350493849,0.2318758963036039,1.0,1.3177135176130164,0.0
compound,LMPC-H40,219,0.2174579341718936,0.3067155569473669,1.0,2.022856117298236,0.0
compound,LMPC-H40,220,0.2097286115908912,0.3052352730420719,1.0,1.942687958302056,0.0
compound,LMPC-H40,221,0.11758918248147,0.2386821756139751,1.0,0.748255408464334,0.0
compound,LMPC-H40,222,0.2701056577600351,0.4519884430399176,1.0,2.6647076648505656,0.0
compound,LMPC-H40,223,0.1782493682379878,0.2439256279945866,1.0,2.110879821598441,0.0
compound,LMPC-H40,224,0.1044228677857341,0.2552901636324791,1.0,0.9319210446365532,0.0
compound,LMPC-H40,225,0.1932364931248937,0.3837760531882581,1.0,1.9030857088973152,0.0
compound,LMPC-H40,226,0.1656970639467205,0.2240159639279299,1.0,1.2736202188879016,0.0
compound,LMPC-H40,227,0.269077511645127,0.524092275918833,1.0,3.168721498713762,0.0
compound,LMPC-H40,228,0.2059273896237014,0.414050158388172,1.0,2.0952906794156325,0.0
compound,LMPC-H40,229,0.15304030691335,0.2250047672802859,1.0,1.697932171408901,0.0
compound,LMPC-H40,230,0.1425862183585802,0.2371608444355298,1.0,1.391595557215269,0.0
compound,LMPC-H40,231,0.1099603443119756,0.2386517174443806,1.0,0.7698067647642,0.0
compound,LMPC-H40,232,0.1822661898893623,0.367404245332227,1.0,1.8517662150439405,0.0
compound,LMPC-H40,233,0.21506520364175,0.3982082780879297,1.0,2.055710037332289,0.0
compound,LMPC-H40,234,0.2010529221622898,0.3753458881108172,1.0,1.5753754159539992,0.0
compound,LMPC-H40,235,0.2002235025734256,0.2818404279239515,1.0,2.1570658806127585,0.0
compound,LMPC-H40,236,0.1423659700047527,0.1998070497619917,1.0,1.061752966041829,0.0
compound,LMPC-H40,237,0.238712049529922,0.3328852683186596,1.0,2.5527373189339837,0.0
compound,LMPC-H40,238,0.1140253935096328,0.2447076805089689,1.0,0.448672584758046,0.0
compound,LMPC-H40,239,0.1618857780858511,0.2178181001968524,1.0,1.5181284873859395,0.0
compound,Geo+MLP-D2,200,0.0908384144804881,0.1582319876961274,1.0,1.0470294831999558,0.280767179888664
compound,Geo+MLP-D2,201,0.0908976842834407,0.1267023066252861,1.0,1.772900483214206,0.3851980678550873
compound,Geo+MLP-D2,202,0.0617654094431491,0.1370251688650802,1.0,1.5191289507461807,0.3407543286551177
compound,Geo+MLP-D2,203,0.0514154085364339,0.1239286379405875,1.0,0.4421936724371048,0.3664503134386849
compound,Geo+MLP-D2,204,0.1312750646125129,0.1836548380003643,1.0,3.100063316014395,0.3357044365428907
compound,Geo+MLP-D2,205,0.1092699768073848,0.1399342847537371,1.0,2.636717117932797,0.2820646065022856
compound,Geo+MLP-D2,206,0.0789168681216106,0.1065041168973207,1.0,0.8446083497635468,0.2510688809235525
compound,Geo+MLP-D2,207,0.0920349544170567,0.1346530422236346,1.0,1.742380684389114,0.3018767415578633
compound,Geo+MLP-D2,208,0.0817648975706635,0.1127519488120073,1.0,2.193629062925995,0.2894566371240857
compound,Geo+MLP-D2,209,0.0930095889673055,0.1658469220685036,1.0,1.381816438931502,0.2955830807313214
compound,Geo+MLP-D2,210,0.0924876663449892,0.1833169716450132,1.0,1.221256891529583,0.2689892522111904
compound,Geo+MLP-D2,211,0.1294316121944544,0.1879833013047765,1.0,2.9441069416389807,0.3620884322769601
compound,Geo+MLP-D2,212,0.0978213091542036,0.1738755155877995,1.0,2.075906763706631,0.2613165104223869
compound,Geo+MLP-D2,213,0.1249704788676924,0.1925559563964996,1.0,1.5482439839147586,0.2235162977993018
compound,Geo+MLP-D2,214,0.1445696882199431,0.2228227717586013,1.0,3.771685386465251,0.3643937183067797
compound,Geo+MLP-D2,215,0.1381545121765227,0.1960726818295682,1.0,3.10551500792166,0.2946146930108053
compound,Geo+MLP-D2,216,0.0828416181204321,0.1228868395968097,1.0,2.3443038334056165,0.3176123533700909
compound,Geo+MLP-D2,217,0.0948804789676773,0.1628187435675811,1.0,1.0679685444489138,0.2322668163852596
compound,Geo+MLP-D2,218,0.0952845471655243,0.1575352108353741,1.0,1.5874322975649109,0.2975034881467199
compound,Geo+MLP-D2,219,0.0998724154642227,0.1299674450578466,1.0,2.2123420465845225,0.2816762629422607
compound,Geo+MLP-D2,220,0.1007828194612979,0.1533777743411483,1.0,2.1023499779529957,0.2630492374140119
compound,Geo+MLP-D2,221,0.0505488535371572,0.1180748238228057,1.0,1.1073150374058471,0.3717826380292034
compound,Geo+MLP-D2,222,0.1275687370378798,0.1875777209137743,1.0,2.932573717025867,0.2944011489480759
compound,Geo+MLP-D2,223,0.0746758155028993,0.0970322799616247,1.0,2.2343959288710766,0.3163396017861156
compound,Geo+MLP-D2,224,0.0845669570438641,0.1855369487118467,1.0,1.1411083073758217,0.2291664284235945
compound,Geo+MLP-D2,225,0.1233323577387539,0.2125671617895229,1.0,2.1198099884387385,0.3397223169829934
compound,Geo+MLP-D2,226,0.0703555368062065,0.1005050767472948,1.0,1.2269491543769937,0.2805514754359267
compound,Geo+MLP-D2,227,0.1504160859806725,0.2529769949555667,1.0,3.545279489448089,0.3768206565483066
compound,Geo+MLP-D2,228,0.1144970006687322,0.1935916033262948,1.0,2.4238211132098,0.381956980936286
compound,Geo+MLP-D2,229,0.0888658637027502,0.1281490062784427,1.0,1.7712056461447754,0.2657400688100007
compound,Geo+MLP-D2,230,0.0637696451525382,0.1245700821409183,1.0,1.7734252661317422,0.3199586612277529
compound,Geo+MLP-D2,231,0.0399374136093337,0.0997964278764224,1.0,0.8254050585623368,0.2947018688795184
compound,Geo+MLP-D2,232,0.1090075418113674,0.2218898994305141,1.0,2.163464520385926,0.3423761873067793
compound,Geo+MLP-D2,233,0.1053508600740257,0.2034803732522039,1.0,2.354339023739801,0.3787758597430976
compound,Geo+MLP-D2,234,0.1115629169446129,0.1996120365853091,1.0,1.858581609753189,0.2701682721364815
compound,Geo+MLP-D2,235,0.097035904088202,0.1208850399455335,1.0,2.2449226863485423,0.3230047598068961
compound,Geo+MLP-D2,236,0.0664166155805524,0.0919404090742315,1.0,1.0911916741053822,0.261775468283124
compound,Geo+MLP-D2,237,0.1082788464686352,0.1577516701096298,1.0,2.686665485012495,0.3297903462655172
compound,Geo+MLP-D2,238,0.0635137363848063,0.1255299419626927,1.0,0.5802188769448471,0.3302958598616048
compound,Geo+MLP-D2,239,0.0710917796311902,0.0941546056958371,1.0,1.6927714162866188,0.2782393697751301
compound,Geo+CeNN-D2,200,0.1081224146489958,0.197291984807515,1.0,1.8786862794353776,0.904277998117326
compound,Geo+CeNN-D2,201,0.117632159873299,0.1855605515503095,1.0,2.5598624474629545,0.8844280564534269
compound,Geo+CeNN-D2,202,0.0967106018243407,0.1768202684060838,1.0,2.358631284566384,0.9260847806808922
compound,Geo+CeNN-D2,203,0.0955584801959314,0.2070898529567405,1.0,1.1690546993664652,0.848772442441282
compound,Geo+CeNN-D2,204,0.1545158916173167,0.2260359777761813,1.0,3.7980626661094585,0.8781678952737022
compound,Geo+CeNN-D2,205,0.1288308078794458,0.1698720809336661,1.0,3.3251453769097785,0.9022075509041854
compound,Geo+CeNN-D2,206,0.0606995333598301,0.1054218300542732,1.0,1.6456304452478088,0.8886877696989026
compound,Geo+CeNN-D2,207,0.0877481757864975,0.1257130367297808,1.0,2.565380190203824,0.9140134143734384
compound,Geo+CeNN-D2,208,0.1043117142215123,0.1413812958243581,1.0,2.954476379826152,0.883587094305548
compound,Geo+CeNN-D2,209,0.1139815273442694,0.1897525954991867,1.0,2.250081850351291,0.8880294488879916
compound,Geo+CeNN-D2,210,0.0792079497697791,0.1421522006964959,1.0,1.8729944577988211,0.8849363522593838
compound,Geo+CeNN-D2,211,0.1427530133017034,0.2443546618789644,1.0,3.684977244380298,0.9251114199655668
compound,Geo+CeNN-D2,212,0.1045821607107959,0.1990005652948197,1.0,2.62669794409217,0.8297185298697186
compound,Geo+CeNN-D2,213,0.1138270671664257,0.1762514117367843,1.0,2.486810268285313,0.9705849096406668
compound,Geo+CeNN-D2,214,0.1805395987230799,0.2936731707345448,1.0,4.485609477081517,0.9342161933539396
compound,Geo+CeNN-D2,215,0.1624036027272777,0.2469175354458865,1.0,3.841146776428916,0.886316499584782
compound,Geo+CeNN-D2,216,0.1106938519487607,0.1794639906114306,1.0,3.040444112167492,0.8789734543189985
compound,Geo+CeNN-D2,217,0.0842031767286679,0.1539978976326441,1.0,1.885934477955744,0.9119167773619978
compound,Geo+CeNN-D2,218,0.0736544651520863,0.1431028087008192,1.0,2.2639591274965336,0.872131152297816
compound,Geo+CeNN-D2,219,0.1181192187929398,0.1581704267931362,1.0,2.8040132108194893,0.819675377567385
compound,Geo+CeNN-D2,220,0.1151039625654902,0.1728959681163629,1.0,2.893181313619145,0.8993501474202199
compound,Geo+CeNN-D2,221,0.0832038754567458,0.165524868986788,1.0,1.8484931278626635,0.91640762221676
compound,Geo+CeNN-D2,222,0.1527662233856639,0.2425159036932231,1.0,3.73010435971665,0.9241120237550638
compound,Geo+CeNN-D2,223,0.1013326308413579,0.129903474777434,1.0,3.076322255916979,0.9153827868507816
compound,Geo+CeNN-D2,224,0.0679886216474471,0.1556719564386921,1.0,1.8262052042894517,0.854708936398271
compound,Geo+CeNN-D2,225,0.1152194417402771,0.2138747081513495,1.0,2.8603573731437315,0.8978469583021973
compound,Geo+CeNN-D2,226,0.0904061058303101,0.1237901581919715,1.0,2.087593895939548,0.8920248398152352
compound,Geo+CeNN-D2,227,0.1653491865168749,0.299980868579494,1.0,4.184502028726814,0.9002291744759148
compound,Geo+CeNN-D2,228,0.1312893416212509,0.2338024110262101,1.0,3.123530587955308,0.8790718805882394
compound,Geo+CeNN-D2,229,0.0920374492335689,0.1439796042322229,1.0,2.587018061250571,0.8985403288500848
compound,Geo+CeNN-D2,230,0.0873433697208608,0.1426087299934517,1.0,2.405064058305028,0.8682739315536848
compound,Geo+CeNN-D2,231,0.0715418473293658,0.1477065942012118,1.0,1.7403529729357214,0.9329816878624928
compound,Geo+CeNN-D2,232,0.1113553808255834,0.2105269961167351,1.0,2.6524576297195206,0.785582561230754
compound,Geo+CeNN-D2,233,0.129702722716802,0.2256975337817989,1.0,3.0888633698477106,0.918558563369922
compound,Geo+CeNN-D2,234,0.1180177715909752,0.2129469929612983,1.0,2.594616602684356,0.8947543491010022
compound,Geo+CeNN-D2,235,0.1201198553298558,0.1600512388527518,1.0,3.1645259597607054,0.9394091839554044
compound,Geo+CeNN-D2,236,0.0756242051271477,0.1188731322786828,1.0,1.8197115897903395,0.8241088684989939
compound,Geo+CeNN-D2,237,0.1393479183410415,0.2006336804392866,1.0,3.560533304721797,0.934188855538379
compound,Geo+CeNN-D2,238,0.0744857115511567,0.1722699835760952,1.0,1.3375677578684368,0.9060840199440442
compound,Geo+CeNN-D2,239,0.0915003289412519,0.1229649539254415,1.0,2.497338738769197,0.9121533698808766
compound,Geo+AE-CeNN,200,0.1142136727845415,0.2008400629465884,1.0,1.002661732370072,0.0335461799112766
compound,Geo+AE-CeNN,201,0.131433836614917,0.1999227912528245,1.0,1.762407918386792,0.0478588017229648
compound,Geo+AE-CeNN,202,0.1058248163469482,0.1925987102242511,1.0,1.4274669815379586,0.0472063140678605
compound,Geo+AE-CeNN,203,0.0970958616372312,0.204860011004698,1.0,0.4040665030847438,0.0469331959423217
compound,Geo+AE-CeNN,204,0.1549076202335051,0.2227869040629703,1.0,3.003141766588932,0.0341889682563286
compound,Geo+AE-CeNN,205,0.1379680091935439,0.1722727297725875,1.0,2.5213047804177875,0.041690084156205
compound,Geo+AE-CeNN,206,0.064233811508594,0.1085262244559672,1.0,0.7638210777464022,0.0352301173917556
compound,Geo+AE-CeNN,207,0.0885849427244248,0.1268342716076285,1.0,1.670615573262006,0.0354560792127022
compound,Geo+AE-CeNN,208,0.1147720473861122,0.1577970132752378,1.0,2.158088572948404,0.040360038788473
compound,Geo+AE-CeNN,209,0.1264755259755335,0.2068453270542715,1.0,1.4081031225357463,0.0455169199218792
compound,Geo+AE-CeNN,210,0.0847018737078462,0.1587365706910175,1.0,1.0825764491654994,0.0363388545109645
compound,Geo+AE-CeNN,211,0.1446504553980326,0.2435911032841438,1.0,2.838138138932924,0.0356047002749483
compound,Geo+AE-CeNN,212,0.1129817471894861,0.200031828355916,1.0,1.9208780952018345,0.031314517337038
compound,Geo+AE-CeNN,213,0.1152112416436854,0.1812893423123046,1.0,1.4908433341698115,0.0326568686034503
compound,Geo+AE-CeNN,214,0.1908585870228688,0.2977422209021452,1.0,3.64580193302014,0.0459391504983163
compound,Geo+AE-CeNN,215,0.178192384487557,0.2623119137359748,1.0,3.06588409716148,0.0371655653398257
compound,Geo+AE-CeNN,216,0.12018499745465,0.1868785558676461,1.0,2.2821214993050827,0.0457494603432121
compound,Geo+AE-CeNN,217,0.085157175712876,0.1560204024473496,1.0,0.9865322128599816,0.0338000319910425
compound,Geo+AE-CeNN,218,0.0800953622550762,0.1630744028179218,1.0,1.4780584856662882,0.0376558504560232
compound,Geo+AE-CeNN,219,0.1248547691613941,0.1699598614342397,1.0,2.155178201779353,0.0317072551094948
compound,Geo+AE-CeNN,220,0.1287209622014924,0.190682226221973,1.0,2.0798086155885995,0.0443266856466778
compound,Geo+AE-CeNN,221,0.0874154072407294,0.1821853859796229,1.0,0.9559316836052316,0.0462706863959626
compound,Geo+AE-CeNN,222,0.1598854518532102,0.238107746450866,1.0,2.8491144902432133,0.0304852446602068
compound,Geo+AE-CeNN,223,0.1091262808017969,0.1392886222825801,1.0,2.2128339244457,0.042924464791397
compound,Geo+AE-CeNN,224,0.0735163527115535,0.1725228921478374,1.0,1.0555500327467098,0.0369804582442531
compound,Geo+AE-CeNN,225,0.1255279151654221,0.2335521032390817,1.0,2.0636101704548437,0.0393817966705437
compound,Geo+AE-CeNN,226,0.1028268596260803,0.1439218816884575,1.0,1.270435738787398,0.0458272070137328
compound,Geo+AE-CeNN,227,0.1726574198421116,0.3078034584127631,1.0,3.441625094969115,0.0387064690241685
compound,Geo+AE-CeNN,228,0.1406222459279312,0.2489356914190915,1.0,2.321233120389782,0.0454080722092582
compound,Geo+AE-CeNN,229,0.0930113983109944,0.144028306682965,1.0,1.73619716101197,0.0369814176591467
compound,Geo+AE-CeNN,230,0.0972713501085725,0.1645819025786638,1.0,1.6414683172422888,0.0474100799880927
compound,Geo+AE-CeNN,231,0.0760377385246566,0.1564829045887488,1.0,0.8127469659818091,0.044292363081388
compound,Geo+AE-CeNN,232,0.1241247091951061,0.2351376067172095,1.0,2.0305514021701123,0.0437566081034164
compound,Geo+AE-CeNN,233,0.1428022839222726,0.2477128484285874,1.0,2.275615381231196,0.0482834167385483
compound,Geo+AE-CeNN,234,0.1207803164448883,0.2103079853008117,1.0,1.7273520551056327,0.0304838338605246
compound,Geo+AE-CeNN,235,0.1219431227358496,0.163407353775958,1.0,2.216807205237977,0.0393327212536201
compound,Geo+AE-CeNN,236,0.0895609613892828,0.1265217095751503,1.0,1.11451723324293,0.0421612261499652
compound,Geo+AE-CeNN,237,0.143522163034763,0.207407365478674,1.0,2.6601552464346523,0.0395896478358517
compound,Geo+AE-CeNN,238,0.0748290905070963,0.1727138731591305,1.0,0.4746902048662662,0.0421326184397226
compound,Geo+AE-CeNN,239,0.1012730428376176,0.1379390026672746,1.0,1.6419695791001043,0.0456006026383773
compound,Geo+D1-3AE-CeNN,200,0.111411798023637,0.1970915865159505,1.0,1.003614781075724,0.0368359008206584
compound,Geo+D1-3AE-CeNN,201,0.1308932787948545,0.1981417292869129,1.0,1.7635498040661377,0.0368389745758728
compound,Geo+D1-3AE-CeNN,202,0.1040109671037527,0.1903345902308989,1.0,1.4313823918270203,0.0368388548833748
compound,Geo+D1-3AE-CeNN,203,0.0948203584811948,0.2007646220714363,1.0,0.4050139292447539,0.0368358191066753
compound,Geo+D1-3AE-CeNN,204,0.1534426405085008,0.2202964664424787,1.0,3.0002423273094827,0.0368360195105606
compound,Geo+D1-3AE-CeNN,205,0.1360683159969995,0.1701376219833892,1.0,2.5226779805442248,0.0368365306785872
compound,Geo+D1-3AE-CeNN,206,0.0639353233366182,0.1061514703256703,1.0,0.7652249926424695,0.0368377457622542
compound,Geo+D1-3AE-CeNN,207,0.0881468976767356,0.126090530044151,1.0,1.6730004896142077,0.0368382258024413
compound,Geo+D1-3AE-CeNN,208,0.1132838118371734,0.1558846841961841,1.0,2.1563490336476128,0.0368351479137798
compound,Geo+D1-3AE-CeNN,209,0.1236429938976123,0.2020984876745633,1.0,1.407397323089101,0.0368386764290896
compound,Geo+D1-3AE-CeNN,210,0.0841236878606704,0.1589595344955501,1.0,1.0876152138219126,0.0368372790522139
compound,Geo+D1-3AE-CeNN,211,0.1440185401040915,0.2421958242950284,1.0,2.839813380846837,0.0368386617550048
compound,Geo+D1-3AE-CeNN,212,0.1107212069000418,0.1971289421139307,1.0,1.924680740010699,0.0368365849336622
compound,Geo+D1-3AE-CeNN,213,0.1144397239937776,0.1797639382917694,1.0,1.488998513287686,0.0368345531178697
compound,Geo+D1-3AE-CeNN,214,0.1888373766643671,0.2947611219726638,1.0,3.648342593246844,0.0368381348347747
compound,Geo+D1-3AE-CeNN,215,0.1761531661937923,0.2588343479487628,1.0,3.068936051263699,0.036841020745234
compound,Geo+D1-3AE-CeNN,216,0.118753930820358,0.1857638665046216,1.0,2.28503381390884,0.0368366262135275
compound,Geo+D1-3AE-CeNN,217,0.0844661503848566,0.1547329947258751,1.0,0.9882718455850512,0.0368372810360539
compound,Geo+D1-3AE-CeNN,218,0.0808622268571656,0.1639582265521117,1.0,1.4825729006177768,0.0368385411395012
compound,Geo+D1-3AE-CeNN,219,0.1229530718021126,0.1669913345513111,1.0,2.158863485548769,0.0368365751827056
compound,Geo+D1-3AE-CeNN,220,0.1265350701324462,0.187991183370342,1.0,2.079209162697578,0.0368358986242885
compound,Geo+D1-3AE-CeNN,221,0.0857811045812382,0.1810572809474562,1.0,0.9624207354529122,0.0368384517784082
compound,Geo+D1-3AE-CeNN,222,0.1578359720366595,0.235093589716469,1.0,2.851906223055054,0.0368391823693807
compound,Geo+D1-3AE-CeNN,223,0.1078965552527189,0.1389259259777246,1.0,2.2148160198876994,0.036836063074788
compound,Geo+D1-3AE-CeNN,224,0.073276082612795,0.1722681478423707,1.0,1.058286365845765,0.0368351188864388
compound,Geo+D1-3AE-CeNN,225,0.126000748524667,0.2338329690789525,1.0,2.0659839884945623,0.036838529181206
compound,Geo+D1-3AE-CeNN,226,0.1005709562914546,0.1414204771263598,1.0,1.267848238354306,0.0368355158668793
compound,Geo+D1-3AE-CeNN,227,0.1722973537791979,0.3073055942042048,1.0,3.4433729502347914,0.0368394532113489
compound,Geo+D1-3AE-CeNN,228,0.1405696609999696,0.2485304382381701,1.0,2.3242686237818577,0.0368367189121338
compound,Geo+D1-3AE-CeNN,229,0.0923510774116064,0.1426884585673639,1.0,1.7352045309032238,0.036836592237513
compound,Geo+D1-3AE-CeNN,230,0.095883329370448,0.1647546227332508,1.0,1.6477629246444525,0.0368360548580672
compound,Geo+D1-3AE-CeNN,231,0.0734627168586517,0.1526288673990239,1.0,0.8139310920173587,0.0368380302437769
compound,Geo+D1-3AE-CeNN,232,0.1242840859682257,0.2355217326082725,1.0,2.0332084026619013,0.0368372373493023
compound,Geo+D1-3AE-CeNN,233,0.1422208269973205,0.2475118248470587,1.0,2.2783343676705083,0.0368372624990703
compound,Geo+D1-3AE-CeNN,234,0.1190572159584163,0.2086014328455707,1.0,1.7300495288042157,0.0368362786737244
compound,Geo+D1-3AE-CeNN,235,0.1213098392822743,0.1620918397005929,1.0,2.214420213406799,0.0368345890553272
compound,Geo+D1-3AE-CeNN,236,0.0868163056861274,0.122668633066582,1.0,1.1131558394089407,0.0368350788570924
compound,Geo+D1-3AE-CeNN,237,0.1421391740524891,0.2052903496526547,1.0,2.658082237574624,0.0368362857692765
compound,Geo+D1-3AE-CeNN,238,0.0736307689137129,0.1701295411731901,1.0,0.4766370201186619,0.0368365911849715
compound,Geo+D1-3AE-CeNN,239,0.0993961888889457,0.1349277603957536,1.0,1.6447373553188929,0.0368361927954001
compound,Geo+D2-HistAE-CeNN,200,0.0897646692890428,0.1581816827370508,1.0,1.022090731324674,0.2440929081947774
compound,Geo+D2-HistAE-CeNN,201,0.1003753416308215,0.1637148348021808,1.0,1.7161337312692984,0.2124329682514709
compound,Geo+D2-HistAE-CeNN,202,0.0846965855830333,0.1543053058353466,1.0,1.4782036871442246,0.2116378549608841
compound,Geo+D2-HistAE-CeNN,203,0.0854243914339233,0.1836496959633973,1.0,0.4271327974965159,0.1779247454983105
compound,Geo+D2-HistAE-CeNN,204,0.1463698784974877,0.2170489953416419,1.0,2.939248929083064,0.1762939675795182
compound,Geo+D2-HistAE-CeNN,205,0.1100866004194036,0.1580118901921307,1.0,2.4690702443830914,0.2270743241159103
compound,Geo+D2-HistAE-CeNN,206,0.0452466773613491,0.0844299897702084,1.0,0.8062463762101909,0.2279291683859499
compound,Geo+D2-HistAE-CeNN,207,0.0871245753657017,0.1165073942097913,1.0,1.6647356047911208,0.1873636331428133
compound,Geo+D2-HistAE-CeNN,208,0.0925916529723284,0.1236478580484323,1.0,2.088306767119172,0.2057415125853222
compound,Geo+D2-HistAE-CeNN,209,0.0874987023364433,0.1447768146099667,1.0,1.406089087921115,0.2672529687403776
compound,Geo+D2-HistAE-CeNN,210,0.0597728136909703,0.1035027693812241,1.0,1.086198801330532,0.260071913048523
compound,Geo+D2-HistAE-CeNN,211,0.1403053006041494,0.2367440923244855,1.0,2.865402501750669,0.1928095659794459
compound,Geo+D2-HistAE-CeNN,212,0.0874020263589082,0.1708567469845191,1.0,1.9260841626168277,0.2331437499381659
compound,Geo+D2-HistAE-CeNN,213,0.0939620010402857,0.1259568164579861,1.0,1.4533804057852715,0.2561402946902122
compound,Geo+D2-HistAE-CeNN,214,0.1519741811214261,0.2466346835247821,1.0,3.60210879888224,0.2738492660554304
compound,Geo+D2-HistAE-CeNN,215,0.1377899858457067,0.1991504857306181,1.0,3.043084006272325,0.3099974794042957
compound,Geo+D2-HistAE-CeNN,216,0.1001269645803371,0.1631257265012491,1.0,2.297577019438467,0.1955935271335206
compound,Geo+D2-HistAE-CeNN,217,0.0673938756624896,0.1167041667024427,1.0,1.002420628550618,0.2316484438266299
compound,Geo+D2-HistAE-CeNN,218,0.0660049283357825,0.1295482258381475,1.0,1.5401430346664555,0.2231626312969116
compound,Geo+D2-HistAE-CeNN,219,0.1076208737686047,0.1412259732278964,1.0,2.136934868974955,0.2201485187598052
compound,Geo+D2-HistAE-CeNN,220,0.084912783726279,0.1296461379589358,1.0,1.977169686275992,0.2732310194415522
compound,Geo+D2-HistAE-CeNN,221,0.0746025408280115,0.1457022699621294,1.0,1.0034927969633805,0.2080859569759767
compound,Geo+D2-HistAE-CeNN,222,0.1344653206770151,0.2184237567456512,1.0,2.836381788627832,0.2301661170407131
compound,Geo+D2-HistAE-CeNN,223,0.0973819440632169,0.1345712247119445,1.0,2.2132982395255767,0.1996638735055751
compound,Geo+D2-HistAE-CeNN,224,0.0534878370769073,0.1185380957846792,1.0,1.063689481924072,0.2526253481867379
compound,Geo+D2-HistAE-CeNN,225,0.0989518720478136,0.1861295271974492,1.0,2.084954766781458,0.2531499254915404
compound,Geo+D2-HistAE-CeNN,226,0.0714140641658177,0.0963016178524533,1.0,1.1994778313622632,0.221856890707124
compound,Geo+D2-HistAE-CeNN,227,0.1497445262416877,0.2727351482512064,1.0,3.4242783027713264,0.2196861929974147
compound,Geo+D2-HistAE-CeNN,228,0.1172578148294225,0.2066193254492811,1.0,2.3165973889679696,0.1939460364051592
compound,Geo+D2-HistAE-CeNN,229,0.088089969356996,0.1353587615609777,1.0,1.6877764529098376,0.2283754134205512
compound,Geo+D2-HistAE-CeNN,230,0.0774285004094287,0.1397487707550706,1.0,1.6951371477035195,0.2233410006553306
compound,Geo+D2-HistAE-CeNN,231,0.057581794543493,0.1217094997036373,1.0,0.8471133803830213,0.1975632293350294
compound,Geo+D2-HistAE-CeNN,232,0.0985713788897475,0.1811555486692915,1.0,2.0353934895106005,0.2719682494848661
compound,Geo+D2-HistAE-CeNN,233,0.1136664266459437,0.2019747071011337,1.0,2.256050018392764,0.2458477807426311
compound,Geo+D2-HistAE-CeNN,234,0.0988064373059985,0.1791293636960015,1.0,1.7335134232406852,0.226576744365415
compound,Geo+D2-HistAE-CeNN,235,0.1116586931717848,0.1485158103104298,1.0,2.1691419936390197,0.2129300087017634
compound,Geo+D2-HistAE-CeNN,236,0.0531907679148108,0.0885314713287793,1.0,1.071178786283382,0.2534986734763714
compound,Geo+D2-HistAE-CeNN,237,0.1269798332658266,0.1756205950680508,1.0,2.5690408566575824,0.2205898419005782
compound,Geo+D2-HistAE-CeNN,238,0.0596432754119697,0.1481998816776225,1.0,0.526662875128222,0.2126509357888968
compound,Geo+D2-HistAE-CeNN,239,0.0738636458273435,0.0938298237682252,1.0,1.5990800488480323,0.2377561808490768
compound,Geo+D3-3HistAE-CeNN,200,0.1040749408870279,0.1896654947864336,1.0,1.0499462561024415,0.1459866207768274
compound,Geo+D3-3HistAE-CeNN,201,0.1509769281921998,0.2147820697626724,1.0,1.8233137378573605,0.2021473633038746
compound,Geo+D3-3HistAE-CeNN,202,0.1132712729747286,0.2033472940289933,1.0,1.5522102892815102,0.1834021709171848
compound,Geo+D3-3HistAE-CeNN,203,0.079786509516611,0.1705955902846616,1.0,0.4183243830239708,0.1789775333591035
compound,Geo+D3-3HistAE-CeNN,204,0.172401458278362,0.2393090499671614,1.0,3.161436984226587,0.1635500922299889
compound,Geo+D3-3HistAE-CeNN,205,0.1469669003461426,0.1795331118540936,1.0,2.6342866097194872,0.1531349307218828
compound,Geo+D3-3HistAE-CeNN,206,0.0677730140377676,0.0947958285102461,1.0,0.7799024413373302,0.1668716133867869
compound,Geo+D3-3HistAE-CeNN,207,0.0966279434068975,0.1350895191123904,1.0,1.7175292200133483,0.1894926505866746
compound,Geo+D3-3HistAE-CeNN,208,0.1299366318744275,0.1737917198953617,1.0,2.237056284103387,0.1627036506687741
compound,Geo+D3-3HistAE-CeNN,209,0.1281680100230666,0.2008704476714307,1.0,1.4321422255309142,0.1645837083602884
compound,Geo+D3-3HistAE-CeNN,210,0.0850717806926947,0.1764122320066111,1.0,1.1267788896353572,0.1676987679687396
compound,Geo+D3-3HistAE-CeNN,211,0.1628606012658238,0.2627487608864602,1.0,2.8913455164504374,0.151058226961589
compound,Geo+D3-3HistAE-CeNN,212,0.1164885506864405,0.2052321631965805,1.0,2.000122488071976,0.139048697651203
compound,Geo+D3-3HistAE-CeNN,213,0.122432647139872,0.1851522822829376,1.0,1.5534374353570994,0.1493640942336767
compound,Geo+D3-3HistAE-CeNN,214,0.1918393363905587,0.2924084530004049,1.0,3.6170046899135446,0.1550111799107409
compound,Geo+D3-3HistAE-CeNN,215,0.181935839605793,0.2526575658470438,1.0,3.0632833617060578,0.1457870519669576
compound,Geo+D3-3HistAE-CeNN,216,0.1300764476083316,0.2082162817628106,1.0,2.258177847079718,0.1627349358525381
compound,Geo+D3-3HistAE-CeNN,217,0.0806391171793044,0.1528298147785772,1.0,1.036959380846992,0.1836741317300855
compound,Geo+D3-3HistAE-CeNN,218,0.0953064349649175,0.1825346731311001,1.0,1.5102711704089475,0.174725985250034
compound,Geo+D3-3HistAE-CeNN,219,0.133041971517779,0.180034413527419,1.0,2.156655888873668,0.1370789630249513
compound,Geo+D3-3HistAE-CeNN,220,0.1347721540503768,0.1992695137296484,1.0,2.1497021977677413,0.1518433238292482
compound,Geo+D3-3HistAE-CeNN,221,0.0809716754668015,0.1898852646929676,1.0,1.0025064201148202,0.1909073417222415
compound,Geo+D3-3HistAE-CeNN,222,0.1644269571882756,0.2408287343079231,1.0,2.912399506548164,0.1450704395573693
compound,Geo+D3-3HistAE-CeNN,223,0.1131426015671162,0.1444100621103072,1.0,2.188465684875594,0.1655335460045416
compound,Geo+D3-3HistAE-CeNN,224,0.0721842793893708,0.176989014398437,1.0,1.0817015225617046,0.1694399035232995
compound,Geo+D3-3HistAE-CeNN,225,0.1449665552307363,0.2502620417263629,1.0,2.107347315180254,0.1867210623208406
compound,Geo+D3-3HistAE-CeNN,226,0.1061528411208981,0.154610727012122,1.0,1.3045553158842358,0.1505598981472508
compound,Geo+D3-3HistAE-CeNN,227,0.1945344280820181,0.3248327187218405,1.0,3.512910740801928,0.1703881069464558
compound,Geo+D3-3HistAE-CeNN,228,0.1592552501113355,0.2700385518617724,1.0,2.406092640738128,0.1884367428214462
compound,Geo+D3-3HistAE-CeNN,229,0.1069439031590579,0.1629066280696213,1.0,1.807030903434641,0.1425290637346615
compound,Geo+D3-3HistAE-CeNN,230,0.1054701695196611,0.1763501701358273,1.0,1.678230514659,0.1663659335231617
compound,Geo+D3-3HistAE-CeNN,231,0.0675726655793919,0.1445774443792083,1.0,0.8386066352911417,0.1524854277277476
compound,Geo+D3-3HistAE-CeNN,232,0.141520500109494,0.2584945375441727,1.0,2.051944699834557,0.1766914330420071
compound,Geo+D3-3HistAE-CeNN,233,0.1550706950053311,0.255351876028785,1.0,2.2828673528728536,0.1822707690710442
compound,Geo+D3-3HistAE-CeNN,234,0.1126617974621185,0.2036324782618386,1.0,1.7880685777125267,0.1914138300038149
compound,Geo+D3-3HistAE-CeNN,235,0.1445079011451786,0.1950624515976622,1.0,2.302312498189356,0.1758393003982553
compound,Geo+D3-3HistAE-CeNN,236,0.0904664181808889,0.1256020062350108,1.0,1.1876154233819791,0.1445340549127325
compound,Geo+D3-3HistAE-CeNN,237,0.1551578904981175,0.2216712000413946,1.0,2.729546351241018,0.1662018053383522
compound,Geo+D3-3HistAE-CeNN,238,0.0629142246412079,0.1550812140493561,1.0,0.5116447920155777,0.1648210662451073
compound,Geo+D3-3HistAE-CeNN,239,0.1070117885712284,0.1404661484403104,1.0,1.654608021122956,0.1465683866266817
nominal,Geo+D1-3AE-CeNN dropout,200,0.010967351589909,0.015619826622876,1.0,0.7987502034764363,0.0285346395902491
nominal,Geo+D1-3AE-CeNN dropout,201,0.0125859085876648,0.0193634848408812,1.0,0.801216698759786,0.0285339812734707
nominal,Geo+D1-3AE-CeNN dropout,202,0.0220138507364235,0.0423968663448512,1.0,0.7896832880821412,0.0285341986166134
nominal,Geo+D1-3AE-CeNN dropout,203,0.0154031607034512,0.0331091632503987,1.0,0.8010373168040872,0.0285342433402921
nominal,Geo+D1-3AE-CeNN dropout,204,0.0153733990734645,0.0228051099792798,1.0,0.8123630922565455,0.0285343524460729
nominal,Geo+D1-3AE-CeNN dropout,205,0.0171113134098871,0.0276334987163269,1.0,0.795505895098061,0.0285340958649199
nominal,Geo+D1-3AE-CeNN dropout,206,0.0153369305617085,0.0250323985962258,1.0,0.8035074284410965,0.0285341782760466
nominal,Geo+D1-3AE-CeNN dropout,207,0.0200103954811184,0.0327946946334393,1.0,0.793689223252486,0.0285338574691754
nominal,Geo+D1-3AE-CeNN dropout,208,0.0200963128074052,0.0364739424444375,1.0,0.7964354897223452,0.0285340587894443
nominal,Geo+D1-3AE-CeNN dropout,209,0.0140639117793005,0.024342516742139,1.0,0.8073808710767149,0.0285337830303265
nominal,Geo+D1-3AE-CeNN dropout,210,0.0157528267537065,0.0228514481055666,1.0,0.7968998483316249,0.0285340123465321
nominal,Geo+D1-3AE-CeNN dropout,211,0.0177376731283582,0.0302399663177343,1.0,0.786041089741628,0.0285334788229665
nominal,Geo+D1-3AE-CeNN dropout,212,0.0167880782888213,0.0239366647557397,1.0,0.8121491269940332,0.0285334043258627
nominal,Geo+D1-3AE-CeNN dropout,213,0.0193386557546094,0.0379665990990312,1.0,0.7954760138643693,0.0285336199949329
nominal,Geo+D1-3AE-CeNN dropout,214,0.0114650488701553,0.0152691737045801,1.0,0.792093913802886,0.0285343028175408
nominal,Geo+D2-HistAE-CeNN dropout,200,0.0091781332811322,0.0153018426180013,1.0,0.8007634146146111,0.0967140752589171
nominal,Geo+D2-HistAE-CeNN dropout,201,0.012627908479173,0.0193620655726703,1.0,0.8059551774048396,0.1055891437392815
nominal,Geo+D2-HistAE-CeNN dropout,202,0.020777435270766,0.0423946990110172,1.0,0.797412801354457,0.099223906381542
nominal,Geo+D2-HistAE-CeNN dropout,203,0.0166835782439776,0.0331089419421301,1.0,0.8053614234313237,0.1088106675322239
nominal,Geo+D2-HistAE-CeNN dropout,204,0.0119133265576759,0.0179850757676659,1.0,0.816829967104815,0.0961015926651334
nominal,Geo+D2-HistAE-CeNN dropout,205,0.0151850556975722,0.0273906614421897,1.0,0.799994178951407,0.0895620974866473
nominal,Geo+D2-HistAE-CeNN dropout,206,0.0139589909191937,0.0250336221459525,1.0,0.8098152712203944,0.1152467105908052
nominal,Geo+D2-HistAE-CeNN dropout,207,0.0166329560003679,0.0324199999971198,1.0,0.7986996664690501,0.0986775706598142
nominal,Geo+D2-HistAE-CeNN dropout,208,0.0185077815911384,0.0363104682203837,1.0,0.8031983334961251,0.103028196981349
nominal,Geo+D2-HistAE-CeNN dropout,209,0.0142482695912928,0.0243437998727323,1.0,0.8109726713112738,0.1059917279282715
nominal,Geo+D2-HistAE-CeNN dropout,210,0.0154687609598167,0.0223242096444013,1.0,0.8026979756018122,0.1171670471536846
nominal,Geo+D2-HistAE-CeNN dropout,211,0.015651191253818,0.0302384956860854,1.0,0.7896883217607126,0.0961472534274945
nominal,Geo+D2-HistAE-CeNN dropout,212,0.011985977379891,0.0200032459668663,1.0,0.8199057436663361,0.1160646848846182
nominal,Geo+D2-HistAE-CeNN dropout,213,0.0213005925023775,0.037965846277445,1.0,0.8002609424765187,0.1060536657640678
nominal,Geo+D2-HistAE-CeNN dropout,214,0.0105793370470253,0.0151974071509435,1.0,0.7893849683298172,0.0843508183150583
nominal,Geo+D3-3HistAE-CeNN dropout,200,0.0275021163431611,0.0388069005834165,1.0,0.8453822331554824,0.1337143695957858
nominal,Geo+D3-3HistAE-CeNN dropout,201,0.0273106427018829,0.0377736071558835,1.0,0.8477725624458358,0.1317713017541127
nominal,Geo+D3-3HistAE-CeNN dropout,202,0.0349492670171993,0.0423982172073798,1.0,0.8378380323485582,0.1376540266655121
nominal,Geo+D3-3HistAE-CeNN dropout,203,0.0290167978099208,0.0366259497546346,1.0,0.845451535805154,0.1334484869368546
nominal,Geo+D3-3HistAE-CeNN dropout,204,0.0306850263235619,0.0394990667598695,1.0,0.864060317927787,0.1417028743148299
nominal,Geo+D3-3HistAE-CeNN dropout,205,0.0333862562632172,0.041938327729873,1.0,0.8421760098762211,0.1426145836601564
nominal,Geo+D3-3HistAE-CeNN dropout,206,0.0292213728474079,0.0401454024996951,1.0,0.8549129848468457,0.1402983837954061
nominal,Geo+D3-3HistAE-CeNN dropout,207,0.0356422942351512,0.0425408338345307,1.0,0.8374145673389449,0.1404502454570117
nominal,Geo+D3-3HistAE-CeNN dropout,208,0.0330866383589996,0.0401799479602398,1.0,0.8458984124774438,0.1401364036199937
nominal,Geo+D3-3HistAE-CeNN dropout,209,0.0278083699451862,0.0373315030724094,1.0,0.8539938694834494,0.127774144510228
nominal,Geo+D3-3HistAE-CeNN dropout,210,0.0293157883101696,0.038088872782295,1.0,0.844750708720343,0.131623439135526
nominal,Geo+D3-3HistAE-CeNN dropout,211,0.0338879375816999,0.0421305635922426,1.0,0.833012514780291,0.1436719970592068
nominal,Geo+D3-3HistAE-CeNN dropout,212,0.0334484718176659,0.0423513481396382,1.0,0.8581069370093602,0.1367244326602423
nominal,Geo+D3-3HistAE-CeNN dropout,213,0.0315223029962387,0.037967611054296,1.0,0.8409218878783253,0.1325192716494322
nominal,Geo+D3-3HistAE-CeNN dropout,214,0.0280441044366807,0.0404171911070943,1.0,0.8416145930594238,0.1377086108496232
wind3,Geo+D1-3AE-CeNN dropout,200,0.1494271552942482,0.1952875177386824,1.0,1.1515661563007906,0.0285321552684804
wind3,Geo+D1-3AE-CeNN dropout,201,0.1400346829354475,0.1710888476304117,1.0,2.151016541767688,0.0285331779016286
wind3,Geo+D1-3AE-CeNN dropout,202,0.1455552434575977,0.18511579754903,1.0,1.957909934810634,0.0285343545815555
wind3,Geo+D1-3AE-CeNN dropout,203,0.1158020720850948,0.1538614215461834,1.0,1.3873011809528666,0.0285346106227811
wind3,Geo+D1-3AE-CeNN dropout,204,0.1573318554933545,0.1932128667424191,1.0,1.992389479615759,0.0285337592238042
wind3,Geo+D1-3AE-CeNN dropout,205,0.1494494256795099,0.2057665854503471,1.0,2.5383950791915284,0.0285349341193957
wind3,Geo+D1-3AE-CeNN dropout,206,0.1488575000026516,0.1970092709323462,1.0,1.9813261083161051,0.0285382554304543
wind3,Geo+D1-3AE-CeNN dropout,207,0.1460205088023557,0.1825046277610684,1.0,2.632703882746016,0.0285334986393602
wind3,Geo+D1-3AE-CeNN dropout,208,0.1497154017158593,0.185730223430221,1.0,1.366527792845087,0.0285330438078719
wind3,Geo+D1-3AE-CeNN dropout,209,0.1553679048642282,0.216040362220658,1.0,0.2366503769897592,0.0285337756130071
wind3,Geo+D1-3AE-CeNN dropout,210,0.1500166513403856,0.1966228850564249,1.0,0.4420689101443714,0.0285309688050965
wind3,Geo+D1-3AE-CeNN dropout,211,0.1347934194488953,0.1773530988021347,1.0,0.2243550644227766,0.0285319271249882
wind3,Geo+D1-3AE-CeNN dropout,212,0.1266580874141864,0.1564329670772745,1.0,2.0643789965479664,0.0285356162987307
wind3,Geo+D1-3AE-CeNN dropout,213,0.1421950864923259,0.1798046667735962,1.0,1.9156283575918331,0.0285315583738929
wind3,Geo+D1-3AE-CeNN dropout,214,0.155304407316275,0.1926506371548793,1.0,2.666426045667369,0.0285324028560806
wind3,Geo+D2-HistAE-CeNN dropout,200,0.1237967318775748,0.1861679759933542,1.0,1.1495036906571166,0.2047670963339263
wind3,Geo+D2-HistAE-CeNN dropout,201,0.125794563946943,0.1523561683388812,1.0,2.121979429390876,0.1548894302864567
wind3,Geo+D2-HistAE-CeNN dropout,202,0.0964013310501194,0.1665354034653652,1.0,1.885613691744778,0.278666305788228
wind3,Geo+D2-HistAE-CeNN dropout,203,0.0892229675580622,0.1472131198495112,1.0,1.3541419532495078,0.1935168135631783
wind3,Geo+D2-HistAE-CeNN dropout,204,0.1167851836890643,0.1771304183515011,1.0,1.9417174452391348,0.2424325092778573
wind3,Geo+D2-HistAE-CeNN dropout,205,0.1234112113892988,0.1934850080581616,1.0,2.484542293877691,0.1922567610193422
wind3,Geo+D2-HistAE-CeNN dropout,206,0.1152760176006904,0.1440883041345811,1.0,1.9036710916198716,0.1921070788184371
wind3,Geo+D2-HistAE-CeNN dropout,207,0.1412621717793773,0.1802303307389429,1.0,2.627012409065272,0.100922702897352
wind3,Geo+D2-HistAE-CeNN dropout,208,0.1235350316297918,0.1761550995184164,1.0,1.368633809986298,0.2198071533042283
wind3,Geo+D2-HistAE-CeNN dropout,209,0.1493219505499543,0.2106247025799078,1.0,0.2493624320629382,0.0943354010181713
wind3,Geo+D2-HistAE-CeNN dropout,210,0.1343911487556299,0.1901786515271119,1.0,0.4459466182602385,0.1610386091761175
wind3,Geo+D2-HistAE-CeNN dropout,211,0.1309086018460259,0.176310105035734,1.0,0.2378380472912686,0.1035541936802198
wind3,Geo+D2-HistAE-CeNN dropout,212,0.0913454841704515,0.1146867713264735,1.0,2.0027205752996453,0.2212434709312032
wind3,Geo+D2-HistAE-CeNN dropout,213,0.120946938626608,0.1495004882623809,1.0,1.9089727460746384,0.207800257746218
wind3,Geo+D2-HistAE-CeNN dropout,214,0.1488515525041501,0.190044868762864,1.0,2.673521699156187,0.129039834705296
wind3,Geo+D3-3HistAE-CeNN dropout,200,0.149122519460235,0.1945264449387435,1.0,1.1758754341328932,0.1508925596875989
wind3,Geo+D3-3HistAE-CeNN dropout,201,0.1540343710956608,0.1911027872000704,1.0,2.2051913150729847,0.1164609478494259
wind3,Geo+D3-3HistAE-CeNN dropout,202,0.1585766674394623,0.197016347526328,1.0,2.0004663555811275,0.1224552187268956
wind3,Geo+D3-3HistAE-CeNN dropout,203,0.1181608500650766,0.1549791017636762,1.0,1.429850633322696,0.1282078094650576
wind3,Geo+D3-3HistAE-CeNN dropout,204,0.1757337426986408,0.217475232227206,1.0,2.041495961559676,0.1337167923490382
wind3,Geo+D3-3HistAE-CeNN dropout,205,0.1635869331016032,0.2098339693215723,1.0,2.5875894614995896,0.1571011118414445
wind3,Geo+D3-3HistAE-CeNN dropout,206,0.1666352415582825,0.2250982676959448,1.0,2.0346989397773627,0.1549017434879257
wind3,Geo+D3-3HistAE-CeNN dropout,207,0.1549699173375952,0.1894974098207107,1.0,2.664726386668788,0.106995761174643
wind3,Geo+D3-3HistAE-CeNN dropout,208,0.1594784721793993,0.1904385002552064,1.0,1.4002138570657707,0.1891904760424317
wind3,Geo+D3-3HistAE-CeNN dropout,209,0.1398905929419804,0.2045374910042098,1.0,0.2455903598391325,0.1305123761384676
wind3,Geo+D3-3HistAE-CeNN dropout,210,0.1304022453432047,0.1883632337175169,1.0,0.4395671848888027,0.1386852238001278
wind3,Geo+D3-3HistAE-CeNN dropout,211,0.1219175743616964,0.1730455126469102,1.0,0.2500236868531598,0.1347793191709739
wind3,Geo+D3-3HistAE-CeNN dropout,212,0.1347607185173098,0.1664146651138413,1.0,2.102862217579824,0.0895389504887042
wind3,Geo+D3-3HistAE-CeNN dropout,213,0.1568318185093404,0.1999557640585549,1.0,1.9688897212582128,0.1388302548747283
wind3,Geo+D3-3HistAE-CeNN dropout,214,0.1597134892388502,0.1955892128632575,1.0,2.686879218349673,0.1199243203012615
force_step,Geo+D1-3AE-CeNN dropout,200,0.0843933616590475,0.1742878306449681,1.0,1.8010069273601246,0.0285333330906484
force_step,Geo+D1-3AE-CeNN dropout,201,0.0640643397173185,0.1645383248091934,1.0,1.503607073753046,0.0285342705500106
force_step,Geo+D1-3AE-CeNN dropout,202,0.0876728026491375,0.2081144585308307,1.0,0.7038472383053074,0.0285348833307386
force_step,Geo+D1-3AE-CeNN dropout,203,0.083757099659664,0.1849811629326991,1.0,0.6083142992287035,0.0285342834902838
force_step,Geo+D1-3AE-CeNN dropout,204,0.0953114964284538,0.213369172335007,1.0,1.2192450929293497,0.028534103044588
force_step,Geo+D1-3AE-CeNN dropout,205,0.0713956276876799,0.1823065006832935,1.0,1.350793532900768,0.0285337604346413
force_step,Geo+D1-3AE-CeNN dropout,206,0.0656303908124366,0.1682752410319124,1.0,1.6903029744373916,0.0285334862541456
force_step,Geo+D1-3AE-CeNN dropout,207,0.0718423326184578,0.1793256210159713,1.0,1.1015708100910744,0.0285355954714887
force_step,Geo+D1-3AE-CeNN dropout,208,0.0712136367829929,0.1739276757748401,1.0,1.5399691052779507,0.0285331571730635
force_step,Geo+D1-3AE-CeNN dropout,209,0.0661075713358795,0.165265829560924,1.0,1.2385831370318028,0.028534497603007
force_step,Geo+D1-3AE-CeNN dropout,210,0.0695541001756685,0.1796983675442351,1.0,0.9985339739945092,0.0285343260061821
force_step,Geo+D1-3AE-CeNN dropout,211,0.0504386929352337,0.1337197757331398,1.0,1.3378000001585126,0.0285348015178809
force_step,Geo+D1-3AE-CeNN dropout,212,0.0492226768888925,0.1442317018519582,1.0,1.3699611579123332,0.0285339804551089
force_step,Geo+D1-3AE-CeNN dropout,213,0.0705404034708552,0.1747114580787102,1.0,0.9530074356790152,0.0285340531426851
force_step,Geo+D1-3AE-CeNN dropout,214,0.0449283158377466,0.1399494970189283,1.0,1.063935331773087,0.0285342925806824
force_step,Geo+D2-HistAE-CeNN dropout,200,0.0782617368361729,0.1661237892437992,1.0,1.7915735423783563,0.1297029138668892
force_step,Geo+D2-HistAE-CeNN dropout,201,0.065559978517479,0.1660940996397276,1.0,1.5036943161767526,0.0998057296689511
force_step,Geo+D2-HistAE-CeNN dropout,202,0.0870469907779449,0.2064103364018909,1.0,0.6909269251224053,0.103926994549397
force_step,Geo+D2-HistAE-CeNN dropout,203,0.0833993950047697,0.1828068258925271,1.0,0.595551658405411,0.1135649126241012
force_step,Geo+D2-HistAE-CeNN dropout,204,0.0854061045710444,0.2016787871989358,1.0,1.1809674236916807,0.1469283386211728
force_step,Geo+D2-HistAE-CeNN dropout,205,0.0702322925250305,0.1818578749163459,1.0,1.3628540049852618,0.0977215963968136
force_step,Geo+D2-HistAE-CeNN dropout,206,0.0650580748112068,0.1677844129525355,1.0,1.693746156025978,0.109718606770489
force_step,Geo+D2-HistAE-CeNN dropout,207,0.0699556461727315,0.1768103501462162,1.0,1.1009584367448455,0.1073589865962557
force_step,Geo+D2-HistAE-CeNN dropout,208,0.0684135480732094,0.1714222363852531,1.0,1.5377264245144433,0.1047734783539276
force_step,Geo+D2-HistAE-CeNN dropout,209,0.0644370497304629,0.1638726723666159,1.0,1.2356620275323942,0.0997219244385316
force_step,Geo+D2-HistAE-CeNN dropout,210,0.0690413437968957,0.179272012853316,1.0,1.0036667470789395,0.116889683284097
force_step,Geo+D2-HistAE-CeNN dropout,211,0.0506241608712352,0.1353374228041615,1.0,1.3429898534251223,0.1120636941633712
force_step,Geo+D2-HistAE-CeNN dropout,212,0.0485701900040762,0.1442953234948945,1.0,1.373341186024474,0.0864257806736068
force_step,Geo+D2-HistAE-CeNN dropout,213,0.0697722953632294,0.173653133803547,1.0,0.9457031023949214,0.1112412384642202
force_step,Geo+D2-HistAE-CeNN dropout,214,0.0443308615943225,0.1393527450689538,1.0,1.0711934824430032,0.1225806842926531
force_step,Geo+D3-3HistAE-CeNN dropout,200,0.0960182822540662,0.1834621881643932,1.0,1.8594149031660447,0.1325573516270887
force_step,Geo+D3-3HistAE-CeNN dropout,201,0.0752700002561074,0.1705355664921121,1.0,1.5497137244465706,0.1345311534295617
force_step,Geo+D3-3HistAE-CeNN dropout,202,0.0838714872524149,0.2018859911002772,1.0,0.7367712925901966,0.128640412220975
force_step,Geo+D3-3HistAE-CeNN dropout,203,0.0751063372472662,0.1723305525753989,1.0,0.6283563277508515,0.1341591224451266
force_step,Geo+D3-3HistAE-CeNN dropout,204,0.0986851341441316,0.2128673077757302,1.0,1.2674268141391465,0.143778121296867
force_step,Geo+D3-3HistAE-CeNN dropout,205,0.0809140735228783,0.1875761870319837,1.0,1.4101559262177488,0.1380159918099686
force_step,Geo+D3-3HistAE-CeNN dropout,206,0.0790952303809499,0.1765617626043138,1.0,1.744982400301743,0.1365698051738136
force_step,Geo+D3-3HistAE-CeNN dropout,207,0.0712631216547745,0.1745673157071419,1.0,1.1361858766606563,0.1271473694099573
force_step,Geo+D3-3HistAE-CeNN dropout,208,0.0828684489624817,0.181174183500898,1.0,1.599144225355634,0.1351147648909404
force_step,Geo+D3-3HistAE-CeNN dropout,209,0.0693454800310432,0.1629838668702591,1.0,1.281517138241798,0.1332043446257733
force_step,Geo+D3-3HistAE-CeNN dropout,210,0.07413174881881,0.1793931656053867,1.0,1.0409535542985455,0.1312157871392566
force_step,Geo+D3-3HistAE-CeNN dropout,211,0.0626199413874437,0.1393703061923317,1.0,1.382872922096829,0.1467834509633685
force_step,Geo+D3-3HistAE-CeNN dropout,212,0.0616487272660415,0.1522931990932153,1.0,1.4171689325356709,0.1372656359887348
force_step,Geo+D3-3HistAE-CeNN dropout,213,0.0710229613378396,0.1712860004206482,1.0,1.0010574735956406,0.1350698269693638
force_step,Geo+D3-3HistAE-CeNN dropout,214,0.0503505270566276,0.138897883516088,1.0,1.1072765356039511,0.1290451569931253
model20,Geo+D1-3AE-CeNN dropout,200,0.0114471140911292,0.0153069930558399,1.0,0.8080624075009325,0.0285339014027845
model20,Geo+D1-3AE-CeNN dropout,201,0.0247874062945338,0.0323247647862699,1.0,0.782325782686356,0.0285342431001175
model20,Geo+D1-3AE-CeNN dropout,202,0.0398096231397654,0.0562175336591395,1.0,0.51672592635741,0.0285337691229018
model20,Geo+D1-3AE-CeNN dropout,203,0.0177648078399786,0.0247717617570194,1.0,0.8360149462862811,0.0285333634198044
model20,Geo+D1-3AE-CeNN dropout,204,0.0413279871919713,0.0500074941178987,1.0,1.2211297927753868,0.0285339085064423
model20,Geo+D1-3AE-CeNN dropout,205,0.028128093024673,0.046175614083534,1.0,0.9651069318909958,0.028534335195646
model20,Geo+D1-3AE-CeNN dropout,206,0.0365982571456075,0.0530814475493276,1.0,0.5329686035239013,0.0285337333132152
model20,Geo+D1-3AE-CeNN dropout,207,0.025002797145989,0.0385533187778964,1.0,0.7268452650685299,0.0285339870598257
model20,Geo+D1-3AE-CeNN dropout,208,0.0136400912418545,0.0247294106273808,1.0,0.7740340982834882,0.0285338747000188
model20,Geo+D1-3AE-CeNN dropout,209,0.0248005870763066,0.0356612891476068,1.0,0.6432029192463535,0.0285340971908158
model20,Geo+D1-3AE-CeNN dropout,210,0.034795985663147,0.0570339469082911,1.0,0.5481516087055879,0.0285346448077058
model20,Geo+D1-3AE-CeNN dropout,211,0.0349684361436914,0.0526726825791011,1.0,0.5508751348535754,0.0285339990597072
model20,Geo+D1-3AE-CeNN dropout,212,0.0283869644735958,0.0365437406492753,1.0,1.0562131799737626,0.0285340925558685
model20,Geo+D1-3AE-CeNN dropout,213,0.0280398847398702,0.0338648007475323,1.0,0.6796749519877695,0.0285340996020561
model20,Geo+D1-3AE-CeNN dropout,214,0.0316686890169347,0.0379112023783004,1.0,1.1171256591310126,0.0285340563440922
model20,Geo+D2-HistAE-CeNN dropout,200,0.0081269514150834,0.0145913384274655,1.0,0.8140058288382794,0.1119594063683087
model20,Geo+D2-HistAE-CeNN dropout,201,0.0199130162426201,0.026934452270665,1.0,0.7907121903865924,0.1211850046426778
model20,Geo+D2-HistAE-CeNN dropout,202,0.0405239834741602,0.0572519453506963,1.0,0.5218366272445873,0.1000390729655846
model20,Geo+D2-HistAE-CeNN dropout,203,0.0135342234380923,0.0220126026360741,1.0,0.8340336785476615,0.1094203653197535
model20,Geo+D2-HistAE-CeNN dropout,204,0.0373043211996483,0.0433719638049883,1.0,1.22076610442775,0.125077190158533
model20,Geo+D2-HistAE-CeNN dropout,205,0.027084584845179,0.0461747226780944,1.0,0.9747078133662092,0.1073531728436514
model20,Geo+D2-HistAE-CeNN dropout,206,0.033677354664651,0.0504474211346056,1.0,0.5450610546680211,0.1071942416764105
model20,Geo+D2-HistAE-CeNN dropout,207,0.0227674194305218,0.0383091486711377,1.0,0.7412768676359318,0.1119120075174004
model20,Geo+D2-HistAE-CeNN dropout,208,0.0115867687758504,0.0244973386967411,1.0,0.7776712313572458,0.1099074287012836
model20,Geo+D2-HistAE-CeNN dropout,209,0.0261816688075582,0.0363429065830327,1.0,0.6492855624571809,0.1028850144637638
model20,Geo+D2-HistAE-CeNN dropout,210,0.0351591687055649,0.0564831922691959,1.0,0.5534348958308568,0.0891936480165527
model20,Geo+D2-HistAE-CeNN dropout,211,0.0342479749498415,0.0517141984026619,1.0,0.5606623010303011,0.1064337739709695
model20,Geo+D2-HistAE-CeNN dropout,212,0.0201184524700352,0.0250561748091482,1.0,1.0519365327521646,0.1182288862398499
model20,Geo+D2-HistAE-CeNN dropout,213,0.0269926532409906,0.03395339756359,1.0,0.6844804471567113,0.0914693997265733
model20,Geo+D2-HistAE-CeNN dropout,214,0.0249362565797243,0.0298329431258978,1.0,1.1108665781709797,0.1058196863405974
model20,Geo+D3-3HistAE-CeNN dropout,200,0.0291369514068414,0.0409905487075426,1.0,0.8584652102931284,0.1367465632362696
model20,Geo+D3-3HistAE-CeNN dropout,201,0.0375314841266382,0.047687912925643,1.0,0.8327894951765292,0.1367537577683136
model20,Geo+D3-3HistAE-CeNN dropout,202,0.0352706896387489,0.0472199211828843,1.0,0.5482922585384106,0.1376421343401859
model20,Geo+D3-3HistAE-CeNN dropout,203,0.0361952315724331,0.051865509801912,1.0,0.8898693790047357,0.140373392516727
model20,Geo+D3-3HistAE-CeNN dropout,204,0.0611850519176491,0.081121142664858,1.0,1.2845684209879409,0.1302660477217206
model20,Geo+D3-3HistAE-CeNN dropout,205,0.0475766075420536,0.0592810280600961,1.0,1.016786039788527,0.1443452527857918
model20,Geo+D3-3HistAE-CeNN dropout,206,0.0334828739599486,0.0433627311544703,1.0,0.5616676272883904,0.1460182015866061
model20,Geo+D3-3HistAE-CeNN dropout,207,0.0323165386726863,0.0421936393173884,1.0,0.7668603390466702,0.1416083483822827
model20,Geo+D3-3HistAE-CeNN dropout,208,0.0255156196349964,0.0369923310604067,1.0,0.819402474182762,0.1380049653015889
model20,Geo+D3-3HistAE-CeNN dropout,209,0.0219601850724738,0.0281282667507369,1.0,0.6795317251352063,0.128835877584327
model20,Geo+D3-3HistAE-CeNN dropout,210,0.0260268944138003,0.0489994181564202,1.0,0.574014426834448,0.1325879213209604
model20,Geo+D3-3HistAE-CeNN dropout,211,0.029930947158187,0.0446129325897658,1.0,0.578793660335873,0.1350771490365461
model20,Geo+D3-3HistAE-CeNN dropout,212,0.0461421766645987,0.0636269600740172,1.0,1.107116454365607,0.1259861920755667
model20,Geo+D3-3HistAE-CeNN dropout,213,0.0360008727842784,0.0417144983706904,1.0,0.7183265773174803,0.1381851728051408
model20,Geo+D3-3HistAE-CeNN dropout,214,0.0539371065119254,0.0724715608953881,1.0,1.1818487275194256,0.1342073850365796
latency40,Geo+D1-3AE-CeNN dropout,200,0.0179305171820944,0.0230788137741707,1.0,0.8221038135462667,0.0285343331566617
latency40,Geo+D1-3AE-CeNN dropout,201,0.0145417097671377,0.0215577280262227,1.0,0.8216347615293671,0.0285345200708118
latency40,Geo+D1-3AE-CeNN dropout,202,0.021085904988046,0.0302171438070181,1.0,0.8286199168345508,0.0285338642151129
latency40,Geo+D1-3AE-CeNN dropout,203,0.0173213362652011,0.0226846070123912,1.0,0.814801252815078,0.0285342571602656
latency40,Geo+D1-3AE-CeNN dropout,204,0.0197919248819939,0.0280188714456184,1.0,0.8358239783768356,0.0285334530519083
latency40,Geo+D1-3AE-CeNN dropout,205,0.020328326674384,0.0287767902081302,1.0,0.8207358022364519,0.028534458994692
latency40,Geo+D1-3AE-CeNN dropout,206,0.0157022822432818,0.0218513483066089,1.0,0.8347122505656908,0.0285341429221667
latency40,Geo+D1-3AE-CeNN dropout,207,0.0167114410112095,0.0219431223706161,1.0,0.8421276275611048,0.0285346142162328
latency40,Geo+D1-3AE-CeNN dropout,208,0.0187018055353462,0.024322961239612,1.0,0.8295056490555459,0.0285342448038737
latency40,Geo+D1-3AE-CeNN dropout,209,0.013463347650287,0.0219310199905947,1.0,0.835586857495929,0.0285342786992241
latency40,Geo+D1-3AE-CeNN dropout,210,0.0167033714927264,0.0222446523118158,1.0,0.8133859372473887,0.028533498578451
latency40,Geo+D1-3AE-CeNN dropout,211,0.0158938097203963,0.0254203289679771,1.0,0.8239124353902416,0.0285334763529685
latency40,Geo+D1-3AE-CeNN dropout,212,0.0210930430898121,0.0277816202853765,1.0,0.8350507807370358,0.0285342980809607
latency40,Geo+D1-3AE-CeNN dropout,213,0.0180266450472367,0.0237999145633864,1.0,0.8370519382464113,0.0285336615532519
latency40,Geo+D1-3AE-CeNN dropout,214,0.0162995646725927,0.0222424787350362,1.0,0.8158250018853846,0.0285340650892731
latency40,Geo+D2-HistAE-CeNN dropout,200,0.0156472470661989,0.0230788137741707,1.0,0.8256127800245736,0.0907328761688699
latency40,Geo+D2-HistAE-CeNN dropout,201,0.0162300112099824,0.0218826921929334,1.0,0.8150189819477318,0.0885014248056907
latency40,Geo+D2-HistAE-CeNN dropout,202,0.0178156473712596,0.02739790470109,1.0,0.8322277260188898,0.1023937178538737
latency40,Geo+D2-HistAE-CeNN dropout,203,0.0177562264369658,0.0226846070123912,1.0,0.8171350119863489,0.094495868391399
latency40,Geo+D2-HistAE-CeNN dropout,204,0.0193994409917816,0.0276779245494452,1.0,0.8347358818965286,0.0973352690358952
latency40,Geo+D2-HistAE-CeNN dropout,205,0.0188411636414113,0.0287767902081302,1.0,0.8315514895626038,0.1102267798641384
latency40,Geo+D2-HistAE-CeNN dropout,206,0.015839306267107,0.0222305737232052,1.0,0.8303314491315869,0.1045825243231876
latency40,Geo+D2-HistAE-CeNN dropout,207,0.015573248895863,0.0224445446702946,1.0,0.8365981311464422,0.1054912075003032
latency40,Geo+D2-HistAE-CeNN dropout,208,0.0172370684277761,0.0237867957669259,1.0,0.8295866238849158,0.1033388394267398
latency40,Geo+D2-HistAE-CeNN dropout,209,0.0136586676837949,0.0225087377491938,1.0,0.8299128817730039,0.1061748891468908
latency40,Geo+D2-HistAE-CeNN dropout,210,0.0126369335450932,0.021088274265554,1.0,0.8152344476669688,0.1006180497214604
latency40,Geo+D2-HistAE-CeNN dropout,211,0.0146276862478662,0.0254203289679771,1.0,0.8243029350284246,0.096955964786708
latency40,Geo+D2-HistAE-CeNN dropout,212,0.0193918404026202,0.0272388102724344,1.0,0.8366709816316142,0.1046785800298749
latency40,Geo+D2-HistAE-CeNN dropout,213,0.0136624756959346,0.0209486235170769,1.0,0.8382212373117408,0.0988486566458375
latency40,Geo+D2-HistAE-CeNN dropout,214,0.0140887598432767,0.0212209161315808,1.0,0.819536430141091,0.0915961961737546
latency40,Geo+D3-3HistAE-CeNN dropout,200,0.0350940818024616,0.0449084880879543,1.0,0.8721645509092004,0.1374433360650765
latency40,Geo+D3-3HistAE-CeNN dropout,201,0.0307063546400985,0.0434181706368048,1.0,0.8685605218855948,0.12937062294061
latency40,Geo+D3-3HistAE-CeNN dropout,202,0.0380415894626601,0.0477927896949247,1.0,0.8780646388242845,0.1415718909889433
latency40,Geo+D3-3HistAE-CeNN dropout,203,0.0341661447500423,0.046025909293521,1.0,0.8671056590960666,0.1359812483002579
latency40,Geo+D3-3HistAE-CeNN dropout,204,0.0365104160848687,0.0470188365890805,1.0,0.8892374093457712,0.1407299570230322
latency40,Geo+D3-3HistAE-CeNN dropout,205,0.0367352888746334,0.0455335671695623,1.0,0.8681868880580628,0.1351051269381092
latency40,Geo+D3-3HistAE-CeNN dropout,206,0.0321323784944261,0.044098062141393,1.0,0.8818675050132652,0.1290789139294827
latency40,Geo+D3-3HistAE-CeNN dropout,207,0.0317721182750199,0.0447531700793633,1.0,0.8895686204853401,0.1217151744639432
latency40,Geo+D3-3HistAE-CeNN dropout,208,0.0356755814357776,0.0465819340992309,1.0,0.8790358793670284,0.1370196187291409
latency40,Geo+D3-3HistAE-CeNN dropout,209,0.0301971100887661,0.044213902895688,1.0,0.8866453047377942,0.1354226225834693
latency40,Geo+D3-3HistAE-CeNN dropout,210,0.0353640298463335,0.0480876936858377,1.0,0.8643347071778111,0.1417870414420328
latency40,Geo+D3-3HistAE-CeNN dropout,211,0.0293728256424221,0.0417867132876788,1.0,0.8784460651866256,0.1279936089741059
latency40,Geo+D3-3HistAE-CeNN dropout,212,0.0375704206314911,0.0511109736748861,1.0,0.8881119886277575,0.1360750866780908
latency40,Geo+D3-3HistAE-CeNN dropout,213,0.0357228478219447,0.0464569406605962,1.0,0.8857767893440416,0.1368469060589298
latency40,Geo+D3-3HistAE-CeNN dropout,214,0.033866100261083,0.0453635156909798,1.0,0.8657289002723574,0.1375102053002486
payload50,Geo+D1-3AE-CeNN dropout,200,0.0815137452086487,0.1086704178062757,1.0,1.7752293295575683,0.0285342464937508
payload50,Geo+D1-3AE-CeNN dropout,201,0.0758750023211052,0.106974569735702,1.0,1.730357112813622,0.0285350029961571
payload50,Geo+D1-3AE-CeNN dropout,202,0.0682681487238408,0.0945512496290876,1.0,1.6303745777403895,0.0285343753437536
payload50,Geo+D1-3AE-CeNN dropout,203,0.07959217420713,0.1108939576626621,1.0,1.8043673899663288,0.028534633897964
payload50,Geo+D1-3AE-CeNN dropout,204,0.0778668422710901,0.1044956772321952,1.0,1.762337705424336,0.0285356371735634
payload50,Geo+D1-3AE-CeNN dropout,205,0.0812655028029687,0.1143815124927692,1.0,1.8478278529721368,0.0285348684715231
payload50,Geo+D1-3AE-CeNN dropout,206,0.0815693567798906,0.1180507189661563,1.0,1.861023793531258,0.0285349305573753
payload50,Geo+D1-3AE-CeNN dropout,207,0.0706344465659152,0.0983490394632983,1.0,1.671723087532242,0.028535078326242
payload50,Geo+D1-3AE-CeNN dropout,208,0.0654564163216226,0.0921689756091159,1.0,1.61311543948933,0.0285338963071641
payload50,Geo+D1-3AE-CeNN dropout,209,0.0857882439638729,0.1179880746537954,1.0,1.8504392619815715,0.0285353301180451
payload50,Geo+D1-3AE-CeNN dropout,210,0.0722759891548504,0.1039610424934764,1.0,1.7213726479893476,0.0285346275767205
payload50,Geo+D1-3AE-CeNN dropout,211,0.069797391928324,0.0995382059439545,1.0,1.690126650844543,0.0285347327906446
payload50,Geo+D1-3AE-CeNN dropout,212,0.0834669215591643,0.1185566556659858,1.0,1.8526058581998668,0.0285350222167591
payload50,Geo+D1-3AE-CeNN dropout,213,0.0813932391780376,0.1096037726391618,1.0,1.7625766158153038,0.0285350762125617
payload50,Geo+D1-3AE-CeNN dropout,214,0.066057497051381,0.0909424401880525,1.0,1.6057311212802738,0.0285341813414457
payload50,Geo+D2-HistAE-CeNN dropout,200,0.0763515003811759,0.1029620454286803,1.0,1.7666094644567354,0.1090410421527365
payload50,Geo+D2-HistAE-CeNN dropout,201,0.0689115445420108,0.099575982977996,1.0,1.7145572416149657,0.0909307544816352
payload50,Geo+D2-HistAE-CeNN dropout,202,0.0607890654335927,0.0858667825994913,1.0,1.61476344614595,0.1040154621769953
payload50,Geo+D2-HistAE-CeNN dropout,203,0.0692774367418638,0.1009636762659498,1.0,1.7793692347221512,0.1231783603837488
payload50,Geo+D2-HistAE-CeNN dropout,204,0.0694665760200976,0.096438015121783,1.0,1.7439051687341152,0.121252595167993
payload50,Geo+D2-HistAE-CeNN dropout,205,0.0712137317524409,0.1037496675369605,1.0,1.8173802514608108,0.1184169502949349
payload50,Geo+D2-HistAE-CeNN dropout,206,0.0704116424233851,0.1055536358566186,1.0,1.8308809690506145,0.1210500576369582
payload50,Geo+D2-HistAE-CeNN dropout,207,0.0630199453273207,0.0886564303809762,1.0,1.6510604623960363,0.1262331868472944
payload50,Geo+D2-HistAE-CeNN dropout,208,0.0573498543436752,0.0819490165538068,1.0,1.590548274169987,0.1125740091820211
payload50,Geo+D2-HistAE-CeNN dropout,209,0.0792197981547408,0.1084972576050185,1.0,1.8381165981891268,0.1373951802619384
payload50,Geo+D2-HistAE-CeNN dropout,210,0.0627449210181685,0.0932453543553885,1.0,1.6934804053984818,0.1239664601252675
payload50,Geo+D2-HistAE-CeNN dropout,211,0.0610902067283856,0.0895105197525153,1.0,1.6605961346302125,0.1067333068140568
payload50,Geo+D2-HistAE-CeNN dropout,212,0.0737727658145695,0.108444795669632,1.0,1.8357155066289312,0.1221875094935065
payload50,Geo+D2-HistAE-CeNN dropout,213,0.0747594523006393,0.1015126989479563,1.0,1.7463441780787254,0.1117134681483301
payload50,Geo+D2-HistAE-CeNN dropout,214,0.0589113411090215,0.0818510521756844,1.0,1.5849320835526743,0.118752347656172
payload50,Geo+D3-3HistAE-CeNN dropout,200,0.1017044492225208,0.135507191517877,1.0,1.8683874917922263,0.1267936716243686
payload50,Geo+D3-3HistAE-CeNN dropout,201,0.0961120247781059,0.1328804364265969,1.0,1.8270205055114883,0.124979579644068
payload50,Geo+D3-3HistAE-CeNN dropout,202,0.0893834664318947,0.1233363380171705,1.0,1.722626394411391,0.1295486188334914
payload50,Geo+D3-3HistAE-CeNN dropout,203,0.0988560639848003,0.1361233850704367,1.0,1.8985502123365243,0.1208750360268422
payload50,Geo+D3-3HistAE-CeNN dropout,204,0.0981859250156334,0.1319624004867478,1.0,1.8552492296243055,0.1232953133005642
payload50,Geo+D3-3HistAE-CeNN dropout,205,0.1000152410651828,0.1379470064270693,1.0,1.9414078688528196,0.11461690730952
payload50,Geo+D3-3HistAE-CeNN dropout,206,0.100372749876884,0.1415735602201549,1.0,1.958430480250478,0.118176519310954
payload50,Geo+D3-3HistAE-CeNN dropout,207,0.0884654258225641,0.121269486670929,1.0,1.7558876376277128,0.1111362683466131
payload50,Geo+D3-3HistAE-CeNN dropout,208,0.0850250720175145,0.1184453084115208,1.0,1.6975491092759225,0.1135872946417501
payload50,Geo+D3-3HistAE-CeNN dropout,209,0.1082137312869497,0.1477810944055249,1.0,1.9593121094469876,0.1308529164691128
payload50,Geo+D3-3HistAE-CeNN dropout,210,0.0910224338336535,0.12934067428743,1.0,1.8076232008536013,0.1205813824194823
payload50,Geo+D3-3HistAE-CeNN dropout,211,0.086749429547006,0.1213768387878446,1.0,1.7732093200022916,0.1098046485585238
payload50,Geo+D3-3HistAE-CeNN dropout,212,0.1023979451769109,0.141782330391355,1.0,1.9488144489464407,0.1196435931955852
payload50,Geo+D3-3HistAE-CeNN dropout,213,0.1026402344708024,0.138627098984953,1.0,1.85711541215782,0.1319135410160032
payload50,Geo+D3-3HistAE-CeNN dropout,214,0.085975400746709,0.1182493817129341,1.0,1.6918729813785054,0.1216899022502312
rotoreff30,Geo+D1-3AE-CeNN dropout,200,0.0263574810628614,0.0409414768926717,1.0,0.8952124394010411,0.0285337201914725
rotoreff30,Geo+D1-3AE-CeNN dropout,201,0.0242766317261691,0.0276989228242518,1.0,1.0076870335129369,0.0285341080300948
rotoreff30,Geo+D1-3AE-CeNN dropout,202,0.0537251927802407,0.0715021869982319,1.0,1.4161542906105031,0.0285341929141413
rotoreff30,Geo+D1-3AE-CeNN dropout,203,0.0561182890605657,0.0788563653038649,1.0,1.3479012105257275,0.0285334926984694
rotoreff30,Geo+D1-3AE-CeNN dropout,204,0.0523277722677046,0.0717559435526904,1.0,1.3259818181919631,0.0285327271169
rotoreff30,Geo+D1-3AE-CeNN dropout,205,0.0573784731939254,0.0810959490979326,1.0,1.462818514231199,0.0285331842760783
rotoreff30,Geo+D1-3AE-CeNN dropout,206,0.0489824760457242,0.0627864226129332,1.0,1.234253985292165,0.0285345463418529
rotoreff30,Geo+D1-3AE-CeNN dropout,207,0.0869853308221359,0.1226585720875161,1.0,1.7879438691574685,0.0285344837800213
rotoreff30,Geo+D1-3AE-CeNN dropout,208,0.1078686224642633,0.1601752961727426,1.0,2.111918440244973,0.0285355848833791
rotoreff30,Geo+D1-3AE-CeNN dropout,209,0.0574249524448385,0.0782531208756184,1.0,1.3100480580195748,0.0285343674694515
rotoreff30,Geo+D1-3AE-CeNN dropout,210,0.0407344224111409,0.0567459890207312,1.0,1.2160282874628,0.0285349070341872
rotoreff30,Geo+D1-3AE-CeNN dropout,211,0.072303695271327,0.0929307285858108,1.0,1.5296980282431267,0.0285344663070288
rotoreff30,Geo+D1-3AE-CeNN dropout,212,0.0994590484207969,0.1393217928312476,1.0,2.0087232608845875,0.0285346237867812
rotoreff30,Geo+D1-3AE-CeNN dropout,213,0.1406089168765507,0.203513944334451,1.0,2.6786490782435584,0.0285348753308045
rotoreff30,Geo+D1-3AE-CeNN dropout,214,0.0577110669214564,0.0865347524971452,1.0,1.4448670404133075,0.0285343643635168
rotoreff30,Geo+D2-HistAE-CeNN dropout,200,0.027061582062098,0.0409402732721437,1.0,0.9125061698286464,0.1181268772878248
rotoreff30,Geo+D2-HistAE-CeNN dropout,201,0.0232354416122606,0.0285462338002762,1.0,1.026152224247201,0.1318615644242861
rotoreff30,Geo+D2-HistAE-CeNN dropout,202,0.0479586057086276,0.0695878038176793,1.0,1.414742544206411,0.1323794134155923
rotoreff30,Geo+D2-HistAE-CeNN dropout,203,0.0530932040912366,0.0757667317829999,1.0,1.3547575925214543,0.1400568032605929
rotoreff30,Geo+D2-HistAE-CeNN dropout,204,0.0491809002080572,0.0711515432872215,1.0,1.337365347107904,0.1292170459505163
rotoreff30,Geo+D2-HistAE-CeNN dropout,205,0.0539008767971133,0.0798299402928216,1.0,1.4683025877239024,0.1149578969471021
rotoreff30,Geo+D2-HistAE-CeNN dropout,206,0.0489493092564182,0.063517677748788,1.0,1.2438488764321214,0.1161369978667843
rotoreff30,Geo+D2-HistAE-CeNN dropout,207,0.0739687026798164,0.1032156028150598,1.0,1.7695525253642468,0.1448344489689506
rotoreff30,Geo+D2-HistAE-CeNN dropout,208,0.0876236779658255,0.1308936437990272,1.0,2.0562030813503225,0.1788562430201669
rotoreff30,Geo+D2-HistAE-CeNN dropout,209,0.0495169825541306,0.0716998668206622,1.0,1.3042007478293125,0.1273623744825505
rotoreff30,Geo+D2-HistAE-CeNN dropout,210,0.02979066911318,0.0429930216224587,1.0,1.2156618549746496,0.1352563133613704
rotoreff30,Geo+D2-HistAE-CeNN dropout,211,0.0706662863185886,0.0914117704325165,1.0,1.5317240308147448,0.1249826591048233
rotoreff30,Geo+D2-HistAE-CeNN dropout,212,0.0921158940354331,0.1286350675799431,1.0,2.008690682131676,0.1457253759299015
rotoreff30,Geo+D2-HistAE-CeNN dropout,213,0.1173195419953945,0.1751927430503007,1.0,2.5821589478880007,0.1675446904994876
rotoreff30,Geo+D2-HistAE-CeNN dropout,214,0.0518003508868654,0.0839333968380403,1.0,1.4324746614513848,0.1105832804820095
rotoreff30,Geo+D3-3HistAE-CeNN dropout,200,0.0416123971310411,0.0468335866686087,1.0,0.9459534080337813,0.1275802366885061
rotoreff30,Geo+D3-3HistAE-CeNN dropout,201,0.0402486654296808,0.0530193604130567,1.0,1.0580224481823497,0.1283882910274291
rotoreff30,Geo+D3-3HistAE-CeNN dropout,202,0.0726717166478417,0.0966997140759589,1.0,1.4847341496543285,0.1204685277958462
rotoreff30,Geo+D3-3HistAE-CeNN dropout,203,0.0784617327922631,0.1055755565320977,1.0,1.4316260638334688,0.1366296062693055
rotoreff30,Geo+D3-3HistAE-CeNN dropout,204,0.071003146579477,0.0924001385093591,1.0,1.39878814946203,0.1227543003393254
rotoreff30,Geo+D3-3HistAE-CeNN dropout,205,0.0755464748341007,0.1026660661909624,1.0,1.5406501678127138,0.1221863313376463
rotoreff30,Geo+D3-3HistAE-CeNN dropout,206,0.0676895176978248,0.0896439809577077,1.0,1.2998139158697612,0.1254126289916911
rotoreff30,Geo+D3-3HistAE-CeNN dropout,207,0.1011014891426631,0.1397574558472294,1.0,1.851068263447998,0.1149986261465256
rotoreff30,Geo+D3-3HistAE-CeNN dropout,208,0.1179593238548051,0.1719851324272534,1.0,2.1727828436586414,0.0997471200851544
rotoreff30,Geo+D3-3HistAE-CeNN dropout,209,0.0789974015226079,0.105587112939316,1.0,1.39094627801457,0.1353790025119108
rotoreff30,Geo+D3-3HistAE-CeNN dropout,210,0.053599619278905,0.0747245850087219,1.0,1.278423500316172,0.1236858337995204
rotoreff30,Geo+D3-3HistAE-CeNN dropout,211,0.0873194551011105,0.1123363953487409,1.0,1.5906923742594723,0.1143633786243903
rotoreff30,Geo+D3-3HistAE-CeNN dropout,212,0.1117398754777971,0.1519602523456996,1.0,2.0965174662066346,0.1151104090546568
rotoreff30,Geo+D3-3HistAE-CeNN dropout,213,0.1551605608952582,0.2208540169948155,1.0,2.780386215565177,0.1120666351029098
rotoreff30,Geo+D3-3HistAE-CeNN dropout,214,0.080746399609687,0.109942285607623,1.0,1.5344860219320426,0.1363403385067077
compound,Geo+D1-3AE-CeNN dropout,200,0.1126153197915214,0.2020252458851624,1.0,1.0021228708412786,0.0285356059073004
compound,Geo+D1-3AE-CeNN dropout,201,0.1296252368436215,0.1925009948168138,1.0,1.7680898280556845,0.0285342442099078
compound,Geo+D1-3AE-CeNN dropout,202,0.1025095512128776,0.184860167961445,1.0,1.4350776319301786,0.0285339275533502
compound,Geo+D1-3AE-CeNN dropout,203,0.0945021259097329,0.2002253589935276,1.0,0.4078467713433797,0.0285345419513873
compound,Geo+D1-3AE-CeNN dropout,204,0.1538819971855568,0.2216597012162758,1.0,3.000382283454319,0.02853485420619
compound,Geo+D1-3AE-CeNN dropout,205,0.1359072207249932,0.170085326154756,1.0,2.526101410694934,0.0285352318733307
compound,Geo+D1-3AE-CeNN dropout,206,0.0652948329060319,0.1120731962931995,1.0,0.764709378743479,0.0285356581557065
compound,Geo+D1-3AE-CeNN dropout,207,0.0881324478100105,0.126090530044151,1.0,1.672258824927973,0.0285335980479693
compound,Geo+D1-3AE-CeNN dropout,208,0.1131763528725229,0.1558846841961841,1.0,2.159454896056132,0.0285350256399912
compound,Geo+D1-3AE-CeNN dropout,209,0.1229062332377431,0.1996024868157153,1.0,1.4107511976807376,0.0285348161382587
compound,Geo+D1-3AE-CeNN dropout,210,0.0847638911633885,0.1608019156407344,1.0,1.0864605573648012,0.0285340765909246
compound,Geo+D1-3AE-CeNN dropout,211,0.1438004869867666,0.2409533396674751,1.0,2.840887943100493,0.0285342291289523
compound,Geo+D1-3AE-CeNN dropout,212,0.1118817833575257,0.201872330091088,1.0,1.924282591830176,0.0285347462845535
compound,Geo+D1-3AE-CeNN dropout,213,0.1155309339590659,0.1840200052435759,1.0,1.4850659585121744,0.0285313531959378
compound,Geo+D1-3AE-CeNN dropout,214,0.1880075378773237,0.2917464733704154,1.0,3.653712733890275,0.0285343226109599
compound,Geo+D2-HistAE-CeNN dropout,200,0.0983493693931921,0.195118641955664,1.0,1.0166891978315042,0.1711872579644366
compound,Geo+D2-HistAE-CeNN dropout,201,0.1048766479306977,0.1804101819750388,1.0,1.7090979360393437,0.1728849203992717
compound,Geo+D2-HistAE-CeNN dropout,202,0.0919893641397645,0.1817751000064108,1.0,1.4443401328855283,0.153795654977563
compound,Geo+D2-HistAE-CeNN dropout,203,0.0886632674356079,0.1969156435252313,1.0,0.4374890425403551,0.1450150314804558
compound,Geo+D2-HistAE-CeNN dropout,204,0.14692970869966,0.2186957828261403,1.0,2.9697292648669413,0.1111826944237662
compound,Geo+D2-HistAE-CeNN dropout,205,0.1112954915031418,0.1614111956744172,1.0,2.466581553040602,0.1908661624215993
compound,Geo+D2-HistAE-CeNN dropout,206,0.051712220819815,0.1103098048766155,1.0,0.8000189405280481,0.1750027013670596
compound,Geo+D2-HistAE-CeNN dropout,207,0.0848285084416776,0.1165073942097913,1.0,1.6842565241760608,0.1403015605235669
compound,Geo+D2-HistAE-CeNN dropout,208,0.0918374518318078,0.1236478580484323,1.0,2.094438438460549,0.1573940170563852
compound,Geo+D2-HistAE-CeNN dropout,209,0.098426684939546,0.1860603659479881,1.0,1.3682002805728948,0.1781385308436502
compound,Geo+D2-HistAE-CeNN dropout,210,0.0720600277273141,0.150563693675802,1.0,1.078133533823711,0.1658701173731906
compound,Geo+D2-HistAE-CeNN dropout,211,0.1406658888773042,0.2403879347905224,1.0,2.85389460565424,0.1450025373916466
compound,Geo+D2-HistAE-CeNN dropout,212,0.0937571462959095,0.1951949240492685,1.0,1.9187871613844896,0.1790015438203812
compound,Geo+D2-HistAE-CeNN dropout,213,0.1030130796255508,0.171038396519327,1.0,1.4515534132800834,0.1520197829321918
compound,Geo+D2-HistAE-CeNN dropout,214,0.1611440388332931,0.2774774080247266,1.0,3.554366146342681,0.2212468850578167
compound,Geo+D3-3HistAE-CeNN dropout,200,0.1063676774896745,0.2028911342163211,1.0,1.0413048363357125,0.1165383881303939
compound,Geo+D3-3HistAE-CeNN dropout,201,0.1467806808405648,0.2025735401302991,1.0,1.8780985130233052,0.1604832894508632
compound,Geo+D3-3HistAE-CeNN dropout,202,0.1092273845436267,0.1922425229369253,1.0,1.503763221605407,0.1446733557007783
compound,Geo+D3-3HistAE-CeNN dropout,203,0.0844894861483956,0.1905879097304971,1.0,0.4492817518604998,0.1376251046123002
compound,Geo+D3-3HistAE-CeNN dropout,204,0.1722940245388318,0.2384775573609515,1.0,3.1093616906011574,0.1205891716382066
compound,Geo+D3-3HistAE-CeNN dropout,205,0.1469021884019259,0.1792170467163323,1.0,2.60164020102939,0.1052462025292997
compound,Geo+D3-3HistAE-CeNN dropout,206,0.0692176845397148,0.1050927497629749,1.0,0.7928629029264964,0.1412915366658989
compound,Geo+D3-3HistAE-CeNN dropout,207,0.0946102626777058,0.1350895191123904,1.0,1.731830928252705,0.1491730892656734
compound,Geo+D3-3HistAE-CeNN dropout,208,0.1283020942995315,0.1737917198953617,1.0,2.240682010116848,0.1257100649497514
compound,Geo+D3-3HistAE-CeNN dropout,209,0.1266600622813682,0.1977301193396043,1.0,1.4671591161938144,0.1304477737736697
compound,Geo+D3-3HistAE-CeNN dropout,210,0.0823162520541238,0.1656421899201555,1.0,1.1474687457633936,0.1231951475994602
compound,Geo+D3-3HistAE-CeNN dropout,211,0.1589715714363938,0.2457781928468598,1.0,2.910628215175348,0.1212707335250801
compound,Geo+D3-3HistAE-CeNN dropout,212,0.1160215766591229,0.2066943595756593,1.0,1.968525072744585,0.1095622648400461
compound,Geo+D3-3HistAE-CeNN dropout,213,0.1229190149285771,0.1891533055332285,1.0,1.550049056058178,0.1068277666292149
compound,Geo+D3-3HistAE-CeNN dropout,214,0.1909605472164408,0.2881515986305381,1.0,3.670197339299581,0.1128901072702787
