Scenario,Controller,SeedIndex,pos_rmse_m,pos_max_m,success,control_effort,residual_rms_ms2
nominal,LQR-outer,3600,0.01131181408880505,0.01730641084689043,1.0,0.8104380428912875,0.0
nominal,LQR-outer,3601,0.010591111822729211,0.016702490664989016,1.0,0.8015170005208834,0.0
nominal,LQR-outer,3602,0.01156673064612819,0.018033286692525716,1.0,0.7983112934232035,0.0
nominal,LQR-outer,3603,0.013508489596991524,0.02076755638408245,1.0,0.793317433616429,0.0
nominal,LQR-outer,3604,0.013673360381967805,0.021830089062775254,1.0,0.802083201723792,0.0
nominal,LQR-outer,3605,0.014077513469079013,0.023440658497154147,1.0,0.7978034302351688,0.0
nominal,LQR-outer,3606,0.012636394479509113,0.021373332750697385,1.0,0.7880922635233205,0.0
nominal,LQR-outer,3607,0.023383755296527187,0.04483188236855901,1.0,0.7836422132909617,0.0
nominal,LQR-outer,3608,0.020427669943837358,0.038703367616267435,1.0,0.8063453796734368,0.0
nominal,LQR-outer,3609,0.011653343717969524,0.020170244240930894,1.0,0.7951504685430028,0.0
nominal,LQR-outer,3610,0.01987670581162388,0.036448610508978296,1.0,0.7951557933056644,0.0
nominal,LQR-outer,3611,0.012955366648003072,0.02107147403401047,1.0,0.785074438912094,0.0
nominal,LQR-outer,3612,0.01819088653071725,0.03606326705317259,1.0,0.7867846548749985,0.0
nominal,LQR-outer,3613,0.009809488436956008,0.014740225790593435,1.0,0.800147200780289,0.0
nominal,LQR-outer,3614,0.013702641507751894,0.02194973234498857,1.0,0.7907850572299346,0.0
nominal,LQR-outer,3615,0.017149930335139882,0.028510814063588637,1.0,0.8025684960524694,0.0
nominal,LQR-outer,3616,0.012578044002353484,0.02308088667784957,1.0,0.8007975591213276,0.0
nominal,LQR-outer,3617,0.015294665805821369,0.02954331878338707,1.0,0.7977143461523757,0.0
nominal,LQR-outer,3618,0.015021864919687112,0.029912511823414856,1.0,0.7949004701033306,0.0
nominal,LQR-outer,3619,0.010490624627830191,0.016178002314465503,1.0,0.7944058306638515,0.0
nominal,LQR-outer,3620,0.016924781780604456,0.02908387996502352,1.0,0.7947686318197946,0.0
nominal,LQR-outer,3621,0.015754551194586304,0.02971173103701048,1.0,0.8008530281246325,0.0
nominal,LQR-outer,3622,0.016039802795133506,0.030889493740845847,1.0,0.7842530249938877,0.0
nominal,LQR-outer,3623,0.011512654550830616,0.01967710676135686,1.0,0.7926617758932523,0.0
nominal,LQR-outer,3624,0.01589774556267031,0.026599024243623204,1.0,0.797429238069023,0.0
nominal,LQR-outer,3625,0.01305209856811991,0.02026867529164569,1.0,0.7974286331632823,0.0
nominal,LQR-outer,3626,0.015638535794038507,0.02814581860775514,1.0,0.7865183466552751,0.0
nominal,LQR-outer,3627,0.015052698551366912,0.02525120422541128,1.0,0.7931564533625468,0.0
nominal,LQR-outer,3628,0.012686219356334589,0.022524823606000947,1.0,0.7868101669698506,0.0
nominal,LQR-outer,3629,0.020101727905975274,0.03639664018351552,1.0,0.7982482682020341,0.0
nominal,LQR-outer,3630,0.016133657267269702,0.030700326216878945,1.0,0.7929405743885841,0.0
nominal,LQR-outer,3631,0.016702266918135582,0.028692446584847212,1.0,0.8113423199810516,0.0
nominal,LQR-outer,3632,0.01267595724683861,0.026293791638362676,1.0,0.7907364075494142,0.0
nominal,LQR-outer,3633,0.011436293102491646,0.015753887273293472,1.0,0.7978256526362167,0.0
nominal,LQR-outer,3634,0.019553081120772215,0.03612794917363389,1.0,0.8216098255317056,0.0
nominal,LQR-outer,3635,0.01011551207835211,0.014943372227045972,1.0,0.8041739713280829,0.0
nominal,LQR-outer,3636,0.008601647536541034,0.01709423967222982,1.0,0.8059755089305971,0.0
nominal,LQR-outer,3637,0.017281177152345086,0.030075712489111863,1.0,0.7951683427703886,0.0
nominal,LQR-outer,3638,0.015883697874724455,0.02933212479697132,1.0,0.7969599428226166,0.0
nominal,LQR-outer,3639,0.010509831097559149,0.015850652882785195,1.0,0.7987781709421766,0.0
nominal,LQR-outer,3640,0.011961799328680443,0.017455873261932833,1.0,0.7921650073542582,0.0
nominal,LQR-outer,3641,0.013611790961759138,0.021394982434535338,1.0,0.8143599048688837,0.0
nominal,LQR-outer,3642,0.01591889936973726,0.027346313428692252,1.0,0.7913794820684654,0.0
nominal,LQR-outer,3643,0.009253925550335947,0.01490407939547343,1.0,0.8055131219756556,0.0
nominal,LQR-outer,3644,0.014545286369828594,0.02386616738882395,1.0,0.791753542481638,0.0
nominal,LQR-outer,3645,0.015107458854599473,0.029739905575845296,1.0,0.790654012970508,0.0
nominal,LQR-outer,3646,0.01054683804807082,0.014924078430707902,1.0,0.7887518434711994,0.0
nominal,LQR-outer,3647,0.01086087740092121,0.020192411445891543,1.0,0.7988383575408529,0.0
nominal,LQR-outer,3648,0.014509871822868425,0.02763188012984255,1.0,0.7765606337998008,0.0
nominal,LQR-outer,3649,0.011227786597781099,0.017506830925564647,1.0,0.7941198801817397,0.0
nominal,LQR-outer,3650,0.019995105144288948,0.034901380438616986,1.0,0.8052838323342145,0.0
nominal,LQR-outer,3651,0.012779386186007092,0.019064698592114057,1.0,0.803128301804809,0.0
nominal,LQR-outer,3652,0.014299956671373256,0.026648887743064682,1.0,0.7968916147937766,0.0
nominal,LQR-outer,3653,0.010455286467989386,0.016460913515266764,1.0,0.8008750638308362,0.0
nominal,LQR-outer,3654,0.013033298297491109,0.022453301274390162,1.0,0.7873479079612918,0.0
nominal,LQR-outer,3655,0.009158519595400082,0.01490271006231025,1.0,0.7876469945419584,0.0
nominal,LQR-outer,3656,0.009870179760918628,0.015454167194136545,1.0,0.7838661791084673,0.0
nominal,LQR-outer,3657,0.013563150472538837,0.026805662478726684,1.0,0.8060521348268816,0.0
nominal,LQR-outer,3658,0.01270284894760821,0.020295509226880778,1.0,0.792877727264256,0.0
nominal,LQR-outer,3659,0.015088906642007219,0.0299852365721773,1.0,0.784712712746551,0.0
nominal,LQR-outer,3660,0.016982306026395836,0.030167381463994957,1.0,0.7902954312970738,0.0
nominal,LQR-outer,3661,0.010890269967575292,0.022202117783471673,1.0,0.7999815326763631,0.0
nominal,LQR-outer,3662,0.010349105104833807,0.015594558293527516,1.0,0.7887352881540562,0.0
nominal,LQR-outer,3663,0.011084883051809939,0.019971899620536093,1.0,0.7879207386011112,0.0
nominal,LQR-outer,3664,0.012475135800481244,0.018739754367824244,1.0,0.8168448755477129,0.0
nominal,LQR-outer,3665,0.016988023044482898,0.031181589555671723,1.0,0.8078072236317405,0.0
nominal,LQR-outer,3666,0.010930422774209546,0.022265590182347073,1.0,0.7968917522446458,0.0
nominal,LQR-outer,3667,0.013780101524686894,0.024632088827821277,1.0,0.788403538016954,0.0
nominal,LQR-outer,3668,0.017333582722052952,0.03084854916470913,1.0,0.7920879174671375,0.0
nominal,LQR-outer,3669,0.016152322088329157,0.02931242664075809,1.0,0.795857161354534,0.0
nominal,LQR-outer,3670,0.017407012122117125,0.03005792739245342,1.0,0.7938472697413995,0.0
nominal,LQR-outer,3671,0.008593899936098293,0.01488905131115867,1.0,0.7934595657146947,0.0
nominal,LQR-outer,3672,0.01029420180431263,0.01820651178110117,1.0,0.7987808996723659,0.0
nominal,LQR-outer,3673,0.020584244679836248,0.03724671163455878,1.0,0.8043582867696126,0.0
nominal,LQR-outer,3674,0.01862501807402182,0.033622318467322436,1.0,0.8032718503176123,0.0
nominal,LQR-outer,3675,0.01288253757537888,0.022604583823525426,1.0,0.7906867364063944,0.0
nominal,LQR-outer,3676,0.013452187452570792,0.026654518796205583,1.0,0.8129683195398902,0.0
nominal,LQR-outer,3677,0.018425786470845203,0.035989459481520096,1.0,0.7874020229610041,0.0
nominal,LQR-outer,3678,0.011467452669428571,0.0238104832651611,1.0,0.7911902515883144,0.0
nominal,LQR-outer,3679,0.011810175447059004,0.01777641746717744,1.0,0.8019269388775326,0.0
nominal,LQR-outer,3680,0.013168622318322875,0.02431903781791603,1.0,0.7883576104484566,0.0
nominal,LQR-outer,3681,0.017815693161003943,0.03274573575338986,1.0,0.7970673428165179,0.0
nominal,LQR-outer,3682,0.00946011651024962,0.014889473532607535,1.0,0.8028768109071088,0.0
nominal,LQR-outer,3683,0.012141403421930135,0.02713793886124941,1.0,0.781366631398859,0.0
nominal,LQR-outer,3684,0.014700493034555376,0.02393423712998138,1.0,0.7987995036581073,0.0
nominal,LQR-outer,3685,0.010665953745445319,0.01654860000679489,1.0,0.7893133473566382,0.0
nominal,LQR-outer,3686,0.010151786946638122,0.014954369949914805,1.0,0.7972943251937916,0.0
nominal,LQR-outer,3687,0.013524001186954288,0.02558178110859526,1.0,0.7972126222543354,0.0
nominal,LQR-outer,3688,0.00932491562456849,0.014925378868311792,1.0,0.8126908168204188,0.0
nominal,LQR-outer,3689,0.00999839651931472,0.014946534909722423,1.0,0.7915758868454446,0.0
nominal,LQR-outer,3690,0.011390840350498001,0.019234132778338492,1.0,0.808573221246885,0.0
nominal,LQR-outer,3691,0.016934473612500715,0.02921046639786479,1.0,0.8187832152647508,0.0
nominal,LQR-outer,3692,0.019413881165903535,0.03454254981205447,1.0,0.8105594286434487,0.0
nominal,LQR-outer,3693,0.013834306563510103,0.023598495489259127,1.0,0.7818413976054321,0.0
nominal,LQR-outer,3694,0.013694468031088949,0.023513727660796964,1.0,0.7941854635548395,0.0
nominal,LQR-outer,3695,0.010995760727155229,0.01605581938186466,1.0,0.8021666161111976,0.0
nominal,LQR-outer,3696,0.00972292699668622,0.01495719394617379,1.0,0.8059102499508249,0.0
nominal,LQR-outer,3697,0.016636545615484513,0.03618312352541923,1.0,0.7801554417422019,0.0
nominal,LQR-outer,3698,0.01693987655274725,0.032812979772027386,1.0,0.7955574593403012,0.0
nominal,LQR-outer,3699,0.013334391491835759,0.023932643150867485,1.0,0.7901498664196218,0.0
nominal,Geo+AE-CeNN,3600,0.011892340334684011,0.01723242575219558,1.0,0.8139967183113802,0.03927151165476968
nominal,Geo+AE-CeNN,3601,0.012816392515809152,0.01710737809367139,1.0,0.8031215195060347,0.03933604187238119
nominal,Geo+AE-CeNN,3602,0.012408413235803637,0.018033004850612964,1.0,0.8014406222543623,0.0393594869263298
nominal,Geo+AE-CeNN,3603,0.015223952031123493,0.021080486191648377,1.0,0.7960287643799406,0.039485266497502176
nominal,Geo+AE-CeNN,3604,0.015609106813050989,0.022057428483382383,1.0,0.8055648283110204,0.039295481819109704
nominal,Geo+AE-CeNN,3605,0.01633118216178984,0.023862150558749896,1.0,0.7996117063889335,0.03938810998971637
nominal,Geo+AE-CeNN,3606,0.014336269584989606,0.021373918683892528,1.0,0.7898498593078254,0.039555945108686784
nominal,Geo+AE-CeNN,3607,0.024995453247088892,0.04497773884724273,1.0,0.7865293264378597,0.03955841107671726
nominal,Geo+AE-CeNN,3608,0.02222356143023333,0.03891251154181819,1.0,0.8100356525702673,0.039664579472051695
nominal,Geo+AE-CeNN,3609,0.012669622089648735,0.02016971741413092,1.0,0.7983916968549533,0.039396732957472314
nominal,Geo+AE-CeNN,3610,0.020701203757146167,0.036555512666878794,1.0,0.7980938832189977,0.03916990434431092
nominal,Geo+AE-CeNN,3611,0.014061538442183625,0.021071289679410833,1.0,0.7869776331215658,0.03944935935166801
nominal,Geo+AE-CeNN,3612,0.019635146915516946,0.0360641710039657,1.0,0.7874473054828243,0.039383207897609
nominal,Geo+AE-CeNN,3613,0.010778607939271594,0.016731983403235805,1.0,0.8016727915205163,0.03916792519984828
nominal,Geo+AE-CeNN,3614,0.015491617481444684,0.022087474684784888,1.0,0.7938326603493513,0.03943584756984645
nominal,Geo+AE-CeNN,3615,0.018705957194424035,0.029367864633671213,1.0,0.8064517100858388,0.0394056326841171
nominal,Geo+AE-CeNN,3616,0.01339450526744162,0.023080400074363135,1.0,0.803774312052669,0.03925645585651458
nominal,Geo+AE-CeNN,3617,0.016320500714594493,0.02954319076226017,1.0,0.8007269047867078,0.039565866866785634
nominal,Geo+AE-CeNN,3618,0.015286443022159792,0.02991250857469868,1.0,0.7970727884964496,0.039228232868129605
nominal,Geo+AE-CeNN,3619,0.011812686101005254,0.017421216101801144,1.0,0.7970725960876105,0.03947522145696535
nominal,Geo+AE-CeNN,3620,0.01923406844143695,0.029836622958799998,1.0,0.7980429612148651,0.03952955873857469
nominal,Geo+AE-CeNN,3621,0.01641543319906423,0.029705524891650355,1.0,0.8040566549190398,0.03929526586197057
nominal,Geo+AE-CeNN,3622,0.01802773538217715,0.03089006525421916,1.0,0.7863493639123037,0.03969206656912272
nominal,Geo+AE-CeNN,3623,0.012867135485498307,0.01967730298401412,1.0,0.7955655507036454,0.03943232132424284
nominal,Geo+AE-CeNN,3624,0.0173768849120339,0.026847064453656554,1.0,0.8012994848380879,0.039446293301264757
nominal,Geo+AE-CeNN,3625,0.013980401751783176,0.020352096223683194,1.0,0.8001538301749158,0.03931426251199669
nominal,Geo+AE-CeNN,3626,0.017264096964569223,0.028146004198331222,1.0,0.78903052873047,0.03937847884495444
nominal,Geo+AE-CeNN,3627,0.017020714982630573,0.025443452761904857,1.0,0.7957965634967422,0.03939234308496756
nominal,Geo+AE-CeNN,3628,0.014530300516317964,0.022525454501322244,1.0,0.7864826660234214,0.039463422369279376
nominal,Geo+AE-CeNN,3629,0.02108746794310942,0.036600604871728365,1.0,0.8022691691564854,0.039388371876595184
nominal,Geo+AE-CeNN,3630,0.017826093737118843,0.030700693357398678,1.0,0.7960615405459637,0.03966590186028341
nominal,Geo+AE-CeNN,3631,0.018781441789965197,0.029324934373429527,1.0,0.8162407917202245,0.03956390197191695
nominal,Geo+AE-CeNN,3632,0.014486450182373692,0.026294324569123582,1.0,0.7921594528813077,0.0394116420839343
nominal,Geo+AE-CeNN,3633,0.013142001471695202,0.017558387417927642,1.0,0.8013543741188005,0.03947589601762103
nominal,Geo+AE-CeNN,3634,0.022440884259713564,0.037404156308553496,1.0,0.8250019077286387,0.03932483232211641
nominal,Geo+AE-CeNN,3635,0.012284987406388169,0.01734031766989424,1.0,0.8075206881953693,0.03918606678415005
nominal,Geo+AE-CeNN,3636,0.010047034118880332,0.01709451739201738,1.0,0.8094122304537393,0.03931159306503648
nominal,Geo+AE-CeNN,3637,0.018713237452972795,0.030280014741579923,1.0,0.7986792068752762,0.03946559505051044
nominal,Geo+AE-CeNN,3638,0.01718208472313968,0.029331817242876614,1.0,0.800910651298072,0.03932953056877217
nominal,Geo+AE-CeNN,3639,0.012548440832103035,0.016523740214673656,1.0,0.7993328862081133,0.03916210514908899
nominal,Geo+AE-CeNN,3640,0.013589161112905696,0.01773995146087339,1.0,0.7936660989682502,0.03928665149771954
nominal,Geo+AE-CeNN,3641,0.015262194083804956,0.021787005319868057,1.0,0.8192395194203936,0.03943358407054252
nominal,Geo+AE-CeNN,3642,0.018178248727580868,0.02761359760221588,1.0,0.7936193101679143,0.03942741328411565
nominal,Geo+AE-CeNN,3643,0.010924414812469748,0.017237501597083503,1.0,0.8089927710479137,0.039370609169918185
nominal,Geo+AE-CeNN,3644,0.01606780412377367,0.024040480667109322,1.0,0.7948996436012171,0.03949121321390472
nominal,Geo+AE-CeNN,3645,0.017369235207987457,0.029740195030575234,1.0,0.7925906399892008,0.03968948096394225
nominal,Geo+AE-CeNN,3646,0.01161449153780133,0.01729145724482949,1.0,0.7912207481342084,0.039378523740519616
nominal,Geo+AE-CeNN,3647,0.013213693747121988,0.02019285975380079,1.0,0.7993512867818988,0.039278416551140186
nominal,Geo+AE-CeNN,3648,0.01622535141787926,0.027631907829158964,1.0,0.7780586362825322,0.03957017363538283
nominal,Geo+AE-CeNN,3649,0.013737454247855484,0.01814299616680087,1.0,0.7951525900439135,0.039324252232438704
nominal,Geo+AE-CeNN,3650,0.022118420888321954,0.035957845653597664,1.0,0.809459087946985,0.039430177743770146
nominal,Geo+AE-CeNN,3651,0.015341925279812615,0.020714407111412748,1.0,0.806325374649344,0.039330017660856836
nominal,Geo+AE-CeNN,3652,0.015880593324222474,0.02665158869138229,1.0,0.7985869722801054,0.03919236956871033
nominal,Geo+AE-CeNN,3653,0.012810488949153022,0.017098203131856473,1.0,0.8018612146030133,0.03934389797666179
nominal,Geo+AE-CeNN,3654,0.014220233418496831,0.022453138996042024,1.0,0.7900854481276205,0.039675323956716746
nominal,Geo+AE-CeNN,3655,0.010447653342802527,0.01716183096816883,1.0,0.7895131448282909,0.03937524762095587
nominal,Geo+AE-CeNN,3656,0.01175407404494034,0.017101510619482146,1.0,0.7851685100567413,0.0394559264924086
nominal,Geo+AE-CeNN,3657,0.015649744552564078,0.026862986201726818,1.0,0.8077324851122175,0.039397855894763176
nominal,Geo+AE-CeNN,3658,0.015121199533391324,0.02073417677867398,1.0,0.7952313489017194,0.039398989197243536
nominal,Geo+AE-CeNN,3659,0.01615556938303671,0.02998487124080857,1.0,0.7872927620006315,0.03941350373117079
nominal,Geo+AE-CeNN,3660,0.01824372375039879,0.030167805031128786,1.0,0.793442182933338,0.03950597472166895
nominal,Geo+AE-CeNN,3661,0.012645681736241665,0.02220282223581684,1.0,0.8023156109277847,0.039254789130836895
nominal,Geo+AE-CeNN,3662,0.01145000772453206,0.017076412177985428,1.0,0.7904533251754252,0.039385657065675546
nominal,Geo+AE-CeNN,3663,0.012598552350952608,0.019972163951333093,1.0,0.7901544712024882,0.03943930425132943
nominal,Geo+AE-CeNN,3664,0.01523064453948563,0.02126065391924803,1.0,0.8214193047848336,0.0392277992826709
nominal,Geo+AE-CeNN,3665,0.018678432202196622,0.0315295239815274,1.0,0.8117508750383811,0.039523686674128505
nominal,Geo+AE-CeNN,3666,0.012512662195041076,0.022265937402268957,1.0,0.7992418825584169,0.039408042062601525
nominal,Geo+AE-CeNN,3667,0.015109304048110943,0.02463217869337632,1.0,0.7911500480148792,0.03964083112891463
nominal,Geo+AE-CeNN,3668,0.01761592446438888,0.030813483387927953,1.0,0.7950416298024916,0.039344386948290996
nominal,Geo+AE-CeNN,3669,0.018087335752688505,0.029327095206280875,1.0,0.7983910435631592,0.03940701648359444
nominal,Geo+AE-CeNN,3670,0.018963867813336022,0.030386477854250263,1.0,0.7973415499495039,0.03963783815068704
nominal,Geo+AE-CeNN,3671,0.010962495835569006,0.017031604475465357,1.0,0.7950784395395637,0.03936319445024692
nominal,Geo+AE-CeNN,3672,0.011969750734415394,0.018207207219540705,1.0,0.8001687152022524,0.03925385169879462
nominal,Geo+AE-CeNN,3673,0.021664466492524813,0.03755457224627064,1.0,0.8088156756869382,0.039498556379850835
nominal,Geo+AE-CeNN,3674,0.020592137337435912,0.03417453079064741,1.0,0.8073750401077484,0.03970625919021297
nominal,Geo+AE-CeNN,3675,0.01528340897940955,0.022811855630131682,1.0,0.7913087962226238,0.039569998513004474
nominal,Geo+AE-CeNN,3676,0.01482221314245445,0.026758874283687985,1.0,0.8142365809349154,0.039110872455571044
nominal,Geo+AE-CeNN,3677,0.020541887836475314,0.03599025199274189,1.0,0.7897727433548782,0.039729995405747
nominal,Geo+AE-CeNN,3678,0.012714104907588238,0.02381002883289971,1.0,0.7933614629463616,0.03924872871779524
nominal,Geo+AE-CeNN,3679,0.013513722603536218,0.018063495554303838,1.0,0.8056526850216265,0.03947086212933732
nominal,Geo+AE-CeNN,3680,0.014917230757422215,0.02431930104192297,1.0,0.7910463534453567,0.03954970898054128
nominal,Geo+AE-CeNN,3681,0.02032038131655656,0.033177256503680315,1.0,0.798653098678109,0.03951010881403922
nominal,Geo+AE-CeNN,3682,0.010571826989962965,0.0172324694445165,1.0,0.8060911414380794,0.03922147787945268
nominal,Geo+AE-CeNN,3683,0.014385595310347946,0.027137769796624155,1.0,0.782243415797833,0.039484099283806556
nominal,Geo+AE-CeNN,3684,0.016484747930504848,0.024186264162817786,1.0,0.8014758928064241,0.039307001367499164
nominal,Geo+AE-CeNN,3685,0.011644818797500171,0.017169394922773827,1.0,0.7914545177699653,0.03931819215092301
nominal,Geo+AE-CeNN,3686,0.011542952364426666,0.01741274514143635,1.0,0.8006802861483198,0.03951815463572011
nominal,Geo+AE-CeNN,3687,0.014396857387396683,0.025581336496772158,1.0,0.8003203582268078,0.03919362223449952
nominal,Geo+AE-CeNN,3688,0.011318128417517493,0.017331595161524084,1.0,0.816790916712436,0.03934132088122492
nominal,Geo+AE-CeNN,3689,0.012020596393033496,0.01723571298387412,1.0,0.7932123723356262,0.0395427962539822
nominal,Geo+AE-CeNN,3690,0.012273892447726623,0.01923383798522317,1.0,0.8125002921184722,0.03935563911363196
nominal,Geo+AE-CeNN,3691,0.019925716957011955,0.03140768754165384,1.0,0.8225797960861396,0.039539028476579745
nominal,Geo+AE-CeNN,3692,0.022315967900745987,0.036159962724333236,1.0,0.8136648851480013,0.039597167712749085
nominal,Geo+AE-CeNN,3693,0.015155684598751036,0.023598382884752852,1.0,0.7837845092081832,0.039430049406573284
nominal,Geo+AE-CeNN,3694,0.014356734618472176,0.023469211306630974,1.0,0.7974806839175149,0.03941064950182999
nominal,Geo+AE-CeNN,3695,0.012625270812247121,0.017413073932836476,1.0,0.8052071224442354,0.03926903486989285
nominal,Geo+AE-CeNN,3696,0.011301982141988317,0.017441426797871286,1.0,0.8096289802149295,0.039381817253964654
nominal,Geo+AE-CeNN,3697,0.017472636351757328,0.03618335144206107,1.0,0.7813131354187931,0.03937327825066845
nominal,Geo+AE-CeNN,3698,0.017050093572182214,0.032807900857788314,1.0,0.798498074145683,0.039222912049392905
nominal,Geo+AE-CeNN,3699,0.01496321816500456,0.02393302009132023,1.0,0.7924240285104786,0.03929832736911965
nominal,Geo+D1-3AE-CeNN,3600,0.011932185852727904,0.01721290569975007,1.0,0.814465232582075,0.03683751460651678
nominal,Geo+D1-3AE-CeNN,3601,0.012576733603978273,0.016702406917239936,1.0,0.8038741206919633,0.036836954825774454
nominal,Geo+D1-3AE-CeNN,3602,0.012759543815459018,0.018033191932608977,1.0,0.8019858077843813,0.03683682462891387
nominal,Geo+D1-3AE-CeNN,3603,0.01564338555366083,0.021283557789957545,1.0,0.7964692408281735,0.0368375998788477
nominal,Geo+D1-3AE-CeNN,3604,0.01566845118303082,0.02210885053683476,1.0,0.8061646053942868,0.0368375310890909
nominal,Geo+D1-3AE-CeNN,3605,0.01664761886214482,0.02394114224258172,1.0,0.800136225883505,0.03683737480938172
nominal,Geo+D1-3AE-CeNN,3606,0.014694187955844379,0.021374012482025275,1.0,0.7903371790354952,0.03683692943824684
nominal,Geo+D1-3AE-CeNN,3607,0.025279146607271635,0.045002465544299666,1.0,0.7867191652372478,0.03683757506573061
nominal,Geo+D1-3AE-CeNN,3608,0.022109565217446933,0.03889970249021546,1.0,0.8107302357897886,0.03683703402352468
nominal,Geo+D1-3AE-CeNN,3609,0.013137251054421114,0.020169656993446642,1.0,0.7985489745741761,0.03683714695853004
nominal,Geo+D1-3AE-CeNN,3610,0.021185208869308497,0.036638590316898305,1.0,0.7983579621347869,0.0368373502986685
nominal,Geo+D1-3AE-CeNN,3611,0.014500828259620988,0.02107146836967209,1.0,0.7873454884325137,0.03683742434308362
nominal,Geo+D1-3AE-CeNN,3612,0.02006029914388256,0.03606427023514499,1.0,0.787753182618854,0.03683776843275282
nominal,Geo+D1-3AE-CeNN,3613,0.010986668632843461,0.01623241698156147,1.0,0.8023126926209749,0.036836961277315
nominal,Geo+D1-3AE-CeNN,3614,0.015739865321929482,0.022130552425898536,1.0,0.794252933484854,0.03683717664948568
nominal,Geo+D1-3AE-CeNN,3615,0.01914202152481461,0.029630544200762922,1.0,0.8066953190960132,0.036837983562472434
nominal,Geo+D1-3AE-CeNN,3616,0.013388341869296282,0.023080449449072286,1.0,0.8044257899947429,0.036836945353078965
nominal,Geo+D1-3AE-CeNN,3617,0.01624558816066088,0.02954316892605297,1.0,0.8013389121786638,0.03683753016975987
nominal,Geo+D1-3AE-CeNN,3618,0.015672616852193903,0.02991269593253335,1.0,0.797504086565158,0.03683733959906407
nominal,Geo+D1-3AE-CeNN,3619,0.011929051956823148,0.016934346651967802,1.0,0.7977639570799929,0.036837990332666784
nominal,Geo+D1-3AE-CeNN,3620,0.019448959133425307,0.029877704576522727,1.0,0.798308926112316,0.036836765357312076
nominal,Geo+D1-3AE-CeNN,3621,0.016384898359004984,0.029698739170169876,1.0,0.8046390345681281,0.036837264050376635
nominal,Geo+D1-3AE-CeNN,3622,0.018128153444559206,0.030890061046827372,1.0,0.7869004673610537,0.03683694604234331
nominal,Geo+D1-3AE-CeNN,3623,0.012989608086883852,0.019677205443949953,1.0,0.7962131012507764,0.03683732208416868
nominal,Geo+D1-3AE-CeNN,3624,0.01769252003683857,0.026968182440276264,1.0,0.8016608899590112,0.03683802457232095
nominal,Geo+D1-3AE-CeNN,3625,0.014478055669991201,0.020446669927030623,1.0,0.800419920047653,0.03683733953632701
nominal,Geo+D1-3AE-CeNN,3626,0.017544019751607954,0.028146134429347467,1.0,0.7894777723923307,0.03683766387645546
nominal,Geo+D1-3AE-CeNN,3627,0.017318044231431042,0.025534737065863972,1.0,0.796300264035887,0.03683722170235556
nominal,Geo+D1-3AE-CeNN,3628,0.01474501955186893,0.02252557557798395,1.0,0.7870736511404609,0.036836974185679855
nominal,Geo+D1-3AE-CeNN,3629,0.021420131693612867,0.03668706954947048,1.0,0.8025623934983217,0.036837499683839973
nominal,Geo+D1-3AE-CeNN,3630,0.017804411822178515,0.030700621169257727,1.0,0.7966697714680682,0.03683701085681912
nominal,Geo+D1-3AE-CeNN,3631,0.018887422229660552,0.029244862875815715,1.0,0.8166283310323275,0.03683814962220519
nominal,Geo+D1-3AE-CeNN,3632,0.014522261631076826,0.026294355795081718,1.0,0.7929367945304959,0.03683769649506607
nominal,Geo+D1-3AE-CeNN,3633,0.013439430259479856,0.01700876932153151,1.0,0.8018020337671917,0.03683694048366878
nominal,Geo+D1-3AE-CeNN,3634,0.02237109538291385,0.037278033487804195,1.0,0.8258639611685009,0.0368376771300775
nominal,Geo+D1-3AE-CeNN,3635,0.012336702039769339,0.01687371292648208,1.0,0.8080533535842438,0.03683754150564939
nominal,Geo+D1-3AE-CeNN,3636,0.010476378453005851,0.017094339762413806,1.0,0.8097445337338258,0.03683742251613919
nominal,Geo+D1-3AE-CeNN,3637,0.019035822755272762,0.030377671351460918,1.0,0.7991372135841911,0.03683712062671356
nominal,Geo+D1-3AE-CeNN,3638,0.017421677742461564,0.029331880053708397,1.0,0.8012153834902925,0.03683681625460951
nominal,Geo+D1-3AE-CeNN,3639,0.012804656926902237,0.016226643471899636,1.0,0.7998877483531998,0.0368385659703963
nominal,Geo+D1-3AE-CeNN,3640,0.014088688600759059,0.017916847882228543,1.0,0.7940520706445966,0.036836444234567584
nominal,Geo+D1-3AE-CeNN,3641,0.015438740359049529,0.021848497771525893,1.0,0.8197461985950877,0.03683720652797653
nominal,Geo+D1-3AE-CeNN,3642,0.01838960237022712,0.027676332084895575,1.0,0.7940682958379218,0.036837174720704316
nominal,Geo+D1-3AE-CeNN,3643,0.010988676019715982,0.016788457428962632,1.0,0.8095822660868109,0.03683711267629728
nominal,Geo+D1-3AE-CeNN,3644,0.01637047814438554,0.024108646454364394,1.0,0.7953692162061836,0.03683668338445834
nominal,Geo+D1-3AE-CeNN,3645,0.01726853598049151,0.02974009603491493,1.0,0.7932324158789377,0.03683695611167349
nominal,Geo+D1-3AE-CeNN,3646,0.01205698105864589,0.016753036083809493,1.0,0.791533595629749,0.03683774955096302
nominal,Geo+D1-3AE-CeNN,3647,0.013101994461263118,0.020192934720089584,1.0,0.8001683368968708,0.03683762088012265
nominal,Geo+D1-3AE-CeNN,3648,0.016495562100846642,0.027632001942204474,1.0,0.7784099693731145,0.036837358845737064
nominal,Geo+D1-3AE-CeNN,3649,0.013834647096654067,0.01809479188213263,1.0,0.7957408857712425,0.03683736960750752
nominal,Geo+D1-3AE-CeNN,3650,0.022458555405616604,0.03611088863225218,1.0,0.8096455469257948,0.0368372472657148
nominal,Geo+D1-3AE-CeNN,3651,0.015601187192642233,0.020931423299505012,1.0,0.8067828402775907,0.03683713625616459
nominal,Geo+D1-3AE-CeNN,3652,0.016258868859190572,0.026652111242907187,1.0,0.7990159250282702,0.03683700014220619
nominal,Geo+D1-3AE-CeNN,3653,0.012652430289330932,0.016976013857855854,1.0,0.8027727651509663,0.036837405977534626
nominal,Geo+D1-3AE-CeNN,3654,0.014419348676275869,0.02245320810234017,1.0,0.7906872456863876,0.03683731842927035
nominal,Geo+D1-3AE-CeNN,3655,0.010819440955979927,0.016626023716923677,1.0,0.7900029859573885,0.0368369794646276
nominal,Geo+D1-3AE-CeNN,3656,0.01212882337461188,0.016571365916857116,1.0,0.7856687535006608,0.03683695115702307
nominal,Geo+D1-3AE-CeNN,3657,0.01549386811029632,0.026844986067799854,1.0,0.8085185337570397,0.03683699875279957
nominal,Geo+D1-3AE-CeNN,3658,0.015262286527331949,0.020686855066977157,1.0,0.7957398279346102,0.03683710628597236
nominal,Geo+D1-3AE-CeNN,3659,0.016457991394398006,0.02998499287890435,1.0,0.7877297082110671,0.036837500683916
nominal,Geo+D1-3AE-CeNN,3660,0.01854822342827443,0.030167914865217946,1.0,0.7939828270117575,0.03683764015281851
nominal,Geo+D1-3AE-CeNN,3661,0.013011243594266373,0.022202734975870362,1.0,0.8028178030725074,0.036837778114078665
nominal,Geo+D1-3AE-CeNN,3662,0.011859001795155142,0.016519400193004866,1.0,0.790951289181949,0.03683745619413624
nominal,Geo+D1-3AE-CeNN,3663,0.012763201096345971,0.019972175433980912,1.0,0.7908060010751997,0.03683697403462912
nominal,Geo+D1-3AE-CeNN,3664,0.01546704133743044,0.02141235726204456,1.0,0.8218387523571156,0.03683726614580869
nominal,Geo+D1-3AE-CeNN,3665,0.01856519716724384,0.03145314232139574,1.0,0.8124379251028672,0.03683673167523405
nominal,Geo+D1-3AE-CeNN,3666,0.01251986422444543,0.022265960536695224,1.0,0.800029388743518,0.03683697827404162
nominal,Geo+D1-3AE-CeNN,3667,0.01517341447146709,0.024632227225087625,1.0,0.7917766135147192,0.036837145503150835
nominal,Geo+D1-3AE-CeNN,3668,0.0180054395224117,0.030877900741481012,1.0,0.7952842115168028,0.03683694637402739
nominal,Geo+D1-3AE-CeNN,3669,0.01839746854644247,0.029331538904563262,1.0,0.798953911517913,0.036837684877016906
nominal,Geo+D1-3AE-CeNN,3670,0.019296915583567217,0.030499670863992783,1.0,0.7976321933605307,0.03683764261352201
nominal,Geo+D1-3AE-CeNN,3671,0.011057901106191162,0.01653140752424904,1.0,0.7956972587523984,0.03683823409936194
nominal,Geo+D1-3AE-CeNN,3672,0.012175693344844288,0.018207269268316294,1.0,0.8008814246103437,0.03683714623964548
nominal,Geo+D1-3AE-CeNN,3673,0.021971339374503542,0.03764161235983448,1.0,0.8091283838430432,0.036837430861144126
nominal,Geo+D1-3AE-CeNN,3674,0.020620268324429935,0.03414092548532066,1.0,0.8079433338138821,0.03683787617874124
nominal,Geo+D1-3AE-CeNN,3675,0.015381073997512755,0.022790624351724763,1.0,0.7919959267940924,0.03683716329579532
nominal,Geo+D1-3AE-CeNN,3676,0.014742311847054443,0.02674165534976252,1.0,0.8149421286027633,0.03683749593098298
nominal,Geo+D1-3AE-CeNN,3677,0.020612747772885024,0.03599022034201008,1.0,0.7902761574359731,0.03683695252574733
nominal,Geo+D1-3AE-CeNN,3678,0.01276953492620601,0.023810196837514522,1.0,0.7940392031306345,0.036837659991392525
nominal,Geo+D1-3AE-CeNN,3679,0.013560115325723971,0.017996990179627574,1.0,0.8061794453940035,0.036837265411435255
nominal,Geo+D1-3AE-CeNN,3680,0.015015521473933783,0.024319236062227814,1.0,0.7916111058713339,0.03683698699189733
nominal,Geo+D1-3AE-CeNN,3681,0.02037080299314535,0.03319739642356249,1.0,0.7993948163872904,0.036837109601155424
nominal,Geo+D1-3AE-CeNN,3682,0.01093061745800746,0.01669775827641428,1.0,0.8067566691240879,0.03683791674460487
nominal,Geo+D1-3AE-CeNN,3683,0.014402481799617582,0.027137645940265475,1.0,0.782659222417626,0.036837124074483266
nominal,Geo+D1-3AE-CeNN,3684,0.016954419558578255,0.024348387018425788,1.0,0.8018365181375894,0.03683766104828829
nominal,Geo+D1-3AE-CeNN,3685,0.012058605585449838,0.01663724716312074,1.0,0.7918408052862514,0.03683781289136918
nominal,Geo+D1-3AE-CeNN,3686,0.01187528762823421,0.016890403266135903,1.0,0.8010992355862663,0.03683765844892759
nominal,Geo+D1-3AE-CeNN,3687,0.014791265202215076,0.025581493680963956,1.0,0.8006502649854924,0.03683745337537056
nominal,Geo+D1-3AE-CeNN,3688,0.011578015157723678,0.016791355328448207,1.0,0.8173271571765304,0.03683675774433081
nominal,Geo+D1-3AE-CeNN,3689,0.011925259640651116,0.016805248003281092,1.0,0.7939978139233983,0.036837017172759556
nominal,Geo+D1-3AE-CeNN,3690,0.012618458930261044,0.01923400118200453,1.0,0.8129003827728688,0.03683689295990667
nominal,Geo+D1-3AE-CeNN,3691,0.01988775493354998,0.031321271545833036,1.0,0.8232747939558254,0.03683694422335733
nominal,Geo+D1-3AE-CeNN,3692,0.02240257806458508,0.036189084029419484,1.0,0.8143048924210984,0.036837138925107975
nominal,Geo+D1-3AE-CeNN,3693,0.015577168464814849,0.02359852730653776,1.0,0.7841366462437455,0.03683768837517186
nominal,Geo+D1-3AE-CeNN,3694,0.014551099284217843,0.023480198539286703,1.0,0.7979673196108383,0.0368379271918761
nominal,Geo+D1-3AE-CeNN,3695,0.012560824291938602,0.017006946141055766,1.0,0.80595507668424,0.036837328607493475
nominal,Geo+D1-3AE-CeNN,3696,0.011482132962249616,0.016938849109205657,1.0,0.8102797295710811,0.03683718216697341
nominal,Geo+D1-3AE-CeNN,3697,0.01781275561475152,0.036183518056795434,1.0,0.7818961752731478,0.036837581421694666
nominal,Geo+D1-3AE-CeNN,3698,0.017395931377585074,0.03281215808097779,1.0,0.7988319516575595,0.03683771608893525
nominal,Geo+D1-3AE-CeNN,3699,0.015258214190971531,0.023933149074472967,1.0,0.7929213030277767,0.03683784544440019
nominal,Geo+D1-10AE-CeNN,3600,0.011568604010695212,0.01720953849683878,1.0,0.814273615437982,0.0388946044293745
nominal,Geo+D1-10AE-CeNN,3601,0.012472500002691414,0.016702221370855485,1.0,0.8035070693395386,0.038894604429374716
nominal,Geo+D1-10AE-CeNN,3602,0.012228759705391798,0.018033051888700982,1.0,0.8018809982083722,0.038894604429374646
nominal,Geo+D1-10AE-CeNN,3603,0.015132669500687354,0.021177929771256702,1.0,0.7964098313934252,0.03889460442937417
nominal,Geo+D1-10AE-CeNN,3604,0.015522854217937844,0.022161336575251635,1.0,0.8058475924670839,0.038894604429374355
nominal,Geo+D1-10AE-CeNN,3605,0.01620252450636206,0.0238903256034292,1.0,0.8000236256662256,0.038894604429374216
nominal,Geo+D1-10AE-CeNN,3606,0.014140597611774204,0.02137396814266806,1.0,0.7902776601717236,0.03889460442937457
nominal,Geo+D1-10AE-CeNN,3607,0.0249895099374651,0.04499461107815439,1.0,0.7866465886265508,0.03889460442937428
nominal,Geo+D1-10AE-CeNN,3608,0.022152358045146286,0.03894386277525199,1.0,0.8102894060584677,0.0388946044293747
nominal,Geo+D1-10AE-CeNN,3609,0.012482925416271,0.02016973113499131,1.0,0.7985494450317521,0.03889460442937457
nominal,Geo+D1-10AE-CeNN,3610,0.02067621211843868,0.03657917681454721,1.0,0.7984499043384069,0.03889460442937448
nominal,Geo+D1-10AE-CeNN,3611,0.013874624943422889,0.021071360515915953,1.0,0.7873394036169569,0.03889460442937438
nominal,Geo+D1-10AE-CeNN,3612,0.019481458521678173,0.03606418318751513,1.0,0.7878483525930658,0.03889460442937378
nominal,Geo+D1-10AE-CeNN,3613,0.010339908578855344,0.015542300761313124,1.0,0.8022161268386613,0.038894604429374695
nominal,Geo+D1-10AE-CeNN,3614,0.015391535796491492,0.022144872241709596,1.0,0.7940877402681125,0.03889460442937447
nominal,Geo+D1-10AE-CeNN,3615,0.018709031123262266,0.02952062318952657,1.0,0.8066810240849154,0.03889460442937389
nominal,Geo+D1-10AE-CeNN,3616,0.013144594798776214,0.023080428017069696,1.0,0.804172687588909,0.038894604429374785
nominal,Geo+D1-10AE-CeNN,3617,0.01612672657865069,0.02954323158055228,1.0,0.8010341357246157,0.03889460442937446
nominal,Geo+D1-10AE-CeNN,3618,0.015089361287988238,0.02991252787822084,1.0,0.7975049653781375,0.038894604429374494
nominal,Geo+D1-10AE-CeNN,3619,0.011612722458913729,0.016227171732896114,1.0,0.7975222320622272,0.03889460442937396
nominal,Geo+D1-10AE-CeNN,3620,0.019183554892659195,0.029927469938051992,1.0,0.7981242827765952,0.0388946044293746
nominal,Geo+D1-10AE-CeNN,3621,0.01621243376589356,0.029706554477235483,1.0,0.8043851052254304,0.038894604429374716
nominal,Geo+D1-10AE-CeNN,3622,0.017898809954711773,0.030890136634787946,1.0,0.7866646672902715,0.038894604429374445
nominal,Geo+D1-10AE-CeNN,3623,0.012668310620122832,0.01967735381576118,1.0,0.7960082321411582,0.03889460442937439
nominal,Geo+D1-10AE-CeNN,3624,0.017352275196239955,0.02694758975742895,1.0,0.8015336402966211,0.03889460442937404
nominal,Geo+D1-10AE-CeNN,3625,0.01380347095106356,0.020365194877809786,1.0,0.8004502589628931,0.03889460442937437
nominal,Geo+D1-10AE-CeNN,3626,0.017188337428555897,0.028146089414288162,1.0,0.7893369783802751,0.03889460442937422
nominal,Geo+D1-10AE-CeNN,3627,0.01698243942574376,0.025510876360598234,1.0,0.7961314495789596,0.03889460442937439
nominal,Geo+D1-10AE-CeNN,3628,0.014175525586318738,0.022525456476118224,1.0,0.7870035468783355,0.03889460442937452
nominal,Geo+D1-10AE-CeNN,3629,0.02108298892584812,0.0366551467791495,1.0,0.802514743203424,0.03889460442937457
nominal,Geo+D1-10AE-CeNN,3630,0.01770237534584886,0.030700752949850755,1.0,0.7963520164094742,0.03889460442937464
nominal,Geo+D1-10AE-CeNN,3631,0.018735504986281508,0.029383714310467848,1.0,0.8163725837798684,0.03889460442937401
nominal,Geo+D1-10AE-CeNN,3632,0.014267709892932771,0.026294367602636065,1.0,0.7926678641264512,0.038894604429374015
nominal,Geo+D1-10AE-CeNN,3633,0.013011761602934657,0.016371348261826815,1.0,0.8016545900626045,0.03889460442937462
nominal,Geo+D1-10AE-CeNN,3634,0.022430784132558584,0.037468419335382,1.0,0.8253707520807927,0.03889460442937406
nominal,Geo+D1-10AE-CeNN,3635,0.012076737594217674,0.016129278887194905,1.0,0.807781246146707,0.038894604429374466
nominal,Geo+D1-10AE-CeNN,3636,0.009763531905961277,0.01709445172188675,1.0,0.8096798254015756,0.03889460442937426
nominal,Geo+D1-10AE-CeNN,3637,0.018702835059933705,0.030347113330824203,1.0,0.7990186786239972,0.03889460442937444
nominal,Geo+D1-10AE-CeNN,3638,0.017093706362140495,0.029331870953214163,1.0,0.8010737473848449,0.03889460442937515
nominal,Geo+D1-10AE-CeNN,3639,0.012177087248537668,0.016183192330064513,1.0,0.7998097885222176,0.03889460442937361
nominal,Geo+D1-10AE-CeNN,3640,0.013388121226788638,0.01777156411650848,1.0,0.7940670682024918,0.038894604429374736
nominal,Geo+D1-10AE-CeNN,3641,0.015206543877565036,0.021930674548316632,1.0,0.81951419005152,0.03889460442937456
nominal,Geo+D1-10AE-CeNN,3642,0.0180976037390968,0.02766337768387073,1.0,0.7938709981805616,0.03889460442937449
nominal,Geo+D1-10AE-CeNN,3643,0.010653580186505418,0.01604936753826683,1.0,0.8093458117818546,0.03889460442937443
nominal,Geo+D1-10AE-CeNN,3644,0.015997389086471966,0.024096777468454074,1.0,0.7952371104600624,0.03889460442937468
nominal,Geo+D1-10AE-CeNN,3645,0.017164925790133977,0.029740240821614493,1.0,0.7928888090721894,0.03889460442937453
nominal,Geo+D1-10AE-CeNN,3646,0.011401111302307367,0.01608356851517416,1.0,0.7914830026734114,0.03889460442937429
nominal,Geo+D1-10AE-CeNN,3647,0.012880104058570289,0.020192868247289476,1.0,0.799844665005874,0.03889460442937409
nominal,Geo+D1-10AE-CeNN,3648,0.016062983893959264,0.027631994640371308,1.0,0.77830751445646,0.03889460442937427
nominal,Geo+D1-10AE-CeNN,3649,0.01345830247703824,0.018140511593353545,1.0,0.7955306347404961,0.0388946044293741
nominal,Geo+D1-10AE-CeNN,3650,0.022143535070073314,0.03608109607094951,1.0,0.8095735350412409,0.03889460442937447
nominal,Geo+D1-10AE-CeNN,3651,0.015268901259676396,0.02096201328684591,1.0,0.8065831292904063,0.03889460442937444
nominal,Geo+D1-10AE-CeNN,3652,0.015710048904240066,0.026651641004492427,1.0,0.7989771435795592,0.03889460442937434
nominal,Geo+D1-10AE-CeNN,3653,0.012450698177764015,0.017069969572723963,1.0,0.8024494545510468,0.03889460442937411
nominal,Geo+D1-10AE-CeNN,3654,0.014073551076061803,0.022453231103022647,1.0,0.7905099582069066,0.038894604429374514
nominal,Geo+D1-10AE-CeNN,3655,0.010148539529681574,0.015948668350992918,1.0,0.7899129008578251,0.0388946044293746
nominal,Geo+D1-10AE-CeNN,3656,0.011474453230943574,0.015887244651466896,1.0,0.7856076351558794,0.03889460442937442
nominal,Geo+D1-10AE-CeNN,3657,0.01535820024682126,0.02685678073132414,1.0,0.8081876482727882,0.038894604429374556
nominal,Geo+D1-10AE-CeNN,3658,0.014970436193204375,0.020781788519635906,1.0,0.7955129862492452,0.03889460442937447
nominal,Geo+D1-10AE-CeNN,3659,0.016053402540100736,0.02998494346750986,1.0,0.78761844905928,0.03889460442937449
nominal,Geo+D1-10AE-CeNN,3660,0.01820795145019939,0.03016790142102103,1.0,0.7938728081482531,0.0388946044293741
nominal,Geo+D1-10AE-CeNN,3661,0.012419392119029362,0.02220278935271401,1.0,0.8027445671040766,0.03889460442937395
nominal,Geo+D1-10AE-CeNN,3662,0.011159719208701534,0.015864296681543474,1.0,0.7909072529918326,0.0388946044293743
nominal,Geo+D1-10AE-CeNN,3663,0.012396711756837861,0.019972239039886867,1.0,0.7906056487703823,0.0388946044293745
nominal,Geo+D1-10AE-CeNN,3664,0.015201710468067063,0.021577962612988767,1.0,0.8216059081045418,0.03889460442937445
nominal,Geo+D1-10AE-CeNN,3665,0.018550804924605382,0.03154360701845244,1.0,0.8120627583522698,0.038894604429374736
nominal,Geo+D1-10AE-CeNN,3666,0.012281104895989178,0.022265984565554738,1.0,0.79974570776923,0.038894604429374216
nominal,Geo+D1-10AE-CeNN,3667,0.014962006086766406,0.02463227830000693,1.0,0.7915199868275,0.03889460442937456
nominal,Geo+D1-10AE-CeNN,3668,0.017510265284984377,0.030842033530371446,1.0,0.795320884958784,0.03889460442937479
nominal,Geo+D1-10AE-CeNN,3669,0.01803553587744905,0.029330207389024806,1.0,0.7988231342554494,0.038894604429373904
nominal,Geo+D1-10AE-CeNN,3670,0.018930864684534608,0.030460829535249218,1.0,0.7975477881476837,0.03889460442937428
nominal,Geo+D1-10AE-CeNN,3671,0.010615491551018891,0.015805780233151035,1.0,0.7954881837211645,0.03889460442937373
nominal,Geo+D1-10AE-CeNN,3672,0.01163245604543372,0.018207180803788695,1.0,0.8007416509580653,0.03889460442937427
nominal,Geo+D1-10AE-CeNN,3673,0.021678791049000716,0.037633097113953407,1.0,0.8090571160183158,0.03889460442937457
nominal,Geo+D1-10AE-CeNN,3674,0.020546868719332048,0.034235493160446835,1.0,0.80761730744794,0.038894604429374174
nominal,Geo+D1-10AE-CeNN,3675,0.015016660455706174,0.022808423008072638,1.0,0.7918039382612598,0.038894604429374285
nominal,Geo+D1-10AE-CeNN,3676,0.014449071239719672,0.026745470909557822,1.0,0.8147164458086877,0.038894604429374216
nominal,Geo+D1-10AE-CeNN,3677,0.02045073727181868,0.035990313395012435,1.0,0.7900030855156137,0.03889460442937442
nominal,Geo+D1-10AE-CeNN,3678,0.012489009880614113,0.023810109190012356,1.0,0.7937768802029798,0.03889460442937412
nominal,Geo+D1-10AE-CeNN,3679,0.01334623111169209,0.01814473425090032,1.0,0.805908971954071,0.0388946044293745
nominal,Geo+D1-10AE-CeNN,3680,0.014747339869145948,0.02431936432957843,1.0,0.7913870491125871,0.03889460442937467
nominal,Geo+D1-10AE-CeNN,3681,0.020243807706223468,0.03321876965304045,1.0,0.7990551458921599,0.03889460442937432
nominal,Geo+D1-10AE-CeNN,3682,0.010356124992304365,0.0160212380105589,1.0,0.8066259722219263,0.03889460442937408
nominal,Geo+D1-10AE-CeNN,3683,0.014098621682835445,0.027137795072303513,1.0,0.7824330310307426,0.038894604429374584
nominal,Geo+D1-10AE-CeNN,3684,0.016434961828423432,0.024244695361984665,1.0,0.8018028301324843,0.03889460442937419
nominal,Geo+D1-10AE-CeNN,3685,0.011402652852841389,0.016548080261555628,1.0,0.7917820676252258,0.038894604429374244
nominal,Geo+D1-10AE-CeNN,3686,0.011352357814432728,0.016202873560795777,1.0,0.8009747217957174,0.03889460442937431
nominal,Geo+D1-10AE-CeNN,3687,0.014245554514701823,0.025581369548200495,1.0,0.8005986702843818,0.038894604429374445
nominal,Geo+D1-10AE-CeNN,3688,0.011170906192732921,0.016100995147043162,1.0,0.8171175510312302,0.03889460442937462
nominal,Geo+D1-10AE-CeNN,3689,0.01169972717351124,0.016052843724057173,1.0,0.7936990266128746,0.03889460442937455
nominal,Geo+D1-10AE-CeNN,3690,0.01208001675583187,0.019233836025592456,1.0,0.8127936148360766,0.03889460442937473
nominal,Geo+D1-10AE-CeNN,3691,0.019901917976177814,0.03157907905436249,1.0,0.8228314364102468,0.038894604429374625
nominal,Geo+D1-10AE-CeNN,3692,0.022324383577121645,0.03630071484810653,1.0,0.8139433527832468,0.038894604429374376
nominal,Geo+D1-10AE-CeNN,3693,0.015027337776368353,0.023598465618877434,1.0,0.7841079766929445,0.03889460442937419
nominal,Geo+D1-10AE-CeNN,3694,0.014202475916311233,0.02347874036194721,1.0,0.7978062985902152,0.038894604429374216
nominal,Geo+D1-10AE-CeNN,3695,0.012405084802621131,0.01636113345764838,1.0,0.8056370568869788,0.03889460442937435
nominal,Geo+D1-10AE-CeNN,3696,0.011144952380494786,0.016231547217208462,1.0,0.8100459778756431,0.038894604429374466
nominal,Geo+D1-10AE-CeNN,3697,0.017314869149504985,0.036183407515334325,1.0,0.7818711215273586,0.03889460442937412
nominal,Geo+D1-10AE-CeNN,3698,0.016898407441435177,0.032808439791726283,1.0,0.7988294139490887,0.03889460442937438
nominal,Geo+D1-10AE-CeNN,3699,0.014839826929080164,0.02393308333919721,1.0,0.7927788335480784,0.038894604429373876
nominal,Geo+D2-HistAE-CeNN,3600,0.02295281898145532,0.03308900701076837,1.0,0.8368294927177816,0.18899752988774857
nominal,Geo+D2-HistAE-CeNN,3601,0.018289127684598575,0.02701518143827614,1.0,0.8201592655065751,0.16391532899051556
nominal,Geo+D2-HistAE-CeNN,3602,0.0180957724908938,0.027582216336323042,1.0,0.8211225524882273,0.1842736643697541
nominal,Geo+D2-HistAE-CeNN,3603,0.0264807994233614,0.03700186279019428,1.0,0.8099814069102369,0.17633219447611265
nominal,Geo+D2-HistAE-CeNN,3604,0.02299175638624506,0.0369899847206815,1.0,0.8340393280040472,0.2044677372268642
nominal,Geo+D2-HistAE-CeNN,3605,0.022688287417463697,0.03279985698254297,1.0,0.8168298317303706,0.17249047555288702
nominal,Geo+D2-HistAE-CeNN,3606,0.020862612078699442,0.03309884966434636,1.0,0.8125586116546353,0.17195088015058185
nominal,Geo+D2-HistAE-CeNN,3607,0.03003194845659096,0.04484191305012127,1.0,0.832536664141551,0.21258649718196526
nominal,Geo+D2-HistAE-CeNN,3608,0.025704835636247956,0.03864865587886422,1.0,0.8449518034548056,0.2080540684736392
nominal,Geo+D2-HistAE-CeNN,3609,0.018509341454838315,0.031840309159358704,1.0,0.8153032755145373,0.17103681323994668
nominal,Geo+D2-HistAE-CeNN,3610,0.028632163239378967,0.038589035052621484,1.0,0.8280145909344043,0.19597354355266855
nominal,Geo+D2-HistAE-CeNN,3611,0.019034380004394273,0.03193584201772375,1.0,0.8110914002349571,0.18898525057958995
nominal,Geo+D2-HistAE-CeNN,3612,0.02323023314392963,0.0360647349129197,1.0,0.8145630163423869,0.1703337313598879
nominal,Geo+D2-HistAE-CeNN,3613,0.02429385953842974,0.0365805006361001,1.0,0.8170410399121663,0.19300737599982568
nominal,Geo+D2-HistAE-CeNN,3614,0.017967150728329953,0.02862128816177552,1.0,0.8167443706106723,0.1792560561688236
nominal,Geo+D2-HistAE-CeNN,3615,0.021237500241952822,0.03294165493468162,1.0,0.8377098002692996,0.1953471076642329
nominal,Geo+D2-HistAE-CeNN,3616,0.02282686273068913,0.03543117939358944,1.0,0.8190783071920572,0.1813376830861359
nominal,Geo+D2-HistAE-CeNN,3617,0.021457153697005984,0.029540991977710256,1.0,0.8231911761302869,0.1862760572526211
nominal,Geo+D2-HistAE-CeNN,3618,0.03402992530042438,0.04082994985515853,1.0,0.809769336065868,0.20652047515649422
nominal,Geo+D2-HistAE-CeNN,3619,0.019943741788682984,0.032303552501468935,1.0,0.8190618526436985,0.18809979093503815
nominal,Geo+D2-HistAE-CeNN,3620,0.02146318151269824,0.029713008672473434,1.0,0.8233779905458546,0.16921442257040922
nominal,Geo+D2-HistAE-CeNN,3621,0.021652744230907846,0.029705901279502605,1.0,0.8132490858991264,0.16800774366689877
nominal,Geo+D2-HistAE-CeNN,3622,0.021986038401051535,0.03154651456422525,1.0,0.812912842101189,0.19396453852146064
nominal,Geo+D2-HistAE-CeNN,3623,0.018727976802717955,0.03187408706675785,1.0,0.8173021874977592,0.1830122342065869
nominal,Geo+D2-HistAE-CeNN,3624,0.02110508944727502,0.031702461992697405,1.0,0.8252573723654226,0.18434292901372235
nominal,Geo+D2-HistAE-CeNN,3625,0.019973105714984184,0.029119275702885385,1.0,0.8090097784712079,0.1622764394213498
nominal,Geo+D2-HistAE-CeNN,3626,0.020323070645002675,0.030783613741729596,1.0,0.812231150413085,0.1842887483073121
nominal,Geo+D2-HistAE-CeNN,3627,0.020289038036381886,0.025894631466121823,1.0,0.8178584119058829,0.17364605527863178
nominal,Geo+D2-HistAE-CeNN,3628,0.02144908193058363,0.03234037857351938,1.0,0.8120807741649039,0.1930018412109638
nominal,Geo+D2-HistAE-CeNN,3629,0.02348260792275663,0.035633340917071175,1.0,0.8246878427288667,0.17473025421544627
nominal,Geo+D2-HistAE-CeNN,3630,0.019831997224130617,0.03069927529059096,1.0,0.8205057229918639,0.19278829674835868
nominal,Geo+D2-HistAE-CeNN,3631,0.022329228250875716,0.029492943029246703,1.0,0.8377653549528336,0.1844337593841798
nominal,Geo+D2-HistAE-CeNN,3632,0.021700939822121432,0.03469415067410826,1.0,0.818845036551691,0.1807451425609792
nominal,Geo+D2-HistAE-CeNN,3633,0.019087848822233845,0.03453979094159656,1.0,0.8266017337063074,0.1935197912970083
nominal,Geo+D2-HistAE-CeNN,3634,0.0239894001196994,0.036076256505113494,1.0,0.8353082597581691,0.17615602697375424
nominal,Geo+D2-HistAE-CeNN,3635,0.019727947398921062,0.029097532174853738,1.0,0.830997745837382,0.1920041674712966
nominal,Geo+D2-HistAE-CeNN,3636,0.01916800383791386,0.03379043713931401,1.0,0.836510665051986,0.18809347525724043
nominal,Geo+D2-HistAE-CeNN,3637,0.02082570002069776,0.029445972550525487,1.0,0.8233413039292449,0.19267889419279702
nominal,Geo+D2-HistAE-CeNN,3638,0.022333816731870612,0.0306817747177293,1.0,0.8239204183084106,0.1815272100084579
nominal,Geo+D2-HistAE-CeNN,3639,0.02640044056817046,0.038184764744770006,1.0,0.8162291204921773,0.1893757311330054
nominal,Geo+D2-HistAE-CeNN,3640,0.01909103877845984,0.030297690774968848,1.0,0.8271984823650593,0.19272271935989738
nominal,Geo+D2-HistAE-CeNN,3641,0.021720692266161835,0.03292246732198358,1.0,0.8366374739015827,0.1874436255091555
nominal,Geo+D2-HistAE-CeNN,3642,0.02225235902552882,0.03616569716406983,1.0,0.8251347486013636,0.18349596611130808
nominal,Geo+D2-HistAE-CeNN,3643,0.02161755339919289,0.03343931215596213,1.0,0.8270803729163585,0.19161804119619033
nominal,Geo+D2-HistAE-CeNN,3644,0.02273367815168567,0.034588301985142546,1.0,0.8312273203062871,0.2068148701333972
nominal,Geo+D2-HistAE-CeNN,3645,0.0202458318970289,0.02973952156595243,1.0,0.8236329978706238,0.17478367862508695
nominal,Geo+D2-HistAE-CeNN,3646,0.021216164424713982,0.03822952397848743,1.0,0.8278218756941578,0.2069259669304286
nominal,Geo+D2-HistAE-CeNN,3647,0.02122903745356711,0.029701096131819125,1.0,0.8271578075110029,0.18162945714345474
nominal,Geo+D2-HistAE-CeNN,3648,0.019171539392003067,0.02962268293551982,1.0,0.8091984968552195,0.1788688632905007
nominal,Geo+D2-HistAE-CeNN,3649,0.021967656901187165,0.03278030975226576,1.0,0.8045925907722355,0.16832926093127593
nominal,Geo+D2-HistAE-CeNN,3650,0.02247914386895335,0.03382305007740771,1.0,0.8356391292059234,0.18145815852298056
nominal,Geo+D2-HistAE-CeNN,3651,0.021820186787854166,0.033792163832469614,1.0,0.8236765319321874,0.17907082530857182
nominal,Geo+D2-HistAE-CeNN,3652,0.02777477356171042,0.03619109748618448,1.0,0.8162999710388744,0.18530828866746296
nominal,Geo+D2-HistAE-CeNN,3653,0.02506015277213231,0.037054547573755245,1.0,0.8268035437753574,0.20622287682730106
nominal,Geo+D2-HistAE-CeNN,3654,0.01980109006704762,0.03043519743349624,1.0,0.816187834643386,0.19475622050055633
nominal,Geo+D2-HistAE-CeNN,3655,0.016292737863488716,0.029097167700057904,1.0,0.8242207812171752,0.17406901894559215
nominal,Geo+D2-HistAE-CeNN,3656,0.016766323981728278,0.029064134661757137,1.0,0.8161727157971649,0.1958391158456753
nominal,Geo+D2-HistAE-CeNN,3657,0.023718278792369617,0.03117864011436855,1.0,0.8223629159595142,0.17790758143344837
nominal,Geo+D2-HistAE-CeNN,3658,0.018402881921341013,0.03040758896350335,1.0,0.8200148161767277,0.17225929637728402
nominal,Geo+D2-HistAE-CeNN,3659,0.021331052357320947,0.030279978636341333,1.0,0.8110632056109743,0.1835369975238436
nominal,Geo+D2-HistAE-CeNN,3660,0.01780821747690795,0.03016585844564014,1.0,0.8296505272584962,0.20540675620816642
nominal,Geo+D2-HistAE-CeNN,3661,0.02178884310438658,0.030323231334397766,1.0,0.8240319532049444,0.1861943525696858
nominal,Geo+D2-HistAE-CeNN,3662,0.017763423899742895,0.028645504736691446,1.0,0.804164649138872,0.17843746296564808
nominal,Geo+D2-HistAE-CeNN,3663,0.020677837285465652,0.03793342634734468,1.0,0.8159113148432675,0.19672447145070834
nominal,Geo+D2-HistAE-CeNN,3664,0.01599007422461132,0.023452833934602065,1.0,0.839453820019007,0.16241137662632063
nominal,Geo+D2-HistAE-CeNN,3665,0.021771046794531446,0.03150468515857859,1.0,0.8269459699221186,0.1756237742108375
nominal,Geo+D2-HistAE-CeNN,3666,0.01880917265537581,0.030769806495245553,1.0,0.8187272449552314,0.1669049249147972
nominal,Geo+D2-HistAE-CeNN,3667,0.019109674064989715,0.0296240163367225,1.0,0.8196086152992484,0.18859311291214464
nominal,Geo+D2-HistAE-CeNN,3668,0.023357006503840143,0.03006213631905927,1.0,0.813569971729966,0.1868370572578306
nominal,Geo+D2-HistAE-CeNN,3669,0.0186162543285742,0.02931192745624701,1.0,0.8287632780310586,0.20608071963824276
nominal,Geo+D2-HistAE-CeNN,3670,0.022121788376211773,0.03306833163589173,1.0,0.824943551108664,0.18418803833163147
nominal,Geo+D2-HistAE-CeNN,3671,0.020778805602629173,0.03149251088423036,1.0,0.8132812878279815,0.1883243188782204
nominal,Geo+D2-HistAE-CeNN,3672,0.025493867306212635,0.03754935388098554,1.0,0.8305916866021384,0.1932001055993764
nominal,Geo+D2-HistAE-CeNN,3673,0.02340383119925275,0.036110344000944955,1.0,0.8373465957035763,0.19152503498050147
nominal,Geo+D2-HistAE-CeNN,3674,0.02181929622848543,0.033552915908571665,1.0,0.8263676657247686,0.1764653569900313
nominal,Geo+D2-HistAE-CeNN,3675,0.02159764298769209,0.02761881323283533,1.0,0.8237242076386211,0.21338896859915285
nominal,Geo+D2-HistAE-CeNN,3676,0.027777934044886758,0.03258130861018085,1.0,0.8312935626553465,0.1948627384043437
nominal,Geo+D2-HistAE-CeNN,3677,0.022979972136192583,0.035989860174535315,1.0,0.8035874129501365,0.16584547462045013
nominal,Geo+D2-HistAE-CeNN,3678,0.021561824575137473,0.03704775778866576,1.0,0.8147290520955391,0.18039530971753376
nominal,Geo+D2-HistAE-CeNN,3679,0.02191355876186448,0.03049547387934565,1.0,0.8330448361140953,0.1939414930688941
nominal,Geo+D2-HistAE-CeNN,3680,0.01575635927371953,0.024318459612406963,1.0,0.8139751725988116,0.15818921248207915
nominal,Geo+D2-HistAE-CeNN,3681,0.024536225242686987,0.03450318131881789,1.0,0.8294897968588756,0.1801962123308026
nominal,Geo+D2-HistAE-CeNN,3682,0.016483823898223633,0.028953295966278457,1.0,0.830954432765885,0.19185236535901712
nominal,Geo+D2-HistAE-CeNN,3683,0.020818469989997063,0.028974190748878196,1.0,0.8066911361319896,0.18903981126910419
nominal,Geo+D2-HistAE-CeNN,3684,0.02449591698362138,0.035508539512648846,1.0,0.821453747208464,0.18080326901455793
nominal,Geo+D2-HistAE-CeNN,3685,0.024842395176316104,0.037061373089968944,1.0,0.8059927550367326,0.18637654635520526
nominal,Geo+D2-HistAE-CeNN,3686,0.019771533403833835,0.03310413671514813,1.0,0.8229093715520133,0.1997024769543362
nominal,Geo+D2-HistAE-CeNN,3687,0.02470936523138564,0.03412877709131659,1.0,0.8163988090093384,0.19571034624300854
nominal,Geo+D2-HistAE-CeNN,3688,0.01608459799400358,0.027723117424918464,1.0,0.8339118837047761,0.18491999116826105
nominal,Geo+D2-HistAE-CeNN,3689,0.020095139371975497,0.034581653337361754,1.0,0.8078261981344872,0.17395736278460427
nominal,Geo+D2-HistAE-CeNN,3690,0.022775092670948703,0.034682590978675154,1.0,0.8255619642158206,0.1815754169249394
nominal,Geo+D2-HistAE-CeNN,3691,0.022641563789728186,0.030259099107380855,1.0,0.851098554821847,0.19127880758499366
nominal,Geo+D2-HistAE-CeNN,3692,0.023675428042887563,0.034087361174464814,1.0,0.8342795019452347,0.17652209888236323
nominal,Geo+D2-HistAE-CeNN,3693,0.017030344262516605,0.027796876465027466,1.0,0.803636261659218,0.17288184778204932
nominal,Geo+D2-HistAE-CeNN,3694,0.02275912129042168,0.03295850701927343,1.0,0.8123655817267411,0.18231701591293417
nominal,Geo+D2-HistAE-CeNN,3695,0.024522453050630236,0.033291025975436886,1.0,0.8293115526019476,0.21828804091585294
nominal,Geo+D2-HistAE-CeNN,3696,0.021834651725705284,0.03621901707407075,1.0,0.832950608750096,0.1953243776022564
nominal,Geo+D2-HistAE-CeNN,3697,0.026228947780880158,0.03864409471606361,1.0,0.8148197603391224,0.19565505966883476
nominal,Geo+D2-HistAE-CeNN,3698,0.0232431004882053,0.032780750736500566,1.0,0.8222856318669413,0.1989966272421725
nominal,Geo+D2-HistAE-CeNN,3699,0.01961135650128323,0.03185085233110109,1.0,0.8209045087648953,0.16650306241556356
nominal,Geo+D3-3HistAE-CeNN,3600,0.030536630943002158,0.03842452983912467,1.0,0.8386824536686391,0.17693472231295035
nominal,Geo+D3-3HistAE-CeNN,3601,0.0328237777270971,0.04095517423722334,1.0,0.8289305705779464,0.18577276696803816
nominal,Geo+D3-3HistAE-CeNN,3602,0.03239379075361606,0.03855291160664189,1.0,0.8218448869002206,0.17643100659357108
nominal,Geo+D3-3HistAE-CeNN,3603,0.03610759716041678,0.04090134984923509,1.0,0.8164323568066719,0.17866374783588876
nominal,Geo+D3-3HistAE-CeNN,3604,0.0356320463015697,0.03959257363729263,1.0,0.8284394739167622,0.18137475073666978
nominal,Geo+D3-3HistAE-CeNN,3605,0.03486499273615977,0.03942309852914695,1.0,0.8235411141756448,0.17900410667567185
nominal,Geo+D3-3HistAE-CeNN,3606,0.033959525525710965,0.038745437344102546,1.0,0.8145630946292786,0.1765524152836245
nominal,Geo+D3-3HistAE-CeNN,3607,0.0432802798702241,0.04682116775015639,1.0,0.801874640658899,0.1859038230300013
nominal,Geo+D3-3HistAE-CeNN,3608,0.039913991093984365,0.041588548416019964,1.0,0.8340904143310265,0.187206091271033
nominal,Geo+D3-3HistAE-CeNN,3609,0.03452971687566449,0.042342899340505474,1.0,0.8217790525542014,0.18285276570951403
nominal,Geo+D3-3HistAE-CeNN,3610,0.03864002363375884,0.040316728214239386,1.0,0.8169598999427647,0.1801379008528733
nominal,Geo+D3-3HistAE-CeNN,3611,0.03390835292899244,0.03925303722287356,1.0,0.8086078160572463,0.17863485197152304
nominal,Geo+D3-3HistAE-CeNN,3612,0.03673031695494385,0.039259482905211654,1.0,0.8107107753174126,0.17932300666613402
nominal,Geo+D3-3HistAE-CeNN,3613,0.02747070558721022,0.03566343751819912,1.0,0.8286760522489205,0.17140390140067793
nominal,Geo+D3-3HistAE-CeNN,3614,0.036487039616041515,0.041025007317132024,1.0,0.8167656400886184,0.18296196886490532
nominal,Geo+D3-3HistAE-CeNN,3615,0.037918895996400984,0.040390817756406676,1.0,0.8271895013587406,0.18044578116397522
nominal,Geo+D3-3HistAE-CeNN,3616,0.033042343214265496,0.04120640093697892,1.0,0.8273233373780597,0.18175162690816432
nominal,Geo+D3-3HistAE-CeNN,3617,0.035105927056871274,0.04103369402444034,1.0,0.8263661008838785,0.18522561863097134
nominal,Geo+D3-3HistAE-CeNN,3618,0.03276693763613073,0.03728837456153185,1.0,0.8156245827286424,0.17252888715526546
nominal,Geo+D3-3HistAE-CeNN,3619,0.033644345578954446,0.04064062532615882,1.0,0.8213824193468692,0.18429399880276917
nominal,Geo+D3-3HistAE-CeNN,3620,0.04009803148035244,0.04368154806509668,1.0,0.8213032772141117,0.18745963458518367
nominal,Geo+D3-3HistAE-CeNN,3621,0.03475480802532302,0.04155805025305313,1.0,0.827280521497125,0.18674151873069816
nominal,Geo+D3-3HistAE-CeNN,3622,0.037997873185600765,0.042117079593273266,1.0,0.8063679203691669,0.18663664169853922
nominal,Geo+D3-3HistAE-CeNN,3623,0.0334091407832246,0.041223987052017866,1.0,0.8141247998696636,0.1836678934509743
nominal,Geo+D3-3HistAE-CeNN,3624,0.03784538132300109,0.04150772659261594,1.0,0.8229678367919239,0.18176622800501938
nominal,Geo+D3-3HistAE-CeNN,3625,0.03275555174472762,0.03779686451491763,1.0,0.8198156905426416,0.17186520621270865
nominal,Geo+D3-3HistAE-CeNN,3626,0.038253409302244044,0.04194463093675617,1.0,0.8109793668376589,0.1860276082543228
nominal,Geo+D3-3HistAE-CeNN,3627,0.03757070714149901,0.04211778496583272,1.0,0.8163829317132855,0.1838228826839793
nominal,Geo+D3-3HistAE-CeNN,3628,0.030590842684284206,0.03604694053132682,1.0,0.8140294892297796,0.17214558283377107
nominal,Geo+D3-3HistAE-CeNN,3629,0.039860586781151466,0.041605273424041356,1.0,0.8260990721487592,0.1867337889316887
nominal,Geo+D3-3HistAE-CeNN,3630,0.03785567897790417,0.04209676010142036,1.0,0.820342746926901,0.188724930416704
nominal,Geo+D3-3HistAE-CeNN,3631,0.03843268041442365,0.04065753386052225,1.0,0.8373853128115093,0.1822482202662504
nominal,Geo+D3-3HistAE-CeNN,3632,0.03371852382052632,0.03943094709226631,1.0,0.8164855599477021,0.18106355677530256
nominal,Geo+D3-3HistAE-CeNN,3633,0.033857308036073785,0.039110589409075,1.0,0.8232531737985573,0.17781132965667001
nominal,Geo+D3-3HistAE-CeNN,3634,0.039182314338129506,0.04114858346409485,1.0,0.8441895611223188,0.18161267689805266
nominal,Geo+D3-3HistAE-CeNN,3635,0.03423256263039427,0.04122760356388889,1.0,0.8321643448502709,0.1871379492504951
nominal,Geo+D3-3HistAE-CeNN,3636,0.031413517167136175,0.03862126179445763,1.0,0.8342971212048149,0.18186171848886212
nominal,Geo+D3-3HistAE-CeNN,3637,0.03773875159628204,0.03935686070236573,1.0,0.819376584455206,0.17994617704372884
nominal,Geo+D3-3HistAE-CeNN,3638,0.03773828646083999,0.04193292226768108,1.0,0.8237915903913394,0.18422755803407542
nominal,Geo+D3-3HistAE-CeNN,3639,0.031054015454404203,0.039059874753775946,1.0,0.8281145346530803,0.17951052158391687
nominal,Geo+D3-3HistAE-CeNN,3640,0.03325789413156354,0.03971408984177959,1.0,0.816933173589934,0.17915121271374526
nominal,Geo+D3-3HistAE-CeNN,3641,0.035377132855775484,0.04112061269029768,1.0,0.8349907972687933,0.17937529900146118
nominal,Geo+D3-3HistAE-CeNN,3642,0.03833367815452143,0.04256823646182012,1.0,0.8181865512676816,0.18436847757479866
nominal,Geo+D3-3HistAE-CeNN,3643,0.03150500860231668,0.04017070815818933,1.0,0.830025489858919,0.17596091519402915
nominal,Geo+D3-3HistAE-CeNN,3644,0.03635018477367539,0.04014240565754553,1.0,0.8148509454607065,0.18038523853585609
nominal,Geo+D3-3HistAE-CeNN,3645,0.037402542003185706,0.043524751966141306,1.0,0.8183216705995822,0.18706074208327583
nominal,Geo+D3-3HistAE-CeNN,3646,0.03339040464982235,0.041210717843487524,1.0,0.8191265666524284,0.18186918879921468
nominal,Geo+D3-3HistAE-CeNN,3647,0.03111620684719263,0.0379752984302371,1.0,0.8242303001468378,0.1774601058664227
nominal,Geo+D3-3HistAE-CeNN,3648,0.03732096359185837,0.04215924720188112,1.0,0.8028392619836873,0.18766161869387724
nominal,Geo+D3-3HistAE-CeNN,3649,0.03203781913752749,0.03816763936249923,1.0,0.820651171407621,0.17674001108895634
nominal,Geo+D3-3HistAE-CeNN,3650,0.04149394216591968,0.0464619234861996,1.0,0.8316090775572158,0.18242396918266487
nominal,Geo+D3-3HistAE-CeNN,3651,0.03635467461592904,0.042104975604339435,1.0,0.8328719003640404,0.18440554963867692
nominal,Geo+D3-3HistAE-CeNN,3652,0.033303770520482015,0.03696561633723268,1.0,0.8201309562299851,0.17378992256797787
nominal,Geo+D3-3HistAE-CeNN,3653,0.03067534518279763,0.03903125246661804,1.0,0.8229178865286665,0.1774001256178036
nominal,Geo+D3-3HistAE-CeNN,3654,0.035516127695305065,0.04083098063465781,1.0,0.8150140114292576,0.1864018042446076
nominal,Geo+D3-3HistAE-CeNN,3655,0.03188270415039207,0.038609558110177696,1.0,0.8153939049136084,0.1828378849348527
nominal,Geo+D3-3HistAE-CeNN,3656,0.03324421474990799,0.04000934246082476,1.0,0.8082101660714004,0.18121304361977747
nominal,Geo+D3-3HistAE-CeNN,3657,0.033536443754130556,0.04079852366729937,1.0,0.8329795289439699,0.18385647398289154
nominal,Geo+D3-3HistAE-CeNN,3658,0.03603741470418519,0.04092103855012308,1.0,0.8198100278877611,0.1859301313307749
nominal,Geo+D3-3HistAE-CeNN,3659,0.03634393601966872,0.041136701173208744,1.0,0.8106918965506144,0.1820796683357949
nominal,Geo+D3-3HistAE-CeNN,3660,0.0369592721067804,0.03870777048557427,1.0,0.8130121384039205,0.17878163490867413
nominal,Geo+D3-3HistAE-CeNN,3661,0.03218427820685781,0.03920708362994668,1.0,0.8214120891344169,0.17497362438052008
nominal,Geo+D3-3HistAE-CeNN,3662,0.03148394364479066,0.038648092726206035,1.0,0.8123880892064892,0.17626187462221124
nominal,Geo+D3-3HistAE-CeNN,3663,0.033717429604127346,0.0413149135907356,1.0,0.8130128460629411,0.17990754179033663
nominal,Geo+D3-3HistAE-CeNN,3664,0.034944223008093044,0.04137596072093531,1.0,0.839220967198111,0.17495786022022014
nominal,Geo+D3-3HistAE-CeNN,3665,0.03683227550710199,0.04261765202421407,1.0,0.8330986779786682,0.18556101142844655
nominal,Geo+D3-3HistAE-CeNN,3666,0.03309096643854236,0.039619209341630636,1.0,0.8215711250640396,0.18304060785951828
nominal,Geo+D3-3HistAE-CeNN,3667,0.03521646845561554,0.04048413037803241,1.0,0.8141987700195554,0.18655862382028984
nominal,Geo+D3-3HistAE-CeNN,3668,0.03696945570335641,0.042561300456618135,1.0,0.8100751367073954,0.18360719640489184
nominal,Geo+D3-3HistAE-CeNN,3669,0.03689054454264022,0.04051008561246852,1.0,0.8205927309462634,0.1800467063386384
nominal,Geo+D3-3HistAE-CeNN,3670,0.03871089701432283,0.041525011635211335,1.0,0.8174811524955179,0.18373653359096978
nominal,Geo+D3-3HistAE-CeNN,3671,0.03139792855241987,0.03910883712489439,1.0,0.819991297632865,0.17947321195454238
nominal,Geo+D3-3HistAE-CeNN,3672,0.03238083094924252,0.040296569930872404,1.0,0.8244067425801661,0.17823015334612693
nominal,Geo+D3-3HistAE-CeNN,3673,0.03941533975740036,0.04090830287798069,1.0,0.8304908667486434,0.18490926948483494
nominal,Geo+D3-3HistAE-CeNN,3674,0.038765025426117934,0.040971692499300216,1.0,0.826408744948213,0.1837153054685478
nominal,Geo+D3-3HistAE-CeNN,3675,0.03314773217325993,0.03785278586360563,1.0,0.8175558553933704,0.17820603340725552
nominal,Geo+D3-3HistAE-CeNN,3676,0.02944552967086281,0.037337826164252595,1.0,0.8421230519742041,0.17319478055139928
nominal,Geo+D3-3HistAE-CeNN,3677,0.03948198370080096,0.041468810132761436,1.0,0.8152444736610118,0.18725820246128833
nominal,Geo+D3-3HistAE-CeNN,3678,0.03329305692076395,0.039246604327361136,1.0,0.8174685127422172,0.18460444107227994
nominal,Geo+D3-3HistAE-CeNN,3679,0.03459170226083359,0.0399474243988418,1.0,0.8345144228512931,0.18276028936651934
nominal,Geo+D3-3HistAE-CeNN,3680,0.035477461081982214,0.04149925086130874,1.0,0.8134043047974715,0.1834817622877915
nominal,Geo+D3-3HistAE-CeNN,3681,0.03955731722914887,0.04172966721448619,1.0,0.8209122516222115,0.18677296600962257
nominal,Geo+D3-3HistAE-CeNN,3682,0.032288307336257364,0.03923843576855972,1.0,0.8291744552755325,0.1804390115092441
nominal,Geo+D3-3HistAE-CeNN,3683,0.03487453076640943,0.041800661168919055,1.0,0.809484730483208,0.18802690131080974
nominal,Geo+D3-3HistAE-CeNN,3684,0.03654735869862364,0.041078908333642326,1.0,0.8193843128758523,0.17802564783310287
nominal,Geo+D3-3HistAE-CeNN,3685,0.032348858201002265,0.039820662789001295,1.0,0.8109451310553414,0.1752162071240075
nominal,Geo+D3-3HistAE-CeNN,3686,0.032091540051190186,0.03792412291098717,1.0,0.8226813257976091,0.1746393308409406
nominal,Geo+D3-3HistAE-CeNN,3687,0.03378618914769252,0.038420321386908166,1.0,0.826791259376611,0.17905276809078008
nominal,Geo+D3-3HistAE-CeNN,3688,0.03178080691157276,0.03706988145665691,1.0,0.8394001746554695,0.1763805208115692
nominal,Geo+D3-3HistAE-CeNN,3689,0.03188285524776874,0.03912840034963901,1.0,0.820981650501354,0.1780803732972167
nominal,Geo+D3-3HistAE-CeNN,3690,0.030859256164785968,0.03620936134390972,1.0,0.8354335614081129,0.16991330161045684
nominal,Geo+D3-3HistAE-CeNN,3691,0.03838927872433977,0.04116651199854292,1.0,0.8422371913643344,0.17956799895192918
nominal,Geo+D3-3HistAE-CeNN,3692,0.0400805819429489,0.042653967637222914,1.0,0.8330499487062486,0.1807506134140723
nominal,Geo+D3-3HistAE-CeNN,3693,0.035843231473500096,0.04076716931505185,1.0,0.809618212423163,0.18501579901212004
nominal,Geo+D3-3HistAE-CeNN,3694,0.03436688912831607,0.04079373254606412,1.0,0.8226454645732647,0.1806665869404852
nominal,Geo+D3-3HistAE-CeNN,3695,0.0328593702941896,0.04089094125475222,1.0,0.8293770555107652,0.1847606355363951
nominal,Geo+D3-3HistAE-CeNN,3696,0.03331119888461726,0.040646245344322166,1.0,0.8336708404259234,0.18162365202837777
nominal,Geo+D3-3HistAE-CeNN,3697,0.03525782213013673,0.038377673014883054,1.0,0.8094327423163634,0.18015283924932748
nominal,Geo+D3-3HistAE-CeNN,3698,0.03364231567633328,0.036918290099511954,1.0,0.8213864671121109,0.1752714998284185
nominal,Geo+D3-3HistAE-CeNN,3699,0.0359952708554269,0.040753029327733975,1.0,0.8152578707730045,0.18620796654419797
nominal,Geo+D3-10HistAE-CeNN,3600,0.022159923094857575,0.02785729489216549,1.0,0.8277580649765895,0.12530166236324453
nominal,Geo+D3-10HistAE-CeNN,3601,0.022949079841548342,0.028034071736982042,1.0,0.8163760352827478,0.12526547570057275
nominal,Geo+D3-10HistAE-CeNN,3602,0.02437779778143043,0.02851417675163593,1.0,0.813527947780173,0.12526630306802575
nominal,Geo+D3-10HistAE-CeNN,3603,0.027269784529302416,0.031163315727207836,1.0,0.8064717840242613,0.12532182134034486
nominal,Geo+D3-10HistAE-CeNN,3604,0.026746190314521873,0.02950053624004874,1.0,0.8166815980488451,0.12527197189561803
nominal,Geo+D3-10HistAE-CeNN,3605,0.02802516543530684,0.031915583786653746,1.0,0.8097841495979637,0.12539054676551517
nominal,Geo+D3-10HistAE-CeNN,3606,0.02620835120712496,0.02959266676247293,1.0,0.8009605341317857,0.12534221238715057
nominal,Geo+D3-10HistAE-CeNN,3607,0.03457289120044273,0.04566608460831284,1.0,0.7955109788351806,0.12510573146797718
nominal,Geo+D3-10HistAE-CeNN,3608,0.030496330184697336,0.039026419064289275,1.0,0.8219187996113376,0.12544749980536865
nominal,Geo+D3-10HistAE-CeNN,3609,0.024581467441870595,0.02984959155805177,1.0,0.8100336835774198,0.1253330318672706
nominal,Geo+D3-10HistAE-CeNN,3610,0.030617204848797954,0.03708387770068892,1.0,0.8087951416161263,0.12527903345129074
nominal,Geo+D3-10HistAE-CeNN,3611,0.025687236004265583,0.029237446876810493,1.0,0.7985133170170406,0.12530724664967774
nominal,Geo+D3-10HistAE-CeNN,3612,0.02971083749821685,0.0360656267552509,1.0,0.7982772030558172,0.1253335708838774
nominal,Geo+D3-10HistAE-CeNN,3613,0.021747731948121116,0.028055762985697643,1.0,0.8154730989457731,0.12543012283409508
nominal,Geo+D3-10HistAE-CeNN,3614,0.02717394177495591,0.030444622568649774,1.0,0.8044143090662323,0.1253808596321652
nominal,Geo+D3-10HistAE-CeNN,3615,0.029803627173792202,0.03449027316662582,1.0,0.8164484798908718,0.1253350024008732
nominal,Geo+D3-10HistAE-CeNN,3616,0.023447250814167667,0.028020176874742748,1.0,0.8171958260479196,0.12528171006188205
nominal,Geo+D3-10HistAE-CeNN,3617,0.025252095236155733,0.02954272915819581,1.0,0.814079737793748,0.12532238906416773
nominal,Geo+D3-10HistAE-CeNN,3618,0.025423960778155143,0.029913087795738914,1.0,0.8098496899991598,0.12532274944565483
nominal,Geo+D3-10HistAE-CeNN,3619,0.023626201263241737,0.02752783804667688,1.0,0.8096173207542916,0.12535239728968145
nominal,Geo+D3-10HistAE-CeNN,3620,0.030361457420811682,0.035097246546352434,1.0,0.8072274384714049,0.12531263377955706
nominal,Geo+D3-10HistAE-CeNN,3621,0.02494169796539423,0.029602125038398864,1.0,0.8178361236126713,0.12532592965343273
nominal,Geo+D3-10HistAE-CeNN,3622,0.0287012250711354,0.030891573418853978,1.0,0.7969157291449873,0.12538888486335173
nominal,Geo+D3-10HistAE-CeNN,3623,0.02418343113546122,0.02811852397934231,1.0,0.8080243991400596,0.1253776623886376
nominal,Geo+D3-10HistAE-CeNN,3624,0.02850983031013293,0.03127027136194985,1.0,0.8116758211396463,0.12532806834877072
nominal,Geo+D3-10HistAE-CeNN,3625,0.02558357475673581,0.029021044479861008,1.0,0.8116763368172254,0.12527110250371556
nominal,Geo+D3-10HistAE-CeNN,3626,0.028482592587587775,0.03130466475188079,1.0,0.7994174587845713,0.12538775545597525
nominal,Geo+D3-10HistAE-CeNN,3627,0.028578147918937702,0.032334383812060746,1.0,0.8057869213539277,0.12530913374536756
nominal,Geo+D3-10HistAE-CeNN,3628,0.025108001683224336,0.02807429229238349,1.0,0.798896450006606,0.12541535580611124
nominal,Geo+D3-10HistAE-CeNN,3629,0.03076395683951856,0.03744333187076328,1.0,0.813063991796075,0.12541437074339917
nominal,Geo+D3-10HistAE-CeNN,3630,0.027601863217547706,0.030701097841470154,1.0,0.8077287470725314,0.1253003422740851
nominal,Geo+D3-10HistAE-CeNN,3631,0.02931813738274173,0.03176707134325492,1.0,0.8265194820456206,0.12542232879610185
nominal,Geo+D3-10HistAE-CeNN,3632,0.025392448369339567,0.027527178766762438,1.0,0.8042339699032282,0.125322929011479
nominal,Geo+D3-10HistAE-CeNN,3633,0.025537265561470405,0.02967421200525977,1.0,0.8124082530444354,0.12532354377140775
nominal,Geo+D3-10HistAE-CeNN,3634,0.03186865985675513,0.0387990297983083,1.0,0.8350175359161872,0.1251673720837302
nominal,Geo+D3-10HistAE-CeNN,3635,0.024311550981914728,0.029306417242180038,1.0,0.8191624317232791,0.12535068246184125
nominal,Geo+D3-10HistAE-CeNN,3636,0.023037533837633906,0.02905539941582396,1.0,0.8213862419052329,0.1253829365457003
nominal,Geo+D3-10HistAE-CeNN,3637,0.029559225659285177,0.03297982752020755,1.0,0.8090461506300626,0.1253417571858888
nominal,Geo+D3-10HistAE-CeNN,3638,0.02804888092423811,0.030576570669421613,1.0,0.8115580477866342,0.125381568920668
nominal,Geo+D3-10HistAE-CeNN,3639,0.023598038624692955,0.028744354502472775,1.0,0.8119442232744233,0.12537158263586207
nominal,Geo+D3-10HistAE-CeNN,3640,0.02553058424515639,0.029668669825849054,1.0,0.8049305643665016,0.1251846829564431
nominal,Geo+D3-10HistAE-CeNN,3641,0.02659393891059228,0.029903274098616917,1.0,0.8303642271242223,0.12529868274650638
nominal,Geo+D3-10HistAE-CeNN,3642,0.029458361599563117,0.03364497056204492,1.0,0.8032228524926768,0.12532417266362939
nominal,Geo+D3-10HistAE-CeNN,3643,0.022948213296857554,0.02827851207620285,1.0,0.8215094373804104,0.12527280911097163
nominal,Geo+D3-10HistAE-CeNN,3644,0.027553326711871433,0.030414191678875,1.0,0.8056346351986267,0.12537798519686433
nominal,Geo+D3-10HistAE-CeNN,3645,0.027379439092428147,0.029740490302191835,1.0,0.803867982477064,0.12522695359344388
nominal,Geo+D3-10HistAE-CeNN,3646,0.023923077095023986,0.028811498544480434,1.0,0.8031021598528405,0.12528377653319092
nominal,Geo+D3-10HistAE-CeNN,3647,0.02387439340873976,0.027103299869226605,1.0,0.812129686790717,0.12535015127167382
nominal,Geo+D3-10HistAE-CeNN,3648,0.027541152071582458,0.03030061137999581,1.0,0.788693678308329,0.12534963219196343
nominal,Geo+D3-10HistAE-CeNN,3649,0.025210330862346572,0.0289181331360459,1.0,0.8067335946136334,0.12544436067943232
nominal,Geo+D3-10HistAE-CeNN,3650,0.03278233227672851,0.03990211619143555,1.0,0.818180484399466,0.12537082564859542
nominal,Geo+D3-10HistAE-CeNN,3651,0.027695010915654718,0.03257535559250055,1.0,0.8160754292955364,0.12544541106843005
nominal,Geo+D3-10HistAE-CeNN,3652,0.02708147862166439,0.029886364146813622,1.0,0.8095925985341016,0.12529272101083946
nominal,Geo+D3-10HistAE-CeNN,3653,0.02330966821127149,0.027336117823364543,1.0,0.8150024961878034,0.1253150572357638
nominal,Geo+D3-10HistAE-CeNN,3654,0.025461632621999575,0.028456858549927376,1.0,0.8020302490242046,0.1253834181966606
nominal,Geo+D3-10HistAE-CeNN,3655,0.023050763234163683,0.028225182137479397,1.0,0.8018476065282396,0.12532425566407204
nominal,Geo+D3-10HistAE-CeNN,3656,0.02419176988368792,0.028785459483844603,1.0,0.7969619159945859,0.12527300423687296
nominal,Geo+D3-10HistAE-CeNN,3657,0.024964072813329317,0.028399824252291553,1.0,0.8206190474059378,0.12532158971944546
nominal,Geo+D3-10HistAE-CeNN,3658,0.02683688520835917,0.030410256589482477,1.0,0.8057868594355636,0.12533174303581607
nominal,Geo+D3-10HistAE-CeNN,3659,0.027147679205896863,0.029985672446058396,1.0,0.7984760720869244,0.12535389340086114
nominal,Geo+D3-10HistAE-CeNN,3660,0.028912132923304096,0.03197542119211312,1.0,0.8043952116443954,0.1253379834397346
nominal,Geo+D3-10HistAE-CeNN,3661,0.024748746553140067,0.029113184629138655,1.0,0.813918174087678,0.1252451654175967
nominal,Geo+D3-10HistAE-CeNN,3662,0.023608935346412393,0.02794366049975716,1.0,0.8028450753471745,0.1253549046136453
nominal,Geo+D3-10HistAE-CeNN,3663,0.02433546603549411,0.027742295496976085,1.0,0.8022570690862942,0.12523094828785125
nominal,Geo+D3-10HistAE-CeNN,3664,0.027727771188465967,0.0331001256452346,1.0,0.8309645245865338,0.12534878251308684
nominal,Geo+D3-10HistAE-CeNN,3665,0.0276007966558439,0.03146123499481999,1.0,0.8240584238316715,0.12526712567531217
nominal,Geo+D3-10HistAE-CeNN,3666,0.023841798753141977,0.02694454314580475,1.0,0.8118677320333895,0.12525986717903254
nominal,Geo+D3-10HistAE-CeNN,3667,0.025720263007961812,0.027686337126581397,1.0,0.80338113492679,0.12538146902035976
nominal,Geo+D3-10HistAE-CeNN,3668,0.026984270394721347,0.030874537075144492,1.0,0.807648098957689,0.125272481662472
nominal,Geo+D3-10HistAE-CeNN,3669,0.029378708271073393,0.0331752597332919,1.0,0.8083459518260704,0.1253218949310879
nominal,Geo+D3-10HistAE-CeNN,3670,0.02988265110403491,0.033720154869942454,1.0,0.8072852202443944,0.12533770440436132
nominal,Geo+D3-10HistAE-CeNN,3671,0.023230005263870184,0.028407516207629168,1.0,0.8072956210721,0.12534849154084765
nominal,Geo+D3-10HistAE-CeNN,3672,0.02356962449218757,0.02795379084378733,1.0,0.8126299186616772,0.125238874663587
nominal,Geo+D3-10HistAE-CeNN,3673,0.031074457901696304,0.03825911576237175,1.0,0.8197431767963275,0.1254215229002663
nominal,Geo+D3-10HistAE-CeNN,3674,0.03027514843135122,0.03529403785978137,1.0,0.8180962765019647,0.12534910055688264
nominal,Geo+D3-10HistAE-CeNN,3675,0.026230045652339003,0.029092402327075884,1.0,0.8027818379509684,0.12531134736911298
nominal,Geo+D3-10HistAE-CeNN,3676,0.023065939397557245,0.028030385142342868,1.0,0.8286982430727381,0.12535313660371666
nominal,Geo+D3-10HistAE-CeNN,3677,0.030677316296815842,0.03603381476329737,1.0,0.799760824798309,0.12536790886550564
nominal,Geo+D3-10HistAE-CeNN,3678,0.02405390367482115,0.027285118717144233,1.0,0.8058483979739565,0.12538267195878175
nominal,Geo+D3-10HistAE-CeNN,3679,0.02490058838966831,0.028654017098205968,1.0,0.8175487347614352,0.12549818134499277
nominal,Geo+D3-10HistAE-CeNN,3680,0.026049101449796774,0.028857951274862292,1.0,0.8025129011409177,0.12525004047757174
nominal,Geo+D3-10HistAE-CeNN,3681,0.030633185765102555,0.03602264498555845,1.0,0.8085614833542643,0.1252774181617627
nominal,Geo+D3-10HistAE-CeNN,3682,0.023358740998616623,0.028560861807761278,1.0,0.8183231286066162,0.12532635690148536
nominal,Geo+D3-10HistAE-CeNN,3683,0.025189080249576033,0.029129645590577805,1.0,0.7939777734266794,0.12544677158718878
nominal,Geo+D3-10HistAE-CeNN,3684,0.028312707209611935,0.03232227933608468,1.0,0.8114204085132486,0.125285043523652
nominal,Geo+D3-10HistAE-CeNN,3685,0.02370491507853617,0.02871341753166017,1.0,0.8036352333158678,0.1253592376574409
nominal,Geo+D3-10HistAE-CeNN,3686,0.024181355997746953,0.028979993310197107,1.0,0.8123922650969231,0.12539454360959104
nominal,Geo+D3-10HistAE-CeNN,3687,0.025880861864921164,0.029708889798843712,1.0,0.8117578687435846,0.12535190223749382
nominal,Geo+D3-10HistAE-CeNN,3688,0.02449745480120987,0.029643486520816983,1.0,0.8279339438796077,0.12533790889153199
nominal,Geo+D3-10HistAE-CeNN,3689,0.02316189305192429,0.027807600408012056,1.0,0.8061112493180561,0.12532903584044253
nominal,Geo+D3-10HistAE-CeNN,3690,0.024458619851699143,0.029068650773764658,1.0,0.8242532595432681,0.12545145405603306
nominal,Geo+D3-10HistAE-CeNN,3691,0.03034657362888416,0.03623047551286254,1.0,0.8324086348956801,0.1253380048957446
nominal,Geo+D3-10HistAE-CeNN,3692,0.03275012443735379,0.04076179719049479,1.0,0.8224497340701894,0.12526797367324374
nominal,Geo+D3-10HistAE-CeNN,3693,0.026742056151395903,0.02989552823056813,1.0,0.7947904291594434,0.12529621020622161
nominal,Geo+D3-10HistAE-CeNN,3694,0.02486220437217307,0.028196972842037274,1.0,0.810066170092647,0.12527546516852514
nominal,Geo+D3-10HistAE-CeNN,3695,0.02356357510086482,0.027824487003888808,1.0,0.8181309987576644,0.12529399584774742
nominal,Geo+D3-10HistAE-CeNN,3696,0.023758601598402943,0.02835476919188897,1.0,0.8216054928380265,0.12519759630667657
nominal,Geo+D3-10HistAE-CeNN,3697,0.027777339571533693,0.03618497612837445,1.0,0.7930449257246671,0.1253973746439343
nominal,Geo+D3-10HistAE-CeNN,3698,0.026579313595260598,0.0328119946896683,1.0,0.8111890452886995,0.12542367625218181
nominal,Geo+D3-10HistAE-CeNN,3699,0.026670726114698663,0.029677222374760275,1.0,0.8032906590986107,0.12527176726738623
wind3,LQR-outer,3600,0.10933015707823508,0.12857616530175214,1.0,2.079812521399336,0.0
wind3,LQR-outer,3601,0.11655306803440589,0.16218235454342642,1.0,1.1687773897958735,0.0
wind3,LQR-outer,3602,0.11318959899153312,0.14080937370610466,1.0,1.2920876214728918,0.0
wind3,LQR-outer,3603,0.1163722652460184,0.14363787217798452,1.0,2.757964415663089,0.0
wind3,LQR-outer,3604,0.10422246635991679,0.12445944524829997,1.0,1.5172221108766513,0.0
wind3,LQR-outer,3605,0.10633986757288898,0.12871513340271135,1.0,1.5898255888983936,0.0
wind3,LQR-outer,3606,0.1344961976065177,0.17028456291259428,1.0,2.5308187938897406,0.0
wind3,LQR-outer,3607,0.10464562383415188,0.1511515256731257,1.0,1.0023518544532095,0.0
wind3,LQR-outer,3608,0.11274824590977818,0.14919307088108477,1.0,0.8384670075148486,0.0
wind3,LQR-outer,3609,0.12744439975730104,0.1528647268438226,1.0,2.354905556756716,0.0
wind3,LQR-outer,3610,0.1146096120328834,0.16597716856778708,1.0,0.8289802781119082,0.0
wind3,LQR-outer,3611,0.14158101488091876,0.1873875803640262,1.0,3.363967499994941,0.0
wind3,LQR-outer,3612,0.11092317702638543,0.1372704530400899,1.0,1.113651430565003,0.0
wind3,LQR-outer,3613,0.12696480068909127,0.17451173193029318,1.0,0.8154963275779459,0.0
wind3,LQR-outer,3614,0.11930911975806764,0.14872048022360224,1.0,2.517769274276022,0.0
wind3,LQR-outer,3615,0.14099189834874734,0.17738008442194214,1.0,1.4176153704890013,0.0
wind3,LQR-outer,3616,0.13819076324857968,0.1726001712123412,1.0,2.5664636174312045,0.0
wind3,LQR-outer,3617,0.13430697407404005,0.16769821334821775,1.0,0.41788032068405173,0.0
wind3,LQR-outer,3618,0.13061391952608145,0.16905819071937433,1.0,2.3752931252849785,0.0
wind3,LQR-outer,3619,0.10585138977265741,0.1461644425970865,1.0,1.2448148449198948,0.0
wind3,LQR-outer,3620,0.0952721371232737,0.12858827185361602,1.0,1.6318330933092242,0.0
wind3,LQR-outer,3621,0.1131279190328201,0.14841495547863653,1.0,2.1088319579636363,0.0
wind3,LQR-outer,3622,0.09918956134737159,0.15036570145880912,1.0,1.1328047381048267,0.0
wind3,LQR-outer,3623,0.11680996093090135,0.1448476480951378,1.0,2.426763879572829,0.0
wind3,LQR-outer,3624,0.11634725280131857,0.14159254340321148,1.0,1.847270414367666,0.0
wind3,LQR-outer,3625,0.14735673827087675,0.21186887368655535,1.0,0.12245348000617863,0.0
wind3,LQR-outer,3626,0.11938761744846901,0.15214010719445858,1.0,0.1354655447478628,0.0
wind3,LQR-outer,3627,0.11187519073907849,0.13818557761591493,1.0,2.371926010864232,0.0
wind3,LQR-outer,3628,0.13060558631763095,0.16361979331380552,1.0,0.5397231036725247,0.0
wind3,LQR-outer,3629,0.1078804010289233,0.13733544807782386,1.0,1.7745845964095408,0.0
wind3,LQR-outer,3630,0.12030689999538659,0.14765207316918957,1.0,2.821254109102352,0.0
wind3,LQR-outer,3631,0.12891977323210027,0.17047565820146615,1.0,2.3904298573663785,0.0
wind3,LQR-outer,3632,0.10177401791365773,0.1289332045292568,1.0,1.323786299195622,0.0
wind3,LQR-outer,3633,0.13841993384741114,0.17409857794017128,1.0,0.10817703069210648,0.0
wind3,LQR-outer,3634,0.15278577426825196,0.2039186209792391,1.0,1.0445137292616875,0.0
wind3,LQR-outer,3635,0.13376118668604664,0.17184491360754342,1.0,0.6391073726879389,0.0
wind3,LQR-outer,3636,0.09959904096860925,0.14225715654867518,1.0,1.053435708752647,0.0
wind3,LQR-outer,3637,0.11181111526359987,0.13950828963788495,1.0,1.2293240810788462,0.0
wind3,LQR-outer,3638,0.14812579925113178,0.2053855483558275,1.0,2.1733274416626935,0.0
wind3,LQR-outer,3639,0.13253872958470686,0.17624180983139937,1.0,2.7362572942737677,0.0
wind3,LQR-outer,3640,0.10530081366345771,0.13216220689544506,1.0,2.4305361752753645,0.0
wind3,LQR-outer,3641,0.11865948072803995,0.14527367082666456,1.0,0.9739251068468373,0.0
wind3,LQR-outer,3642,0.1260639216708759,0.1567040922954256,1.0,2.382474922541378,0.0
wind3,LQR-outer,3643,0.109368546556725,0.16207029842953632,1.0,1.1690058306413134,0.0
wind3,LQR-outer,3644,0.11035772572632788,0.1362842360203591,1.0,2.457977875071257,0.0
wind3,LQR-outer,3645,0.12026971180846464,0.1555627044734493,1.0,0.42915469270302264,0.0
wind3,LQR-outer,3646,0.11242697302023305,0.14861517423135018,1.0,0.5450903518430632,0.0
wind3,LQR-outer,3647,0.11799770111398662,0.14763378332201638,1.0,0.7906582793353168,0.0
wind3,LQR-outer,3648,0.11454459782534299,0.14549114907578248,1.0,0.6222623492137259,0.0
wind3,LQR-outer,3649,0.12143510830808872,0.16193382873909626,1.0,0.23226700386289617,0.0
wind3,LQR-outer,3650,0.11334694917137923,0.14804934446608797,1.0,1.145079491695273,0.0
wind3,LQR-outer,3651,0.11686422262327215,0.15147378505615508,1.0,0.3813368493104677,0.0
wind3,LQR-outer,3652,0.11637833693905018,0.16872687087173627,1.0,1.1730582868597217,0.0
wind3,LQR-outer,3653,0.09840093515951132,0.1417410779055403,1.0,0.411724151938751,0.0
wind3,LQR-outer,3654,0.11311787528751631,0.15033035951658252,1.0,1.3139071560762596,0.0
wind3,LQR-outer,3655,0.12440476137844744,0.16484408555089572,1.0,0.09043727584108123,0.0
wind3,LQR-outer,3656,0.1302708608949638,0.19042994796249313,1.0,0.08950848570381711,0.0
wind3,LQR-outer,3657,0.10790394007049217,0.1489445616881235,1.0,0.2406125271263395,0.0
wind3,LQR-outer,3658,0.12476122366217836,0.1598847864276067,1.0,0.19663885412107404,0.0
wind3,LQR-outer,3659,0.12375398806656927,0.15637614163797686,1.0,2.4026253700901927,0.0
wind3,LQR-outer,3660,0.15987278997602816,0.23233397886118565,1.0,0.4470251688317543,0.0
wind3,LQR-outer,3661,0.12439550318155466,0.16142045395555896,1.0,0.9068392054438963,0.0
wind3,LQR-outer,3662,0.12220943382264443,0.1459147463679915,1.0,2.736787542870874,0.0
wind3,LQR-outer,3663,0.11316872912777946,0.14176960299235639,1.0,0.7400496908397666,0.0
wind3,LQR-outer,3664,0.11730895836189714,0.15001434907807204,1.0,1.5406852583791086,0.0
wind3,LQR-outer,3665,0.12065720183679629,0.15910655408013727,1.0,1.9101130907005222,0.0
wind3,LQR-outer,3666,0.13829954752915546,0.17778499319250043,1.0,2.9122630990890093,0.0
wind3,LQR-outer,3667,0.12646690644816103,0.15691467155662117,1.0,1.1350977261139639,0.0
wind3,LQR-outer,3668,0.10581846018365525,0.14789776027219362,1.0,0.28811872977593544,0.0
wind3,LQR-outer,3669,0.1190934977456166,0.1687516610931492,1.0,0.5361719969215825,0.0
wind3,LQR-outer,3670,0.10793398475853504,0.13689247639077975,1.0,2.146444090931658,0.0
wind3,LQR-outer,3671,0.12649923466323632,0.1558586807436021,1.0,2.295116820804861,0.0
wind3,LQR-outer,3672,0.12048901358722225,0.15457315576820632,1.0,1.7116646768380501,0.0
wind3,LQR-outer,3673,0.1092180393564789,0.13344678119854225,1.0,0.8507154890523725,0.0
wind3,LQR-outer,3674,0.1182335449311036,0.14847576457383654,1.0,1.5524429234013293,0.0
wind3,LQR-outer,3675,0.11463341616849516,0.1491375240143195,1.0,0.9396750369433725,0.0
wind3,LQR-outer,3676,0.10038555758546075,0.13394720823398396,1.0,1.7347660322735934,0.0
wind3,LQR-outer,3677,0.11358022658842323,0.14931334204463723,1.0,1.8421830768841787,0.0
wind3,LQR-outer,3678,0.11714484514375452,0.14167576044462407,1.0,2.3587314656206027,0.0
wind3,LQR-outer,3679,0.11018331783757974,0.14200537442063216,1.0,1.158685757826614,0.0
wind3,LQR-outer,3680,0.10556913102169367,0.14158420587574436,1.0,1.0448448763594242,0.0
wind3,LQR-outer,3681,0.11991750153425297,0.15040021949452384,1.0,1.4273027717494629,0.0
wind3,LQR-outer,3682,0.11701471561496712,0.1466022817875362,1.0,0.2927250839746058,0.0
wind3,LQR-outer,3683,0.11664306380873046,0.15194206410604805,1.0,0.6094639860066547,0.0
wind3,LQR-outer,3684,0.12359466529662343,0.161417630304487,1.0,0.2995577066704289,0.0
wind3,LQR-outer,3685,0.12836592170210104,0.1666719898026425,1.0,1.5542044717143966,0.0
wind3,LQR-outer,3686,0.12170426324246793,0.15206489096868964,1.0,1.6188725197438925,0.0
wind3,LQR-outer,3687,0.11578237041735594,0.16305925028458254,1.0,0.15715480321047487,0.0
wind3,LQR-outer,3688,0.10569962658888057,0.13406314817107803,1.0,0.9689016957926854,0.0
wind3,LQR-outer,3689,0.12876669207787672,0.16943493708853993,1.0,1.9963563856650408,0.0
wind3,LQR-outer,3690,0.13159219423194943,0.16874580942251727,1.0,0.6170001137701572,0.0
wind3,LQR-outer,3691,0.13411669613542213,0.2036293606549448,1.0,0.2234032717076057,0.0
wind3,LQR-outer,3692,0.12149161071343062,0.16214412518536483,1.0,2.8174128569666723,0.0
wind3,LQR-outer,3693,0.11695655307362425,0.17057162988293958,1.0,2.035765371703788,0.0
wind3,LQR-outer,3694,0.09780746094573349,0.11984355226480017,1.0,1.9882681851984705,0.0
wind3,LQR-outer,3695,0.12146235096930977,0.1636663223995394,1.0,0.42079217689113396,0.0
wind3,LQR-outer,3696,0.10357050642209338,0.1370475681966057,1.0,1.7857061025117424,0.0
wind3,LQR-outer,3697,0.12483899082819096,0.15708955224857896,1.0,2.344859922244147,0.0
wind3,LQR-outer,3698,0.09567443857536288,0.1219805478092574,1.0,0.9446977767494107,0.0
wind3,LQR-outer,3699,0.11510393226114501,0.1461610174906278,1.0,0.8226608184273194,0.0
wind3,Geo+AE-CeNN,3600,0.12976801948997083,0.15714413055083756,1.0,2.1006341504933475,0.0344957525764526
wind3,Geo+AE-CeNN,3601,0.14378140386594895,0.1965370874663772,1.0,1.1661854031723677,0.04793509206656728
wind3,Geo+AE-CeNN,3602,0.13802189901495082,0.17475971509744725,1.0,1.3088524400743158,0.03841784079870689
wind3,Geo+AE-CeNN,3603,0.14839760550906658,0.18606143565200525,1.0,2.7937767574114405,0.03823151942572169
wind3,Geo+AE-CeNN,3604,0.12529072469151967,0.15230872053309252,1.0,1.5305933263075833,0.03669609488637902
wind3,Geo+AE-CeNN,3605,0.1303539850082135,0.1602579938426039,1.0,1.6028703386586922,0.03834474782344921
wind3,Geo+AE-CeNN,3606,0.15618912847333297,0.2002931202400536,1.0,2.549942712553668,0.031881615732348274
wind3,Geo+AE-CeNN,3607,0.13083442042540452,0.18836541684379868,1.0,1.0014588628339773,0.04034981322812297
wind3,Geo+AE-CeNN,3608,0.1418251298300837,0.18568743979335,1.0,0.8368427047555586,0.04580656196009043
wind3,Geo+AE-CeNN,3609,0.147867170840489,0.18062154922661147,1.0,2.388778340119739,0.031208982938640762
wind3,Geo+AE-CeNN,3610,0.13765663191052682,0.1979673036734359,1.0,0.8183863498043398,0.03272848994836867
wind3,Geo+AE-CeNN,3611,0.1810131368040855,0.2430998792933221,1.0,3.3958415143554137,0.04371849623587185
wind3,Geo+AE-CeNN,3612,0.13940066239902413,0.17599679581355385,1.0,1.12264459907709,0.04503801962992936
wind3,Geo+AE-CeNN,3613,0.15835160231454504,0.2191731215066672,1.0,0.8201720375849589,0.049099703379816326
wind3,Geo+AE-CeNN,3614,0.1527195761898752,0.1953254077505938,1.0,2.55986110743936,0.0413188901061159
wind3,Geo+AE-CeNN,3615,0.17664005975978359,0.22720331471036037,1.0,1.4190811909587113,0.03444484069341389
wind3,Geo+AE-CeNN,3616,0.17587737027232367,0.22352614689142047,1.0,2.59512893880572,0.04412002660063265
wind3,Geo+AE-CeNN,3617,0.16900714631671562,0.21453529048487432,1.0,0.40773046761336135,0.04473104462517399
wind3,Geo+AE-CeNN,3618,0.16458395479425295,0.214405359986939,1.0,2.4173427228161346,0.04844403051151418
wind3,Geo+AE-CeNN,3619,0.13358384256499364,0.18261808471377283,1.0,1.2475025660294687,0.040634879862206236
wind3,Geo+AE-CeNN,3620,0.1103146869267594,0.14993260195644031,1.0,1.626791428328188,0.03503275535837421
wind3,Geo+AE-CeNN,3621,0.14220053156667078,0.1835572932196484,1.0,2.126756702643511,0.047080967727367806
wind3,Geo+AE-CeNN,3622,0.12433251787600745,0.18912237107277052,1.0,1.136461834187369,0.04475751002213409
wind3,Geo+AE-CeNN,3623,0.13800722673307644,0.17372036827716872,1.0,2.4496239337054084,0.03099112688547949
wind3,Geo+AE-CeNN,3624,0.1450982585976141,0.1805805788918048,1.0,1.87166960514617,0.04823614081169651
wind3,Geo+AE-CeNN,3625,0.18360908948022348,0.2636202962254295,1.0,0.12361524425842944,0.044549386837487076
wind3,Geo+AE-CeNN,3626,0.1506301893789094,0.19595231340652436,1.0,0.12439836711953065,0.04614139300208913
wind3,Geo+AE-CeNN,3627,0.14322317516255387,0.1798165479629157,1.0,2.408439616755064,0.04609683454775694
wind3,Geo+AE-CeNN,3628,0.16398813688177927,0.21018067584954955,1.0,0.5458282706949676,0.04691486624676163
wind3,Geo+AE-CeNN,3629,0.12219897171032294,0.15755243209727451,1.0,1.7912194526423777,0.03000833611584661
wind3,Geo+AE-CeNN,3630,0.1509023102071798,0.18581835596680502,1.0,2.8494862454685435,0.03641625800273809
wind3,Geo+AE-CeNN,3631,0.16443628472833885,0.21838746936366102,1.0,2.432935940200139,0.04385986040964035
wind3,Geo+AE-CeNN,3632,0.12586446809369686,0.1569699215121512,1.0,1.3363352777024333,0.04684247274186034
wind3,Geo+AE-CeNN,3633,0.1726703380809633,0.22226791046770575,1.0,0.1019695502098654,0.04098314611526231
wind3,Geo+AE-CeNN,3634,0.19111444090276497,0.25902071310863495,1.0,1.0642868464624018,0.04341381884349118
wind3,Geo+AE-CeNN,3635,0.16601075750971994,0.2177057362202729,1.0,0.6569903155937716,0.042128721645156963
wind3,Geo+AE-CeNN,3636,0.12448757180254501,0.17468223883548223,1.0,1.061004105133371,0.046067485414141754
wind3,Geo+AE-CeNN,3637,0.12553221735182207,0.15996919049753452,1.0,1.2298463278403424,0.03239386945905978
wind3,Geo+AE-CeNN,3638,0.18762276646506942,0.26214546640925035,1.0,2.209341916193198,0.04792528248913903
wind3,Geo+AE-CeNN,3639,0.1686017537570492,0.22919134992983034,1.0,2.7727656454273597,0.042173241346737236
wind3,Geo+AE-CeNN,3640,0.13563697064845157,0.1736610665016822,1.0,2.4551618503455677,0.044776275134261155
wind3,Geo+AE-CeNN,3641,0.14531311895466473,0.18272948339122028,1.0,0.9669976262743,0.03228719018941071
wind3,Geo+AE-CeNN,3642,0.14658244534589376,0.17968667295605106,1.0,2.392673678572742,0.02833955464307345
wind3,Geo+AE-CeNN,3643,0.13227052930244892,0.1961544955795225,1.0,1.1641681616762043,0.030411385613719078
wind3,Geo+AE-CeNN,3644,0.1421951685894284,0.17934429811776875,1.0,2.5015838298337667,0.04204107710300973
wind3,Geo+AE-CeNN,3645,0.14506192502389284,0.18982481485450603,1.0,0.42316912290555025,0.035661025309485284
wind3,Geo+AE-CeNN,3646,0.13307415045455875,0.17851386820405996,1.0,0.5442410895012982,0.034147473095503485
wind3,Geo+AE-CeNN,3647,0.13714324228408972,0.1747489826488885,1.0,0.7917811295607371,0.035375310425853686
wind3,Geo+AE-CeNN,3648,0.1383395047751431,0.1755237895022623,1.0,0.6203982518189148,0.034331125219119435
wind3,Geo+AE-CeNN,3649,0.14962046715700664,0.2019803448100194,1.0,0.2207679305272318,0.0375177858495473
wind3,Geo+AE-CeNN,3650,0.14217796550145267,0.1852216653833573,1.0,1.1577300844248175,0.050623901167668996
wind3,Geo+AE-CeNN,3651,0.14792176155688644,0.19385621352123086,1.0,0.3745222937189812,0.0475763352087795
wind3,Geo+AE-CeNN,3652,0.13827373313849023,0.2027064975322523,1.0,1.178267783098225,0.030081696943904297
wind3,Geo+AE-CeNN,3653,0.12240801535575682,0.17569302696974423,1.0,0.40790907064087495,0.04736590566753708
wind3,Geo+AE-CeNN,3654,0.13041619041114733,0.17441501213625396,1.0,1.3026113705728677,0.02944199799445698
wind3,Geo+AE-CeNN,3655,0.15706122875410825,0.2111258604901615,1.0,0.08408472563151514,0.0456237292244932
wind3,Geo+AE-CeNN,3656,0.16316941704130455,0.24042063306499342,1.0,0.09526488132502589,0.04460194946216016
wind3,Geo+AE-CeNN,3657,0.1359067287391318,0.18659009704645138,1.0,0.22745573519201018,0.04771972139762981
wind3,Geo+AE-CeNN,3658,0.15744590331918118,0.20467657626349295,1.0,0.186425991516187,0.04622013788508342
wind3,Geo+AE-CeNN,3659,0.15857400253511797,0.20448827924812868,1.0,2.44143758677634,0.045456516771464034
wind3,Geo+AE-CeNN,3660,0.19761317680540247,0.29068094950671297,1.0,0.4649478262680651,0.04265038323748017
wind3,Geo+AE-CeNN,3661,0.15496068051979348,0.20339773207755166,1.0,0.9234959850289886,0.04266306619074021
wind3,Geo+AE-CeNN,3662,0.15339579133922818,0.1871849914081634,1.0,2.7735674118389007,0.036368345093595086
wind3,Geo+AE-CeNN,3663,0.13876981365196145,0.1775419265254774,1.0,0.7319848131429255,0.03825882263009757
wind3,Geo+AE-CeNN,3664,0.14799600372733096,0.19154698241241983,1.0,1.5491623123185803,0.03782916980163879
wind3,Geo+AE-CeNN,3665,0.1543049330380572,0.20590047749810292,1.0,1.9431872624783924,0.041352362283626716
wind3,Geo+AE-CeNN,3666,0.17531312030532958,0.22835083563466815,1.0,2.9554772023686913,0.03850777381112242
wind3,Geo+AE-CeNN,3667,0.15470646281306452,0.19516113573702398,1.0,1.14751742861726,0.04957503209263535
wind3,Geo+AE-CeNN,3668,0.13375929559349586,0.18341608353593258,1.0,0.2737597196879551,0.046891822287643554
wind3,Geo+AE-CeNN,3669,0.14771619289712348,0.20944466647671522,1.0,0.5330312058630645,0.03769605293769757
wind3,Geo+AE-CeNN,3670,0.13892959382789014,0.17915473525321343,1.0,2.1895409518127686,0.04650207974827405
wind3,Geo+AE-CeNN,3671,0.16041283154906924,0.20010616996497316,1.0,2.3298698023861526,0.04876698970809473
wind3,Geo+AE-CeNN,3672,0.14122592780171334,0.18252795107923375,1.0,1.7276340394493999,0.028170401985784094
wind3,Geo+AE-CeNN,3673,0.1272524408489141,0.15448683561849777,1.0,0.8400071157353785,0.033040350805129085
wind3,Geo+AE-CeNN,3674,0.13621818359483787,0.17318137948183165,1.0,1.56289382305021,0.034445027009331074
wind3,Geo+AE-CeNN,3675,0.14344215064104046,0.18962369568595808,1.0,0.942562282089121,0.04457576593660114
wind3,Geo+AE-CeNN,3676,0.12864968151665074,0.17339925098707637,1.0,1.7542847852085839,0.04416814414753773
wind3,Geo+AE-CeNN,3677,0.14387348622770002,0.1913424502963498,1.0,1.8609001538719916,0.04353508726583369
wind3,Geo+AE-CeNN,3678,0.14894023256652397,0.18054240563998467,1.0,2.3847287385364044,0.040177122452364794
wind3,Geo+AE-CeNN,3679,0.12345431091425459,0.15842888246565962,1.0,1.152245991944315,0.03278046067423692
wind3,Geo+AE-CeNN,3680,0.13241629261705817,0.1782797659969777,1.0,1.0519046191737542,0.04346177256916178
wind3,Geo+AE-CeNN,3681,0.15226592951377255,0.19458469065915995,1.0,1.4655989397614604,0.0509828024072316
wind3,Geo+AE-CeNN,3682,0.14310726563707757,0.18236903156396253,1.0,0.28313011216244144,0.03724677361998675
wind3,Geo+AE-CeNN,3683,0.14428769069174596,0.18790119689171073,1.0,0.6133341136007879,0.04116634594450242
wind3,Geo+AE-CeNN,3684,0.15685965650310357,0.20771991437946755,1.0,0.3004353087511377,0.04858733446668475
wind3,Geo+AE-CeNN,3685,0.15210480860254244,0.19944425188066978,1.0,1.5582362325124348,0.029153678586565715
wind3,Geo+AE-CeNN,3686,0.1426380588125286,0.18219161857624333,1.0,1.6317520694400365,0.028026305281303242
wind3,Geo+AE-CeNN,3687,0.14515950779955278,0.20377928906585965,1.0,0.15830967112826616,0.04692923316828391
wind3,Geo+AE-CeNN,3688,0.12969125881208574,0.16730162330419449,1.0,0.9614973307979804,0.03220489085526005
wind3,Geo+AE-CeNN,3689,0.15982474124967921,0.2147585682102602,1.0,2.000825126718101,0.040727268317821155
wind3,Geo+AE-CeNN,3690,0.160772689318413,0.20972735096076697,1.0,0.6201882554808145,0.0382232364918192
wind3,Geo+AE-CeNN,3691,0.16626904208287302,0.2541070972489567,1.0,0.22431109943942085,0.04256451925195099
wind3,Geo+AE-CeNN,3692,0.1544066736755155,0.20972543385695383,1.0,2.8392460986117114,0.03879645174844644
wind3,Geo+AE-CeNN,3693,0.14535382039111427,0.21161372700273748,1.0,2.062187466080091,0.04795486917956995
wind3,Geo+AE-CeNN,3694,0.12191164322692147,0.15192322879694722,1.0,2.004687117007457,0.033389752865867366
wind3,Geo+AE-CeNN,3695,0.1445410131021568,0.19829066557013417,1.0,0.4218553292994722,0.0351280923746627
wind3,Geo+AE-CeNN,3696,0.12987891794457126,0.17242362237153916,1.0,1.7966350835708522,0.045738001746855876
wind3,Geo+AE-CeNN,3697,0.158882979932052,0.20331433043890318,1.0,2.3673310126262024,0.04237293074788491
wind3,Geo+AE-CeNN,3698,0.12021816336145415,0.15250135111099292,1.0,0.9482621949672849,0.045342083811015885
wind3,Geo+AE-CeNN,3699,0.14505324833111574,0.18643386028024414,1.0,0.8239715566929192,0.04358508788247027
wind3,Geo+D1-3AE-CeNN,3600,0.12953973973959076,0.15662221269016863,1.0,2.1003255243715317,0.036837245986647046
wind3,Geo+D1-3AE-CeNN,3601,0.1406465587772319,0.19261391519787396,1.0,1.1669045811530259,0.036841849192201986
wind3,Geo+D1-3AE-CeNN,3602,0.13786407151155317,0.17455820615907844,1.0,1.3093475773250285,0.036837343922028226
wind3,Geo+D1-3AE-CeNN,3603,0.14667688466280426,0.1838135957450073,1.0,2.7936061660987495,0.03683904656636578
wind3,Geo+D1-3AE-CeNN,3604,0.12539657144521404,0.1523794629101393,1.0,1.5310884631560107,0.036837694298715765
wind3,Geo+D1-3AE-CeNN,3605,0.13049414984041025,0.16035252343270112,1.0,1.6034072781316626,0.03683854255456492
wind3,Geo+D1-3AE-CeNN,3606,0.1554049416851468,0.1991436962354445,1.0,2.5504927300607716,0.03683452534365606
wind3,Geo+D1-3AE-CeNN,3607,0.12716054141618457,0.1831995013934581,1.0,1.0016216653764851,0.036835821197079455
wind3,Geo+D1-3AE-CeNN,3608,0.13780788924197127,0.18016966013918942,1.0,0.8373153590416221,0.03683677048825489
wind3,Geo+D1-3AE-CeNN,3609,0.14686722531987978,0.17913996153643488,1.0,2.387889715523681,0.03683483190565899
wind3,Geo+D1-3AE-CeNN,3610,0.13449051912011856,0.19363571711034885,1.0,0.819335284716866,0.03683525399452518
wind3,Geo+D1-3AE-CeNN,3611,0.17880765522445197,0.2399623644397056,1.0,3.394061358069388,0.03684009960456929
wind3,Geo+D1-3AE-CeNN,3612,0.1353979075515371,0.1709046259533896,1.0,1.122084609020373,0.036836112607457235
wind3,Geo+D1-3AE-CeNN,3613,0.15456167429683507,0.21422710305689685,1.0,0.8197596393759848,0.03683969029826872
wind3,Geo+D1-3AE-CeNN,3614,0.15195634163100083,0.19409904209091317,1.0,2.5586465945738395,0.036838547554836565
wind3,Geo+D1-3AE-CeNN,3615,0.17292514187830071,0.22233186832830693,1.0,1.4196877676766504,0.03683459221285648
wind3,Geo+D1-3AE-CeNN,3616,0.17573377665802262,0.22305970386202817,1.0,2.595519408608731,0.03683926732128849
wind3,Geo+D1-3AE-CeNN,3617,0.16502483092158216,0.20928012767567383,1.0,0.4081612743738974,0.03683604770747497
wind3,Geo+D1-3AE-CeNN,3618,0.16262789538936115,0.21194916888955004,1.0,2.414914685409874,0.03683898518857983
wind3,Geo+D1-3AE-CeNN,3619,0.12974691247150616,0.17736831483267418,1.0,1.247440241432501,0.036836282419272975
wind3,Geo+D1-3AE-CeNN,3620,0.1105138902760293,0.15001491289404018,1.0,1.627493076382902,0.03683726614779267
wind3,Geo+D1-3AE-CeNN,3621,0.13994204575806604,0.18045942511507534,1.0,2.1260146114903216,0.03684103069377342
wind3,Geo+D1-3AE-CeNN,3622,0.12409488505689467,0.18835528432744697,1.0,1.137358312208043,0.03683710898884328
wind3,Geo+D1-3AE-CeNN,3623,0.13677730472200664,0.1720437381974573,1.0,2.4495472420617235,0.03683534828844552
wind3,Geo+D1-3AE-CeNN,3624,0.14317536178512544,0.17806957542552282,1.0,1.8701145803781576,0.03683994631921027
wind3,Geo+D1-3AE-CeNN,3625,0.1805372445487858,0.259141391544427,1.0,0.12394236295481469,0.03683309407806134
wind3,Geo+D1-3AE-CeNN,3626,0.1470424386172496,0.19096996794198878,1.0,0.12469840157149495,0.03683552531722345
wind3,Geo+D1-3AE-CeNN,3627,0.14123690081448576,0.17690193030997028,1.0,2.407269835730429,0.0368383222489566
wind3,Geo+D1-3AE-CeNN,3628,0.16277382504508314,0.20841906409365302,1.0,0.5460903242826629,0.03683412723012972
wind3,Geo+D1-3AE-CeNN,3629,0.12150467983918499,0.15682299771852992,1.0,1.7918409284461587,0.036835630794408165
wind3,Geo+D1-3AE-CeNN,3630,0.14980067998135524,0.18437573318781184,1.0,2.8493731242169305,0.036838336430314506
wind3,Geo+D1-3AE-CeNN,3631,0.16426231442114056,0.21813551465636405,1.0,2.4327059888377485,0.03683774568815702
wind3,Geo+D1-3AE-CeNN,3632,0.12312698218885258,0.15316952229807101,1.0,1.336017334756251,0.0368394763287458
wind3,Geo+D1-3AE-CeNN,3633,0.16990180240282127,0.21850744413802398,1.0,0.10213459778300206,0.03683519785053728
wind3,Geo+D1-3AE-CeNN,3634,0.190441058347892,0.25798275606286775,1.0,1.064813128125083,0.036834932424226
wind3,Geo+D1-3AE-CeNN,3635,0.1652965034613931,0.21647564762170637,1.0,0.6568089524977113,0.03683559251896231
wind3,Geo+D1-3AE-CeNN,3636,0.12089498183907423,0.1696138218155317,1.0,1.0605703619916689,0.03683883945279793
wind3,Geo+D1-3AE-CeNN,3637,0.12492460446501943,0.15936500641448387,1.0,1.2313457357665525,0.03683643072702384
wind3,Geo+D1-3AE-CeNN,3638,0.18707800826086562,0.26121976245587636,1.0,2.2099738840329475,0.03683958253175733
wind3,Geo+D1-3AE-CeNN,3639,0.16847030836307578,0.2288111384706096,1.0,2.7731211450281883,0.036837878679029386
wind3,Geo+D1-3AE-CeNN,3640,0.13405771109568937,0.17133073072980956,1.0,2.4550446381052375,0.036838442511630605
wind3,Geo+D1-3AE-CeNN,3641,0.1419771422583896,0.17832535054770102,1.0,0.9680171665713315,0.03683544927708204
wind3,Geo+D1-3AE-CeNN,3642,0.14488237941391513,0.1775582921655472,1.0,2.393469923179556,0.03683610515963877
wind3,Geo+D1-3AE-CeNN,3643,0.12895240593930948,0.19146366030163714,1.0,1.1648514085545831,0.03683477067532624
wind3,Geo+D1-3AE-CeNN,3644,0.1406929318199664,0.17733007562912695,1.0,2.49983856818573,0.03683794962850784
wind3,Geo+D1-3AE-CeNN,3645,0.14253320370582168,0.1862860880411015,1.0,0.42399722265633666,0.03683719697170933
wind3,Geo+D1-3AE-CeNN,3646,0.1303805493230977,0.17487488142152785,1.0,0.5450635317318807,0.03683702275286025
wind3,Geo+D1-3AE-CeNN,3647,0.1361561637427238,0.17286372242680725,1.0,0.7928229191064132,0.036836166560094745
wind3,Geo+D1-3AE-CeNN,3648,0.13517501361548376,0.17119696536253537,1.0,0.620693242530931,0.03683585757710635
wind3,Geo+D1-3AE-CeNN,3649,0.1462554581243848,0.19748562012221485,1.0,0.2216436825634961,0.03683637745854678
wind3,Geo+D1-3AE-CeNN,3650,0.1404129283276489,0.18264854869279304,1.0,1.1574197746934993,0.0368394510555051
wind3,Geo+D1-3AE-CeNN,3651,0.14377363280491004,0.1883814637782233,1.0,0.3750439847975099,0.036836591645540415
wind3,Geo+D1-3AE-CeNN,3652,0.1351633627743786,0.1983287719829259,1.0,1.177975118153482,0.0368345221676407
wind3,Geo+D1-3AE-CeNN,3653,0.11860206701541248,0.17041467772394311,1.0,0.4085582381185738,0.03683598132286803
wind3,Geo+D1-3AE-CeNN,3654,0.1280729611123313,0.1712905995509695,1.0,1.3048267687271253,0.03683558560976585
wind3,Geo+D1-3AE-CeNN,3655,0.15338840167738982,0.20607845338680675,1.0,0.08391604971691313,0.036836071112352785
wind3,Geo+D1-3AE-CeNN,3656,0.15984899191535712,0.23557219042733663,1.0,0.09491535953111704,0.03683433364224221
wind3,Geo+D1-3AE-CeNN,3657,0.13238409735102685,0.182116474837345,1.0,0.2279625415966191,0.03683647334175797
wind3,Geo+D1-3AE-CeNN,3658,0.1534786772415354,0.19943854402532735,1.0,0.1868035088728493,0.0368363074297909
wind3,Geo+D1-3AE-CeNN,3659,0.15805298538394927,0.20378069310681088,1.0,2.441074205240162,0.036838893846683776
wind3,Geo+D1-3AE-CeNN,3660,0.19609736443882325,0.288194780176401,1.0,0.46547578546312807,0.03683192459209499
wind3,Geo+D1-3AE-CeNN,3661,0.15439613939811295,0.2024999436893392,1.0,0.9233974148039227,0.036836109894027705
wind3,Geo+D1-3AE-CeNN,3662,0.15252659572586177,0.18609537550862265,1.0,2.7737596893305536,0.036838170789046006
wind3,Geo+D1-3AE-CeNN,3663,0.13804803652846104,0.17642629800629214,1.0,0.7333730598023515,0.03683581598254746
wind3,Geo+D1-3AE-CeNN,3664,0.14436745683806992,0.18656575276908788,1.0,1.5493812006318735,0.036836806202898364
wind3,Geo+D1-3AE-CeNN,3665,0.15440394844720431,0.20594709932690228,1.0,1.9438199489862018,0.03683839821509987
wind3,Geo+D1-3AE-CeNN,3666,0.17497875157640372,0.22774705757694946,1.0,2.9552344058724955,0.036839616421351105
wind3,Geo+D1-3AE-CeNN,3667,0.15191914566038786,0.1917103240627771,1.0,1.1469279611293004,0.03684074661831464
wind3,Geo+D1-3AE-CeNN,3668,0.12979124441361775,0.17820300908221273,1.0,0.2746777641532217,0.036836523892141794
wind3,Geo+D1-3AE-CeNN,3669,0.14425425577935388,0.20464298473822687,1.0,0.5329915177141523,0.036835373844612426
wind3,Geo+D1-3AE-CeNN,3670,0.13763151108857397,0.17745703899773166,1.0,2.188209288443459,0.0368380735869343
wind3,Geo+D1-3AE-CeNN,3671,0.15915493877978842,0.19830893628440327,1.0,2.328878994142515,0.03683772745326794
wind3,Geo+D1-3AE-CeNN,3672,0.13843960414305395,0.17884310527835492,1.0,1.7272827082441586,0.036835878098338236
wind3,Geo+D1-3AE-CeNN,3673,0.12486593644343374,0.1512692041310881,1.0,0.841904268947442,0.03683606595321719
wind3,Geo+D1-3AE-CeNN,3674,0.13609106677635113,0.1728562185746782,1.0,1.563499565731634,0.03683600230249001
wind3,Geo+D1-3AE-CeNN,3675,0.13945618446720556,0.18411481355337384,1.0,0.9423562271564193,0.03683660905208235
wind3,Geo+D1-3AE-CeNN,3676,0.12550413280496928,0.16945873251955212,1.0,1.7543982471587873,0.03683840126733112
wind3,Geo+D1-3AE-CeNN,3677,0.1405114266161212,0.18676723139448845,1.0,1.8607374140817012,0.03683950203256094
wind3,Geo+D1-3AE-CeNN,3678,0.14669296777407861,0.1781647195121055,1.0,2.3851133827133535,0.036839173325608356
wind3,Geo+D1-3AE-CeNN,3679,0.12278761769231418,0.15716308425867614,1.0,1.153662491857626,0.036835458558713716
wind3,Geo+D1-3AE-CeNN,3680,0.12862129799314867,0.17297943921268863,1.0,1.0514505094408715,0.036835570130561435
wind3,Geo+D1-3AE-CeNN,3681,0.1510003813387912,0.19298688737434372,1.0,1.4647663608971315,0.03683846962628192
wind3,Geo+D1-3AE-CeNN,3682,0.14064966881574445,0.1789649476947767,1.0,0.2844681496287667,0.036836313191747815
wind3,Geo+D1-3AE-CeNN,3683,0.14351887960776386,0.18636894445141347,1.0,0.6136400118473866,0.03683512172439113
wind3,Geo+D1-3AE-CeNN,3684,0.154683595475656,0.204745018605091,1.0,0.3002050903702473,0.03683479957599573
wind3,Geo+D1-3AE-CeNN,3685,0.14898454770012778,0.1951423648542586,1.0,1.5580492925423055,0.036834391882867974
wind3,Geo+D1-3AE-CeNN,3686,0.1398178473781051,0.17797465037668642,1.0,1.6314880841539319,0.03683513396994133
wind3,Geo+D1-3AE-CeNN,3687,0.14217998291011552,0.1997375134707317,1.0,0.15910784607531,0.03683492244491112
wind3,Geo+D1-3AE-CeNN,3688,0.12634872048551796,0.16312497312440888,1.0,0.9625933014362197,0.03683626531325249
wind3,Geo+D1-3AE-CeNN,3689,0.15990210131105495,0.21464667745085517,1.0,2.001766609888907,0.03683868874850857
wind3,Geo+D1-3AE-CeNN,3690,0.15978296588485771,0.20823959304064688,1.0,0.6210977689629861,0.036834975762841976
wind3,Geo+D1-3AE-CeNN,3691,0.16280330458221914,0.24949443940252136,1.0,0.22454287633350534,0.03683484166452984
wind3,Geo+D1-3AE-CeNN,3692,0.1535314011720882,0.2081131229488294,1.0,2.838729254054771,0.036839222320013826
wind3,Geo+D1-3AE-CeNN,3693,0.14352434710699147,0.2087835665356378,1.0,2.061327401440606,0.03684137634947965
wind3,Geo+D1-3AE-CeNN,3694,0.11987516802949225,0.14971206189488018,1.0,2.0049881513063434,0.036838479353123704
wind3,Geo+D1-3AE-CeNN,3695,0.1419330394897962,0.19445680363883527,1.0,0.42206369580729697,0.03683591377387112
wind3,Geo+D1-3AE-CeNN,3696,0.1274406592359228,0.16952882416295123,1.0,1.7962567977532202,0.03683865389508398
wind3,Geo+D1-3AE-CeNN,3697,0.15886558373074877,0.2031966041745233,1.0,2.367780734063314,0.03683804394070811
wind3,Geo+D1-3AE-CeNN,3698,0.11649196608857526,0.14732190179019503,1.0,0.9478114331347237,0.03683684835946877
wind3,Geo+D1-3AE-CeNN,3699,0.14111868831857596,0.18128976397320723,1.0,0.8240650916234741,0.036835672076553555
wind3,Geo+D1-10AE-CeNN,3600,0.1283565102315801,0.15508947029760511,1.0,2.099993403053703,0.03889460442937471
wind3,Geo+D1-10AE-CeNN,3601,0.1416286801934012,0.1939098146304805,1.0,1.1674240012657615,0.03889460442937316
wind3,Geo+D1-10AE-CeNN,3602,0.13611124067856978,0.17235659668360798,1.0,1.308179465251811,0.038894604429374494
wind3,Geo+D1-10AE-CeNN,3603,0.1471323062937781,0.18448235614329406,1.0,2.793663581020517,0.038894604429372794
wind3,Geo+D1-10AE-CeNN,3604,0.12378260324702996,0.1503532931512928,1.0,1.5300191149274147,0.03889460442937445
wind3,Geo+D1-10AE-CeNN,3605,0.1288535496118727,0.15823990274345098,1.0,1.602373253240674,0.03889460442937388
wind3,Geo+D1-10AE-CeNN,3606,0.15454274245400704,0.19807899467818826,1.0,2.549542629509606,0.03889460442937586
wind3,Geo+D1-10AE-CeNN,3607,0.12871154921926248,0.18516291363227047,1.0,1.0021979508424712,0.038894604429375396
wind3,Geo+D1-10AE-CeNN,3608,0.13924017979869982,0.18194510361356425,1.0,0.8379499334824599,0.03889460442937472
wind3,Geo+D1-10AE-CeNN,3609,0.14620276454795778,0.17827938511022703,1.0,2.3874123371902907,0.03889460442937561
wind3,Geo+D1-10AE-CeNN,3610,0.1352911967676118,0.1946576555987531,1.0,0.8195816204037539,0.038894604429375396
wind3,Geo+D1-10AE-CeNN,3611,0.1792570211024206,0.24056858166138298,1.0,3.3942888687279846,0.03889460442937182
wind3,Geo+D1-10AE-CeNN,3612,0.1370480730096417,0.17300450716441035,1.0,1.1228777779358674,0.038894604429374716
wind3,Geo+D1-10AE-CeNN,3613,0.15534756887995718,0.21513966192060177,1.0,0.8202720595674712,0.03889460442937307
wind3,Geo+D1-10AE-CeNN,3614,0.15136462741329662,0.19339527401509535,1.0,2.5583857921978757,0.038894604429373
wind3,Geo+D1-10AE-CeNN,3615,0.17436500892832654,0.22415796904565818,1.0,1.4205864901029952,0.03889460442937524
wind3,Geo+D1-10AE-CeNN,3616,0.1746400777268386,0.22164386073965672,1.0,2.594592950607299,0.038894604429373376
wind3,Geo+D1-10AE-CeNN,3617,0.1658407546869859,0.21033013197891787,1.0,0.4086571849014614,0.03889460442937549
wind3,Geo+D1-10AE-CeNN,3618,0.16282285071263525,0.21218721923719372,1.0,2.415258905191888,0.03889460442937281
wind3,Geo+D1-10AE-CeNN,3619,0.13147835955568127,0.1795216743920439,1.0,1.2482933633596505,0.03889460442937443
wind3,Geo+D1-10AE-CeNN,3620,0.10906662883621517,0.1479445639007824,1.0,1.62674722607017,0.03889460442937496
wind3,Geo+D1-10AE-CeNN,3621,0.14071105283650395,0.18143636630020846,1.0,2.12658354106755,0.03889460442937232
wind3,Geo+D1-10AE-CeNN,3622,0.12253172108274435,0.18635636960586932,1.0,1.1366514087549688,0.038894604429375305
wind3,Geo+D1-10AE-CeNN,3623,0.13640670519135376,0.17167283445912457,1.0,2.449111474405718,0.03889460442937492
wind3,Geo+D1-10AE-CeNN,3624,0.1436457898254765,0.17874818047153201,1.0,1.8707815826491228,0.038894604429372516
wind3,Geo+D1-10AE-CeNN,3625,0.1801857355537228,0.2587913109614191,1.0,0.12332722805228742,0.038894604429376985
wind3,Geo+D1-10AE-CeNN,3626,0.14707410351631484,0.19111883039714936,1.0,0.12474550657093615,0.03889460442937602
wind3,Geo+D1-10AE-CeNN,3627,0.14167011389262377,0.17745467498376558,1.0,2.4071838206874707,0.03889460442937331
wind3,Geo+D1-10AE-CeNN,3628,0.161545902942894,0.20681588308723017,1.0,0.5450357153532698,0.03889460442937684
wind3,Geo+D1-10AE-CeNN,3629,0.12091631872356617,0.15601012950012838,1.0,1.7909086043599491,0.038894604429375645
wind3,Geo+D1-10AE-CeNN,3630,0.14936781560019144,0.18346007050400673,1.0,2.848810413229671,0.038894604429373036
wind3,Geo+D1-10AE-CeNN,3631,0.16328400526008463,0.2169693060460226,1.0,2.431880436247772,0.038894604429374195
wind3,Geo+D1-10AE-CeNN,3632,0.12428191731341917,0.15448297667322702,1.0,1.3365006351179292,0.03889460442937341
wind3,Geo+D1-10AE-CeNN,3633,0.1693069283969755,0.21782252963277232,1.0,0.10165966124549378,0.03889460442937623
wind3,Geo+D1-10AE-CeNN,3634,0.18892476316170445,0.25599913256812556,1.0,1.0633008191603215,0.03889460442937685
wind3,Geo+D1-10AE-CeNN,3635,0.16380056817973102,0.21458770214981115,1.0,0.6556021697174705,0.0388946044293761
wind3,Geo+D1-10AE-CeNN,3636,0.12236536107453919,0.17139518947297586,1.0,1.0610870876022749,0.03889460442937433
wind3,Geo+D1-10AE-CeNN,3637,0.12398002034903324,0.15825860887810939,1.0,1.2305031078433926,0.03889460442937607
wind3,Geo+D1-10AE-CeNN,3638,0.18584930575226913,0.2596893513325355,1.0,2.208971969047039,0.038894604429374105
wind3,Geo+D1-10AE-CeNN,3639,0.16744483119604564,0.2274522987766198,1.0,2.772221455928401,0.03889460442937412
wind3,Geo+D1-10AE-CeNN,3640,0.13411642503810717,0.1713337412189798,1.0,2.454578694525752,0.03889460442937354
wind3,Geo+D1-10AE-CeNN,3641,0.14290910241289703,0.17958521294217064,1.0,0.9682325756167565,0.038894604429375
wind3,Geo+D1-10AE-CeNN,3642,0.144993860903926,0.177472056217853,1.0,2.393370895029481,0.038894604429374945
wind3,Geo+D1-10AE-CeNN,3643,0.13002804136386711,0.19274069670811161,1.0,1.1653045203049675,0.038894604429375236
wind3,Geo+D1-10AE-CeNN,3644,0.14077594028946633,0.17736688853797414,1.0,2.4997773868628754,0.038894604429373494
wind3,Geo+D1-10AE-CeNN,3645,0.14186479040300357,0.18541093419313426,1.0,0.4234717878987783,0.0388946044293754
wind3,Geo+D1-10AE-CeNN,3646,0.1300640566183727,0.17432161956365513,1.0,0.5446529770748266,0.038894604429375486
wind3,Geo+D1-10AE-CeNN,3647,0.13484649748990046,0.1712653801053332,1.0,0.7919061401897999,0.03889460442937673
wind3,Geo+D1-10AE-CeNN,3648,0.13558907569684156,0.1715480790207553,1.0,0.6206098944518347,0.03889460442937533
wind3,Geo+D1-10AE-CeNN,3649,0.14621844997423772,0.19743114642092577,1.0,0.22123342273111313,0.03889460442937557
wind3,Geo+D1-10AE-CeNN,3650,0.1398820482271816,0.18213640359650302,1.0,1.1570233913538848,0.03889460442937429
wind3,Geo+D1-10AE-CeNN,3651,0.14449778545785394,0.18941318754930786,1.0,0.37531540555862625,0.038894604429375
wind3,Geo+D1-10AE-CeNN,3652,0.13594778276266414,0.19931989802137834,1.0,1.178291355976372,0.038894604429375305
wind3,Geo+D1-10AE-CeNN,3653,0.11945208750326497,0.1714078054949368,1.0,0.4086826204105988,0.03889460442937513
wind3,Geo+D1-10AE-CeNN,3654,0.12824717417466744,0.17144393043158332,1.0,1.304440319972925,0.038894604429375416
wind3,Geo+D1-10AE-CeNN,3655,0.15348031834390552,0.20619562459925206,1.0,0.08390772759948828,0.03889460442937559
wind3,Geo+D1-10AE-CeNN,3656,0.15970212995497496,0.23544261111603673,1.0,0.09456702076991692,0.03889460442937643
wind3,Geo+D1-10AE-CeNN,3657,0.13246947755217184,0.18210132631300824,1.0,0.2283072001603739,0.038894604429375715
wind3,Geo+D1-10AE-CeNN,3658,0.15393743755829634,0.19999513104230535,1.0,0.1869111611037113,0.038894604429374854
wind3,Geo+D1-10AE-CeNN,3659,0.15726006538291787,0.20267357007845405,1.0,2.4404407025357915,0.038894604429373154
wind3,Geo+D1-10AE-CeNN,3660,0.195014472919931,0.28687023618635676,1.0,0.4645090657467431,0.038894604429377935
wind3,Geo+D1-10AE-CeNN,3661,0.1527716820713458,0.20037044329802361,1.0,0.9223262286819881,0.038894604429375416
wind3,Geo+D1-10AE-CeNN,3662,0.15189188324816302,0.1852268340127518,1.0,2.773083443995894,0.03889460442937328
wind3,Geo+D1-10AE-CeNN,3663,0.13646907318711013,0.17448194654745364,1.0,0.7322515325435018,0.03889460442937618
wind3,Geo+D1-10AE-CeNN,3664,0.1460624686656221,0.18879290723411937,1.0,1.550221208613639,0.03889460442937375
wind3,Geo+D1-10AE-CeNN,3665,0.15298770287004165,0.20419615474354916,1.0,1.9426964811488732,0.03889460442937402
wind3,Geo+D1-10AE-CeNN,3666,0.1739886274420658,0.22649938529829483,1.0,2.95437623493853,0.03889460442937295
wind3,Geo+D1-10AE-CeNN,3667,0.15245091379537234,0.1923188622096471,1.0,1.147311257004796,0.0388946044293728
wind3,Geo+D1-10AE-CeNN,3668,0.1303991468824692,0.1788736866651593,1.0,0.2750671557482568,0.03889460442937561
wind3,Geo+D1-10AE-CeNN,3669,0.1451049350804586,0.20562972419065864,1.0,0.5334731137040384,0.03889460442937514
wind3,Geo+D1-10AE-CeNN,3670,0.13745644688361552,0.17718210983469265,1.0,2.188089561375578,0.0388946044293735
wind3,Geo+D1-10AE-CeNN,3671,0.1587763346693448,0.19780621269859147,1.0,2.3287530984250733,0.03889460442937415
wind3,Geo+D1-10AE-CeNN,3672,0.13897212730811054,0.1794335726338351,1.0,1.7273343227206837,0.038894604429375146
wind3,Geo+D1-10AE-CeNN,3673,0.124558106520785,0.15073722289884595,1.0,0.8416398960686617,0.038894604429375965
wind3,Geo+D1-10AE-CeNN,3674,0.1345886512690165,0.17093324829769518,1.0,1.5624708275980614,0.03889460442937571
wind3,Geo+D1-10AE-CeNN,3675,0.14103961069790083,0.18611798717369157,1.0,0.9431261963626014,0.03889460442937418
wind3,Geo+D1-10AE-CeNN,3676,0.1271142323672385,0.17148057988751225,1.0,1.755252165143084,0.038894604429373106
wind3,Geo+D1-10AE-CeNN,3677,0.1421857256382684,0.1889256404849869,1.0,1.861513623188095,0.0388946044293725
wind3,Geo+D1-10AE-CeNN,3678,0.14803015556989943,0.17964157052646187,1.0,2.385831979050882,0.03889460442937254
wind3,Geo+D1-10AE-CeNN,3679,0.1216862814599223,0.15579421609319186,1.0,1.153113963125858,0.03889460442937647
wind3,Geo+D1-10AE-CeNN,3680,0.1302927439854698,0.17498280616018236,1.0,1.0522207385635913,0.03889460442937466
wind3,Geo+D1-10AE-CeNN,3681,0.15009951690288054,0.1918228932826588,1.0,1.464068640238417,0.03889460442937409
wind3,Geo+D1-10AE-CeNN,3682,0.1399141925026246,0.17804998859248342,1.0,0.28373903350203217,0.03889460442937609
wind3,Geo+D1-10AE-CeNN,3683,0.1420333712847751,0.184540562078882,1.0,0.6126342853449646,0.03889460442937605
wind3,Geo+D1-10AE-CeNN,3684,0.15396970612219904,0.20387695693656296,1.0,0.29973927959674257,0.03889460442937662
wind3,Geo+D1-10AE-CeNN,3685,0.1497218063813518,0.1960001224756956,1.0,1.5583329826759278,0.03889460442937585
wind3,Geo+D1-10AE-CeNN,3686,0.14044299825403933,0.1789930114650002,1.0,1.6317602824832962,0.038894604429375534
wind3,Geo+D1-10AE-CeNN,3687,0.14190198334402068,0.19937827568938316,1.0,0.15860692797386775,0.03889460442937606
wind3,Geo+D1-10AE-CeNN,3688,0.12742717486356578,0.1645003836710967,1.0,0.9629712722732934,0.03889460442937482
wind3,Geo+D1-10AE-CeNN,3689,0.1583470947386781,0.21278221419988044,1.0,2.0008821031138693,0.03889460442937435
wind3,Geo+D1-10AE-CeNN,3690,0.15833109818677205,0.20645098519815896,1.0,0.6199036103428032,0.03889460442937647
wind3,Geo+D1-10AE-CeNN,3691,0.1628845905386987,0.24935297097796702,1.0,0.2247689950974068,0.03889460442937583
wind3,Geo+D1-10AE-CeNN,3692,0.152989525349515,0.2074923216545735,1.0,2.838434676464717,0.0388946044293725
wind3,Geo+D1-10AE-CeNN,3693,0.1438815169893993,0.20928026978644357,1.0,2.0615925649886595,0.03889460442937263
wind3,Geo+D1-10AE-CeNN,3694,0.1209899813383584,0.1509337288444188,1.0,2.005253072726577,0.03889460442937323
wind3,Geo+D1-10AE-CeNN,3695,0.14131823237186028,0.19372654189439423,1.0,0.4216102455665147,0.03889460442937601
wind3,Geo+D1-10AE-CeNN,3696,0.12852998142350663,0.17077122050304117,1.0,1.7968573143058566,0.03889460442937272
wind3,Geo+D1-10AE-CeNN,3697,0.15774480484157868,0.20175008210262102,1.0,2.366994234658747,0.03889460442937353
wind3,Geo+D1-10AE-CeNN,3698,0.11803200339268567,0.14929763644522903,1.0,0.9486461946374779,0.03889460442937395
wind3,Geo+D1-10AE-CeNN,3699,0.14259837728015215,0.1831489013839158,1.0,0.8246636635953805,0.038894604429374896
wind3,Geo+D2-HistAE-CeNN,3600,0.14179967104860813,0.17316405090919543,1.0,2.0772486373994488,0.19357203763264466
wind3,Geo+D2-HistAE-CeNN,3601,0.12993392576776647,0.18611874085266777,1.0,1.1631271078893979,0.15639747055007752
wind3,Geo+D2-HistAE-CeNN,3602,0.145960674559874,0.19729055353995414,1.0,1.300785457805066,0.17416341231008386
wind3,Geo+D2-HistAE-CeNN,3603,0.13980381578007461,0.17059980526510007,1.0,2.7664461465003862,0.24320327879528403
wind3,Geo+D2-HistAE-CeNN,3604,0.13746776068007993,0.16572907045719906,1.0,1.5508882339571186,0.20482171355302706
wind3,Geo+D2-HistAE-CeNN,3605,0.1385469501571445,0.17563279323634381,1.0,1.6182624205017002,0.17517455735189144
wind3,Geo+D2-HistAE-CeNN,3606,0.1630481205359469,0.2077837129130939,1.0,2.5469657526073606,0.16338920103296756
wind3,Geo+D2-HistAE-CeNN,3607,0.12867186241350528,0.1961932794964647,1.0,1.0160731204165179,0.21331388811472107
wind3,Geo+D2-HistAE-CeNN,3608,0.13473722255234527,0.19671524093231077,1.0,0.8366605606711696,0.18181181564397955
wind3,Geo+D2-HistAE-CeNN,3609,0.1604608739252213,0.19738773016768763,1.0,2.373863357630715,0.18067810457143346
wind3,Geo+D2-HistAE-CeNN,3610,0.14291536752655937,0.2195515546292536,1.0,0.8380267900895884,0.255869649471963
wind3,Geo+D2-HistAE-CeNN,3611,0.17114174124175585,0.234917504798968,1.0,3.396359106080305,0.22810280723609783
wind3,Geo+D2-HistAE-CeNN,3612,0.13487083674452632,0.17639289280334802,1.0,1.1308312539756107,0.19225367864334372
wind3,Geo+D2-HistAE-CeNN,3613,0.15219044430384673,0.20258003010769032,1.0,0.8474720277997355,0.18132393368815788
wind3,Geo+D2-HistAE-CeNN,3614,0.1415619277453617,0.17752964762262238,1.0,2.544405089394431,0.23309125253200674
wind3,Geo+D2-HistAE-CeNN,3615,0.1707187492421814,0.21728667881381575,1.0,1.4181345539246368,0.28383734638572145
wind3,Geo+D2-HistAE-CeNN,3616,0.15660326404473293,0.197420834548825,1.0,2.5810780078953086,0.21741037100852625
wind3,Geo+D2-HistAE-CeNN,3617,0.16373776873787257,0.21659673971762242,1.0,0.4529389714000971,0.23416058585562166
wind3,Geo+D2-HistAE-CeNN,3618,0.1476274505335052,0.18361978635882859,1.0,2.3789379046749577,0.21577974094049732
wind3,Geo+D2-HistAE-CeNN,3619,0.12182511093021962,0.18576088156735765,1.0,1.2723676400242894,0.23857315591210806
wind3,Geo+D2-HistAE-CeNN,3620,0.12267696710937832,0.17218870910856754,1.0,1.6594416145994277,0.16935342966491818
wind3,Geo+D2-HistAE-CeNN,3621,0.12389014614180904,0.17826072856612307,1.0,2.098023170715549,0.21246024249752707
wind3,Geo+D2-HistAE-CeNN,3622,0.12326102584479501,0.19437990280513723,1.0,1.1624060822989788,0.18500655379040853
wind3,Geo+D2-HistAE-CeNN,3623,0.14826476806165598,0.18715942301456776,1.0,2.450700368643206,0.2125890203656726
wind3,Geo+D2-HistAE-CeNN,3624,0.1217514208915259,0.14871669516396743,1.0,1.841118189445074,0.2124849110992733
wind3,Geo+D2-HistAE-CeNN,3625,0.18794576180351436,0.2840146012073848,1.0,0.15293467461800184,0.23634371938970422
wind3,Geo+D2-HistAE-CeNN,3626,0.1587566279982677,0.21322144542453564,1.0,0.1772407093502763,0.2270084179396909
wind3,Geo+D2-HistAE-CeNN,3627,0.1291971934416821,0.1616107146667819,1.0,2.37661478841759,0.21051875615705545
wind3,Geo+D2-HistAE-CeNN,3628,0.16658186017565474,0.224192937950538,1.0,0.5588647186441292,0.22945955558293757
wind3,Geo+D2-HistAE-CeNN,3629,0.12928887524976362,0.16250564253437916,1.0,1.7854408972489855,0.17082364182530588
wind3,Geo+D2-HistAE-CeNN,3630,0.15110535170125353,0.19732811048324894,1.0,2.8514772272485533,0.20846139031183977
wind3,Geo+D2-HistAE-CeNN,3631,0.1502842566447388,0.1957639760133534,1.0,2.4192485658723117,0.20491290842876297
wind3,Geo+D2-HistAE-CeNN,3632,0.10962092702250974,0.15325400100586462,1.0,1.323859015631198,0.18770128825397417
wind3,Geo+D2-HistAE-CeNN,3633,0.18384135651503716,0.24724753367844887,1.0,0.1316382178310367,0.2416679205079275
wind3,Geo+D2-HistAE-CeNN,3634,0.18400210198270076,0.25668045284328944,1.0,1.0595696292386345,0.17645134887481828
wind3,Geo+D2-HistAE-CeNN,3635,0.16570284691580855,0.22861575470958023,1.0,0.6624476980108486,0.21447442320422097
wind3,Geo+D2-HistAE-CeNN,3636,0.1150685419205342,0.1787920048412003,1.0,1.0584636966640137,0.19141098819057337
wind3,Geo+D2-HistAE-CeNN,3637,0.1351105353772091,0.1665781439619699,1.0,1.2382488449628348,0.22224693536349027
wind3,Geo+D2-HistAE-CeNN,3638,0.17230848784178346,0.23613014603148383,1.0,2.202638271060904,0.18789299281141528
wind3,Geo+D2-HistAE-CeNN,3639,0.14790004332752313,0.19999993445675648,1.0,2.7434328536323376,0.23489923857111636
wind3,Geo+D2-HistAE-CeNN,3640,0.12845954530589215,0.16827583441248037,1.0,2.446203941979563,0.22242357082401298
wind3,Geo+D2-HistAE-CeNN,3641,0.14496514542182248,0.20315756200167742,1.0,0.9705485164043778,0.2522921008338179
wind3,Geo+D2-HistAE-CeNN,3642,0.15462990293129622,0.20014186256359243,1.0,2.3762622395288755,0.2091820286604783
wind3,Geo+D2-HistAE-CeNN,3643,0.14516177390089025,0.22245563232517837,1.0,1.1714275198312025,0.2806037661734158
wind3,Geo+D2-HistAE-CeNN,3644,0.1360267704357049,0.17020991009731778,1.0,2.498227878704136,0.2135570712545967
wind3,Geo+D2-HistAE-CeNN,3645,0.15854437771091218,0.21225937182342536,1.0,0.44760354238460004,0.24267073450538104
wind3,Geo+D2-HistAE-CeNN,3646,0.1482812378424208,0.1975349452947983,1.0,0.573299375667498,0.26598358477248707
wind3,Geo+D2-HistAE-CeNN,3647,0.1514496463468313,0.21261629235069207,1.0,0.8241543498762244,0.2260866974155666
wind3,Geo+D2-HistAE-CeNN,3648,0.1437047056474775,0.201006463221225,1.0,0.6311822523064439,0.24659313120804252
wind3,Geo+D2-HistAE-CeNN,3649,0.16014112547774081,0.22173577003927145,1.0,0.26666068654744657,0.260750953296187
wind3,Geo+D2-HistAE-CeNN,3650,0.13163552537011655,0.17901700480148589,1.0,1.1700043151612993,0.18779176091502148
wind3,Geo+D2-HistAE-CeNN,3651,0.14743665631920183,0.18826232637044593,1.0,0.42309560897781684,0.2286123332623474
wind3,Geo+D2-HistAE-CeNN,3652,0.15111838780932424,0.22511559599491565,1.0,1.1810690269141633,0.24211644861829432
wind3,Geo+D2-HistAE-CeNN,3653,0.1283374558641849,0.18837143658328204,1.0,0.4212115762436007,0.18200206749609163
wind3,Geo+D2-HistAE-CeNN,3654,0.14203840964806838,0.18765353887809,1.0,1.3099722053074079,0.2287920793346274
wind3,Geo+D2-HistAE-CeNN,3655,0.16266939848556475,0.22787319220575766,1.0,0.12313802207670158,0.2222041951356211
wind3,Geo+D2-HistAE-CeNN,3656,0.17047767569911576,0.2570087750713382,1.0,0.12477593996110954,0.23644334368809267
wind3,Geo+D2-HistAE-CeNN,3657,0.13860302180440615,0.19405815300942658,1.0,0.2760488425947208,0.20320205859642626
wind3,Geo+D2-HistAE-CeNN,3658,0.16033508632017093,0.2060210002273331,1.0,0.23232517976471853,0.2144796428092029
wind3,Geo+D2-HistAE-CeNN,3659,0.1408115148590821,0.1777143098583391,1.0,2.4265815996078266,0.233903555044503
wind3,Geo+D2-HistAE-CeNN,3660,0.2033144312676745,0.3078489008597298,1.0,0.46832391391862593,0.21779258630494205
wind3,Geo+D2-HistAE-CeNN,3661,0.15704971537002674,0.21405189669375338,1.0,0.9287248032735993,0.20594574200612095
wind3,Geo+D2-HistAE-CeNN,3662,0.15023092612815542,0.18783022267938057,1.0,2.7520877102170096,0.22754071736373604
wind3,Geo+D2-HistAE-CeNN,3663,0.14822524578847443,0.20786314577827586,1.0,0.7587873650938181,0.20998370151163104
wind3,Geo+D2-HistAE-CeNN,3664,0.1389588063353182,0.1973261773731008,1.0,1.5659322136918858,0.22929110712345552
wind3,Geo+D2-HistAE-CeNN,3665,0.1395814608978908,0.181904787454182,1.0,1.9217224327644695,0.183563692413102
wind3,Geo+D2-HistAE-CeNN,3666,0.15807417843473834,0.20458346114588505,1.0,2.9242933586499205,0.237220598246887
wind3,Geo+D2-HistAE-CeNN,3667,0.1420100247912835,0.18114829532081728,1.0,1.1522041065496826,0.17075786292945785
wind3,Geo+D2-HistAE-CeNN,3668,0.13776189384385215,0.20380900606921964,1.0,0.3205792879457781,0.21389044866670953
wind3,Geo+D2-HistAE-CeNN,3669,0.14519207408327497,0.22336486167226366,1.0,0.5456644589476611,0.2514614759175986
wind3,Geo+D2-HistAE-CeNN,3670,0.12636238736636185,0.1591147060282747,1.0,2.168933342257874,0.23815393002333843
wind3,Geo+D2-HistAE-CeNN,3671,0.14272480010734273,0.17830894821129986,1.0,2.2926999958269607,0.23549764922710759
wind3,Geo+D2-HistAE-CeNN,3672,0.15360537015818912,0.1990178038993843,1.0,1.7209657646214278,0.24530023575419466
wind3,Geo+D2-HistAE-CeNN,3673,0.14341705390842857,0.19014600594602887,1.0,0.8390251941831541,0.266715636496511
wind3,Geo+D2-HistAE-CeNN,3674,0.14282547677776128,0.1849462888026357,1.0,1.5662082990500215,0.1907788073202039
wind3,Geo+D2-HistAE-CeNN,3675,0.13894002669572791,0.19624574842642897,1.0,0.9470553229456246,0.18464320649326538
wind3,Geo+D2-HistAE-CeNN,3676,0.1035119237883497,0.13199296763298723,1.0,1.7234366543252577,0.2353207173324406
wind3,Geo+D2-HistAE-CeNN,3677,0.12834573821094056,0.16673872769930073,1.0,1.8457641849356694,0.22398035988685344
wind3,Geo+D2-HistAE-CeNN,3678,0.12502556623494027,0.15215668248438435,1.0,2.358616223848896,0.24615154150576746
wind3,Geo+D2-HistAE-CeNN,3679,0.13413719839708782,0.18348693098386762,1.0,1.1723307351474246,0.20795482675559132
wind3,Geo+D2-HistAE-CeNN,3680,0.1261292449637201,0.1848969765482991,1.0,1.0669563637698458,0.1741854732428641
wind3,Geo+D2-HistAE-CeNN,3681,0.14189013876717807,0.17975020503691871,1.0,1.445641170089752,0.21537658710037247
wind3,Geo+D2-HistAE-CeNN,3682,0.15239524016092565,0.21303615078101587,1.0,0.31484779595766194,0.2261107932693946
wind3,Geo+D2-HistAE-CeNN,3683,0.1516796031823886,0.22224848344214823,1.0,0.643404964544146,0.22472525211863004
wind3,Geo+D2-HistAE-CeNN,3684,0.15265200072194635,0.19962980092722146,1.0,0.33350136922003143,0.21128084393017363
wind3,Geo+D2-HistAE-CeNN,3685,0.1604586776976964,0.21980781740986405,1.0,1.5532429588587338,0.21473098773106605
wind3,Geo+D2-HistAE-CeNN,3686,0.15302248679478334,0.19971957172548818,1.0,1.6346822812971316,0.2739108727842624
wind3,Geo+D2-HistAE-CeNN,3687,0.14863880597775342,0.2149133077771805,1.0,0.1881133154915035,0.2047633376077892
wind3,Geo+D2-HistAE-CeNN,3688,0.13905703240608924,0.17919707541765306,1.0,0.9652094724912038,0.25613534060873555
wind3,Geo+D2-HistAE-CeNN,3689,0.15567675810366124,0.21497124263796213,1.0,2.030202174970454,0.19103414389630088
wind3,Geo+D2-HistAE-CeNN,3690,0.1718133565638279,0.22959076598440137,1.0,0.6401807056228486,0.22392489989129571
wind3,Geo+D2-HistAE-CeNN,3691,0.1764885944963045,0.2743741562470805,1.0,0.24414641046047736,0.22059623384803687
wind3,Geo+D2-HistAE-CeNN,3692,0.14590724490961357,0.20420381763660472,1.0,2.8378731288617183,0.24525376282480643
wind3,Geo+D2-HistAE-CeNN,3693,0.1293301263343275,0.19069404172482998,1.0,2.0411632219134015,0.21864728071593373
wind3,Geo+D2-HistAE-CeNN,3694,0.11300390191978103,0.13772051177074257,1.0,2.003945444846379,0.25599818582003764
wind3,Geo+D2-HistAE-CeNN,3695,0.1669385455546818,0.22540449245355454,1.0,0.4418587583912686,0.24990894894707658
wind3,Geo+D2-HistAE-CeNN,3696,0.11045965333621141,0.1360662820413037,1.0,1.7858939595969752,0.20999657222360463
wind3,Geo+D2-HistAE-CeNN,3697,0.14752885211917935,0.18492963865556403,1.0,2.3793849936299805,0.19208773655088282
wind3,Geo+D2-HistAE-CeNN,3698,0.11383500781630669,0.15960635259678435,1.0,0.9727716082352286,0.18968767789078927
wind3,Geo+D2-HistAE-CeNN,3699,0.13952476839188196,0.18133741821877045,1.0,0.8395338147475154,0.19854760144232653
wind3,Geo+D3-3HistAE-CeNN,3600,0.15269587941425627,0.18704375404104223,1.0,2.130093649458474,0.16694450475785294
wind3,Geo+D3-3HistAE-CeNN,3601,0.14249968995071388,0.20448093375230722,1.0,1.1774109879467867,0.1964629179986513
wind3,Geo+D3-3HistAE-CeNN,3602,0.15868186884572222,0.20175748525306575,1.0,1.3331890570495266,0.18688829192332115
wind3,Geo+D3-3HistAE-CeNN,3603,0.15808704377395644,0.19602970844253156,1.0,2.7758170558756103,0.16402010326227173
wind3,Geo+D3-3HistAE-CeNN,3604,0.15045434784381462,0.1806325937776002,1.0,1.5623186655188843,0.18341313707303672
wind3,Geo+D3-3HistAE-CeNN,3605,0.15065393679894126,0.1837192450381247,1.0,1.636775563461088,0.1915468412112562
wind3,Geo+D3-3HistAE-CeNN,3606,0.16794730131010416,0.21214749448885753,1.0,2.5670200795353924,0.16773408470517234
wind3,Geo+D3-3HistAE-CeNN,3607,0.1258192501685173,0.17917920966155457,1.0,1.002887344887064,0.1724710671536713
wind3,Geo+D3-3HistAE-CeNN,3608,0.12876659605889695,0.17829529567078975,1.0,0.8350244208814863,0.19525511502766787
wind3,Geo+D3-3HistAE-CeNN,3609,0.15651596917046787,0.1898252549092842,1.0,2.4012043255296187,0.1518168851933487
wind3,Geo+D3-3HistAE-CeNN,3610,0.11424790188813536,0.16835194880139306,1.0,0.8112616062744462,0.18380992147408934
wind3,Geo+D3-3HistAE-CeNN,3611,0.18976284645892766,0.25381092790699566,1.0,3.4065957174441173,0.13183471126361387
wind3,Geo+D3-3HistAE-CeNN,3612,0.13204942155707697,0.16872324148413081,1.0,1.1190807566380758,0.1774234064627147
wind3,Geo+D3-3HistAE-CeNN,3613,0.14772157328944732,0.20577172644368946,1.0,0.821459752148147,0.18327208255026428
wind3,Geo+D3-3HistAE-CeNN,3614,0.18060240249573908,0.23170739436647597,1.0,2.6094183761354697,0.19082081321868657
wind3,Geo+D3-3HistAE-CeNN,3615,0.17570604829014339,0.23112035942127696,1.0,1.4024754761797837,0.1733349084511773
wind3,Geo+D3-3HistAE-CeNN,3616,0.2038123904502267,0.25943753451100104,1.0,2.6385165643448074,0.23849909915542292
wind3,Geo+D3-3HistAE-CeNN,3617,0.13896838496666147,0.1763070388352799,1.0,0.3985319150664914,0.17992085569876817
wind3,Geo+D3-3HistAE-CeNN,3618,0.18519826097561637,0.24052875086318487,1.0,2.4421057543359983,0.18134857560250933
wind3,Geo+D3-3HistAE-CeNN,3619,0.13203078929762846,0.18620933944268253,1.0,1.2521865542676915,0.1651831878150108
wind3,Geo+D3-3HistAE-CeNN,3620,0.13132716493900679,0.17829270649331996,1.0,1.6550142624087563,0.18852176723069833
wind3,Geo+D3-3HistAE-CeNN,3621,0.15811989532751491,0.211523536989933,1.0,2.142177800855624,0.17589052014599535
wind3,Geo+D3-3HistAE-CeNN,3622,0.13634876155042264,0.20314553821419035,1.0,1.1638514507630644,0.19255153642834139
wind3,Geo+D3-3HistAE-CeNN,3623,0.1436904241892385,0.1784246492736871,1.0,2.45432389350053,0.1534872177529661
wind3,Geo+D3-3HistAE-CeNN,3624,0.15774113909650986,0.19450382919819667,1.0,1.8740036227427215,0.17458430448931006
wind3,Geo+D3-3HistAE-CeNN,3625,0.16006281902840033,0.2384209891449867,1.0,0.12754852200252348,0.17397941909520634
wind3,Geo+D3-3HistAE-CeNN,3626,0.1241935939343861,0.16110573235268083,1.0,0.13305598011387088,0.16327228610674074
wind3,Geo+D3-3HistAE-CeNN,3627,0.15466109343884785,0.19153178085979106,1.0,2.4031101025343053,0.15674041247186207
wind3,Geo+D3-3HistAE-CeNN,3628,0.1668221994170602,0.2214129735695769,1.0,0.5602185024518352,0.18732538631376291
wind3,Geo+D3-3HistAE-CeNN,3629,0.12558064731597968,0.16243310522934476,1.0,1.7917513895031199,0.20068603251619052
wind3,Geo+D3-3HistAE-CeNN,3630,0.16221533633250398,0.20016903703949582,1.0,2.8658826794182706,0.17762149633091115
wind3,Geo+D3-3HistAE-CeNN,3631,0.18985355687657848,0.2518448476198602,1.0,2.4670315461852126,0.22435084066391153
wind3,Geo+D3-3HistAE-CeNN,3632,0.13118694748044146,0.1680026372503987,1.0,1.3477817052809387,0.18680507283013154
wind3,Geo+D3-3HistAE-CeNN,3633,0.1558605256082619,0.20417132036428592,1.0,0.1044781077207254,0.17235824439914105
wind3,Geo+D3-3HistAE-CeNN,3634,0.19514302872841785,0.2720593495991745,1.0,1.0888612539875033,0.18197979851922774
wind3,Geo+D3-3HistAE-CeNN,3635,0.16955594320203202,0.22807145500025136,1.0,0.6731178513742688,0.18464547678852433
wind3,Geo+D3-3HistAE-CeNN,3636,0.11925056276261538,0.16940362975134776,1.0,1.0610347256101424,0.19696578301117584
wind3,Geo+D3-3HistAE-CeNN,3637,0.14219946781274193,0.18070279570262723,1.0,1.2620438074022275,0.2503204860422956
wind3,Geo+D3-3HistAE-CeNN,3638,0.2038411847859613,0.2832860846237157,1.0,2.251318646256996,0.21005455463912548
wind3,Geo+D3-3HistAE-CeNN,3639,0.19082764738784574,0.2545127501081886,1.0,2.7900188348981785,0.1981433461506461
wind3,Geo+D3-3HistAE-CeNN,3640,0.15280157638594977,0.20388967530030372,1.0,2.46540656588799,0.16562035590750973
wind3,Geo+D3-3HistAE-CeNN,3641,0.1236800055248644,0.15370049217848908,1.0,0.9587843203837995,0.1601471764546361
wind3,Geo+D3-3HistAE-CeNN,3642,0.14537350616656908,0.17737355596296603,1.0,2.396662249340629,0.17631817309873857
wind3,Geo+D3-3HistAE-CeNN,3643,0.12755616952529222,0.19153055956178702,1.0,1.1675620245241358,0.16347496911619244
wind3,Geo+D3-3HistAE-CeNN,3644,0.16071050602328377,0.2020878401258702,1.0,2.5356052705603718,0.1631181196253209
wind3,Geo+D3-3HistAE-CeNN,3645,0.13659680989989786,0.18557297702384348,1.0,0.44168028994838643,0.17069511950977043
wind3,Geo+D3-3HistAE-CeNN,3646,0.1136579060601955,0.15561323808419503,1.0,0.5581850319810294,0.16823115498692856
wind3,Geo+D3-3HistAE-CeNN,3647,0.14623440828081669,0.18864616886701827,1.0,0.8135145409702289,0.18898840607317335
wind3,Geo+D3-3HistAE-CeNN,3648,0.1118379711513509,0.14004309321486308,1.0,0.6171597899134121,0.17459212760187964
wind3,Geo+D3-3HistAE-CeNN,3649,0.12410052092996166,0.1690586885489388,1.0,0.22545107494708613,0.15955295603825456
wind3,Geo+D3-3HistAE-CeNN,3650,0.1503868020249939,0.19743752145072288,1.0,1.1835908541557656,0.19217805976755375
wind3,Geo+D3-3HistAE-CeNN,3651,0.12234181426586628,0.1620519114855818,1.0,0.3801761585669271,0.17669396911476673
wind3,Geo+D3-3HistAE-CeNN,3652,0.12985745454707232,0.19312887917985638,1.0,1.1855103975403494,0.1636479740087927
wind3,Geo+D3-3HistAE-CeNN,3653,0.09798759886308214,0.14373644182135903,1.0,0.41712023534966763,0.18387430454581657
wind3,Geo+D3-3HistAE-CeNN,3654,0.11766655611023638,0.15521169721923284,1.0,1.3117012484551205,0.15845987215622845
wind3,Geo+D3-3HistAE-CeNN,3655,0.1278672650355437,0.17273126153894464,1.0,0.08471807935299887,0.16470310311356395
wind3,Geo+D3-3HistAE-CeNN,3656,0.1383954811897604,0.20970478834972472,1.0,0.10326564895238846,0.17095767652758725
wind3,Geo+D3-3HistAE-CeNN,3657,0.111548563349373,0.1575090462376039,1.0,0.23313932130352463,0.17214118807022216
wind3,Geo+D3-3HistAE-CeNN,3658,0.12609080573023065,0.16311524140405334,1.0,0.19199591771785277,0.171501736835281
wind3,Geo+D3-3HistAE-CeNN,3659,0.18769294635065756,0.24300530625965802,1.0,2.4875787243246315,0.2149756425053157
wind3,Geo+D3-3HistAE-CeNN,3660,0.19525726727876141,0.2996743679762444,1.0,0.4823639344050105,0.20390677539300012
wind3,Geo+D3-3HistAE-CeNN,3661,0.16090492430495387,0.21330484473490258,1.0,0.944958758776787,0.1937994817344912
wind3,Geo+D3-3HistAE-CeNN,3662,0.17047012558594724,0.2073641326297848,1.0,2.7852488112591574,0.17203363207609573
wind3,Geo+D3-3HistAE-CeNN,3663,0.153467378799284,0.19982370146692793,1.0,0.7574750191913402,0.19249927609831807
wind3,Geo+D3-3HistAE-CeNN,3664,0.15432589961350568,0.20416875830760453,1.0,1.5443368644021476,0.16781231547355893
wind3,Geo+D3-3HistAE-CeNN,3665,0.1752876560786537,0.23076441693989733,1.0,1.98658506309565,0.22465534163099626
wind3,Geo+D3-3HistAE-CeNN,3666,0.1956387465967383,0.25335385946811173,1.0,2.9863459439741704,0.18592170768114283
wind3,Geo+D3-3HistAE-CeNN,3667,0.15383895207291806,0.19508597715751838,1.0,1.1577935225171636,0.1912004471069216
wind3,Geo+D3-3HistAE-CeNN,3668,0.10366025097666827,0.1465754982575288,1.0,0.27677459530599435,0.17203726122605834
wind3,Geo+D3-3HistAE-CeNN,3669,0.12205754553086774,0.17837123753687315,1.0,0.5186570751159294,0.18473521360040732
wind3,Geo+D3-3HistAE-CeNN,3670,0.160104773685985,0.20413893956369772,1.0,2.2082302281998123,0.19300234063494906
wind3,Geo+D3-3HistAE-CeNN,3671,0.18483949592131754,0.23112429969844486,1.0,2.354211320362737,0.20660745191170574
wind3,Geo+D3-3HistAE-CeNN,3672,0.14239864458581428,0.1868447153068402,1.0,1.7566465700172116,0.1385112422749021
wind3,Geo+D3-3HistAE-CeNN,3673,0.11781614872865499,0.1427250743451428,1.0,0.8562233179738603,0.17472895119413956
wind3,Geo+D3-3HistAE-CeNN,3674,0.1593419736058034,0.20606832892057278,1.0,1.5912991388330944,0.20332976854150672
wind3,Geo+D3-3HistAE-CeNN,3675,0.13360263602137565,0.1832807727138894,1.0,0.9384415017884558,0.1918895814706924
wind3,Geo+D3-3HistAE-CeNN,3676,0.13482659001394248,0.1802000715943158,1.0,1.7545629903871314,0.1523583391489033
wind3,Geo+D3-3HistAE-CeNN,3677,0.15254744715949986,0.20247576882908755,1.0,1.8609287311737823,0.16141338903685779
wind3,Geo+D3-3HistAE-CeNN,3678,0.16039144939360472,0.19778630166817843,1.0,2.3893616872596763,0.18258914006010493
wind3,Geo+D3-3HistAE-CeNN,3679,0.13430608168864955,0.16677687415047648,1.0,1.1697858494220652,0.20631254160999243
wind3,Geo+D3-3HistAE-CeNN,3680,0.12382464544516261,0.1649779924097255,1.0,1.0553251537080266,0.17972677450265917
wind3,Geo+D3-3HistAE-CeNN,3681,0.16542431018816414,0.2127376063664657,1.0,1.4926926858482206,0.2059422769467679
wind3,Geo+D3-3HistAE-CeNN,3682,0.12836357446693294,0.16668900889368646,1.0,0.29445685950015366,0.16444434322844398
wind3,Geo+D3-3HistAE-CeNN,3683,0.14984006383464904,0.20831088225029645,1.0,0.6398280340336759,0.19189675170662665
wind3,Geo+D3-3HistAE-CeNN,3684,0.1485753444254747,0.19767913911018137,1.0,0.318832399831228,0.18334311715667756
wind3,Geo+D3-3HistAE-CeNN,3685,0.14307474676885218,0.1909073840368487,1.0,1.5602309875464206,0.15971314515752735
wind3,Geo+D3-3HistAE-CeNN,3686,0.14142661352655417,0.17814034189518996,1.0,1.6415981322167859,0.14195264406204208
wind3,Geo+D3-3HistAE-CeNN,3687,0.123727665993728,0.17792404334940204,1.0,0.1704027935467515,0.16622205044792984
wind3,Geo+D3-3HistAE-CeNN,3688,0.11248242508473233,0.1431014110562978,1.0,0.9539698846389947,0.1720005536072041
wind3,Geo+D3-3HistAE-CeNN,3689,0.18111831241396414,0.24246928550420196,1.0,2.0449491580680417,0.20043972874262564
wind3,Geo+D3-3HistAE-CeNN,3690,0.16861553051970007,0.22189302706074945,1.0,0.6398866439774501,0.19106837437015783
wind3,Geo+D3-3HistAE-CeNN,3691,0.13454993872528537,0.21462779669092924,1.0,0.20793273885960428,0.17349234485030454
wind3,Geo+D3-3HistAE-CeNN,3692,0.18004710901013005,0.2372378918311622,1.0,2.8859249972497576,0.17382247342400622
wind3,Geo+D3-3HistAE-CeNN,3693,0.1680692098004339,0.24295688608399724,1.0,2.083345296172132,0.2038978012004703
wind3,Geo+D3-3HistAE-CeNN,3694,0.13870343195807625,0.175632831820394,1.0,2.024559563273605,0.18470188461811612
wind3,Geo+D3-3HistAE-CeNN,3695,0.129825616217364,0.1796324295371767,1.0,0.43188613963859224,0.1578527725271543
wind3,Geo+D3-3HistAE-CeNN,3696,0.13937387821509295,0.18137030054654668,1.0,1.8215124079897964,0.16054232809810046
wind3,Geo+D3-3HistAE-CeNN,3697,0.18206857170573815,0.2303395944939483,1.0,2.4067446922318863,0.22114187267246843
wind3,Geo+D3-3HistAE-CeNN,3698,0.11364472373487701,0.1409828712428557,1.0,0.9579800197670324,0.1816051787500452
wind3,Geo+D3-3HistAE-CeNN,3699,0.12672395739169365,0.16303887600611008,1.0,0.8268235806898997,0.18849830342163837
wind3,Geo+D3-10HistAE-CeNN,3600,0.14061092085529373,0.1723406563004222,1.0,2.1152926333116464,0.12542249016029855
wind3,Geo+D3-10HistAE-CeNN,3601,0.14192528405561497,0.19484747645937217,1.0,1.1783353526094031,0.12490787385881194
wind3,Geo+D3-10HistAE-CeNN,3602,0.14223291525213216,0.1808300723110903,1.0,1.3203130236488656,0.12515248233659632
wind3,Geo+D3-10HistAE-CeNN,3603,0.16166716837273717,0.20185568630608433,1.0,2.8147407938444524,0.12536011585814483
wind3,Geo+D3-10HistAE-CeNN,3604,0.133289463313596,0.16075723626224145,1.0,1.5394939106591783,0.12516778716976365
wind3,Geo+D3-10HistAE-CeNN,3605,0.14006624146470595,0.17160984789124736,1.0,1.617181955351945,0.1252974485473936
wind3,Geo+D3-10HistAE-CeNN,3606,0.16173652101798527,0.20621208327628485,1.0,2.561869322226366,0.12549285864107215
wind3,Geo+D3-10HistAE-CeNN,3607,0.11785238432769474,0.1700935633106437,1.0,1.0088831256023258,0.12562054326978517
wind3,Geo+D3-10HistAE-CeNN,3608,0.13035003996937927,0.1707245733389167,1.0,0.8460760526517296,0.125330338370609
wind3,Geo+D3-10HistAE-CeNN,3609,0.15308625028428402,0.18727031908838915,1.0,2.401846312570019,0.12552085871991392
wind3,Geo+D3-10HistAE-CeNN,3610,0.11898748911351774,0.17210578500298324,1.0,0.8234853720841632,0.12568848639693403
wind3,Geo+D3-10HistAE-CeNN,3611,0.1957019628295634,0.2610212171568274,1.0,3.419345452782928,0.12516762614841892
wind3,Geo+D3-10HistAE-CeNN,3612,0.13125555852125803,0.16764792992440217,1.0,1.1313656923960973,0.12547191437060617
wind3,Geo+D3-10HistAE-CeNN,3613,0.1511665194403682,0.20978085885847017,1.0,0.8280363435720034,0.12514840140771707
wind3,Geo+D3-10HistAE-CeNN,3614,0.16989221404243965,0.21738266496169,1.0,2.5815938548621715,0.1253043271935866
wind3,Geo+D3-10HistAE-CeNN,3615,0.1623038772203307,0.20859164531344046,1.0,1.421516785848436,0.12585883820487476
wind3,Geo+D3-10HistAE-CeNN,3616,0.19158336897671072,0.243417128206002,1.0,2.6166010328110767,0.1251003550670408
wind3,Geo+D3-10HistAE-CeNN,3617,0.14890805120588982,0.1882095299021932,1.0,0.4095102143651146,0.12544604869512682
wind3,Geo+D3-10HistAE-CeNN,3618,0.17906736396062717,0.23207971965068344,1.0,2.4370223815125844,0.12487129656358632
wind3,Geo+D3-10HistAE-CeNN,3619,0.12453050117282655,0.16812176798089504,1.0,1.2565757305343468,0.12562321449449843
wind3,Geo+D3-10HistAE-CeNN,3620,0.11684495353418461,0.158239729967025,1.0,1.6380066911515,0.12533638640848982
wind3,Geo+D3-10HistAE-CeNN,3621,0.15394230386115237,0.19691223923517534,1.0,2.1457549288999256,0.12484855093565522
wind3,Geo+D3-10HistAE-CeNN,3622,0.13019220100244758,0.19322467545049715,1.0,1.1530607421714452,0.12501569618978145
wind3,Geo+D3-10HistAE-CeNN,3623,0.14504033432795985,0.18284787819511764,1.0,2.4626447079349365,0.1254710541985842
wind3,Geo+D3-10HistAE-CeNN,3624,0.15585144021803446,0.19388829337333222,1.0,1.8880832809314767,0.1248632149122974
wind3,Geo+D3-10HistAE-CeNN,3625,0.1663146797240054,0.23938452705637772,1.0,0.12393015219409259,0.12513996146840434
wind3,Geo+D3-10HistAE-CeNN,3626,0.13268741871850598,0.1726205189096787,1.0,0.1261961494678213,0.125092634126326
wind3,Geo+D3-10HistAE-CeNN,3627,0.1583531626683641,0.19906283968299393,1.0,2.4276444836330735,0.12511086663691118
wind3,Geo+D3-10HistAE-CeNN,3628,0.15970212657635924,0.20460869568140225,1.0,0.5514937107543715,0.12478949070824455
wind3,Geo+D3-10HistAE-CeNN,3629,0.1211629017276557,0.1562844144517071,1.0,1.80123216415828,0.1256535355608109
wind3,Geo+D3-10HistAE-CeNN,3630,0.1656728752587765,0.20393853053505792,1.0,2.869526662957626,0.1253567465629992
wind3,Geo+D3-10HistAE-CeNN,3631,0.18069508048309352,0.23832010108841165,1.0,2.45524473131995,0.12517940249663725
wind3,Geo+D3-10HistAE-CeNN,3632,0.12881777665896518,0.15823878967821395,1.0,1.3488500896453635,0.12516018530640788
wind3,Geo+D3-10HistAE-CeNN,3633,0.15567299448515626,0.20063150533692667,1.0,0.10209051579176859,0.12525212980492453
wind3,Geo+D3-10HistAE-CeNN,3634,0.18896663955100026,0.25792339835293704,1.0,1.0746755821848946,0.1249790129683343
wind3,Geo+D3-10HistAE-CeNN,3635,0.16208297552366085,0.2116529627525059,1.0,0.6634879383122341,0.12499348536414567
wind3,Geo+D3-10HistAE-CeNN,3636,0.11969073028049075,0.16403792418683188,1.0,1.0742416313435437,0.12520111499554618
wind3,Geo+D3-10HistAE-CeNN,3637,0.11738378533286734,0.15146147945325483,1.0,1.2354166971324487,0.1255050462905603
wind3,Geo+D3-10HistAE-CeNN,3638,0.19980621408321894,0.2781554252959606,1.0,2.228773045526212,0.12495116589466619
wind3,Geo+D3-10HistAE-CeNN,3639,0.18481735100967822,0.24984051517898626,1.0,2.7999924860374255,0.12524892032413482
wind3,Geo+D3-10HistAE-CeNN,3640,0.15225943158516583,0.1950222234367092,1.0,2.4759844757463227,0.12525914332419905
wind3,Geo+D3-10HistAE-CeNN,3641,0.12696875324153037,0.15934105648534475,1.0,0.9692051060320509,0.12581721993837952
wind3,Geo+D3-10HistAE-CeNN,3642,0.14669318461228525,0.17910321712375085,1.0,2.4035209185924566,0.12562943013599778
wind3,Geo+D3-10HistAE-CeNN,3643,0.11709010108384284,0.17543675460636696,1.0,1.1690644166345057,0.12596673035346626
wind3,Geo+D3-10HistAE-CeNN,3644,0.15821610007409376,0.19935879439105517,1.0,2.5182309217306185,0.1252819100013209
wind3,Geo+D3-10HistAE-CeNN,3645,0.12664240624192363,0.16586435505095826,1.0,0.4232101228924305,0.12545463839105314
wind3,Geo+D3-10HistAE-CeNN,3646,0.1132894436621967,0.15342881556660826,1.0,0.5467819865447323,0.12551234957169316
wind3,Geo+D3-10HistAE-CeNN,3647,0.1271264590717939,0.15952108144449134,1.0,0.798380000151342,0.12521215128246027
wind3,Geo+D3-10HistAE-CeNN,3648,0.1175687260412547,0.14751697682472698,1.0,0.6196968467796243,0.1256344910300541
wind3,Geo+D3-10HistAE-CeNN,3649,0.12810929656729042,0.1742060561817381,1.0,0.22096895826090843,0.12548725055670562
wind3,Geo+D3-10HistAE-CeNN,3650,0.14771066905787741,0.1922201666049913,1.0,1.174410483904829,0.12478465231459959
wind3,Geo+D3-10HistAE-CeNN,3651,0.1311420214274026,0.17218767427603152,1.0,0.3793988562935323,0.12523239207358852
wind3,Geo+D3-10HistAE-CeNN,3652,0.12255643369291061,0.1801494241701891,1.0,1.180109783779133,0.12592551950438946
wind3,Geo+D3-10HistAE-CeNN,3653,0.1083857864184619,0.15487009996429138,1.0,0.41570144666245223,0.1253235102134701
wind3,Geo+D3-10HistAE-CeNN,3654,0.11617209978925583,0.15545555839269692,1.0,1.306981709942394,0.12567492866543098
wind3,Geo+D3-10HistAE-CeNN,3655,0.13799414755990416,0.18569451925067848,1.0,0.08129123719012799,0.12521126692418455
wind3,Geo+D3-10HistAE-CeNN,3656,0.14502317660204797,0.21540330783214776,1.0,0.09297386334127594,0.12515798472711415
wind3,Geo+D3-10HistAE-CeNN,3657,0.12076507535381972,0.16955953365418688,1.0,0.2317039887961473,0.1250897313246643
wind3,Geo+D3-10HistAE-CeNN,3658,0.1381838367716482,0.1795578264962193,1.0,0.1870879131171652,0.12532656848109355
wind3,Geo+D3-10HistAE-CeNN,3659,0.17536294974898414,0.225739410872111,1.0,2.464617325393246,0.12513358520031811
wind3,Geo+D3-10HistAE-CeNN,3660,0.18689148866119826,0.2754233945698872,1.0,0.46628503630019236,0.12494863700965309
wind3,Geo+D3-10HistAE-CeNN,3661,0.15552826344399331,0.20357414166884025,1.0,0.9338518787955232,0.12496512916608343
wind3,Geo+D3-10HistAE-CeNN,3662,0.16878726502429195,0.20681608756347655,1.0,2.794562170639607,0.12540712529025133
wind3,Geo+D3-10HistAE-CeNN,3663,0.13327262223541397,0.16952356960165976,1.0,0.7382890666382229,0.1250141951097734
wind3,Geo+D3-10HistAE-CeNN,3664,0.14060467044332964,0.18172487670185186,1.0,1.5569657133918517,0.12562329390485782
wind3,Geo+D3-10HistAE-CeNN,3665,0.1672598477316607,0.22188290338791997,1.0,1.9627341530333084,0.12527910997785704
wind3,Geo+D3-10HistAE-CeNN,3666,0.19114087151745407,0.24809085922546387,1.0,2.9775153297596635,0.12539049109628148
wind3,Geo+D3-10HistAE-CeNN,3667,0.15476118929487837,0.19559150642840925,1.0,1.161545314508874,0.12502168501584504
wind3,Geo+D3-10HistAE-CeNN,3668,0.11615645327977456,0.16085385953963954,1.0,0.2777335857774376,0.12520844939938644
wind3,Geo+D3-10HistAE-CeNN,3669,0.1272623774349857,0.18204792935635955,1.0,0.5323005419916245,0.12570213820696166
wind3,Geo+D3-10HistAE-CeNN,3670,0.15557644948650853,0.2003300551634447,1.0,2.2081397571310486,0.12505667334574797
wind3,Geo+D3-10HistAE-CeNN,3671,0.17630953171396208,0.2202762111796216,1.0,2.348991574947341,0.12503404403286672
wind3,Geo+D3-10HistAE-CeNN,3672,0.13158474334347717,0.16926167081716859,1.0,1.734593126910097,0.12574569524434576
wind3,Geo+D3-10HistAE-CeNN,3673,0.1092289585148842,0.13199347320268748,1.0,0.844583165519142,0.12561845077279166
wind3,Geo+D3-10HistAE-CeNN,3674,0.13606104432102603,0.17295659881288306,1.0,1.574072301781282,0.1252700762692498
wind3,Geo+D3-10HistAE-CeNN,3675,0.13210584094020486,0.17286458736200794,1.0,0.950307358961614,0.1254186248479154
wind3,Geo+D3-10HistAE-CeNN,3676,0.13156014255999465,0.17777513656738414,1.0,1.7696636056492394,0.12527144906178628
wind3,Geo+D3-10HistAE-CeNN,3677,0.14554488907631946,0.19278647626572062,1.0,1.8749625687639473,0.12506061170106855
wind3,Geo+D3-10HistAE-CeNN,3678,0.15563475267577828,0.18864195877873377,1.0,2.3992733900182257,0.12532091098932127
wind3,Geo+D3-10HistAE-CeNN,3679,0.11495928931690517,0.14619973351864185,1.0,1.161152952961404,0.12545392603300015
wind3,Geo+D3-10HistAE-CeNN,3680,0.12364960059978686,0.16064092822024684,1.0,1.0593718550410318,0.12550737424731073
wind3,Geo+D3-10HistAE-CeNN,3681,0.16198483457501348,0.20774408489267582,1.0,1.4842164327305687,0.12465007835092651
wind3,Geo+D3-10HistAE-CeNN,3682,0.12542446202722138,0.15936589584257946,1.0,0.28655864668711867,0.1253460169038014
wind3,Geo+D3-10HistAE-CeNN,3683,0.13915182600009224,0.17897079671966032,1.0,0.6231528686544011,0.1249938820725425
wind3,Geo+D3-10HistAE-CeNN,3684,0.14840762384342995,0.1968883874459843,1.0,0.3076970709970184,0.1247599621814468
wind3,Geo+D3-10HistAE-CeNN,3685,0.138532907930198,0.18041436001243225,1.0,1.561580337381808,0.12588466418741606
wind3,Geo+D3-10HistAE-CeNN,3686,0.13282869384738685,0.16712196223525233,1.0,1.635765165187532,0.12580798788650324
wind3,Geo+D3-10HistAE-CeNN,3687,0.1305425202834101,0.18236194761525423,1.0,0.16526817344229547,0.12505831990334382
wind3,Geo+D3-10HistAE-CeNN,3688,0.11261535753641765,0.14586442886686335,1.0,0.9661820498781838,0.12578717550331323
wind3,Geo+D3-10HistAE-CeNN,3689,0.1710535084635915,0.23105232526005898,1.0,2.0203718195155664,0.12521842091944596
wind3,Geo+D3-10HistAE-CeNN,3690,0.15242328009234585,0.19802192470443836,1.0,0.6252638726743436,0.12501750175480444
wind3,Geo+D3-10HistAE-CeNN,3691,0.14612828620999924,0.22806227083637137,1.0,0.22343764572827987,0.1255137951178861
wind3,Geo+D3-10HistAE-CeNN,3692,0.17112769993307517,0.230507468918256,1.0,2.8614026672655113,0.12534580383388388
wind3,Geo+D3-10HistAE-CeNN,3693,0.1578956006626999,0.22507877790987302,1.0,2.080039084665882,0.12483416591041642
wind3,Geo+D3-10HistAE-CeNN,3694,0.12617898049548434,0.15835149496879186,1.0,2.0175546055089653,0.12546952535512634
wind3,Geo+D3-10HistAE-CeNN,3695,0.1257824314639001,0.17323226075652345,1.0,0.4216884420694817,0.12551131726350032
wind3,Geo+D3-10HistAE-CeNN,3696,0.13815302619443007,0.18220661580132735,1.0,1.8163423192604409,0.12505465715709208
wind3,Geo+D3-10HistAE-CeNN,3697,0.17474550541741143,0.22319414192757284,1.0,2.3892517448113417,0.12530091429905088
wind3,Geo+D3-10HistAE-CeNN,3698,0.11377768954777356,0.13883212521382432,1.0,0.956607593816102,0.12529752377527473
wind3,Geo+D3-10HistAE-CeNN,3699,0.13059475497122866,0.16708828098048023,1.0,0.8307229638698502,0.12557676398382567
force_step,LQR-outer,3600,0.0692067683882548,0.15956810430234347,1.0,1.5748132877277585,0.0
force_step,LQR-outer,3601,0.03989517600282264,0.11317087178512532,1.0,1.3991690746709529,0.0
force_step,LQR-outer,3602,0.07395923287386726,0.17140436576111331,1.0,0.7034733864126874,0.0
force_step,LQR-outer,3603,0.06514436135941841,0.13889488745586218,1.0,1.273834960924357,0.0
force_step,LQR-outer,3604,0.04329227996964793,0.12196107370789636,1.0,1.3504431643840091,0.0
force_step,LQR-outer,3605,0.06537536030531801,0.1483372016003456,1.0,1.965915688776504,0.0
force_step,LQR-outer,3606,0.07188913005146336,0.14669866525629838,1.0,1.6405334442203299,0.0
force_step,LQR-outer,3607,0.06635323897592155,0.14399466635669703,1.0,1.8872038846611736,0.0
force_step,LQR-outer,3608,0.04700417821521207,0.13467552426410248,1.0,0.889794846152663,0.0
force_step,LQR-outer,3609,0.07392095502910344,0.15615609053271245,1.0,1.445221152624606,0.0
force_step,LQR-outer,3610,0.07609211407664868,0.16298566310327328,1.0,0.6538081969194661,0.0
force_step,LQR-outer,3611,0.06965230041770247,0.13716635376660377,1.0,1.782235051154157,0.0
force_step,LQR-outer,3612,0.052395414288481705,0.14071070611970785,1.0,0.720899404337682,0.0
force_step,LQR-outer,3613,0.047324514845545326,0.12976725867551114,1.0,1.4877774404580757,0.0
force_step,LQR-outer,3614,0.07384156361118763,0.15338243971774967,1.0,1.364837824258047,0.0
force_step,LQR-outer,3615,0.07063600736122476,0.15014598306716934,1.0,1.0300275835258896,0.0
force_step,LQR-outer,3616,0.052372781673552776,0.13014446853398162,1.0,1.414980702484566,0.0
force_step,LQR-outer,3617,0.03599896665358127,0.1100676311788883,1.0,1.2258364148573273,0.0
force_step,LQR-outer,3618,0.05374705066560867,0.14263562454043358,1.0,1.2301244961869302,0.0
force_step,LQR-outer,3619,0.0716019878653485,0.1533966499999306,1.0,1.894991648682766,0.0
force_step,LQR-outer,3620,0.07205138160829488,0.1523326399842178,1.0,1.3320481494299068,0.0
force_step,LQR-outer,3621,0.061918075869878964,0.15466023868530035,1.0,0.7786858996563942,0.0
force_step,LQR-outer,3622,0.058029187123610056,0.1483101123153768,1.0,0.6937390762987693,0.0
force_step,LQR-outer,3623,0.07502733720761288,0.14506789038571738,1.0,1.7493336493860132,0.0
force_step,LQR-outer,3624,0.06373421997162827,0.15145627336829212,1.0,1.1620361350958077,0.0
force_step,LQR-outer,3625,0.07420871298217152,0.15320419176065447,1.0,0.6843640876037352,0.0
force_step,LQR-outer,3626,0.07191569694534564,0.1575928602782398,1.0,1.3185837064203279,0.0
force_step,LQR-outer,3627,0.06078889470343524,0.15604507137841092,1.0,0.9527515048486922,0.0
force_step,LQR-outer,3628,0.038835411465800884,0.10980773487924081,1.0,1.3232960413942492,0.0
force_step,LQR-outer,3629,0.06861311111713297,0.16019843122449484,1.0,0.708041340602399,0.0
force_step,LQR-outer,3630,0.04976482805154216,0.13880234572513414,1.0,0.7991212885837994,0.0
force_step,LQR-outer,3631,0.05368289453917953,0.13765695247281767,1.0,1.1098278993790343,0.0
force_step,LQR-outer,3632,0.06528854992193452,0.15022513515799427,1.0,1.4373920367854471,0.0
force_step,LQR-outer,3633,0.04763167752377454,0.1258038658868008,1.0,1.315549308263609,0.0
force_step,LQR-outer,3634,0.04878179100813007,0.135069194566034,1.0,0.7828107962803219,0.0
force_step,LQR-outer,3635,0.04249932760494879,0.12238522774808458,1.0,1.2714593720480085,0.0
force_step,LQR-outer,3636,0.047606892054949564,0.13476476717905306,1.0,0.660029970020524,0.0
force_step,LQR-outer,3637,0.05394928640311694,0.13661655373390968,1.0,1.4305326283759443,0.0
force_step,LQR-outer,3638,0.06532767342781243,0.1527254217971195,1.0,1.1406025416576002,0.0
force_step,LQR-outer,3639,0.04130861001299927,0.11894657325200675,1.0,0.8567046350345159,0.0
force_step,LQR-outer,3640,0.049312016842456875,0.13616949221072328,1.0,0.6964754369414741,0.0
force_step,LQR-outer,3641,0.051742173933118196,0.13251191192281048,1.0,1.666872386308791,0.0
force_step,LQR-outer,3642,0.04908308810941289,0.1318895966551962,1.0,1.5370222101263573,0.0
force_step,LQR-outer,3643,0.0661870407060186,0.1559065847319099,1.0,1.090613892999822,0.0
force_step,LQR-outer,3644,0.057167256538520526,0.137582020225668,1.0,1.4906542700806336,0.0
force_step,LQR-outer,3645,0.04890884088401949,0.13203943845935204,1.0,1.199822924810554,0.0
force_step,LQR-outer,3646,0.06702540560984198,0.1499571557724614,1.0,1.3926324800083512,0.0
force_step,LQR-outer,3647,0.06534552182895997,0.16252484934022338,1.0,0.6694352352997135,0.0
force_step,LQR-outer,3648,0.07358181008325101,0.1587385100642878,1.0,1.2397448321911506,0.0
force_step,LQR-outer,3649,0.040897021404720346,0.12219619817368024,1.0,0.8231747693124392,0.0
force_step,LQR-outer,3650,0.05709716530822567,0.14951433958115196,1.0,0.6403902986902665,0.0
force_step,LQR-outer,3651,0.07378247769221342,0.15675545121409876,1.0,1.3172966882987582,0.0
force_step,LQR-outer,3652,0.07394795950417574,0.15256179543192389,1.0,1.791574005754147,0.0
force_step,LQR-outer,3653,0.08141402665493011,0.17713223009205467,1.0,0.6543286192755889,0.0
force_step,LQR-outer,3654,0.0790331840693619,0.16008869476955062,1.0,1.247399162136543,0.0
force_step,LQR-outer,3655,0.05037909056367497,0.13454615515470583,1.0,0.8847645583287654,0.0
force_step,LQR-outer,3656,0.06863219505100378,0.14893176021117197,1.0,1.8352464479304316,0.0
force_step,LQR-outer,3657,0.055885078663428886,0.14688118832217706,1.0,0.8504188476159886,0.0
force_step,LQR-outer,3658,0.06289449970964099,0.14551735248949663,1.0,1.5349619721821668,0.0
force_step,LQR-outer,3659,0.04835442382537163,0.13364847738610786,1.0,1.005977074730674,0.0
force_step,LQR-outer,3660,0.04902181941856144,0.12148259030407357,1.0,1.113816331332633,0.0
force_step,LQR-outer,3661,0.0733704112877826,0.1715543802929859,1.0,0.7019776540093726,0.0
force_step,LQR-outer,3662,0.04748008986741668,0.13216646789216663,1.0,0.867739231261097,0.0
force_step,LQR-outer,3663,0.05196021735904608,0.13974955979754727,1.0,0.770938363307417,0.0
force_step,LQR-outer,3664,0.06299713962808037,0.14166388667688895,1.0,1.656621254474179,0.0
force_step,LQR-outer,3665,0.0652173118864714,0.15726248000401413,1.0,0.8642403452446481,0.0
force_step,LQR-outer,3666,0.04832569302937655,0.1318987166313137,1.0,1.3571271770624354,0.0
force_step,LQR-outer,3667,0.06511716224049675,0.14685897356732974,1.0,1.3325214896570023,0.0
force_step,LQR-outer,3668,0.07279412021123235,0.1479451078117048,1.0,1.6171073043045452,0.0
force_step,LQR-outer,3669,0.04388440248223362,0.12410687564464394,1.0,0.8910494314179543,0.0
force_step,LQR-outer,3670,0.0687585111017301,0.1520322096688039,1.0,0.9426961571655867,0.0
force_step,LQR-outer,3671,0.04590048517024808,0.1305255547443027,1.0,0.9256318059153291,0.0
force_step,LQR-outer,3672,0.0779623705950109,0.17083853960959883,1.0,1.3067070551553994,0.0
force_step,LQR-outer,3673,0.046713046909463596,0.13400509188555418,1.0,1.0927820597400908,0.0
force_step,LQR-outer,3674,0.049648428655150886,0.1377493374592539,1.0,1.165633610556949,0.0
force_step,LQR-outer,3675,0.05326203026250471,0.1332398197903745,1.0,1.4987915311157753,0.0
force_step,LQR-outer,3676,0.04645919209970198,0.12672477262866635,1.0,1.012340748817347,0.0
force_step,LQR-outer,3677,0.07766165354846193,0.16555000827922503,1.0,1.403043316962116,0.0
force_step,LQR-outer,3678,0.03924108329306645,0.11408654582990331,1.0,1.221309849076556,0.0
force_step,LQR-outer,3679,0.0393301827961957,0.1167553739818389,1.0,0.9185961004506946,0.0
force_step,LQR-outer,3680,0.04640822785136798,0.1255836959565847,1.0,1.5561587683545812,0.0
force_step,LQR-outer,3681,0.04832156678229128,0.13941096270644016,1.0,0.6837151166170374,0.0
force_step,LQR-outer,3682,0.06861991363055651,0.1395313730513003,1.0,1.9081578986626868,0.0
force_step,LQR-outer,3683,0.0786538291176361,0.174085994374787,1.0,0.7816092712224573,0.0
force_step,LQR-outer,3684,0.06864380102927087,0.15091283437885317,1.0,0.9832094010910235,0.0
force_step,LQR-outer,3685,0.07819300424273355,0.16611526358429865,1.0,0.7374280102279571,0.0
force_step,LQR-outer,3686,0.058659818355188534,0.14996744220750327,1.0,0.6961628116262996,0.0
force_step,LQR-outer,3687,0.0569632980098207,0.1417351997733747,1.0,1.1794995134367703,0.0
force_step,LQR-outer,3688,0.04937765662481517,0.12854029437301198,1.0,1.3121775684157992,0.0
force_step,LQR-outer,3689,0.05184065516497775,0.13337174346698735,1.0,1.029186246272402,0.0
force_step,LQR-outer,3690,0.0754938620453291,0.16175342998488443,1.0,0.9382484683605921,0.0
force_step,LQR-outer,3691,0.044158123110813914,0.12409028731712375,1.0,0.9817389188090717,0.0
force_step,LQR-outer,3692,0.07161995342858743,0.16461478851331218,1.0,1.1463258977256991,0.0
force_step,LQR-outer,3693,0.07491243452827756,0.15855691341792302,1.0,1.847004549415893,0.0
force_step,LQR-outer,3694,0.051813527953976216,0.13732702688461412,1.0,0.8453630207526974,0.0
force_step,LQR-outer,3695,0.07178469032192038,0.164202394860435,1.0,1.103951489769942,0.0
force_step,LQR-outer,3696,0.05506110382793289,0.14457822316563737,1.0,0.7670561796404798,0.0
force_step,LQR-outer,3697,0.05900515332037826,0.14668274107661802,1.0,1.0217504218664977,0.0
force_step,LQR-outer,3698,0.05874925843631407,0.1473789824999498,1.0,0.957373319059824,0.0
force_step,LQR-outer,3699,0.045081291525973934,0.1271975735616213,1.0,1.1002789517183607,0.0
force_step,Geo+AE-CeNN,3600,0.08160554372372454,0.1981978138222281,1.0,1.5533166837850398,0.040124391098670664
force_step,Geo+AE-CeNN,3601,0.04844161058336631,0.14083677382106216,1.0,1.3446276225861997,0.04126630166925846
force_step,Geo+AE-CeNN,3602,0.08534921931902915,0.20875300149121198,1.0,0.7178921397244,0.040562803528132525
force_step,Geo+AE-CeNN,3603,0.0795580395469477,0.17210006528850405,1.0,1.2665884050661906,0.04403030722358798
force_step,Geo+AE-CeNN,3604,0.05201507991365641,0.15085173216298506,1.0,1.2997120635234374,0.039528832286718024
force_step,Geo+AE-CeNN,3605,0.08020203784099815,0.19006549932541353,1.0,1.9168951571771617,0.03881681551261408
force_step,Geo+AE-CeNN,3606,0.08949702093978028,0.18502361238335077,1.0,1.6254425955871648,0.043210165624987217
force_step,Geo+AE-CeNN,3607,0.08099886733647031,0.1831419560847943,1.0,1.848300336635759,0.040022839561488575
force_step,Geo+AE-CeNN,3608,0.05450111306549359,0.16093946101189846,1.0,0.881448474339149,0.04314156663687305
force_step,Geo+AE-CeNN,3609,0.08033185797623506,0.17666564908461274,1.0,1.4423442673686682,0.03572861199125906
force_step,Geo+AE-CeNN,3610,0.08927369350865923,0.1987697069672228,1.0,0.6581522104222104,0.03882812828192115
force_step,Geo+AE-CeNN,3611,0.08232760297305769,0.16667440225079824,1.0,1.7542785340546598,0.035455191709789814
force_step,Geo+AE-CeNN,3612,0.057793426612715075,0.16343064669329427,1.0,0.7251934398169498,0.039117809478117
force_step,Geo+AE-CeNN,3613,0.057337389832535904,0.1613743961251251,1.0,1.4379509513673912,0.042084788054981344
force_step,Geo+AE-CeNN,3614,0.08971562750254858,0.19075274101427792,1.0,1.3521527300770364,0.04190800029073732
force_step,Geo+AE-CeNN,3615,0.0799643730094933,0.1770698027199406,1.0,1.0221736345378618,0.03511241366363071
force_step,Geo+AE-CeNN,3616,0.057019650741385555,0.15179304631216176,1.0,1.3762793090913428,0.035317903012884025
force_step,Geo+AE-CeNN,3617,0.040271473386845544,0.1286019543965649,1.0,1.180350563591681,0.036613896388246026
force_step,Geo+AE-CeNN,3618,0.06341905758511,0.17514474247575845,1.0,1.2006319484166506,0.04355542216961303
force_step,Geo+AE-CeNN,3619,0.08308286944187505,0.18610858093484467,1.0,1.8712902618338816,0.03657092885610721
force_step,Geo+AE-CeNN,3620,0.08596389426002099,0.18915257446431263,1.0,1.306259646901234,0.03600081312138283
force_step,Geo+AE-CeNN,3621,0.06979882611973724,0.18422478142235232,1.0,0.7755837373846981,0.0368663890330678
force_step,Geo+AE-CeNN,3622,0.06607098362629696,0.17783293479192677,1.0,0.6928323534308042,0.040891860419254564
force_step,Geo+AE-CeNN,3623,0.08898392560392049,0.17629794226517076,1.0,1.7475633609696748,0.03765344068865062
force_step,Geo+AE-CeNN,3624,0.07675497806510385,0.18825302785551043,1.0,1.1562512527990065,0.04499990910677092
force_step,Geo+AE-CeNN,3625,0.08977983070517477,0.18883629890864237,1.0,0.6876517347977281,0.04302627368229817
force_step,Geo+AE-CeNN,3626,0.08778338890101477,0.19942614581256093,1.0,1.2944327719669155,0.040030444286204794
force_step,Geo+AE-CeNN,3627,0.06904425768440692,0.18608814103050456,1.0,0.9476412586858088,0.03993582544234333
force_step,Geo+AE-CeNN,3628,0.04338874586731294,0.1297200581506266,1.0,1.2706620829641802,0.0372836208109824
force_step,Geo+AE-CeNN,3629,0.08168511301565134,0.19781578453711665,1.0,0.7217832750518587,0.04368449303995847
force_step,Geo+AE-CeNN,3630,0.05340415210768812,0.1577142688393217,1.0,0.7990918910531901,0.038342288868395934
force_step,Geo+AE-CeNN,3631,0.06470624818265548,0.17010548335953404,1.0,1.0882624131390521,0.04057864905067068
force_step,Geo+AE-CeNN,3632,0.07922243846647582,0.18980455285577055,1.0,1.4019193102716194,0.039505676629184236
force_step,Geo+AE-CeNN,3633,0.05020815594028958,0.13938137519524899,1.0,1.290142782551471,0.03639827831768874
force_step,Geo+AE-CeNN,3634,0.05711142964766037,0.1626004889188735,1.0,0.7794841183646796,0.04139137581019955
force_step,Geo+AE-CeNN,3635,0.050966772943052026,0.15031170541230324,1.0,1.2299759098348209,0.04289262524861987
force_step,Geo+AE-CeNN,3636,0.05369009024039026,0.15933235255113135,1.0,0.6627801387063227,0.04225580041969117
force_step,Geo+AE-CeNN,3637,0.06479144467676377,0.17058864827057557,1.0,1.3947193998617298,0.04304139998718203
force_step,Geo+AE-CeNN,3638,0.07899986557576025,0.18910102537449539,1.0,1.1417471661362115,0.044886591806536695
force_step,Geo+AE-CeNN,3639,0.04811912866163355,0.14227816536583912,1.0,0.8435073280862282,0.04049463845042542
force_step,Geo+AE-CeNN,3640,0.05432939876001551,0.15854888667006092,1.0,0.6999717292512921,0.040649623563616094
force_step,Geo+AE-CeNN,3641,0.05947498583087526,0.1602093412513647,1.0,1.6148820780268827,0.0366631087011454
force_step,Geo+AE-CeNN,3642,0.05889489001303306,0.16409984409059658,1.0,1.4848875164829183,0.04140559445251183
force_step,Geo+AE-CeNN,3643,0.07720367653401915,0.19122158979937984,1.0,1.0712093583346531,0.035428109993990174
force_step,Geo+AE-CeNN,3644,0.06979238346614812,0.17320856074715793,1.0,1.4558683137421131,0.04279521033504205
force_step,Geo+AE-CeNN,3645,0.05785362020562388,0.16173240034679434,1.0,1.163095890203178,0.03854936709241197
force_step,Geo+AE-CeNN,3646,0.07414485392040789,0.17353381389023828,1.0,1.3774535673458883,0.0344822147482582
force_step,Geo+AE-CeNN,3647,0.07478436809598966,0.19552956495069115,1.0,0.680794667433966,0.04029683596469032
force_step,Geo+AE-CeNN,3648,0.0799528736458305,0.18007609952589768,1.0,1.247852918507206,0.03625743725612994
force_step,Geo+AE-CeNN,3649,0.048306515809834055,0.14613665101511483,1.0,0.8190583052753537,0.04182880553341978
force_step,Geo+AE-CeNN,3650,0.06486403207548239,0.17901364565148703,1.0,0.647972597296354,0.04248061987330592
force_step,Geo+AE-CeNN,3651,0.08003627583011037,0.17777665408700458,1.0,1.3190081464692676,0.03509747718799513
force_step,Geo+AE-CeNN,3652,0.08229763009598456,0.17875865225550747,1.0,1.7717386536455653,0.03557330887182394
force_step,Geo+AE-CeNN,3653,0.09345216892817179,0.21490320448589834,1.0,0.6738587292488396,0.03840730299547337
force_step,Geo+AE-CeNN,3654,0.08565783744179618,0.18150619073567728,1.0,1.256971785240919,0.03633535942646294
force_step,Geo+AE-CeNN,3655,0.05941491411431687,0.16292640086058732,1.0,0.8796863833449869,0.041491190886414946
force_step,Geo+AE-CeNN,3656,0.07862295282951248,0.17803231984858497,1.0,1.8065404258341178,0.03553234754903014
force_step,Geo+AE-CeNN,3657,0.06408743471740025,0.17654469242862525,1.0,0.8393954883662897,0.038072704858805755
force_step,Geo+AE-CeNN,3658,0.06872396638948201,0.16676380408951483,1.0,1.5171855177872522,0.03680167285490453
force_step,Geo+AE-CeNN,3659,0.05726057299517927,0.16241792215408982,1.0,0.9871837251418084,0.043879319875716076
force_step,Geo+AE-CeNN,3660,0.0510608755358294,0.1321031949113237,1.0,1.0954982415025012,0.03719120652082779
force_step,Geo+AE-CeNN,3661,0.08513187760250449,0.20911809424769406,1.0,0.715213800392453,0.04082981091675085
force_step,Geo+AE-CeNN,3662,0.0501670602314132,0.14800515809331172,1.0,0.8664699281331241,0.03753305397082765
force_step,Geo+AE-CeNN,3663,0.05786968595477355,0.16371958201168882,1.0,0.7663888354434195,0.037536091429288106
force_step,Geo+AE-CeNN,3664,0.07705252237455144,0.1797082808907493,1.0,1.6132237216537983,0.04006995815311782
force_step,Geo+AE-CeNN,3665,0.07545408140535781,0.19131617534845338,1.0,0.855979565271278,0.0369396550201889
force_step,Geo+AE-CeNN,3666,0.058129552526176645,0.16345016404046786,1.0,1.3173983464688712,0.04314905301279724
force_step,Geo+AE-CeNN,3667,0.07203432628969586,0.17141571943962883,1.0,1.311762207919844,0.03491603853986084
force_step,Geo+AE-CeNN,3668,0.09028670029890234,0.18693012485543933,1.0,1.6078576785847758,0.0440630661948245
force_step,Geo+AE-CeNN,3669,0.05165023324935207,0.149306980331043,1.0,0.8870693257316353,0.04225496724700562
force_step,Geo+AE-CeNN,3670,0.0812443215666586,0.186862488087019,1.0,0.9300237425002404,0.037548308188333726
force_step,Geo+AE-CeNN,3671,0.04915237577102148,0.1467541904454279,1.0,0.9199452212277616,0.038636560314762314
force_step,Geo+AE-CeNN,3672,0.09151072118296945,0.21057407749407903,1.0,1.3061346363009736,0.04023311928857218
force_step,Geo+AE-CeNN,3673,0.054520906227602806,0.16167230110248682,1.0,1.070333187273916,0.04320722033190005
force_step,Geo+AE-CeNN,3674,0.056513576925125535,0.16385839208196412,1.0,1.136105847617063,0.040625380265031485
force_step,Geo+AE-CeNN,3675,0.057754800594719824,0.15278839648996106,1.0,1.463915868705296,0.0368236930169469
force_step,Geo+AE-CeNN,3676,0.04846648561701545,0.13889389591513113,1.0,1.0024371450287624,0.03699620340711737
force_step,Geo+AE-CeNN,3677,0.09381558810896297,0.20826818563030455,1.0,1.4025791896248474,0.043900972106848776
force_step,Geo+AE-CeNN,3678,0.04801453247993004,0.14043734180311765,1.0,1.1851665215792369,0.041464943166530335
force_step,Geo+AE-CeNN,3679,0.04656329382864496,0.1401341617543335,1.0,0.9044922057863025,0.04034865196488854
force_step,Geo+AE-CeNN,3680,0.056474555914492054,0.15801853095233032,1.0,1.4995702198363907,0.04145902660751184
force_step,Geo+AE-CeNN,3681,0.05353407728409835,0.1620068277982279,1.0,0.6863138255585636,0.04002149025803098
force_step,Geo+AE-CeNN,3682,0.08508647311482082,0.1765352713852798,1.0,1.8850930666709929,0.03947729053514753
force_step,Geo+AE-CeNN,3683,0.08982541158281757,0.21041399969160066,1.0,0.7994670052604917,0.03872890651600707
force_step,Geo+AE-CeNN,3684,0.080594619017769,0.18503044908801616,1.0,0.9679508760453038,0.03697314583863796
force_step,Geo+AE-CeNN,3685,0.09254263897122142,0.20520993965984052,1.0,0.75664861109112,0.044548356906583375
force_step,Geo+AE-CeNN,3686,0.06851948427041676,0.18223468938110515,1.0,0.6982833961806943,0.04196257775365312
force_step,Geo+AE-CeNN,3687,0.06025346573496759,0.15801451707692238,1.0,1.173550539956392,0.03637722919724137
force_step,Geo+AE-CeNN,3688,0.060045169363156285,0.15939776876652814,1.0,1.2808130392003327,0.04190884693282597
force_step,Geo+AE-CeNN,3689,0.054141867590183405,0.14791128365477277,1.0,1.0228584694578773,0.03675849748332949
force_step,Geo+AE-CeNN,3690,0.08624219399122464,0.19496216270098257,1.0,0.9356624853669756,0.03533210827184115
force_step,Geo+AE-CeNN,3691,0.05269093090630057,0.15055806171757394,1.0,0.9671740380201139,0.040802923594481545
force_step,Geo+AE-CeNN,3692,0.08588544723408902,0.20570112640088722,1.0,1.1456601921702612,0.04545954160967903
force_step,Geo+AE-CeNN,3693,0.08655543280329268,0.1921836734177806,1.0,1.8285806963845594,0.037018316617451426
force_step,Geo+AE-CeNN,3694,0.0613594540558391,0.16681969086401874,1.0,0.8373776794988614,0.041573794616809906
force_step,Geo+AE-CeNN,3695,0.08562342175906852,0.20449996780481083,1.0,1.1006140077726931,0.04541040333230505
force_step,Geo+AE-CeNN,3696,0.060792457990083586,0.16740161726108183,1.0,0.7718963430454685,0.03878247040793218
force_step,Geo+AE-CeNN,3697,0.06347524717910269,0.16670177467177702,1.0,1.0210459118754427,0.03641763446556734
force_step,Geo+AE-CeNN,3698,0.06402184995836929,0.1698125197762331,1.0,0.9551814150985336,0.03609999045800668
force_step,Geo+AE-CeNN,3699,0.053315070042127925,0.1554919528130933,1.0,1.0661711703366026,0.0393340638865339
force_step,Geo+D1-3AE-CeNN,3600,0.08234481226245491,0.19863495421960622,1.0,1.5561790805477493,0.036837194404509235
force_step,Geo+D1-3AE-CeNN,3601,0.04847009004831917,0.14060593726044288,1.0,1.3497471959104497,0.036839517146989784
force_step,Geo+D1-3AE-CeNN,3602,0.08468665005093312,0.20638488190953477,1.0,0.717558460189276,0.036834233205617684
force_step,Geo+D1-3AE-CeNN,3603,0.0790716320009086,0.17046387820985182,1.0,1.2688406240580805,0.036839854743508114
force_step,Geo+D1-3AE-CeNN,3604,0.05133747577089238,0.14896174431141426,1.0,1.3028703839671185,0.0368394420980172
force_step,Geo+D1-3AE-CeNN,3605,0.08001145003103866,0.1886396568094575,1.0,1.9215880577226412,0.036839431871377545
force_step,Geo+D1-3AE-CeNN,3606,0.08854059783764406,0.18268547902827706,1.0,1.6285453115327666,0.03684062215359776
force_step,Geo+D1-3AE-CeNN,3607,0.08127186341583566,0.18278876094491578,1.0,1.8523317088764149,0.036838244480954144
force_step,Geo+D1-3AE-CeNN,3608,0.05428101821913378,0.1595063709255984,1.0,0.8830892094953632,0.03683757076627606
force_step,Geo+D1-3AE-CeNN,3609,0.08053891097673344,0.17634035666636746,1.0,1.4434436179780978,0.03683626018584443
force_step,Geo+D1-3AE-CeNN,3610,0.08738658557256465,0.19480698558864168,1.0,0.6572427508507814,0.036835284368919294
force_step,Geo+D1-3AE-CeNN,3611,0.08180253934468862,0.16505208209855393,1.0,1.7563504555645753,0.036837125512020875
force_step,Geo+D1-3AE-CeNN,3612,0.05669476622774154,0.16032304963017513,1.0,0.7252820218006941,0.03683458960493244
force_step,Geo+D1-3AE-CeNN,3613,0.0578421604589777,0.16176822898064633,1.0,1.4419570311572594,0.036838589421825545
force_step,Geo+D1-3AE-CeNN,3614,0.0883752476424886,0.18759204714636502,1.0,1.35406547528054,0.03684142203098493
force_step,Geo+D1-3AE-CeNN,3615,0.07839622953585093,0.17353726763338173,1.0,1.0226893392648286,0.03683597078651574
force_step,Geo+D1-3AE-CeNN,3616,0.056859368268249576,0.15022956659398018,1.0,1.3788059231064844,0.03683619683844919
force_step,Geo+D1-3AE-CeNN,3617,0.03989670015203379,0.12724317005055963,1.0,1.1830180239051773,0.03683709276361809
force_step,Geo+D1-3AE-CeNN,3618,0.06377917120852758,0.17510211261103087,1.0,1.2040507549551869,0.03683775558531982
force_step,Geo+D1-3AE-CeNN,3619,0.083556324243569,0.18589430307747026,1.0,1.8748777033783517,0.03683652538149547
force_step,Geo+D1-3AE-CeNN,3620,0.08414782834106342,0.18542163020842764,1.0,1.3069651369706126,0.036837254835032904
force_step,Geo+D1-3AE-CeNN,3621,0.06843908194709934,0.18072189261787122,1.0,0.7755592907067091,0.036834132677096794
force_step,Geo+D1-3AE-CeNN,3622,0.06448662957269949,0.1740373007194011,1.0,0.6929956257648657,0.03683600475141662
force_step,Geo+D1-3AE-CeNN,3623,0.08965312862362289,0.177040136655142,1.0,1.75017759571442,0.03683786543488163
force_step,Geo+D1-3AE-CeNN,3624,0.07624758972709336,0.1863399481937987,1.0,1.1589199971702115,0.036839910548245786
force_step,Geo+D1-3AE-CeNN,3625,0.0874914177859819,0.18424871151967118,1.0,0.6871513812951818,0.03683743152945215
force_step,Geo+D1-3AE-CeNN,3626,0.08588963678503242,0.19520089867416385,1.0,1.295624616801752,0.036838584011817416
force_step,Geo+D1-3AE-CeNN,3627,0.06916840320888754,0.18564446041924784,1.0,0.949242178580899,0.0368345881965445
force_step,Geo+D1-3AE-CeNN,3628,0.04332474026675941,0.12885716174066356,1.0,1.2742853540424373,0.0368382558447094
force_step,Geo+D1-3AE-CeNN,3629,0.07994880768334284,0.19316402151787662,1.0,0.7211158125740758,0.03683779037947248
force_step,Geo+D1-3AE-CeNN,3630,0.05287850223584813,0.15552525243611975,1.0,0.799548902910974,0.0368344899123641
force_step,Geo+D1-3AE-CeNN,3631,0.06323656869347259,0.16640946414915542,1.0,1.089751785515215,0.036839382130021754
force_step,Geo+D1-3AE-CeNN,3632,0.07773130533981623,0.186475484811908,1.0,1.403364355096955,0.03683816144871779
force_step,Geo+D1-3AE-CeNN,3633,0.050475838763142884,0.1391825416093165,1.0,1.2930460435781177,0.03683627713606454
force_step,Geo+D1-3AE-CeNN,3634,0.05564466853968373,0.1587299057988936,1.0,0.7802998672114417,0.03683723914415562
force_step,Geo+D1-3AE-CeNN,3635,0.05127819008202093,0.1501165375257304,1.0,1.2333888381187013,0.036839442475116516
force_step,Geo+D1-3AE-CeNN,3636,0.05251174774177802,0.15575272269432755,1.0,0.663029287736965,0.036835762388217425
force_step,Geo+D1-3AE-CeNN,3637,0.06502922639118355,0.17001228037019836,1.0,1.3982785810008136,0.036840399216685873
force_step,Geo+D1-3AE-CeNN,3638,0.07827172189605583,0.1867406491174985,1.0,1.1437286714757418,0.03683971136984607
force_step,Geo+D1-3AE-CeNN,3639,0.046938202863870175,0.13869360579882758,1.0,0.8446329227626058,0.03683870155274632
force_step,Geo+D1-3AE-CeNN,3640,0.05376599167467054,0.15618159174125407,1.0,0.7004113729030337,0.036834811415424475
force_step,Geo+D1-3AE-CeNN,3641,0.05976143061844434,0.15951480693076156,1.0,1.619681174044384,0.03683794392867525
force_step,Geo+D1-3AE-CeNN,3642,0.059478694625653666,0.16476052533157343,1.0,1.4892576750942195,0.03683891809177193
force_step,Geo+D1-3AE-CeNN,3643,0.07551392469089199,0.1872175877259673,1.0,1.0719114244512478,0.03683594722459294
force_step,Geo+D1-3AE-CeNN,3644,0.06948637481341052,0.1715463220120016,1.0,1.4596806426886362,0.03684079252231528
force_step,Geo+D1-3AE-CeNN,3645,0.05671629627252674,0.15874642199802178,1.0,1.1645298973137173,0.03683815583030801
force_step,Geo+D1-3AE-CeNN,3646,0.0734287042894306,0.17120202420527145,1.0,1.3788677766298343,0.03683530566347744
force_step,Geo+D1-3AE-CeNN,3647,0.07392310775653389,0.19267123942752515,1.0,0.680632755134553,0.03683430362221358
force_step,Geo+D1-3AE-CeNN,3648,0.07992402692822262,0.17915343212802007,1.0,1.2478797649738302,0.03683432723049992
force_step,Geo+D1-3AE-CeNN,3649,0.04714079555399595,0.14283968296861174,1.0,0.8199137927097122,0.036839414224366776
force_step,Geo+D1-3AE-CeNN,3650,0.06382875452176223,0.17567688946065327,1.0,0.6483199017749339,0.036835019234992945
force_step,Geo+D1-3AE-CeNN,3651,0.07978811231504587,0.17642562564159492,1.0,1.319376972725563,0.036834690376085125
force_step,Geo+D1-3AE-CeNN,3652,0.08240550950130024,0.17773502275271888,1.0,1.7747896233896676,0.03683603979462516
force_step,Geo+D1-3AE-CeNN,3653,0.09211861746286594,0.21130850101580204,1.0,0.672861171897666,0.036833753910547336
force_step,Geo+D1-3AE-CeNN,3654,0.08566727370683196,0.18069769533274396,1.0,1.2569670599453957,0.036834524768235365
force_step,Geo+D1-3AE-CeNN,3655,0.05794038094690356,0.15926350246857338,1.0,0.880754377649273,0.03683841079120165
force_step,Geo+D1-3AE-CeNN,3656,0.07854124817877708,0.17672078617497095,1.0,1.809823913696886,0.03683667401610011
force_step,Geo+D1-3AE-CeNN,3657,0.062478650818513115,0.17279339741707453,1.0,0.84032339536398,0.03683535385901124
force_step,Geo+D1-3AE-CeNN,3658,0.0693590250466095,0.16701011600990295,1.0,1.5199549663391159,0.03683531772934901
force_step,Geo+D1-3AE-CeNN,3659,0.057013741119742944,0.16104496228698822,1.0,0.9900967006145516,0.036838592005451726
force_step,Geo+D1-3AE-CeNN,3660,0.05118662660422044,0.13174053676672826,1.0,1.0970373302954457,0.036836130601598994
force_step,Geo+D1-3AE-CeNN,3661,0.08442865797618058,0.2068261895201285,1.0,0.7154556087678913,0.03683377347013168
force_step,Geo+D1-3AE-CeNN,3662,0.049653631542332995,0.14582480493799854,1.0,0.8666815514237116,0.03683434300112559
force_step,Geo+D1-3AE-CeNN,3663,0.05678970753350661,0.1605287077823642,1.0,0.7668504583540252,0.03683486421779385
force_step,Geo+D1-3AE-CeNN,3664,0.07616168841612891,0.17738075460121092,1.0,1.61610231770342,0.03683856353751427
force_step,Geo+D1-3AE-CeNN,3665,0.07378623294597843,0.18739559061993283,1.0,0.8564071665640905,0.03683511404320413
force_step,Geo+D1-3AE-CeNN,3666,0.05845659543384385,0.16334838570538832,1.0,1.3209112113919754,0.036839379378984176
force_step,Geo+D1-3AE-CeNN,3667,0.07116443889256242,0.1687064293095286,1.0,1.313460203096582,0.03683558882896831
force_step,Geo+D1-3AE-CeNN,3668,0.09007227865576041,0.18584699226161264,1.0,1.61050736189055,0.036838938540746685
force_step,Geo+D1-3AE-CeNN,3669,0.050653763029600465,0.1464671296417644,1.0,0.8881859117537024,0.036839850558314485
force_step,Geo+D1-3AE-CeNN,3670,0.07929144771778893,0.182712987712302,1.0,0.9305142212213307,0.0368362309134102
force_step,Geo+D1-3AE-CeNN,3671,0.049208028647253266,0.14608380738147858,1.0,0.9211402919677069,0.0368347528176045
force_step,Geo+D1-3AE-CeNN,3672,0.09199277095916418,0.21041405738497607,1.0,1.3082012461986545,0.036836018598368894
force_step,Geo+D1-3AE-CeNN,3673,0.054737192959903404,0.1614589944342348,1.0,1.073588924444592,0.036836900509758665
force_step,Geo+D1-3AE-CeNN,3674,0.05717374991646716,0.16441351904118415,1.0,1.1388602825609624,0.03683614711744865
force_step,Geo+D1-3AE-CeNN,3675,0.058455745594091786,0.1529874234141631,1.0,1.467524168030324,0.03683681587142559
force_step,Geo+D1-3AE-CeNN,3676,0.04842189080365572,0.13783843953891453,1.0,1.0030941655262648,0.036834973503864075
force_step,Geo+D1-3AE-CeNN,3677,0.09411439387717763,0.20802080343647006,1.0,1.40488734454678,0.0368376823867778
force_step,Geo+D1-3AE-CeNN,3678,0.047423657925293496,0.1387471790394679,1.0,1.1891818977662405,0.03684078872065863
force_step,Geo+D1-3AE-CeNN,3679,0.04538487767843166,0.1368520946089458,1.0,0.906096573076237,0.03683928567566831
force_step,Geo+D1-3AE-CeNN,3680,0.056525757330125354,0.15734192237677833,1.0,1.504639717168807,0.03683983295440609
force_step,Geo+D1-3AE-CeNN,3681,0.052729275985608,0.15937444742324822,1.0,0.6870001422625885,0.03683439390572227
force_step,Geo+D1-3AE-CeNN,3682,0.08534502315084817,0.17627846773289585,1.0,1.8883013105431803,0.03683621399282513
force_step,Geo+D1-3AE-CeNN,3683,0.08923416523840155,0.20811315365680966,1.0,0.7990162316525149,0.03683400649689168
force_step,Geo+D1-3AE-CeNN,3684,0.07871488862305172,0.18094614811616866,1.0,0.9685097961663731,0.03683556566598215
force_step,Geo+D1-3AE-CeNN,3685,0.09185168240387709,0.2030138575097268,1.0,0.7569385172118009,0.036835830706002985
force_step,Geo+D1-3AE-CeNN,3686,0.0670134936806046,0.17808151449603649,1.0,0.6980262365327885,0.03683659462861713
force_step,Geo+D1-3AE-CeNN,3687,0.06021773715042771,0.15715102033155146,1.0,1.1741931697166534,0.0368352394541168
force_step,Geo+D1-3AE-CeNN,3688,0.05960054561644537,0.15762126615840164,1.0,1.2843823020668135,0.03684095671681103
force_step,Geo+D1-3AE-CeNN,3689,0.05395269114305012,0.14641737123428988,1.0,1.0232660937195366,0.03683536980628751
force_step,Geo+D1-3AE-CeNN,3690,0.08470872647060514,0.19109223897587052,1.0,0.9356862238540096,0.03683413783780346
force_step,Geo+D1-3AE-CeNN,3691,0.05156163123446393,0.14742433475606567,1.0,0.9686819591850752,0.036840207278517674
force_step,Geo+D1-3AE-CeNN,3692,0.08576280136290498,0.2045570758264686,1.0,1.148021200339781,0.03683701180208742
force_step,Geo+D1-3AE-CeNN,3693,0.08720910061194513,0.19230023738777957,1.0,1.8316365616425823,0.03683656923301431
force_step,Geo+D1-3AE-CeNN,3694,0.05988352412989337,0.16295910547996026,1.0,0.8385073174082642,0.036838655655576674
force_step,Geo+D1-3AE-CeNN,3695,0.08556876782039996,0.20334872480631225,1.0,1.1026044665139465,0.036836660935142436
force_step,Geo+D1-3AE-CeNN,3696,0.060198872211791925,0.16489726868380025,1.0,0.7719660436695219,0.036833776962415264
force_step,Geo+D1-3AE-CeNN,3697,0.06285436565856269,0.1645151436571331,1.0,1.0212207390907313,0.03683458486819837
force_step,Geo+D1-3AE-CeNN,3698,0.06315259533707634,0.1670173411719713,1.0,0.9553015268002689,0.03683454759232382
force_step,Geo+D1-3AE-CeNN,3699,0.05207826264554093,0.15225841074125915,1.0,1.0675565719815605,0.0368383455033223
force_step,Geo+D1-10AE-CeNN,3600,0.0811330464716171,0.19650203472129862,1.0,1.5556266885739292,0.03889460442937504
force_step,Geo+D1-10AE-CeNN,3601,0.04842248701094124,0.14027999620838952,1.0,1.3492029941303731,0.03889460442937429
force_step,Geo+D1-10AE-CeNN,3602,0.08407867201563092,0.20543402225275453,1.0,0.7174090185070598,0.03889460442937609
force_step,Geo+D1-10AE-CeNN,3603,0.07891763847080124,0.17030195511867155,1.0,1.2687820148576474,0.03889460442937541
force_step,Geo+D1-10AE-CeNN,3604,0.052095831485917274,0.15050010196146024,1.0,1.30270715986701,0.03889460442937307
force_step,Geo+D1-10AE-CeNN,3605,0.08000980939856467,0.1886395998128308,1.0,1.9213471695814328,0.03889460442937285
force_step,Geo+D1-10AE-CeNN,3606,0.08897385366007306,0.18342174049611082,1.0,1.6285402828267894,0.03889460442937436
force_step,Geo+D1-10AE-CeNN,3607,0.08087061455427838,0.18206687699125002,1.0,1.8519437889134063,0.038894604429374396
force_step,Geo+D1-10AE-CeNN,3608,0.053776563343006525,0.15871405080521264,1.0,0.8830714995297754,0.03889460442937577
force_step,Geo+D1-10AE-CeNN,3609,0.07984447531768188,0.1752315142567108,1.0,1.4430772736698605,0.03889460442937342
force_step,Geo+D1-10AE-CeNN,3610,0.0880677863579512,0.1960008435358772,1.0,0.6573926095868537,0.03889460442937431
force_step,Geo+D1-10AE-CeNN,3611,0.08208305651440514,0.1655662437396131,1.0,1.756340721624676,0.03889460442937334
force_step,Geo+D1-10AE-CeNN,3612,0.057025426261428765,0.16096992949264247,1.0,0.7249527552678763,0.03889460442937487
force_step,Geo+D1-10AE-CeNN,3613,0.05728395445014753,0.16063603537568114,1.0,1.441587085275207,0.03889460442937513
force_step,Geo+D1-10AE-CeNN,3614,0.08927156010675394,0.1892012681821014,1.0,1.3543019484725156,0.03889460442937345
force_step,Geo+D1-10AE-CeNN,3615,0.07900122411172078,0.17456298379207813,1.0,1.0226098947287279,0.03889460442937279
force_step,Geo+D1-10AE-CeNN,3616,0.056938104940738504,0.15071352517570688,1.0,1.3789671909411858,0.03889460442937371
force_step,Geo+D1-10AE-CeNN,3617,0.040461781280704455,0.12849385269718064,1.0,1.1828033146620605,0.038894604429373265
force_step,Geo+D1-10AE-CeNN,3618,0.06290587637416493,0.17338219011302955,1.0,1.2037104469921815,0.03889460442937566
force_step,Geo+D1-10AE-CeNN,3619,0.08268802230942811,0.18438517765305754,1.0,1.874248064047173,0.03889460442937393
force_step,Geo+D1-10AE-CeNN,3620,0.08533196083735307,0.18739812583851934,1.0,1.3072636402633893,0.038894604429372634
force_step,Geo+D1-10AE-CeNN,3621,0.06897588128572588,0.18190503568818103,1.0,0.7757199073118702,0.03889460442937443
force_step,Geo+D1-10AE-CeNN,3622,0.06528231968141908,0.1755572519069127,1.0,0.6927756115884766,0.03889460442937454
force_step,Geo+D1-10AE-CeNN,3623,0.08863438835086974,0.17517803809864552,1.0,1.7491875279515754,0.03889460442937375
force_step,Geo+D1-10AE-CeNN,3624,0.07593655695230865,0.18571023563800282,1.0,1.158524127899394,0.038894604429375576
force_step,Geo+D1-10AE-CeNN,3625,0.08840336261222428,0.18577983531171768,1.0,0.6872924468669896,0.03889460442937492
force_step,Geo+D1-10AE-CeNN,3626,0.0871942142217801,0.197439388489143,1.0,1.2960156370057674,0.038894604429372974
force_step,Geo+D1-10AE-CeNN,3627,0.0682388804712427,0.183927076504896,1.0,0.9488861386035877,0.03889460442937609
force_step,Geo+D1-10AE-CeNN,3628,0.04363191806898479,0.1296432572867655,1.0,1.2741178552474626,0.03889460442937321
force_step,Geo+D1-10AE-CeNN,3629,0.08043211317262243,0.19424485554620913,1.0,0.7213519502435133,0.038894604429375285
force_step,Geo+D1-10AE-CeNN,3630,0.05252157992147445,0.1550598402415404,1.0,0.7995150882278431,0.03889460442937476
force_step,Geo+D1-10AE-CeNN,3631,0.06430649465376533,0.16852877469674507,1.0,1.089785544945105,0.03889460442937383
force_step,Geo+D1-10AE-CeNN,3632,0.07891306954995063,0.18852508691321584,1.0,1.4035594121129988,0.03889460442937357
force_step,Geo+D1-10AE-CeNN,3633,0.050102402316776644,0.13841516204339008,1.0,1.2926959183145836,0.038894604429373564
force_step,Geo+D1-10AE-CeNN,3634,0.05642186058121304,0.1604691618291168,1.0,0.7802448009582377,0.038894604429374716
force_step,Geo+D1-10AE-CeNN,3635,0.050673233198564864,0.14907218660370022,1.0,1.2333056713151018,0.038894604429374875
force_step,Geo+D1-10AE-CeNN,3636,0.052795566044624404,0.1566393553448175,1.0,0.6630671596663935,0.03889460442937576
force_step,Geo+D1-10AE-CeNN,3637,0.06452232689827338,0.16920181297037773,1.0,1.39821968248047,0.038894604429374556
force_step,Geo+D1-10AE-CeNN,3638,0.07814411052378736,0.18650306862230817,1.0,1.1434523591782182,0.03889460442937564
force_step,Geo+D1-10AE-CeNN,3639,0.04775700412642007,0.14081842674544098,1.0,0.844637489544493,0.038894604429373696
force_step,Geo+D1-10AE-CeNN,3640,0.0535432937852424,0.15594284878660028,1.0,0.7004029918534902,0.03889460442937591
force_step,Geo+D1-10AE-CeNN,3641,0.059369303952142044,0.15889151874034996,1.0,1.6194539459178485,0.038894604429373175
force_step,Geo+D1-10AE-CeNN,3642,0.058888386179845306,0.16350360269613207,1.0,1.488775938515994,0.038894604429374244
force_step,Geo+D1-10AE-CeNN,3643,0.07649035794746062,0.18904772375488818,1.0,1.0722241506238648,0.03889460442937326
force_step,Geo+D1-10AE-CeNN,3644,0.06955165472971726,0.1718259276367527,1.0,1.4597045085258438,0.038894604429374355
force_step,Geo+D1-10AE-CeNN,3645,0.05775503424967937,0.16084479161768703,1.0,1.164525623344598,0.03889460442937304
force_step,Geo+D1-10AE-CeNN,3646,0.07353415634974135,0.17147485969428844,1.0,1.3787315915737646,0.038894604429373265
force_step,Geo+D1-10AE-CeNN,3647,0.07358402897421872,0.1921886703101724,1.0,0.6805244814731652,0.03889460442937574
force_step,Geo+D1-10AE-CeNN,3648,0.0792857346943684,0.17815906840923124,1.0,1.247558042787655,0.03889460442937466
force_step,Geo+D1-10AE-CeNN,3649,0.04766117940697454,0.14416497854073415,1.0,0.8197967744012646,0.03889460442937457
force_step,Geo+D1-10AE-CeNN,3650,0.06383371171145351,0.17590978688189288,1.0,0.6483540081237782,0.038894604429376
force_step,Geo+D1-10AE-CeNN,3651,0.07941283296514123,0.17592159445867703,1.0,1.319208963675796,0.03889460442937412
force_step,Geo+D1-10AE-CeNN,3652,0.08184447059331429,0.1768583669778159,1.0,1.774499404041469,0.0388946044293737
force_step,Geo+D1-10AE-CeNN,3653,0.0917987536166418,0.21087280782886175,1.0,0.6726857675749073,0.03889460442937565
force_step,Geo+D1-10AE-CeNN,3654,0.0849934274591136,0.1796424484971119,1.0,1.2566364820663696,0.038894604429374674
force_step,Geo+D1-10AE-CeNN,3655,0.05878164675145717,0.1609604718723894,1.0,0.8805540540135606,0.038894604429375146
force_step,Geo+D1-10AE-CeNN,3656,0.07812393590805805,0.176046187622737,1.0,1.809460536663538,0.03889460442937321
force_step,Geo+D1-10AE-CeNN,3657,0.06345990593009183,0.1746411994834549,1.0,0.8402358120395585,0.03889460442937421
force_step,Geo+D1-10AE-CeNN,3658,0.06845688026189918,0.1654344360294384,1.0,1.5195774935412578,0.038894604429374244
force_step,Geo+D1-10AE-CeNN,3659,0.05658543847573932,0.16033420555622674,1.0,0.9899824117078645,0.03889460442937582
force_step,Geo+D1-10AE-CeNN,3660,0.0509201314418082,0.1311095888115444,1.0,1.0966907964457937,0.038894604429373404
force_step,Geo+D1-10AE-CeNN,3661,0.08388770196118818,0.2058834869166006,1.0,0.7150645838084964,0.038894604429376214
force_step,Geo+D1-10AE-CeNN,3662,0.049565108103305576,0.14593152032769174,1.0,0.8666857347190373,0.03889460442937469
force_step,Geo+D1-10AE-CeNN,3663,0.0573299224909926,0.16186695431191822,1.0,0.7668997648364048,0.038894604429374466
force_step,Geo+D1-10AE-CeNN,3664,0.07700646754076672,0.17885178163834392,1.0,1.616079874107008,0.038894604429373744
force_step,Geo+D1-10AE-CeNN,3665,0.07470562224927352,0.18910042197730698,1.0,0.8564989670121652,0.03889460442937393
force_step,Geo+D1-10AE-CeNN,3666,0.057842705377887396,0.16212212175856017,1.0,1.3205994222059667,0.03889460442937487
force_step,Geo+D1-10AE-CeNN,3667,0.07152119824951352,0.16935222135522726,1.0,1.3132060514957926,0.03889460442937329
force_step,Geo+D1-10AE-CeNN,3668,0.08974973330795702,0.1853169400319985,1.0,1.6102360042162644,0.038894604429375375
force_step,Geo+D1-10AE-CeNN,3669,0.05104791225059254,0.1473840337011741,1.0,0.8879547502022974,0.03889460442937515
force_step,Geo+D1-10AE-CeNN,3670,0.08042274524427874,0.1846833737688224,1.0,0.9307550378700126,0.03889460442937352
force_step,Geo+D1-10AE-CeNN,3671,0.0485316142823153,0.1446910406457844,1.0,0.9208618843494009,0.03889460442937502
force_step,Geo+D1-10AE-CeNN,3672,0.09068385273494378,0.20822036303802585,1.0,1.307606576873404,0.03889460442937537
force_step,Geo+D1-10AE-CeNN,3673,0.053987155274297316,0.15991695417316154,1.0,1.073282222120129,0.038894604429376055
force_step,Geo+D1-10AE-CeNN,3674,0.056052319304062584,0.162302382606553,1.0,1.1387446186941221,0.03889460442937569
force_step,Geo+D1-10AE-CeNN,3675,0.057601660571989205,0.1515941620734097,1.0,1.4674650023385956,0.03889460442937355
force_step,Geo+D1-10AE-CeNN,3676,0.04807527681312882,0.13739491699327774,1.0,1.0030267797372803,0.038894604429374126
force_step,Geo+D1-10AE-CeNN,3677,0.09305772128293896,0.2060940037572999,1.0,1.404042167620285,0.03889460442937548
force_step,Geo+D1-10AE-CeNN,3678,0.04789077764602951,0.13966842729590512,1.0,1.1887849686831438,0.03889460442937389
force_step,Geo+D1-10AE-CeNN,3679,0.0462423435415043,0.13883155108780432,1.0,0.9058955208371517,0.03889460442937401
force_step,Geo+D1-10AE-CeNN,3680,0.056440881394580034,0.15713529405454804,1.0,1.5042884878662375,0.03889460442937352
force_step,Geo+D1-10AE-CeNN,3681,0.05262494983305519,0.15935187208342602,1.0,0.6868928026082961,0.03889460442937532
force_step,Geo+D1-10AE-CeNN,3682,0.08490090200855598,0.17557256724487075,1.0,1.88802560314066,0.03889460442937491
force_step,Geo+D1-10AE-CeNN,3683,0.08847253461898193,0.20695318579099983,1.0,0.7988452546117928,0.03889460442937588
force_step,Geo+D1-10AE-CeNN,3684,0.07985276392256437,0.18289826029789147,1.0,0.9685883863322352,0.03889460442937359
force_step,Geo+D1-10AE-CeNN,3685,0.09129074691724394,0.20211398235529898,1.0,0.7567235373695812,0.038894604429376735
force_step,Geo+D1-10AE-CeNN,3686,0.06761236678852346,0.1795878828615678,1.0,0.6983560311293938,0.038894604429374834
force_step,Geo+D1-10AE-CeNN,3687,0.059816509971867514,0.15649283257353905,1.0,1.173956756175299,0.03889460442937386
force_step,Geo+D1-10AE-CeNN,3688,0.05986198607489756,0.15836348244735118,1.0,1.2843917876068425,0.03889460442937387
force_step,Geo+D1-10AE-CeNN,3689,0.05371022398399542,0.1462099220715872,1.0,1.0232741170809747,0.038894604429373904
force_step,Geo+D1-10AE-CeNN,3690,0.0853493486903337,0.19230207276466765,1.0,0.9358449158869926,0.03889460442937402
force_step,Geo+D1-10AE-CeNN,3691,0.052356637082189475,0.14924749718012686,1.0,0.968629282633441,0.03889460442937422
force_step,Geo+D1-10AE-CeNN,3692,0.08498005367935639,0.20308099872566013,1.0,1.1474290603079562,0.038894604429376214
force_step,Geo+D1-10AE-CeNN,3693,0.0861241591636478,0.19050878647876412,1.0,1.8310715549329393,0.03889460442937435
force_step,Geo+D1-10AE-CeNN,3694,0.06070773580873426,0.16479961778059293,1.0,0.838555241731629,0.038894604429374494
force_step,Geo+D1-10AE-CeNN,3695,0.08472768271562135,0.20188783598521373,1.0,1.1023092555085527,0.03889460442937634
force_step,Geo+D1-10AE-CeNN,3696,0.05990234761829988,0.16449062018711638,1.0,0.7718761575818114,0.038894604429375215
force_step,Geo+D1-10AE-CeNN,3697,0.06279162085981324,0.16452065725136086,1.0,1.0211020761357228,0.038894604429374036
force_step,Geo+D1-10AE-CeNN,3698,0.0633016968288476,0.16750846508106615,1.0,0.9553542008322564,0.038894604429373876
force_step,Geo+D1-10AE-CeNN,3699,0.05307627262647014,0.15445761635386634,1.0,1.0676806140869917,0.0388946044293735
force_step,Geo+D2-HistAE-CeNN,3600,0.0792373578130373,0.18827117777061228,1.0,1.566910982985586,0.1701379721497064
force_step,Geo+D2-HistAE-CeNN,3601,0.040012077705708665,0.11353959938756088,1.0,1.3677140116905746,0.20582752909819602
force_step,Geo+D2-HistAE-CeNN,3602,0.08783759931183312,0.20556214999489728,1.0,0.7381057988480378,0.18512833035481446
force_step,Geo+D2-HistAE-CeNN,3603,0.06373786409377345,0.13657939083856696,1.0,1.2579146270101191,0.20293334673380514
force_step,Geo+D2-HistAE-CeNN,3604,0.042426014391655144,0.12297299011359178,1.0,1.3377881771150326,0.21844618478889893
force_step,Geo+D2-HistAE-CeNN,3605,0.07411600828749117,0.17716356241633,1.0,1.9429875533954095,0.20719708728363545
force_step,Geo+D2-HistAE-CeNN,3606,0.06614193575002249,0.14068248302078398,1.0,1.5929403470416486,0.21499978643101203
force_step,Geo+D2-HistAE-CeNN,3607,0.07212367163763228,0.16252160749030253,1.0,1.8570212603556873,0.2125158387054195
force_step,Geo+D2-HistAE-CeNN,3608,0.053996650300646334,0.14965055672274505,1.0,0.9108365313009297,0.17698660098427502
force_step,Geo+D2-HistAE-CeNN,3609,0.08435800623541313,0.1777531951094048,1.0,1.4589421985095805,0.17920880761044983
force_step,Geo+D2-HistAE-CeNN,3610,0.0852687905528608,0.1818307012407973,1.0,0.6744428611936718,0.21113641217357965
force_step,Geo+D2-HistAE-CeNN,3611,0.07829424833812983,0.15839566398635693,1.0,1.7743186484030629,0.20738788560882868
force_step,Geo+D2-HistAE-CeNN,3612,0.060873736086844654,0.16030942997566514,1.0,0.7504683785130344,0.21613705478373182
force_step,Geo+D2-HistAE-CeNN,3613,0.04766216666136901,0.13573706818021342,1.0,1.4699191240826717,0.2016712858868952
force_step,Geo+D2-HistAE-CeNN,3614,0.06918620248329256,0.14988328671238457,1.0,1.3397571521838567,0.21785257783518006
force_step,Geo+D2-HistAE-CeNN,3615,0.08393313411125279,0.17959434033270422,1.0,1.0674657699413979,0.2061550069094342
force_step,Geo+D2-HistAE-CeNN,3616,0.06163999952884876,0.153729984182653,1.0,1.4083589042315294,0.21279529559268576
force_step,Geo+D2-HistAE-CeNN,3617,0.03729073495878079,0.11322879633848514,1.0,1.2261816638531158,0.2168469418907324
force_step,Geo+D2-HistAE-CeNN,3618,0.05495515830895567,0.14899181269811318,1.0,1.2054676505236703,0.18113577073123519
force_step,Geo+D2-HistAE-CeNN,3619,0.08498744447023653,0.1855095806477996,1.0,1.877544913933734,0.16482846755895414
force_step,Geo+D2-HistAE-CeNN,3620,0.074798490690011,0.15905757877285756,1.0,1.334410477490712,0.2423467103991462
force_step,Geo+D2-HistAE-CeNN,3621,0.07273090229662342,0.17881334201199692,1.0,0.8237765907316559,0.24751444966758068
force_step,Geo+D2-HistAE-CeNN,3622,0.06478941460568774,0.16471661557099773,1.0,0.7176099720307375,0.20161202235224934
force_step,Geo+D2-HistAE-CeNN,3623,0.08251417095050761,0.16205255126593968,1.0,1.7122571923632308,0.17857272705941232
force_step,Geo+D2-HistAE-CeNN,3624,0.06198868473457497,0.15163870170084662,1.0,1.1398225351865672,0.192602607224396
force_step,Geo+D2-HistAE-CeNN,3625,0.08320068713423381,0.1711726631339391,1.0,0.706578097475021,0.18605358708586484
force_step,Geo+D2-HistAE-CeNN,3626,0.06950262550800249,0.1584825234869553,1.0,1.321689537678698,0.23127750092228422
force_step,Geo+D2-HistAE-CeNN,3627,0.07030658498834033,0.179835440843417,1.0,0.9533348703503586,0.19077122125048412
force_step,Geo+D2-HistAE-CeNN,3628,0.043849923145854355,0.12252220529077487,1.0,1.3234537467324634,0.22256265202717937
force_step,Geo+D2-HistAE-CeNN,3629,0.07500291007808288,0.1764704476114648,1.0,0.7240069498926623,0.18376042307553433
force_step,Geo+D2-HistAE-CeNN,3630,0.06265842046481562,0.16835572346717803,1.0,0.8279173492577081,0.19863442643663293
force_step,Geo+D2-HistAE-CeNN,3631,0.050282030973004585,0.13117860024686,1.0,1.117571345013071,0.20372738028366608
force_step,Geo+D2-HistAE-CeNN,3632,0.06163198714367167,0.1465906197359878,1.0,1.4394379990328847,0.2379152161807974
force_step,Geo+D2-HistAE-CeNN,3633,0.055769016725161574,0.14774203625343665,1.0,1.3078987894340832,0.1747618106557012
force_step,Geo+D2-HistAE-CeNN,3634,0.051950609350718484,0.14177240893281876,1.0,0.8182877004161612,0.21648661718149523
force_step,Geo+D2-HistAE-CeNN,3635,0.04610495426452667,0.12650048211949125,1.0,1.2693937136272555,0.21134325542745216
force_step,Geo+D2-HistAE-CeNN,3636,0.05262167036104513,0.14949540259972802,1.0,0.6826653510737224,0.17955220099043392
force_step,Geo+D2-HistAE-CeNN,3637,0.05576910243375416,0.14104175139577965,1.0,1.409286596578258,0.19929392324517628
force_step,Geo+D2-HistAE-CeNN,3638,0.06788917230049762,0.15941396644728137,1.0,1.142853864750311,0.1935676695329235
force_step,Geo+D2-HistAE-CeNN,3639,0.04190612587207839,0.120002435846839,1.0,0.87619632421511,0.18357927277290587
force_step,Geo+D2-HistAE-CeNN,3640,0.05291770883474329,0.14979519875222638,1.0,0.7287644672235906,0.19684361633243985
force_step,Geo+D2-HistAE-CeNN,3641,0.061460902233709515,0.16224672698102077,1.0,1.6413886842405305,0.19384151782538486
force_step,Geo+D2-HistAE-CeNN,3642,0.05341142993818735,0.14252989567346744,1.0,1.5038961009451561,0.1980687471208629
force_step,Geo+D2-HistAE-CeNN,3643,0.0722091024141011,0.1712842182206634,1.0,1.1049208007839657,0.23047251693175896
force_step,Geo+D2-HistAE-CeNN,3644,0.05535959924355281,0.13992897192111337,1.0,1.4749943245650845,0.20380539642125908
force_step,Geo+D2-HistAE-CeNN,3645,0.04618346392341823,0.12766569973613,1.0,1.2058695109227324,0.21518205025920317
force_step,Geo+D2-HistAE-CeNN,3646,0.07903637501789593,0.17797611306938346,1.0,1.4054097145459203,0.17639279527409696
force_step,Geo+D2-HistAE-CeNN,3647,0.07903429809626293,0.19656574799263982,1.0,0.6964287265399934,0.1772858648809715
force_step,Geo+D2-HistAE-CeNN,3648,0.08268071720496678,0.17823306577325043,1.0,1.2622774186902135,0.184180728108072
force_step,Geo+D2-HistAE-CeNN,3649,0.0432601043679503,0.12507347428173352,1.0,0.8410230621464408,0.18176683891674406
force_step,Geo+D2-HistAE-CeNN,3650,0.06309759689095855,0.1681191575712219,1.0,0.6604055518393829,0.19607459011193046
force_step,Geo+D2-HistAE-CeNN,3651,0.08562413003078354,0.1818685057343224,1.0,1.362357749294299,0.21071762668065575
force_step,Geo+D2-HistAE-CeNN,3652,0.08714747277296248,0.18802555620917882,1.0,1.7952517936096803,0.15096675516433963
force_step,Geo+D2-HistAE-CeNN,3653,0.10267151917089487,0.21852420393868038,1.0,0.6762819901299881,0.21813946734201847
force_step,Geo+D2-HistAE-CeNN,3654,0.0896517433256539,0.1814722338650599,1.0,1.2735882651668011,0.1769247790956077
force_step,Geo+D2-HistAE-CeNN,3655,0.05069882177664286,0.13285240002957208,1.0,0.8951516336006712,0.19757256361439623
force_step,Geo+D2-HistAE-CeNN,3656,0.08177418430689595,0.18391396080641068,1.0,1.8152905774230443,0.1671203228371655
force_step,Geo+D2-HistAE-CeNN,3657,0.063684442247128,0.1635149782235821,1.0,0.8615030048926251,0.20697859337339952
force_step,Geo+D2-HistAE-CeNN,3658,0.07431338769395765,0.17162847689405858,1.0,1.5333196321111424,0.1735251432391074
force_step,Geo+D2-HistAE-CeNN,3659,0.05060508411558963,0.13681232832999063,1.0,1.009409655973513,0.18132096238639367
force_step,Geo+D2-HistAE-CeNN,3660,0.05302348508889889,0.1353107208087316,1.0,1.1245762622523603,0.1777008336391515
force_step,Geo+D2-HistAE-CeNN,3661,0.08300873618753053,0.19787047598830157,1.0,0.7294241943700979,0.1890502432093649
force_step,Geo+D2-HistAE-CeNN,3662,0.05765732015013936,0.15464998792199394,1.0,0.888717910046526,0.1911134476107884
force_step,Geo+D2-HistAE-CeNN,3663,0.05616375621403082,0.15443681733972628,1.0,0.8033706033149571,0.21298767800344529
force_step,Geo+D2-HistAE-CeNN,3664,0.06341856076595179,0.14837818002493947,1.0,1.6390370446081137,0.20381976316260397
force_step,Geo+D2-HistAE-CeNN,3665,0.06982062819060103,0.17177856630619015,1.0,0.8908779123592127,0.20078868507233263
force_step,Geo+D2-HistAE-CeNN,3666,0.05118501824835091,0.140209822251915,1.0,1.35622619434039,0.2163684601081599
force_step,Geo+D2-HistAE-CeNN,3667,0.07518550055682222,0.17374122637676456,1.0,1.3388963746836673,0.18084749205553657
force_step,Geo+D2-HistAE-CeNN,3668,0.07155292864870567,0.14921217376307583,1.0,1.600130778650133,0.2043146301247305
force_step,Geo+D2-HistAE-CeNN,3669,0.046276637297222645,0.1280059449003508,1.0,0.8992771469928745,0.1760938115095926
force_step,Geo+D2-HistAE-CeNN,3670,0.07556121921765477,0.16771528302781305,1.0,0.9538587657575489,0.20772776726596523
force_step,Geo+D2-HistAE-CeNN,3671,0.05680242436796016,0.15627743176579775,1.0,0.9447808724317267,0.192653149680218
force_step,Geo+D2-HistAE-CeNN,3672,0.09081420597054488,0.19974490675820247,1.0,1.2950813753761012,0.18205742880400141
force_step,Geo+D2-HistAE-CeNN,3673,0.05437383114991046,0.14845191757995588,1.0,1.079412227865267,0.1811952343747594
force_step,Geo+D2-HistAE-CeNN,3674,0.05579546422399689,0.149531089780578,1.0,1.1580248360656233,0.20425952837263556
force_step,Geo+D2-HistAE-CeNN,3675,0.0639037539625808,0.16139226254171224,1.0,1.480079349853868,0.16179019800323727
force_step,Geo+D2-HistAE-CeNN,3676,0.05394969917506553,0.14588119608413488,1.0,1.0312548073220629,0.1827355437584982
force_step,Geo+D2-HistAE-CeNN,3677,0.07934288226785066,0.17340462125787787,1.0,1.3856103583512276,0.2126890943516551
force_step,Geo+D2-HistAE-CeNN,3678,0.035009040882864696,0.10099071850175217,1.0,1.210737748451054,0.21246223479660728
force_step,Geo+D2-HistAE-CeNN,3679,0.03811394236473794,0.11220166309745598,1.0,0.9381917958937578,0.19891919300108948
force_step,Geo+D2-HistAE-CeNN,3680,0.04876374132334822,0.13621497116651068,1.0,1.5120390091445346,0.20218733770354239
force_step,Geo+D2-HistAE-CeNN,3681,0.058742318125615395,0.16428266422217608,1.0,0.7113890741267969,0.1861114857608102
force_step,Geo+D2-HistAE-CeNN,3682,0.07410379312295236,0.15471424010592197,1.0,1.8593828509830168,0.21163239586003602
force_step,Geo+D2-HistAE-CeNN,3683,0.10058580203692258,0.2189892192787316,1.0,0.8268938473549592,0.18826958281325956
force_step,Geo+D2-HistAE-CeNN,3684,0.0761469131171892,0.16826669435404945,1.0,0.9943739561475727,0.2127481263681414
force_step,Geo+D2-HistAE-CeNN,3685,0.09300963900698409,0.19711676590684996,1.0,0.7686060241750858,0.18545957331912902
force_step,Geo+D2-HistAE-CeNN,3686,0.06490031252938025,0.16521230075346735,1.0,0.7229053305700731,0.19705737343536736
force_step,Geo+D2-HistAE-CeNN,3687,0.06762785807542014,0.16291300485768037,1.0,1.2126129328117243,0.20209211844595104
force_step,Geo+D2-HistAE-CeNN,3688,0.04478400795628285,0.11633037388574233,1.0,1.2953218377048479,0.2176167281539439
force_step,Geo+D2-HistAE-CeNN,3689,0.06143738545902247,0.15291246759243726,1.0,1.0454908270021697,0.19679098112271534
force_step,Geo+D2-HistAE-CeNN,3690,0.08288303644124004,0.1834234240605156,1.0,0.9632261963012796,0.20763405392131842
force_step,Geo+D2-HistAE-CeNN,3691,0.04247269400223312,0.11954889549608186,1.0,1.0053801659923636,0.22043732803398267
force_step,Geo+D2-HistAE-CeNN,3692,0.07549556418889788,0.17457529570760935,1.0,1.1170112577021791,0.1946451341003809
force_step,Geo+D2-HistAE-CeNN,3693,0.08716443378232457,0.18866140175465407,1.0,1.836689634761561,0.17004658675670623
force_step,Geo+D2-HistAE-CeNN,3694,0.05156819974155324,0.1364997777716036,1.0,0.8508560937815042,0.18651246903292407
force_step,Geo+D2-HistAE-CeNN,3695,0.07703122387706082,0.1754320685866063,1.0,1.0898432651630792,0.19747137647353372
force_step,Geo+D2-HistAE-CeNN,3696,0.06288578660472818,0.16897865250775668,1.0,0.7908432162822794,0.194864865169446
force_step,Geo+D2-HistAE-CeNN,3697,0.06905670775357689,0.169201444057082,1.0,1.057389898467978,0.21333837332913141
force_step,Geo+D2-HistAE-CeNN,3698,0.0669645185441884,0.16707213351935007,1.0,0.9953172019570629,0.2156090086790467
force_step,Geo+D2-HistAE-CeNN,3699,0.04242092702987964,0.12087403605905825,1.0,1.1067157767061218,0.2293166734920177
force_step,Geo+D3-3HistAE-CeNN,3600,0.09748848627367793,0.2191237907649282,1.0,1.5777372719418656,0.19469831760378106
force_step,Geo+D3-3HistAE-CeNN,3601,0.06876527397324948,0.175348647982202,1.0,1.3927622763679235,0.1849814201694127
force_step,Geo+D3-3HistAE-CeNN,3602,0.07717871758772936,0.1863617280938481,1.0,0.7263803062385005,0.1635679685711936
force_step,Geo+D3-3HistAE-CeNN,3603,0.09085023323270083,0.18787299569967356,1.0,1.2958230306119876,0.17245051944785156
force_step,Geo+D3-3HistAE-CeNN,3604,0.06536116873732553,0.16262220933892352,1.0,1.3788300409559688,0.1735405346231699
force_step,Geo+D3-3HistAE-CeNN,3605,0.09842146594651201,0.21007335039166494,1.0,1.9923335469116588,0.17316836255235998
force_step,Geo+D3-3HistAE-CeNN,3606,0.1027792438346197,0.20278773264663344,1.0,1.6549599147289664,0.1593360082723256
force_step,Geo+D3-3HistAE-CeNN,3607,0.10592956459361812,0.2192831612532027,1.0,1.909823859960199,0.19577977381783881
force_step,Geo+D3-3HistAE-CeNN,3608,0.05600971476037241,0.15198072528836912,1.0,0.9139354653968803,0.16238642377028775
force_step,Geo+D3-3HistAE-CeNN,3609,0.08656089044126845,0.1841493774893061,1.0,1.501285099369154,0.22198559580363822
force_step,Geo+D3-3HistAE-CeNN,3610,0.07059996686906794,0.15934049317216856,1.0,0.6694622461257604,0.1789234417820492
force_step,Geo+D3-3HistAE-CeNN,3611,0.09467091706809672,0.17746174755047167,1.0,1.8502352945829568,0.1736618629299345
force_step,Geo+D3-3HistAE-CeNN,3612,0.048880625173987835,0.11995658667705204,1.0,0.7356726395662826,0.18575066139154855
force_step,Geo+D3-3HistAE-CeNN,3613,0.07906792329043465,0.19723815202056336,1.0,1.461182778689533,0.20286204766766888
force_step,Geo+D3-3HistAE-CeNN,3614,0.09673263332300092,0.19371254326745696,1.0,1.3716379535683936,0.1636432889234631
force_step,Geo+D3-3HistAE-CeNN,3615,0.06871508760377784,0.14903353662070204,1.0,1.0516701130168014,0.16954038195334348
force_step,Geo+D3-3HistAE-CeNN,3616,0.06864602588556619,0.15835769533971394,1.0,1.4462088750570408,0.16226886685092998
force_step,Geo+D3-3HistAE-CeNN,3617,0.054620759339684216,0.1417469562787433,1.0,1.238555941028696,0.16954616772316922
force_step,Geo+D3-3HistAE-CeNN,3618,0.07445116601526386,0.18532272145576745,1.0,1.2318886240411948,0.19043342966371699
force_step,Geo+D3-3HistAE-CeNN,3619,0.10368405693559705,0.21488892090426848,1.0,1.9214860150361868,0.17289422179297081
force_step,Geo+D3-3HistAE-CeNN,3620,0.09128988161368241,0.20143529504258437,1.0,1.3249043486217749,0.17381349282472283
force_step,Geo+D3-3HistAE-CeNN,3621,0.057449129990266426,0.14915279901871828,1.0,0.7948778245855629,0.17572418404968376
force_step,Geo+D3-3HistAE-CeNN,3622,0.0554467833403247,0.13827830770528182,1.0,0.7048223120949652,0.19795351517136034
force_step,Geo+D3-3HistAE-CeNN,3623,0.11087850375841077,0.20955793314508478,1.0,1.7814613513446866,0.1877768072500699
force_step,Geo+D3-3HistAE-CeNN,3624,0.08577712180848303,0.1974618963805615,1.0,1.1916405973366009,0.18470586521599547
force_step,Geo+D3-3HistAE-CeNN,3625,0.0757355190597985,0.15673480258744615,1.0,0.695597003697814,0.18702767431732586
force_step,Geo+D3-3HistAE-CeNN,3626,0.09088847764572267,0.20491742287220693,1.0,1.307571592906451,0.158495394155004
force_step,Geo+D3-3HistAE-CeNN,3627,0.06815548369539672,0.17858094746352246,1.0,0.9581190797623828,0.15962716617803863
force_step,Geo+D3-3HistAE-CeNN,3628,0.062390446238805394,0.14925863593006408,1.0,1.3477273997754304,0.17996486671473214
force_step,Geo+D3-3HistAE-CeNN,3629,0.07269537157081452,0.16852842070600912,1.0,0.7385445272729134,0.17626800195546682
force_step,Geo+D3-3HistAE-CeNN,3630,0.04832289120345435,0.13430022724668392,1.0,0.811867969710393,0.1784720111504628
force_step,Geo+D3-3HistAE-CeNN,3631,0.0682248501083967,0.16416182708751986,1.0,1.119622475379569,0.15230246269869213
force_step,Geo+D3-3HistAE-CeNN,3632,0.08844403746540516,0.2049034125237214,1.0,1.4480419188685372,0.18465879912533872
force_step,Geo+D3-3HistAE-CeNN,3633,0.06131200669021014,0.14360222487198174,1.0,1.3524576133698647,0.20352363928862305
force_step,Geo+D3-3HistAE-CeNN,3634,0.05319790683069008,0.13783437814173705,1.0,0.7960696477855017,0.17759860110321055
force_step,Geo+D3-3HistAE-CeNN,3635,0.06669967173640143,0.17455585343431804,1.0,1.2590347273725615,0.1862818013016508
force_step,Geo+D3-3HistAE-CeNN,3636,0.0459269494031814,0.12079933877222393,1.0,0.6830866570059932,0.18464486590702606
force_step,Geo+D3-3HistAE-CeNN,3637,0.08088432271910768,0.19648498216343813,1.0,1.4129754753679618,0.18187460189223495
force_step,Geo+D3-3HistAE-CeNN,3638,0.08661413837203762,0.19531281214236892,1.0,1.1687093614599902,0.1730252410151165
force_step,Geo+D3-3HistAE-CeNN,3639,0.05057821611564467,0.12366420910669937,1.0,0.8565899324891839,0.17379373063965298
force_step,Geo+D3-3HistAE-CeNN,3640,0.04972242214355428,0.12330255561281867,1.0,0.7189557102696967,0.18066012522386307
force_step,Geo+D3-3HistAE-CeNN,3641,0.07899078888874791,0.18365187614686088,1.0,1.692241704750192,0.1587308418184323
force_step,Geo+D3-3HistAE-CeNN,3642,0.08199544722920274,0.20307911722214347,1.0,1.51004736710617,0.20628669373645003
force_step,Geo+D3-3HistAE-CeNN,3643,0.07534044491721215,0.18499012015793198,1.0,1.0874456326496105,0.15164448022711838
force_step,Geo+D3-3HistAE-CeNN,3644,0.08938541452719131,0.19981098876895437,1.0,1.4893700961947098,0.1825479294498075
force_step,Geo+D3-3HistAE-CeNN,3645,0.06634180759490445,0.16944413912892928,1.0,1.1984586886161688,0.16173929381260488
force_step,Geo+D3-3HistAE-CeNN,3646,0.07447999396795942,0.15979384346095657,1.0,1.4524119557147737,0.18840569003498459
force_step,Geo+D3-3HistAE-CeNN,3647,0.06495984494301563,0.16482172610588816,1.0,0.7013931898160439,0.16266652021441458
force_step,Geo+D3-3HistAE-CeNN,3648,0.08269760046504943,0.1826755596880522,1.0,1.2869096701970058,0.21918350341597845
force_step,Geo+D3-3HistAE-CeNN,3649,0.04950183425508955,0.12973412922666086,1.0,0.8390180375193372,0.17964474329023228
force_step,Geo+D3-3HistAE-CeNN,3650,0.05469775663766033,0.14091636963221332,1.0,0.6706877985429689,0.17898442370966205
force_step,Geo+D3-3HistAE-CeNN,3651,0.08104390297297014,0.1719599180979496,1.0,1.3853626284324643,0.2159939234477967
force_step,Geo+D3-3HistAE-CeNN,3652,0.09466690160001776,0.18792560868735286,1.0,1.8505835153264216,0.19716234974030183
force_step,Geo+D3-3HistAE-CeNN,3653,0.08043367757636058,0.19100964983407465,1.0,0.6885768245189455,0.15587757957379184
force_step,Geo+D3-3HistAE-CeNN,3654,0.090010504836848,0.18823497184235913,1.0,1.3066447238159422,0.23552498153364373
force_step,Geo+D3-3HistAE-CeNN,3655,0.05781160678090637,0.14588262605037583,1.0,0.8980290401566131,0.1777091188294268
force_step,Geo+D3-3HistAE-CeNN,3656,0.0931527117916637,0.19066395237351794,1.0,1.885006274455965,0.16821851484366393
force_step,Geo+D3-3HistAE-CeNN,3657,0.05757577792932864,0.15299727223943552,1.0,0.851492586291906,0.1718595635697336
force_step,Geo+D3-3HistAE-CeNN,3658,0.08295038399078068,0.18670974533085002,1.0,1.5714168624077876,0.2061064536928005
force_step,Geo+D3-3HistAE-CeNN,3659,0.06594165429502048,0.16800817626533365,1.0,1.0186240257087351,0.1778930180644562
force_step,Geo+D3-3HistAE-CeNN,3660,0.05869174810952016,0.1262778131947506,1.0,1.13983431416041,0.20659326998133087
force_step,Geo+D3-3HistAE-CeNN,3661,0.07591910371940024,0.1859269587281284,1.0,0.7305374058018913,0.16394652264216528
force_step,Geo+D3-3HistAE-CeNN,3662,0.04667135263673632,0.1186103271830706,1.0,0.8900695909289857,0.18819841486645764
force_step,Geo+D3-3HistAE-CeNN,3663,0.05144646642640098,0.12854556540100245,1.0,0.7760334015318119,0.18175338705118305
force_step,Geo+D3-3HistAE-CeNN,3664,0.08911599983686232,0.18805327229175564,1.0,1.6924720016959023,0.1710521778709368
force_step,Geo+D3-3HistAE-CeNN,3665,0.06637146752457716,0.1646205690207192,1.0,0.8625662726090356,0.1805548218514993
force_step,Geo+D3-3HistAE-CeNN,3666,0.07626163993302691,0.19020368335764828,1.0,1.3482220401269276,0.19385448487318752
force_step,Geo+D3-3HistAE-CeNN,3667,0.07353926323435761,0.15936660409202932,1.0,1.3696132754097932,0.17359406311173586
force_step,Geo+D3-3HistAE-CeNN,3668,0.11104998432503263,0.21821375551358618,1.0,1.6297796210026176,0.20401919449836764
force_step,Geo+D3-3HistAE-CeNN,3669,0.05527951630772188,0.14103775258454698,1.0,0.9130939421195832,0.17922544076718602
force_step,Geo+D3-3HistAE-CeNN,3670,0.07417397578313636,0.17131703230602086,1.0,0.9311129855671499,0.16072888487798886
force_step,Geo+D3-3HistAE-CeNN,3671,0.052559355257293626,0.13808149239315498,1.0,0.926331842862221,0.17697720218277815
force_step,Geo+D3-3HistAE-CeNN,3672,0.1010284775439819,0.22129622820938835,1.0,1.3234359605748058,0.16880749275642482
force_step,Geo+D3-3HistAE-CeNN,3673,0.0632644992494683,0.16594463335154347,1.0,1.100335830552723,0.17708652276017364
force_step,Geo+D3-3HistAE-CeNN,3674,0.06507645431144074,0.16983500158309514,1.0,1.1760503326704528,0.17636188372188139
force_step,Geo+D3-3HistAE-CeNN,3675,0.07378382432316674,0.17230826211494538,1.0,1.5174606864108433,0.18425684026192393
force_step,Geo+D3-3HistAE-CeNN,3676,0.051186919303387736,0.12508256985117888,1.0,1.0348632545490213,0.19374405907311615
force_step,Geo+D3-3HistAE-CeNN,3677,0.10396158078153983,0.2164879036747068,1.0,1.4366470981270045,0.2016175571272002
force_step,Geo+D3-3HistAE-CeNN,3678,0.06289044417180775,0.1582877279474884,1.0,1.233415179652396,0.17044488166699165
force_step,Geo+D3-3HistAE-CeNN,3679,0.050047363376540234,0.12905844542285363,1.0,0.9287950198836651,0.16619803456152724
force_step,Geo+D3-3HistAE-CeNN,3680,0.07675352282566704,0.18859414467821178,1.0,1.5600338795070263,0.17401423082454096
force_step,Geo+D3-3HistAE-CeNN,3681,0.04401108322919982,0.12323961048830047,1.0,0.7032517612400998,0.17569805223706153
force_step,Geo+D3-3HistAE-CeNN,3682,0.10811954808047299,0.2104895334759923,1.0,1.9434813072158403,0.19200425367246574
force_step,Geo+D3-3HistAE-CeNN,3683,0.08435465918653408,0.19769680043463364,1.0,0.8007960892570497,0.15692740098985106
force_step,Geo+D3-3HistAE-CeNN,3684,0.07597186515292,0.17072052330412857,1.0,0.9684389874990654,0.17267191376032967
force_step,Geo+D3-3HistAE-CeNN,3685,0.087730273401007,0.1887104099313821,1.0,0.7641739507178632,0.1645924097905737
force_step,Geo+D3-3HistAE-CeNN,3686,0.057950159967351776,0.14612643373590362,1.0,0.7128744090205551,0.17606412914098327
force_step,Geo+D3-3HistAE-CeNN,3687,0.06373009955339273,0.15435523089386255,1.0,1.226022804744273,0.2155169525500478
force_step,Geo+D3-3HistAE-CeNN,3688,0.07307510368568862,0.17524589104003033,1.0,1.3105898612184568,0.1684620837367
force_step,Geo+D3-3HistAE-CeNN,3689,0.05541669087924217,0.13109020831426343,1.0,1.056586507573939,0.19845556825066102
force_step,Geo+D3-3HistAE-CeNN,3690,0.07545873077652596,0.16319093343782948,1.0,0.9469623696973758,0.1765738062784529
force_step,Geo+D3-3HistAE-CeNN,3691,0.05832663731400262,0.1442456628222762,1.0,0.9950447041745794,0.17390023759428333
force_step,Geo+D3-3HistAE-CeNN,3692,0.09292193173067584,0.20855836464821456,1.0,1.17582488213149,0.17398140401411852
force_step,Geo+D3-3HistAE-CeNN,3693,0.10694777091004341,0.2217228094530706,1.0,1.875471061215607,0.18511673044959942
force_step,Geo+D3-3HistAE-CeNN,3694,0.05945254130622927,0.14759485618411006,1.0,0.8543254956112915,0.17745647922387683
force_step,Geo+D3-3HistAE-CeNN,3695,0.09232649539558954,0.2061800752922953,1.0,1.1214036795645705,0.17212327958907434
force_step,Geo+D3-3HistAE-CeNN,3696,0.05657037519772909,0.13932239085000958,1.0,0.7858237949390314,0.1780064192570311
force_step,Geo+D3-3HistAE-CeNN,3697,0.059322079310911435,0.14616784280418282,1.0,1.065721137756781,0.19777408461472196
force_step,Geo+D3-3HistAE-CeNN,3698,0.05692710764480461,0.1405168103349975,1.0,0.987372419816497,0.18550589607151652
force_step,Geo+D3-3HistAE-CeNN,3699,0.05923690348428072,0.15946565188128933,1.0,1.1052552382105474,0.16794262875597846
force_step,Geo+D3-10HistAE-CeNN,3600,0.09048289398978125,0.2100175121483944,1.0,1.5704593721826463,0.12525526105036336
force_step,Geo+D3-10HistAE-CeNN,3601,0.06065990917636288,0.1635955951060651,1.0,1.3645070136626722,0.12531999885817469
force_step,Geo+D3-10HistAE-CeNN,3602,0.07773534400131948,0.18945100400548937,1.0,0.7258412024954907,0.12524970481092582
force_step,Geo+D3-10HistAE-CeNN,3603,0.08881039351012686,0.184033190722153,1.0,1.281538792245502,0.12530004847632867
force_step,Geo+D3-10HistAE-CeNN,3604,0.06153988959810212,0.1642759228636562,1.0,1.3167989858579456,0.12528174842270978
force_step,Geo+D3-10HistAE-CeNN,3605,0.0938931018968154,0.21066432363404453,1.0,1.938994799135493,0.1253024452910078
force_step,Geo+D3-10HistAE-CeNN,3606,0.1013549757106098,0.20147420265120186,1.0,1.6445411378734465,0.12516534874527177
force_step,Geo+D3-10HistAE-CeNN,3607,0.0959369562607905,0.2059855101414347,1.0,1.8686017719738126,0.1253085267475744
force_step,Geo+D3-10HistAE-CeNN,3608,0.055961926075352296,0.15493123026710484,1.0,0.8938359920652794,0.1253865076341108
force_step,Geo+D3-10HistAE-CeNN,3609,0.07913090181897658,0.17148670118336287,1.0,1.4559244233180375,0.12544032311273276
force_step,Geo+D3-10HistAE-CeNN,3610,0.07656182674494698,0.1732807000154828,1.0,0.6634365954912294,0.12547693116761996
force_step,Geo+D3-10HistAE-CeNN,3611,0.09154688124069081,0.17771992805052944,1.0,1.7690120977430734,0.12522315748576182
force_step,Geo+D3-10HistAE-CeNN,3612,0.05024948216199995,0.13689812445161292,1.0,0.7336388581554089,0.1254353732979358
force_step,Geo+D3-10HistAE-CeNN,3613,0.07064620269487597,0.18247025566038358,1.0,1.4539358859196883,0.12536725812760827
force_step,Geo+D3-10HistAE-CeNN,3614,0.09667536353995841,0.1973773783606849,1.0,1.365321467466384,0.12534273220027148
force_step,Geo+D3-10HistAE-CeNN,3615,0.07150283353684009,0.1579225425570671,1.0,1.030866506490974,0.12546406670578458
force_step,Geo+D3-10HistAE-CeNN,3616,0.06278650500745026,0.1556755601486196,1.0,1.3906307159579452,0.12543019708363443
force_step,Geo+D3-10HistAE-CeNN,3617,0.048053367139073475,0.13602608303931304,1.0,1.1952651031151036,0.12530257728692362
force_step,Geo+D3-10HistAE-CeNN,3618,0.07067471744900528,0.18401236777543867,1.0,1.2169182414522266,0.1253106948881775
force_step,Geo+D3-10HistAE-CeNN,3619,0.09363559864461454,0.20006957006279918,1.0,1.8884657085448668,0.1253817430122248
force_step,Geo+D3-10HistAE-CeNN,3620,0.08438854272001432,0.18313688939432085,1.0,1.3192014285541793,0.12537939826722033
force_step,Geo+D3-10HistAE-CeNN,3621,0.060093938008692525,0.1601560726011516,1.0,0.7846478055495274,0.12542517575135476
force_step,Geo+D3-10HistAE-CeNN,3622,0.0584898531711905,0.15572561276182098,1.0,0.7026178220741426,0.12540126238107943
force_step,Geo+D3-10HistAE-CeNN,3623,0.09966934707635945,0.1917645348636519,1.0,1.7657112322321495,0.12533139943632138
force_step,Geo+D3-10HistAE-CeNN,3624,0.08270528824369372,0.1939996953376408,1.0,1.1711323990440123,0.12540934626193417
force_step,Geo+D3-10HistAE-CeNN,3625,0.08205611918493956,0.1708651649231506,1.0,0.6934952116560653,0.1253240355232389
force_step,Geo+D3-10HistAE-CeNN,3626,0.08934321841952295,0.19680440532119525,1.0,1.306265539195026,0.12534047150971195
force_step,Geo+D3-10HistAE-CeNN,3627,0.06683828286640253,0.17659175191076365,1.0,0.9611009845982501,0.1252363364430081
force_step,Geo+D3-10HistAE-CeNN,3628,0.053887218983832814,0.14344727557478698,1.0,1.285675313528227,0.1253486422241472
force_step,Geo+D3-10HistAE-CeNN,3629,0.07688288419338865,0.1807701405191082,1.0,0.7274126361057794,0.12540580276284155
force_step,Geo+D3-10HistAE-CeNN,3630,0.04601661567858704,0.13356655290249986,1.0,0.8106126239582877,0.12533204224499603
force_step,Geo+D3-10HistAE-CeNN,3631,0.06862059679247974,0.17022743179704689,1.0,1.1000914562516342,0.12524935891833144
force_step,Geo+D3-10HistAE-CeNN,3632,0.083713401820676,0.19343545681511762,1.0,1.4172335153260855,0.12536266670954277
force_step,Geo+D3-10HistAE-CeNN,3633,0.05433788640316247,0.13901800413528348,1.0,1.3035525691760563,0.12535818411718747
force_step,Geo+D3-10HistAE-CeNN,3634,0.055107554939978425,0.1492694147476153,1.0,0.7899480669733675,0.1252936890883197
force_step,Geo+D3-10HistAE-CeNN,3635,0.061725485444298775,0.16671304905443768,1.0,1.2461451092674969,0.12532839857809408
force_step,Geo+D3-10HistAE-CeNN,3636,0.04785917408570112,0.1378971923216903,1.0,0.6746745283544267,0.12520069297442218
force_step,Geo+D3-10HistAE-CeNN,3637,0.07670743104193889,0.18838626590095772,1.0,1.4107831902035906,0.1253664912964428
force_step,Geo+D3-10HistAE-CeNN,3638,0.08456994166640229,0.19325085490678295,1.0,1.1542138136301976,0.12525733772083852
force_step,Geo+D3-10HistAE-CeNN,3639,0.050384628661558455,0.1341234717341232,1.0,0.8531647832624722,0.12533121972811
force_step,Geo+D3-10HistAE-CeNN,3640,0.04941654634436897,0.13585110246436102,1.0,0.7100684450312178,0.12525268866941783
force_step,Geo+D3-10HistAE-CeNN,3641,0.07120311981170634,0.1764096199511699,1.0,1.6323920225005104,0.12536510129685072
force_step,Geo+D3-10HistAE-CeNN,3642,0.07204097354301164,0.18579771114438587,1.0,1.503125548292069,0.1252244551650736
force_step,Geo+D3-10HistAE-CeNN,3643,0.07216921919664074,0.17736561379534108,1.0,1.0818720699966329,0.12538621883674514
force_step,Geo+D3-10HistAE-CeNN,3644,0.08248381594569824,0.19166126650266568,1.0,1.472122554561691,0.12527793049368494
force_step,Geo+D3-10HistAE-CeNN,3645,0.06251884497727161,0.16263261166305282,1.0,1.1745012427856896,0.125231653413147
force_step,Geo+D3-10HistAE-CeNN,3646,0.07280291744884944,0.1655241257104495,1.0,1.388363632866012,0.1254010974104894
force_step,Geo+D3-10HistAE-CeNN,3647,0.06672703232782076,0.17251762444417668,1.0,0.6876656729255997,0.12531041392176764
force_step,Geo+D3-10HistAE-CeNN,3648,0.07576054771314016,0.1672252433482985,1.0,1.2551183740306935,0.12530501678262418
force_step,Geo+D3-10HistAE-CeNN,3649,0.04942982194364596,0.13867248465876117,1.0,0.8309179243178264,0.12526495595164777
force_step,Geo+D3-10HistAE-CeNN,3650,0.05806283887962963,0.15653259912694,1.0,0.6582112148596417,0.12532412730888218
force_step,Geo+D3-10HistAE-CeNN,3651,0.0763267080941266,0.16599625572394297,1.0,1.327245315095246,0.12546427395485032
force_step,Geo+D3-10HistAE-CeNN,3652,0.08868225580688249,0.1852008764431398,1.0,1.7876520923501467,0.12533596681638476
force_step,Geo+D3-10HistAE-CeNN,3653,0.08050660722663483,0.1891554166657468,1.0,0.6801345234174349,0.12534068131921358
force_step,Geo+D3-10HistAE-CeNN,3654,0.08131335744088468,0.16933222350555524,1.0,1.2648849252550494,0.1254282901930876
force_step,Geo+D3-10HistAE-CeNN,3655,0.05921118246830844,0.15588010834204472,1.0,0.8929964831734208,0.12537060488004229
force_step,Geo+D3-10HistAE-CeNN,3656,0.08711223892706942,0.18784061124119972,1.0,1.822139891025303,0.1253462541129676
force_step,Geo+D3-10HistAE-CeNN,3657,0.05761167022212913,0.15786864469945663,1.0,0.850417560296668,0.12542374876128684
force_step,Geo+D3-10HistAE-CeNN,3658,0.07411990156051167,0.17040984396088735,1.0,1.5302561143837137,0.12532829284900346
force_step,Geo+D3-10HistAE-CeNN,3659,0.06215544204299358,0.16572401857264268,1.0,1.0025604188098607,0.1253240541637993
force_step,Geo+D3-10HistAE-CeNN,3660,0.05313199855950568,0.1235085041608639,1.0,1.1050162663544902,0.12545768077065014
force_step,Geo+D3-10HistAE-CeNN,3661,0.0773413595165511,0.19021294485440673,1.0,0.7242408803131614,0.12521842510814593
force_step,Geo+D3-10HistAE-CeNN,3662,0.04477385582375116,0.12478920683074272,1.0,0.8757574526665305,0.1253935588844823
force_step,Geo+D3-10HistAE-CeNN,3663,0.052164188686427033,0.14065290660082008,1.0,0.7739847221103866,0.12547888043330183
force_step,Geo+D3-10HistAE-CeNN,3664,0.08744995911227027,0.19327361432433365,1.0,1.629563034739126,0.12522309248756713
force_step,Geo+D3-10HistAE-CeNN,3665,0.06803716801396356,0.17125014564490715,1.0,0.8632400855800884,0.12531186207725054
force_step,Geo+D3-10HistAE-CeNN,3666,0.06932931117046731,0.18021184874348928,1.0,1.333205093916173,0.12533009676205578
force_step,Geo+D3-10HistAE-CeNN,3667,0.07135609635757634,0.1631784974520189,1.0,1.3218646660855873,0.12544553757500468
force_step,Geo+D3-10HistAE-CeNN,3668,0.10335916217782865,0.20552891757480876,1.0,1.6258095904988557,0.12529213421277144
force_step,Geo+D3-10HistAE-CeNN,3669,0.0538143985245521,0.14613774367330698,1.0,0.9005340670424073,0.12532529977817347
force_step,Geo+D3-10HistAE-CeNN,3670,0.07415617840011615,0.17017158363238447,1.0,0.9399775296655254,0.1253441043187764
force_step,Geo+D3-10HistAE-CeNN,3671,0.04727236583634161,0.13062255563544864,1.0,0.9307123975238897,0.12533389525349334
force_step,Geo+D3-10HistAE-CeNN,3672,0.09488541959710511,0.21197994286925106,1.0,1.3198388331367958,0.1252482232914435
force_step,Geo+D3-10HistAE-CeNN,3673,0.059590827022762693,0.1653063845346916,1.0,1.0859619222091434,0.1251704142268025
force_step,Geo+D3-10HistAE-CeNN,3674,0.06178931607826766,0.1675000320316322,1.0,1.1508174253618912,0.12544707292910864
force_step,Geo+D3-10HistAE-CeNN,3675,0.06554075101105584,0.16081614131312125,1.0,1.4789783237232095,0.12533719523388306
force_step,Geo+D3-10HistAE-CeNN,3676,0.047011199166253535,0.12321444750413604,1.0,1.0119208390668915,0.12538295090941218
force_step,Geo+D3-10HistAE-CeNN,3677,0.10085902801660847,0.21650209760173297,1.0,1.4178431770766227,0.12530912051529533
force_step,Geo+D3-10HistAE-CeNN,3678,0.05829830627223257,0.15593949773798044,1.0,1.2020973852304846,0.12536105039966722
force_step,Geo+D3-10HistAE-CeNN,3679,0.050169124235843084,0.13693780392569396,1.0,0.9161180481224069,0.1253516493355158
force_step,Geo+D3-10HistAE-CeNN,3680,0.07032640695775177,0.18102207569995465,1.0,1.5190261669210579,0.12529766177562152
force_step,Geo+D3-10HistAE-CeNN,3681,0.04616459820954522,0.13722303298587524,1.0,0.6976103834859303,0.12533784898813363
force_step,Geo+D3-10HistAE-CeNN,3682,0.10055293049018094,0.19952088335950652,1.0,1.9051754492056914,0.1253059693286962
force_step,Geo+D3-10HistAE-CeNN,3683,0.08145076812230398,0.19068996586049766,1.0,0.8066352926804141,0.12527477479219887
force_step,Geo+D3-10HistAE-CeNN,3684,0.07480751937052886,0.1692678597920845,1.0,0.9762905818480437,0.1254375568494209
force_step,Geo+D3-10HistAE-CeNN,3685,0.08872365640964755,0.19332605318477092,1.0,0.7657462001994597,0.1252269322424414
force_step,Geo+D3-10HistAE-CeNN,3686,0.06278570705154037,0.16255549688729629,1.0,0.7061832488286665,0.12523181639676503
force_step,Geo+D3-10HistAE-CeNN,3687,0.05758997725473899,0.14599772031273714,1.0,1.1843833223492417,0.1253206489602621
force_step,Geo+D3-10HistAE-CeNN,3688,0.07084069148444318,0.17462670035867298,1.0,1.2964408213782765,0.12532573575796835
force_step,Geo+D3-10HistAE-CeNN,3689,0.05137127264742567,0.13106167205607977,1.0,1.0319708277871373,0.1253350416359961
force_step,Geo+D3-10HistAE-CeNN,3690,0.0777566647773178,0.17314563100214087,1.0,0.9399076869748099,0.12542660054855184
force_step,Geo+D3-10HistAE-CeNN,3691,0.057130463885398546,0.15078101789968038,1.0,0.9792511377773883,0.12542235139761235
force_step,Geo+D3-10HistAE-CeNN,3692,0.08997979333357936,0.2075797356039135,1.0,1.1583794606725242,0.12516899861528488
force_step,Geo+D3-10HistAE-CeNN,3693,0.09595587399065832,0.20470708080988068,1.0,1.8467809017826076,0.1253513641887725
force_step,Geo+D3-10HistAE-CeNN,3694,0.06112435331689811,0.15788494353791951,1.0,0.848291162817041,0.12530248919123643
force_step,Geo+D3-10HistAE-CeNN,3695,0.08966697548197929,0.2054542873453902,1.0,1.1114301950190986,0.12520272854249404
force_step,Geo+D3-10HistAE-CeNN,3696,0.05501142644651296,0.14251481409218159,1.0,0.7779409697296019,0.12539229544857078
force_step,Geo+D3-10HistAE-CeNN,3697,0.05707491914757398,0.14712330949840302,1.0,1.0299509609463733,0.12546603112219862
force_step,Geo+D3-10HistAE-CeNN,3698,0.057017189971451936,0.14836178143237186,1.0,0.9631635542331701,0.12534231549984295
force_step,Geo+D3-10HistAE-CeNN,3699,0.05659545821022016,0.1555656420322125,1.0,1.0807168091259145,0.12531168491527692
model20,LQR-outer,3600,0.009661518714175086,0.014920408075570043,1.0,0.8035272880162949,0.0
model20,LQR-outer,3601,0.03412947088830848,0.04767711371768896,1.0,0.530669015572611,0.0
model20,LQR-outer,3602,0.030377352615194746,0.03810713726095692,1.0,1.1681665522862295,0.0
model20,LQR-outer,3603,0.01528349867146101,0.020955658597905796,1.0,0.9079284635640841,0.0
model20,LQR-outer,3604,0.037834568940042036,0.05388098019175892,1.0,0.5728831874190813,0.0
model20,LQR-outer,3605,0.03182169851514285,0.043917889134062804,1.0,0.5377371131292528,0.0
model20,LQR-outer,3606,0.025122381902400664,0.03636342181359548,1.0,0.6555143191062487,0.0
model20,LQR-outer,3607,0.02120732795819921,0.024124004253129425,1.0,0.9778012112134638,0.0
model20,LQR-outer,3608,0.010936134804228849,0.01751484618780241,1.0,0.7976458280854695,0.0
model20,LQR-outer,3609,0.04481709858654976,0.06274659627412933,1.0,0.41988471535093636,0.0
model20,LQR-outer,3610,0.02351447859404533,0.03609424031363628,1.0,0.9524024668225837,0.0
model20,LQR-outer,3611,0.018296124416051857,0.03302450693202956,1.0,0.7405226968341708,0.0
model20,LQR-outer,3612,0.04062709140015749,0.04501338851307324,1.0,1.2382918856020895,0.0
model20,LQR-outer,3613,0.038505177615845446,0.05260695950316715,1.0,1.354975029511222,0.0
model20,LQR-outer,3614,0.027566476627831557,0.04033402278430337,1.0,0.8970436189563131,0.0
model20,LQR-outer,3615,0.024287293644764937,0.03077887817751195,1.0,0.6571516042037092,0.0
model20,LQR-outer,3616,0.04073195402149598,0.0505434297076011,1.0,1.3903392423624032,0.0
model20,LQR-outer,3617,0.04637638611190206,0.059026273520369765,1.0,1.4608058546597191,0.0
model20,LQR-outer,3618,0.010111116265565542,0.014746210907695904,1.0,0.8133355077892911,0.0
model20,LQR-outer,3619,0.02611752668060956,0.03728036834843199,1.0,0.7583196294786068,0.0
model20,LQR-outer,3620,0.018076420835637538,0.022231606323000076,1.0,0.8685027550395287,0.0
model20,LQR-outer,3621,0.021108651810142175,0.03036471624605284,1.0,0.9974846919989767,0.0
model20,LQR-outer,3622,0.024927914058275272,0.035584848513899224,1.0,0.9882199811212922,0.0
model20,LQR-outer,3623,0.05120907591829908,0.06586437774191341,1.0,1.4994986630207878,0.0
model20,LQR-outer,3624,0.01698070684651471,0.024683937075174873,1.0,0.7790506729848414,0.0
model20,LQR-outer,3625,0.027987217095264128,0.03480790534268572,1.0,1.1920147850434963,0.0
model20,LQR-outer,3626,0.018283171494778285,0.024960845518679144,1.0,0.8966349625321394,0.0
model20,LQR-outer,3627,0.012691267771705265,0.014647038249705206,1.0,0.8822168810268591,0.0
model20,LQR-outer,3628,0.02647157562004493,0.0373266633140338,1.0,1.0484568698877035,0.0
model20,LQR-outer,3629,0.02803078258811712,0.040888292431943245,1.0,0.5793744978581498,0.0
model20,LQR-outer,3630,0.029978120230723847,0.04700694418577487,1.0,0.5350724503242389,0.0
model20,LQR-outer,3631,0.023604820177327707,0.0308133254378827,1.0,0.6432952138405991,0.0
model20,LQR-outer,3632,0.029313921901605925,0.04154490162135729,1.0,0.5606875318349752,0.0
model20,LQR-outer,3633,0.024307703510132037,0.03421807332366089,1.0,0.8136577738870419,0.0
model20,LQR-outer,3634,0.04024816073226556,0.057209572902927754,1.0,0.5106716825540525,0.0
model20,LQR-outer,3635,0.03815445722809514,0.05337986719896969,1.0,0.4804813810935942,0.0
model20,LQR-outer,3636,0.018070704857766275,0.024274855013304283,1.0,0.6951708722002475,0.0
model20,LQR-outer,3637,0.043096242542055394,0.05066766498847727,1.0,1.3379392678407322,0.0
model20,LQR-outer,3638,0.01641394727602204,0.022742663102541666,1.0,0.7541209621697437,0.0
model20,LQR-outer,3639,0.013552596356860598,0.020483554275820697,1.0,0.7558074782271206,0.0
model20,LQR-outer,3640,0.01673115457937097,0.022728213173251834,1.0,1.0053672708020103,0.0
model20,LQR-outer,3641,0.01721253534901027,0.030824725251396477,1.0,0.6835955858658983,0.0
model20,LQR-outer,3642,0.020203143018364476,0.02556105196037779,1.0,1.096960599086632,0.0
model20,LQR-outer,3643,0.010083761262967087,0.018356018957441,1.0,0.8034320700402882,0.0
model20,LQR-outer,3644,0.020979201560186688,0.035336117827941,1.0,0.9425375918266481,0.0
model20,LQR-outer,3645,0.014688318537429879,0.017447770878568716,1.0,0.9237646568828498,0.0
model20,LQR-outer,3646,0.0254151362161895,0.029467183209674973,1.0,1.1301705721372626,0.0
model20,LQR-outer,3647,0.03796149637093046,0.05255042138890754,1.0,0.5210225204478149,0.0
model20,LQR-outer,3648,0.017344205817620695,0.02414146210488994,1.0,1.0654312446224714,0.0
model20,LQR-outer,3649,0.017401340224997574,0.028297576164850444,1.0,0.9542124626180596,0.0
model20,LQR-outer,3650,0.0341335780541808,0.04318018050293153,1.0,1.27079086745605,0.0
model20,LQR-outer,3651,0.017897046952505956,0.031856409452336046,1.0,0.798177174884042,0.0
model20,LQR-outer,3652,0.03300513061521983,0.03739142300518992,1.0,1.1685047906923942,0.0
model20,LQR-outer,3653,0.027438645652152083,0.0390024179141632,1.0,1.190488008623268,0.0
model20,LQR-outer,3654,0.007116548023034987,0.012337521290408073,1.0,0.8956571650761118,0.0
model20,LQR-outer,3655,0.04122675008774001,0.058449395334574564,1.0,0.4698307511058149,0.0
model20,LQR-outer,3656,0.015048121480459765,0.02815122227614634,1.0,0.7597554667436383,0.0
model20,LQR-outer,3657,0.013667818110681155,0.02309124632305111,1.0,0.727682179671669,0.0
model20,LQR-outer,3658,0.027700987342191105,0.03520962930764071,1.0,1.1413150187241723,0.0
model20,LQR-outer,3659,0.0196350027182823,0.025971681165961713,1.0,0.7604239140367015,0.0
model20,LQR-outer,3660,0.030214983673838566,0.04335182613399034,1.0,0.6101243151932867,0.0
model20,LQR-outer,3661,0.01258158897006703,0.019048250610588385,1.0,0.7702663889539385,0.0
model20,LQR-outer,3662,0.025834031607437743,0.04533254408463681,1.0,0.6682938994433056,0.0
model20,LQR-outer,3663,0.038543946280204064,0.054149816669609795,1.0,1.4232912862044176,0.0
model20,LQR-outer,3664,0.03694681747100385,0.05453221380791004,1.0,0.46594073519295487,0.0
model20,LQR-outer,3665,0.01697656186043216,0.021849009042266932,1.0,1.0448878634894578,0.0
model20,LQR-outer,3666,0.022152343481950148,0.031300451420459174,1.0,0.655597773668113,0.0
model20,LQR-outer,3667,0.042475852012974866,0.06088169892244259,1.0,0.42758518784186433,0.0
model20,LQR-outer,3668,0.0241101494610916,0.036376252843000556,1.0,0.5968175122871696,0.0
model20,LQR-outer,3669,0.03017350445427749,0.03712573398035204,1.0,1.2132196671796025,0.0
model20,LQR-outer,3670,0.01858904728850409,0.02702902399840055,1.0,0.783475959486131,0.0
model20,LQR-outer,3671,0.02977617115365737,0.04076300442658662,1.0,1.1350075460146176,0.0
model20,LQR-outer,3672,0.011932104095542946,0.01368497441664664,1.0,0.9234820221910333,0.0
model20,LQR-outer,3673,0.02929335135855409,0.04270220740295247,1.0,0.545934395506068,0.0
model20,LQR-outer,3674,0.029501872024257896,0.03232048243297733,1.0,1.1075732956138435,0.0
model20,LQR-outer,3675,0.03379793990432713,0.04716746431340413,1.0,0.511752071549718,0.0
model20,LQR-outer,3676,0.021063649688655636,0.035690801014962546,1.0,0.8944471184663557,0.0
model20,LQR-outer,3677,0.04138633717354288,0.052528002456474106,1.0,1.3812689223616152,0.0
model20,LQR-outer,3678,0.018667364947231584,0.030569359286926646,1.0,0.7804654294191673,0.0
model20,LQR-outer,3679,0.02366376974084377,0.02658780053272706,1.0,1.0161805401598154,0.0
model20,LQR-outer,3680,0.015279624603206428,0.02134865432296262,1.0,0.8951824249084265,0.0
model20,LQR-outer,3681,0.02557214217101558,0.03685377476389105,1.0,0.7732285984984553,0.0
model20,LQR-outer,3682,0.016413380445807903,0.024544697420126136,1.0,0.7151983503511128,0.0
model20,LQR-outer,3683,0.029425581005390163,0.04366467782749631,1.0,0.603173037749187,0.0
model20,LQR-outer,3684,0.024965624476069172,0.03342835102838749,1.0,0.8609562411368722,0.0
model20,LQR-outer,3685,0.017200089494900397,0.029999936752911776,1.0,0.9411910977099663,0.0
model20,LQR-outer,3686,0.022373872770490657,0.030873320116203265,1.0,0.6796329682763549,0.0
model20,LQR-outer,3687,0.018243158523499916,0.024451570626269323,1.0,0.9727412376043049,0.0
model20,LQR-outer,3688,0.014358266043180194,0.028482233661378014,1.0,0.7201728452184388,0.0
model20,LQR-outer,3689,0.021951224765860453,0.030541021636504368,1.0,0.843176936772008,0.0
model20,LQR-outer,3690,0.03190749712619754,0.04830581887856849,1.0,0.5715850340239033,0.0
model20,LQR-outer,3691,0.008265424063027776,0.010649246133094153,1.0,0.8886078131703188,0.0
model20,LQR-outer,3692,0.041391234432771463,0.059437211652025104,1.0,0.4361849400732982,0.0
model20,LQR-outer,3693,0.03006002901316414,0.038481097104652154,1.0,1.2329014850018443,0.0
model20,LQR-outer,3694,0.01405139006531796,0.02499605235837896,1.0,0.9293195845145651,0.0
model20,LQR-outer,3695,0.011611985305721268,0.018202861003809565,1.0,0.8142018887049394,0.0
model20,LQR-outer,3696,0.012148283116044432,0.022198992140541402,1.0,0.7423419487792862,0.0
model20,LQR-outer,3697,0.010908519063617509,0.020682755600536843,1.0,0.8493704884061437,0.0
model20,LQR-outer,3698,0.01472284199099908,0.020412946958729878,1.0,0.7778738158500816,0.0
model20,LQR-outer,3699,0.0442455804477249,0.0610263152469199,1.0,0.44921933062814035,0.0
model20,Geo+AE-CeNN,3600,0.011735145124158974,0.018104718234746072,1.0,0.8059570857430003,0.039527675893908196
model20,Geo+AE-CeNN,3601,0.0417006414855708,0.059928798220055306,1.0,0.5318774667815283,0.04084860638477218
model20,Geo+AE-CeNN,3602,0.038859205332212904,0.0502833472105852,1.0,1.1711027817890585,0.0378761507110163
model20,Geo+AE-CeNN,3603,0.019577403275399054,0.02241374351125631,1.0,0.9115024503162115,0.03959680776194974
model20,Geo+AE-CeNN,3604,0.047509323684060537,0.068207384703149,1.0,0.5737580122176632,0.04137435774674974
model20,Geo+AE-CeNN,3605,0.038489305875851414,0.05406121173189956,1.0,0.5367541684243381,0.040246146316442875
model20,Geo+AE-CeNN,3606,0.027206459361162574,0.0397903599250142,1.0,0.6583947068042064,0.03949990118979629
model20,Geo+AE-CeNN,3607,0.02608894519180101,0.0304574425072134,1.0,0.9826670023492278,0.03860664067685579
model20,Geo+AE-CeNN,3608,0.012059465342944218,0.017749201266788094,1.0,0.7976577477227793,0.0388752105217279
model20,Geo+AE-CeNN,3609,0.05583125986581535,0.07860458714888999,1.0,0.4180234688422891,0.04124758013289853
model20,Geo+AE-CeNN,3610,0.026168019567443104,0.036356866838234025,1.0,0.9568715619172709,0.039131231528246234
model20,Geo+AE-CeNN,3611,0.02219165010216338,0.040125868770544956,1.0,0.7429203691990267,0.03909445327814457
model20,Geo+AE-CeNN,3612,0.04982897948910419,0.05813375340150833,1.0,1.2467012864056,0.03759054382659171
model20,Geo+AE-CeNN,3613,0.0508917427418792,0.07044778276147642,1.0,1.3601436123154353,0.037987080019915576
model20,Geo+AE-CeNN,3614,0.03368158783901583,0.05256412005110646,1.0,0.8997086274815336,0.040033331089670304
model20,Geo+AE-CeNN,3615,0.02792929542889738,0.03776709204154142,1.0,0.6592600363445333,0.03997088546175038
model20,Geo+AE-CeNN,3616,0.05319666216399749,0.06848869090817311,1.0,1.397263882005636,0.03904858384196542
model20,Geo+AE-CeNN,3617,0.059313834122105974,0.07895240184647541,1.0,1.4632440975654022,0.038772567366673845
model20,Geo+AE-CeNN,3618,0.012822524318637805,0.01635791205033125,1.0,0.8164526230536034,0.03929804155820078
model20,Geo+AE-CeNN,3619,0.03198592081629663,0.04745106954127449,1.0,0.7588724888239822,0.04050140444675567
model20,Geo+AE-CeNN,3620,0.022389925290615915,0.02701391459503876,1.0,0.8706368042673776,0.03854491310678574
model20,Geo+AE-CeNN,3621,0.025365230676524984,0.030365173041536162,1.0,1.0019460819466284,0.038948900057922904
model20,Geo+AE-CeNN,3622,0.030545654790658135,0.03562255891047906,1.0,0.992003103798508,0.038362099614662075
model20,Geo+AE-CeNN,3623,0.06581802679419466,0.08668279504990903,1.0,1.5107596937418053,0.03762845767124779
model20,Geo+AE-CeNN,3624,0.0211241968761209,0.030977905722764102,1.0,0.7815604330517878,0.039860960149492884
model20,Geo+AE-CeNN,3625,0.03595881060559893,0.046216631026145295,1.0,1.1970944160827557,0.038049528378052824
model20,Geo+AE-CeNN,3626,0.021803940900402486,0.03268582371987658,1.0,0.8997643629237729,0.03979849270502256
model20,Geo+AE-CeNN,3627,0.015795571618570925,0.01837547910442621,1.0,0.8865872454761418,0.03927520094584583
model20,Geo+AE-CeNN,3628,0.031894085606839484,0.03773575536896781,1.0,1.0510754501880524,0.038775023492763606
model20,Geo+AE-CeNN,3629,0.03283593799100306,0.049350376525600405,1.0,0.5804200515389998,0.039446035156656664
model20,Geo+AE-CeNN,3630,0.03622778052680649,0.0575733667245614,1.0,0.5359067789374586,0.03995818724089241
model20,Geo+AE-CeNN,3631,0.027929291672995318,0.03712324213606195,1.0,0.6427730056551185,0.04010922124945279
model20,Geo+AE-CeNN,3632,0.035476037439001885,0.05157659631082267,1.0,0.5618194811566671,0.04067384650510454
model20,Geo+AE-CeNN,3633,0.030554223599163332,0.04436470005781133,1.0,0.8159497143221983,0.04050194467212267
model20,Geo+AE-CeNN,3634,0.05015142404304798,0.07214101365426895,1.0,0.5110821222204052,0.04148253391008445
model20,Geo+AE-CeNN,3635,0.046958552656026144,0.06688161820552584,1.0,0.480522954519603,0.04092192643073076
model20,Geo+AE-CeNN,3636,0.02078074074266975,0.028879985649988806,1.0,0.6960931940949159,0.03964334159052708
model20,Geo+AE-CeNN,3637,0.05450680847352038,0.0666030299758348,1.0,1.3459105062204957,0.03812496241633572
model20,Geo+AE-CeNN,3638,0.020067765611704584,0.028442252365781975,1.0,0.7556869224605158,0.039922195633088256
model20,Geo+AE-CeNN,3639,0.016469066574209962,0.024941495824637564,1.0,0.7582915448558133,0.03979640552693249
model20,Geo+AE-CeNN,3640,0.02227314929913038,0.030812114158955562,1.0,1.0089785500716328,0.03832156877748984
model20,Geo+AE-CeNN,3641,0.02064851646730209,0.036590228344363436,1.0,0.6844592934132385,0.03921790459901538
model20,Geo+AE-CeNN,3642,0.027208514127666603,0.03499417030166166,1.0,1.0998483297188464,0.038498940877005755
model20,Geo+AE-CeNN,3643,0.010945154862827098,0.018356506290859144,1.0,0.8047880783905286,0.03929626127485548
model20,Geo+AE-CeNN,3644,0.022919761722694956,0.03545323424230783,1.0,0.9460168125045686,0.03831039963210884
model20,Geo+AE-CeNN,3645,0.01825434155419113,0.020781708970177896,1.0,0.9274529443666792,0.03951270745461631
model20,Geo+AE-CeNN,3646,0.03353468437115495,0.041340078300338555,1.0,1.1346862844171124,0.03939555691552428
model20,Geo+AE-CeNN,3647,0.047376885808167964,0.06634069214451246,1.0,0.5208433481398106,0.04139949484705859
model20,Geo+AE-CeNN,3648,0.02407098313804514,0.033274572513680205,1.0,1.0704204921708813,0.038487922434828584
model20,Geo+AE-CeNN,3649,0.021216612804678306,0.028297895572252412,1.0,0.9575224197563112,0.03930405257853579
model20,Geo+AE-CeNN,3650,0.04412765390108058,0.05745346521648522,1.0,1.2767469366990853,0.03819286568220594
model20,Geo+AE-CeNN,3651,0.01897821465812856,0.031856350559942515,1.0,0.8020350706890774,0.03896868277121042
model20,Geo+AE-CeNN,3652,0.040969218370325286,0.049465348710388886,1.0,1.1737114017085775,0.038573230752382136
model20,Geo+AE-CeNN,3653,0.03611370162873086,0.054589258735737806,1.0,1.191278379963216,0.0395353234052933
model20,Geo+AE-CeNN,3654,0.011687423945255668,0.015337010699849865,1.0,0.8984930159290525,0.038916042376426534
model20,Geo+AE-CeNN,3655,0.05151664006159073,0.0733309847532857,1.0,0.4696831725112805,0.04145911362898416
model20,Geo+AE-CeNN,3656,0.017105464707308622,0.02815066692869543,1.0,0.7624209255616261,0.03970159920405385
model20,Geo+AE-CeNN,3657,0.01703849652674408,0.02893800222092083,1.0,0.7306782929262053,0.0401699687736679
model20,Geo+AE-CeNN,3658,0.03646752680013053,0.04707772796135215,1.0,1.1472740177679595,0.03806345209523055
model20,Geo+AE-CeNN,3659,0.02359517625827375,0.03209061821253018,1.0,0.7623730033386423,0.039808754111966285
model20,Geo+AE-CeNN,3660,0.03758578847482311,0.054699920081573025,1.0,0.610891749137815,0.04083115876272571
model20,Geo+AE-CeNN,3661,0.014875877929937983,0.02182141409527657,1.0,0.7714872364925782,0.039388091994603865
model20,Geo+AE-CeNN,3662,0.028530793084730326,0.04533277035514101,1.0,0.6702427655998042,0.039290852302608544
model20,Geo+AE-CeNN,3663,0.050898702548644516,0.07391704694501419,1.0,1.4239109327981794,0.03875906485885588
model20,Geo+AE-CeNN,3664,0.04540423602895707,0.06778404762655608,1.0,0.4661917498580244,0.04072711425050409
model20,Geo+AE-CeNN,3665,0.023730546206673135,0.031230154287726842,1.0,1.0477690172298308,0.03929935900723352
model20,Geo+AE-CeNN,3666,0.027267019642945835,0.03948252537063764,1.0,0.6568262457344126,0.0405126748713188
model20,Geo+AE-CeNN,3667,0.05277313484931993,0.07635316020254508,1.0,0.4274858434391466,0.04136551359817454
model20,Geo+AE-CeNN,3668,0.028899815091417327,0.04423928244879783,1.0,0.59766902953386,0.040086489727504976
model20,Geo+AE-CeNN,3669,0.03942750235465954,0.0502902525793893,1.0,1.2188389990777235,0.03873841275724133
model20,Geo+AE-CeNN,3670,0.021322510805510755,0.028509006907718105,1.0,0.7858087221634567,0.03972934260287708
model20,Geo+AE-CeNN,3671,0.03799118542341109,0.055605003897742346,1.0,1.1376090099482765,0.039731217023155865
model20,Geo+AE-CeNN,3672,0.013995645418174588,0.01673143169878959,1.0,0.9262073859945527,0.038901416409462
model20,Geo+AE-CeNN,3673,0.03565817707708751,0.05260496325187939,1.0,0.5460135040508911,0.04031708673638421
model20,Geo+AE-CeNN,3674,0.036183199175967365,0.04376195123604482,1.0,1.1144453862015857,0.03912923536469659
model20,Geo+AE-CeNN,3675,0.04055179219976916,0.05787556990754292,1.0,0.511136621390725,0.040301334667722136
model20,Geo+AE-CeNN,3676,0.024371353598228222,0.03606212082812878,1.0,0.8988051773210609,0.03904201753189169
model20,Geo+AE-CeNN,3677,0.053025875050470066,0.07090283807389755,1.0,1.3847755244574265,0.03879178404908954
model20,Geo+AE-CeNN,3678,0.02251136529340521,0.03670061366020832,1.0,0.7836777534116003,0.03879682100242839
model20,Geo+AE-CeNN,3679,0.029235499408107952,0.0345711153714541,1.0,1.021587506022227,0.0382229744904686
model20,Geo+AE-CeNN,3680,0.017711600062686624,0.02312360589436495,1.0,0.8983131539684729,0.03932631799855233
model20,Geo+AE-CeNN,3681,0.032809236820797574,0.047870405337211035,1.0,0.7747835376173798,0.04083878631073635
model20,Geo+AE-CeNN,3682,0.018939476511691034,0.027868349935428225,1.0,0.7162349147747634,0.03929127662998821
model20,Geo+AE-CeNN,3683,0.03339925377270695,0.04802879413875422,1.0,0.6052412224880397,0.03997797349563874
model20,Geo+AE-CeNN,3684,0.030550712596006762,0.04409233240915616,1.0,0.8625068691490301,0.04040513696027821
model20,Geo+AE-CeNN,3685,0.020004488726665763,0.02999999305846103,1.0,0.944258697540206,0.039243370118339435
model20,Geo+AE-CeNN,3686,0.027239560060180055,0.038438861064404486,1.0,0.6813939027890876,0.04040134186285196
model20,Geo+AE-CeNN,3687,0.022866046206967222,0.026055582178890785,1.0,0.9778944510539511,0.03935475133527337
model20,Geo+AE-CeNN,3688,0.01708571289929273,0.03387768591146152,1.0,0.7224434838198562,0.039276309802155344
model20,Geo+AE-CeNN,3689,0.026259266724683858,0.039884227209173395,1.0,0.8449018387999947,0.04011648098411699
model20,Geo+AE-CeNN,3690,0.03671681107790781,0.04838821648786555,1.0,0.5722728555458615,0.040393462281366595
model20,Geo+AE-CeNN,3691,0.012883651648383716,0.014712261942789077,1.0,0.8925942597678163,0.03937586158514198
model20,Geo+AE-CeNN,3692,0.051272069280448175,0.07385307212192134,1.0,0.434683848693785,0.04075258842004525
model20,Geo+AE-CeNN,3693,0.038571842125692764,0.05249276116089206,1.0,1.2370486015926112,0.038812652872951076
model20,Geo+AE-CeNN,3694,0.0174791374905433,0.024996545534994932,1.0,0.9332414831609703,0.03906790491382001
model20,Geo+AE-CeNN,3695,0.012874097318600274,0.01820327514746104,1.0,0.8166739426170382,0.03886057291401477
model20,Geo+AE-CeNN,3696,0.013183639746422162,0.024843868711232737,1.0,0.7449447432283117,0.0388772450604497
model20,Geo+AE-CeNN,3697,0.013941929771766542,0.020947460452474576,1.0,0.8508068115275583,0.03923554689881049
model20,Geo+AE-CeNN,3698,0.018520843231963537,0.025667125236702386,1.0,0.7797144419055596,0.03979739947692251
model20,Geo+AE-CeNN,3699,0.05444956330746284,0.07674312868135898,1.0,0.4498837222426218,0.04154711830589404
model20,Geo+D1-3AE-CeNN,3600,0.012454158392375767,0.01828735853603724,1.0,0.8064705058549907,0.03683695779635669
model20,Geo+D1-3AE-CeNN,3601,0.04089102396846816,0.05842637391584723,1.0,0.5321543878257228,0.036838146548329495
model20,Geo+D1-3AE-CeNN,3602,0.03820044404391906,0.04925694127412868,1.0,1.1720008860057542,0.036836853770101624
model20,Geo+D1-3AE-CeNN,3603,0.02031030924575831,0.02357857391007034,1.0,0.9124583198526434,0.03683743810029691
model20,Geo+D1-3AE-CeNN,3604,0.0471030569982197,0.06753683730329231,1.0,0.574559307986497,0.03683747642090057
model20,Geo+D1-3AE-CeNN,3605,0.037480092368611315,0.052072068881848455,1.0,0.5371320341319403,0.03683687017231027
model20,Geo+D1-3AE-CeNN,3606,0.02609716134171428,0.03742591880257086,1.0,0.6585828571103826,0.03683730116499436
model20,Geo+D1-3AE-CeNN,3607,0.025346966451084415,0.02959065121159335,1.0,0.9832706710519622,0.03683655683198883
model20,Geo+D1-3AE-CeNN,3608,0.011933872977341829,0.01789774293954971,1.0,0.7979011504726301,0.0368375435782624
model20,Geo+D1-3AE-CeNN,3609,0.05447397836948133,0.07653178958324051,1.0,0.41859092876684956,0.03683788944669713
model20,Geo+D1-3AE-CeNN,3610,0.027049079783687483,0.03642756296472759,1.0,0.9576819573136985,0.03683673577465768
model20,Geo+D1-3AE-CeNN,3611,0.02033785469575586,0.03695466555566169,1.0,0.7428308440047522,0.03683718158846262
model20,Geo+D1-3AE-CeNN,3612,0.049219941874824306,0.05708792572187116,1.0,1.2472618183889708,0.036836924300712316
model20,Geo+D1-3AE-CeNN,3613,0.05002358973055629,0.06916587903164922,1.0,1.3613518570413732,0.036836850884564974
model20,Geo+D1-3AE-CeNN,3614,0.03473274939406074,0.05372130861555331,1.0,0.9011190490727465,0.03683748536287826
model20,Geo+D1-3AE-CeNN,3615,0.02789148498656432,0.03691193294211441,1.0,0.6594866212316706,0.036837882808880576
model20,Geo+D1-3AE-CeNN,3616,0.05257613706529934,0.06767917131669483,1.0,1.399358474230521,0.036837239173819925
model20,Geo+D1-3AE-CeNN,3617,0.05887642829575419,0.07810948834759772,1.0,1.465017651197453,0.036837237056267666
model20,Geo+D1-3AE-CeNN,3618,0.012608559853565179,0.016287091973820857,1.0,0.8170748246079707,0.0368373325013004
model20,Geo+D1-3AE-CeNN,3619,0.03266371390347008,0.04815616912450299,1.0,0.7599959905961283,0.03683711393092949
model20,Geo+D1-3AE-CeNN,3620,0.02099250168425476,0.023900659905199722,1.0,0.8705638971787941,0.03683736235009483
model20,Geo+D1-3AE-CeNN,3621,0.02554978514036347,0.03036523001141181,1.0,1.0027203305093855,0.03683652848944664
model20,Geo+D1-3AE-CeNN,3622,0.029881075255268435,0.03563281433667607,1.0,0.992089903773802,0.03683760918865307
model20,Geo+D1-3AE-CeNN,3623,0.06479768445612968,0.08515580011425547,1.0,1.5118711909031917,0.03683791441275558
model20,Geo+D1-3AE-CeNN,3624,0.021718245796795,0.03157596262411396,1.0,0.7824573718777843,0.03683707505283465
model20,Geo+D1-3AE-CeNN,3625,0.03605581845932587,0.04624276353048638,1.0,1.1982581961740295,0.036837667081030576
model20,Geo+D1-3AE-CeNN,3626,0.02290216930347697,0.03421497456460207,1.0,0.9009572641546341,0.03683683427084716
model20,Geo+D1-3AE-CeNN,3627,0.016931167497822707,0.01987363220003029,1.0,0.8873606713800737,0.03683739418128075
model20,Geo+D1-3AE-CeNN,3628,0.03217370415333841,0.037831764268162524,1.0,1.0516296397218339,0.036837376633712726
model20,Geo+D1-3AE-CeNN,3629,0.03174538546289211,0.04704308702549902,1.0,0.580608181190784,0.03683818823979167
model20,Geo+D1-3AE-CeNN,3630,0.03458011711324176,0.05472287526663546,1.0,0.5361267842832581,0.036838190927074556
model20,Geo+D1-3AE-CeNN,3631,0.027427541466919437,0.03606020444031924,1.0,0.6434236130492508,0.03683732520914703
model20,Geo+D1-3AE-CeNN,3632,0.034608953053876026,0.04996080572918132,1.0,0.5621969902882479,0.03683730559940815
model20,Geo+D1-3AE-CeNN,3633,0.03139583925069272,0.04519585721363066,1.0,0.8168427998404545,0.03683702217499099
model20,Geo+D1-3AE-CeNN,3634,0.04935043617501421,0.07092665975878701,1.0,0.5117336697665871,0.03683754477377792
model20,Geo+D1-3AE-CeNN,3635,0.045941327107604804,0.06508433391005669,1.0,0.48086492374949125,0.0368379808687654
model20,Geo+D1-3AE-CeNN,3636,0.020605631048871434,0.027796938294254777,1.0,0.6965221938999633,0.036837552164269476
model20,Geo+D1-3AE-CeNN,3637,0.05382583740164318,0.06556287993437197,1.0,1.3467648939243748,0.03683733350306021
model20,Geo+D1-3AE-CeNN,3638,0.020593363427317244,0.028785260772541767,1.0,0.7563565052722535,0.03683778412806148
model20,Geo+D1-3AE-CeNN,3639,0.01681098923226789,0.02464656068306093,1.0,0.7587024020874007,0.03683712242444591
model20,Geo+D1-3AE-CeNN,3640,0.02155518804284976,0.02984194618215128,1.0,1.0094490386467379,0.036836744886996335
model20,Geo+D1-3AE-CeNN,3641,0.019229930183292412,0.03396041107002133,1.0,0.6846676859884386,0.0368374459767769
model20,Geo+D1-3AE-CeNN,3642,0.027380360391154657,0.0351893927873233,1.0,1.1009676635850867,0.03683760767679703
model20,Geo+D1-3AE-CeNN,3643,0.01139088181892569,0.018356596508338874,1.0,0.805471717891994,0.036837212951484774
model20,Geo+D1-3AE-CeNN,3644,0.023705172957232144,0.03556140804657178,1.0,0.9462823141248319,0.03683698061635299
model20,Geo+D1-3AE-CeNN,3645,0.019272834691195163,0.022367248347066028,1.0,0.9282741889095023,0.03683669524124843
model20,Geo+D1-3AE-CeNN,3646,0.033774777086478774,0.04157255125882525,1.0,1.135659484392883,0.03683720045080814
model20,Geo+D1-3AE-CeNN,3647,0.04667665925484035,0.06510839827497406,1.0,0.5213792896742208,0.036836921182766054
model20,Geo+D1-3AE-CeNN,3648,0.023923935325728524,0.033005115008742314,1.0,1.0711023421868018,0.03683708787020851
model20,Geo+D1-3AE-CeNN,3649,0.02169813168357554,0.02829789308624458,1.0,0.9583752859244931,0.036837029727953635
model20,Geo+D1-3AE-CeNN,3650,0.04366679850129988,0.056751071563294224,1.0,1.2779563566214278,0.036837137918980516
model20,Geo+D1-3AE-CeNN,3651,0.018055719303351092,0.03185632298722474,1.0,0.8021430305422129,0.03683708242123968
model20,Geo+D1-3AE-CeNN,3652,0.04050906310197987,0.04856656780964319,1.0,1.174356973388316,0.03683711942510787
model20,Geo+D1-3AE-CeNN,3653,0.0365956762145857,0.05533116797563947,1.0,1.193114333124869,0.03683650633910894
model20,Geo+D1-3AE-CeNN,3654,0.011549568575542351,0.015252107346070664,1.0,0.899061070630583,0.03683706675155318
model20,Geo+D1-3AE-CeNN,3655,0.05052912913532353,0.07179515951588207,1.0,0.4701622461653775,0.036836809514064026
model20,Geo+D1-3AE-CeNN,3656,0.017015326722243342,0.028150847614171737,1.0,0.7630882272979238,0.036837491052598245
model20,Geo+D1-3AE-CeNN,3657,0.016623559568938424,0.027815787905226718,1.0,0.731283113315892,0.03683765791334396
model20,Geo+D1-3AE-CeNN,3658,0.03567961202126493,0.045985822675544824,1.0,1.147695234170601,0.03683763122786567
model20,Geo+D1-3AE-CeNN,3659,0.024423605284428874,0.03277600259755432,1.0,0.7629884055649568,0.03683718970281368
model20,Geo+D1-3AE-CeNN,3660,0.03728594301086446,0.05409462880864796,1.0,0.6116627508475756,0.03683759144941434
model20,Geo+D1-3AE-CeNN,3661,0.013885689086362861,0.020265940935133033,1.0,0.7723121700749329,0.036837856511687805
model20,Geo+D1-3AE-CeNN,3662,0.027393125152983613,0.045332940761882615,1.0,0.6703199775293054,0.036837375233220344
model20,Geo+D1-3AE-CeNN,3663,0.050607604413095926,0.07351409329804548,1.0,1.4264137610907053,0.036837405201164505
model20,Geo+D1-3AE-CeNN,3664,0.04383657854747899,0.06527669125429847,1.0,0.466535114329016,0.03683697885915507
model20,Geo+D1-3AE-CeNN,3665,0.02378900686688751,0.03133408774978195,1.0,1.0487671509523087,0.03683718841984986
model20,Geo+D1-3AE-CeNN,3666,0.026916598687045202,0.03879135321672389,1.0,0.657515065269682,0.03683715863360083
model20,Geo+D1-3AE-CeNN,3667,0.05138660380282632,0.07422316362532806,1.0,0.4278865089010425,0.036838556900654226
model20,Geo+D1-3AE-CeNN,3668,0.027950208560626265,0.04235490218239504,1.0,0.5980842566607955,0.03683736356617272
model20,Geo+D1-3AE-CeNN,3669,0.03935301262560153,0.050049934219366744,1.0,1.219851526065661,0.036837715101000916
model20,Geo+D1-3AE-CeNN,3670,0.021763178851130858,0.029336219591233188,1.0,0.7868234965604248,0.036837985570871055
model20,Geo+D1-3AE-CeNN,3671,0.0387739905854735,0.05665487919004347,1.0,1.139160503396473,0.03683783853666275
model20,Geo+D1-3AE-CeNN,3672,0.015113360562491648,0.018764106570237766,1.0,0.9273347838369921,0.03683716765600439
model20,Geo+D1-3AE-CeNN,3673,0.0347042508027162,0.050929398194327236,1.0,0.5464708061978762,0.03683757017465768
model20,Geo+D1-3AE-CeNN,3674,0.03690541157226333,0.045022249916122525,1.0,1.1155708157795123,0.036837004008612666
model20,Geo+D1-3AE-CeNN,3675,0.03926368255771886,0.05563992138289249,1.0,0.511473764483586,0.03683772658307759
model20,Geo+D1-3AE-CeNN,3676,0.02403127259248988,0.03606038885655345,1.0,0.8992906059104453,0.03683743941115029
model20,Geo+D1-3AE-CeNN,3677,0.0527884724695,0.0702349160166978,1.0,1.386026589643912,0.03683759039065849
model20,Geo+D1-3AE-CeNN,3678,0.020538322698227685,0.03353395669538373,1.0,0.7836584972367547,0.03683703498697206
model20,Geo+D1-3AE-CeNN,3679,0.028193570004336182,0.03336628962676467,1.0,1.0218827601195806,0.03683738776437167
model20,Geo+D1-3AE-CeNN,3680,0.01882185105411591,0.02468846206852551,1.0,0.8992634373858983,0.03683711826493304
model20,Geo+D1-3AE-CeNN,3681,0.03334206132493754,0.048491581463197084,1.0,0.7758417894256395,0.036837881187639976
model20,Geo+D1-3AE-CeNN,3682,0.01847709311548029,0.02625491648889113,1.0,0.7166016026355306,0.03683696606466465
model20,Geo+D1-3AE-CeNN,3683,0.03223605304555021,0.04532239345098487,1.0,0.605367374002499,0.03683711408146781
model20,Geo+D1-3AE-CeNN,3684,0.03156205632697638,0.04518881130177539,1.0,0.8636523498614633,0.03683730355071557
model20,Geo+D1-3AE-CeNN,3685,0.020505395588701635,0.03000007148599839,1.0,0.9452152784988884,0.03683718420689459
model20,Geo+D1-3AE-CeNN,3686,0.027324792856277473,0.03813316189412359,1.0,0.6819516030049784,0.036836705439429525
model20,Geo+D1-3AE-CeNN,3687,0.023833782107329102,0.027471185886602606,1.0,0.9788639018901699,0.03683716062281502
model20,Geo+D1-3AE-CeNN,3688,0.01546127508910711,0.0312055775591717,1.0,0.7226290270530908,0.03683696389318846
model20,Geo+D1-3AE-CeNN,3689,0.027143631479235396,0.04110558763471342,1.0,0.8461985655829249,0.03683737805115188
model20,Geo+D1-3AE-CeNN,3690,0.03588076447333244,0.04835440799770378,1.0,0.5726919792011217,0.03683788798955511
model20,Geo+D1-3AE-CeNN,3691,0.012918263942953622,0.01469623466644495,1.0,0.8932640696696578,0.03683693478955532
model20,Geo+D1-3AE-CeNN,3692,0.04973879378667788,0.07152556054568743,1.0,0.4351349398773399,0.036837958371767565
model20,Geo+D1-3AE-CeNN,3693,0.038964164770866554,0.0531606672768416,1.0,1.2387436473845246,0.036836357787208916
model20,Geo+D1-3AE-CeNN,3694,0.017670528896522944,0.024996393675897594,1.0,0.9339889270292976,0.036837883675514355
model20,Geo+D1-3AE-CeNN,3695,0.01169087290268798,0.01820313668955302,1.0,0.8170948046638912,0.03683735236006543
model20,Geo+D1-3AE-CeNN,3696,0.012576194585941903,0.023003865765456245,1.0,0.7452424343322088,0.03683789558117859
model20,Geo+D1-3AE-CeNN,3697,0.014154156465469693,0.020995149201231533,1.0,0.851254617389612,0.03683776908477709
model20,Geo+D1-3AE-CeNN,3698,0.01896349852517946,0.026188670572239614,1.0,0.7805276337036007,0.03683700160263096
model20,Geo+D1-3AE-CeNN,3699,0.05337738367561905,0.07489336760159146,1.0,0.4500427645871953,0.03683771898956903
model20,Geo+D1-10AE-CeNN,3600,0.01154020950494923,0.017101440783078382,1.0,0.8063043032766941,0.038894604429374674
model20,Geo+D1-10AE-CeNN,3601,0.040167913436477076,0.05754489736089999,1.0,0.5319298360768507,0.03889460442937444
model20,Geo+D1-10AE-CeNN,3602,0.03900048871906764,0.050352235853551745,1.0,1.1719590043352932,0.03889460442937414
model20,Geo+D1-10AE-CeNN,3603,0.01986047658638481,0.022097792608869432,1.0,0.9120385978547526,0.03889460442937418
model20,Geo+D1-10AE-CeNN,3604,0.04602422428409777,0.06611109237522708,1.0,0.5739817467977735,0.03889460442937482
model20,Geo+D1-10AE-CeNN,3605,0.03692601096392517,0.05160272036454417,1.0,0.5370094368730236,0.03889460442937463
model20,Geo+D1-10AE-CeNN,3606,0.026154760576948457,0.03773079325859547,1.0,0.6585350667823743,0.038894604429374806
model20,Geo+D1-10AE-CeNN,3607,0.026361618640423353,0.030846399094461237,1.0,0.9832429420878895,0.03889460442937471
model20,Geo+D1-10AE-CeNN,3608,0.011856746504216203,0.01776688558861269,1.0,0.7979409276520888,0.03889460442937423
model20,Geo+D1-10AE-CeNN,3609,0.05384162135537502,0.07575623847173672,1.0,0.4182100697762515,0.038894604429374174
model20,Geo+D1-10AE-CeNN,3610,0.026508077175040765,0.03642707353321825,1.0,0.9573947065331325,0.038894604429374764
model20,Geo+D1-10AE-CeNN,3611,0.02144654983461312,0.038397971809798814,1.0,0.7430965653896696,0.0388946044293744
model20,Geo+D1-10AE-CeNN,3612,0.04985055641277774,0.058080258669453114,1.0,1.2472477857155586,0.03889460442937411
model20,Geo+D1-10AE-CeNN,3613,0.05076678010825285,0.07013407743411586,1.0,1.3613300751858979,0.03889460442937402
model20,Geo+D1-10AE-CeNN,3614,0.03327110349442211,0.05168503557366524,1.0,0.9004594728476183,0.038894604429374514
model20,Geo+D1-10AE-CeNN,3615,0.026998796589375894,0.03591242058884487,1.0,0.6594023969423388,0.03889460442937432
model20,Geo+D1-10AE-CeNN,3616,0.05304091585307956,0.06810114914973722,1.0,1.3988162125070092,0.038894604429373994
model20,Geo+D1-10AE-CeNN,3617,0.0591572055712001,0.07848764890129548,1.0,1.4648752777790077,0.03889460442937363
model20,Geo+D1-10AE-CeNN,3618,0.012750306004075219,0.01660663397148922,1.0,0.816816046560401,0.03889460442937421
model20,Geo+D1-10AE-CeNN,3619,0.03121866656270122,0.0462481742851093,1.0,0.7595333115390269,0.03889460442937469
model20,Geo+D1-10AE-CeNN,3620,0.022291484718920743,0.02598393253641516,1.0,0.870779727094558,0.03889460442937427
model20,Geo+D1-10AE-CeNN,3621,0.02577927110582814,0.03036525002792781,1.0,1.0025024241577198,0.03889460442937447
model20,Geo+D1-10AE-CeNN,3622,0.03075574842903656,0.03562619630041475,1.0,0.9923370723454872,0.03889460442937383
model20,Geo+D1-10AE-CeNN,3623,0.06552592240871112,0.08614105950842504,1.0,1.5118352848709533,0.03889460442937347
model20,Geo+D1-10AE-CeNN,3624,0.02061067672764161,0.02985891669024862,1.0,0.7819677754942357,0.03889460442937466
model20,Geo+D1-10AE-CeNN,3625,0.03613685887761751,0.046355647944262765,1.0,1.1979600673724011,0.0388946044293737
model20,Geo+D1-10AE-CeNN,3626,0.021785656390687958,0.032188337502207946,1.0,0.9003526649638357,0.03889460442937502
model20,Geo+D1-10AE-CeNN,3627,0.01607888235025429,0.017973200437504614,1.0,0.8870400441395577,0.038894604429374306
model20,Geo+D1-10AE-CeNN,3628,0.032297505467685735,0.037773549215916385,1.0,1.0517524830248057,0.038894604429373966
model20,Geo+D1-10AE-CeNN,3629,0.031307713803814564,0.04692355074822737,1.0,0.5806319346131497,0.03889460442937386
model20,Geo+D1-10AE-CeNN,3630,0.034608171323385124,0.05501723028775148,1.0,0.5360400206312262,0.038894604429374056
model20,Geo+D1-10AE-CeNN,3631,0.02680976877270671,0.03519601550735481,1.0,0.6431144611796615,0.038894604429374285
model20,Geo+D1-10AE-CeNN,3632,0.03404200471069522,0.0492857664017586,1.0,0.5619695921587149,0.03889460442937442
model20,Geo+D1-10AE-CeNN,3633,0.03001105295896021,0.04331083198549039,1.0,0.8163819216178055,0.038894604429374674
model20,Geo+D1-10AE-CeNN,3634,0.04841083530123129,0.0697068381007281,1.0,0.5112048076106491,0.0388946044293745
model20,Geo+D1-10AE-CeNN,3635,0.045227798973300246,0.06428117279475642,1.0,0.4806316247937887,0.03889460442937426
model20,Geo+D1-10AE-CeNN,3636,0.0199240373973583,0.027173110061587534,1.0,0.6964280768979269,0.03889460442937446
model20,Geo+D1-10AE-CeNN,3637,0.05437976316425593,0.06633130743522667,1.0,1.3465835984095316,0.038894604429373994
model20,Geo+D1-10AE-CeNN,3638,0.01949447257368946,0.02725286221801536,1.0,0.756076649870591,0.038894604429374195
model20,Geo+D1-10AE-CeNN,3639,0.015819101287787195,0.02359272895489759,1.0,0.7585795312650496,0.038894604429374466
model20,Geo+D1-10AE-CeNN,3640,0.022513219217286023,0.03108053726886536,1.0,1.0095316654122877,0.03889460442937449
model20,Geo+D1-10AE-CeNN,3641,0.01957557709817909,0.03465650530141374,1.0,0.6846778076787312,0.03889460442937427
model20,Geo+D1-10AE-CeNN,3642,0.027558744881164467,0.03543170319126621,1.0,1.1007003310667445,0.03889460442937383
model20,Geo+D1-10AE-CeNN,3643,0.010660835746982785,0.01835648901109054,1.0,0.8054283383091781,0.03889460442937432
model20,Geo+D1-10AE-CeNN,3644,0.02334060942968848,0.03547473944818238,1.0,0.9464469406856054,0.03889460442937469
model20,Geo+D1-10AE-CeNN,3645,0.01862376317574899,0.020723566774146544,1.0,0.9279762310900825,0.03889460442937474
model20,Geo+D1-10AE-CeNN,3646,0.03375136188309508,0.0415033514841865,1.0,1.135456918189127,0.03889460442937439
model20,Geo+D1-10AE-CeNN,3647,0.04577797554557539,0.06395225139950239,1.0,0.5209998474682863,0.038894604429374924
model20,Geo+D1-10AE-CeNN,3648,0.024394705805720094,0.03365116797240522,1.0,1.070955652021015,0.0388946044293744
model20,Geo+D1-10AE-CeNN,3649,0.021647099341949614,0.02829796305762678,1.0,0.958113087703244,0.03889460442937423
model20,Geo+D1-10AE-CeNN,3650,0.04413745539133834,0.057348728650028345,1.0,1.2777085687203091,0.03889460442937377
model20,Geo+D1-10AE-CeNN,3651,0.018815459280196466,0.03185640476289433,1.0,0.8021221241551844,0.03889460442937469
model20,Geo+D1-10AE-CeNN,3652,0.04107458487463995,0.04949413895954103,1.0,1.1744109434924364,0.03889460442937416
model20,Geo+D1-10AE-CeNN,3653,0.036214318802885906,0.05424516511789983,1.0,1.192633953709823,0.038894604429374875
model20,Geo+D1-10AE-CeNN,3654,0.012091588787072826,0.016038483810254352,1.0,0.8989697613432047,0.03889460442937443
model20,Geo+D1-10AE-CeNN,3655,0.04969454238240227,0.0707653437862355,1.0,0.4698073677538015,0.03889460442937482
model20,Geo+D1-10AE-CeNN,3656,0.01666878720869477,0.028150736043738384,1.0,0.7627902911673512,0.03889460442937444
model20,Geo+D1-10AE-CeNN,3657,0.01610874061604633,0.0273584054073853,1.0,0.7310894032010974,0.0388946044293743
model20,Geo+D1-10AE-CeNN,3658,0.03652374993650614,0.04708732868819438,1.0,1.1477070702553342,0.03889460442937374
model20,Geo+D1-10AE-CeNN,3659,0.023111107637026236,0.030976475413820124,1.0,0.7627383021155175,0.03889460442937473
model20,Geo+D1-10AE-CeNN,3660,0.03621987779005144,0.05273526566903293,1.0,0.6112336234438291,0.03889460442937447
model20,Geo+D1-10AE-CeNN,3661,0.014312863534194586,0.02034797674246648,1.0,0.7719724151626746,0.03889460442937403
model20,Geo+D1-10AE-CeNN,3662,0.02783301637907647,0.04533286479349925,1.0,0.6704335845997923,0.03889460442937444
model20,Geo+D1-10AE-CeNN,3663,0.050735401215989614,0.07339558901537559,1.0,1.425971725320602,0.03889460442937396
model20,Geo+D1-10AE-CeNN,3664,0.04352805665076252,0.0650349656213748,1.0,0.4663350974976796,0.03889460442937492
model20,Geo+D1-10AE-CeNN,3665,0.02406883990526212,0.03164301659604645,1.0,1.0485780860295117,0.03889460442937413
model20,Geo+D1-10AE-CeNN,3666,0.02620306599650496,0.037723358871446414,1.0,0.6571242404506574,0.038894604429374716
model20,Geo+D1-10AE-CeNN,3667,0.05079646174368966,0.07353824351143408,1.0,0.42760748252810726,0.038894604429374174
model20,Geo+D1-10AE-CeNN,3668,0.02745747658118994,0.0420143339541422,1.0,0.5979698472166755,0.038894604429374376
model20,Geo+D1-10AE-CeNN,3669,0.039540176363197795,0.05032965084267256,1.0,1.2196729492539458,0.03889460442937376
model20,Geo+D1-10AE-CeNN,3670,0.020880224404289747,0.02755035820250812,1.0,0.786289226543427,0.03889460442937411
model20,Geo+D1-10AE-CeNN,3671,0.03807344797427789,0.05511104913274577,1.0,1.1385163010782848,0.03889460442937407
model20,Geo+D1-10AE-CeNN,3672,0.014492335304156249,0.016858930001972784,1.0,0.9269401202089087,0.03889460442937454
model20,Geo+D1-10AE-CeNN,3673,0.03411327961956106,0.05027208159049024,1.0,0.546238384659165,0.03889460442937453
model20,Geo+D1-10AE-CeNN,3674,0.036340669293087394,0.04353320065260463,1.0,1.1150999610538936,0.038894604429374695
model20,Geo+D1-10AE-CeNN,3675,0.0388138654545581,0.0553143958246086,1.0,0.5114429244756156,0.03889460442937449
model20,Geo+D1-10AE-CeNN,3676,0.024629700614225977,0.03611239186907467,1.0,0.8990844154426793,0.03889460442937406
model20,Geo+D1-10AE-CeNN,3677,0.05291667382003411,0.07052087727545782,1.0,1.3860660070332638,0.038894604429374056
model20,Geo+D1-10AE-CeNN,3678,0.021931512890081006,0.03510947388371498,1.0,0.7837713195894157,0.03889460442937434
model20,Geo+D1-10AE-CeNN,3679,0.02928603749103078,0.03468416300222133,1.0,1.0218263736057454,0.03889460442937406
model20,Geo+D1-10AE-CeNN,3680,0.017930361369100447,0.022852221167811264,1.0,0.8989134282514503,0.03889460442937453
model20,Geo+D1-10AE-CeNN,3681,0.03208229741077481,0.04664589863135486,1.0,0.775207604843798,0.038894604429374306
model20,Geo+D1-10AE-CeNN,3682,0.018114995548545225,0.026084194039621682,1.0,0.7164768219522284,0.0388946044293745
model20,Geo+D1-10AE-CeNN,3683,0.0323816888017668,0.04581895002251427,1.0,0.6053275811430505,0.038894604429374646
model20,Geo+D1-10AE-CeNN,3684,0.03026725052911373,0.04327603044493542,1.0,0.8631548776395825,0.038894604429374535
model20,Geo+D1-10AE-CeNN,3685,0.02046876680530576,0.03000008575010881,1.0,0.9449292121610544,0.03889460442937428
model20,Geo+D1-10AE-CeNN,3686,0.026312989283377004,0.03678244977708807,1.0,0.6816677881028466,0.03889460442937485
model20,Geo+D1-10AE-CeNN,3687,0.023250832481590322,0.025990552566589407,1.0,0.9785496654386183,0.0388946044293746
model20,Geo+D1-10AE-CeNN,3688,0.01609032012511579,0.03208589026344176,1.0,0.7227042247176043,0.03889460442937453
model20,Geo+D1-10AE-CeNN,3689,0.02591274914590186,0.03912047200974289,1.0,0.8455542900338626,0.038894604429374674
model20,Geo+D1-10AE-CeNN,3690,0.03555238778473064,0.048357948851103436,1.0,0.5723873019316016,0.038894604429374445
model20,Geo+D1-10AE-CeNN,3691,0.013184051235918776,0.015324608455199545,1.0,0.8930343865795037,0.038894604429374556
model20,Geo+D1-10AE-CeNN,3692,0.04929183732152364,0.07099988436203523,1.0,0.4348477742938288,0.03889460442937457
model20,Geo+D1-10AE-CeNN,3693,0.0386913576242877,0.052291495175406,1.0,1.2382710624388964,0.03889460442937475
model20,Geo+D1-10AE-CeNN,3694,0.017873613381971493,0.024996554506788973,1.0,0.9337098461495446,0.03889460442937391
model20,Geo+D1-10AE-CeNN,3695,0.012667631563153106,0.018203300597400038,1.0,0.8169561552558503,0.03889460442937429
model20,Geo+D1-10AE-CeNN,3696,0.01239119588659777,0.02315263552948689,1.0,0.745227700446736,0.03889460442937406
model20,Geo+D1-10AE-CeNN,3697,0.01411854083397441,0.020947527195133847,1.0,0.8512831122676734,0.03889460442937393
model20,Geo+D1-10AE-CeNN,3698,0.01807288700433577,0.02461820329448592,1.0,0.7801268453314373,0.03889460442937461
model20,Geo+D1-10AE-CeNN,3699,0.052579288463245756,0.07401989368816242,1.0,0.44988259795105207,0.038894604429374514
model20,Geo+D2-HistAE-CeNN,3600,0.01744914536600338,0.031117085982992457,1.0,0.8365704172301759,0.18456808170779523
model20,Geo+D2-HistAE-CeNN,3601,0.052373276668870615,0.0751033744821343,1.0,0.5693739456856486,0.20869714045472076
model20,Geo+D2-HistAE-CeNN,3602,0.031415827469521304,0.03894753340343291,1.0,1.186229302554383,0.1776330638443414
model20,Geo+D2-HistAE-CeNN,3603,0.019486787632845427,0.02754641847001465,1.0,0.9228537183569918,0.19019451544782012
model20,Geo+D2-HistAE-CeNN,3604,0.055133408398601924,0.08115284569621012,1.0,0.5968531055656316,0.1880572654389124
model20,Geo+D2-HistAE-CeNN,3605,0.056041729741838346,0.07766207223490491,1.0,0.5633743358314149,0.2021035164980019
model20,Geo+D2-HistAE-CeNN,3606,0.03878807882242031,0.057671366231816575,1.0,0.6840105371240106,0.18856486224440663
model20,Geo+D2-HistAE-CeNN,3607,0.022504195283632053,0.024559532692568692,1.0,0.9968628735816413,0.19063158941166977
model20,Geo+D2-HistAE-CeNN,3608,0.02261281876105285,0.03982938794220497,1.0,0.8205431353540952,0.1774575987294139
model20,Geo+D2-HistAE-CeNN,3609,0.0724929977708976,0.1006893277063261,1.0,0.44884895491669274,0.20274767775299143
model20,Geo+D2-HistAE-CeNN,3610,0.026642575146088705,0.035340329295897914,1.0,0.9812686492616903,0.16875524975808034
model20,Geo+D2-HistAE-CeNN,3611,0.023696440801848063,0.04639306025281927,1.0,0.7803896445049776,0.2020369309730081
model20,Geo+D2-HistAE-CeNN,3612,0.04149186613555084,0.045094240966789684,1.0,1.2487545595363647,0.18385969716967648
model20,Geo+D2-HistAE-CeNN,3613,0.03884053582358157,0.054462637345655415,1.0,1.357536974981927,0.20370560054746217
model20,Geo+D2-HistAE-CeNN,3614,0.04312714063933795,0.06433661838739918,1.0,0.9189758398387505,0.21710315453351497
model20,Geo+D2-HistAE-CeNN,3615,0.03880963245907925,0.059051735261126045,1.0,0.7001029354688834,0.21227594031396796
model20,Geo+D2-HistAE-CeNN,3616,0.04387529128095619,0.05567511448791074,1.0,1.3862260006520406,0.183307224570284
model20,Geo+D2-HistAE-CeNN,3617,0.051303455407147334,0.0694362710463081,1.0,1.4700257446461928,0.18801850119812663
model20,Geo+D2-HistAE-CeNN,3618,0.014831696704987204,0.024616794736099255,1.0,0.8342547894729944,0.16486293175525757
model20,Geo+D2-HistAE-CeNN,3619,0.03850772069772049,0.056250274188928584,1.0,0.7758299707571776,0.1740147364816149
model20,Geo+D2-HistAE-CeNN,3620,0.026924703269910873,0.04005923713851836,1.0,0.8821301940288664,0.18984592504673026
model20,Geo+D2-HistAE-CeNN,3621,0.020496812751364724,0.030364098119305964,1.0,1.025091858455473,0.18417431993936417
model20,Geo+D2-HistAE-CeNN,3622,0.023656083172077163,0.0355405665948287,1.0,1.0109390587004428,0.1810050079934348
model20,Geo+D2-HistAE-CeNN,3623,0.054469597863362626,0.07020124198818183,1.0,1.493950770559431,0.202959674554099
model20,Geo+D2-HistAE-CeNN,3624,0.02859714243951057,0.04378135831357141,1.0,0.806988506388818,0.17467242769824506
model20,Geo+D2-HistAE-CeNN,3625,0.028688484141925437,0.041771697842731575,1.0,1.1930258983487543,0.18854750657837602
model20,Geo+D2-HistAE-CeNN,3626,0.02616249355969113,0.03973742468920535,1.0,0.9112611609659351,0.1858571329619686
model20,Geo+D2-HistAE-CeNN,3627,0.020106391766429307,0.029087865946399973,1.0,0.9079958076110288,0.18387569049369984
model20,Geo+D2-HistAE-CeNN,3628,0.024942765422139013,0.03720416207589604,1.0,1.0707904063915186,0.17993440468750227
model20,Geo+D2-HistAE-CeNN,3629,0.05445185654062098,0.07641941256518775,1.0,0.6081035053848677,0.22102788795826284
model20,Geo+D2-HistAE-CeNN,3630,0.04827071027891336,0.07820432038168856,1.0,0.568265552982442,0.19865672071499754
model20,Geo+D2-HistAE-CeNN,3631,0.04275607753721727,0.05883835940412842,1.0,0.6661397074953768,0.18486228384476258
model20,Geo+D2-HistAE-CeNN,3632,0.04473123904664908,0.06673551271709742,1.0,0.5916121711476103,0.19724012864814203
model20,Geo+D2-HistAE-CeNN,3633,0.031148543395901375,0.044908225832307504,1.0,0.8364738635696285,0.17029545452843114
model20,Geo+D2-HistAE-CeNN,3634,0.0618159423766742,0.08844608202158623,1.0,0.5422993521087779,0.1933425400347587
model20,Geo+D2-HistAE-CeNN,3635,0.061157930696608534,0.08638514345445021,1.0,0.5172472098324786,0.20829239175690586
model20,Geo+D2-HistAE-CeNN,3636,0.038979179390772244,0.05262985789879796,1.0,0.7103923112165714,0.19599033483119369
model20,Geo+D2-HistAE-CeNN,3637,0.05040281947068858,0.05905375699040753,1.0,1.3619107851721357,0.19050014427783654
model20,Geo+D2-HistAE-CeNN,3638,0.03181612572879041,0.045094622931658945,1.0,0.7723798223818852,0.1748852953319907
model20,Geo+D2-HistAE-CeNN,3639,0.02862352802969235,0.041783355110656645,1.0,0.7868502114685483,0.1914129316817562
model20,Geo+D2-HistAE-CeNN,3640,0.017346367624368142,0.02777373880641522,1.0,1.0235750177681182,0.2045715677180469
model20,Geo+D2-HistAE-CeNN,3641,0.030708153601182807,0.04898919824685636,1.0,0.7079215749510682,0.18972912067243833
model20,Geo+D2-HistAE-CeNN,3642,0.02032742965062454,0.028724662990058946,1.0,1.0990023043905335,0.18088625535681838
model20,Geo+D2-HistAE-CeNN,3643,0.02180667114455707,0.032699676644107736,1.0,0.8260493491282875,0.19213693127309683
model20,Geo+D2-HistAE-CeNN,3644,0.02491775087208668,0.03499423174519981,1.0,0.9659647766833322,0.20130398839583655
model20,Geo+D2-HistAE-CeNN,3645,0.018954947348360673,0.02797494295362487,1.0,0.9374098684754345,0.17673536445440383
model20,Geo+D2-HistAE-CeNN,3646,0.024391218051801465,0.0297774933821972,1.0,1.1333752359901816,0.17833298606838144
model20,Geo+D2-HistAE-CeNN,3647,0.05518891520177321,0.07890723220542831,1.0,0.5536915683507332,0.18447794558046873
model20,Geo+D2-HistAE-CeNN,3648,0.01727009129793868,0.023172118208615703,1.0,1.0755064707125184,0.1808697549007321
model20,Geo+D2-HistAE-CeNN,3649,0.018509097674621035,0.028297522643954676,1.0,0.9796261516947329,0.15579212595473899
model20,Geo+D2-HistAE-CeNN,3650,0.03817529267649618,0.050095886015720674,1.0,1.2835965102256879,0.18036198299199832
model20,Geo+D2-HistAE-CeNN,3651,0.025661035492333374,0.037298935239295845,1.0,0.8369487691812451,0.20569273533985113
model20,Geo+D2-HistAE-CeNN,3652,0.0365091613848957,0.043597991499186826,1.0,1.1905990751937678,0.18034979014190733
model20,Geo+D2-HistAE-CeNN,3653,0.031765978724861664,0.05098873869529447,1.0,1.2069754642800488,0.17995733273086714
model20,Geo+D2-HistAE-CeNN,3654,0.010802605437667633,0.017522543880368658,1.0,0.9108540959885736,0.18065891925906538
model20,Geo+D2-HistAE-CeNN,3655,0.06153539188987902,0.08895162376374734,1.0,0.5016027663121537,0.2039357929637182
model20,Geo+D2-HistAE-CeNN,3656,0.02666047146156969,0.03876465537115315,1.0,0.7843675552127585,0.18371547980929137
model20,Geo+D2-HistAE-CeNN,3657,0.02842125019253798,0.04463751278587634,1.0,0.7530632255666266,0.18745747717497463
model20,Geo+D2-HistAE-CeNN,3658,0.03060234930174131,0.0375113979332246,1.0,1.166567742813641,0.181794285692557
model20,Geo+D2-HistAE-CeNN,3659,0.03071178816511499,0.04556145271076922,1.0,0.7853715881398589,0.1814496585185125
model20,Geo+D2-HistAE-CeNN,3660,0.04951231675953941,0.06915590707454906,1.0,0.6449230018406341,0.20370911643296927
model20,Geo+D2-HistAE-CeNN,3661,0.024815030443627453,0.03999142201118875,1.0,0.7840239245872614,0.18702410851465964
model20,Geo+D2-HistAE-CeNN,3662,0.03232258754493372,0.04911872262462297,1.0,0.700613128438426,0.20590556036984167
model20,Geo+D2-HistAE-CeNN,3663,0.04092704866305667,0.062454540504797276,1.0,1.4397444557570156,0.21574409171299272
model20,Geo+D2-HistAE-CeNN,3664,0.0526058482264492,0.07973931531189238,1.0,0.5137329149187815,0.22164459141345724
model20,Geo+D2-HistAE-CeNN,3665,0.017113548453246526,0.02320125904532287,1.0,1.060126426605799,0.17442128110243288
model20,Geo+D2-HistAE-CeNN,3666,0.03214271843546707,0.05006081082719395,1.0,0.6876352803807483,0.17022314051796725
model20,Geo+D2-HistAE-CeNN,3667,0.06662499925599867,0.09421496231077428,1.0,0.4606044979799914,0.19657193431863085
model20,Geo+D2-HistAE-CeNN,3668,0.04947947502197246,0.06649619142289988,1.0,0.6193773241338307,0.21577015988242498
model20,Geo+D2-HistAE-CeNN,3669,0.031056355210759515,0.040770653721853164,1.0,1.2283726193420212,0.19080727895179092
model20,Geo+D2-HistAE-CeNN,3670,0.026829489604066642,0.038159726156447665,1.0,0.8042202933943665,0.17526315751189545
model20,Geo+D2-HistAE-CeNN,3671,0.032768713315527435,0.05402119178001783,1.0,1.140482508161737,0.15757338293940928
model20,Geo+D2-HistAE-CeNN,3672,0.020051564061174938,0.032711884753078076,1.0,0.9402585029101682,0.1848869807725762
model20,Geo+D2-HistAE-CeNN,3673,0.0516800973967258,0.07347103938063716,1.0,0.5765082398394763,0.21013023826137017
model20,Geo+D2-HistAE-CeNN,3674,0.03068049630274593,0.041305726677658465,1.0,1.1128827235751328,0.17188388719925182
model20,Geo+D2-HistAE-CeNN,3675,0.05074777590142015,0.07483227191066112,1.0,0.5559881225976429,0.22101409626449506
model20,Geo+D2-HistAE-CeNN,3676,0.02101824195780435,0.03544805862105925,1.0,0.9211686481394507,0.18486534289470546
model20,Geo+D2-HistAE-CeNN,3677,0.043641724064922956,0.059662923048089636,1.0,1.3805005535482395,0.20400680269588745
model20,Geo+D2-HistAE-CeNN,3678,0.032060141124276874,0.056543260735944165,1.0,0.8165898201587966,0.2037958426009431
model20,Geo+D2-HistAE-CeNN,3679,0.033207542743814315,0.037311815667086794,1.0,1.0446923178529062,0.18853159757376653
model20,Geo+D2-HistAE-CeNN,3680,0.021292716982891802,0.03256909898385034,1.0,0.9120676847387613,0.17793161582097536
model20,Geo+D2-HistAE-CeNN,3681,0.03666999189856518,0.05738324822298489,1.0,0.79981984249138,0.17710530620220105
model20,Geo+D2-HistAE-CeNN,3682,0.03164772414770634,0.05147343714378036,1.0,0.742968610309033,0.18487289076593116
model20,Geo+D2-HistAE-CeNN,3683,0.04063557857557876,0.06020793444043749,1.0,0.6392810668412581,0.19889807919756097
model20,Geo+D2-HistAE-CeNN,3684,0.03313554510381012,0.049891124596961135,1.0,0.8820873647880979,0.1707077265575434
model20,Geo+D2-HistAE-CeNN,3685,0.016976018293850672,0.029998320054733373,1.0,0.9586685419420451,0.18089871445838143
model20,Geo+D2-HistAE-CeNN,3686,0.037899217834355146,0.05619415148783497,1.0,0.7173998527827762,0.19624676067440133
model20,Geo+D2-HistAE-CeNN,3687,0.017524847412937073,0.024449984328950087,1.0,0.9936196976473541,0.1942449960687462
model20,Geo+D2-HistAE-CeNN,3688,0.031192048708270262,0.05128532044308846,1.0,0.7487602883449633,0.20736651621419078
model20,Geo+D2-HistAE-CeNN,3689,0.02752185572410007,0.04660111337322177,1.0,0.860442117699371,0.18939097399242474
model20,Geo+D2-HistAE-CeNN,3690,0.04116229525295803,0.059912981981174084,1.0,0.6115964257414124,0.19679704301576711
model20,Geo+D2-HistAE-CeNN,3691,0.011222852815819211,0.017311252201823384,1.0,0.9156721614958728,0.17161164364127654
model20,Geo+D2-HistAE-CeNN,3692,0.0624156502992967,0.09111836127723362,1.0,0.4627649846874257,0.18672277298657589
model20,Geo+D2-HistAE-CeNN,3693,0.032450383537979764,0.04820171537870136,1.0,1.2374497566706442,0.19023192231832317
model20,Geo+D2-HistAE-CeNN,3694,0.015361436333857744,0.02499736073308699,1.0,0.9498145947923559,0.17750976105814165
model20,Geo+D2-HistAE-CeNN,3695,0.017347190590023615,0.029566434656773926,1.0,0.8529079810211463,0.19490635046174049
model20,Geo+D2-HistAE-CeNN,3696,0.02605938226556889,0.046066277263448245,1.0,0.7656444935630002,0.1850413116051326
model20,Geo+D2-HistAE-CeNN,3697,0.01854691839960102,0.02497290223650821,1.0,0.8715418194258987,0.1821565624798139
model20,Geo+D2-HistAE-CeNN,3698,0.01877494579990688,0.028715516166717376,1.0,0.8086424408111348,0.19450785307648322
model20,Geo+D2-HistAE-CeNN,3699,0.06205309471556747,0.0916037758625323,1.0,0.48111629732220995,0.18781974054095013
model20,Geo+D3-3HistAE-CeNN,3600,0.0352425888508831,0.044534113541129766,1.0,0.8287251054322549,0.178517623977163
model20,Geo+D3-3HistAE-CeNN,3601,0.03907311420413088,0.051961533522474845,1.0,0.5484765976250902,0.18172266232492462
model20,Geo+D3-3HistAE-CeNN,3602,0.06111306587856146,0.07873882998207109,1.0,1.203963765484186,0.1666184303352125
model20,Geo+D3-3HistAE-CeNN,3603,0.04499049204808742,0.05866390696164068,1.0,0.9351094483577744,0.17816549571605328
model20,Geo+D3-3HistAE-CeNN,3604,0.0478194471841523,0.06996666139200779,1.0,0.5993885549832155,0.1825103326120754
model20,Geo+D3-3HistAE-CeNN,3605,0.032409432798980155,0.04181271718812753,1.0,0.5601645447217414,0.17779434697596327
model20,Geo+D3-3HistAE-CeNN,3606,0.02430914338610906,0.036301909819019866,1.0,0.673180858903059,0.18369910977846787
model20,Geo+D3-3HistAE-CeNN,3607,0.047831527436346916,0.058728581233971545,1.0,1.0100850849575855,0.17695553459823635
model20,Geo+D3-3HistAE-CeNN,3608,0.030780776196875248,0.03817005459510464,1.0,0.8219449616582197,0.17669112577182766
model20,Geo+D3-3HistAE-CeNN,3609,0.04782934690766376,0.06815716900040397,1.0,0.43687300811665797,0.1758707390158491
model20,Geo+D3-3HistAE-CeNN,3610,0.052809632812385696,0.06417019800760138,1.0,0.9825902524755333,0.18513135162698177
model20,Geo+D3-3HistAE-CeNN,3611,0.02499731075653472,0.03289883351975995,1.0,0.7650293170509106,0.17866339030268855
model20,Geo+D3-3HistAE-CeNN,3612,0.0715431152830009,0.08605195855140657,1.0,1.2748620990018857,0.17542325201474
model20,Geo+D3-3HistAE-CeNN,3613,0.07150221760459055,0.09661250312978556,1.0,1.3904062025763246,0.1575542723503736
model20,Geo+D3-3HistAE-CeNN,3614,0.05477108484373244,0.08371345289075063,1.0,0.9251436241744285,0.178232921352717
model20,Geo+D3-3HistAE-CeNN,3615,0.03447778314553383,0.04001870286049067,1.0,0.6848836229126682,0.1851798605848601
model20,Geo+D3-3HistAE-CeNN,3616,0.07627154223827445,0.10087862465680164,1.0,1.4267617106459791,0.16877516858047448
model20,Geo+D3-3HistAE-CeNN,3617,0.08244033495179065,0.10867692629975946,1.0,1.4981643821709,0.1607010213277001
model20,Geo+D3-3HistAE-CeNN,3618,0.03320782244197775,0.038961143299593076,1.0,0.8372451158333907,0.17882803639067207
model20,Geo+D3-3HistAE-CeNN,3619,0.04765097954200306,0.07055493604375358,1.0,0.7867868676792606,0.18507169056966233
model20,Geo+D3-3HistAE-CeNN,3620,0.039391726372721335,0.049219149636918466,1.0,0.89492371370065,0.17862360706720803
model20,Geo+D3-3HistAE-CeNN,3621,0.051028591623679814,0.0605333702360093,1.0,1.0256813787806014,0.1814116134259725
model20,Geo+D3-3HistAE-CeNN,3622,0.04940283980327857,0.05871738909065986,1.0,1.015110462380209,0.17561396092834008
model20,Geo+D3-3HistAE-CeNN,3623,0.08708749608265094,0.11315067656539506,1.0,1.5460924889819845,0.16340932616805104
model20,Geo+D3-3HistAE-CeNN,3624,0.039619222937298575,0.05283341814386888,1.0,0.8053168152386547,0.18130171915904486
model20,Geo+D3-3HistAE-CeNN,3625,0.0627417634555936,0.08180787616339084,1.0,1.2263991745074327,0.17440760333623273
model20,Geo+D3-3HistAE-CeNN,3626,0.04586021459428481,0.0656341817965738,1.0,0.9235358879758765,0.17490346628391806
model20,Geo+D3-3HistAE-CeNN,3627,0.04300596767857011,0.05419910403947127,1.0,0.9093499289148174,0.18453161178712296
model20,Geo+D3-3HistAE-CeNN,3628,0.05554430188334168,0.06434649349423188,1.0,1.0765815134972827,0.1703633887848083
model20,Geo+D3-3HistAE-CeNN,3629,0.024877233629700825,0.02890165723740097,1.0,0.5963850296214148,0.17102337724481406
model20,Geo+D3-3HistAE-CeNN,3630,0.022834239516714806,0.026141741964856344,1.0,0.5491349945837354,0.17869630148882068
model20,Geo+D3-3HistAE-CeNN,3631,0.03348951164988417,0.04069473234310855,1.0,0.6643400781411319,0.18107807421841482
model20,Geo+D3-3HistAE-CeNN,3632,0.03302681523544997,0.04149931793359284,1.0,0.5783068299524564,0.18130161542362194
model20,Geo+D3-3HistAE-CeNN,3633,0.04809595125602321,0.07015563449035693,1.0,0.8411981313287622,0.18133346586553234
model20,Geo+D3-3HistAE-CeNN,3634,0.048000347396052544,0.06835430141290959,1.0,0.5307420919187383,0.17898669394200456
model20,Geo+D3-3HistAE-CeNN,3635,0.04097337744685162,0.054927461420147164,1.0,0.49784302933017793,0.18174411665313983
model20,Geo+D3-3HistAE-CeNN,3636,0.028415212042103694,0.03099614536116104,1.0,0.719177105659443,0.17708768556214696
model20,Geo+D3-3HistAE-CeNN,3637,0.07920410563136576,0.09865997556875676,1.0,1.3841504978910828,0.17517998884212713
model20,Geo+D3-3HistAE-CeNN,3638,0.03732975080368094,0.049443208930461016,1.0,0.7776640246332673,0.1766409669102129
model20,Geo+D3-3HistAE-CeNN,3639,0.032744192581430194,0.04204598112567203,1.0,0.7793354489960754,0.17665035177682378
model20,Geo+D3-3HistAE-CeNN,3640,0.044316619166398265,0.05835214104067821,1.0,1.029997125795316,0.17475571757414693
model20,Geo+D3-3HistAE-CeNN,3641,0.020193007024849628,0.02591699669700719,1.0,0.7020222531779218,0.17553499916986634
model20,Geo+D3-3HistAE-CeNN,3642,0.05232393868816738,0.06884822258135799,1.0,1.1224909900830358,0.17094993393558702
model20,Geo+D3-3HistAE-CeNN,3643,0.0298621427657743,0.036570390906720256,1.0,0.8307029666564107,0.17332436347217411
model20,Geo+D3-3HistAE-CeNN,3644,0.04695826886542032,0.05417099507806251,1.0,0.9718167828126909,0.17570101628653537
model20,Geo+D3-3HistAE-CeNN,3645,0.04535281618990951,0.058136870659423516,1.0,0.9501474070080523,0.17721455906755126
model20,Geo+D3-3HistAE-CeNN,3646,0.06198699168103918,0.07929911042817335,1.0,1.168514780390417,0.17902174860117834
model20,Geo+D3-3HistAE-CeNN,3647,0.04643126984024143,0.06272897214396361,1.0,0.5393793576355963,0.18385448719554426
model20,Geo+D3-3HistAE-CeNN,3648,0.05052846104219376,0.06683936140549047,1.0,1.0997571633877723,0.17270680089950435
model20,Geo+D3-3HistAE-CeNN,3649,0.049930314151146155,0.06085070566573745,1.0,0.9859156280868715,0.18908778423039543
model20,Geo+D3-3HistAE-CeNN,3650,0.06863374557616715,0.088648797346756,1.0,1.3102865432082262,0.17187944504780883
model20,Geo+D3-3HistAE-CeNN,3651,0.03541572809755089,0.04227935696709025,1.0,0.8263967737359702,0.1876207016284507
model20,Geo+D3-3HistAE-CeNN,3652,0.0652335391579296,0.08110265910908467,1.0,1.203599114611922,0.1736763137740569
model20,Geo+D3-3HistAE-CeNN,3653,0.06395421337375096,0.09198576036627827,1.0,1.2290331706910143,0.17205170779602885
model20,Geo+D3-3HistAE-CeNN,3654,0.0355205966020373,0.04641286924908049,1.0,0.9206564230066406,0.16942030710891606
model20,Geo+D3-3HistAE-CeNN,3655,0.04814789972024864,0.06690001306444178,1.0,0.4901677055180302,0.18386523183568257
model20,Geo+D3-3HistAE-CeNN,3656,0.033559885610492626,0.03876376941552203,1.0,0.7845519905147113,0.18206357619907618
model20,Geo+D3-3HistAE-CeNN,3657,0.02809265280637166,0.03673054438456806,1.0,0.7508706907932978,0.1757380617013742
model20,Geo+D3-3HistAE-CeNN,3658,0.059403537705968595,0.07634023013196704,1.0,1.1734508130612302,0.17854096667260042
model20,Geo+D3-3HistAE-CeNN,3659,0.042529834539117684,0.05453525461935468,1.0,0.785570112790959,0.18231401974100478
model20,Geo+D3-3HistAE-CeNN,3660,0.04217146653782913,0.06011889086668073,1.0,0.6349135184289401,0.18154358984217703
model20,Geo+D3-3HistAE-CeNN,3661,0.026915713464791453,0.033584549834071754,1.0,0.7940728535217864,0.1781880174641713
model20,Geo+D3-3HistAE-CeNN,3662,0.030448225362635688,0.045335602526645084,1.0,0.6876839770032859,0.1855592407214233
model20,Geo+D3-3HistAE-CeNN,3663,0.07672996093309861,0.1094439155924814,1.0,1.4622128799931216,0.16866343425567246
model20,Geo+D3-3HistAE-CeNN,3664,0.03019289146912354,0.042902507005837136,1.0,0.4821283406553302,0.1842263085024403
model20,Geo+D3-3HistAE-CeNN,3665,0.05133871333288411,0.06778689068511048,1.0,1.082318504855628,0.1765872026417965
model20,Geo+D3-3HistAE-CeNN,3666,0.035493180487414955,0.046435101107834664,1.0,0.6786902005384925,0.18396696782988067
model20,Geo+D3-3HistAE-CeNN,3667,0.04411767843124135,0.06246716140468217,1.0,0.4420994053666627,0.17520845268612073
model20,Geo+D3-3HistAE-CeNN,3668,0.0272605695892297,0.03536907683402446,1.0,0.6163875425418803,0.17492802985504
model20,Geo+D3-3HistAE-CeNN,3669,0.06707411136823765,0.08609641154620801,1.0,1.252504994564997,0.17975381029584966
model20,Geo+D3-3HistAE-CeNN,3670,0.03861030059646638,0.05234477877372073,1.0,0.8111979700442103,0.18493795028900173
model20,Geo+D3-3HistAE-CeNN,3671,0.06705920103826575,0.0968096947005128,1.0,1.1723848535431451,0.1854901920059246
model20,Geo+D3-3HistAE-CeNN,3672,0.042943588790088374,0.05634384513911809,1.0,0.9528017561985431,0.18137816320866026
model20,Geo+D3-3HistAE-CeNN,3673,0.031371359586233535,0.042042371377850975,1.0,0.5646875994890015,0.17617157807188982
model20,Geo+D3-3HistAE-CeNN,3674,0.06522838674569073,0.08682582884886245,1.0,1.141484697428053,0.18569434532064408
model20,Geo+D3-3HistAE-CeNN,3675,0.028590207587477563,0.03779218072409099,1.0,0.5305550222108308,0.17887765844713482
model20,Geo+D3-3HistAE-CeNN,3676,0.04604243588237016,0.05121773966194886,1.0,0.9233931395024966,0.1842497237651738
model20,Geo+D3-3HistAE-CeNN,3677,0.07813643832286919,0.10409566730519254,1.0,1.4164427080143676,0.16528913763574746
model20,Geo+D3-3HistAE-CeNN,3678,0.029333724747925574,0.036800537602278735,1.0,0.8021528747913588,0.1806792295536267
model20,Geo+D3-3HistAE-CeNN,3679,0.05046775735904191,0.06329434200453851,1.0,1.0495611191960972,0.18036358660931706
model20,Geo+D3-3HistAE-CeNN,3680,0.044334942556767364,0.059048339180067466,1.0,0.924174545118383,0.1807299934846193
model20,Geo+D3-3HistAE-CeNN,3681,0.05062359831232699,0.07284130775436817,1.0,0.8036333674360319,0.18246997088355005
model20,Geo+D3-3HistAE-CeNN,3682,0.02756006443528028,0.03232159114616949,1.0,0.7354705331632454,0.17572640666725006
model20,Geo+D3-3HistAE-CeNN,3683,0.0295820195956652,0.04516545055637067,1.0,0.6193387077055502,0.18124497951158905
model20,Geo+D3-3HistAE-CeNN,3684,0.05378103505855452,0.07741550211609732,1.0,0.8911767070905148,0.18749160029184886
model20,Geo+D3-3HistAE-CeNN,3685,0.046947045215161035,0.056012014291163086,1.0,0.9737798871788443,0.17978054192342355
model20,Geo+D3-3HistAE-CeNN,3686,0.0389461858901125,0.04938459316201904,1.0,0.703333565892703,0.18352595681408737
model20,Geo+D3-3HistAE-CeNN,3687,0.04942367951937734,0.06332544348617167,1.0,1.000156398206882,0.17603500357588409
model20,Geo+D3-3HistAE-CeNN,3688,0.020419193197315093,0.02854057481235519,1.0,0.7453692931416106,0.17559249742419342
model20,Geo+D3-3HistAE-CeNN,3689,0.047084084983495395,0.0709547492756384,1.0,0.8755428842373085,0.18892664935657208
model20,Geo+D3-3HistAE-CeNN,3690,0.03491458232652868,0.0487574470991596,1.0,0.5880026801213698,0.1882041517817132
model20,Geo+D3-3HistAE-CeNN,3691,0.04024376999753631,0.05042508648259485,1.0,0.9194589079747655,0.18731527918795784
model20,Geo+D3-3HistAE-CeNN,3692,0.03627941816337781,0.05132754475281865,1.0,0.4518066486693312,0.18211822552995227
model20,Geo+D3-3HistAE-CeNN,3693,0.06497451582873842,0.08843583927793973,1.0,1.2672455431407703,0.16847263480355415
model20,Geo+D3-3HistAE-CeNN,3694,0.043567541748724965,0.05297159624706224,1.0,0.9585810562357489,0.1826086370811966
model20,Geo+D3-3HistAE-CeNN,3695,0.030679014811059387,0.03876795713874576,1.0,0.8383937958065901,0.18438721948176182
model20,Geo+D3-3HistAE-CeNN,3696,0.02482967526207767,0.031882296920511165,1.0,0.7677491240213057,0.17582237034399206
model20,Geo+D3-3HistAE-CeNN,3697,0.03483990412114814,0.04226353399967665,1.0,0.874498925230934,0.1713859642140082
model20,Geo+D3-3HistAE-CeNN,3698,0.037457868252559805,0.04813734091138713,1.0,0.8055950357986508,0.18409851435167487
model20,Geo+D3-3HistAE-CeNN,3699,0.04721474153737045,0.06525500562658139,1.0,0.46828556319331244,0.18157981791400193
model20,Geo+D3-10HistAE-CeNN,3600,0.025411875816101555,0.03159007136784862,1.0,0.8186341862143425,0.12528020868323783
model20,Geo+D3-10HistAE-CeNN,3601,0.03634985356249819,0.048974258794900125,1.0,0.5388305456843063,0.12532816578084308
model20,Geo+D3-10HistAE-CeNN,3602,0.052774250119023605,0.06793911781694716,1.0,1.1858909325185578,0.12532823181796884
model20,Geo+D3-10HistAE-CeNN,3603,0.036137956012825156,0.04285712683984928,1.0,0.9254865925585806,0.1252886607036056
model20,Geo+D3-10HistAE-CeNN,3604,0.045497520143041835,0.06490875245342001,1.0,0.5852958810596374,0.12521153153368997
model20,Geo+D3-10HistAE-CeNN,3605,0.03199405292954849,0.039122281046527575,1.0,0.5440780606351417,0.12527061082675486
model20,Geo+D3-10HistAE-CeNN,3606,0.020788211462834057,0.03627163946500305,1.0,0.6686671143661733,0.12528172624499892
model20,Geo+D3-10HistAE-CeNN,3607,0.0382757144073881,0.046847141857225535,1.0,0.9956946043402272,0.1254581256998387
model20,Geo+D3-10HistAE-CeNN,3608,0.023130067782702823,0.02838975899178012,1.0,0.8081770210338661,0.12538022875259328
model20,Geo+D3-10HistAE-CeNN,3609,0.046810905609599086,0.06374143992228458,1.0,0.4236995755307985,0.12520700618988298
model20,Geo+D3-10HistAE-CeNN,3610,0.0414849082883993,0.04635476596865602,1.0,0.9715885076695302,0.12527837664290223
model20,Geo+D3-10HistAE-CeNN,3611,0.021658377582886332,0.02409948870194874,1.0,0.7514612531115379,0.1253063088462631
model20,Geo+D3-10HistAE-CeNN,3612,0.06301266802502373,0.0752024710628806,1.0,1.2601226529000806,0.12534106704494066
model20,Geo+D3-10HistAE-CeNN,3613,0.0651843964572292,0.08893751779101985,1.0,1.3789341126277959,0.12530465249444292
model20,Geo+D3-10HistAE-CeNN,3614,0.04571095574864031,0.06810826436232896,1.0,0.9175758826910357,0.12525127550531948
model20,Geo+D3-10HistAE-CeNN,3615,0.029738354399601718,0.03322327766009225,1.0,0.668387099160407,0.1253538747446933
model20,Geo+D3-10HistAE-CeNN,3616,0.06879577911752989,0.09075615720017688,1.0,1.4197943596979656,0.12535030789334997
model20,Geo+D3-10HistAE-CeNN,3617,0.07574236882233559,0.10098784250574713,1.0,1.4842925194279164,0.1253679509482865
model20,Geo+D3-10HistAE-CeNN,3618,0.02521686591044647,0.029529819630179338,1.0,0.8276852162037159,0.1252643763153248
model20,Geo+D3-10HistAE-CeNN,3619,0.03934039321422485,0.05671464143701907,1.0,0.7748656346096116,0.125334325814275
model20,Geo+D3-10HistAE-CeNN,3620,0.030907550196013534,0.03705658863774556,1.0,0.8804508293415126,0.1255327449520487
model20,Geo+D3-10HistAE-CeNN,3621,0.04146977713659159,0.04781098826239362,1.0,1.0155980294232427,0.12529041843079503
model20,Geo+D3-10HistAE-CeNN,3622,0.04246280785091774,0.049248130457363475,1.0,1.002477482179182,0.1253471078275238
model20,Geo+D3-10HistAE-CeNN,3623,0.07913886827853649,0.10414474480844961,1.0,1.5293502698497996,0.12543211638565585
model20,Geo+D3-10HistAE-CeNN,3624,0.031129663221746696,0.03950781431476113,1.0,0.7933293982290366,0.12527831538033668
model20,Geo+D3-10HistAE-CeNN,3625,0.05320500198105589,0.06904909582304444,1.0,1.2147098567346288,0.125366310470792
model20,Geo+D3-10HistAE-CeNN,3626,0.03617571363460603,0.05006082967796281,1.0,0.9164840418953202,0.1254205583527548
model20,Geo+D3-10HistAE-CeNN,3627,0.03227599414230767,0.0379720080301402,1.0,0.8989201541947971,0.1252574601587354
model20,Geo+D3-10HistAE-CeNN,3628,0.04812014235087918,0.05496440182278529,1.0,1.064088021927632,0.12539753935915846
model20,Geo+D3-10HistAE-CeNN,3629,0.02498212814990578,0.030921442670940564,1.0,0.5875598096346362,0.12526357287297346
model20,Geo+D3-10HistAE-CeNN,3630,0.025389750193858876,0.03592070734684235,1.0,0.5416094693788446,0.12536273920223534
model20,Geo+D3-10HistAE-CeNN,3631,0.02764749291146042,0.030222701061816747,1.0,0.6519647030934403,0.12528249082556256
model20,Geo+D3-10HistAE-CeNN,3632,0.030449554008532134,0.03895105599537588,1.0,0.5692487809499097,0.1253198434644191
model20,Geo+D3-10HistAE-CeNN,3633,0.04149656225311891,0.056729646446544914,1.0,0.8298530447610611,0.12518029560093719
model20,Geo+D3-10HistAE-CeNN,3634,0.04531269060549857,0.06396843230958835,1.0,0.520186815620515,0.1252201952024776
model20,Geo+D3-10HistAE-CeNN,3635,0.04025011705578351,0.05360917253443328,1.0,0.48666810700092294,0.12520901443901822
model20,Geo+D3-10HistAE-CeNN,3636,0.024385933476108547,0.02551334483855297,1.0,0.7059079970817458,0.1254236029244743
model20,Geo+D3-10HistAE-CeNN,3637,0.0691078178497126,0.08584137495045342,1.0,1.360887319771411,0.1253819389331051
model20,Geo+D3-10HistAE-CeNN,3638,0.029291195417310876,0.03602414607935901,1.0,0.7673999985227004,0.1253247527564778
model20,Geo+D3-10HistAE-CeNN,3639,0.025149151064677175,0.030394570863161142,1.0,0.7701047832700005,0.12531843391663675
model20,Geo+D3-10HistAE-CeNN,3640,0.03646596402470348,0.048704397439553265,1.0,1.023103252317331,0.1253680665566197
model20,Geo+D3-10HistAE-CeNN,3641,0.018232250983079915,0.022817335385383504,1.0,0.6925616426012252,0.12528513074705805
model20,Geo+D3-10HistAE-CeNN,3642,0.04489139016539232,0.058163609909534,1.0,1.1158292915379415,0.12531379864809175
model20,Geo+D3-10HistAE-CeNN,3643,0.02335538806888932,0.02825238023180323,1.0,0.8182058909073809,0.12539800676776147
model20,Geo+D3-10HistAE-CeNN,3644,0.03797541225628501,0.042331772205670616,1.0,0.9587796573551688,0.12537718060670833
model20,Geo+D3-10HistAE-CeNN,3645,0.035912641421367915,0.04357342077160586,1.0,0.9417902166128802,0.12541518931700688
model20,Geo+D3-10HistAE-CeNN,3646,0.05173809310409433,0.06589875963864043,1.0,1.1513183570763874,0.1253255108705737
model20,Geo+D3-10HistAE-CeNN,3647,0.04405703459679536,0.058252576416128105,1.0,0.5280778282014397,0.12524080971905696
model20,Geo+D3-10HistAE-CeNN,3648,0.041048768743576936,0.05486842260183257,1.0,1.086607541061255,0.12528889653621442
model20,Geo+D3-10HistAE-CeNN,3649,0.038295091417715164,0.044889935151862785,1.0,0.9720215914612975,0.12525415540002305
model20,Geo+D3-10HistAE-CeNN,3650,0.05972258804228673,0.07801627236405118,1.0,1.294809264539834,0.12539449121273266
model20,Geo+D3-10HistAE-CeNN,3651,0.02559970201425989,0.03185645965773746,1.0,0.8122647870303,0.12537231826734915
model20,Geo+D3-10HistAE-CeNN,3652,0.05575581274650006,0.06890746207183339,1.0,1.1890637148535501,0.12538374724041332
model20,Geo+D3-10HistAE-CeNN,3653,0.05471833313919909,0.07920997848077278,1.0,1.2134920789030983,0.12530973078160393
model20,Geo+D3-10HistAE-CeNN,3654,0.028414738241263154,0.03675799532069476,1.0,0.9121386917148286,0.12521429793003763
model20,Geo+D3-10HistAE-CeNN,3655,0.044803029012607055,0.06260914828657027,1.0,0.4777941847080199,0.12508993490414985
model20,Geo+D3-10HistAE-CeNN,3656,0.02522711581028408,0.02815171356098296,1.0,0.7737588344928485,0.12536203832115453
model20,Geo+D3-10HistAE-CeNN,3657,0.022004369648655646,0.028346090380150187,1.0,0.7425777204979656,0.12526856842886083
model20,Geo+D3-10HistAE-CeNN,3658,0.05054242502614064,0.06488988030035013,1.0,1.1605801747358329,0.12529067399079738
model20,Geo+D3-10HistAE-CeNN,3659,0.03320812333830006,0.04054957790548404,1.0,0.7739143075612651,0.12524027509761684
model20,Geo+D3-10HistAE-CeNN,3660,0.03712169825174988,0.052028410604128765,1.0,0.622118866433844,0.12518836778719505
model20,Geo+D3-10HistAE-CeNN,3661,0.019989169592854857,0.02324233227089067,1.0,0.7849662382069728,0.12530613579158426
model20,Geo+D3-10HistAE-CeNN,3662,0.026852091649486768,0.04533440081501156,1.0,0.677321916643011,0.125246234321023
model20,Geo+D3-10HistAE-CeNN,3663,0.06795791140291868,0.09781516342934085,1.0,1.4497807494464845,0.12529742661238719
model20,Geo+D3-10HistAE-CeNN,3664,0.033641859855010114,0.04962427486170582,1.0,0.47375322015745946,0.1252144543153281
model20,Geo+D3-10HistAE-CeNN,3665,0.041637368107571786,0.05505120292069071,1.0,1.0651777876206265,0.1253331640905848
model20,Geo+D3-10HistAE-CeNN,3666,0.028761547264435795,0.03693232677810729,1.0,0.6672967576041002,0.12518699945904202
model20,Geo+D3-10HistAE-CeNN,3667,0.04279645660872856,0.06104410715740035,1.0,0.4338612060715833,0.12517615725429154
model20,Geo+D3-10HistAE-CeNN,3668,0.0234886771231665,0.03010841221843497,1.0,0.6067449878205022,0.12516862092502473
model20,Geo+D3-10HistAE-CeNN,3669,0.05681285924030161,0.07325969605924751,1.0,1.2364119081913727,0.1254289047431965
model20,Geo+D3-10HistAE-CeNN,3670,0.028970713464406928,0.03776857420474864,1.0,0.800479336513445,0.1252752726514406
model20,Geo+D3-10HistAE-CeNN,3671,0.056188923086557666,0.07846745459903881,1.0,1.1561378792246748,0.1253742471971285
model20,Geo+D3-10HistAE-CeNN,3672,0.031727142827752394,0.040055048647309036,1.0,0.9410952825020608,0.12536169809044465
model20,Geo+D3-10HistAE-CeNN,3673,0.0290544807365132,0.03918322811149061,1.0,0.5536746414699976,0.12527592449406616
model20,Geo+D3-10HistAE-CeNN,3674,0.05333080349110791,0.06750369322536365,1.0,1.1322337231123718,0.1253737910417152
model20,Geo+D3-10HistAE-CeNN,3675,0.02986905624848724,0.04108038891709057,1.0,0.5203565908623946,0.12512552294916482
model20,Geo+D3-10HistAE-CeNN,3676,0.0366012583514758,0.040949427590133584,1.0,0.9097496843732094,0.12533048925612225
model20,Geo+D3-10HistAE-CeNN,3677,0.06997822007817213,0.09358963474972083,1.0,1.4058865203372382,0.12534619593126897
model20,Geo+D3-10HistAE-CeNN,3678,0.02375689383637218,0.028573739476490397,1.0,0.792667386438827,0.1254282252943081
model20,Geo+D3-10HistAE-CeNN,3679,0.040290185076595375,0.050264594343235075,1.0,1.0339335957569176,0.12532553763545
model20,Geo+D3-10HistAE-CeNN,3680,0.033947935618376356,0.04302182071668326,1.0,0.9139012173759289,0.12529340768544128
model20,Geo+D3-10HistAE-CeNN,3681,0.04160431916515656,0.0575774589819487,1.0,0.7883630492420713,0.1252205823123791
model20,Geo+D3-10HistAE-CeNN,3682,0.022213691951024708,0.02702348358096561,1.0,0.7247599720982394,0.1253732162908764
model20,Geo+D3-10HistAE-CeNN,3683,0.028270976531491385,0.044234004563937494,1.0,0.6115646665856452,0.1252215642947992
model20,Geo+D3-10HistAE-CeNN,3684,0.04363084117581974,0.05988201615073342,1.0,0.8776953228752802,0.12535645654165548
model20,Geo+D3-10HistAE-CeNN,3685,0.03657094580043976,0.04241579809004049,1.0,0.9591960734503302,0.125380728048959
model20,Geo+D3-10HistAE-CeNN,3686,0.03127161756756554,0.03815080109001577,1.0,0.6906894193830768,0.12519521265369138
model20,Geo+D3-10HistAE-CeNN,3687,0.04047467841367251,0.0492384524137487,1.0,0.9924151965602365,0.1253468820465733
model20,Geo+D3-10HistAE-CeNN,3688,0.016393181771497775,0.021010467136700687,1.0,0.7322301128685101,0.12540512987470231
model20,Geo+D3-10HistAE-CeNN,3689,0.03688738625449768,0.05409708154561959,1.0,0.8621073382708787,0.12531674542877622
model20,Geo+D3-10HistAE-CeNN,3690,0.03188853969601524,0.048484430307826225,1.0,0.5799583214314897,0.12527149430634832
model20,Geo+D3-10HistAE-CeNN,3691,0.029353675808070495,0.036723508176124006,1.0,0.9060134811629114,0.12524044361026107
model20,Geo+D3-10HistAE-CeNN,3692,0.040141766023511986,0.056666755001316405,1.0,0.4398588575000529,0.12515402242074544
model20,Geo+D3-10HistAE-CeNN,3693,0.0566428028371282,0.07725459285686158,1.0,1.2576406532544702,0.12543294836185603
model20,Geo+D3-10HistAE-CeNN,3694,0.033466056688078075,0.04017510870058747,1.0,0.946834347678613,0.125315993069707
model20,Geo+D3-10HistAE-CeNN,3695,0.0216561878589345,0.02728402346523303,1.0,0.828350873973021,0.12525094167025352
model20,Geo+D3-10HistAE-CeNN,3696,0.018354521319541295,0.02382666490097224,1.0,0.7546141916041897,0.1253605008238176
model20,Geo+D3-10HistAE-CeNN,3697,0.028427529089676235,0.03356078265268848,1.0,0.862863393255962,0.12530944258296497
model20,Geo+D3-10HistAE-CeNN,3698,0.028774419056598093,0.035212894386209975,1.0,0.7917115263550342,0.12528915019869932
model20,Geo+D3-10HistAE-CeNN,3699,0.04697393018316273,0.06431366413562345,1.0,0.45636542780101264,0.1251783573627363
latency40,LQR-outer,3600,0.01288809680959399,0.02011169267325799,1.0,0.8211224507881874,0.0
latency40,LQR-outer,3601,0.015313327695282233,0.022823225242141594,1.0,0.8237728009577238,0.0
latency40,LQR-outer,3602,0.01576685939423015,0.027061574136216338,1.0,0.8192245036632615,0.0
latency40,LQR-outer,3603,0.018456037500017328,0.028769738894931774,1.0,0.817731962568537,0.0
latency40,LQR-outer,3604,0.018641949639798823,0.03544538086870886,1.0,0.8124535894392345,0.0
latency40,LQR-outer,3605,0.01799709049551677,0.02685998466469903,1.0,0.8237601533683191,0.0
latency40,LQR-outer,3606,0.024233147812785356,0.047473452448336007,1.0,0.8164997388359174,0.0
latency40,LQR-outer,3607,0.02025646884805368,0.03298170238330258,1.0,0.8314317627196433,0.0
latency40,LQR-outer,3608,0.02031752101251823,0.032522078746721785,1.0,0.8161372322927885,0.0
latency40,LQR-outer,3609,0.018168072468692717,0.029420984174492477,1.0,0.8186092178275366,0.0
latency40,LQR-outer,3610,0.0259899149199796,0.04570758655623554,1.0,0.8076833756131776,0.0
latency40,LQR-outer,3611,0.017224118337982357,0.026692813187912567,1.0,0.843002928579022,0.0
latency40,LQR-outer,3612,0.010457185414333369,0.020102163229390672,1.0,0.8179388650565121,0.0
latency40,LQR-outer,3613,0.01902332793588108,0.029568635157655176,1.0,0.8197498977020445,0.0
latency40,LQR-outer,3614,0.022206635283665097,0.03689961832296113,1.0,0.8269956053695832,0.0
latency40,LQR-outer,3615,0.016890445205427724,0.027403332961855095,1.0,0.7992647435408228,0.0
latency40,LQR-outer,3616,0.020115802073618606,0.03866516180075113,1.0,0.8168739250319782,0.0
latency40,LQR-outer,3617,0.01728844558190315,0.027369655664714287,1.0,0.8075466741827328,0.0
latency40,LQR-outer,3618,0.021067409313968454,0.03592371772922316,1.0,0.8287903256041861,0.0
latency40,LQR-outer,3619,0.0125512683756598,0.02009314721572259,1.0,0.8115824888538105,0.0
latency40,LQR-outer,3620,0.01783509902413757,0.026998589497158103,1.0,0.8053838901398593,0.0
latency40,LQR-outer,3621,0.013263084292672637,0.020151369341998297,1.0,0.8217594015984944,0.0
latency40,LQR-outer,3622,0.01850585508376407,0.031061774582708562,1.0,0.8336767238082239,0.0
latency40,LQR-outer,3623,0.017491213935972312,0.02895409096661403,1.0,0.8050547450008573,0.0
latency40,LQR-outer,3624,0.01879463157162779,0.029361591437965517,1.0,0.8093253635816448,0.0
latency40,LQR-outer,3625,0.01740866212768838,0.026865940157913087,1.0,0.8414485322254593,0.0
latency40,LQR-outer,3626,0.019807303398139048,0.031144286125803368,1.0,0.8060670944977578,0.0
latency40,LQR-outer,3627,0.01451696107762561,0.021252277449370506,1.0,0.8124241994070112,0.0
latency40,LQR-outer,3628,0.010329895978095352,0.020065600552302883,1.0,0.8310793585831754,0.0
latency40,LQR-outer,3629,0.01417062208701856,0.020095056868707516,1.0,0.8147723827883678,0.0
latency40,LQR-outer,3630,0.014761341248041222,0.020201243806326506,1.0,0.8206304897845106,0.0
latency40,LQR-outer,3631,0.020840251201858766,0.039825635068837684,1.0,0.8102375831492004,0.0
latency40,LQR-outer,3632,0.014187155754803008,0.02013879180488945,1.0,0.8231204498398866,0.0
latency40,LQR-outer,3633,0.017305865300698386,0.025884552365988016,1.0,0.8160304224872806,0.0
latency40,LQR-outer,3634,0.018534937461533826,0.030626420886524282,1.0,0.8301836334848745,0.0
latency40,LQR-outer,3635,0.018039653877445497,0.02814676546393301,1.0,0.8123468709981391,0.0
latency40,LQR-outer,3636,0.010530718895124634,0.020095300814838284,1.0,0.8234883122961609,0.0
latency40,LQR-outer,3637,0.01617050897866283,0.029354482949680516,1.0,0.8115194323058873,0.0
latency40,LQR-outer,3638,0.02057361886703061,0.03278229036993361,1.0,0.820491837098574,0.0
latency40,LQR-outer,3639,0.01917384561921972,0.031026429256701737,1.0,0.8100348646834599,0.0
latency40,LQR-outer,3640,0.010967560562883318,0.020067275623371635,1.0,0.8084270409369138,0.0
latency40,LQR-outer,3641,0.01495870161801664,0.020232687462482753,1.0,0.8046215362776964,0.0
latency40,LQR-outer,3642,0.01596927017493599,0.02203851061399002,1.0,0.8107273601796392,0.0
latency40,LQR-outer,3643,0.011401825736160295,0.02010280170960355,1.0,0.8133471431232606,0.0
latency40,LQR-outer,3644,0.016689723474219324,0.02406260014178721,1.0,0.8194205959376605,0.0
latency40,LQR-outer,3645,0.013487093479694815,0.020138631392357064,1.0,0.8144357408747162,0.0
latency40,LQR-outer,3646,0.016672036579733984,0.02351326983158924,1.0,0.819520621378172,0.0
latency40,LQR-outer,3647,0.020233161361759247,0.03274142640992304,1.0,0.8178534407125069,0.0
latency40,LQR-outer,3648,0.024626937396933758,0.04412204495334061,1.0,0.8085500745947672,0.0
latency40,LQR-outer,3649,0.01894118041464302,0.029238238592819037,1.0,0.8037179331110254,0.0
latency40,LQR-outer,3650,0.01983868901609443,0.039823364868859124,1.0,0.7968929880398061,0.0
latency40,LQR-outer,3651,0.0139908065230388,0.020060996235431162,1.0,0.8191012951879018,0.0
latency40,LQR-outer,3652,0.014916596127365293,0.020137021860145727,1.0,0.827726946693082,0.0
latency40,LQR-outer,3653,0.014688700195564161,0.020130584590465905,1.0,0.8031682103222537,0.0
latency40,LQR-outer,3654,0.012106710160017539,0.02007956675234865,1.0,0.8118434433262738,0.0
latency40,LQR-outer,3655,0.011332357637360521,0.02005860671700951,1.0,0.8211460923750383,0.0
latency40,LQR-outer,3656,0.013481078612046522,0.020111000419167264,1.0,0.8198708850931898,0.0
latency40,LQR-outer,3657,0.01216423731463094,0.02012421372684626,1.0,0.8179370424971885,0.0
latency40,LQR-outer,3658,0.019020529880400042,0.0323708357077211,1.0,0.8172685537475346,0.0
latency40,LQR-outer,3659,0.01670522957833277,0.024902608229076462,1.0,0.8216470091300236,0.0
latency40,LQR-outer,3660,0.014384155927669541,0.020166127132733278,1.0,0.8185152936135593,0.0
latency40,LQR-outer,3661,0.011342229610493536,0.020078728459047197,1.0,0.8289185871593515,0.0
latency40,LQR-outer,3662,0.019572918786876732,0.03465619981031047,1.0,0.8162255710420792,0.0
latency40,LQR-outer,3663,0.027714366434764413,0.048949335586420624,1.0,0.8248913918986643,0.0
latency40,LQR-outer,3664,0.01967491489942998,0.031142350790903005,1.0,0.8088159727793282,0.0
latency40,LQR-outer,3665,0.02116231121934906,0.034135968276125105,1.0,0.8185904536627879,0.0
latency40,LQR-outer,3666,0.020888800172310436,0.03367443155334302,1.0,0.8198009481372487,0.0
latency40,LQR-outer,3667,0.01822871089674958,0.035230993307299584,1.0,0.8346648466820313,0.0
latency40,LQR-outer,3668,0.017123832065812368,0.027204267146091882,1.0,0.8227474210306875,0.0
latency40,LQR-outer,3669,0.015545252072733665,0.02141683948707793,1.0,0.8266156165727211,0.0
latency40,LQR-outer,3670,0.01430427367690128,0.02812605408748119,1.0,0.8161152220737904,0.0
latency40,LQR-outer,3671,0.02487252044410456,0.04890420136492734,1.0,0.8105089484855198,0.0
latency40,LQR-outer,3672,0.016198786926548782,0.02340614772438695,1.0,0.8261148143076779,0.0
latency40,LQR-outer,3673,0.012681920843428562,0.020143823638863922,1.0,0.8233381586720527,0.0
latency40,LQR-outer,3674,0.011192345183944508,0.020111463138998323,1.0,0.8226128089300833,0.0
latency40,LQR-outer,3675,0.011319238580582315,0.020113168857082513,1.0,0.8279427131811057,0.0
latency40,LQR-outer,3676,0.014002311768543187,0.020159092485989686,1.0,0.8266369582096605,0.0
latency40,LQR-outer,3677,0.020459392221829627,0.040491746308062716,1.0,0.8054163862654133,0.0
latency40,LQR-outer,3678,0.014457207472719483,0.020163588383845302,1.0,0.8299509947196323,0.0
latency40,LQR-outer,3679,0.013903165314939516,0.020151414254526944,1.0,0.8175875535978325,0.0
latency40,LQR-outer,3680,0.015775972859121242,0.02956859984554692,1.0,0.8136725342647743,0.0
latency40,LQR-outer,3681,0.011080502443851023,0.020114387648973747,1.0,0.8192134460764801,0.0
latency40,LQR-outer,3682,0.019631458294940327,0.03310033507126494,1.0,0.7952524201054875,0.0
latency40,LQR-outer,3683,0.012963027500858138,0.020132649757304496,1.0,0.829276714816913,0.0
latency40,LQR-outer,3684,0.011867748799023276,0.02012872676052114,1.0,0.8138630287390335,0.0
latency40,LQR-outer,3685,0.018340424828880753,0.02840616943859558,1.0,0.8273834725413368,0.0
latency40,LQR-outer,3686,0.018230519713636893,0.03152985364609641,1.0,0.8051048269436039,0.0
latency40,LQR-outer,3687,0.016144149149437664,0.028548586059144985,1.0,0.818432124614158,0.0
latency40,LQR-outer,3688,0.016973494213410913,0.025221711302185316,1.0,0.8152490460262546,0.0
latency40,LQR-outer,3689,0.01936475864708787,0.03290878822082901,1.0,0.8141052291484216,0.0
latency40,LQR-outer,3690,0.01808424356856032,0.02781814252476237,1.0,0.8091388315836664,0.0
latency40,LQR-outer,3691,0.014806392387635713,0.024718763696938813,1.0,0.8160216157201005,0.0
latency40,LQR-outer,3692,0.012676999106189305,0.02013794642565287,1.0,0.8167978145689334,0.0
latency40,LQR-outer,3693,0.014413890667966351,0.02013775284679797,1.0,0.8051214270256742,0.0
latency40,LQR-outer,3694,0.01376527999614913,0.02016263409594409,1.0,0.8183638743935816,0.0
latency40,LQR-outer,3695,0.011055079805965947,0.020041213247012173,1.0,0.8234872803616194,0.0
latency40,LQR-outer,3696,0.018462425509825797,0.030354374123165672,1.0,0.8171309407803923,0.0
latency40,LQR-outer,3697,0.01852667122554805,0.03172801482431431,1.0,0.7982108991428254,0.0
latency40,LQR-outer,3698,0.016742956249826097,0.02535479840065134,1.0,0.81682351625012,0.0
latency40,LQR-outer,3699,0.011554970320016577,0.02008197494361379,1.0,0.8279875490975634,0.0
latency40,Geo+AE-CeNN,3600,0.014851372480717327,0.023423052395080107,1.0,0.827272671329095,0.03943021490274588
latency40,Geo+AE-CeNN,3601,0.016328748671656044,0.023461390977671005,1.0,0.8308859716896998,0.03931380208138622
latency40,Geo+AE-CeNN,3602,0.017305412581515505,0.027061574136216338,1.0,0.826033364615369,0.039472143049363834
latency40,Geo+AE-CeNN,3603,0.020911106729339126,0.029675352120073235,1.0,0.8254592662257009,0.039579465042436986
latency40,Geo+AE-CeNN,3604,0.020679175177573464,0.03544538086870886,1.0,0.8176248579937774,0.03937563186236323
latency40,Geo+AE-CeNN,3605,0.020277812071234955,0.027532799955794593,1.0,0.8309694319317933,0.03926771675331541
latency40,Geo+AE-CeNN,3606,0.025612353875516577,0.0474741275148162,1.0,0.8219353357297632,0.03921774187600144
latency40,Geo+AE-CeNN,3607,0.023633397459990053,0.03550845666291132,1.0,0.8388433047284486,0.03946080271709483
latency40,Geo+AE-CeNN,3608,0.023086869312681047,0.033599678317087794,1.0,0.8232202624253185,0.039718683265005356
latency40,Geo+AE-CeNN,3609,0.020370119711743927,0.029625411350910156,1.0,0.8261617673062904,0.03962034302935727
latency40,Geo+AE-CeNN,3610,0.02894045652592892,0.04621880391321864,1.0,0.8117241733226672,0.0394666337124854
latency40,Geo+AE-CeNN,3611,0.019194449667401407,0.02713871371167467,1.0,0.8515791634566567,0.039265272558671675
latency40,Geo+AE-CeNN,3612,0.012887974953509773,0.02330254521657586,1.0,0.8243515899101792,0.039345789744023904
latency40,Geo+AE-CeNN,3613,0.021482918639649268,0.029902990374068388,1.0,0.8274920790307188,0.03968312307303125
latency40,Geo+AE-CeNN,3614,0.024896322686789187,0.03789175807096908,1.0,0.8355447514515565,0.0394992950430863
latency40,Geo+AE-CeNN,3615,0.018499533345868,0.027403332961855095,1.0,0.805676092192547,0.039558852934414426
latency40,Geo+AE-CeNN,3616,0.022421329088740123,0.03866516180075113,1.0,0.8206600301795668,0.03948927793543197
latency40,Geo+AE-CeNN,3617,0.01887813247123645,0.027401165919533347,1.0,0.8144785520747176,0.039722535137647966
latency40,Geo+AE-CeNN,3618,0.023794846924222495,0.03685215728150182,1.0,0.8366426823886024,0.0397116304918004
latency40,Geo+AE-CeNN,3619,0.014921878846451804,0.023255826121282873,1.0,0.8173274552066904,0.03946767694642452
latency40,Geo+AE-CeNN,3620,0.019426438479552666,0.027055435876306416,1.0,0.8121044574002223,0.03943096007162321
latency40,Geo+AE-CeNN,3621,0.016501090640350356,0.02361342941413312,1.0,0.8288769641569755,0.039455677901600816
latency40,Geo+AE-CeNN,3622,0.02177170666354801,0.03309922968606391,1.0,0.8392037366871951,0.03958125504443654
latency40,Geo+AE-CeNN,3623,0.01947005747013516,0.02895409096661403,1.0,0.8111660156160411,0.03963038858823465
latency40,Geo+AE-CeNN,3624,0.02139361841373073,0.03045541425943832,1.0,0.8139401420454088,0.0393970362653539
latency40,Geo+AE-CeNN,3625,0.019603099175425413,0.027467762275617476,1.0,0.850656199300682,0.03935945272454109
latency40,Geo+AE-CeNN,3626,0.022251203616831975,0.03193009208844018,1.0,0.8122971776342679,0.03952651767858757
latency40,Geo+AE-CeNN,3627,0.016094036739617568,0.023601221285249552,1.0,0.8193454313183106,0.039423729270078325
latency40,Geo+AE-CeNN,3628,0.012446604030579048,0.023211960853838268,1.0,0.8379768918732193,0.03921148008641191
latency40,Geo+AE-CeNN,3629,0.015497064793124186,0.023333965078273587,1.0,0.8216528020960724,0.03932471560450727
latency40,Geo+AE-CeNN,3630,0.017867818754389454,0.023738915809645877,1.0,0.827486423575809,0.03957241804686435
latency40,Geo+AE-CeNN,3631,0.02239425186685491,0.039825635068837684,1.0,0.816658448843982,0.03927869810423126
latency40,Geo+AE-CeNN,3632,0.016591362169591867,0.023600675470320864,1.0,0.8306378354684358,0.03942753591741125
latency40,Geo+AE-CeNN,3633,0.02042793041095398,0.028101141469613736,1.0,0.8220612394317862,0.0396114778697185
latency40,Geo+AE-CeNN,3634,0.02146496758836249,0.03119400277498027,1.0,0.8374489996451536,0.03960908846733045
latency40,Geo+AE-CeNN,3635,0.019891805488270877,0.02810921629850673,1.0,0.8198894910937463,0.03965364238592396
latency40,Geo+AE-CeNN,3636,0.013107368016173914,0.023283441288089044,1.0,0.8300221208786128,0.03946688338521921
latency40,Geo+AE-CeNN,3637,0.018070085879225536,0.029354482949680516,1.0,0.8178598090768994,0.03937783161487862
latency40,Geo+AE-CeNN,3638,0.02326591554592672,0.03429118215185524,1.0,0.8282313955209945,0.03966298315323202
latency40,Geo+AE-CeNN,3639,0.021408633663712706,0.03135095437545637,1.0,0.8170213921083652,0.03982986113229269
latency40,Geo+AE-CeNN,3640,0.012804161246141645,0.02308374710633697,1.0,0.8130900316411462,0.039245188998842016
latency40,Geo+AE-CeNN,3641,0.016466268552271283,0.02333786604393787,1.0,0.8102148081815347,0.039649157646632315
latency40,Geo+AE-CeNN,3642,0.018398665802086902,0.02364889911426574,1.0,0.8171425471437264,0.03951310967182146
latency40,Geo+AE-CeNN,3643,0.013996770162873533,0.023287783988477546,1.0,0.8191539476123659,0.03950369900560788
latency40,Geo+AE-CeNN,3644,0.01895671665161586,0.02534890906669616,1.0,0.826781454495049,0.039628508507459186
latency40,Geo+AE-CeNN,3645,0.016115612722905473,0.02348609433120743,1.0,0.8201305179827089,0.03961618252654405
latency40,Geo+AE-CeNN,3646,0.019245193590898543,0.02467867142615474,1.0,0.8263084363202848,0.03942539179851065
latency40,Geo+AE-CeNN,3647,0.022264712919870727,0.03316488813277352,1.0,0.8259259979517536,0.039663423580445056
latency40,Geo+AE-CeNN,3648,0.027239157499057292,0.04433433806076036,1.0,0.8136403913488871,0.03965597507580328
latency40,Geo+AE-CeNN,3649,0.02133191862978526,0.029416671590160218,1.0,0.8103525174957439,0.03955644665558511
latency40,Geo+AE-CeNN,3650,0.021149565693225666,0.039823364868859124,1.0,0.8033658006034363,0.039554057214658954
latency40,Geo+AE-CeNN,3651,0.01620720105457332,0.023135572402803655,1.0,0.8248183810866005,0.03942779408849549
latency40,Geo+AE-CeNN,3652,0.018141861670817095,0.023503531963996693,1.0,0.8344817862785711,0.03933137055167731
latency40,Geo+AE-CeNN,3653,0.016644051394913754,0.02344039391640169,1.0,0.8088730031558364,0.03952692373300051
latency40,Geo+AE-CeNN,3654,0.013714066058211538,0.023200930593697433,1.0,0.8176242445943966,0.0393011479007574
latency40,Geo+AE-CeNN,3655,0.013170590823377142,0.023133232848802362,1.0,0.827603786648404,0.03939459421393082
latency40,Geo+AE-CeNN,3656,0.015568367291871596,0.02342431037019411,1.0,0.8270224740170665,0.039294218856177614
latency40,Geo+AE-CeNN,3657,0.014283141684838015,0.02347361669728665,1.0,0.8250118318162281,0.03939226886449899
latency40,Geo+AE-CeNN,3658,0.02046968908345663,0.03242691352874195,1.0,0.823517210169615,0.039302568454878
latency40,Geo+AE-CeNN,3659,0.01861584919162908,0.024967032075033584,1.0,0.8298219610490256,0.03953042598206337
latency40,Geo+AE-CeNN,3660,0.017318440502159294,0.023646902423576272,1.0,0.8247721252958042,0.03939285538455107
latency40,Geo+AE-CeNN,3661,0.013024484702987551,0.023303791867521552,1.0,0.8363885198579248,0.03924954292970188
latency40,Geo+AE-CeNN,3662,0.021524152262775355,0.03494625314699648,1.0,0.8198259411335246,0.039251856301060796
latency40,Geo+AE-CeNN,3663,0.03070747241570056,0.05030138459288835,1.0,0.8322336276647254,0.03968296110949904
latency40,Geo+AE-CeNN,3664,0.022204799929601463,0.03191460246184882,1.0,0.8159482621998652,0.03967045443483999
latency40,Geo+AE-CeNN,3665,0.024333323053529223,0.0361395087636996,1.0,0.8253858129402706,0.03961831079194223
latency40,Geo+AE-CeNN,3666,0.024094922697432002,0.035699184228851905,1.0,0.8264709616363318,0.03969006084773486
latency40,Geo+AE-CeNN,3667,0.020260805106269212,0.03548480816211591,1.0,0.8398340256750164,0.03944762271373716
latency40,Geo+AE-CeNN,3668,0.019186927360721518,0.027257866558644383,1.0,0.8309113100285228,0.03961592594836166
latency40,Geo+AE-CeNN,3669,0.018718807498292026,0.024245464537535923,1.0,0.8326431584614825,0.03942240999499446
latency40,Geo+AE-CeNN,3670,0.015709191854696776,0.02812605408748119,1.0,0.8208385845868494,0.03903831342933762
latency40,Geo+AE-CeNN,3671,0.025883018523957135,0.04890420136492734,1.0,0.8174017555107579,0.039386427735843776
latency40,Geo+AE-CeNN,3672,0.01934625711318706,0.025479114679254577,1.0,0.8338705421422035,0.039595813435172135
latency40,Geo+AE-CeNN,3673,0.015569582350988567,0.023569775706761914,1.0,0.8303191524979069,0.03949650749119899
latency40,Geo+AE-CeNN,3674,0.0141963750340017,0.02337207157821521,1.0,0.8292320061491014,0.039390995266733536
latency40,Geo+AE-CeNN,3675,0.01463494357562139,0.023417824403624,1.0,0.8347180925185411,0.039449899747824736
latency40,Geo+AE-CeNN,3676,0.016764686614966412,0.023699176033354568,1.0,0.8344140620273593,0.039363743144436567
latency40,Geo+AE-CeNN,3677,0.022235993667639623,0.040491746308062716,1.0,0.8116188015530369,0.03979593991646414
latency40,Geo+AE-CeNN,3678,0.018348944085455843,0.025010077760015608,1.0,0.8363179891868199,0.03954921790408663
latency40,Geo+AE-CeNN,3679,0.017005471928832467,0.02355067165459856,1.0,0.8236439210797055,0.03945659307786111
latency40,Geo+AE-CeNN,3680,0.016793512427000157,0.02956859984554692,1.0,0.8203091023470918,0.03926833692769974
latency40,Geo+AE-CeNN,3681,0.01312611630691563,0.02343087366694791,1.0,0.8262646984252494,0.039387754061952496
latency40,Geo+AE-CeNN,3682,0.021482118149513372,0.03310033507126494,1.0,0.8009069502968441,0.03962168969059409
latency40,Geo+AE-CeNN,3683,0.015472993921051175,0.023559136335288604,1.0,0.836395667011436,0.039272154529425715
latency40,Geo+AE-CeNN,3684,0.013835762531924357,0.02346471863877901,1.0,0.8199914461979599,0.039563006135575465
latency40,Geo+AE-CeNN,3685,0.0203692151628359,0.029068183370629015,1.0,0.8357346673370739,0.03933934167732033
latency40,Geo+AE-CeNN,3686,0.019169511433125386,0.03152985364609641,1.0,0.8115608816902973,0.03936475685546517
latency40,Geo+AE-CeNN,3687,0.018202304043578428,0.02864273024366358,1.0,0.8240333634632978,0.03945249870251097
latency40,Geo+AE-CeNN,3688,0.019718849421082006,0.026377945726638707,1.0,0.8213299588443411,0.039328204383952466
latency40,Geo+AE-CeNN,3689,0.021069873452736594,0.03290902538561175,1.0,0.8208091420180629,0.03932789683047843
latency40,Geo+AE-CeNN,3690,0.01959236435593695,0.02781016189700795,1.0,0.816200999040989,0.039334970867060275
latency40,Geo+AE-CeNN,3691,0.015932748742251136,0.024718763696938813,1.0,0.8220542480911235,0.039361339542767285
latency40,Geo+AE-CeNN,3692,0.014959009525525535,0.023524234337851013,1.0,0.823393245182002,0.03951204880251435
latency40,Geo+AE-CeNN,3693,0.01643511449681445,0.023481361161730854,1.0,0.8112830335480549,0.039606471737892786
latency40,Geo+AE-CeNN,3694,0.01618853839760698,0.023674733588689618,1.0,0.8248776219966908,0.03960619934082591
latency40,Geo+AE-CeNN,3695,0.012893845845885127,0.023035972276017506,1.0,0.8296611806279088,0.03924608918338273
latency40,Geo+AE-CeNN,3696,0.021135017169996984,0.031213222649574737,1.0,0.8233809675664479,0.0396738525996848
latency40,Geo+AE-CeNN,3697,0.020441712391965235,0.03172801482431431,1.0,0.8042603906669549,0.03959356449904734
latency40,Geo+AE-CeNN,3698,0.01920943664150002,0.02612770080277673,1.0,0.8240370216285846,0.039677663665181974
latency40,Geo+AE-CeNN,3699,0.014312866995228582,0.023212696396759196,1.0,0.8340094387059329,0.03936967563680137
latency40,Geo+D1-3AE-CeNN,3600,0.01499056130911156,0.02314278941808355,1.0,0.8276894990101819,0.03683775250654213
latency40,Geo+D1-3AE-CeNN,3601,0.01668084834087094,0.023137594873527855,1.0,0.831085195311247,0.03683733876293616
latency40,Geo+D1-3AE-CeNN,3602,0.017455567330414236,0.027061574136216338,1.0,0.8262931038753794,0.036836927795967034
latency40,Geo+D1-3AE-CeNN,3603,0.02112500462044888,0.0296559360328453,1.0,0.8256718554962204,0.03683702184631634
latency40,Geo+D1-3AE-CeNN,3604,0.021063056568443865,0.03544538086870886,1.0,0.8178151593504395,0.03683723741887482
latency40,Geo+D1-3AE-CeNN,3605,0.020837808366826492,0.027882869408665353,1.0,0.8307241922166664,0.036837515205109216
latency40,Geo+D1-3AE-CeNN,3606,0.02613825209706274,0.04747431529533534,1.0,0.8216614698415934,0.03683638941108126
latency40,Geo+D1-3AE-CeNN,3607,0.023781964307462194,0.03544474938568339,1.0,0.8391750625469818,0.03683687116351508
latency40,Geo+D1-3AE-CeNN,3608,0.023296368146509504,0.03364871051531649,1.0,0.8233981038853274,0.03683725600280872
latency40,Geo+D1-3AE-CeNN,3609,0.020487085497573526,0.02955935774853177,1.0,0.8264083600307477,0.03683730108423052
latency40,Geo+D1-3AE-CeNN,3610,0.02928029035343641,0.04631669458912331,1.0,0.8115575099960618,0.036837755767910874
latency40,Geo+D1-3AE-CeNN,3611,0.01935555233890998,0.02711957873173624,1.0,0.8519471226633233,0.03683778623022102
latency40,Geo+D1-3AE-CeNN,3612,0.01325845735769045,0.02299090510503091,1.0,0.8245333890445974,0.036836556741295295
latency40,Geo+D1-3AE-CeNN,3613,0.02168638880880408,0.029954619351507145,1.0,0.8275977364680406,0.036836966950190175
latency40,Geo+D1-3AE-CeNN,3614,0.025154360890577966,0.03792442569542521,1.0,0.8354269635354657,0.036836927372325384
latency40,Geo+D1-3AE-CeNN,3615,0.018921607009685225,0.027403332961855095,1.0,0.8055721720650978,0.03683711577238118
latency40,Geo+D1-3AE-CeNN,3616,0.022683832013182408,0.03866516180075113,1.0,0.8210358550877984,0.036837142146674155
latency40,Geo+D1-3AE-CeNN,3617,0.01908778629198669,0.02738235868807466,1.0,0.8145359489491001,0.03683773648323753
latency40,Geo+D1-3AE-CeNN,3618,0.023812108480392502,0.03670683774005871,1.0,0.8369299172382099,0.03683724152143984
latency40,Geo+D1-3AE-CeNN,3619,0.015497306290839914,0.022839290334445546,1.0,0.8172046409843687,0.036837149413489305
latency40,Geo+D1-3AE-CeNN,3620,0.019905571005234823,0.027185109936966954,1.0,0.8120237221054449,0.036837318508435725
latency40,Geo+D1-3AE-CeNN,3621,0.016918780598238734,0.023215271221348074,1.0,0.8288602670704616,0.03683733280073423
latency40,Geo+D1-3AE-CeNN,3622,0.02172545459919587,0.03281444167959212,1.0,0.83986215600925,0.03683693527220957
latency40,Geo+D1-3AE-CeNN,3623,0.019659902126756418,0.02895409096661403,1.0,0.8115681374265187,0.036837134847148054
latency40,Geo+D1-3AE-CeNN,3624,0.02197499109074746,0.030733520597869404,1.0,0.813921136682228,0.03683672372225489
latency40,Geo+D1-3AE-CeNN,3625,0.019853407352520475,0.02742639766217416,1.0,0.8507981029572342,0.03683720243896475
latency40,Geo+D1-3AE-CeNN,3626,0.022684525304278905,0.032123290055796824,1.0,0.8121870677714508,0.03683687234953427
latency40,Geo+D1-3AE-CeNN,3627,0.016434695075888985,0.023235152114834824,1.0,0.8195497310122927,0.03683733757717062
latency40,Geo+D1-3AE-CeNN,3628,0.012798941454228718,0.02286734569069171,1.0,0.8382939547147998,0.036837065827080795
latency40,Geo+D1-3AE-CeNN,3629,0.01606878414011161,0.022984937005981098,1.0,0.8214842977728347,0.03683722189425844
latency40,Geo+D1-3AE-CeNN,3630,0.018133994497611123,0.02336091190754076,1.0,0.8277266650520606,0.036836359309093236
latency40,Geo+D1-3AE-CeNN,3631,0.022874778227816785,0.039825635068837684,1.0,0.8165409912525446,0.03683737617782777
latency40,Geo+D1-3AE-CeNN,3632,0.01700014729565876,0.023196481031250632,1.0,0.8307024584617325,0.03683733742874792
latency40,Geo+D1-3AE-CeNN,3633,0.020654564490470324,0.028086561155776568,1.0,0.8223011853683361,0.036836885154330964
latency40,Geo+D1-3AE-CeNN,3634,0.02149727029323409,0.031033889099447445,1.0,0.8378364895243557,0.0368379878620629
latency40,Geo+D1-3AE-CeNN,3635,0.02014817334519401,0.028135045805392483,1.0,0.8199948619223482,0.03683712344234947
latency40,Geo+D1-3AE-CeNN,3636,0.01344386603835595,0.022973986038523662,1.0,0.8303381871290035,0.03683741401050043
latency40,Geo+D1-3AE-CeNN,3637,0.018392189437386377,0.029354482949680516,1.0,0.8182760537470687,0.03683781004384585
latency40,Geo+D1-3AE-CeNN,3638,0.023538870184763472,0.0344061907013476,1.0,0.8283311685973423,0.036837214796617015
latency40,Geo+D1-3AE-CeNN,3639,0.0215878617707893,0.03132793641642008,1.0,0.8173338293173735,0.03683649721040237
latency40,Geo+D1-3AE-CeNN,3640,0.01336923740315184,0.02271417769777243,1.0,0.8132639554113956,0.036837718638514656
latency40,Geo+D1-3AE-CeNN,3641,0.017114757383008203,0.02290267763378996,1.0,0.8099614176833914,0.03683697422498928
latency40,Geo+D1-3AE-CeNN,3642,0.018771298550292543,0.023311180294881394,1.0,0.8172305085511407,0.036837223256083886
latency40,Geo+D1-3AE-CeNN,3643,0.014472388875899021,0.022909751230636554,1.0,0.8192509195343379,0.03683693286465553
latency40,Geo+D1-3AE-CeNN,3644,0.0191880137582507,0.025327439845356854,1.0,0.8271412432713399,0.036836728598229104
latency40,Geo+D1-3AE-CeNN,3645,0.016286060132395985,0.023162348466511686,1.0,0.8204479690086486,0.0368369296858577
latency40,Geo+D1-3AE-CeNN,3646,0.019639772128880323,0.025000861274828715,1.0,0.8264757090450877,0.036837209668281024
latency40,Geo+D1-3AE-CeNN,3647,0.02260766329659256,0.03326352226394162,1.0,0.8258045512571242,0.036836495909564185
latency40,Geo+D1-3AE-CeNN,3648,0.02761251532554393,0.044351157699742,1.0,0.813537545233953,0.03683662013017029
latency40,Geo+D1-3AE-CeNN,3649,0.021681132680648352,0.02946195937448276,1.0,0.8103214041278376,0.03683746964216188
latency40,Geo+D1-3AE-CeNN,3650,0.021370510159672416,0.039823364868859124,1.0,0.8033732331783715,0.03683618871124409
latency40,Geo+D1-3AE-CeNN,3651,0.016862068456474137,0.022680200758911605,1.0,0.8246628889815542,0.036837177222675925
latency40,Geo+D1-3AE-CeNN,3652,0.01861213948548771,0.02378724932502858,1.0,0.834578558311673,0.03683734757257014
latency40,Geo+D1-3AE-CeNN,3653,0.017209836213306035,0.023023684395211852,1.0,0.8088239320857159,0.036837080239197385
latency40,Geo+D1-3AE-CeNN,3654,0.014293560503800339,0.022819235893408167,1.0,0.8177406579123352,0.03683729566413449
latency40,Geo+D1-3AE-CeNN,3655,0.013753993823927797,0.02276358790851036,1.0,0.8276036943634797,0.03683764887546385
latency40,Geo+D1-3AE-CeNN,3656,0.016094099639524507,0.02302282741112896,1.0,0.8270404891688189,0.03683715187641603
latency40,Geo+D1-3AE-CeNN,3657,0.014601691258953773,0.02315892154560899,1.0,0.8251589639189715,0.036836909215888336
latency40,Geo+D1-3AE-CeNN,3658,0.02106015527126089,0.03245767122409351,1.0,0.8231663607660257,0.036837813122488794
latency40,Geo+D1-3AE-CeNN,3659,0.018907049220767993,0.025014017242590975,1.0,0.8298889649634575,0.03683816165221326
latency40,Geo+D1-3AE-CeNN,3660,0.017610917903650894,0.023273468949731015,1.0,0.8250555277405929,0.03683768236384228
latency40,Geo+D1-3AE-CeNN,3661,0.01344672755815499,0.022978879019595475,1.0,0.8366235673150095,0.03683674902828413
latency40,Geo+D1-3AE-CeNN,3662,0.022134960413518513,0.03499243007233294,1.0,0.8195798931581244,0.03683719868198891
latency40,Geo+D1-3AE-CeNN,3663,0.030874511354942135,0.05034861817389222,1.0,0.8324145650637351,0.03683658746155194
latency40,Geo+D1-3AE-CeNN,3664,0.02245768278563555,0.03192507510046513,1.0,0.8159984839999952,0.036837642404491465
latency40,Geo+D1-3AE-CeNN,3665,0.024660257900665034,0.03625507195974787,1.0,0.8253789562258296,0.03683732270304306
latency40,Geo+D1-3AE-CeNN,3666,0.02437531339190225,0.03581570623910633,1.0,0.8265689157502025,0.03683722014195069
latency40,Geo+D1-3AE-CeNN,3667,0.020207087990221643,0.03543004386309572,1.0,0.8403189145380917,0.036837163258619146
latency40,Geo+D1-3AE-CeNN,3668,0.01936846481377631,0.027219424059392597,1.0,0.8309771823076189,0.03683730802994703
latency40,Geo+D1-3AE-CeNN,3669,0.0190223078254832,0.024368912859773762,1.0,0.8328462752061998,0.036836729041800874
latency40,Geo+D1-3AE-CeNN,3670,0.016264538937872323,0.02812605408748119,1.0,0.8208713031390005,0.036837208519430446
latency40,Geo+D1-3AE-CeNN,3671,0.026307285286699227,0.04890420136492734,1.0,0.8173368217764235,0.03683777201279234
latency40,Geo+D1-3AE-CeNN,3672,0.019517935577518956,0.02520123669742459,1.0,0.8339965135516927,0.03683716475864522
latency40,Geo+D1-3AE-CeNN,3673,0.015870161540204757,0.023207482764119325,1.0,0.830565566644116,0.03683686426000954
latency40,Geo+D1-3AE-CeNN,3674,0.014496844653081374,0.02302183186113728,1.0,0.829265373980898,0.03683811112197996
latency40,Geo+D1-3AE-CeNN,3675,0.014938718276254852,0.02304207342812921,1.0,0.8348589137921211,0.036836858267401885
latency40,Geo+D1-3AE-CeNN,3676,0.01695893469133788,0.023372281947792072,1.0,0.8346425453844252,0.03683764643151676
latency40,Geo+D1-3AE-CeNN,3677,0.02228697909093332,0.040491746308062716,1.0,0.8118571003512222,0.03683741965252128
latency40,Geo+D1-3AE-CeNN,3678,0.01861982645555599,0.024947287916459223,1.0,0.8363875150952379,0.03683705083962484
latency40,Geo+D1-3AE-CeNN,3679,0.017234311677440595,0.02319851087415431,1.0,0.823800608386222,0.036837597139900057
latency40,Geo+D1-3AE-CeNN,3680,0.017280594238277977,0.02956859984554692,1.0,0.8202661737589845,0.03683753526906251
latency40,Geo+D1-3AE-CeNN,3681,0.013550970687850467,0.02309273449375119,1.0,0.8264745681292898,0.036837538233871675
latency40,Geo+D1-3AE-CeNN,3682,0.021894181309365438,0.03310033507126494,1.0,0.8008422440754864,0.03683696481233369
latency40,Geo+D1-3AE-CeNN,3683,0.015604892759308054,0.02327482743954742,1.0,0.8368240955797447,0.0368366191828654
latency40,Geo+D1-3AE-CeNN,3684,0.014071799112061302,0.023162405780067615,1.0,0.82032994882602,0.0368370554220089
latency40,Geo+D1-3AE-CeNN,3685,0.02077513132577913,0.02929325425866638,1.0,0.8356870051955282,0.03683761719858481
latency40,Geo+D1-3AE-CeNN,3686,0.019662226980353747,0.03152985364609641,1.0,0.8114267163546802,0.03683680052423897
latency40,Geo+D1-3AE-CeNN,3687,0.01822653551596119,0.02861227437117618,1.0,0.8243557022012121,0.03683741782455477
latency40,Geo+D1-3AE-CeNN,3688,0.020023356173783056,0.02644845691705254,1.0,0.8215181887014973,0.03683722993860714
latency40,Geo+D1-3AE-CeNN,3689,0.021577903192568904,0.03290922243099119,1.0,0.8206072362803499,0.036836993743603996
latency40,Geo+D1-3AE-CeNN,3690,0.020012895830534734,0.02789529365005237,1.0,0.8162980530750603,0.03683745409116129
latency40,Geo+D1-3AE-CeNN,3691,0.016149478609821206,0.024718763696938813,1.0,0.8222172418311523,0.03683680241203355
latency40,Geo+D1-3AE-CeNN,3692,0.015267791164634715,0.023165340365893638,1.0,0.8236722235302405,0.03683779227031443
latency40,Geo+D1-3AE-CeNN,3693,0.01698603853601459,0.023086366444433678,1.0,0.8111894969929557,0.03683751142446257
latency40,Geo+D1-3AE-CeNN,3694,0.016313395844013538,0.023352970071385357,1.0,0.8252357309937044,0.03683745711547236
latency40,Geo+D1-3AE-CeNN,3695,0.013435626832315861,0.022667735955317014,1.0,0.829728061938092,0.03683815679423062
latency40,Geo+D1-3AE-CeNN,3696,0.02115643675526069,0.03105358664014326,1.0,0.8237876426232323,0.03683757965467654
latency40,Geo+D1-3AE-CeNN,3697,0.020790527347225463,0.03172801482431431,1.0,0.8044209976588856,0.03683733093388047
latency40,Geo+D1-3AE-CeNN,3698,0.019344273173353608,0.02595931344966017,1.0,0.8242995996000707,0.03683771849196232
latency40,Geo+D1-3AE-CeNN,3699,0.014582059780348412,0.022879209446388167,1.0,0.8343858137486363,0.03683721628189713
latency40,Geo+D1-10AE-CeNN,3600,0.014666202483781853,0.0221351630861184,1.0,0.8273929738411292,0.03889460442937407
latency40,Geo+D1-10AE-CeNN,3601,0.016196307147852466,0.022707153695006043,1.0,0.8309997519308149,0.0388946044293745
latency40,Geo+D1-10AE-CeNN,3602,0.017158453819924698,0.027061574136216338,1.0,0.8260092946735939,0.038894604429374854
latency40,Geo+D1-10AE-CeNN,3603,0.020867046322599232,0.029822189111835817,1.0,0.8254110315745591,0.03889460442937465
latency40,Geo+D1-10AE-CeNN,3604,0.02061805797856573,0.03544538086870886,1.0,0.817717716985697,0.038894604429374105
latency40,Geo+D1-10AE-CeNN,3605,0.020257695835561546,0.027627387334409254,1.0,0.8308393189534847,0.03889460442937428
latency40,Geo+D1-10AE-CeNN,3606,0.025588122681751712,0.047474147529317626,1.0,0.8218933978070732,0.03889460442937483
latency40,Geo+D1-10AE-CeNN,3607,0.02363559362121816,0.0357087897839644,1.0,0.8387618833892979,0.0388946044293746
latency40,Geo+D1-10AE-CeNN,3608,0.02306718042184333,0.033755492706820905,1.0,0.8230982815839741,0.038894604429374605
latency40,Geo+D1-10AE-CeNN,3609,0.020268567940883227,0.02964541995003161,1.0,0.8260932785131508,0.03889460442937455
latency40,Geo+D1-10AE-CeNN,3610,0.028933235606333443,0.046267432320762414,1.0,0.8114968926675247,0.03889460442937425
latency40,Geo+D1-10AE-CeNN,3611,0.019106671609590304,0.027165626707812498,1.0,0.8516673415163725,0.0388946044293744
latency40,Geo+D1-10AE-CeNN,3612,0.012725163577694744,0.022007049859310217,1.0,0.8243347757831584,0.03889460442937476
latency40,Geo+D1-10AE-CeNN,3613,0.021436852693107605,0.03001766337462988,1.0,0.8273124874650557,0.03889460442937481
latency40,Geo+D1-10AE-CeNN,3614,0.024870716834966645,0.03797672393654719,1.0,0.835286349136396,0.03889460442937491
latency40,Geo+D1-10AE-CeNN,3615,0.0184248070623728,0.027403332961855095,1.0,0.8055418790593926,0.03889460442937464
latency40,Geo+D1-10AE-CeNN,3616,0.02235267794731897,0.03866516180075113,1.0,0.8208007056240408,0.0388946044293741
latency40,Geo+D1-10AE-CeNN,3617,0.018767444836140724,0.027431924979426793,1.0,0.8143353154771817,0.03889460442937427
latency40,Geo+D1-10AE-CeNN,3618,0.023708515308677243,0.03689284562271343,1.0,0.8364981604641746,0.038894604429374494
latency40,Geo+D1-10AE-CeNN,3619,0.014799680644183025,0.021893340699295178,1.0,0.817219382359041,0.038894604429374376
latency40,Geo+D1-10AE-CeNN,3620,0.019392711595662335,0.02711814375708617,1.0,0.8120444498200116,0.03889460442937462
latency40,Geo+D1-10AE-CeNN,3621,0.016440669961015703,0.022250906067327686,1.0,0.8287163334986244,0.038894604429374376
latency40,Geo+D1-10AE-CeNN,3622,0.02168490048474293,0.03313426377290512,1.0,0.8392716108254525,0.038894604429374494
latency40,Geo+D1-10AE-CeNN,3623,0.01941680465498185,0.02895409096661403,1.0,0.8112460331828103,0.038894604429374445
latency40,Geo+D1-10AE-CeNN,3624,0.02141434124386025,0.030567318613394685,1.0,0.8140167774921704,0.03889460442937449
latency40,Geo+D1-10AE-CeNN,3625,0.01952748263102271,0.027495388671655255,1.0,0.8506298754484255,0.03889460442937461
latency40,Geo+D1-10AE-CeNN,3626,0.022249703634856795,0.032062337417235784,1.0,0.8121580589908944,0.03889460442937454
latency40,Geo+D1-10AE-CeNN,3627,0.016000996627168265,0.02226018011596593,1.0,0.8193755149676331,0.038894604429374646
latency40,Geo+D1-10AE-CeNN,3628,0.012274444929822232,0.021884140886132532,1.0,0.8380670709446378,0.038894604429374306
latency40,Geo+D1-10AE-CeNN,3629,0.015398515872256806,0.02203665237327563,1.0,0.821541630581909,0.038894604429374514
latency40,Geo+D1-10AE-CeNN,3630,0.017806319695497445,0.023385593935550984,1.0,0.8274495025122107,0.03889460442937496
latency40,Geo+D1-10AE-CeNN,3631,0.022387273056261953,0.039825635068837684,1.0,0.8165799433039962,0.03889460442937447
latency40,Geo+D1-10AE-CeNN,3632,0.0165383439252898,0.022235918716369204,1.0,0.8305436136008745,0.03889460442937443
latency40,Geo+D1-10AE-CeNN,3633,0.020377832731073034,0.02830378225833924,1.0,0.8219963507546469,0.0388946044293746
latency40,Geo+D1-10AE-CeNN,3634,0.021368038909759392,0.031191430552106728,1.0,0.837392417002718,0.03889460442937432
latency40,Geo+D1-10AE-CeNN,3635,0.019823123657867814,0.02814683498246967,1.0,0.8197986595749243,0.03889460442937475
latency40,Geo+D1-10AE-CeNN,3636,0.012956073117573009,0.021985964286230907,1.0,0.8301051474082033,0.03889460442937426
latency40,Geo+D1-10AE-CeNN,3637,0.018051368872362868,0.029354482949680516,1.0,0.8180256027123065,0.03889460442937386
latency40,Geo+D1-10AE-CeNN,3638,0.023259428039644727,0.034479978234235764,1.0,0.8281298444375441,0.038894604429374424
latency40,Geo+D1-10AE-CeNN,3639,0.021365970108186277,0.03142977490690014,1.0,0.8170289658419229,0.03889460442937489
latency40,Geo+D1-10AE-CeNN,3640,0.012650360874472948,0.02175090436594059,1.0,0.8131981065134071,0.038894604429374174
latency40,Geo+D1-10AE-CeNN,3641,0.016391886816744382,0.021973023689067225,1.0,0.8101020857417541,0.038894604429374494
latency40,Geo+D1-10AE-CeNN,3642,0.018352186063488218,0.023338978650802488,1.0,0.8170691834048198,0.03889460442937429
latency40,Geo+D1-10AE-CeNN,3643,0.01386864871661564,0.021942920126868565,1.0,0.8191378312518579,0.038894604429374535
latency40,Geo+D1-10AE-CeNN,3644,0.018931888821623177,0.025600742115149497,1.0,0.8268478050076599,0.03889460442937455
latency40,Geo+D1-10AE-CeNN,3645,0.015966012203733608,0.022158745422433623,1.0,0.8201339996720685,0.03889460442937465
latency40,Geo+D1-10AE-CeNN,3646,0.019234334920258292,0.02495749538237526,1.0,0.826311671585951,0.038894604429374376
latency40,Geo+D1-10AE-CeNN,3647,0.02222874218876977,0.0332471952319572,1.0,0.8257522647375747,0.038894604429374924
latency40,Geo+D1-10AE-CeNN,3648,0.027223989234794528,0.04434195560012508,1.0,0.8135396119166565,0.0388946044293744
latency40,Geo+D1-10AE-CeNN,3649,0.021294203046145658,0.02949354514138612,1.0,0.8102201683028625,0.03889460442937442
latency40,Geo+D1-10AE-CeNN,3650,0.021045758524762613,0.039823364868859124,1.0,0.8032087411705093,0.03889460442937538
latency40,Geo+D1-10AE-CeNN,3651,0.016137710272650853,0.02174664861895426,1.0,0.824764525713847,0.03889460442937421
latency40,Geo+D1-10AE-CeNN,3652,0.01815016149488167,0.023787056543433167,1.0,0.834446285337149,0.03889460442937415
latency40,Geo+D1-10AE-CeNN,3653,0.016589302416055416,0.0220824992645387,1.0,0.8088444836451681,0.038894604429374556
latency40,Geo+D1-10AE-CeNN,3654,0.01360019808126085,0.021865024706195783,1.0,0.8177057940339828,0.03889460442937443
latency40,Geo+D1-10AE-CeNN,3655,0.013045185335485158,0.02180210641774222,1.0,0.8275609256625945,0.03889460442937431
latency40,Geo+D1-10AE-CeNN,3656,0.015504092899832352,0.022074392067014628,1.0,0.82698537902307,0.038894604429374445
latency40,Geo+D1-10AE-CeNN,3657,0.014142145056116806,0.022170927448651737,1.0,0.824967738795462,0.03889460442937457
latency40,Geo+D1-10AE-CeNN,3658,0.02042438221034476,0.03243116808819569,1.0,0.8233568210450988,0.038894604429374154
latency40,Geo+D1-10AE-CeNN,3659,0.018538566780123965,0.025051916944696058,1.0,0.8297302641913054,0.03889460442937397
latency40,Geo+D1-10AE-CeNN,3660,0.017274833753902645,0.022296105724850388,1.0,0.8247632084935465,0.03889460442937432
latency40,Geo+D1-10AE-CeNN,3661,0.012889952265999122,0.02200212972318665,1.0,0.8364676818464002,0.038894604429374625
latency40,Geo+D1-10AE-CeNN,3662,0.02146211937614571,0.03494252217987955,1.0,0.8198301319669477,0.03889460442937424
latency40,Geo+D1-10AE-CeNN,3663,0.03071518893354594,0.05040543966300056,1.0,0.8321233503577223,0.038894604429374924
latency40,Geo+D1-10AE-CeNN,3664,0.02215846245463944,0.03202345050446815,1.0,0.8158019437255603,0.038894604429374376
latency40,Geo+D1-10AE-CeNN,3665,0.024334737514323624,0.03630577050332822,1.0,0.8252395457210894,0.03889460442937436
latency40,Geo+D1-10AE-CeNN,3666,0.02409146877396292,0.03588275481427902,1.0,0.8263498633900644,0.03889460442937444
latency40,Geo+D1-10AE-CeNN,3667,0.020065265845250622,0.03546857905404791,1.0,0.8398901627349972,0.03889460442937437
latency40,Geo+D1-10AE-CeNN,3668,0.019074838851064972,0.027258606015602985,1.0,0.8307489934926141,0.038894604429374466
latency40,Geo+D1-10AE-CeNN,3669,0.01866774034420638,0.02449177011192216,1.0,0.8325835801953227,0.03889460442937451
latency40,Geo+D1-10AE-CeNN,3670,0.01561199529360805,0.02812605408748119,1.0,0.8208523623437461,0.038894604429374646
latency40,Geo+D1-10AE-CeNN,3671,0.025877341203175523,0.04890420136492734,1.0,0.8174222289583319,0.038894604429374306
latency40,Geo+D1-10AE-CeNN,3672,0.019256995886492847,0.025604942855924646,1.0,0.8336905101020488,0.038894604429374445
latency40,Geo+D1-10AE-CeNN,3673,0.01547807817194231,0.022230619290602,1.0,0.8303007601193886,0.03889460442937471
latency40,Geo+D1-10AE-CeNN,3674,0.01404192106305635,0.022035941388091413,1.0,0.8290240695330215,0.03889460442937398
latency40,Geo+D1-10AE-CeNN,3675,0.01450253094578594,0.022057145138471786,1.0,0.8346067859781218,0.03889460442937468
latency40,Geo+D1-10AE-CeNN,3676,0.01666348964172573,0.022377729260467744,1.0,0.834338714554262,0.03889460442937415
latency40,Geo+D1-10AE-CeNN,3677,0.022108757194860388,0.040491746308062716,1.0,0.8115093226331287,0.038894604429374646
latency40,Geo+D1-10AE-CeNN,3678,0.01827969720850554,0.025236580233768763,1.0,0.8361074861915149,0.03889460442937435
latency40,Geo+D1-10AE-CeNN,3679,0.016890598097407814,0.02220509751201645,1.0,0.8235214859072324,0.038894604429374285
latency40,Geo+D1-10AE-CeNN,3680,0.016697999135284587,0.02956859984554692,1.0,0.820257509344828,0.03889460442937452
latency40,Geo+D1-10AE-CeNN,3681,0.012991545290042207,0.02211904533062727,1.0,0.8263276849941542,0.03889460442937409
latency40,Geo+D1-10AE-CeNN,3682,0.021428465770744688,0.03310033507126494,1.0,0.8008381015712057,0.0388946044293746
latency40,Geo+D1-10AE-CeNN,3683,0.015350844181345243,0.02226794261151103,1.0,0.8364598334806517,0.03889460442937473
latency40,Geo+D1-10AE-CeNN,3684,0.013666288542398526,0.022169603599041934,1.0,0.8200726868604726,0.038894604429374445
latency40,Geo+D1-10AE-CeNN,3685,0.020335220652794746,0.029192623248472747,1.0,0.8356672280510723,0.03889460442937432
latency40,Geo+D1-10AE-CeNN,3686,0.019116437105725845,0.03152985364609641,1.0,0.811477003407284,0.03889460442937484
latency40,Geo+D1-10AE-CeNN,3687,0.018013714760659057,0.028637975961476613,1.0,0.8239901895656249,0.03889460442937433
latency40,Geo+D1-10AE-CeNN,3688,0.01969051516470561,0.026543862057559865,1.0,0.8212702106669698,0.03889460442937428
latency40,Geo+D1-10AE-CeNN,3689,0.021045810232412462,0.03290907043501584,1.0,0.820673610761918,0.03889460442937472
latency40,Geo+D1-10AE-CeNN,3690,0.01955611239792777,0.027851966840152478,1.0,0.816256683165665,0.03889460442937448
latency40,Geo+D1-10AE-CeNN,3691,0.01574562314150071,0.024718763696938813,1.0,0.8220190443981857,0.038894604429375035
latency40,Geo+D1-10AE-CeNN,3692,0.014852509074536707,0.02218929049152202,1.0,0.8234217363298424,0.03889460442937401
latency40,Geo+D1-10AE-CeNN,3693,0.01637262365926987,0.022142765730514758,1.0,0.8112031724931262,0.03889460442937436
latency40,Geo+D1-10AE-CeNN,3694,0.016060150075071705,0.022355416310089873,1.0,0.8248669989030035,0.03889460442937441
latency40,Geo+D1-10AE-CeNN,3695,0.012725782395063709,0.021702933827886402,1.0,0.8296691216216773,0.03889460442937393
latency40,Geo+D1-10AE-CeNN,3696,0.021027048125517808,0.031250868071636365,1.0,0.8233365647491969,0.038894604429374216
latency40,Geo+D1-10AE-CeNN,3697,0.020406086370645504,0.03172801482431431,1.0,0.8042900231176778,0.038894604429374216
latency40,Geo+D1-10AE-CeNN,3698,0.019113028821167742,0.026190994482940398,1.0,0.8239706352507878,0.038894604429374174
latency40,Geo+D1-10AE-CeNN,3699,0.01416667604911332,0.021885913370427376,1.0,0.8341049949086041,0.038894604429374216
latency40,Geo+D2-HistAE-CeNN,3600,0.0205043969073361,0.03521948851604021,1.0,0.8365934023699595,0.17450438511203276
latency40,Geo+D2-HistAE-CeNN,3601,0.023505109184343634,0.03553451187116005,1.0,0.8444397447198588,0.18504356791207896
latency40,Geo+D2-HistAE-CeNN,3602,0.021787582552187466,0.03367599987896841,1.0,0.8451189563440455,0.16560708070554184
latency40,Geo+D2-HistAE-CeNN,3603,0.02176991361110439,0.03008397982356372,1.0,0.8552210674855966,0.19099801856882412
latency40,Geo+D2-HistAE-CeNN,3604,0.02663486761999959,0.04300084399436228,1.0,0.8340023870376745,0.17642281480664945
latency40,Geo+D2-HistAE-CeNN,3605,0.024600163730050417,0.03774198253275513,1.0,0.8546572753140091,0.1877433828270993
latency40,Geo+D2-HistAE-CeNN,3606,0.030695197173406883,0.047473026036115605,1.0,0.8476327332702998,0.17458698764139932
latency40,Geo+D2-HistAE-CeNN,3607,0.022200717720944105,0.03318819161662146,1.0,0.861045690032116,0.17918964492217654
latency40,Geo+D2-HistAE-CeNN,3608,0.02484778598679988,0.035846047021879456,1.0,0.841944198253268,0.1655234892249948
latency40,Geo+D2-HistAE-CeNN,3609,0.02488377758388148,0.03088361605435062,1.0,0.8337060618863084,0.18649693341608978
latency40,Geo+D2-HistAE-CeNN,3610,0.028756476871546224,0.04535778136905878,1.0,0.8499310364863972,0.1893609736497823
latency40,Geo+D2-HistAE-CeNN,3611,0.02730403911108877,0.04064344290486553,1.0,0.8633439114127264,0.19656502316529542
latency40,Geo+D2-HistAE-CeNN,3612,0.016939422372133448,0.03361488735594997,1.0,0.8396361892740682,0.1670762021811826
latency40,Geo+D2-HistAE-CeNN,3613,0.022909655326154327,0.029339916021766776,1.0,0.8535673980096681,0.19542300719632205
latency40,Geo+D2-HistAE-CeNN,3614,0.026010021310310057,0.03714168450197497,1.0,0.8564707121406889,0.189759522598934
latency40,Geo+D2-HistAE-CeNN,3615,0.01938103696148574,0.030949870154141062,1.0,0.836076253781597,0.19354751365404035
latency40,Geo+D2-HistAE-CeNN,3616,0.025427254511091155,0.03866516180075113,1.0,0.8490159208021635,0.19253854040487894
latency40,Geo+D2-HistAE-CeNN,3617,0.021369827306016928,0.03454214609681958,1.0,0.833881815455571,0.17626240356710407
latency40,Geo+D2-HistAE-CeNN,3618,0.025917519410032827,0.03876487760916192,1.0,0.8522841863279352,0.17774059177938697
latency40,Geo+D2-HistAE-CeNN,3619,0.020531467039731417,0.036552782648937264,1.0,0.8349825767765718,0.17296894582621056
latency40,Geo+D2-HistAE-CeNN,3620,0.022935657165630147,0.03690290782959729,1.0,0.8419684621685847,0.19178548148468244
latency40,Geo+D2-HistAE-CeNN,3621,0.016562513273225134,0.03149331380915165,1.0,0.8491246207934228,0.16865078778102977
latency40,Geo+D2-HistAE-CeNN,3622,0.023769055700259903,0.034216551635726115,1.0,0.8585140111915973,0.17954655284801513
latency40,Geo+D2-HistAE-CeNN,3623,0.02097928232569343,0.03232145469821852,1.0,0.8302872186548884,0.16017504339385022
latency40,Geo+D2-HistAE-CeNN,3624,0.0219267100507211,0.03424373813832939,1.0,0.8498099721691195,0.1888260220941533
latency40,Geo+D2-HistAE-CeNN,3625,0.02218364461202792,0.02852237427756989,1.0,0.8658389798273705,0.18058033349765354
latency40,Geo+D2-HistAE-CeNN,3626,0.024504764877800768,0.037032958470823024,1.0,0.8340392151228505,0.18079976158879804
latency40,Geo+D2-HistAE-CeNN,3627,0.02066061284159453,0.034564961354904236,1.0,0.8383277582110097,0.17872779277291628
latency40,Geo+D2-HistAE-CeNN,3628,0.019137801768658508,0.03813635274053917,1.0,0.8543657550799719,0.16764188256379628
latency40,Geo+D2-HistAE-CeNN,3629,0.020539325000251088,0.037795392744477456,1.0,0.8520653929086976,0.19793985972658887
latency40,Geo+D2-HistAE-CeNN,3630,0.018710142410579115,0.03292926133451861,1.0,0.8555237022550264,0.1839511892720714
latency40,Geo+D2-HistAE-CeNN,3631,0.02496079732607436,0.039825635068837684,1.0,0.8462048221957285,0.17949788805679823
latency40,Geo+D2-HistAE-CeNN,3632,0.019420596871791977,0.03369184617093234,1.0,0.850298587290732,0.19031875265581658
latency40,Geo+D2-HistAE-CeNN,3633,0.01984799775968152,0.03000882255031023,1.0,0.8426029009553927,0.18642629219145201
latency40,Geo+D2-HistAE-CeNN,3634,0.0243989853436381,0.03291281509993681,1.0,0.8552508919875319,0.18482303089920524
latency40,Geo+D2-HistAE-CeNN,3635,0.02362196529723726,0.0349860857461919,1.0,0.8476270528315333,0.18891757532488881
latency40,Geo+D2-HistAE-CeNN,3636,0.01772538063514675,0.03263262610231317,1.0,0.8465220582557437,0.18065440779635422
latency40,Geo+D2-HistAE-CeNN,3637,0.020798620109485563,0.03483067051404824,1.0,0.8364720735677224,0.16392134511454212
latency40,Geo+D2-HistAE-CeNN,3638,0.023336972448698392,0.032553543384928746,1.0,0.8458062413229035,0.18466009161244565
latency40,Geo+D2-HistAE-CeNN,3639,0.023679408124112993,0.03516837733928728,1.0,0.842000494346914,0.18094813726050196
latency40,Geo+D2-HistAE-CeNN,3640,0.014409973097737791,0.0326722986958734,1.0,0.829782076680599,0.15823213056566154
latency40,Geo+D2-HistAE-CeNN,3641,0.023234805920722804,0.041106447305293996,1.0,0.8404771339600909,0.185558118987807
latency40,Geo+D2-HistAE-CeNN,3642,0.019435724925002517,0.0316693514345282,1.0,0.8380596535478789,0.16851679951462303
latency40,Geo+D2-HistAE-CeNN,3643,0.019464842109326193,0.035733093973454776,1.0,0.8386882812803792,0.17302068380779187
latency40,Geo+D2-HistAE-CeNN,3644,0.019366583277528635,0.029674669695653768,1.0,0.8499523440122762,0.18301253242729043
latency40,Geo+D2-HistAE-CeNN,3645,0.018837536858388904,0.029664026561002723,1.0,0.8434065087699509,0.17137343829577914
latency40,Geo+D2-HistAE-CeNN,3646,0.025037534042732987,0.038517034472724296,1.0,0.8492344780876127,0.18242444732028057
latency40,Geo+D2-HistAE-CeNN,3647,0.022659014448174114,0.032156770095023796,1.0,0.8484771656574209,0.15993270499785606
latency40,Geo+D2-HistAE-CeNN,3648,0.029167358749781425,0.044298297979161814,1.0,0.8346036312791834,0.17508972430044187
latency40,Geo+D2-HistAE-CeNN,3649,0.02267460271765586,0.03641022045497091,1.0,0.8366967550109126,0.1731786712511771
latency40,Geo+D2-HistAE-CeNN,3650,0.02483244325858734,0.039823364868859124,1.0,0.8230287084320407,0.184314796659763
latency40,Geo+D2-HistAE-CeNN,3651,0.01615984031969597,0.0327232267997911,1.0,0.8504889171663486,0.17869773839833314
latency40,Geo+D2-HistAE-CeNN,3652,0.01867557719370719,0.030557118027289266,1.0,0.8628237184093556,0.18053397547527547
latency40,Geo+D2-HistAE-CeNN,3653,0.02019390625797715,0.03469683589062908,1.0,0.8364769321737572,0.166403416522281
latency40,Geo+D2-HistAE-CeNN,3654,0.019721781489117268,0.03713006317872661,1.0,0.8423809104381005,0.18199947090568802
latency40,Geo+D2-HistAE-CeNN,3655,0.02238267993072156,0.035467545471344994,1.0,0.843891382207661,0.1856368980945313
latency40,Geo+D2-HistAE-CeNN,3656,0.02122584836902179,0.03589097473990243,1.0,0.8436433523408562,0.18350202043873654
latency40,Geo+D2-HistAE-CeNN,3657,0.015735896991257492,0.03005315717026908,1.0,0.8438359494428037,0.17206482518029684
latency40,Geo+D2-HistAE-CeNN,3658,0.024330440586137734,0.03424876430411547,1.0,0.8397823817733778,0.191394619636839
latency40,Geo+D2-HistAE-CeNN,3659,0.02208596319406924,0.03348095664726644,1.0,0.8471069300680356,0.18934843457421172
latency40,Geo+D2-HistAE-CeNN,3660,0.020074355911446608,0.03403965744735758,1.0,0.8519661289823248,0.1795891433107943
latency40,Geo+D2-HistAE-CeNN,3661,0.018234702219657024,0.0325469297644303,1.0,0.8597042501632295,0.1812364752204745
latency40,Geo+D2-HistAE-CeNN,3662,0.02551873000689412,0.034958041532876794,1.0,0.8445506626271432,0.18734475456935645
latency40,Geo+D2-HistAE-CeNN,3663,0.02959799954442565,0.04820055416931874,1.0,0.8589060405838816,0.19400496551583568
latency40,Geo+D2-HistAE-CeNN,3664,0.025056853436673448,0.035417355344678464,1.0,0.840470978892465,0.16518560234533525
latency40,Geo+D2-HistAE-CeNN,3665,0.0236468066285815,0.03382445901913656,1.0,0.8473766186706982,0.1642905915313634
latency40,Geo+D2-HistAE-CeNN,3666,0.023711285370951626,0.033431204117730214,1.0,0.8615431164714016,0.18593760783371957
latency40,Geo+D2-HistAE-CeNN,3667,0.025660670100455824,0.03658593623903133,1.0,0.8569694690747043,0.17509694680251872
latency40,Geo+D2-HistAE-CeNN,3668,0.021865318180851225,0.030921197872801093,1.0,0.846728826963191,0.17381943429400673
latency40,Geo+D2-HistAE-CeNN,3669,0.021012959402752756,0.03466344610766926,1.0,0.8613217677464986,0.194597013459937
latency40,Geo+D2-HistAE-CeNN,3670,0.028758505459096254,0.03999555267574808,1.0,0.8377006461250359,0.21325610433285044
latency40,Geo+D2-HistAE-CeNN,3671,0.031455133982130686,0.04890420136492734,1.0,0.8308816135052873,0.18355766018882955
latency40,Geo+D2-HistAE-CeNN,3672,0.019822793400395156,0.027983259860193798,1.0,0.8525554481346473,0.18179371511998496
latency40,Geo+D2-HistAE-CeNN,3673,0.02226968235598619,0.03872728588600685,1.0,0.8493626994671513,0.17205451517600315
latency40,Geo+D2-HistAE-CeNN,3674,0.0205349122428273,0.03629092366391401,1.0,0.8392824813084357,0.17648788585033962
latency40,Geo+D2-HistAE-CeNN,3675,0.017116311195371624,0.032176947050807016,1.0,0.8524707319195273,0.1804548444807675
latency40,Geo+D2-HistAE-CeNN,3676,0.02028673938993548,0.03392177424041488,1.0,0.8557696695432037,0.18170289569801226
latency40,Geo+D2-HistAE-CeNN,3677,0.026253525741034366,0.040491746308062716,1.0,0.8340986529665573,0.17078054809839563
latency40,Geo+D2-HistAE-CeNN,3678,0.01852526972240805,0.03172320687629333,1.0,0.8573267173277659,0.16725177817397846
latency40,Geo+D2-HistAE-CeNN,3679,0.0186216022472529,0.02851413088337151,1.0,0.8341490538575622,0.15998966363311584
latency40,Geo+D2-HistAE-CeNN,3680,0.02678509681331862,0.0417989349223649,1.0,0.8332438704492307,0.1971810670661745
latency40,Geo+D2-HistAE-CeNN,3681,0.018788115342159087,0.03574042290666839,1.0,0.8396180930542193,0.18021769146594457
latency40,Geo+D2-HistAE-CeNN,3682,0.0262119379396223,0.037815062524069826,1.0,0.8271044554899363,0.16700906934319168
latency40,Geo+D2-HistAE-CeNN,3683,0.018679574485410536,0.032974415446640586,1.0,0.8508603667460835,0.17670318915422517
latency40,Geo+D2-HistAE-CeNN,3684,0.01829999987186466,0.03361620166935511,1.0,0.840154624950609,0.1687809335895647
latency40,Geo+D2-HistAE-CeNN,3685,0.024212606555195453,0.03365798563478457,1.0,0.8481610150472881,0.17604341853442007
latency40,Geo+D2-HistAE-CeNN,3686,0.02228073601439828,0.03152985364609641,1.0,0.8332271649842957,0.1729585916843331
latency40,Geo+D2-HistAE-CeNN,3687,0.023842414112583497,0.035785543218520496,1.0,0.8411490595794029,0.16958549689462754
latency40,Geo+D2-HistAE-CeNN,3688,0.021115166990155247,0.034962342074132916,1.0,0.8465611530262646,0.18209776596848526
latency40,Geo+D2-HistAE-CeNN,3689,0.026190516612668406,0.0408974694241851,1.0,0.8416877622106267,0.18374392342068796
latency40,Geo+D2-HistAE-CeNN,3690,0.021931565811034795,0.032151020056699564,1.0,0.8305524666973776,0.18139022744894917
latency40,Geo+D2-HistAE-CeNN,3691,0.021138616618098096,0.030201397877633405,1.0,0.8301923111815525,0.17086748650360437
latency40,Geo+D2-HistAE-CeNN,3692,0.02028230929406622,0.035506022527979755,1.0,0.8337416605692364,0.174741725721817
latency40,Geo+D2-HistAE-CeNN,3693,0.01941634067208763,0.03424357153348066,1.0,0.8333445241272218,0.18307671627034047
latency40,Geo+D2-HistAE-CeNN,3694,0.019382247530822804,0.03484468034376779,1.0,0.8475237297632273,0.16883385421135333
latency40,Geo+D2-HistAE-CeNN,3695,0.023805881717623593,0.04306468303150275,1.0,0.8504917408929943,0.19106389889299907
latency40,Geo+D2-HistAE-CeNN,3696,0.025554401124884833,0.03419530408617297,1.0,0.842986519785893,0.15826259168699325
latency40,Geo+D2-HistAE-CeNN,3697,0.021382983856632478,0.0343976515274731,1.0,0.8278912813072957,0.17739147595505528
latency40,Geo+D2-HistAE-CeNN,3698,0.023897520987398634,0.036218849327903146,1.0,0.837817498544304,0.19413985415273077
latency40,Geo+D2-HistAE-CeNN,3699,0.0216014960910753,0.0388399115528369,1.0,0.8497132071814179,0.17957207923156254
latency40,Geo+D3-3HistAE-CeNN,3600,0.03531228607958791,0.04458451085854858,1.0,0.8522145588870006,0.17891200860338988
latency40,Geo+D3-3HistAE-CeNN,3601,0.03506303826647434,0.04079682929616968,1.0,0.8536103951936551,0.17424271214515435
latency40,Geo+D3-3HistAE-CeNN,3602,0.037758334178848725,0.045463808454445816,1.0,0.8558754194966256,0.18724177565396202
latency40,Geo+D3-3HistAE-CeNN,3603,0.04182834451541342,0.04773410405180447,1.0,0.8528757207588692,0.1864024371544758
latency40,Geo+D3-3HistAE-CeNN,3604,0.03997593286509163,0.04553525772711674,1.0,0.842139429249272,0.1818395867736071
latency40,Geo+D3-3HistAE-CeNN,3605,0.03824682076756419,0.04611182632259782,1.0,0.8530006738967884,0.1722047659325439
latency40,Geo+D3-3HistAE-CeNN,3606,0.04134148670723358,0.047474628752410354,1.0,0.8437369420409345,0.17219317924548985
latency40,Geo+D3-3HistAE-CeNN,3607,0.04356172765885927,0.05101831630773472,1.0,0.8620623653942036,0.18610687966608622
latency40,Geo+D3-3HistAE-CeNN,3608,0.0444292304686654,0.05057292493189214,1.0,0.8493616699127851,0.18919682257275566
latency40,Geo+D3-3HistAE-CeNN,3609,0.04104149156750876,0.04752963973284539,1.0,0.8519364648249351,0.19167491023967947
latency40,Geo+D3-3HistAE-CeNN,3610,0.04760334819183142,0.05637822544852707,1.0,0.8368120206500846,0.18331156804765344
latency40,Geo+D3-3HistAE-CeNN,3611,0.03731908011919085,0.04195668404980462,1.0,0.870183642011721,0.17254156462356207
latency40,Geo+D3-3HistAE-CeNN,3612,0.034997892060582306,0.044997351158591686,1.0,0.8483025167141501,0.18090615595482368
latency40,Geo+D3-3HistAE-CeNN,3613,0.04190892354844065,0.048374358832135346,1.0,0.8523825903459696,0.18670669272910215
latency40,Geo+D3-3HistAE-CeNN,3614,0.04476516044936595,0.051309899194189684,1.0,0.8581884893586454,0.18530498050650238
latency40,Geo+D3-3HistAE-CeNN,3615,0.03932258187342049,0.046038753145556464,1.0,0.8319064637607451,0.18265153917702043
latency40,Geo+D3-3HistAE-CeNN,3616,0.038083429433527494,0.044531873037553855,1.0,0.8455734699765858,0.16997229239716877
latency40,Geo+D3-3HistAE-CeNN,3617,0.039416174058629294,0.047315266747072954,1.0,0.8373017396297597,0.18705956794538908
latency40,Geo+D3-3HistAE-CeNN,3618,0.04353454873261554,0.04780837133663256,1.0,0.8621183169518452,0.19052226331233627
latency40,Geo+D3-3HistAE-CeNN,3619,0.03618143931992295,0.04497760900952619,1.0,0.8435557272706551,0.17431326646741815
latency40,Geo+D3-3HistAE-CeNN,3620,0.03910408444613281,0.045466969510355996,1.0,0.8360599898181843,0.17914159249251116
latency40,Geo+D3-3HistAE-CeNN,3621,0.038563601132358315,0.04804776337102526,1.0,0.8542466004603373,0.18135470378962015
latency40,Geo+D3-3HistAE-CeNN,3622,0.04059518273252219,0.04519966758992251,1.0,0.8653180385774242,0.18572683930755754
latency40,Geo+D3-3HistAE-CeNN,3623,0.0399638712788939,0.04516762897983376,1.0,0.8363035085702072,0.18594382649923002
latency40,Geo+D3-3HistAE-CeNN,3624,0.040587357570286454,0.04959726847117236,1.0,0.8401856869641121,0.1796577560073138
latency40,Geo+D3-3HistAE-CeNN,3625,0.038934327423362926,0.0443772545467766,1.0,0.8709968844871334,0.17977226066789948
latency40,Geo+D3-3HistAE-CeNN,3626,0.04314406751987068,0.049497807674552,1.0,0.8345200065535784,0.1839498233215101
latency40,Geo+D3-3HistAE-CeNN,3627,0.03848136525470002,0.04727150389935113,1.0,0.848681522324091,0.1864291970131442
latency40,Geo+D3-3HistAE-CeNN,3628,0.033588419349036,0.04293879326996785,1.0,0.8636201254884033,0.17626427798246866
latency40,Geo+D3-3HistAE-CeNN,3629,0.03682276758971855,0.04527708340758399,1.0,0.847992147526376,0.18016930483687946
latency40,Geo+D3-3HistAE-CeNN,3630,0.03875850417463949,0.04825200302626449,1.0,0.853693387091722,0.1819972954578407
latency40,Geo+D3-3HistAE-CeNN,3631,0.04104480980593037,0.04865854356746563,1.0,0.8435561878690789,0.18121279633707743
latency40,Geo+D3-3HistAE-CeNN,3632,0.03720850752206373,0.04524958302115304,1.0,0.8542496434740615,0.17654082055586703
latency40,Geo+D3-3HistAE-CeNN,3633,0.040324210120652626,0.04897684211122976,1.0,0.8458162560818526,0.18170247841597997
latency40,Geo+D3-3HistAE-CeNN,3634,0.04207393186644907,0.04837748591134903,1.0,0.8653913245748499,0.18867733106253104
latency40,Geo+D3-3HistAE-CeNN,3635,0.040240637712054925,0.046367604074002804,1.0,0.8456747253714492,0.18271506408139412
latency40,Geo+D3-3HistAE-CeNN,3636,0.034974514297166505,0.04430339970630828,1.0,0.855638406116842,0.1781466210304716
latency40,Geo+D3-3HistAE-CeNN,3637,0.03810625426573644,0.043341364285935845,1.0,0.8397168782563988,0.1791017974678811
latency40,Geo+D3-3HistAE-CeNN,3638,0.04247290343266309,0.04889869305585227,1.0,0.8497974829401278,0.1821907335866477
latency40,Geo+D3-3HistAE-CeNN,3639,0.04234823508557947,0.047838908918205234,1.0,0.844074568881843,0.18902885827289345
latency40,Geo+D3-3HistAE-CeNN,3640,0.03459438879889457,0.04434500864589013,1.0,0.8369875252074489,0.17800004139815026
latency40,Geo+D3-3HistAE-CeNN,3641,0.03759466506320532,0.04423109505101328,1.0,0.8301130121239066,0.17842593313524163
latency40,Geo+D3-3HistAE-CeNN,3642,0.03898528387113398,0.0456599183879855,1.0,0.8391489787606932,0.17921219960200999
latency40,Geo+D3-3HistAE-CeNN,3643,0.03604749761434135,0.04509028416019461,1.0,0.8476077026653478,0.17667882469666504
latency40,Geo+D3-3HistAE-CeNN,3644,0.039537329149765627,0.044952167298091775,1.0,0.8508832894505408,0.18567468060388492
latency40,Geo+D3-3HistAE-CeNN,3645,0.037421116257999196,0.04549709675967563,1.0,0.8491870552210458,0.18213706717753217
latency40,Geo+D3-3HistAE-CeNN,3646,0.0394348126834684,0.04572439490166779,1.0,0.8509164466290992,0.17665428912365433
latency40,Geo+D3-3HistAE-CeNN,3647,0.0422663584753549,0.04796387779240208,1.0,0.8510107073765354,0.18654176387757787
latency40,Geo+D3-3HistAE-CeNN,3648,0.04462840567049746,0.04918171153345117,1.0,0.83510293758994,0.176288719451076
latency40,Geo+D3-3HistAE-CeNN,3649,0.04282005283344045,0.049096556504320016,1.0,0.8351570356925211,0.1863521447641297
latency40,Geo+D3-3HistAE-CeNN,3650,0.041337941986617534,0.04687694486894485,1.0,0.8291080473901988,0.18726587039424802
latency40,Geo+D3-3HistAE-CeNN,3651,0.035881925374404135,0.045187168700014144,1.0,0.8517274179634364,0.17644286954361174
latency40,Geo+D3-3HistAE-CeNN,3652,0.03865301754356366,0.04761057766812773,1.0,0.857586938815014,0.17569270146508564
latency40,Geo+D3-3HistAE-CeNN,3653,0.03824873157549178,0.04670456892914849,1.0,0.8318252398623869,0.1800323146099078
latency40,Geo+D3-3HistAE-CeNN,3654,0.03557036565301695,0.04432763853471091,1.0,0.8437321394381543,0.17670277210194563
latency40,Geo+D3-3HistAE-CeNN,3655,0.033192164361970415,0.04203154827710502,1.0,0.8534970575366949,0.168706493275995
latency40,Geo+D3-3HistAE-CeNN,3656,0.036977681579175914,0.04482940247363602,1.0,0.8512818343879826,0.18063068609178484
latency40,Geo+D3-3HistAE-CeNN,3657,0.03519304735372957,0.04417509062370992,1.0,0.8490800241590557,0.1787399820722722
latency40,Geo+D3-3HistAE-CeNN,3658,0.03761398648108953,0.0435322737540189,1.0,0.846714786044845,0.17411511688744535
latency40,Geo+D3-3HistAE-CeNN,3659,0.03958324909777363,0.045833341799458596,1.0,0.8551306929774407,0.18481152812354806
latency40,Geo+D3-3HistAE-CeNN,3660,0.03849933024333295,0.046498637072068735,1.0,0.8502522284230691,0.18112561000965313
latency40,Geo+D3-3HistAE-CeNN,3661,0.03475709099301718,0.0441490026216808,1.0,0.8580408967604929,0.1805694564030516
latency40,Geo+D3-3HistAE-CeNN,3662,0.03746809191122812,0.04400670845750682,1.0,0.8422477593351021,0.16853245752960638
latency40,Geo+D3-3HistAE-CeNN,3663,0.0493488512853633,0.059771306927854234,1.0,0.8561289070095857,0.18746609058654523
latency40,Geo+D3-3HistAE-CeNN,3664,0.0428205551919297,0.049146348689478446,1.0,0.843540194234072,0.18363456751652002
latency40,Geo+D3-3HistAE-CeNN,3665,0.04380954233892444,0.05165288355398114,1.0,0.8473144451771512,0.18104205133944842
latency40,Geo+D3-3HistAE-CeNN,3666,0.044266125395934115,0.05391879516780266,1.0,0.8547353715319621,0.18553148012389267
latency40,Geo+D3-3HistAE-CeNN,3667,0.037101483673769815,0.04528678419618637,1.0,0.8684681980071991,0.184433390580051
latency40,Geo+D3-3HistAE-CeNN,3668,0.040035040044436,0.04591200742799545,1.0,0.857162530606789,0.18574823605025942
latency40,Geo+D3-3HistAE-CeNN,3669,0.03900669175438609,0.04744183227042966,1.0,0.8562829616957733,0.1814000763295754
latency40,Geo+D3-3HistAE-CeNN,3670,0.03469772105586872,0.043345790491211275,1.0,0.8430673848063763,0.1729115710994947
latency40,Geo+D3-3HistAE-CeNN,3671,0.04325688162829405,0.04890420136492734,1.0,0.8397698827497159,0.17874013499743494
latency40,Geo+D3-3HistAE-CeNN,3672,0.039990435517969526,0.04644086323944171,1.0,0.8554670989408292,0.1833298429900994
latency40,Geo+D3-3HistAE-CeNN,3673,0.03750782996915707,0.04522539322258414,1.0,0.8534331659979024,0.18051862053088993
latency40,Geo+D3-3HistAE-CeNN,3674,0.035489311865450436,0.04495231388661723,1.0,0.8581761543321437,0.1785472561450475
latency40,Geo+D3-3HistAE-CeNN,3675,0.03600357882461179,0.045073884677302056,1.0,0.8571671657116754,0.1773110846859215
latency40,Geo+D3-3HistAE-CeNN,3676,0.03861649916970004,0.04674530130992947,1.0,0.8608626729292767,0.1854036034715293
latency40,Geo+D3-3HistAE-CeNN,3677,0.042088676897607084,0.04797035993040056,1.0,0.8413544623758021,0.19402056229938175
latency40,Geo+D3-3HistAE-CeNN,3678,0.03920603355480609,0.048547111452077074,1.0,0.8605561695792965,0.1792800223389452
latency40,Geo+D3-3HistAE-CeNN,3679,0.03817707828266615,0.045644771884508224,1.0,0.8496664162898564,0.18239327057641772
latency40,Geo+D3-3HistAE-CeNN,3680,0.036629735721593545,0.04399706219966323,1.0,0.8501637635820304,0.17938187482955914
latency40,Geo+D3-3HistAE-CeNN,3681,0.033508219711194734,0.04104777430767857,1.0,0.8474805044239035,0.1705923646452663
latency40,Geo+D3-3HistAE-CeNN,3682,0.04148395565322384,0.04685853830495033,1.0,0.8218583919817577,0.18052619007952678
latency40,Geo+D3-3HistAE-CeNN,3683,0.03603476377597484,0.04494892088570904,1.0,0.8569868290314273,0.18172037658302567
latency40,Geo+D3-3HistAE-CeNN,3684,0.03620006005025609,0.045707291118547655,1.0,0.8457811181595594,0.18638341492770574
latency40,Geo+D3-3HistAE-CeNN,3685,0.03995386406032812,0.04498615829247502,1.0,0.855176587933448,0.1772368434563614
latency40,Geo+D3-3HistAE-CeNN,3686,0.03909130041539787,0.045522462374725244,1.0,0.8404813035142349,0.18437029338469477
latency40,Geo+D3-3HistAE-CeNN,3687,0.03770926189387229,0.04661552623009422,1.0,0.8519016809214813,0.1859152644683491
latency40,Geo+D3-3HistAE-CeNN,3688,0.040827833127413865,0.049206344223532573,1.0,0.8490404484654706,0.1866039796904508
latency40,Geo+D3-3HistAE-CeNN,3689,0.0401104530225435,0.04662145047848461,1.0,0.8451600112677784,0.17711271607955584
latency40,Geo+D3-3HistAE-CeNN,3690,0.03987066305088826,0.046371480990167815,1.0,0.8400422327129873,0.18228110329154143
latency40,Geo+D3-3HistAE-CeNN,3691,0.03497222910679332,0.044133771333232395,1.0,0.8478274980810584,0.1780409873886284
latency40,Geo+D3-3HistAE-CeNN,3692,0.03704376849306773,0.044793393747926145,1.0,0.8487079628793649,0.18334681821745508
latency40,Geo+D3-3HistAE-CeNN,3693,0.038150441903513126,0.045784909890280695,1.0,0.8358763433521366,0.18030414205508577
latency40,Geo+D3-3HistAE-CeNN,3694,0.03793076018837053,0.04538539012499729,1.0,0.8521965257533929,0.18488923030096802
latency40,Geo+D3-3HistAE-CeNN,3695,0.03222467746229363,0.041200646295441797,1.0,0.8543616344028636,0.16890070839548177
latency40,Geo+D3-3HistAE-CeNN,3696,0.04217256051093099,0.04730355047564299,1.0,0.8528093693993515,0.1912605298736519
latency40,Geo+D3-3HistAE-CeNN,3697,0.04101294083582489,0.04590477161984315,1.0,0.8273567839520951,0.1855898735491736
latency40,Geo+D3-3HistAE-CeNN,3698,0.03966323586715369,0.04527297118594505,1.0,0.8491226450721843,0.18372308729641404
latency40,Geo+D3-3HistAE-CeNN,3699,0.034686498298946725,0.042778304666734206,1.0,0.8624982773647936,0.17552565926146763
latency40,Geo+D3-10HistAE-CeNN,3600,0.02593924011443289,0.032073145359504326,1.0,0.8428036237694839,0.12538812705800023
latency40,Geo+D3-10HistAE-CeNN,3601,0.027214227747396607,0.03254110982735599,1.0,0.8461844954582464,0.1254055226293078
latency40,Geo+D3-10HistAE-CeNN,3602,0.027788813579178815,0.0329363954376226,1.0,0.840744237114363,0.1253656598031317
latency40,Geo+D3-10HistAE-CeNN,3603,0.03177808147750905,0.03635598869199,1.0,0.8374817249177638,0.1253617419445505
latency40,Geo+D3-10HistAE-CeNN,3604,0.03204190801040146,0.03642021821210978,1.0,0.8288815634432204,0.1252649731874763
latency40,Geo+D3-10HistAE-CeNN,3605,0.032263043641430726,0.03878527545285857,1.0,0.8414754073232896,0.12544442943520284
latency40,Geo+D3-10HistAE-CeNN,3606,0.03562060340789413,0.04747495395110116,1.0,0.8329391919606175,0.1252702081552654
latency40,Geo+D3-10HistAE-CeNN,3607,0.034330659997185306,0.04186889598134609,1.0,0.8492679073776235,0.12529466568394865
latency40,Geo+D3-10HistAE-CeNN,3608,0.03390296958796881,0.040108142469861455,1.0,0.8337468897495139,0.12531713305726883
latency40,Geo+D3-10HistAE-CeNN,3609,0.03065920440713143,0.034283360979788374,1.0,0.8393455490369504,0.12532344630904427
latency40,Geo+D3-10HistAE-CeNN,3610,0.03940266260847045,0.04985636779518039,1.0,0.8193516999524644,0.12543035541068964
latency40,Geo+D3-10HistAE-CeNN,3611,0.02941907084116805,0.033503938435983226,1.0,0.8660861285498312,0.12541912043062758
latency40,Geo+D3-10HistAE-CeNN,3612,0.026107457393652625,0.03361927142247055,1.0,0.8377957977179012,0.1253188218984373
latency40,Geo+D3-10HistAE-CeNN,3613,0.03239045556649217,0.037360062573311044,1.0,0.8389367571980779,0.1254161135128112
latency40,Geo+D3-10HistAE-CeNN,3614,0.03526449292267983,0.041385674844144495,1.0,0.8459912781747856,0.12541840293266143
latency40,Geo+D3-10HistAE-CeNN,3615,0.030094501650091112,0.03509861851882967,1.0,0.8179485066689028,0.1253455213858015
latency40,Geo+D3-10HistAE-CeNN,3616,0.03304804043184536,0.03866516180075113,1.0,0.8320919735355444,0.1253451887553009
latency40,Geo+D3-10HistAE-CeNN,3617,0.029283301812544536,0.03299295189917416,1.0,0.8284732708186473,0.12533093784925653
latency40,Geo+D3-10HistAE-CeNN,3618,0.033230170865887775,0.037380592962584655,1.0,0.8493110191759318,0.12532914001017875
latency40,Geo+D3-10HistAE-CeNN,3619,0.02815593285092674,0.03540335880633374,1.0,0.8292101034373569,0.1253599712119051
latency40,Geo+D3-10HistAE-CeNN,3620,0.030933997612174073,0.03561466106444943,1.0,0.8241527126387118,0.12536281818282843
latency40,Geo+D3-10HistAE-CeNN,3621,0.029603320157641243,0.037511636067319956,1.0,0.8394794155248478,0.12525654503699252
latency40,Geo+D3-10HistAE-CeNN,3622,0.031634072521219476,0.03492177309610324,1.0,0.8521415665355485,0.12523697827048635
latency40,Geo+D3-10HistAE-CeNN,3623,0.030278347753208125,0.03365908491134818,1.0,0.824356811080598,0.12536451989047318
latency40,Geo+D3-10HistAE-CeNN,3624,0.03327477085685609,0.03995452372448628,1.0,0.8238197212799826,0.12533758380572282
latency40,Geo+D3-10HistAE-CeNN,3625,0.030326257858991554,0.03516720701963802,1.0,0.8638761109948809,0.12535732380211326
latency40,Geo+D3-10HistAE-CeNN,3626,0.033745015196884005,0.040298864701049736,1.0,0.8222635515480744,0.1253295111540685
latency40,Geo+D3-10HistAE-CeNN,3627,0.027884138983256004,0.033649705629265156,1.0,0.8329120612410248,0.12528309298536197
latency40,Geo+D3-10HistAE-CeNN,3628,0.025493299058437165,0.03309275006180464,1.0,0.85204248122647,0.12526647332947632
latency40,Geo+D3-10HistAE-CeNN,3629,0.027687911117860415,0.03421396134656779,1.0,0.8349636442509314,0.12531011462100553
latency40,Geo+D3-10HistAE-CeNN,3630,0.03017481088959853,0.036924059399802124,1.0,0.838621875979029,0.12534620198303645
latency40,Geo+D3-10HistAE-CeNN,3631,0.03340429473154577,0.039825635068837684,1.0,0.8275665787309865,0.1254351591146996
latency40,Geo+D3-10HistAE-CeNN,3632,0.02927528508258577,0.036327184960778885,1.0,0.8421708664569191,0.12535728508500005
latency40,Geo+D3-10HistAE-CeNN,3633,0.03212891372621007,0.038661818543927334,1.0,0.8326032799485763,0.12542391831454874
latency40,Geo+D3-10HistAE-CeNN,3634,0.031692086660231884,0.035468421466032914,1.0,0.8497766477544769,0.1253611270578718
latency40,Geo+D3-10HistAE-CeNN,3635,0.030761647616228537,0.03488337489495675,1.0,0.8324772263012356,0.1253618200075661
latency40,Geo+D3-10HistAE-CeNN,3636,0.026206776426981555,0.033668690379918244,1.0,0.8435427478555032,0.1252724773131088
latency40,Geo+D3-10HistAE-CeNN,3637,0.029725562217056255,0.03424186719636894,1.0,0.8305222975016968,0.12524461668430925
latency40,Geo+D3-10HistAE-CeNN,3638,0.03416109086462766,0.041097161317237396,1.0,0.838890820584611,0.12537953725888906
latency40,Geo+D3-10HistAE-CeNN,3639,0.03183428735319956,0.035153206036276106,1.0,0.8295208580369148,0.12536234255679882
latency40,Geo+D3-10HistAE-CeNN,3640,0.02602319239851137,0.03339859822847599,1.0,0.8267614639411468,0.12524904192173356
latency40,Geo+D3-10HistAE-CeNN,3641,0.028758397685539765,0.03463507133012653,1.0,0.8228379816555528,0.12538419802128806
latency40,Geo+D3-10HistAE-CeNN,3642,0.03057237338082191,0.03659194259939873,1.0,0.8283309116170822,0.12533876462106056
latency40,Geo+D3-10HistAE-CeNN,3643,0.027359238884322498,0.03467938255974804,1.0,0.831423131266964,0.12530147866243013
latency40,Geo+D3-10HistAE-CeNN,3644,0.030050459786477402,0.03427264407873336,1.0,0.8398789233897211,0.12531115895163394
latency40,Geo+D3-10HistAE-CeNN,3645,0.027902852792009287,0.033974707069709405,1.0,0.8332678609950865,0.12532333906782797
latency40,Geo+D3-10HistAE-CeNN,3646,0.03141281268669205,0.037950755765027884,1.0,0.837083621783963,0.12538335733043515
latency40,Geo+D3-10HistAE-CeNN,3647,0.03293590181371578,0.03725378194835112,1.0,0.8375032145150114,0.12534932532415727
latency40,Geo+D3-10HistAE-CeNN,3648,0.03781115331356737,0.046492820345517424,1.0,0.8224263508881654,0.1254084171432395
latency40,Geo+D3-10HistAE-CeNN,3649,0.03271534270377345,0.03823774729094062,1.0,0.8209563574532618,0.125303498637271
latency40,Geo+D3-10HistAE-CeNN,3650,0.03115379169187006,0.039823364868859124,1.0,0.8167057360540687,0.125304538232147
latency40,Geo+D3-10HistAE-CeNN,3651,0.028993159172309064,0.03578032430710492,1.0,0.8365740741847544,0.12532636235595362
latency40,Geo+D3-10HistAE-CeNN,3652,0.030973248144853867,0.03873673442316345,1.0,0.844597118805203,0.12527818914576377
latency40,Geo+D3-10HistAE-CeNN,3653,0.029250306892584416,0.035476028090614634,1.0,0.820678996967601,0.12528436110826616
latency40,Geo+D3-10HistAE-CeNN,3654,0.026770368627120098,0.033747433811649685,1.0,0.8310047762814606,0.12531366707314232
latency40,Geo+D3-10HistAE-CeNN,3655,0.026417609827538994,0.034314772240062734,1.0,0.840860954161995,0.12536635972550914
latency40,Geo+D3-10HistAE-CeNN,3656,0.028543034268239724,0.0355236720873965,1.0,0.839063261134304,0.12533174669313016
latency40,Geo+D3-10HistAE-CeNN,3657,0.026672909115889477,0.033473707585653906,1.0,0.8387654997813454,0.12529991686194997
latency40,Geo+D3-10HistAE-CeNN,3658,0.03169208104624479,0.03606651261435612,1.0,0.8352810163839048,0.12537737133729704
latency40,Geo+D3-10HistAE-CeNN,3659,0.029807868839885163,0.034757839639386286,1.0,0.8427957721861349,0.12547527942877146
latency40,Geo+D3-10HistAE-CeNN,3660,0.02970871337175525,0.036312669273782516,1.0,0.8361882255423838,0.1252386172896403
latency40,Geo+D3-10HistAE-CeNN,3661,0.025772085667734805,0.03333463031753394,1.0,0.850647921012361,0.1253099169096906
latency40,Geo+D3-10HistAE-CeNN,3662,0.03241746441994561,0.03630207056013099,1.0,0.8314116138053764,0.1252798752816181
latency40,Geo+D3-10HistAE-CeNN,3663,0.04004792268130038,0.05301530139736493,1.0,0.8420147116073807,0.12554148420615674
latency40,Geo+D3-10HistAE-CeNN,3664,0.03318524477130602,0.03857960729167197,1.0,0.8267627808195916,0.12532395460182652
latency40,Geo+D3-10HistAE-CeNN,3665,0.035595673525528,0.04413679991417708,1.0,0.8343379608068652,0.12539797449690704
latency40,Geo+D3-10HistAE-CeNN,3666,0.03533370986165601,0.04377185966386113,1.0,0.8356256502316977,0.12546393395181202
latency40,Geo+D3-10HistAE-CeNN,3667,0.028575974102740882,0.03516978790594945,1.0,0.8561594668998201,0.12533031640698963
latency40,Geo+D3-10HistAE-CeNN,3668,0.02982533195282297,0.03441405550640138,1.0,0.844154646429093,0.12534407524255012
latency40,Geo+D3-10HistAE-CeNN,3669,0.031015983866756164,0.037871462908379123,1.0,0.8431912910983558,0.12536777186043818
latency40,Geo+D3-10HistAE-CeNN,3670,0.027733378399266304,0.03383260372844586,1.0,0.8342018298098718,0.12533477636279802
latency40,Geo+D3-10HistAE-CeNN,3671,0.03550347594361364,0.04890420136492734,1.0,0.8295006222458648,0.1253946814639179
latency40,Geo+D3-10HistAE-CeNN,3672,0.03097732680181887,0.03701065966759115,1.0,0.8450636607701105,0.12536706892362823
latency40,Geo+D3-10HistAE-CeNN,3673,0.028425229274417183,0.035482674859373224,1.0,0.8422716697871465,0.12531511976139165
latency40,Geo+D3-10HistAE-CeNN,3674,0.027321495561841814,0.034754701047441314,1.0,0.8416320416113732,0.1255005626109564
latency40,Geo+D3-10HistAE-CeNN,3675,0.02780335034928252,0.03550951240600432,1.0,0.8465743938476037,0.1252939117414401
latency40,Geo+D3-10HistAE-CeNN,3676,0.02868714835690756,0.034839333721290375,1.0,0.8471397881481539,0.1254055968984879
latency40,Geo+D3-10HistAE-CeNN,3677,0.031451180222117944,0.040491746308062716,1.0,0.8255237665890759,0.12532084855331918
latency40,Geo+D3-10HistAE-CeNN,3678,0.031004830308042283,0.039126370308766735,1.0,0.8461536289146823,0.12536787424994797
latency40,Geo+D3-10HistAE-CeNN,3679,0.029216239776174015,0.03574158597262367,1.0,0.8353540593812608,0.12527330413024454
latency40,Geo+D3-10HistAE-CeNN,3680,0.028439295021881566,0.03411142851126169,1.0,0.8336864549523321,0.12538850490774342
latency40,Geo+D3-10HistAE-CeNN,3681,0.026255226399228,0.03335106568221811,1.0,0.8400401654735904,0.12538998072138363
latency40,Geo+D3-10HistAE-CeNN,3682,0.03271707982867983,0.0374277451837335,1.0,0.8119645738495214,0.12533820644996063
latency40,Geo+D3-10HistAE-CeNN,3683,0.026962461965923508,0.0328935694867116,1.0,0.8507356860331088,0.1252443464416479
latency40,Geo+D3-10HistAE-CeNN,3684,0.025944818724255875,0.032122719899447566,1.0,0.8346331702625857,0.12533669690286126
latency40,Geo+D3-10HistAE-CeNN,3685,0.031570191429555576,0.036662607430721125,1.0,0.8478028494630541,0.12537982380893362
latency40,Geo+D3-10HistAE-CeNN,3686,0.030153661027010992,0.03406625894827891,1.0,0.8246377740456641,0.1252944652480695
latency40,Geo+D3-10HistAE-CeNN,3687,0.02799424920355182,0.03237097362515968,1.0,0.8390401651551206,0.12527470254563694
latency40,Geo+D3-10HistAE-CeNN,3688,0.03156818440122414,0.03747695332825562,1.0,0.83219887579833,0.1254463919142719
latency40,Geo+D3-10HistAE-CeNN,3689,0.03247795989839187,0.03735586481868598,1.0,0.8318557389534844,0.12544681560477086
latency40,Geo+D3-10HistAE-CeNN,3690,0.030853526735493433,0.035121645014722806,1.0,0.8287524958651894,0.12542040640349394
latency40,Geo+D3-10HistAE-CeNN,3691,0.02640391041789555,0.032460880320845244,1.0,0.8377040130256308,0.1253525025247025
latency40,Geo+D3-10HistAE-CeNN,3692,0.027638985488898288,0.033956746513966844,1.0,0.8363255593397644,0.12538430413727292
latency40,Geo+D3-10HistAE-CeNN,3693,0.029131278471592647,0.03551183747522896,1.0,0.8231953663442171,0.12536972683756356
latency40,Geo+D3-10HistAE-CeNN,3694,0.02777768334414681,0.0330582053436021,1.0,0.8385713074719314,0.12537157487739176
latency40,Geo+D3-10HistAE-CeNN,3695,0.026002644398114623,0.03368694538788714,1.0,0.8433330292727728,0.1253704268718157
latency40,Geo+D3-10HistAE-CeNN,3696,0.03125372378981557,0.03411278263810375,1.0,0.836239986603076,0.12529042195555934
latency40,Geo+D3-10HistAE-CeNN,3697,0.03171789401737659,0.03612249714837592,1.0,0.8159887262127213,0.12524107353839778
latency40,Geo+D3-10HistAE-CeNN,3698,0.03014484205831516,0.03448245823903699,1.0,0.83686646559462,0.12543600941372854
latency40,Geo+D3-10HistAE-CeNN,3699,0.0269127351237651,0.03379799006478464,1.0,0.8472998436256153,0.1253750575889838
payload50,LQR-outer,3600,0.04871281255526222,0.06436639922592921,1.0,1.5289426810674913,0.0
payload50,LQR-outer,3601,0.05678660669056657,0.0777248486676667,1.0,1.6903849121399661,0.0
payload50,LQR-outer,3602,0.04868728118221955,0.0666825612212643,1.0,1.5533810815563376,0.0
payload50,LQR-outer,3603,0.05806374181821487,0.07833428725351617,1.0,1.713855571157625,0.0
payload50,LQR-outer,3604,0.0649898054053299,0.08688183420707246,1.0,1.7955339984369274,0.0
payload50,LQR-outer,3605,0.06267609820878167,0.08388553224161728,1.0,1.7649285246127824,0.0
payload50,LQR-outer,3606,0.05646521978340496,0.07300081366541016,1.0,1.6249302149237315,0.0
payload50,LQR-outer,3607,0.0493120734170007,0.06804835507077311,1.0,1.58147355655924,0.0
payload50,LQR-outer,3608,0.06019283253143994,0.08048046376173,1.0,1.728417668237527,0.0
payload50,LQR-outer,3609,0.05628153948319928,0.07575805090287199,1.0,1.6793329349172357,0.0
payload50,LQR-outer,3610,0.05824271066960181,0.08230585425691592,1.0,1.7410883752583672,0.0
payload50,LQR-outer,3611,0.053778043064066,0.06559785981592375,1.0,1.5402646868556003,0.0
payload50,LQR-outer,3612,0.05527106234975803,0.07433331964723916,1.0,1.6529823162907988,0.0
payload50,LQR-outer,3613,0.06176651550269292,0.07985763075923762,1.0,1.705371628285792,0.0
payload50,LQR-outer,3614,0.06020920009655357,0.08085765326605959,1.0,1.755898707683762,0.0
payload50,LQR-outer,3615,0.0722597785507637,0.08953157173774982,1.0,1.8288245660703393,0.0
payload50,LQR-outer,3616,0.06002123557574046,0.08023023353737906,1.0,1.7085984612443212,0.0
payload50,LQR-outer,3617,0.04982646071697933,0.06883011317338777,1.0,1.5797928820110405,0.0
payload50,LQR-outer,3618,0.048271791762598965,0.0657433627708701,1.0,1.5690579733904981,0.0
payload50,LQR-outer,3619,0.05950720913672466,0.07641066470873595,1.0,1.6673796934727878,0.0
payload50,LQR-outer,3620,0.05810019125491939,0.08160392077747836,1.0,1.7478128589945623,0.0
payload50,LQR-outer,3621,0.05119551056694104,0.06837080794695635,1.0,1.575643370455483,0.0
payload50,LQR-outer,3622,0.0602796758657733,0.07755172126442274,1.0,1.7106043792323227,0.0
payload50,LQR-outer,3623,0.05031150781584273,0.06817822383256517,1.0,1.5636789639438344,0.0
payload50,LQR-outer,3624,0.05309941200399346,0.07212917025370898,1.0,1.6297206342217037,0.0
payload50,LQR-outer,3625,0.05729765280429011,0.0718477271549617,1.0,1.6353289888582978,0.0
payload50,LQR-outer,3626,0.06284361254208823,0.08299172563501923,1.0,1.7752249748399023,0.0
payload50,LQR-outer,3627,0.055927278315461786,0.0776397181710041,1.0,1.667924104857179,0.0
payload50,LQR-outer,3628,0.05998716210836603,0.0811140742952926,1.0,1.7346457364226504,0.0
payload50,LQR-outer,3629,0.06700925408522669,0.09128297863508689,1.0,1.8580264243877445,0.0
payload50,LQR-outer,3630,0.06465857144167612,0.08924750511398588,1.0,1.8482430632109115,0.0
payload50,LQR-outer,3631,0.06322048541333733,0.08697672245732557,1.0,1.8119225028780768,0.0
payload50,LQR-outer,3632,0.04840606085253184,0.06665389499881127,1.0,1.551954901365054,0.0
payload50,LQR-outer,3633,0.0629826493689319,0.08182158727770247,1.0,1.742899855769645,0.0
payload50,LQR-outer,3634,0.05601713722718239,0.07414865778780885,1.0,1.6202157344963415,0.0
payload50,LQR-outer,3635,0.0637424993560542,0.08561380107082753,1.0,1.7779730539483092,0.0
payload50,LQR-outer,3636,0.05172096436509972,0.06320626594322334,1.0,1.5035048717506916,0.0
payload50,LQR-outer,3637,0.0667493854167107,0.09258482504419498,1.0,1.8840222678092948,0.0
payload50,LQR-outer,3638,0.06147699117122148,0.08082886819583011,1.0,1.7244889952540225,0.0
payload50,LQR-outer,3639,0.05529302697296856,0.0700961513811848,1.0,1.623531536296235,0.0
payload50,LQR-outer,3640,0.06951351434531819,0.09100462600584656,1.0,1.8439970511294281,0.0
payload50,LQR-outer,3641,0.05766509804696696,0.07269017133144624,1.0,1.6346423454834829,0.0
payload50,LQR-outer,3642,0.061855072779699996,0.08512680805496907,1.0,1.8003468993515235,0.0
payload50,LQR-outer,3643,0.049537517954007765,0.062030779212317116,1.0,1.4877647744976725,0.0
payload50,LQR-outer,3644,0.06359592985348969,0.08832070201168732,1.0,1.8118419212972459,0.0
payload50,LQR-outer,3645,0.06226664057067814,0.07864174469983458,1.0,1.7113146388468126,0.0
payload50,LQR-outer,3646,0.06674562748613468,0.08659479923394824,1.0,1.8180893802095794,0.0
payload50,LQR-outer,3647,0.0662502978760349,0.08917482129195956,1.0,1.8131633548619748,0.0
payload50,LQR-outer,3648,0.04993451583305984,0.06506652797362378,1.0,1.5320416043815137,0.0
payload50,LQR-outer,3649,0.05263448692673961,0.0677562099684792,1.0,1.588631206026831,0.0
payload50,LQR-outer,3650,0.06625889043939089,0.08310927992749277,1.0,1.751888731923447,0.0
payload50,LQR-outer,3651,0.06826662704344592,0.0933215657643288,1.0,1.9142645331624448,0.0
payload50,LQR-outer,3652,0.061412957789535885,0.07890681352240492,1.0,1.71372976999098,0.0
payload50,LQR-outer,3653,0.06114120202981562,0.08425301519316777,1.0,1.7601052144144946,0.0
payload50,LQR-outer,3654,0.053761174504810556,0.0632832584071782,1.0,1.5084385416005535,0.0
payload50,LQR-outer,3655,0.05455444884740612,0.07218090959741491,1.0,1.6141734172289501,0.0
payload50,LQR-outer,3656,0.061050490920272094,0.08336947181165383,1.0,1.7445822544263543,0.0
payload50,LQR-outer,3657,0.05242559810695423,0.06909405092131954,1.0,1.577551389680568,0.0
payload50,LQR-outer,3658,0.0683920017852371,0.09217914786635815,1.0,1.8851054993057628,0.0
payload50,LQR-outer,3659,0.04987667937712112,0.07081401302183138,1.0,1.5954180822790336,0.0
payload50,LQR-outer,3660,0.058165717608730114,0.08209073570246622,1.0,1.7548573585873273,0.0
payload50,LQR-outer,3661,0.058926800726191664,0.08228716965863973,1.0,1.7458112040393632,0.0
payload50,LQR-outer,3662,0.05814710502612275,0.0717860906326602,1.0,1.612780409398532,0.0
payload50,LQR-outer,3663,0.059399139821743545,0.07827919067248454,1.0,1.7068735607286551,0.0
payload50,LQR-outer,3664,0.0687272195153975,0.09327940907167105,1.0,1.8878879332804404,0.0
payload50,LQR-outer,3665,0.059032995586567,0.08123268542162751,1.0,1.7376828347603102,0.0
payload50,LQR-outer,3666,0.05072031539985442,0.06176823509479558,1.0,1.4777968198475018,0.0
payload50,LQR-outer,3667,0.05086514492456707,0.0704206782321311,1.0,1.6224237141305289,0.0
payload50,LQR-outer,3668,0.06044617168876977,0.07627207125483446,1.0,1.6611644422526899,0.0
payload50,LQR-outer,3669,0.05841147251230383,0.07566856417409813,1.0,1.6698786789868316,0.0
payload50,LQR-outer,3670,0.061095718204226754,0.08516895560847698,1.0,1.7894578077782926,0.0
payload50,LQR-outer,3671,0.06312558948020107,0.07785628589864846,1.0,1.6930686771648016,0.0
payload50,LQR-outer,3672,0.060618700929610574,0.07627774073006387,1.0,1.678279030283509,0.0
payload50,LQR-outer,3673,0.06067679519456906,0.0792374456626529,1.0,1.7060078074474296,0.0
payload50,LQR-outer,3674,0.06326096900143734,0.08715947734752162,1.0,1.8058427625330589,0.0
payload50,LQR-outer,3675,0.06589632688985952,0.08679251441885041,1.0,1.8220159456244305,0.0
payload50,LQR-outer,3676,0.05028694501788088,0.06642329227261337,1.0,1.5713994357374608,0.0
payload50,LQR-outer,3677,0.06419529006846533,0.08955151983409435,1.0,1.8466878666969757,0.0
payload50,LQR-outer,3678,0.04666745828158856,0.06420745662029158,1.0,1.5121855825948178,0.0
payload50,LQR-outer,3679,0.06280589751731809,0.07424848243889634,1.0,1.6524919533290985,0.0
payload50,LQR-outer,3680,0.06513161003668064,0.08698919734469088,1.0,1.8232053758794746,0.0
payload50,LQR-outer,3681,0.06539753375239594,0.09265566793205517,1.0,1.8707724101879284,0.0
payload50,LQR-outer,3682,0.04923095528923905,0.06530742185259844,1.0,1.539449843976708,0.0
payload50,LQR-outer,3683,0.05391895140583081,0.07330151139874617,1.0,1.6412889561838042,0.0
payload50,LQR-outer,3684,0.05295299779132023,0.06936827127189514,1.0,1.587939388379727,0.0
payload50,LQR-outer,3685,0.05643506205552365,0.07460948949888657,1.0,1.6282503617124335,0.0
payload50,LQR-outer,3686,0.059082650669589794,0.0778954559950882,1.0,1.7000146752838343,0.0
payload50,LQR-outer,3687,0.05805053689077953,0.07726451120251605,1.0,1.7052439698022848,0.0
payload50,LQR-outer,3688,0.055850139287593,0.07048378138184533,1.0,1.6154057709943963,0.0
payload50,LQR-outer,3689,0.05107284463817329,0.06297305280376093,1.0,1.5039898446124453,0.0
payload50,LQR-outer,3690,0.0675495848292686,0.09386838855687069,1.0,1.9195348327291006,0.0
payload50,LQR-outer,3691,0.050779693072787326,0.06678213184222723,1.0,1.5713746784581826,0.0
payload50,LQR-outer,3692,0.06472111195115987,0.08584561327211215,1.0,1.818974468916855,0.0
payload50,LQR-outer,3693,0.06697283941168629,0.08931372739783792,1.0,1.8148878474228862,0.0
payload50,LQR-outer,3694,0.06023049116148074,0.07909366236059177,1.0,1.7074774143212876,0.0
payload50,LQR-outer,3695,0.050374411065040016,0.0696828881135638,1.0,1.5890312120625056,0.0
payload50,LQR-outer,3696,0.05188188054266301,0.06969176393408802,1.0,1.583312384624171,0.0
payload50,LQR-outer,3697,0.06713530253865682,0.08787919575074848,1.0,1.811173419165479,0.0
payload50,LQR-outer,3698,0.04901571180733886,0.06535913330681456,1.0,1.5216139500825403,0.0
payload50,LQR-outer,3699,0.05636195858669605,0.07391149071911361,1.0,1.6298625960633597,0.0
payload50,Geo+AE-CeNN,3600,0.06258396071896029,0.08582051952203192,1.0,1.5348426000512192,0.03827448958917891
payload50,Geo+AE-CeNN,3601,0.0726235175686223,0.10273699589951553,1.0,1.6913198064596273,0.037897442482388605
payload50,Geo+AE-CeNN,3602,0.06293336614264726,0.08892574168426332,1.0,1.554043376270866,0.03817874594383026
payload50,Geo+AE-CeNN,3603,0.07465504571998353,0.10368920058235426,1.0,1.7186441724734118,0.037746586643047295
payload50,Geo+AE-CeNN,3604,0.08195808429100668,0.11413052854171697,1.0,1.797272546771693,0.0381375725011537
payload50,Geo+AE-CeNN,3605,0.07988093488458207,0.11056181688729,1.0,1.7683270781027778,0.03813120328121832
payload50,Geo+AE-CeNN,3606,0.0707311433608579,0.09704333720642426,1.0,1.6269670244076213,0.038296359124199854
payload50,Geo+AE-CeNN,3607,0.06421067192730409,0.09096807066659002,1.0,1.5840193348426377,0.03802558594255129
payload50,Geo+AE-CeNN,3608,0.07660246870986948,0.10613469711079192,1.0,1.730694467355938,0.038000405737694615
payload50,Geo+AE-CeNN,3609,0.07265804794039105,0.10064972211608636,1.0,1.6859735916766094,0.038045843703105375
payload50,Geo+AE-CeNN,3610,0.0746844552322179,0.10900815938006163,1.0,1.7360226030106762,0.03800974522503021
payload50,Geo+AE-CeNN,3611,0.06771837498013525,0.08652145349249289,1.0,1.5461886061131846,0.03839529263471363
payload50,Geo+AE-CeNN,3612,0.07088891366974906,0.09867854598491346,1.0,1.657277290357946,0.03827900263606416
payload50,Geo+AE-CeNN,3613,0.07802822761964007,0.1050114734089322,1.0,1.708581366770254,0.038161753895296524
payload50,Geo+AE-CeNN,3614,0.07781170400993716,0.10720294807261778,1.0,1.7630803369465056,0.038092027526347515
payload50,Geo+AE-CeNN,3615,0.08909311639502222,0.1169997766746798,1.0,1.8312210880230069,0.038429924623050456
payload50,Geo+AE-CeNN,3616,0.07607838166300974,0.10563591720184792,1.0,1.710383044602092,0.038043027707317184
payload50,Geo+AE-CeNN,3617,0.06472256879936944,0.09161195088332054,1.0,1.5803688315973696,0.03826750203454271
payload50,Geo+AE-CeNN,3618,0.06315417306618694,0.08789710300759761,1.0,1.5756718994104308,0.038030693337614004
payload50,Geo+AE-CeNN,3619,0.07524122299351758,0.1006243266344865,1.0,1.6719036629987771,0.03803786755238307
payload50,Geo+AE-CeNN,3620,0.0751801941504858,0.10831010421618596,1.0,1.7481041504197758,0.038189961338382
payload50,Geo+AE-CeNN,3621,0.06511662283714084,0.09101610606759496,1.0,1.5784498030325615,0.03781103435150682
payload50,Geo+AE-CeNN,3622,0.07675768075160946,0.10268748439223546,1.0,1.7180643824484372,0.03794035773493598
payload50,Geo+AE-CeNN,3623,0.06445753760123944,0.09053118851020969,1.0,1.5653378621122718,0.03805108089484305
payload50,Geo+AE-CeNN,3624,0.06893792828525565,0.09590114558877694,1.0,1.6344681508344678,0.03807158158807225
payload50,Geo+AE-CeNN,3625,0.07256436850223097,0.09519875801820525,1.0,1.6434931096178853,0.03814245012958523
payload50,Geo+AE-CeNN,3626,0.08056511708932663,0.10968084649794725,1.0,1.7819686995849222,0.03810752089763354
payload50,Geo+AE-CeNN,3627,0.07147453900536604,0.10295023062244309,1.0,1.6677663696670249,0.038327147877526876
payload50,Geo+AE-CeNN,3628,0.07658725631017042,0.10765722214227652,1.0,1.739254908807702,0.03815376078634561
payload50,Geo+AE-CeNN,3629,0.08498181548897409,0.12057704231953031,1.0,1.8589977904547959,0.03779926774896694
payload50,Geo+AE-CeNN,3630,0.0825976811528437,0.11799615137530145,1.0,1.8495074276453412,0.03781029291868702
payload50,Geo+AE-CeNN,3631,0.08063194946944632,0.11518122207927589,1.0,1.8130359699171963,0.03787330936774267
payload50,Geo+AE-CeNN,3632,0.06288812955499354,0.08890390551535116,1.0,1.550737383728983,0.03826247257926992
payload50,Geo+AE-CeNN,3633,0.07993478167543652,0.10785723721984514,1.0,1.7458262644085198,0.038127282419684536
payload50,Geo+AE-CeNN,3634,0.07079257579541635,0.09787518599836056,1.0,1.6213242682124722,0.03836954570891757
payload50,Geo+AE-CeNN,3635,0.08074497443562292,0.11275930794854884,1.0,1.7804464952483992,0.0381216208575137
payload50,Geo+AE-CeNN,3636,0.06445548984158275,0.08374007187221236,1.0,1.5091946879280775,0.038209745104238794
payload50,Geo+AE-CeNN,3637,0.08573366858631207,0.12224463701928959,1.0,1.886631061070015,0.03806838254481435
payload50,Geo+AE-CeNN,3638,0.07818833549260797,0.10663894200119939,1.0,1.7298464495950976,0.03806125811096818
payload50,Geo+AE-CeNN,3639,0.07021255716234616,0.09326165068740105,1.0,1.6292447661655658,0.038192656749821
payload50,Geo+AE-CeNN,3640,0.0873130490588735,0.11929966104128069,1.0,1.844415499206875,0.0380054929866534
payload50,Geo+AE-CeNN,3641,0.07309864319593747,0.09616037496921134,1.0,1.6423565406091645,0.038540176747453636
payload50,Geo+AE-CeNN,3642,0.07957712358810606,0.11275052333559785,1.0,1.8048787731371572,0.03788824312172598
payload50,Geo+AE-CeNN,3643,0.06274698227872524,0.0823261997456446,1.0,1.489328163515663,0.038147551970353286
payload50,Geo+AE-CeNN,3644,0.0811661638778495,0.11660895994140666,1.0,1.808122370829284,0.03792945468379111
payload50,Geo+AE-CeNN,3645,0.07839160038424492,0.10344059056779058,1.0,1.7179594339194582,0.037953522286977306
payload50,Geo+AE-CeNN,3646,0.08411495435815966,0.11412953850663947,1.0,1.822802625199557,0.038063950629412854
payload50,Geo+AE-CeNN,3647,0.08364210108079495,0.11721473000477785,1.0,1.8127007730877862,0.037917041188261835
payload50,Geo+AE-CeNN,3648,0.06359386992435574,0.08658907622053202,1.0,1.5342875337594137,0.038040678203081504
payload50,Geo+AE-CeNN,3649,0.06755122359167993,0.09004371908732109,1.0,1.5947973074722184,0.0383948323567834
payload50,Geo+AE-CeNN,3650,0.08263372120805104,0.10926798233498931,1.0,1.7572175667900982,0.03808324874419455
payload50,Geo+AE-CeNN,3651,0.08709505612485667,0.12321178139130093,1.0,1.9164847673602592,0.03785273864890671
payload50,Geo+AE-CeNN,3652,0.07782734711567345,0.10402250421411363,1.0,1.7189274253518725,0.03822969111975544
payload50,Geo+AE-CeNN,3653,0.0779310248855466,0.11122858403493475,1.0,1.758895802014642,0.03827530414806072
payload50,Geo+AE-CeNN,3654,0.06650300784714724,0.08361959486181506,1.0,1.5156036057772444,0.038443527318722255
payload50,Geo+AE-CeNN,3655,0.06990806368121347,0.0956484304028418,1.0,1.6190741545569407,0.03818413650919286
payload50,Geo+AE-CeNN,3656,0.07775011061937108,0.11009302726917186,1.0,1.7465453954363241,0.038138651422782804
payload50,Geo+AE-CeNN,3657,0.06677093826001718,0.09171357412991411,1.0,1.5813542163660972,0.03822660927603042
payload50,Geo+AE-CeNN,3658,0.08731293310910113,0.12142613158813212,1.0,1.890713416359484,0.037929292373783285
payload50,Geo+AE-CeNN,3659,0.06469735951462413,0.09452062449701926,1.0,1.5938141684976328,0.03815499942629623
payload50,Geo+AE-CeNN,3660,0.07516941219325406,0.10910691359071933,1.0,1.7562161285328326,0.03796420507798539
payload50,Geo+AE-CeNN,3661,0.07578517413014646,0.10893655952877598,1.0,1.7451921468765637,0.03808091811208993
payload50,Geo+AE-CeNN,3662,0.07270655191129402,0.09441462456075017,1.0,1.6182063096818085,0.03847296779398513
payload50,Geo+AE-CeNN,3663,0.0761502516689473,0.10346578522669987,1.0,1.7122758327647973,0.03799916828270713
payload50,Geo+AE-CeNN,3664,0.0866881319487424,0.12309169807382397,1.0,1.887375753192652,0.03779524557360647
payload50,Geo+AE-CeNN,3665,0.07578098327767287,0.10735838803744538,1.0,1.7401586844223675,0.03772231692740609
payload50,Geo+AE-CeNN,3666,0.0636073910489295,0.08158064797700561,1.0,1.4814635598871408,0.038364119962836965
payload50,Geo+AE-CeNN,3667,0.06637404987875996,0.09407725777705159,1.0,1.6274985741315944,0.03782376065243579
payload50,Geo+AE-CeNN,3668,0.07533903567996751,0.1004986482956912,1.0,1.6645429915185934,0.03810183541316706
payload50,Geo+AE-CeNN,3669,0.0740796503685259,0.09992604259292595,1.0,1.6761465032849132,0.03799470611892655
payload50,Geo+AE-CeNN,3670,0.07838515341265047,0.11255922898092426,1.0,1.7898139688193715,0.037782898323489585
payload50,Geo+AE-CeNN,3671,0.07922635797989619,0.10242469562565995,1.0,1.699538226707854,0.03821588668073893
payload50,Geo+AE-CeNN,3672,0.07621584676403387,0.10037853864243744,1.0,1.6826856864786457,0.038324030602254554
payload50,Geo+AE-CeNN,3673,0.07735073880489335,0.10452212043643602,1.0,1.7111000816789323,0.03821825619413537
payload50,Geo+AE-CeNN,3674,0.08100532929416676,0.11511040347203629,1.0,1.8076326168624093,0.037845015836089055
payload50,Geo+AE-CeNN,3675,0.08363235879078632,0.11438176993719654,1.0,1.828263393093497,0.03801486130961562
payload50,Geo+AE-CeNN,3676,0.06511084984349569,0.08840666777336371,1.0,1.5759775967322003,0.03828429104719441
payload50,Geo+AE-CeNN,3677,0.08261910689457112,0.11846464093385688,1.0,1.8480510189237112,0.038395994222220835
payload50,Geo+AE-CeNN,3678,0.060196257678039315,0.08557295213733748,1.0,1.5136524358226728,0.03833031171600437
payload50,Geo+AE-CeNN,3679,0.07826642197992409,0.09743734452793548,1.0,1.6601183828687105,0.03847005223724356
payload50,Geo+AE-CeNN,3680,0.08328318952372216,0.11487975873555135,1.0,1.827006609570081,0.03776456185417952
payload50,Geo+AE-CeNN,3681,0.08378442045278041,0.12231719167554182,1.0,1.8682331534607748,0.037888938281278636
payload50,Geo+AE-CeNN,3682,0.06270055151747059,0.08694186820633086,1.0,1.54296966806484,0.0379425053605066
payload50,Geo+AE-CeNN,3683,0.06863178589324517,0.0973973667123461,1.0,1.6406644466083256,0.03805128870680519
payload50,Geo+AE-CeNN,3684,0.06748903904495891,0.09169318171947087,1.0,1.59142124270039,0.0381510177319668
payload50,Geo+AE-CeNN,3685,0.07110787044035323,0.09830313967872727,1.0,1.6288306472691165,0.03824589767856232
payload50,Geo+AE-CeNN,3686,0.07545123354580537,0.10299008272716166,1.0,1.706421895694713,0.037936831160365114
payload50,Geo+AE-CeNN,3687,0.07455837080994514,0.10225503062487948,1.0,1.712273765238666,0.03815824381918588
payload50,Geo+AE-CeNN,3688,0.07070895902790521,0.0930056903139482,1.0,1.6221517835544368,0.03818032682475329
payload50,Geo+AE-CeNN,3689,0.06419979038564516,0.08322747263539207,1.0,1.5096602952520988,0.038260481221631004
payload50,Geo+AE-CeNN,3690,0.0867117957502239,0.12394287115294336,1.0,1.9199033701011883,0.038234039564449915
payload50,Geo+AE-CeNN,3691,0.06527322084819402,0.08906182659380274,1.0,1.5779027761849593,0.038169692038702234
payload50,Geo+AE-CeNN,3692,0.08262858568925358,0.11354460812242034,1.0,1.825003410739873,0.03817849831943596
payload50,Geo+AE-CeNN,3693,0.08457961686297695,0.1172525790039138,1.0,1.8146313948867427,0.03822035252873597
payload50,Geo+AE-CeNN,3694,0.07613912512076451,0.10438469660617967,1.0,1.7113245392150485,0.038250722322314065
payload50,Geo+AE-CeNN,3695,0.06508382849687819,0.09276318996219622,1.0,1.5905352359809923,0.0384089364906473
payload50,Geo+AE-CeNN,3696,0.06636033618441085,0.09246512797869183,1.0,1.581214100142671,0.03800266540459832
payload50,Geo+AE-CeNN,3697,0.08431591302436914,0.11526435851862216,1.0,1.810422099023032,0.03798003579215481
payload50,Geo+AE-CeNN,3698,0.062270450943813546,0.08655047602966488,1.0,1.5224985995097553,0.03804013066135265
payload50,Geo+AE-CeNN,3699,0.0714896761869031,0.09757345728151459,1.0,1.633013403363463,0.03804040605269982
payload50,Geo+D1-3AE-CeNN,3600,0.061933859443454996,0.08481852978732286,1.0,1.5366518878349076,0.036837086222575914
payload50,Geo+D1-3AE-CeNN,3601,0.0718619643893408,0.10148953783357287,1.0,1.694013137926603,0.03683765606772103
payload50,Geo+D1-3AE-CeNN,3602,0.06229270529377167,0.08787217308543992,1.0,1.555871373718244,0.03683817525565707
payload50,Geo+D1-3AE-CeNN,3603,0.0739169436069224,0.10243182523196159,1.0,1.7210400869472897,0.03683765758999843
payload50,Geo+D1-3AE-CeNN,3604,0.08114267776744588,0.11274862346881435,1.0,1.800009673687853,0.036838163304850756
payload50,Geo+D1-3AE-CeNN,3605,0.07908660142553683,0.10922583350458473,1.0,1.7703226365450417,0.03683741285721212
payload50,Geo+D1-3AE-CeNN,3606,0.06997050174851686,0.09580729154982076,1.0,1.6291779662868016,0.03683852699484269
payload50,Geo+D1-3AE-CeNN,3607,0.06354363937452127,0.08988448138399167,1.0,1.5855526317820259,0.03683717340460347
payload50,Geo+D1-3AE-CeNN,3608,0.07572556550290743,0.10480571741812977,1.0,1.7334367344890855,0.03683749221477721
payload50,Geo+D1-3AE-CeNN,3609,0.07189327435966121,0.0993995414789047,1.0,1.6877753343750346,0.03683743607276296
payload50,Geo+D1-3AE-CeNN,3610,0.0738360812545145,0.10770616295452655,1.0,1.7391146203160497,0.03683785543434165
payload50,Geo+D1-3AE-CeNN,3611,0.067099143432226,0.08549088844266466,1.0,1.5478071818997476,0.036838279382283665
payload50,Geo+D1-3AE-CeNN,3612,0.0700479797350364,0.09746444844175206,1.0,1.6592871688767654,0.036837816548819305
payload50,Geo+D1-3AE-CeNN,3613,0.07724510551849595,0.10372425492241821,1.0,1.7105790891707864,0.036838355021416455
payload50,Geo+D1-3AE-CeNN,3614,0.07697004277879199,0.10591577783817117,1.0,1.7654054223436306,0.03683748711827551
payload50,Geo+D1-3AE-CeNN,3615,0.08815254774385331,0.11548727505942492,1.0,1.8343238666994484,0.03683769355350809
payload50,Geo+D1-3AE-CeNN,3616,0.07539067192536178,0.10441332704883335,1.0,1.7127366216025108,0.03683802296861059
payload50,Geo+D1-3AE-CeNN,3617,0.06407171492477601,0.0905687007661371,1.0,1.5823759416472913,0.03683753617244524
payload50,Geo+D1-3AE-CeNN,3618,0.06251275074786035,0.08690202935634404,1.0,1.5775783536805865,0.03683843375182377
payload50,Geo+D1-3AE-CeNN,3619,0.07458520582528458,0.09942531771174196,1.0,1.6738214330450942,0.03683836989989624
payload50,Geo+D1-3AE-CeNN,3620,0.07432750666358141,0.10699894849656906,1.0,1.7505658133158093,0.03683732965961379
payload50,Geo+D1-3AE-CeNN,3621,0.06444749118982056,0.0898914095388412,1.0,1.580806396593623,0.03683788407884798
payload50,Geo+D1-3AE-CeNN,3622,0.07589029893286957,0.10134973498274219,1.0,1.7203366560514668,0.03683793128692631
payload50,Geo+D1-3AE-CeNN,3623,0.06383438962400437,0.08942192674078724,1.0,1.5671656900260034,0.03683761391023763
payload50,Geo+D1-3AE-CeNN,3624,0.06826470646626928,0.0947553760259124,1.0,1.6362549540943796,0.03683726701221372
payload50,Geo+D1-3AE-CeNN,3625,0.07175053277773633,0.09396708768482404,1.0,1.645556436867219,0.036837175393547444
payload50,Geo+D1-3AE-CeNN,3626,0.07970616538676684,0.10829401201932569,1.0,1.7841428891415256,0.03683918303795055
payload50,Geo+D1-3AE-CeNN,3627,0.0706800026786705,0.10169293986011148,1.0,1.6699418422359094,0.03683717918484243
payload50,Geo+D1-3AE-CeNN,3628,0.07570023341108606,0.10626555412718407,1.0,1.741390700486866,0.03683790440661904
payload50,Geo+D1-3AE-CeNN,3629,0.08410453334356789,0.11903717097928311,1.0,1.8611679997583501,0.03683811555699377
payload50,Geo+D1-3AE-CeNN,3630,0.08165047160646101,0.11649983055444527,1.0,1.8524708853528598,0.036837947886832964
payload50,Geo+D1-3AE-CeNN,3631,0.07980148758486622,0.1137594975235268,1.0,1.8157026814351902,0.036837600650075915
payload50,Geo+D1-3AE-CeNN,3632,0.062317211100669796,0.08793350363070898,1.0,1.5524500997544233,0.03683735019632121
payload50,Geo+D1-3AE-CeNN,3633,0.07917021894740617,0.10653422433282513,1.0,1.7476350878046119,0.036838773207675646
payload50,Geo+D1-3AE-CeNN,3634,0.07007066127489273,0.09668214852629212,1.0,1.6231727430909217,0.03683814257647371
payload50,Geo+D1-3AE-CeNN,3635,0.07987198495057558,0.1113360631319786,1.0,1.78269550812437,0.036838300588049995
payload50,Geo+D1-3AE-CeNN,3636,0.06391646372019404,0.08272354112643687,1.0,1.5104636149060902,0.03683784861608828
payload50,Geo+D1-3AE-CeNN,3637,0.08475042379201113,0.1207200117015537,1.0,1.8890475671504028,0.03683810788251297
payload50,Geo+D1-3AE-CeNN,3638,0.07737704364794139,0.10525946803093593,1.0,1.731726299571301,0.03683782106154626
payload50,Geo+D1-3AE-CeNN,3639,0.06935329553145,0.09209928878303998,1.0,1.6317329159821181,0.03683740257997177
payload50,Geo+D1-3AE-CeNN,3640,0.08649527268395561,0.11782030525080099,1.0,1.8468608489699814,0.03683816851923566
payload50,Geo+D1-3AE-CeNN,3641,0.07231092444313306,0.09496846532095068,1.0,1.6443909772365373,0.03683773725205549
payload50,Geo+D1-3AE-CeNN,3642,0.07872907656415759,0.1113707661077762,1.0,1.807668320353754,0.03683772922598723
payload50,Geo+D1-3AE-CeNN,3643,0.06239650481366297,0.08144408392878806,1.0,1.4905497830480443,0.0368371034711262
payload50,Geo+D1-3AE-CeNN,3644,0.08044206569427942,0.11524332068213082,1.0,1.810411589192245,0.03683794857855751
payload50,Geo+D1-3AE-CeNN,3645,0.07758990839676067,0.10214901644059889,1.0,1.7204608561225505,0.03683789733450264
payload50,Geo+D1-3AE-CeNN,3646,0.08320406498859419,0.11266659127382131,1.0,1.8257860606248728,0.03683803780243361
payload50,Geo+D1-3AE-CeNN,3647,0.08287142547475165,0.11578526943038961,1.0,1.8151059735071662,0.03683842130328918
payload50,Geo+D1-3AE-CeNN,3648,0.06309219680940716,0.08559089543734463,1.0,1.5359240538601553,0.03683798967446164
payload50,Geo+D1-3AE-CeNN,3649,0.06676384043135948,0.08894045028590944,1.0,1.5970394667036922,0.03683778386096135
payload50,Geo+D1-3AE-CeNN,3650,0.0818234082463915,0.10784283399090619,1.0,1.7593420257526828,0.0368381440631542
payload50,Geo+D1-3AE-CeNN,3651,0.08607092902161616,0.12168799546923591,1.0,1.9199308888946975,0.036837933162152156
payload50,Geo+D1-3AE-CeNN,3652,0.07703661224639607,0.10275763267367483,1.0,1.721166283736234,0.03683680112420034
payload50,Geo+D1-3AE-CeNN,3653,0.07700065085197158,0.10984056241529379,1.0,1.7615423470055376,0.036837683779985496
payload50,Geo+D1-3AE-CeNN,3654,0.06590703231917208,0.08259234465520375,1.0,1.5171583546946932,0.03683755943361565
payload50,Geo+D1-3AE-CeNN,3655,0.06920167078849804,0.09446043847153447,1.0,1.6205564006743143,0.03683734940265072
payload50,Geo+D1-3AE-CeNN,3656,0.07694184995467798,0.10870787587688606,1.0,1.748734729908908,0.036838208562850056
payload50,Geo+D1-3AE-CeNN,3657,0.0661266517187743,0.09056555873775747,1.0,1.5830292174185265,0.03683780770506077
payload50,Geo+D1-3AE-CeNN,3658,0.08634445871695035,0.11989051111431706,1.0,1.8932310292376706,0.03683861330870154
payload50,Geo+D1-3AE-CeNN,3659,0.06403142552655129,0.0933985271636883,1.0,1.5959159078114966,0.036837771460538
payload50,Geo+D1-3AE-CeNN,3660,0.07433546018336794,0.1077581473771486,1.0,1.7589251691159489,0.03683793422716909
payload50,Geo+D1-3AE-CeNN,3661,0.07499898068282912,0.10761744252232289,1.0,1.7476285575357924,0.036838152342427856
payload50,Geo+D1-3AE-CeNN,3662,0.07201427009690389,0.09328640483357935,1.0,1.6204052707008403,0.03683767696097294
payload50,Geo+D1-3AE-CeNN,3663,0.0753959150744296,0.10220461927399889,1.0,1.7141970566538154,0.036838067544831245
payload50,Geo+D1-3AE-CeNN,3664,0.08575870223116665,0.12149238172260546,1.0,1.8900743389172987,0.03683783494005357
payload50,Geo+D1-3AE-CeNN,3665,0.07496825120143157,0.1060578805055525,1.0,1.742607518311944,0.036838526031613576
payload50,Geo+D1-3AE-CeNN,3666,0.0631486357752243,0.08064231362860029,1.0,1.4825484656204353,0.0368375469996145
payload50,Geo+D1-3AE-CeNN,3667,0.06569276237639303,0.0929703225266298,1.0,1.629686564469923,0.03683718403368847
payload50,Geo+D1-3AE-CeNN,3668,0.07462506765050146,0.09921497123358525,1.0,1.666625645841965,0.036837823562122854
payload50,Geo+D1-3AE-CeNN,3669,0.07337928543243977,0.09873025308447148,1.0,1.6785921410116287,0.03683836991567323
payload50,Geo+D1-3AE-CeNN,3670,0.07745951512891486,0.11116185021331317,1.0,1.7927188039441049,0.03683766208060069
payload50,Geo+D1-3AE-CeNN,3671,0.07855377107050313,0.1011655761771202,1.0,1.7012359635899026,0.03683811489281856
payload50,Geo+D1-3AE-CeNN,3672,0.07536706186861271,0.09909752668140513,1.0,1.685214587483015,0.036838422108130396
payload50,Geo+D1-3AE-CeNN,3673,0.07664288840316982,0.103275626302874,1.0,1.7126109968639782,0.03683816881933426
payload50,Geo+D1-3AE-CeNN,3674,0.08020070030903333,0.11370710654892142,1.0,1.8095795473094969,0.03683815234359502
payload50,Geo+D1-3AE-CeNN,3675,0.08275095712874737,0.11293348313262928,1.0,1.830857321859901,0.03683744285958011
payload50,Geo+D1-3AE-CeNN,3676,0.06443219976040764,0.08739691732727885,1.0,1.578008798367011,0.036837287475531756
payload50,Geo+D1-3AE-CeNN,3677,0.08162659943149596,0.1169565524865327,1.0,1.8504903471767133,0.0368373556116494
payload50,Geo+D1-3AE-CeNN,3678,0.05954159454116473,0.08454196951561911,1.0,1.5154107917377195,0.036837274772197136
payload50,Geo+D1-3AE-CeNN,3679,0.07751157232975708,0.09619922893893457,1.0,1.6620696350271686,0.036837708972411065
payload50,Geo+D1-3AE-CeNN,3680,0.08251051833591422,0.11350256573540984,1.0,1.829266917179381,0.03683805658670327
payload50,Geo+D1-3AE-CeNN,3681,0.08289157218637269,0.12079509256590931,1.0,1.870829218012456,0.03683899207638776
payload50,Geo+D1-3AE-CeNN,3682,0.06202536000992035,0.0858551418433073,1.0,1.5451022498596167,0.03683811666236848
payload50,Geo+D1-3AE-CeNN,3683,0.06782830974518328,0.09619763175262429,1.0,1.6437254772275005,0.036837955264584187
payload50,Geo+D1-3AE-CeNN,3684,0.06680420946348649,0.09057369180787865,1.0,1.593774973505414,0.03683826186411373
payload50,Geo+D1-3AE-CeNN,3685,0.07039881824177048,0.09711029622543133,1.0,1.6309530961942642,0.036838075647785816
payload50,Geo+D1-3AE-CeNN,3686,0.07465538652015026,0.10167401412584631,1.0,1.7084028360048968,0.03683859035729339
payload50,Geo+D1-3AE-CeNN,3687,0.07378659577208484,0.10104294318512963,1.0,1.71464173577233,0.03683769664908716
payload50,Geo+D1-3AE-CeNN,3688,0.06998885628124035,0.09190058231495186,1.0,1.6245230349368924,0.03683791409434278
payload50,Geo+D1-3AE-CeNN,3689,0.0636962534803781,0.0822665135829982,1.0,1.511218647025598,0.036837843799923685
payload50,Geo+D1-3AE-CeNN,3690,0.08571675374539427,0.12244393017483897,1.0,1.9231402979414096,0.03683791690463988
payload50,Geo+D1-3AE-CeNN,3691,0.06454852664449605,0.0879768774742383,1.0,1.579774843279889,0.03683815996385805
payload50,Geo+D1-3AE-CeNN,3692,0.08166772790138774,0.11207564249004845,1.0,1.8277997909419026,0.03683814780024671
payload50,Geo+D1-3AE-CeNN,3693,0.08366364611673942,0.11578674602000874,1.0,1.8169948376691747,0.036838030054355354
payload50,Geo+D1-3AE-CeNN,3694,0.07535477300450859,0.10307077370587667,1.0,1.7138179643193967,0.03683737029737082
payload50,Geo+D1-3AE-CeNN,3695,0.06441988867147637,0.0916685867754728,1.0,1.5926167815799939,0.03683785862903239
payload50,Geo+D1-3AE-CeNN,3696,0.06580200580002113,0.09141337476277081,1.0,1.58323797043663,0.03683799617361181
payload50,Geo+D1-3AE-CeNN,3697,0.08356816239889611,0.11390861057547554,1.0,1.8131999354443773,0.03683791539106915
payload50,Geo+D1-3AE-CeNN,3698,0.06169233790871578,0.08550517797444464,1.0,1.524254220649145,0.03683800767557997
payload50,Geo+D1-3AE-CeNN,3699,0.07085672724420806,0.09639683276105267,1.0,1.6346345888572504,0.036837435587143766
payload50,Geo+D1-10AE-CeNN,3600,0.06223635800526466,0.08511467111771631,1.0,1.5363555179010708,0.038894604429374244
payload50,Geo+D1-10AE-CeNN,3601,0.07220478548377643,0.10184000991769018,1.0,1.693689516148974,0.03889460442937353
payload50,Geo+D1-10AE-CeNN,3602,0.06258495463505143,0.08820046474680421,1.0,1.5556226237847537,0.03889460442937348
payload50,Geo+D1-10AE-CeNN,3603,0.07422954650409483,0.10280538431609709,1.0,1.7207694656791197,0.038894604429373376
payload50,Geo+D1-10AE-CeNN,3604,0.08144306012455785,0.11304256202537877,1.0,1.799663603610213,0.03889460442937313
payload50,Geo+D1-10AE-CeNN,3605,0.07935991264209587,0.10953419553170056,1.0,1.7700372148600392,0.03889460442937366
payload50,Geo+D1-10AE-CeNN,3606,0.07026980621623526,0.0960797509165648,1.0,1.628881788392815,0.03889460442937356
payload50,Geo+D1-10AE-CeNN,3607,0.06383532757114732,0.09022938788859049,1.0,1.5853127727330178,0.038894604429374056
payload50,Geo+D1-10AE-CeNN,3608,0.07611922234694246,0.10515728361552477,1.0,1.732939209823379,0.03889460442937373
payload50,Geo+D1-10AE-CeNN,3609,0.07218245874114596,0.09975575521436708,1.0,1.6875638861701825,0.03889460442937384
payload50,Geo+D1-10AE-CeNN,3610,0.07419417709918659,0.10799027051402009,1.0,1.7386872307012602,0.038894604429373335
payload50,Geo+D1-10AE-CeNN,3611,0.06738853289009718,0.08581893501127677,1.0,1.547431129187798,0.03889460442937318
payload50,Geo+D1-10AE-CeNN,3612,0.07038080491440553,0.09773599978847533,1.0,1.6588371088520457,0.03889460442937362
payload50,Geo+D1-10AE-CeNN,3613,0.07755128502288576,0.10404168532882783,1.0,1.7102212475682022,0.03889460442937313
payload50,Geo+D1-10AE-CeNN,3614,0.07731296500755573,0.10625071024610508,1.0,1.7649306065235069,0.038894604429373744
payload50,Geo+D1-10AE-CeNN,3615,0.08852796944603954,0.1157964640498886,1.0,1.8337439613032551,0.03889460442937373
payload50,Geo+D1-10AE-CeNN,3616,0.07565853111567285,0.10472001271896136,1.0,1.7125089727931613,0.038894604429373335
payload50,Geo+D1-10AE-CeNN,3617,0.06435938910997016,0.09085954293430559,1.0,1.5820798034143757,0.03889460442937368
payload50,Geo+D1-10AE-CeNN,3618,0.06280108245525014,0.08721328618149654,1.0,1.5772432207735796,0.038894604429373175
payload50,Geo+D1-10AE-CeNN,3619,0.07484839466989371,0.09978613072982175,1.0,1.6736675212268872,0.038894604429373224
payload50,Geo+D1-10AE-CeNN,3620,0.07465160539460164,0.1072907358160529,1.0,1.7501532817814818,0.03889460442937381
payload50,Geo+D1-10AE-CeNN,3621,0.06474969627778455,0.0902184319191878,1.0,1.5806502335031423,0.03889460442937379
payload50,Geo+D1-10AE-CeNN,3622,0.07624846258594145,0.1017325607081286,1.0,1.7198845643845653,0.03889460442937382
payload50,Geo+D1-10AE-CeNN,3623,0.064121027830026,0.08979259904419573,1.0,1.5670485835404202,0.03889460442937374
payload50,Geo+D1-10AE-CeNN,3624,0.06855388115585574,0.09510655852892753,1.0,1.6360291978675718,0.03889460442937376
payload50,Geo+D1-10AE-CeNN,3625,0.07209396941229285,0.09430986776334636,1.0,1.6451101678370788,0.03889460442937439
payload50,Geo+D1-10AE-CeNN,3626,0.08002149205278766,0.10863564200509747,1.0,1.7837221744955842,0.038894604429372724
payload50,Geo+D1-10AE-CeNN,3627,0.07096393583422579,0.10193451478447653,1.0,1.669668116458137,0.038894604429373945
payload50,Geo+D1-10AE-CeNN,3628,0.07600896792878623,0.1065688920208412,1.0,1.7411246571422825,0.03889460442937374
payload50,Geo+D1-10AE-CeNN,3629,0.0843649026814446,0.11939544365914564,1.0,1.861136232713257,0.03889460442937357
payload50,Geo+D1-10AE-CeNN,3630,0.08200310893465261,0.11684972245709892,1.0,1.852143903349657,0.038894604429373585
payload50,Geo+D1-10AE-CeNN,3631,0.08009971176895297,0.114114564801787,1.0,1.8155468346189267,0.038894604429373855
payload50,Geo+D1-10AE-CeNN,3632,0.06257163666928557,0.08825485500847999,1.0,1.5522933345104029,0.03889460442937361
payload50,Geo+D1-10AE-CeNN,3633,0.07942964229710389,0.10685295631311119,1.0,1.7473732027998259,0.03889460442937263
payload50,Geo+D1-10AE-CeNN,3634,0.07033400299530236,0.09694069502333419,1.0,1.6229073659774955,0.038894604429373515
payload50,Geo+D1-10AE-CeNN,3635,0.0801665007475094,0.11162783789728582,1.0,1.782381248273,0.03889460442937317
payload50,Geo+D1-10AE-CeNN,3636,0.06411058714374836,0.0830164745685325,1.0,1.5104295614833039,0.038894604429373744
payload50,Geo+D1-10AE-CeNN,3637,0.08508975100715598,0.12104774396009738,1.0,1.8886567375583265,0.03889460442937329
payload50,Geo+D1-10AE-CeNN,3638,0.0776691051765815,0.10563548070956837,1.0,1.7315550990133883,0.038894604429373536
payload50,Geo+D1-10AE-CeNN,3639,0.069747316854646,0.09238603833680839,1.0,1.6310896270113404,0.03889460442937402
payload50,Geo+D1-10AE-CeNN,3640,0.08679125885929202,0.1182034041728381,1.0,1.8466772288219668,0.03889460442937304
payload50,Geo+D1-10AE-CeNN,3641,0.07265165658598838,0.09528231892985192,1.0,1.6439255342301498,0.03889460442937375
payload50,Geo+D1-10AE-CeNN,3642,0.07906092472868372,0.1117285218395483,1.0,1.8073837844236287,0.03889460442937367
payload50,Geo+D1-10AE-CeNN,3643,0.06255182866886566,0.08181037338492818,1.0,1.4906636480807662,0.03889460442937386
payload50,Geo+D1-10AE-CeNN,3644,0.08066440729677428,0.11556169883689393,1.0,1.8103899675564787,0.03889460442937323
payload50,Geo+D1-10AE-CeNN,3645,0.07793093523804667,0.10250677705704532,1.0,1.7200445827129365,0.038894604429373564
payload50,Geo+D1-10AE-CeNN,3646,0.08355342233989374,0.11299003044194245,1.0,1.825291573421559,0.038894604429373605
payload50,Geo+D1-10AE-CeNN,3647,0.08314302477689152,0.11616745892006107,1.0,1.815096437526277,0.03889460442937311
payload50,Geo+D1-10AE-CeNN,3648,0.06332423531479317,0.08595444799057883,1.0,1.535839708943211,0.03889460442937372
payload50,Geo+D1-10AE-CeNN,3649,0.06714846722942398,0.08926547041460277,1.0,1.5964464209005453,0.03889460442937374
payload50,Geo+D1-10AE-CeNN,3650,0.08209341232353867,0.10816395112212261,1.0,1.7590856081875321,0.03889460442937359
payload50,Geo+D1-10AE-CeNN,3651,0.08645387649588827,0.12198959069395816,1.0,1.9193446883700296,0.03889460442937358
payload50,Geo+D1-10AE-CeNN,3652,0.07737157826102867,0.10311035814101918,1.0,1.720705748256987,0.03889460442937415
payload50,Geo+D1-10AE-CeNN,3653,0.07736524718805111,0.11012341008511872,1.0,1.7610612745956724,0.03889460442937352
payload50,Geo+D1-10AE-CeNN,3654,0.06617451487240093,0.08291035147141959,1.0,1.5169293020072554,0.0388946044293741
payload50,Geo+D1-10AE-CeNN,3655,0.06947401904782337,0.0947881207420881,1.0,1.620353173452251,0.038894604429373855
payload50,Geo+D1-10AE-CeNN,3656,0.07722056604555368,0.10902076236681042,1.0,1.748576728123604,0.03889460442937342
payload50,Geo+D1-10AE-CeNN,3657,0.06640901133679382,0.09095744451716786,1.0,1.5829369538325955,0.03889460442937374
payload50,Geo+D1-10AE-CeNN,3658,0.08669618428125368,0.12025784667134413,1.0,1.8928626334499212,0.038894604429373016
payload50,Geo+D1-10AE-CeNN,3659,0.06430708327758494,0.09370987109745947,1.0,1.5957709086211893,0.03889460442937372
payload50,Geo+D1-10AE-CeNN,3660,0.0746616826913117,0.10808487757316707,1.0,1.7586524387598044,0.038894604429373515
payload50,Geo+D1-10AE-CeNN,3661,0.07530174913974337,0.10796386224657226,1.0,1.7474164215071384,0.038894604429373175
payload50,Geo+D1-10AE-CeNN,3662,0.07232796403535698,0.09358388554171916,1.0,1.619946808094428,0.03889460442937358
payload50,Geo+D1-10AE-CeNN,3663,0.07569124860997668,0.10257965817630212,1.0,1.7139436742902794,0.0388946044293732
payload50,Geo+D1-10AE-CeNN,3664,0.08606542714980604,0.12185843561165617,1.0,1.8899603963839249,0.038894604429373765
payload50,Geo+D1-10AE-CeNN,3665,0.07529849909266352,0.10639973660788601,1.0,1.742303736251826,0.0388946044293728
payload50,Geo+D1-10AE-CeNN,3666,0.0633600097310386,0.08101376835950713,1.0,1.4825220646897237,0.0388946044293738
payload50,Geo+D1-10AE-CeNN,3667,0.06600923967849898,0.09335127040097023,1.0,1.6294766866406858,0.03889460442937403
payload50,Geo+D1-10AE-CeNN,3668,0.0748958646591623,0.09955114967228199,1.0,1.6664485575829666,0.038894604429373744
payload50,Geo+D1-10AE-CeNN,3669,0.07369643857302033,0.09910659826318453,1.0,1.678350807145184,0.03889460442937336
payload50,Geo+D1-10AE-CeNN,3670,0.07784104553823225,0.11149017621740628,1.0,1.7922841468137853,0.03889460442937351
payload50,Geo+D1-10AE-CeNN,3671,0.07879154394529876,0.10152518906078922,1.0,1.701057935006189,0.03889460442937338
payload50,Geo+D1-10AE-CeNN,3672,0.07574610977852093,0.09941277790237892,1.0,1.6846042403356745,0.03889460442937312
payload50,Geo+D1-10AE-CeNN,3673,0.07688718205349876,0.10362954955456663,1.0,1.7125096277349203,0.03889460442937328
payload50,Geo+D1-10AE-CeNN,3674,0.08042697179724895,0.11400824225943156,1.0,1.809471544327276,0.03889460442937313
payload50,Geo+D1-10AE-CeNN,3675,0.08306792386943777,0.11328561827283024,1.0,1.8305192247058606,0.03889460442937374
payload50,Geo+D1-10AE-CeNN,3676,0.06477909536400327,0.08770855521810245,1.0,1.5775115645670144,0.0388946044293737
payload50,Geo+D1-10AE-CeNN,3677,0.08196937508193115,0.11726010490909192,1.0,1.8500520630214894,0.03889460442937392
payload50,Geo+D1-10AE-CeNN,3678,0.059841295334730815,0.08484474361657118,1.0,1.5151878901295854,0.03889460442937404
payload50,Geo+D1-10AE-CeNN,3679,0.07784481254773601,0.09659310169574063,1.0,1.6615955557602078,0.03889460442937357
payload50,Geo+D1-10AE-CeNN,3680,0.0828081388090264,0.11391197077768725,1.0,1.8290885798645078,0.03889460442937295
payload50,Geo+D1-10AE-CeNN,3681,0.08318458894776133,0.12113462244980278,1.0,1.8706815575970634,0.038894604429372724
payload50,Geo+D1-10AE-CeNN,3682,0.06232047801286222,0.08615581799341378,1.0,1.5449058840779912,0.038894604429373446
payload50,Geo+D1-10AE-CeNN,3683,0.06819431640157032,0.09644939446204989,1.0,1.6432671740086369,0.03889460442937346
payload50,Geo+D1-10AE-CeNN,3684,0.06715396948379668,0.09091735294961006,1.0,1.5933762508601252,0.038894604429373154
payload50,Geo+D1-10AE-CeNN,3685,0.07067907791613574,0.097392386600995,1.0,1.630676050612084,0.03889460442937335
payload50,Geo+D1-10AE-CeNN,3686,0.07494668011147451,0.10202380826047233,1.0,1.7081495089840326,0.038894604429373016
payload50,Geo+D1-10AE-CeNN,3687,0.0740988415193375,0.10135504307163251,1.0,1.714236170972803,0.03889460442937345
payload50,Geo+D1-10AE-CeNN,3688,0.07033270885396802,0.0922254231359167,1.0,1.6240306180410193,0.03889460442937338
payload50,Geo+D1-10AE-CeNN,3689,0.06392974258886677,0.08259897382512871,1.0,1.5110492048613204,0.038894604429373564
payload50,Geo+D1-10AE-CeNN,3690,0.08608450319881504,0.12273052651323939,1.0,1.9225135624024638,0.03889460442937348
payload50,Geo+D1-10AE-CeNN,3691,0.06485149104068715,0.08824887501502995,1.0,1.5793749278237785,0.03889460442937347
payload50,Geo+D1-10AE-CeNN,3692,0.08204800227291285,0.11243198439346082,1.0,1.8273011290782664,0.03889460442937352
payload50,Geo+D1-10AE-CeNN,3693,0.08399195726537956,0.11608922291574024,1.0,1.8165825012421886,0.03889460442937323
payload50,Geo+D1-10AE-CeNN,3694,0.07567119154376939,0.10341305831187157,1.0,1.7135306775394248,0.03889460442937397
payload50,Geo+D1-10AE-CeNN,3695,0.06470810841102016,0.0919658328892465,1.0,1.5923474172430396,0.038894604429373626
payload50,Geo+D1-10AE-CeNN,3696,0.06605999106903034,0.09175044865599193,1.0,1.5830776479558377,0.0388946044293733
payload50,Geo+D1-10AE-CeNN,3697,0.08386707661025046,0.11426081479681352,1.0,1.8129057490854226,0.03889460442937291
payload50,Geo+D1-10AE-CeNN,3698,0.06194662798206603,0.08583370285139888,1.0,1.5241474202657455,0.03889460442937331
payload50,Geo+D1-10AE-CeNN,3699,0.07107305763804028,0.09672021548342172,1.0,1.6345804275107052,0.038894604429373696
payload50,Geo+D2-HistAE-CeNN,3600,0.056374765576041465,0.07647473878293466,1.0,1.526459710349098,0.20501306797008528
payload50,Geo+D2-HistAE-CeNN,3601,0.06316930962878706,0.09317814108575417,1.0,1.6816154722068215,0.19575569417016483
payload50,Geo+D2-HistAE-CeNN,3602,0.05622657968454678,0.08151831324422082,1.0,1.5561418336037645,0.19641012965917265
payload50,Geo+D2-HistAE-CeNN,3603,0.06387399561722386,0.0920032103006669,1.0,1.7014766091822127,0.19114798798506985
payload50,Geo+D2-HistAE-CeNN,3604,0.07527445502561272,0.10733522883451198,1.0,1.7849475996480026,0.19642138087298133
payload50,Geo+D2-HistAE-CeNN,3605,0.06859803011127731,0.0982802697020544,1.0,1.7482750012331527,0.20668379932918665
payload50,Geo+D2-HistAE-CeNN,3606,0.0668139683653991,0.0891908729208234,1.0,1.6180721807809542,0.2132025332735491
payload50,Geo+D2-HistAE-CeNN,3607,0.05599890639570331,0.08129837547966984,1.0,1.578231010047101,0.1911569761955083
payload50,Geo+D2-HistAE-CeNN,3608,0.07112118475626387,0.09933497262526335,1.0,1.7070310063229541,0.18950213408206174
payload50,Geo+D2-HistAE-CeNN,3609,0.06253266255642323,0.0886861973426768,1.0,1.6672728605961507,0.2060074861346815
payload50,Geo+D2-HistAE-CeNN,3610,0.06528064473123811,0.09663144237484,1.0,1.7289445315714078,0.1988111343580561
payload50,Geo+D2-HistAE-CeNN,3611,0.061841298264991726,0.07974375971551528,1.0,1.5521596081703537,0.18388583205268516
payload50,Geo+D2-HistAE-CeNN,3612,0.06671134916879601,0.09158235306123111,1.0,1.6482970325915844,0.1886472901022971
payload50,Geo+D2-HistAE-CeNN,3613,0.07192676133046796,0.09778521932066622,1.0,1.6998277261622643,0.1821060766673494
payload50,Geo+D2-HistAE-CeNN,3614,0.06928088834808303,0.09723862507702766,1.0,1.750009804197965,0.19130137558729793
payload50,Geo+D2-HistAE-CeNN,3615,0.08408178395995498,0.10944879895159257,1.0,1.8276666865488924,0.22139749305799566
payload50,Geo+D2-HistAE-CeNN,3616,0.06880258557086713,0.09577276320995302,1.0,1.7101211333001178,0.18822326226219252
payload50,Geo+D2-HistAE-CeNN,3617,0.057415163561038485,0.0842673637236608,1.0,1.5801679253070215,0.19121654129470794
payload50,Geo+D2-HistAE-CeNN,3618,0.0535073288266444,0.07805436099629819,1.0,1.556969976939109,0.20371177741477478
payload50,Geo+D2-HistAE-CeNN,3619,0.06773864740910958,0.09234778052932094,1.0,1.680856245131174,0.19417934472889042
payload50,Geo+D2-HistAE-CeNN,3620,0.065706625376761,0.09641673817025781,1.0,1.7298146209324061,0.1881564364221919
payload50,Geo+D2-HistAE-CeNN,3621,0.05749652447528196,0.08256550578487551,1.0,1.5579750780601456,0.20561355819718155
payload50,Geo+D2-HistAE-CeNN,3622,0.06924216948933999,0.09187359820962064,1.0,1.6991620106349583,0.21411289673801318
payload50,Geo+D2-HistAE-CeNN,3623,0.05803156910126581,0.08183467804338293,1.0,1.573009855742827,0.1910494213855889
payload50,Geo+D2-HistAE-CeNN,3624,0.06086376585107239,0.08828196354046787,1.0,1.6279673133183088,0.20739515281597715
payload50,Geo+D2-HistAE-CeNN,3625,0.06722655536746057,0.08728182511288217,1.0,1.6247065513155545,0.20988629489633473
payload50,Geo+D2-HistAE-CeNN,3626,0.07214646295153211,0.10067135456716757,1.0,1.764236285541312,0.20060854402812223
payload50,Geo+D2-HistAE-CeNN,3627,0.06797428785825088,0.09592293951410757,1.0,1.6786860747971777,0.20168489813330479
payload50,Geo+D2-HistAE-CeNN,3628,0.069557078841119,0.09838121203570505,1.0,1.7279970952927974,0.20630042882814548
payload50,Geo+D2-HistAE-CeNN,3629,0.07535756130473845,0.10643960901094876,1.0,1.8546505373172373,0.21547883956509306
payload50,Geo+D2-HistAE-CeNN,3630,0.07168626620024683,0.10596574269071075,1.0,1.8186718376573134,0.21112052126401837
payload50,Geo+D2-HistAE-CeNN,3631,0.07053377783492681,0.10204458586785128,1.0,1.7924625053164849,0.22537484733468993
payload50,Geo+D2-HistAE-CeNN,3632,0.05808864319329162,0.08207138504562575,1.0,1.5697826478765275,0.17774045815575992
payload50,Geo+D2-HistAE-CeNN,3633,0.0720849080394456,0.09664724376814826,1.0,1.7566138698618028,0.20671702898225536
payload50,Geo+D2-HistAE-CeNN,3634,0.0676244096985894,0.09411326252255267,1.0,1.638432016867137,0.19560498583502567
payload50,Geo+D2-HistAE-CeNN,3635,0.0752206244948044,0.1055341296816334,1.0,1.7756622039359031,0.19949600420778119
payload50,Geo+D2-HistAE-CeNN,3636,0.058668276532740316,0.07569710829143687,1.0,1.497389456349796,0.18691308397558082
payload50,Geo+D2-HistAE-CeNN,3637,0.07905191111264571,0.11172963764572445,1.0,1.887402685830119,0.19562334506771684
payload50,Geo+D2-HistAE-CeNN,3638,0.07014101068933164,0.09603682682725072,1.0,1.7195794583176545,0.2001293270625208
payload50,Geo+D2-HistAE-CeNN,3639,0.06433534804472553,0.08490743962018199,1.0,1.6084787933652624,0.1993011012229034
payload50,Geo+D2-HistAE-CeNN,3640,0.07820569758155414,0.10767790734854539,1.0,1.8381699859539928,0.2010077236467773
payload50,Geo+D2-HistAE-CeNN,3641,0.06665142476050691,0.08810868366216823,1.0,1.627156626663308,0.20753913594758505
payload50,Geo+D2-HistAE-CeNN,3642,0.07133934627422159,0.10179794922780148,1.0,1.789754643502883,0.20457144487729054
payload50,Geo+D2-HistAE-CeNN,3643,0.05680134173865226,0.0754584263946897,1.0,1.5113038972250088,0.20645549894463955
payload50,Geo+D2-HistAE-CeNN,3644,0.07114806463157142,0.10340457560347928,1.0,1.8038046048574792,0.20439572009985246
payload50,Geo+D2-HistAE-CeNN,3645,0.07218780527374491,0.09772718027082125,1.0,1.7057006905285481,0.1917626733147762
payload50,Geo+D2-HistAE-CeNN,3646,0.07514596965402873,0.1040207214155018,1.0,1.7983544345263627,0.21675975974253386
payload50,Geo+D2-HistAE-CeNN,3647,0.0771746610562107,0.11132548716007169,1.0,1.8195748958273499,0.20811213275731755
payload50,Geo+D2-HistAE-CeNN,3648,0.05627078249055671,0.07894273233880758,1.0,1.534693355894823,0.20020351707511327
payload50,Geo+D2-HistAE-CeNN,3649,0.06187372403678508,0.0842721568085968,1.0,1.5708943116701977,0.1813021613803347
payload50,Geo+D2-HistAE-CeNN,3650,0.07728797896592544,0.1023855561590238,1.0,1.751695991068846,0.20150061648509093
payload50,Geo+D2-HistAE-CeNN,3651,0.0807640362557331,0.1144656994623123,1.0,1.8791804395505556,0.20294581282804147
payload50,Geo+D2-HistAE-CeNN,3652,0.068749791280541,0.09411293517193621,1.0,1.7100567384452485,0.20309674810596315
payload50,Geo+D2-HistAE-CeNN,3653,0.07399605124432473,0.10505062499507743,1.0,1.7538459905778978,0.18549938459545207
payload50,Geo+D2-HistAE-CeNN,3654,0.06267179696861422,0.0772452287295628,1.0,1.5188477033132561,0.196109760022761
payload50,Geo+D2-HistAE-CeNN,3655,0.06325547544791735,0.08749397589458642,1.0,1.6047498646865201,0.19196972903271306
payload50,Geo+D2-HistAE-CeNN,3656,0.07323103833512853,0.10522171265472208,1.0,1.7424382843221373,0.22204801582852257
payload50,Geo+D2-HistAE-CeNN,3657,0.058266312883886555,0.07996028544564711,1.0,1.5721543188184866,0.18936890949390356
payload50,Geo+D2-HistAE-CeNN,3658,0.07679004678964436,0.10907050038948243,1.0,1.8653671435716805,0.20798688615336178
payload50,Geo+D2-HistAE-CeNN,3659,0.05768997819332062,0.08595289673898143,1.0,1.614346834447378,0.2116787255864764
payload50,Geo+D2-HistAE-CeNN,3660,0.06759122291900063,0.09787798664131855,1.0,1.7530531390187942,0.21278970960038504
payload50,Geo+D2-HistAE-CeNN,3661,0.06465784218638226,0.09679711715034674,1.0,1.7267992859549273,0.20024763188814096
payload50,Geo+D2-HistAE-CeNN,3662,0.06687607043758398,0.08820472982641525,1.0,1.604516935198063,0.20657292183230894
payload50,Geo+D2-HistAE-CeNN,3663,0.06621206609812513,0.0925497644407782,1.0,1.7117634847794947,0.2123122059239444
payload50,Geo+D2-HistAE-CeNN,3664,0.07774076546611595,0.11180377583550977,1.0,1.8593725179561937,0.21611305751149584
payload50,Geo+D2-HistAE-CeNN,3665,0.0652238020148013,0.09371679729615225,1.0,1.7238549792731983,0.1918854002445065
payload50,Geo+D2-HistAE-CeNN,3666,0.05709351230705548,0.07348159516311728,1.0,1.4978507623563286,0.20183159028965264
payload50,Geo+D2-HistAE-CeNN,3667,0.05823255027020629,0.08527110049643731,1.0,1.6094618491573323,0.1849170240015421
payload50,Geo+D2-HistAE-CeNN,3668,0.06858731041795002,0.09214238850376447,1.0,1.661442978760482,0.20129733114214038
payload50,Geo+D2-HistAE-CeNN,3669,0.06742440234958137,0.09116551734292785,1.0,1.6693109105382873,0.2036985280065937
payload50,Geo+D2-HistAE-CeNN,3670,0.06761646464454286,0.10034598444329933,1.0,1.7477672239647486,0.20920044861692522
payload50,Geo+D2-HistAE-CeNN,3671,0.07230597308410427,0.09554313144371937,1.0,1.7023840267077288,0.19970360729709902
payload50,Geo+D2-HistAE-CeNN,3672,0.06797234338639656,0.09044894510756883,1.0,1.664172874640331,0.1849675720192832
payload50,Geo+D2-HistAE-CeNN,3673,0.06978908318247394,0.09679044271286925,1.0,1.7112424774302906,0.20695137546584624
payload50,Geo+D2-HistAE-CeNN,3674,0.07077706846473857,0.10473173051943169,1.0,1.7864803376726441,0.20384181696472342
payload50,Geo+D2-HistAE-CeNN,3675,0.07785589837974087,0.10716727992769824,1.0,1.8143323666735092,0.20219459239822715
payload50,Geo+D2-HistAE-CeNN,3676,0.0566816169835923,0.0779152301089931,1.0,1.5657051553605439,0.18408632600277317
payload50,Geo+D2-HistAE-CeNN,3677,0.07414720608151425,0.10876904747882916,1.0,1.8202942062796819,0.20580340191517785
payload50,Geo+D2-HistAE-CeNN,3678,0.0548058464045004,0.0781212351634768,1.0,1.5179780630630737,0.19293818785131708
payload50,Geo+D2-HistAE-CeNN,3679,0.07313614310207354,0.09089955596255068,1.0,1.6616495337879502,0.17576917141443454
payload50,Geo+D2-HistAE-CeNN,3680,0.07319441169684518,0.10395110281888507,1.0,1.8120799976338533,0.18973625430746296
payload50,Geo+D2-HistAE-CeNN,3681,0.0729464749117087,0.10975945414348712,1.0,1.8488352479078463,0.20385794541213206
payload50,Geo+D2-HistAE-CeNN,3682,0.052853710525278555,0.07525045227235291,1.0,1.5096207349348956,0.20778865251442605
payload50,Geo+D2-HistAE-CeNN,3683,0.060240167033114404,0.085646163835654,1.0,1.6221098832043164,0.1941039014464659
payload50,Geo+D2-HistAE-CeNN,3684,0.05843924641325478,0.08065146406064164,1.0,1.587184923099438,0.19660343663968813
payload50,Geo+D2-HistAE-CeNN,3685,0.06690876925321451,0.0939767262720604,1.0,1.632966772707642,0.19119397238340308
payload50,Geo+D2-HistAE-CeNN,3686,0.0692064600448653,0.09426108684174661,1.0,1.7052658068828255,0.19227598961795403
payload50,Geo+D2-HistAE-CeNN,3687,0.06510650006531266,0.09049365693652278,1.0,1.6999056120968938,0.20062085251013886
payload50,Geo+D2-HistAE-CeNN,3688,0.06657303574224605,0.08933786185227469,1.0,1.6123888525039043,0.18209836131095902
payload50,Geo+D2-HistAE-CeNN,3689,0.05690440029717833,0.07471952390658405,1.0,1.5157941123921688,0.1939011254509513
payload50,Geo+D2-HistAE-CeNN,3690,0.07455967864694853,0.10940734955979912,1.0,1.8956838277312813,0.21672656830840817
payload50,Geo+D2-HistAE-CeNN,3691,0.05636004322146555,0.07824142599900727,1.0,1.5563933798574985,0.20818324984245087
payload50,Geo+D2-HistAE-CeNN,3692,0.07215220732366334,0.10198789819887041,1.0,1.7959465041450036,0.21986451228883447
payload50,Geo+D2-HistAE-CeNN,3693,0.0771087194586631,0.10869924688711476,1.0,1.8264662374415028,0.20908154119393177
payload50,Geo+D2-HistAE-CeNN,3694,0.06879329620957822,0.09611705813129248,1.0,1.7008719669287518,0.20065501645787528
payload50,Geo+D2-HistAE-CeNN,3695,0.05671390322563352,0.08342217385546609,1.0,1.573718179214912,0.19867304856956058
payload50,Geo+D2-HistAE-CeNN,3696,0.05819839936531495,0.0832984177596538,1.0,1.5862422082152934,0.18505829385177172
payload50,Geo+D2-HistAE-CeNN,3697,0.07679825783024605,0.10627389917003309,1.0,1.806313609495043,0.18724917972669597
payload50,Geo+D2-HistAE-CeNN,3698,0.054822904638495325,0.07726568181455981,1.0,1.5185504631393036,0.1876423819292591
payload50,Geo+D2-HistAE-CeNN,3699,0.06560621798614123,0.08876965538685616,1.0,1.6451313462264117,0.2070521063195952
payload50,Geo+D3-3HistAE-CeNN,3600,0.08771907910612287,0.11808765688589982,1.0,1.5803435510582309,0.16281949195375267
payload50,Geo+D3-3HistAE-CeNN,3601,0.09426547047706901,0.13084147334738067,1.0,1.730056637445662,0.15150676250018275
payload50,Geo+D3-3HistAE-CeNN,3602,0.08722988057289455,0.11969656424818376,1.0,1.5991641987619125,0.1625914263462291
payload50,Geo+D3-3HistAE-CeNN,3603,0.09583710312984142,0.13099604776789328,1.0,1.75068304969027,0.15155513540509613
payload50,Geo+D3-3HistAE-CeNN,3604,0.10525345604721865,0.1446877611049939,1.0,1.8386218109435772,0.16004283369986064
payload50,Geo+D3-3HistAE-CeNN,3605,0.10243997244278404,0.1401277908160321,1.0,1.8091992003817212,0.15168237109509813
payload50,Geo+D3-3HistAE-CeNN,3606,0.09651697926053579,0.13321809332069623,1.0,1.6733792517342196,0.17361038969762072
payload50,Geo+D3-3HistAE-CeNN,3607,0.08809876104663962,0.12208718443490488,1.0,1.628047714980166,0.1554148667313778
payload50,Geo+D3-3HistAE-CeNN,3608,0.10028366676942982,0.13786716117766076,1.0,1.774056910022454,0.16265760164386334
payload50,Geo+D3-3HistAE-CeNN,3609,0.09640805257295104,0.13177078869467906,1.0,1.7202732358882384,0.15744967652392122
payload50,Geo+D3-3HistAE-CeNN,3610,0.09602549122560555,0.13798064709509597,1.0,1.7762130345740974,0.1540700396453361
payload50,Geo+D3-3HistAE-CeNN,3611,0.09265956877449233,0.11999186991661188,1.0,1.5854715325356783,0.17366763577817648
payload50,Geo+D3-3HistAE-CeNN,3612,0.09521075378522398,0.1306302840438154,1.0,1.7056069278404684,0.163118004598246
payload50,Geo+D3-3HistAE-CeNN,3613,0.10242319844343226,0.1370251667622384,1.0,1.7497172773184344,0.16772550136944714
payload50,Geo+D3-3HistAE-CeNN,3614,0.10085379981336028,0.13745618666783216,1.0,1.8030304307622944,0.15690586853659827
payload50,Geo+D3-3HistAE-CeNN,3615,0.11449009107617876,0.151988786671776,1.0,1.8870967291752685,0.1700213641629837
payload50,Geo+D3-3HistAE-CeNN,3616,0.09963082170639823,0.13573767983933044,1.0,1.7598236285739566,0.15980193326526404
payload50,Geo+D3-3HistAE-CeNN,3617,0.0883306504431622,0.12082410442746291,1.0,1.6225901223639807,0.1604030411521987
payload50,Geo+D3-3HistAE-CeNN,3618,0.08553644191149438,0.11582617374794597,1.0,1.6125346172661583,0.15293335765693822
payload50,Geo+D3-3HistAE-CeNN,3619,0.0986779152218522,0.13079387391700767,1.0,1.7090981058882293,0.16317193622643153
payload50,Geo+D3-3HistAE-CeNN,3620,0.09622371191682212,0.13462648825932932,1.0,1.7920425262136226,0.14486858354085974
payload50,Geo+D3-3HistAE-CeNN,3621,0.08928276931425476,0.12466689970861757,1.0,1.619149582121764,0.16635959962592745
payload50,Geo+D3-3HistAE-CeNN,3622,0.10144039278029068,0.1356303429524094,1.0,1.759142707468179,0.16728694800124572
payload50,Geo+D3-3HistAE-CeNN,3623,0.08763306991834219,0.11898411919915311,1.0,1.6084034179519209,0.16210079163055857
payload50,Geo+D3-3HistAE-CeNN,3624,0.09138149243995679,0.12331155518205107,1.0,1.677001438134888,0.1522988853769042
payload50,Geo+D3-3HistAE-CeNN,3625,0.09678274694643237,0.12780530310093408,1.0,1.683132982301845,0.1654471996776742
payload50,Geo+D3-3HistAE-CeNN,3626,0.10447319618736028,0.14023909470325716,1.0,1.8287638050997426,0.16314668389970458
payload50,Geo+D3-3HistAE-CeNN,3627,0.09592923226250202,0.13573290735692115,1.0,1.7145003832175698,0.16662767979066304
payload50,Geo+D3-3HistAE-CeNN,3628,0.10029273858561936,0.14057685989733446,1.0,1.7794474021953246,0.16082569083948717
payload50,Geo+D3-3HistAE-CeNN,3629,0.106501934589496,0.1479304686779154,1.0,1.901401076176775,0.15015633894691136
payload50,Geo+D3-3HistAE-CeNN,3630,0.10379341627722041,0.14668779304493296,1.0,1.8884128495305939,0.14968126779328345
payload50,Geo+D3-3HistAE-CeNN,3631,0.10156002202627717,0.14196236649674263,1.0,1.8489862492208637,0.14626894850195177
payload50,Geo+D3-3HistAE-CeNN,3632,0.08492254888757063,0.11696821691335128,1.0,1.5880623926371906,0.15615960493940856
payload50,Geo+D3-3HistAE-CeNN,3633,0.1024860289287722,0.1361711502229271,1.0,1.7895975827838597,0.16157988674482915
payload50,Geo+D3-3HistAE-CeNN,3634,0.09597010362480177,0.1311892731835552,1.0,1.665644773724225,0.16847874021408082
payload50,Geo+D3-3HistAE-CeNN,3635,0.10514193059151937,0.14537456155727965,1.0,1.822267281197897,0.16621020138209314
payload50,Geo+D3-3HistAE-CeNN,3636,0.08899219113201914,0.11665982969709356,1.0,1.5447389729598635,0.16559225956141507
payload50,Geo+D3-3HistAE-CeNN,3637,0.10844324796727359,0.15068247161913242,1.0,1.9396604382688394,0.15277302207436472
payload50,Geo+D3-3HistAE-CeNN,3638,0.10221361148964575,0.13650062841990368,1.0,1.7795015893137622,0.16023859218940095
payload50,Geo+D3-3HistAE-CeNN,3639,0.09561344758776852,0.12887285766542356,1.0,1.6705332041716163,0.17402931480659553
payload50,Geo+D3-3HistAE-CeNN,3640,0.10852023203151655,0.14699215290432094,1.0,1.8806388078674878,0.15302728538146923
payload50,Geo+D3-3HistAE-CeNN,3641,0.09893058509064845,0.13004514798923306,1.0,1.686019168796072,0.1728069171482893
payload50,Geo+D3-3HistAE-CeNN,3642,0.10004380918575825,0.1380279821232499,1.0,1.8415404671876008,0.15045481726445128
payload50,Geo+D3-3HistAE-CeNN,3643,0.08571066264223041,0.11102029830541746,1.0,1.5234334202345459,0.15918903600075746
payload50,Geo+D3-3HistAE-CeNN,3644,0.1014573684442102,0.14145744801110166,1.0,1.8512934267950492,0.14326522746224862
payload50,Geo+D3-3HistAE-CeNN,3645,0.10320900703304199,0.13651290829591023,1.0,1.7576853007266764,0.17048424063865575
payload50,Geo+D3-3HistAE-CeNN,3646,0.10710138842543852,0.14570078809281706,1.0,1.8643117313321473,0.15980216420781107
payload50,Geo+D3-3HistAE-CeNN,3647,0.10471637690680644,0.14313205393280057,1.0,1.851844342236983,0.1469263172514232
payload50,Geo+D3-3HistAE-CeNN,3648,0.08607125318382494,0.1157887871641218,1.0,1.5675954779048127,0.15535641086460142
payload50,Geo+D3-3HistAE-CeNN,3649,0.0920686744044331,0.1230576796128263,1.0,1.6365069872475275,0.16597561670626487
payload50,Geo+D3-3HistAE-CeNN,3650,0.10702741498272554,0.1428758020072029,1.0,1.798502258147717,0.16948123141983468
payload50,Geo+D3-3HistAE-CeNN,3651,0.10592295552969937,0.147707101802148,1.0,1.9551905836782584,0.1452269655004314
payload50,Geo+D3-3HistAE-CeNN,3652,0.10155315661764484,0.13598872237127152,1.0,1.759082277024719,0.16200912565679593
payload50,Geo+D3-3HistAE-CeNN,3653,0.10139931359407714,0.14209827819476623,1.0,1.8078452166723868,0.16500201563705558
payload50,Geo+D3-3HistAE-CeNN,3654,0.09259168730439939,0.1200779135099672,1.0,1.5530570021281864,0.17795229930246076
payload50,Geo+D3-3HistAE-CeNN,3655,0.09467920036097995,0.12870901583783204,1.0,1.6537771425650174,0.16694593187996012
payload50,Geo+D3-3HistAE-CeNN,3656,0.10054928879163881,0.1384883722581164,1.0,1.7953072001042707,0.15579793362616023
payload50,Geo+D3-3HistAE-CeNN,3657,0.09041797386056054,0.12299962938712436,1.0,1.6183415515160002,0.1608996919491537
payload50,Geo+D3-3HistAE-CeNN,3658,0.11009875655645644,0.1510080092069387,1.0,1.9353334114802974,0.1534782537649405
payload50,Geo+D3-3HistAE-CeNN,3659,0.0889626689983056,0.12660532670236335,1.0,1.638910877433781,0.1605588329095089
payload50,Geo+D3-3HistAE-CeNN,3660,0.0960957762103037,0.13472437477022162,1.0,1.8047133058866904,0.14904248708151277
payload50,Geo+D3-3HistAE-CeNN,3661,0.09586298565877327,0.1346673648233577,1.0,1.7820254334428274,0.14281414240566823
payload50,Geo+D3-3HistAE-CeNN,3662,0.09757233665874122,0.12764644605801045,1.0,1.6573735823747766,0.17093482044438055
payload50,Geo+D3-3HistAE-CeNN,3663,0.0992918647097343,0.13254610383872473,1.0,1.7569470172999913,0.15593613356996214
payload50,Geo+D3-3HistAE-CeNN,3664,0.10824725030805694,0.1513538584002261,1.0,1.9312265174612557,0.14779395118238994
payload50,Geo+D3-3HistAE-CeNN,3665,0.09800319518296984,0.1358220995575072,1.0,1.7781280580739593,0.15672350162472626
payload50,Geo+D3-3HistAE-CeNN,3666,0.08864704112804447,0.11252829424668094,1.0,1.5278696996088272,0.16565124591890945
payload50,Geo+D3-3HistAE-CeNN,3667,0.08639975961362559,0.11944442891405734,1.0,1.6578997779321338,0.1466848637637622
payload50,Geo+D3-3HistAE-CeNN,3668,0.09932257960992408,0.13325306412753843,1.0,1.704283943726137,0.1700242215349368
payload50,Geo+D3-3HistAE-CeNN,3669,0.09809030576489323,0.13214889726310572,1.0,1.7131616050913705,0.16544651087653775
payload50,Geo+D3-3HistAE-CeNN,3670,0.09998442207874486,0.14076251104503512,1.0,1.8311825788465217,0.1530272732037556
payload50,Geo+D3-3HistAE-CeNN,3671,0.10301812068733839,0.13390757456132313,1.0,1.7346351305395427,0.16526233211634447
payload50,Geo+D3-3HistAE-CeNN,3672,0.0998606361262975,0.1332787208648671,1.0,1.7259204796619256,0.16856180519233155
payload50,Geo+D3-3HistAE-CeNN,3673,0.09912206728245562,0.1310778274864746,1.0,1.7522852023919482,0.15599718586829806
payload50,Geo+D3-3HistAE-CeNN,3674,0.10370685045791402,0.14333355014712018,1.0,1.8505107925616733,0.15333245052950376
payload50,Geo+D3-3HistAE-CeNN,3675,0.10554647511689645,0.1427850537495723,1.0,1.8645985805426852,0.15518291332531095
payload50,Geo+D3-3HistAE-CeNN,3676,0.08794240461069108,0.11690999777584117,1.0,1.6216022206941139,0.15744413897503282
payload50,Geo+D3-3HistAE-CeNN,3677,0.10359521384714641,0.14362631708416157,1.0,1.9039028705924665,0.141722816398836
payload50,Geo+D3-3HistAE-CeNN,3678,0.08476752205790394,0.11822802012209355,1.0,1.554155690585457,0.16369892872700148
payload50,Geo+D3-3HistAE-CeNN,3679,0.10320593183307021,0.13189561555313825,1.0,1.6987396254360188,0.1763467727067601
payload50,Geo+D3-3HistAE-CeNN,3680,0.1037179535773462,0.14012759458712315,1.0,1.8670492742593148,0.14299893236867606
payload50,Geo+D3-3HistAE-CeNN,3681,0.1049971264684395,0.14857507105490964,1.0,1.9148440154104664,0.14757996982783936
payload50,Geo+D3-3HistAE-CeNN,3682,0.0864232971990358,0.12057095924420258,1.0,1.5752027745097996,0.17209338279638037
payload50,Geo+D3-3HistAE-CeNN,3683,0.09281026680068524,0.13305538289588387,1.0,1.6814276010622158,0.17426073678364706
payload50,Geo+D3-3HistAE-CeNN,3684,0.09135367872025228,0.1220372989387359,1.0,1.6365909486669437,0.16708790011659483
payload50,Geo+D3-3HistAE-CeNN,3685,0.09433954440353448,0.12753722471960527,1.0,1.6719674233744972,0.16068844655903744
payload50,Geo+D3-3HistAE-CeNN,3686,0.09934542752044925,0.13399639536462962,1.0,1.747388446941181,0.16776943288545845
payload50,Geo+D3-3HistAE-CeNN,3687,0.09706971381237661,0.13189111297951747,1.0,1.744189316915643,0.15874518414425765
payload50,Geo+D3-3HistAE-CeNN,3688,0.09405870500548393,0.1261084916035869,1.0,1.6517875487171465,0.1688912319622363
payload50,Geo+D3-3HistAE-CeNN,3689,0.08941069852754949,0.11598208959482599,1.0,1.5500387468955155,0.17027005387640057
payload50,Geo+D3-3HistAE-CeNN,3690,0.10756432104483328,0.15106128154941117,1.0,1.9643112681950146,0.15137024456132867
payload50,Geo+D3-3HistAE-CeNN,3691,0.09072771881178528,0.12300637198473181,1.0,1.6194302723333316,0.16985297001307897
payload50,Geo+D3-3HistAE-CeNN,3692,0.10600381412971786,0.14451374892018934,1.0,1.8619841736058547,0.1601525354543653
payload50,Geo+D3-3HistAE-CeNN,3693,0.10952069507748843,0.14962130894175046,1.0,1.8686524213658888,0.168490201029142
payload50,Geo+D3-3HistAE-CeNN,3694,0.09874533858333497,0.13404581726853662,1.0,1.7505391025608978,0.15999208370775492
payload50,Geo+D3-3HistAE-CeNN,3695,0.0883020012674385,0.12266099101691114,1.0,1.6316793238052172,0.15600527326739275
payload50,Geo+D3-3HistAE-CeNN,3696,0.08905687706054594,0.12159346249946984,1.0,1.6225060791237824,0.15591927796800176
payload50,Geo+D3-3HistAE-CeNN,3697,0.10519763398472914,0.14193227613625695,1.0,1.8488641742850784,0.15445517436576825
payload50,Geo+D3-3HistAE-CeNN,3698,0.08604493584959236,0.11847232318483202,1.0,1.5589514597864509,0.16604677337468582
payload50,Geo+D3-3HistAE-CeNN,3699,0.09560716999331868,0.12794421039305606,1.0,1.6788014239965068,0.1617108064447145
payload50,Geo+D3-10HistAE-CeNN,3600,0.07836801979015316,0.1077114546270745,1.0,1.5587832305896994,0.1254264795234858
payload50,Geo+D3-10HistAE-CeNN,3601,0.08803192232920834,0.12403010299466703,1.0,1.7183634129779612,0.12537450863001043
payload50,Geo+D3-10HistAE-CeNN,3602,0.07902186778835188,0.11063595900015245,1.0,1.577807277702786,0.1253524285198626
payload50,Geo+D3-10HistAE-CeNN,3603,0.09019753531302228,0.12471211017524188,1.0,1.7435660133152284,0.12534084742609025
payload50,Geo+D3-10HistAE-CeNN,3604,0.09722430840196593,0.1354931456164308,1.0,1.8251641250897066,0.12540995869950905
payload50,Geo+D3-10HistAE-CeNN,3605,0.09558261306649456,0.13182357531857075,1.0,1.7928202723255746,0.1253734237865772
payload50,Geo+D3-10HistAE-CeNN,3606,0.08573712014505937,0.11891140117134287,1.0,1.6545522157159627,0.12539086027275165
payload50,Geo+D3-10HistAE-CeNN,3607,0.08025157683343764,0.1125915840464114,1.0,1.6075919476432714,0.1253276788590376
payload50,Geo+D3-10HistAE-CeNN,3608,0.09165449245629302,0.1274366773769784,1.0,1.7582245282683515,0.12530934452859835
payload50,Geo+D3-10HistAE-CeNN,3609,0.08837552698499253,0.12194208011544004,1.0,1.7100254537260067,0.12537804719475606
payload50,Geo+D3-10HistAE-CeNN,3610,0.08987184167427913,0.13038101311825342,1.0,1.765727847030988,0.12535891870440558
payload50,Geo+D3-10HistAE-CeNN,3611,0.08346189851687018,0.10800537898939776,1.0,1.5664099629548163,0.1253533671808466
payload50,Geo+D3-10HistAE-CeNN,3612,0.08623277258328035,0.12025388552360489,1.0,1.6830053804148302,0.12532252964895219
payload50,Geo+D3-10HistAE-CeNN,3613,0.09363300779594465,0.12624370398640797,1.0,1.731792676290545,0.12541066807111229
payload50,Geo+D3-10HistAE-CeNN,3614,0.09329989849965004,0.12844514128882853,1.0,1.7878277374847196,0.12530606943920022
payload50,Geo+D3-10HistAE-CeNN,3615,0.10349087490755071,0.1382959958726959,1.0,1.859943911791616,0.12545541273670402
payload50,Geo+D3-10HistAE-CeNN,3616,0.09179369214408806,0.1270482938850412,1.0,1.7355341987048574,0.1253492213907807
payload50,Geo+D3-10HistAE-CeNN,3617,0.0808589630699348,0.11319707747136325,1.0,1.6037543380499069,0.12532702771539173
payload50,Geo+D3-10HistAE-CeNN,3618,0.07911162032419003,0.10947540561510277,1.0,1.598866903086814,0.12541135267923334
payload50,Geo+D3-10HistAE-CeNN,3619,0.09098835659583257,0.12181209861976487,1.0,1.6944234617057163,0.1253625448595193
payload50,Geo+D3-10HistAE-CeNN,3620,0.09072983506655424,0.12973807474998125,1.0,1.7752280998303787,0.12532676703471363
payload50,Geo+D3-10HistAE-CeNN,3621,0.08036762778502822,0.11277436234049912,1.0,1.6057600756052794,0.12528042754428656
payload50,Geo+D3-10HistAE-CeNN,3622,0.09189178758240517,0.1239939943984966,1.0,1.7432767437483976,0.125390776135504
payload50,Geo+D3-10HistAE-CeNN,3623,0.08035131663966227,0.11201165520174651,1.0,1.5896851490086632,0.12537117958487465
payload50,Geo+D3-10HistAE-CeNN,3624,0.0849849196096055,0.11719618810216574,1.0,1.6572800745458989,0.1253655924660721
payload50,Geo+D3-10HistAE-CeNN,3625,0.08763178580909696,0.11666986200484525,1.0,1.667845875879212,0.12538985714059947
payload50,Geo+D3-10HistAE-CeNN,3626,0.0961049503261883,0.13085483279126298,1.0,1.8059891423076122,0.12538941090106548
payload50,Geo+D3-10HistAE-CeNN,3627,0.08705110403898679,0.12461419756857589,1.0,1.6949805749116522,0.12522377907945478
payload50,Geo+D3-10HistAE-CeNN,3628,0.09177090440780879,0.1291003971303999,1.0,1.7668730433223554,0.1253454835658311
payload50,Geo+D3-10HistAE-CeNN,3629,0.1002295895949223,0.14181650002522078,1.0,1.8874786585113748,0.12537425645952266
payload50,Geo+D3-10HistAE-CeNN,3630,0.09746458498545649,0.13915479965196176,1.0,1.8798540087563826,0.12534008916976294
payload50,Geo+D3-10HistAE-CeNN,3631,0.09586239169739366,0.13649520417999975,1.0,1.8421604478250253,0.12539233929103533
payload50,Geo+D3-10HistAE-CeNN,3632,0.07914091799803416,0.11050814136739934,1.0,1.5734511518172123,0.12524762612440402
payload50,Geo+D3-10HistAE-CeNN,3633,0.09560168439625,0.12884584145112452,1.0,1.7679916712105865,0.12533671281666642
payload50,Geo+D3-10HistAE-CeNN,3634,0.08662269558149702,0.11956057758029899,1.0,1.6455598987415494,0.12536755911096661
payload50,Geo+D3-10HistAE-CeNN,3635,0.0961013829322428,0.1341109874408837,1.0,1.8072759142664094,0.12539590489951574
payload50,Geo+D3-10HistAE-CeNN,3636,0.08004209114575443,0.1057424065543283,1.0,1.531976121558123,0.1254628393547677
payload50,Geo+D3-10HistAE-CeNN,3637,0.10102763626811363,0.14337498964376827,1.0,1.9145854445651924,0.12535523610912044
payload50,Geo+D3-10HistAE-CeNN,3638,0.09375760429547725,0.1277923411944603,1.0,1.7540597829015079,0.12542765150225865
payload50,Geo+D3-10HistAE-CeNN,3639,0.08485828250026184,0.11504377304896264,1.0,1.6559730775851775,0.12538635200285936
payload50,Geo+D3-10HistAE-CeNN,3640,0.1026885542510059,0.14018441022936337,1.0,1.8697281254415834,0.12535255951923732
payload50,Geo+D3-10HistAE-CeNN,3641,0.08842656114868201,0.11764324542516803,1.0,1.6658144403011939,0.12541163993510732
payload50,Geo+D3-10HistAE-CeNN,3642,0.09481484787539098,0.13393490406084152,1.0,1.8330038721227233,0.12532183265901406
payload50,Geo+D3-10HistAE-CeNN,3643,0.07915759914131774,0.10393248170960052,1.0,1.508788019366236,0.12530785756811624
payload50,Geo+D3-10HistAE-CeNN,3644,0.09691191054749376,0.13778035740382688,1.0,1.8345935897984254,0.1253239083526486
payload50,Geo+D3-10HistAE-CeNN,3645,0.09343642883189562,0.12465786150405386,1.0,1.7431012240964705,0.1253816296576842
payload50,Geo+D3-10HistAE-CeNN,3646,0.09888482730864404,0.13549661462259668,1.0,1.8513983203190891,0.12539058166554637
payload50,Geo+D3-10HistAE-CeNN,3647,0.09915492727395941,0.13828481875361381,1.0,1.8394236073772732,0.12535183569371317
payload50,Geo+D3-10HistAE-CeNN,3648,0.07973218845179268,0.10822069262620894,1.0,1.5564836837296714,0.12528522575371406
payload50,Geo+D3-10HistAE-CeNN,3649,0.08285794264354156,0.11162893933561908,1.0,1.6188556860719976,0.1253378778340797
payload50,Geo+D3-10HistAE-CeNN,3650,0.09777666334748497,0.1306098674104611,1.0,1.7823273511569035,0.1253446739461368
payload50,Geo+D3-10HistAE-CeNN,3651,0.10161927730203187,0.14446616832923007,1.0,1.9481677316351151,0.12534768138061445
payload50,Geo+D3-10HistAE-CeNN,3652,0.09326012440274974,0.12539224664229,1.0,1.7428438570680782,0.12529520640398717
payload50,Geo+D3-10HistAE-CeNN,3653,0.0931081316055926,0.13265154412318783,1.0,1.7873851334625834,0.12527796846460768
payload50,Geo+D3-10HistAE-CeNN,3654,0.08170643298224091,0.10548828657616821,1.0,1.538228930813771,0.1254180311837411
payload50,Geo+D3-10HistAE-CeNN,3655,0.08588484080958003,0.11712024673768756,1.0,1.6415497171147473,0.12529123279783205
payload50,Geo+D3-10HistAE-CeNN,3656,0.09330276522028692,0.1314184164723982,1.0,1.773268109704421,0.1253307484989183
payload50,Geo+D3-10HistAE-CeNN,3657,0.08255640727541771,0.11318964366540984,1.0,1.6052058735979982,0.12535134331566467
payload50,Geo+D3-10HistAE-CeNN,3658,0.10242931195633659,0.14240219662992806,1.0,1.9181812863140824,0.12539267590830536
payload50,Geo+D3-10HistAE-CeNN,3659,0.0806730253648648,0.11624072323850297,1.0,1.6199537985933976,0.12528778536754767
payload50,Geo+D3-10HistAE-CeNN,3660,0.09045878130847317,0.13045473677612057,1.0,1.7851018155984353,0.1253574342232702
payload50,Geo+D3-10HistAE-CeNN,3661,0.09139143220534807,0.1301313810363275,1.0,1.772082133410188,0.12533107142193936
payload50,Geo+D3-10HistAE-CeNN,3662,0.08804324480487398,0.11595734921502904,1.0,1.6415495537413392,0.1253651605795563
payload50,Geo+D3-10HistAE-CeNN,3663,0.09189589181671211,0.1245149265152523,1.0,1.7349970737203704,0.12539287381743786
payload50,Geo+D3-10HistAE-CeNN,3664,0.10146580261846538,0.14421485518148833,1.0,1.9182194485717703,0.12538173243343922
payload50,Geo+D3-10HistAE-CeNN,3665,0.09115187878197523,0.12844634096831542,1.0,1.766675867541973,0.12538450524918632
payload50,Geo+D3-10HistAE-CeNN,3666,0.0797728906262373,0.10317256960966702,1.0,1.5007263313269457,0.12548625027175128
payload50,Geo+D3-10HistAE-CeNN,3667,0.0820427562204383,0.11536948554440589,1.0,1.6526135503198074,0.12526962143972892
payload50,Geo+D3-10HistAE-CeNN,3668,0.0905678302967848,0.12192527608807799,1.0,1.6896991228685023,0.12532358218930684
payload50,Geo+D3-10HistAE-CeNN,3669,0.08947146362554309,0.12128717991523147,1.0,1.7013539884112783,0.12536377383392122
payload50,Geo+D3-10HistAE-CeNN,3670,0.09335033919430379,0.13371007997099754,1.0,1.8193931438423938,0.12544096527226387
payload50,Geo+D3-10HistAE-CeNN,3671,0.09487162817547994,0.12365996170558712,1.0,1.7207937104166766,0.12532810679057713
payload50,Geo+D3-10HistAE-CeNN,3672,0.09118677627849171,0.121712224715788,1.0,1.7076782321903303,0.12539907914432444
payload50,Geo+D3-10HistAE-CeNN,3673,0.09326022310180312,0.12570328527179178,1.0,1.7332171384526158,0.12544742113882126
payload50,Geo+D3-10HistAE-CeNN,3674,0.09673704612226294,0.13637554151742068,1.0,1.8336232532002326,0.1254271330711293
payload50,Geo+D3-10HistAE-CeNN,3675,0.09864741703872316,0.13556257794464066,1.0,1.8555923892642352,0.12535274488968762
payload50,Geo+D3-10HistAE-CeNN,3676,0.08086504193520157,0.10985413246794706,1.0,1.5983377953178999,0.12537565116421334
payload50,Geo+D3-10HistAE-CeNN,3677,0.09790939218911723,0.13969652032353977,1.0,1.8760899730102052,0.12541642241410927
payload50,Geo+D3-10HistAE-CeNN,3678,0.07618492719035043,0.10741104491574846,1.0,1.5382333512896544,0.12532348984012526
payload50,Geo+D3-10HistAE-CeNN,3679,0.0934382985263742,0.11855730917543345,1.0,1.6812300271329756,0.12532899188508625
payload50,Geo+D3-10HistAE-CeNN,3680,0.09879256817332897,0.1356405230558373,1.0,1.851546217964952,0.1253473939750963
payload50,Geo+D3-10HistAE-CeNN,3681,0.099187876103534,0.1434141913606091,1.0,1.8973418867910383,0.1253550827747634
payload50,Geo+D3-10HistAE-CeNN,3682,0.07802312869041103,0.10874902691258499,1.0,1.569450668624563,0.1253610616092283
payload50,Geo+D3-10HistAE-CeNN,3683,0.08328856383930143,0.11903640168435826,1.0,1.670657770881125,0.12530901845007517
payload50,Geo+D3-10HistAE-CeNN,3684,0.0830568591554752,0.11301448992827667,1.0,1.6153793940877559,0.12542784232705234
payload50,Geo+D3-10HistAE-CeNN,3685,0.08678120395069652,0.11986741885199745,1.0,1.6538520238505998,0.12543296081451613
payload50,Geo+D3-10HistAE-CeNN,3686,0.09094059241505946,0.12422636850190014,1.0,1.7308147705842347,0.12531557098100185
payload50,Geo+D3-10HistAE-CeNN,3687,0.08999860023069992,0.12352795283887827,1.0,1.7372783415997548,0.12545498486783552
payload50,Geo+D3-10HistAE-CeNN,3688,0.08590342514978305,0.11442158344381746,1.0,1.6463087134219756,0.1252843522061624
payload50,Geo+D3-10HistAE-CeNN,3689,0.08012454439856795,0.10493856039049015,1.0,1.5307612188454347,0.1254001327722019
payload50,Geo+D3-10HistAE-CeNN,3690,0.1017081418133026,0.145138961005525,1.0,1.9495791235901878,0.12543232008332122
payload50,Geo+D3-10HistAE-CeNN,3691,0.08082119915371255,0.11080109339955867,1.0,1.6021362318892385,0.12545612960233404
payload50,Geo+D3-10HistAE-CeNN,3692,0.09751388952540328,0.13474768137034193,1.0,1.8531594140461072,0.12547487896061488
payload50,Geo+D3-10HistAE-CeNN,3693,0.0999954115485992,0.13839628710217153,1.0,1.8405862994613444,0.1253995072364372
payload50,Geo+D3-10HistAE-CeNN,3694,0.0913523705118547,0.1257848338286031,1.0,1.7380818927714408,0.12539663807510765
payload50,Geo+D3-10HistAE-CeNN,3695,0.08104641442685884,0.11449296885733003,1.0,1.6156448740182454,0.1253737059673498
payload50,Geo+D3-10HistAE-CeNN,3696,0.08240169621483089,0.11383761816752704,1.0,1.6041749386465185,0.12527634666472065
payload50,Geo+D3-10HistAE-CeNN,3697,0.09967552898461768,0.13615570978501318,1.0,1.8355154125432185,0.12529835591103491
payload50,Geo+D3-10HistAE-CeNN,3698,0.07820149796120206,0.10813004935502454,1.0,1.5462807582143638,0.1253229031858748
payload50,Geo+D3-10HistAE-CeNN,3699,0.08740249226298867,0.11898508985365992,1.0,1.6559553794468989,0.1253333398768882
rotoreff30,LQR-outer,3600,0.06694468168601898,0.09157961786369379,1.0,1.8215402096252569,0.0
rotoreff30,LQR-outer,3601,0.017369086428662413,0.021629682070069305,1.0,0.9524719523484463,0.0
rotoreff30,LQR-outer,3602,0.04942573210316922,0.06857737701090877,1.0,1.4990178083356722,0.0
rotoreff30,LQR-outer,3603,0.08602312953591479,0.11839275225565601,1.0,1.9879945077649828,0.0
rotoreff30,LQR-outer,3604,0.07602454146838089,0.11255032607365756,1.0,2.0279859864540306,0.0
rotoreff30,LQR-outer,3605,0.07328064629507483,0.10103891696855599,1.0,1.8260688465898647,0.0
rotoreff30,LQR-outer,3606,0.02682694420829424,0.04423874660854449,1.0,0.9907331894532103,0.0
rotoreff30,LQR-outer,3607,0.03731651811382431,0.06296941818692069,1.0,1.1540473921823855,0.0
rotoreff30,LQR-outer,3608,0.05839505608913318,0.0859581013919352,1.0,1.672605321665424,0.0
rotoreff30,LQR-outer,3609,0.06985544542170578,0.12354077282304783,1.0,1.7614946840368646,0.0
rotoreff30,LQR-outer,3610,0.044171061670863696,0.056569832773148775,1.0,1.4257149610819562,0.0
rotoreff30,LQR-outer,3611,0.04946927362908521,0.08299136575246097,1.0,1.517073523037075,0.0
rotoreff30,LQR-outer,3612,0.028606042445072956,0.03514704931929773,1.0,1.1918599232288039,0.0
rotoreff30,LQR-outer,3613,0.06580046267440388,0.09063440783645983,1.0,1.7686303159049688,0.0
rotoreff30,LQR-outer,3614,0.059118637135964,0.08771923860115481,1.0,1.6022060984940107,0.0
rotoreff30,LQR-outer,3615,0.030310643790993998,0.034865758135906935,1.0,1.0025313226334587,0.0
rotoreff30,LQR-outer,3616,0.018829449499221156,0.02439165326675416,1.0,1.1081029052497338,0.0
rotoreff30,LQR-outer,3617,0.045241751466545355,0.062400914811857396,1.0,1.3953149808125933,0.0
rotoreff30,LQR-outer,3618,0.04571379844266049,0.057609707632367314,1.0,1.438931141782337,0.0
rotoreff30,LQR-outer,3619,0.011788829955449541,0.020412962944809716,1.0,0.8444323893583726,0.0
rotoreff30,LQR-outer,3620,0.022170157543629252,0.02983986368173652,1.0,1.1134565593078434,0.0
rotoreff30,LQR-outer,3621,0.06610679758741894,0.10209180588581056,1.0,1.6287040826926809,0.0
rotoreff30,LQR-outer,3622,0.08846802690288903,0.12480494097278151,1.0,2.0845251861450698,0.0
rotoreff30,LQR-outer,3623,0.017572480699647373,0.02403402174358558,1.0,0.9237192102929,0.0
rotoreff30,LQR-outer,3624,0.02471951337960278,0.033448233239866364,1.0,1.1336987626861605,0.0
rotoreff30,LQR-outer,3625,0.03488930578824683,0.052720971418313625,1.0,1.0260913170244317,0.0
rotoreff30,LQR-outer,3626,0.0631615368716802,0.11491576255295986,1.0,1.5516006027196947,0.0
rotoreff30,LQR-outer,3627,0.04724361457487051,0.06377735830100126,1.0,1.4896245224115257,0.0
rotoreff30,LQR-outer,3628,0.06126767907865905,0.08612690431251518,1.0,1.7549728699901526,0.0
rotoreff30,LQR-outer,3629,0.05623406600993862,0.08146568529766429,1.0,1.69073949632829,0.0
rotoreff30,LQR-outer,3630,0.04314417189140546,0.055767006410454456,1.0,1.3774280521100266,0.0
rotoreff30,LQR-outer,3631,0.05003386162762769,0.08369232092609132,1.0,1.286393286379876,0.0
rotoreff30,LQR-outer,3632,0.012601282247115332,0.017171140763190162,1.0,0.8907836158635338,0.0
rotoreff30,LQR-outer,3633,0.05115739112613546,0.07533527074689311,1.0,1.6097864206082377,0.0
rotoreff30,LQR-outer,3634,0.05823509092978364,0.07513450293964605,1.0,1.6309016240768093,0.0
rotoreff30,LQR-outer,3635,0.06479629943327217,0.09292914955444094,1.0,1.8052775272692987,0.0
rotoreff30,LQR-outer,3636,0.03249522034212039,0.04528658128839386,1.0,1.2908848723309723,0.0
rotoreff30,LQR-outer,3637,0.014067609871045128,0.02104750537022642,1.0,0.8767403120447629,0.0
rotoreff30,LQR-outer,3638,0.07050883456651237,0.09518456082382722,1.0,1.731644133536227,0.0
rotoreff30,LQR-outer,3639,0.06441149272612803,0.085848307751097,1.0,1.697585737294321,0.0
rotoreff30,LQR-outer,3640,0.07855210314102387,0.13107916225994912,1.0,1.9552262600078079,0.0
rotoreff30,LQR-outer,3641,0.04855400344298512,0.08764323503608577,1.0,1.5171365851333336,0.0
rotoreff30,LQR-outer,3642,0.10050133535076686,0.14121843035471074,1.0,2.1933620242896144,0.0
rotoreff30,LQR-outer,3643,0.023995187335587642,0.03608817869229692,1.0,0.9851253903390194,0.0
rotoreff30,LQR-outer,3644,0.0376686056207385,0.06096781284244456,1.0,1.1636987967091008,0.0
rotoreff30,LQR-outer,3645,0.04396720039777961,0.06346674268838254,1.0,1.4255907837198871,0.0
rotoreff30,LQR-outer,3646,0.09036784044823852,0.1404317516949632,1.0,2.282200071627963,0.0
rotoreff30,LQR-outer,3647,0.04668941878426131,0.06130401185230005,1.0,1.4425151400884406,0.0
rotoreff30,LQR-outer,3648,0.023567915660957908,0.03716689489791519,1.0,1.073937019580216,0.0
rotoreff30,LQR-outer,3649,0.025387400733714243,0.02903724208724558,1.0,0.8687402786640527,0.0
rotoreff30,LQR-outer,3650,0.04119989396751115,0.051059563850220216,1.0,1.2893978985836407,0.0
rotoreff30,LQR-outer,3651,0.04753134998269047,0.06334623949007645,1.0,1.4278368034102191,0.0
rotoreff30,LQR-outer,3652,0.04229989317250209,0.05623104665917005,1.0,1.3628991228344152,0.0
rotoreff30,LQR-outer,3653,0.0317792458165025,0.0396943324322415,1.0,1.1258812564478902,0.0
rotoreff30,LQR-outer,3654,0.03999928879422843,0.054329651082477344,1.0,1.2142682549436523,0.0
rotoreff30,LQR-outer,3655,0.04064502698410892,0.0586203877549849,1.0,1.3830682111171537,0.0
rotoreff30,LQR-outer,3656,0.055943166042635,0.07566676244403747,1.0,1.6291447410468642,0.0
rotoreff30,LQR-outer,3657,0.032753087094716714,0.04330273687875494,1.0,1.2895793600054224,0.0
rotoreff30,LQR-outer,3658,0.025778339006914168,0.04271818267159571,1.0,1.037336959962574,0.0
rotoreff30,LQR-outer,3659,0.01837353395756348,0.021196231166674122,1.0,0.8956001441506266,0.0
rotoreff30,LQR-outer,3660,0.05603136082410325,0.07272981308156619,1.0,1.559673803682536,0.0
rotoreff30,LQR-outer,3661,0.06377539349484693,0.10622347641331634,1.0,1.4196773613770999,0.0
rotoreff30,LQR-outer,3662,0.05193869802238256,0.06486865189066618,1.0,1.4991532760182391,0.0
rotoreff30,LQR-outer,3663,0.0359012157802197,0.04466325357792039,1.0,1.163191041050187,0.0
rotoreff30,LQR-outer,3664,0.030230578526364724,0.039199522482078794,1.0,1.1464110838177872,0.0
rotoreff30,LQR-outer,3665,0.08227123355600964,0.11582907693776417,1.0,2.0649629591009067,0.0
rotoreff30,LQR-outer,3666,0.06953211838861256,0.09612731333809457,1.0,1.7328736998473833,0.0
rotoreff30,LQR-outer,3667,0.04138600373247737,0.05532308589997703,1.0,1.3152438439579959,0.0
rotoreff30,LQR-outer,3668,0.05330709688395359,0.07548996433435008,1.0,1.6564648941225497,0.0
rotoreff30,LQR-outer,3669,0.055588577817163476,0.09439622203834994,1.0,1.622951010413449,0.0
rotoreff30,LQR-outer,3670,0.0437321500297555,0.05907270992058607,1.0,1.4481004322300266,0.0
rotoreff30,LQR-outer,3671,0.040970702158737576,0.04742095270370324,1.0,1.2448484232141155,0.0
rotoreff30,LQR-outer,3672,0.10445336049980058,0.15217070489878232,1.0,2.5374632180785364,0.0
rotoreff30,LQR-outer,3673,0.04752464068454847,0.059375141918632066,1.0,1.3577628616134552,0.0
rotoreff30,LQR-outer,3674,0.043551129517242236,0.057179779962270534,1.0,1.3677083284318332,0.0
rotoreff30,LQR-outer,3675,0.044609732041967505,0.07467176400213195,1.0,1.1692055857683041,0.0
rotoreff30,LQR-outer,3676,0.10697809782928579,0.16078909146525522,1.0,2.5397589379282377,0.0
rotoreff30,LQR-outer,3677,0.04761695099512387,0.06382402370726907,1.0,1.4488706552888868,0.0
rotoreff30,LQR-outer,3678,0.059089346276211145,0.08278866689077977,1.0,1.7505008671394946,0.0
rotoreff30,LQR-outer,3679,0.042972532504982015,0.0639816498240793,1.0,1.4037509266739796,0.0
rotoreff30,LQR-outer,3680,0.10920070224290516,0.15289885531619382,1.0,2.429165194885347,0.0
rotoreff30,LQR-outer,3681,0.06160664165579253,0.0779485549099081,1.0,1.662674101623562,0.0
rotoreff30,LQR-outer,3682,0.11055660176401635,0.1525762369437624,1.0,2.6649318585935236,0.0
rotoreff30,LQR-outer,3683,0.06594021971990494,0.11175195936426084,1.0,1.8117380734647137,0.0
rotoreff30,LQR-outer,3684,0.0878417383025495,0.12260174166381207,1.0,1.969237000581306,0.0
rotoreff30,LQR-outer,3685,0.08669715640130567,0.11895595822026239,1.0,2.198306360235321,0.0
rotoreff30,LQR-outer,3686,0.04366680440391249,0.06109492686292892,1.0,1.273506173828035,0.0
rotoreff30,LQR-outer,3687,0.11216434692102856,0.15707090494776796,1.0,2.559054940372161,0.0
rotoreff30,LQR-outer,3688,0.03165362457129435,0.043599265959235176,1.0,1.1954718814013916,0.0
rotoreff30,LQR-outer,3689,0.014116435127829478,0.015241245703581555,1.0,0.9987438335708281,0.0
rotoreff30,LQR-outer,3690,0.05700547234901519,0.08116116794237863,1.0,1.4504992163266481,0.0
rotoreff30,LQR-outer,3691,0.10582925985986188,0.14841068611598746,1.0,2.338807658174959,0.0
rotoreff30,LQR-outer,3692,0.049128767298317985,0.06777121135630523,1.0,1.4936825435343026,0.0
rotoreff30,LQR-outer,3693,0.06911797111706033,0.09819471156813646,1.0,1.803561047738859,0.0
rotoreff30,LQR-outer,3694,0.05994994074665351,0.08412554457512358,1.0,1.687459132501911,0.0
rotoreff30,LQR-outer,3695,0.09688351304805275,0.13874702370951245,1.0,2.343231034125926,0.0
rotoreff30,LQR-outer,3696,0.06033651011299282,0.09577295833358862,1.0,1.4589581514413343,0.0
rotoreff30,LQR-outer,3697,0.056518262777706815,0.07706553967837701,1.0,1.4816255263473985,0.0
rotoreff30,LQR-outer,3698,0.05510859979069148,0.07743074429181833,1.0,1.5552916941887693,0.0
rotoreff30,LQR-outer,3699,0.048372532496910516,0.08187531501157835,1.0,1.475495962026204,0.0
rotoreff30,Geo+AE-CeNN,3600,0.0855295258877025,0.12068665559022015,1.0,1.8269253574209925,0.038506311947095716
rotoreff30,Geo+AE-CeNN,3601,0.01964081486119245,0.024681646401918025,1.0,0.9532550949074541,0.037523873659120056
rotoreff30,Geo+AE-CeNN,3602,0.06588710953485302,0.09308628536226754,1.0,1.5076612579379907,0.040954509104542486
rotoreff30,Geo+AE-CeNN,3603,0.10962019592207387,0.15460794308797732,1.0,1.9940291851304313,0.041128476906017924
rotoreff30,Geo+AE-CeNN,3604,0.09577049132143034,0.14847340976131426,1.0,2.029978666908997,0.03938584818743669
rotoreff30,Geo+AE-CeNN,3605,0.09105695600071964,0.1288699455489376,1.0,1.831597832213101,0.03487932884942677
rotoreff30,Geo+AE-CeNN,3606,0.03278104883678231,0.05893302645886777,1.0,0.9919791974087662,0.04033608508134174
rotoreff30,Geo+AE-CeNN,3607,0.0463658552487986,0.083695235198603,1.0,1.1486816501368402,0.0411379408595157
rotoreff30,Geo+AE-CeNN,3608,0.0729437241051862,0.11276849409885209,1.0,1.671567842068215,0.03838572866486736
rotoreff30,Geo+AE-CeNN,3609,0.0856787266161031,0.15842160250087287,1.0,1.7489786949792807,0.04215877765404923
rotoreff30,Geo+AE-CeNN,3610,0.05614928546244914,0.07733254111354328,1.0,1.4297713500049891,0.04007315411385809
rotoreff30,Geo+AE-CeNN,3611,0.06173545573758478,0.10953664253266507,1.0,1.5062630107042427,0.03980827834138362
rotoreff30,Geo+AE-CeNN,3612,0.037420935651507024,0.04722209978988448,1.0,1.1869666240055614,0.03844603832371539
rotoreff30,Geo+AE-CeNN,3613,0.08357658889678594,0.11796453446255091,1.0,1.7732436800930087,0.037328267074975864
rotoreff30,Geo+AE-CeNN,3614,0.07479535605324453,0.11489397912402013,1.0,1.6113957477077916,0.03902846004272209
rotoreff30,Geo+AE-CeNN,3615,0.03038118574407627,0.03411537664426884,1.0,1.007243675810088,0.03616530226265094
rotoreff30,Geo+AE-CeNN,3616,0.027265414692875405,0.03566630157213007,1.0,1.1077735257933392,0.03921801557503138
rotoreff30,Geo+AE-CeNN,3617,0.05676257752558831,0.08259914222980995,1.0,1.4073336420771612,0.03907108548188531
rotoreff30,Geo+AE-CeNN,3618,0.057353071718743896,0.07484847868580223,1.0,1.4449493316174071,0.03723011248256795
rotoreff30,Geo+AE-CeNN,3619,0.015514904489121201,0.020452806693232288,1.0,0.8461362928377596,0.03966944028140919
rotoreff30,Geo+AE-CeNN,3620,0.028872407076621476,0.03986232168118351,1.0,1.1139033018244002,0.037955032310606505
rotoreff30,Geo+AE-CeNN,3621,0.08180414004542302,0.1340487102110805,1.0,1.62125164242456,0.04036947704006488
rotoreff30,Geo+AE-CeNN,3622,0.11239350415892162,0.16232239285909641,1.0,2.079100103024565,0.038577448362315456
rotoreff30,Geo+AE-CeNN,3623,0.019357774284609584,0.02423819084275589,1.0,0.9265374429751455,0.03853914613085031
rotoreff30,Geo+AE-CeNN,3624,0.036036996872296535,0.04917974678904634,1.0,1.1389651436890469,0.04063093867098109
rotoreff30,Geo+AE-CeNN,3625,0.04753144366110274,0.07294830709662839,1.0,1.0281840547283003,0.04382117399729681
rotoreff30,Geo+AE-CeNN,3626,0.07774703017660185,0.14807517401260253,1.0,1.5353300527248837,0.04275128722252333
rotoreff30,Geo+AE-CeNN,3627,0.06089293518036036,0.08468709527492917,1.0,1.4918368066607843,0.03804677030015062
rotoreff30,Geo+AE-CeNN,3628,0.07835211715899557,0.11349886795571545,1.0,1.7586568009683226,0.03758695080617906
rotoreff30,Geo+AE-CeNN,3629,0.07334849528209215,0.11079490847755659,1.0,1.6825506532034518,0.0414192697631872
rotoreff30,Geo+AE-CeNN,3630,0.052175334011830166,0.06959707350039078,1.0,1.383404756206971,0.03587784232928726
rotoreff30,Geo+AE-CeNN,3631,0.06247825388731013,0.10968723662677565,1.0,1.2857528080658844,0.04190031674210454
rotoreff30,Geo+AE-CeNN,3632,0.013400285285609388,0.016706085671445124,1.0,0.893016526664114,0.039012808670279356
rotoreff30,Geo+AE-CeNN,3633,0.06529748292624189,0.10192767233754263,1.0,1.6031154562420198,0.03970135660366965
rotoreff30,Geo+AE-CeNN,3634,0.07517369370291056,0.10034232010241609,1.0,1.6513902256793869,0.04019955604317736
rotoreff30,Geo+AE-CeNN,3635,0.0817007095523916,0.12075461466474573,1.0,1.7953176429618092,0.03645056594152804
rotoreff30,Geo+AE-CeNN,3636,0.044122622721558605,0.061768518219518675,1.0,1.2950444145540754,0.03915110432517243
rotoreff30,Geo+AE-CeNN,3637,0.01286297761399608,0.021047689346712865,1.0,0.8780120565953221,0.0380441557950241
rotoreff30,Geo+AE-CeNN,3638,0.08952910416446926,0.12451772996905933,1.0,1.7310511646195996,0.038279759708619104
rotoreff30,Geo+AE-CeNN,3639,0.08166821490915617,0.11152072251929625,1.0,1.7109170838708938,0.03811419029807578
rotoreff30,Geo+AE-CeNN,3640,0.09646481040458757,0.1692889175112803,1.0,1.9391105823350205,0.04098340294809804
rotoreff30,Geo+AE-CeNN,3641,0.05809546206052264,0.11101095843157954,1.0,1.4983003235050876,0.03809662789117081
rotoreff30,Geo+AE-CeNN,3642,0.12591781469847893,0.18192174290699964,1.0,2.1862984782262207,0.038267799812108316
rotoreff30,Geo+AE-CeNN,3643,0.030359285069617818,0.03664159164573031,1.0,0.9894079795962186,0.0398540931792387
rotoreff30,Geo+AE-CeNN,3644,0.04715872562377505,0.08048354361966102,1.0,1.1641069983217678,0.041445083627866156
rotoreff30,Geo+AE-CeNN,3645,0.057749934302639375,0.08710082441991289,1.0,1.4217837716284618,0.04089157411858937
rotoreff30,Geo+AE-CeNN,3646,0.1126828933307253,0.18419228273106536,1.0,2.2652504056700313,0.04147793334022117
rotoreff30,Geo+AE-CeNN,3647,0.058473064308125336,0.07946233168261656,1.0,1.4469974516253918,0.037712424647993986
rotoreff30,Geo+AE-CeNN,3648,0.030510664139749386,0.047241182646023436,1.0,1.0787401413515467,0.03964903758148118
rotoreff30,Geo+AE-CeNN,3649,0.0230810657733972,0.029069975008957957,1.0,0.869691456776808,0.03695539591366871
rotoreff30,Geo+AE-CeNN,3650,0.04911360523021224,0.06361546415930565,1.0,1.2975302437955187,0.037214083345003125
rotoreff30,Geo+AE-CeNN,3651,0.06035432238183753,0.08270763504905594,1.0,1.4336671734538913,0.03642828865183563
rotoreff30,Geo+AE-CeNN,3652,0.055645693835025815,0.07594097785933794,1.0,1.3712169734840571,0.03937365607421329
rotoreff30,Geo+AE-CeNN,3653,0.03592276580910424,0.04614862417990079,1.0,1.1297233801778679,0.036263688341976
rotoreff30,Geo+AE-CeNN,3654,0.05388063080689027,0.07451448971899514,1.0,1.2167933845200258,0.04076918553987552
rotoreff30,Geo+AE-CeNN,3655,0.050016062782387995,0.07763227495805083,1.0,1.3804286843679496,0.0383427721782929
rotoreff30,Geo+AE-CeNN,3656,0.06952731152747771,0.09727483720676916,1.0,1.631401140679003,0.036166921636587794
rotoreff30,Geo+AE-CeNN,3657,0.043740867117480486,0.05969964455180099,1.0,1.2924722063818073,0.038991245399395136
rotoreff30,Geo+AE-CeNN,3658,0.033884499328131215,0.058471086372897586,1.0,1.0362807435552104,0.04115864171617809
rotoreff30,Geo+AE-CeNN,3659,0.021815573612932296,0.027207529259344592,1.0,0.8988134322423696,0.03968920904179081
rotoreff30,Geo+AE-CeNN,3660,0.07106689889590741,0.09467595458676763,1.0,1.553766634416707,0.03681790048432294
rotoreff30,Geo+AE-CeNN,3661,0.07750285087912506,0.13747245461745242,1.0,1.4177982455175164,0.04043425662348515
rotoreff30,Geo+AE-CeNN,3662,0.06374112510599458,0.08212906201656227,1.0,1.5075435975638207,0.036799923906047985
rotoreff30,Geo+AE-CeNN,3663,0.0396400864860508,0.050592483557385624,1.0,1.1686716378527957,0.03512338195736996
rotoreff30,Geo+AE-CeNN,3664,0.03842315243897692,0.0541498652890842,1.0,1.1496599121205726,0.04025218092190921
rotoreff30,Geo+AE-CeNN,3665,0.10353446145597604,0.1512075994167191,1.0,2.0601399364764004,0.037922842435561654
rotoreff30,Geo+AE-CeNN,3666,0.0889280780329431,0.12596819262487358,1.0,1.736044931591506,0.03848571336597754
rotoreff30,Geo+AE-CeNN,3667,0.05155604173054778,0.07133580762576014,1.0,1.3162827149479175,0.03672496037721502
rotoreff30,Geo+AE-CeNN,3668,0.06993205906555243,0.10204858056901311,1.0,1.6542857292754438,0.03976052866215821
rotoreff30,Geo+AE-CeNN,3669,0.06863552965908798,0.11970620099358255,1.0,1.6154503661805448,0.039444377276570707
rotoreff30,Geo+AE-CeNN,3670,0.05848156716869764,0.08161966962822445,1.0,1.4417457271098018,0.04062589310404168
rotoreff30,Geo+AE-CeNN,3671,0.04684290727720375,0.05754540788614926,1.0,1.2487536693451233,0.03617056904435376
rotoreff30,Geo+AE-CeNN,3672,0.1315739277043014,0.19681607588214498,1.0,2.523717276255301,0.03837164109528879
rotoreff30,Geo+AE-CeNN,3673,0.06063619419618722,0.07790124147506876,1.0,1.3709536344335178,0.038559379385518434
rotoreff30,Geo+AE-CeNN,3674,0.05549497455613013,0.0749839126587529,1.0,1.3679434923519218,0.03816324693209485
rotoreff30,Geo+AE-CeNN,3675,0.05552775318083528,0.0985503122608647,1.0,1.1714460303753127,0.04077749889185981
rotoreff30,Geo+AE-CeNN,3676,0.13328953645622163,0.21041755706265017,1.0,2.546094421951101,0.04171031304989048
rotoreff30,Geo+AE-CeNN,3677,0.06089563566050612,0.08247317955006053,1.0,1.4583622857856684,0.036985956284953506
rotoreff30,Geo+AE-CeNN,3678,0.07583258601511046,0.11031099951075629,1.0,1.7581974100639046,0.03912332411341442
rotoreff30,Geo+AE-CeNN,3679,0.05184687228838606,0.0819411891911794,1.0,1.3983838798921069,0.03772362703399051
rotoreff30,Geo+AE-CeNN,3680,0.13562856167909534,0.19537478381618859,1.0,2.421437726312642,0.035855242185030535
rotoreff30,Geo+AE-CeNN,3681,0.0788099860497852,0.10286979691646035,1.0,1.6724103551998186,0.03897837944461604
rotoreff30,Geo+AE-CeNN,3682,0.13898169402741548,0.1973829952977119,1.0,2.6794589979816372,0.03823596295336854
rotoreff30,Geo+AE-CeNN,3683,0.08108057983887267,0.14418806183444413,1.0,1.7982385429959917,0.03959633192616187
rotoreff30,Geo+AE-CeNN,3684,0.10978585372408771,0.1578465258854464,1.0,1.9685902150559393,0.03642069071951067
rotoreff30,Geo+AE-CeNN,3685,0.10900056507150865,0.15372221325428057,1.0,2.2070739038958647,0.036474126990888325
rotoreff30,Geo+AE-CeNN,3686,0.05099298263474169,0.07698988575059937,1.0,1.2740950586024873,0.03722456382972422
rotoreff30,Geo+AE-CeNN,3687,0.14065623693716145,0.20238405714905686,1.0,2.5553530397412616,0.040135499131973014
rotoreff30,Geo+AE-CeNN,3688,0.03773800940116464,0.05879215305651385,1.0,1.196151287014837,0.03890764405883682
rotoreff30,Geo+AE-CeNN,3689,0.018259871058919526,0.023212282011204233,1.0,0.9999726789093003,0.039270907260246485
rotoreff30,Geo+AE-CeNN,3690,0.07216425714445482,0.10824410125497744,1.0,1.4526797732411483,0.042474196681115475
rotoreff30,Geo+AE-CeNN,3691,0.1313615854843054,0.18985140135977013,1.0,2.3301174510547935,0.035661747447300704
rotoreff30,Geo+AE-CeNN,3692,0.06011716071115042,0.0865582811392392,1.0,1.4959095615786964,0.03711220626537518
rotoreff30,Geo+AE-CeNN,3693,0.08665733570514557,0.12650394954895575,1.0,1.7997568105234067,0.036212768373710534
rotoreff30,Geo+AE-CeNN,3694,0.07605574655427155,0.11199421213420942,1.0,1.6922894993872988,0.04008626820259726
rotoreff30,Geo+AE-CeNN,3695,0.1218873451078334,0.17871940019228968,1.0,2.328686778019912,0.037743079428191974
rotoreff30,Geo+AE-CeNN,3696,0.07603514198897751,0.1269638616775602,1.0,1.4657813656690204,0.04157113165821436
rotoreff30,Geo+AE-CeNN,3697,0.06596448297669089,0.09228479059400166,1.0,1.4944172009783694,0.03354393338602534
rotoreff30,Geo+AE-CeNN,3698,0.07093994902137228,0.1013281796437306,1.0,1.5586130009278463,0.037188048422244435
rotoreff30,Geo+AE-CeNN,3699,0.059027238456178015,0.10504980816044851,1.0,1.469265650174251,0.03926331309038922
rotoreff30,Geo+D1-3AE-CeNN,3600,0.0843325401531231,0.1189057267162311,1.0,1.8286906535228853,0.03683780126216085
rotoreff30,Geo+D1-3AE-CeNN,3601,0.018674303354908207,0.023370567266207235,1.0,0.9539720394939285,0.03683760098028992
rotoreff30,Geo+D1-3AE-CeNN,3602,0.06509302792830862,0.09175676068399116,1.0,1.5084447178350797,0.036835779835027616
rotoreff30,Geo+D1-3AE-CeNN,3603,0.10786312512001037,0.15191794979636944,1.0,1.9958458036775935,0.036836923482840685
rotoreff30,Geo+D1-3AE-CeNN,3604,0.09565759251696998,0.14825597921361033,1.0,2.0333210448476606,0.0368372251299921
rotoreff30,Geo+D1-3AE-CeNN,3605,0.0898308347338039,0.12686927928094072,1.0,1.8325867425730398,0.036837983788274145
rotoreff30,Geo+D1-3AE-CeNN,3606,0.03400641468267392,0.06024150961303218,1.0,0.993873554437434,0.03683622641972921
rotoreff30,Geo+D1-3AE-CeNN,3607,0.047201321261956246,0.08467440143468169,1.0,1.1517740391242068,0.0368370532882624
rotoreff30,Geo+D1-3AE-CeNN,3608,0.07320648727948506,0.1128973631414176,1.0,1.6745831412281478,0.03683775856374213
rotoreff30,Geo+D1-3AE-CeNN,3609,0.08610898157854095,0.1589352182342799,1.0,1.753975585007669,0.03683787222084
rotoreff30,Geo+D1-3AE-CeNN,3610,0.05616026550684104,0.07775638568851659,1.0,1.4327961325497771,0.03683703902191823
rotoreff30,Geo+D1-3AE-CeNN,3611,0.06221774102478744,0.10987912869100067,1.0,1.5098143668397657,0.03683746028574827
rotoreff30,Geo+D1-3AE-CeNN,3612,0.036636931156467836,0.0461932325897767,1.0,1.1891313408960498,0.036836023296092923
rotoreff30,Geo+D1-3AE-CeNN,3613,0.08245160252961402,0.11620110000444202,1.0,1.774490145153754,0.03683685507728722
rotoreff30,Geo+D1-3AE-CeNN,3614,0.07534912232172061,0.11531715558961209,1.0,1.6136603863947185,0.03683677814498661
rotoreff30,Geo+D1-3AE-CeNN,3615,0.031104444053093032,0.03522183155154682,1.0,1.0080113823807015,0.036836843687737104
rotoreff30,Geo+D1-3AE-CeNN,3616,0.027057313343697167,0.03527120697891545,1.0,1.1096368519253206,0.03683675520974657
rotoreff30,Geo+D1-3AE-CeNN,3617,0.057308294735141645,0.08342502260951525,1.0,1.4095226370270484,0.03683614610461485
rotoreff30,Geo+D1-3AE-CeNN,3618,0.05705145035840461,0.07424384398640979,1.0,1.4463469043040826,0.036836849403847044
rotoreff30,Geo+D1-3AE-CeNN,3619,0.0157222163197303,0.020508670062076507,1.0,0.8466366306920626,0.036837151811750825
rotoreff30,Geo+D1-3AE-CeNN,3620,0.028262206804285803,0.0390077999612908,1.0,1.115053090066589,0.036837362544759035
rotoreff30,Geo+D1-3AE-CeNN,3621,0.08239345785021601,0.1342645589363386,1.0,1.624826643552227,0.03683717491968948
rotoreff30,Geo+D1-3AE-CeNN,3622,0.11073627577805839,0.15977655933680765,1.0,2.08143602424688,0.03683787665781227
rotoreff30,Geo+D1-3AE-CeNN,3623,0.019030752147688665,0.024515991455288683,1.0,0.9270935440750241,0.036837108749724345
rotoreff30,Geo+D1-3AE-CeNN,3624,0.03516901470107223,0.04806016863178037,1.0,1.1400259535331148,0.03683529469115194
rotoreff30,Geo+D1-3AE-CeNN,3625,0.04690168261885101,0.07218850875216222,1.0,1.0298568515470117,0.03683704089477081
rotoreff30,Geo+D1-3AE-CeNN,3626,0.07827352465619054,0.1484857628927672,1.0,1.5397011788728192,0.03683762749676878
rotoreff30,Geo+D1-3AE-CeNN,3627,0.060412958797723515,0.08374685436701249,1.0,1.493004855783514,0.036837200712812865
rotoreff30,Geo+D1-3AE-CeNN,3628,0.07747596512735244,0.11204137549009653,1.0,1.759894383657334,0.0368372396494228
rotoreff30,Geo+D1-3AE-CeNN,3629,0.07272891773101434,0.10980561911226215,1.0,1.6863792391649974,0.03683720261863359
rotoreff30,Geo+D1-3AE-CeNN,3630,0.05198150842972597,0.06915551127940175,1.0,1.3849478552549084,0.03683746992192075
rotoreff30,Geo+D1-3AE-CeNN,3631,0.0632600839800954,0.11029632720323833,1.0,1.288216420789006,0.03683706803122154
rotoreff30,Geo+D1-3AE-CeNN,3632,0.013601000608722052,0.01727376450803166,1.0,0.8935183830196326,0.036836402447543465
rotoreff30,Geo+D1-3AE-CeNN,3633,0.06506426343002719,0.10144542934051014,1.0,1.6069984170770062,0.03683729484287729
rotoreff30,Geo+D1-3AE-CeNN,3634,0.07484939779137112,0.09966527773594758,1.0,1.6528170476727733,0.03683680111783686
rotoreff30,Geo+D1-3AE-CeNN,3635,0.08080451933555105,0.1191506359365943,1.0,1.797319201732189,0.03683670664234847
rotoreff30,Geo+D1-3AE-CeNN,3636,0.04332952103157056,0.06062517116922761,1.0,1.2967055949518882,0.03683755846312201
rotoreff30,Geo+D1-3AE-CeNN,3637,0.013008889398986222,0.021047858370836857,1.0,0.8786036943424039,0.03683686453308358
rotoreff30,Geo+D1-3AE-CeNN,3638,0.08796879518417682,0.12220727730146068,1.0,1.7330340063663183,0.03683664454959729
rotoreff30,Geo+D1-3AE-CeNN,3639,0.0805821295022649,0.10979079292968534,1.0,1.7116422311003068,0.03683630860072668
rotoreff30,Geo+D1-3AE-CeNN,3640,0.09679922994676633,0.1694366667841805,1.0,1.9436500707409623,0.03683649309056436
rotoreff30,Geo+D1-3AE-CeNN,3641,0.058771853324975074,0.11182788860719475,1.0,1.5032638991032454,0.03683790946400692
rotoreff30,Geo+D1-3AE-CeNN,3642,0.12413820550774189,0.17914445801136622,1.0,2.1869940018560117,0.03683832939107948
rotoreff30,Geo+D1-3AE-CeNN,3643,0.030047802540602943,0.036794256153332705,1.0,0.9900488158332762,0.03683716917534025
rotoreff30,Geo+D1-3AE-CeNN,3644,0.04788324337343092,0.0814145552969272,1.0,1.1665347089282059,0.036837010696678336
rotoreff30,Geo+D1-3AE-CeNN,3645,0.05784160919312754,0.087144242292826,1.0,1.424637118519524,0.036837240214931274
rotoreff30,Geo+D1-3AE-CeNN,3646,0.112293796596991,0.1833539483534119,1.0,2.2700907924856737,0.03683745927392632
rotoreff30,Geo+D1-3AE-CeNN,3647,0.057985919783279785,0.0785027936184976,1.0,1.448239836216463,0.036836542855834424
rotoreff30,Geo+D1-3AE-CeNN,3648,0.03146442352230012,0.048953188207822795,1.0,1.0806216682822554,0.03683731469500424
rotoreff30,Geo+D1-3AE-CeNN,3649,0.023710715626704952,0.02922443701111387,1.0,0.8704622303360414,0.03683772284471786
rotoreff30,Geo+D1-3AE-CeNN,3650,0.04968153409917734,0.0643931070138501,1.0,1.2989886619910145,0.036836744052443506
rotoreff30,Geo+D1-3AE-CeNN,3651,0.05958221367618583,0.08129088069480027,1.0,1.4339742476749515,0.03683651756752346
rotoreff30,Geo+D1-3AE-CeNN,3652,0.05495473279783907,0.0747233448604268,1.0,1.3714660934984144,0.036837087385770066
rotoreff30,Geo+D1-3AE-CeNN,3653,0.03549269917590635,0.04561008308859618,1.0,1.130623519967198,0.03683716185408004
rotoreff30,Geo+D1-3AE-CeNN,3654,0.0522167360588581,0.07213240185897696,1.0,1.2176210525027187,0.03683685397966154
rotoreff30,Geo+D1-3AE-CeNN,3655,0.05050653047041122,0.07809347495932278,1.0,1.3833195978272725,0.036836899469928956
rotoreff30,Geo+D1-3AE-CeNN,3656,0.06909967974453944,0.09633529632149619,1.0,1.6327184319590937,0.03683750553589916
rotoreff30,Geo+D1-3AE-CeNN,3657,0.04334218794731593,0.059075851591828175,1.0,1.293896050257616,0.03683643483337144
rotoreff30,Geo+D1-3AE-CeNN,3658,0.03475494591774197,0.0594566853755727,1.0,1.038312292939361,0.03683678434704003
rotoreff30,Geo+D1-3AE-CeNN,3659,0.02311235748004874,0.028775708696841384,1.0,0.899561823106752,0.03683745155169888
rotoreff30,Geo+D1-3AE-CeNN,3660,0.06967538979102689,0.0927260968208768,1.0,1.5572870031408195,0.03683762967276556
rotoreff30,Geo+D1-3AE-CeNN,3661,0.07841999277795283,0.13804350685440656,1.0,1.4212245489189064,0.03683778633744898
rotoreff30,Geo+D1-3AE-CeNN,3662,0.06318790872421567,0.08115054740239609,1.0,1.5095341729616563,0.03683775681225121
rotoreff30,Geo+D1-3AE-CeNN,3663,0.039891246168442016,0.05069035658637379,1.0,1.1694799144025305,0.03683715465399476
rotoreff30,Geo+D1-3AE-CeNN,3664,0.03920421291595579,0.055131519637391865,1.0,1.1516468101667592,0.036837168393325605
rotoreff30,Geo+D1-3AE-CeNN,3665,0.10216880450598355,0.14903165623722464,1.0,2.0623251373238847,0.0368380020097132
rotoreff30,Geo+D1-3AE-CeNN,3666,0.0872023561649948,0.12345549433838954,1.0,1.7370606327033182,0.03683697153478697
rotoreff30,Geo+D1-3AE-CeNN,3667,0.050751153168845264,0.06994221503072708,1.0,1.3173308036225908,0.03683742756065096
rotoreff30,Geo+D1-3AE-CeNN,3668,0.06962905949578084,0.10144573700391175,1.0,1.6567953719848578,0.03683720982042463
rotoreff30,Geo+D1-3AE-CeNN,3669,0.0691758188960816,0.12052933614987274,1.0,1.6193741031135598,0.0368375453135915
rotoreff30,Geo+D1-3AE-CeNN,3670,0.05766235366864845,0.08046367334946569,1.0,1.444636083587896,0.03683674861240573
rotoreff30,Geo+D1-3AE-CeNN,3671,0.047153618464491696,0.057503816038440805,1.0,1.2490711547589546,0.03683670835931977
rotoreff30,Geo+D1-3AE-CeNN,3672,0.13008042771862718,0.19434745936660142,1.0,2.5265854429906547,0.036838464528292036
rotoreff30,Geo+D1-3AE-CeNN,3673,0.05943988095445944,0.0762406879991529,1.0,1.371085458930776,0.03683674416868926
rotoreff30,Geo+D1-3AE-CeNN,3674,0.05456973242168357,0.07352543028212391,1.0,1.3691534891449204,0.03683683350877974
rotoreff30,Geo+D1-3AE-CeNN,3675,0.05653462843937434,0.09928760351063042,1.0,1.174058784282763,0.03683805543904205
rotoreff30,Geo+D1-3AE-CeNN,3676,0.13302510063514275,0.20972336534657188,1.0,2.55013715400326,0.03683780195609915
rotoreff30,Geo+D1-3AE-CeNN,3677,0.059912643660803566,0.08102114599981503,1.0,1.460057689106262,0.036838331444995306
rotoreff30,Geo+D1-3AE-CeNN,3678,0.0755116479034721,0.1097167307664347,1.0,1.76091643132804,0.036836637658555174
rotoreff30,Geo+D1-3AE-CeNN,3679,0.05242524424221015,0.08257391547289646,1.0,1.4018254301585995,0.0368370948160665
rotoreff30,Geo+D1-3AE-CeNN,3680,0.13400943001770396,0.19282361737005188,1.0,2.422877096787765,0.03683816084930725
rotoreff30,Geo+D1-3AE-CeNN,3681,0.07788825997263943,0.10135530028500991,1.0,1.6736925532462348,0.036836616751777636
rotoreff30,Geo+D1-3AE-CeNN,3682,0.13768914487907993,0.19514456476052036,1.0,2.681971904701916,0.03683797895628524
rotoreff30,Geo+D1-3AE-CeNN,3683,0.08150246007765785,0.14460854984662339,1.0,1.8034292625558073,0.03683750762497637
rotoreff30,Geo+D1-3AE-CeNN,3684,0.1080415405193264,0.15512891437918422,1.0,1.968938217582627,0.03683822187718009
rotoreff30,Geo+D1-3AE-CeNN,3685,0.10788602065836049,0.15187982124208932,1.0,2.210112850416913,0.03683772061928632
rotoreff30,Geo+D1-3AE-CeNN,3686,0.05194020479003737,0.07800037407168443,1.0,1.2761404774642742,0.03683695052987482
rotoreff30,Geo+D1-3AE-CeNN,3687,0.13902519474858646,0.19972971721148372,1.0,2.5572856590456925,0.03683817383574347
rotoreff30,Geo+D1-3AE-CeNN,3688,0.03851093696231261,0.060010885297827304,1.0,1.1986329188818239,0.03683683369536608
rotoreff30,Geo+D1-3AE-CeNN,3689,0.01860706573442843,0.0245786815459053,1.0,1.001498908897679,0.03683684489620246
rotoreff30,Geo+D1-3AE-CeNN,3690,0.0724100643534978,0.1083155538262631,1.0,1.4547413628073878,0.03683679364004107
rotoreff30,Geo+D1-3AE-CeNN,3691,0.12973708746033732,0.18725098699245357,1.0,2.33168854032967,0.036838169664948885
rotoreff30,Geo+D1-3AE-CeNN,3692,0.06027390009921975,0.08648686827274259,1.0,1.497728382592116,0.036837367756057
rotoreff30,Geo+D1-3AE-CeNN,3693,0.08550729990867799,0.12455137559196053,1.0,1.8008104259518405,0.03683756759055699
rotoreff30,Geo+D1-3AE-CeNN,3694,0.07606881509568449,0.11186218533185885,1.0,1.6950560035107918,0.03683673819777396
rotoreff30,Geo+D1-3AE-CeNN,3695,0.12033358001488335,0.17632150079061237,1.0,2.332547115559888,0.03683774222709415
rotoreff30,Geo+D1-3AE-CeNN,3696,0.07674467551102848,0.1273089948195573,1.0,1.4687660860086447,0.03683736203732437
rotoreff30,Geo+D1-3AE-CeNN,3697,0.06531262203784369,0.09115022419175109,1.0,1.4945666463220169,0.03683663738893036
rotoreff30,Geo+D1-3AE-CeNN,3698,0.06953528579346063,0.09926257955657924,1.0,1.5596623842309085,0.03683702106010612
rotoreff30,Geo+D1-3AE-CeNN,3699,0.05969594886805005,0.1059349035603558,1.0,1.4729522873642156,0.036837521440998264
rotoreff30,Geo+D1-10AE-CeNN,3600,0.08495614821723954,0.11960526234982656,1.0,1.828553475812217,0.038894604429373696
rotoreff30,Geo+D1-10AE-CeNN,3601,0.019763644505957474,0.024877761273215514,1.0,0.9538225224150491,0.03889460442937402
rotoreff30,Geo+D1-10AE-CeNN,3602,0.06553113650663378,0.09238225663892952,1.0,1.5085489685903117,0.03889460442937501
rotoreff30,Geo+D1-10AE-CeNN,3603,0.10892841488781663,0.1533681767969692,1.0,1.9964111716841615,0.03889460442937418
rotoreff30,Geo+D1-10AE-CeNN,3604,0.0951682931476198,0.14702546850168804,1.0,2.032246487758466,0.038894604429374355
rotoreff30,Geo+D1-10AE-CeNN,3605,0.09054584158001502,0.12788567535993894,1.0,1.8329879377512466,0.03889460442937335
rotoreff30,Geo+D1-10AE-CeNN,3606,0.032724621024422515,0.05831874130804466,1.0,0.9931533183049459,0.03889460442937515
rotoreff30,Geo+D1-10AE-CeNN,3607,0.04623630278565317,0.08287945530138392,1.0,1.150530316897543,0.03889460442937468
rotoreff30,Geo+D1-10AE-CeNN,3608,0.07264992619535315,0.11162109587794887,1.0,1.6738436785172168,0.038894604429373925
rotoreff30,Geo+D1-10AE-CeNN,3609,0.0853297676392959,0.15714875262339992,1.0,1.7518246000856048,0.038894604429374535
rotoreff30,Geo+D1-10AE-CeNN,3610,0.05612173161549712,0.07662486295884642,1.0,1.431862950203798,0.0388946044293743
rotoreff30,Geo+D1-10AE-CeNN,3611,0.06154059605273197,0.1085724115298872,1.0,1.5087788230634367,0.03889460442937407
rotoreff30,Geo+D1-10AE-CeNN,3612,0.037529362413182436,0.04733610380636692,1.0,1.1886549546332572,0.03889460442937476
rotoreff30,Geo+D1-10AE-CeNN,3613,0.08310578998846235,0.11705184987534187,1.0,1.7745793523752882,0.038894604429373994
rotoreff30,Geo+D1-10AE-CeNN,3614,0.07442716601216116,0.11382295270043163,1.0,1.6126852648637977,0.038894604429374896
rotoreff30,Geo+D1-10AE-CeNN,3615,0.030505285766150476,0.033854695825652786,1.0,1.0075788912380954,0.038894604429374764
rotoreff30,Geo+D1-10AE-CeNN,3616,0.027578145180235332,0.036053588234579666,1.0,1.1091242317015462,0.0388946044293746
rotoreff30,Geo+D1-10AE-CeNN,3617,0.056650240796383915,0.08185931707970039,1.0,1.4084933864225708,0.03889460442937488
rotoreff30,Geo+D1-10AE-CeNN,3618,0.05729637575691892,0.0745574252026037,1.0,1.446135010026004,0.0388946044293741
rotoreff30,Geo+D1-10AE-CeNN,3619,0.015674517766068402,0.020473296522497467,1.0,0.8466412248191418,0.038894604429374674
rotoreff30,Geo+D1-10AE-CeNN,3620,0.02909771765619377,0.04009509916839662,1.0,1.1149430446338193,0.03889460442937402
rotoreff30,Geo+D1-10AE-CeNN,3621,0.08139917943398219,0.13273566345636884,1.0,1.6236146173883468,0.03889460442937409
rotoreff30,Geo+D1-10AE-CeNN,3622,0.11185008786050642,0.1613440136712289,1.0,2.082057664439198,0.03889460442937345
rotoreff30,Geo+D1-10AE-CeNN,3623,0.019663607857912883,0.024378020915750722,1.0,0.9270638260829145,0.03889460442937459
rotoreff30,Geo+D1-10AE-CeNN,3624,0.03602477823547026,0.04913726288599576,1.0,1.1398722311213823,0.038894604429375534
rotoreff30,Geo+D1-10AE-CeNN,3625,0.0469792164719617,0.07189528860424255,1.0,1.0294625360570175,0.038894604429375125
rotoreff30,Geo+D1-10AE-CeNN,3626,0.07737601241336013,0.1467588452825538,1.0,1.538007178600938,0.03889460442937478
rotoreff30,Geo+D1-10AE-CeNN,3627,0.060773755265389424,0.08431549071231526,1.0,1.4931761678101672,0.038894604429373814
rotoreff30,Geo+D1-10AE-CeNN,3628,0.07783033802559347,0.11248185627920021,1.0,1.7599197548475873,0.03889460442937389
rotoreff30,Geo+D1-10AE-CeNN,3629,0.07295969439698878,0.10971774115469012,1.0,1.6860061939739592,0.038894604429374244
rotoreff30,Geo+D1-10AE-CeNN,3630,0.05210409736305481,0.06929935599668727,1.0,1.384631057335241,0.03889460442937367
rotoreff30,Geo+D1-10AE-CeNN,3631,0.06214687317622976,0.108491432690859,1.0,1.2871070971966834,0.038894604429374854
rotoreff30,Geo+D1-10AE-CeNN,3632,0.013897223258798405,0.017026712391946783,1.0,0.8936155500914428,0.038894604429375056
rotoreff30,Geo+D1-10AE-CeNN,3633,0.06507568746385144,0.10096199980475784,1.0,1.6063435853387773,0.038894604429374285
rotoreff30,Geo+D1-10AE-CeNN,3634,0.07478180868093832,0.09954913410404871,1.0,1.652416375608062,0.03889460442937438
rotoreff30,Geo+D1-10AE-CeNN,3635,0.08129420663517288,0.11990221012473057,1.0,1.7976740318528064,0.038894604429373904
rotoreff30,Geo+D1-10AE-CeNN,3636,0.04409148064839865,0.06166147521267246,1.0,1.2964742251753254,0.03889460442937399
rotoreff30,Geo+D1-10AE-CeNN,3637,0.013178670117277363,0.021047742044645473,1.0,0.878474959209922,0.03889460442937467
rotoreff30,Geo+D1-10AE-CeNN,3638,0.08909024477178656,0.12370084237952796,1.0,1.7332649301976424,0.03889460442937412
rotoreff30,Geo+D1-10AE-CeNN,3639,0.08121928430898448,0.11071435277661787,1.0,1.7119428384133557,0.03889460442937479
rotoreff30,Geo+D1-10AE-CeNN,3640,0.0960321089172203,0.16790896791496734,1.0,1.941997404899466,0.03889460442937491
rotoreff30,Geo+D1-10AE-CeNN,3641,0.05799155863345797,0.11011039878937026,1.0,1.5015799511311583,0.038894604429374244
rotoreff30,Geo+D1-10AE-CeNN,3642,0.12529955937871756,0.18081074407632025,1.0,2.1880464013872256,0.038894604429372905
rotoreff30,Geo+D1-10AE-CeNN,3643,0.030616511196646087,0.03674189202565385,1.0,0.9901504881967449,0.03889460442937456
rotoreff30,Geo+D1-10AE-CeNN,3644,0.047068203609908696,0.07962105275407536,1.0,1.1654312618367935,0.03889460442937477
rotoreff30,Geo+D1-10AE-CeNN,3645,0.057598149989678396,0.08645498227394673,1.0,1.4238627069771908,0.03889460442937416
rotoreff30,Geo+D1-10AE-CeNN,3646,0.111984310460753,0.18240052764207568,1.0,2.2688220979588407,0.038894604429374084
rotoreff30,Geo+D1-10AE-CeNN,3647,0.0583523094291547,0.07907628772697574,1.0,1.4482552688838897,0.03889460442937443
rotoreff30,Geo+D1-10AE-CeNN,3648,0.030684894049339474,0.046893062772145507,1.0,1.0797789377593918,0.0388946044293745
rotoreff30,Geo+D1-10AE-CeNN,3649,0.022969497373468376,0.029158233357481547,1.0,0.870183314414814,0.038894604429374535
rotoreff30,Geo+D1-10AE-CeNN,3650,0.049102887802314504,0.06328421484565158,1.0,1.2983816186338204,0.03889460442937442
rotoreff30,Geo+D1-10AE-CeNN,3651,0.060253886097034935,0.08236258380498036,1.0,1.4344457214618893,0.03889460442937414
rotoreff30,Geo+D1-10AE-CeNN,3652,0.055512128418119755,0.0755898851771811,1.0,1.3717586237800359,0.0388946044293743
rotoreff30,Geo+D1-10AE-CeNN,3653,0.035947232206671335,0.04609650006559674,1.0,1.130325630542647,0.038894604429374265
rotoreff30,Geo+D1-10AE-CeNN,3654,0.05353900861741562,0.0739265906271642,1.0,1.2178510027607097,0.038894604429374445
rotoreff30,Geo+D1-10AE-CeNN,3655,0.05007209636134647,0.0769722288475315,1.0,1.3827265764783587,0.038894604429374396
rotoreff30,Geo+D1-10AE-CeNN,3656,0.06916524278684957,0.09648445483080846,1.0,1.6327014586904967,0.03889460442937386
rotoreff30,Geo+D1-10AE-CeNN,3657,0.043834856223441555,0.05969735255230542,1.0,1.293758239476875,0.03889460442937449
rotoreff30,Geo+D1-10AE-CeNN,3658,0.03387778643228325,0.0578898840750559,1.0,1.0376795457364418,0.038894604429374764
rotoreff30,Geo+D1-10AE-CeNN,3659,0.021971700577499365,0.026863332967169907,1.0,0.8993616768210658,0.03889460442937442
rotoreff30,Geo+D1-10AE-CeNN,3660,0.07072546533073548,0.09411665831474798,1.0,1.5568951715326618,0.038894604429373696
rotoreff30,Geo+D1-10AE-CeNN,3661,0.07701148524678465,0.1360278546505974,1.0,1.4196745648220708,0.038894604429374716
rotoreff30,Geo+D1-10AE-CeNN,3662,0.06353208369332382,0.08169977416569597,1.0,1.5092515181656099,0.03889460442937403
rotoreff30,Geo+D1-10AE-CeNN,3663,0.03964379983517865,0.05039328237835747,1.0,1.1693231468894965,0.038894604429374056
rotoreff30,Geo+D1-10AE-CeNN,3664,0.03861560163859299,0.05382992466159779,1.0,1.150961465671657,0.03889460442937454
rotoreff30,Geo+D1-10AE-CeNN,3665,0.10291911245443833,0.15001606610645193,1.0,2.0626648871450155,0.038894604429373765
rotoreff30,Geo+D1-10AE-CeNN,3666,0.08834676107005938,0.12501388762199994,1.0,1.73755859091568,0.03889460442937416
rotoreff30,Geo+D1-10AE-CeNN,3667,0.05151723396030961,0.07109798965781429,1.0,1.3175655958055044,0.038894604429373585
rotoreff30,Geo+D1-10AE-CeNN,3668,0.06959934035511398,0.1012031787384792,1.0,1.6563900182595486,0.038894604429374244
rotoreff30,Geo+D1-10AE-CeNN,3669,0.06844791734531254,0.11875485391536895,1.0,1.617960520704785,0.038894604429373945
rotoreff30,Geo+D1-10AE-CeNN,3670,0.058315606449524375,0.0811249741553629,1.0,1.4442829883022186,0.038894604429374445
rotoreff30,Geo+D1-10AE-CeNN,3671,0.046882127226453144,0.05746659138464644,1.0,1.2493308118970134,0.038894604429374376
rotoreff30,Geo+D1-10AE-CeNN,3672,0.13091623441286637,0.195545120288483,1.0,2.5274602751173347,0.03889460442937313
rotoreff30,Geo+D1-10AE-CeNN,3673,0.06036672663026934,0.07745498422846246,1.0,1.3711887048207563,0.03889460442937453
rotoreff30,Geo+D1-10AE-CeNN,3674,0.055389934751160816,0.07469521019934852,1.0,1.3692115207555928,0.03889460442937422
rotoreff30,Geo+D1-10AE-CeNN,3675,0.055174623126360005,0.09732010602741432,1.0,1.1729262951092614,0.038894604429374334
rotoreff30,Geo+D1-10AE-CeNN,3676,0.13246122023755313,0.20855766295606953,1.0,2.548599983003487,0.03889460442937425
rotoreff30,Geo+D1-10AE-CeNN,3677,0.060720135459181965,0.08212266330477166,1.0,1.4597681729987662,0.038894604429373335
rotoreff30,Geo+D1-10AE-CeNN,3678,0.07536176819028682,0.10921694853286783,1.0,1.7602918912172012,0.038894604429374445
rotoreff30,Geo+D1-10AE-CeNN,3679,0.05187958997719793,0.08117499149999485,1.0,1.4008013276379165,0.0388946044293743
rotoreff30,Geo+D1-10AE-CeNN,3680,0.13500107139460582,0.19424909255687453,1.0,2.4236697449178255,0.03889460442937287
rotoreff30,Geo+D1-10AE-CeNN,3681,0.07843909052292093,0.10216251336383061,1.0,1.6736311026328126,0.03889460442937453
rotoreff30,Geo+D1-10AE-CeNN,3682,0.1380928611822008,0.19572536174581145,1.0,2.6822542255022284,0.03889460442937318
rotoreff30,Geo+D1-10AE-CeNN,3683,0.08079449610572274,0.14299424306045874,1.0,1.8017149776223802,0.03889460442937435
rotoreff30,Geo+D1-10AE-CeNN,3684,0.10915556973553253,0.156755133369237,1.0,1.969944386240035,0.03889460442937337
rotoreff30,Geo+D1-10AE-CeNN,3685,0.10832454507110888,0.15239944232849528,1.0,2.2098791371691995,0.03889460442937355
rotoreff30,Geo+D1-10AE-CeNN,3686,0.050858625455797994,0.07623084917506044,1.0,1.2752930068224213,0.0388946044293747
rotoreff30,Geo+D1-10AE-CeNN,3687,0.1399284368600652,0.20105503717120424,1.0,2.558146047641192,0.038894604429373425
rotoreff30,Geo+D1-10AE-CeNN,3688,0.03791677880052421,0.05847066883560951,1.0,1.1977264433772847,0.03889460442937492
rotoreff30,Geo+D1-10AE-CeNN,3689,0.018717628941574062,0.023497916710562353,1.0,1.001094905151805,0.03889460442937469
rotoreff30,Geo+D1-10AE-CeNN,3690,0.07178291726117576,0.10701722308562531,1.0,1.454086064187528,0.038894604429374924
rotoreff30,Geo+D1-10AE-CeNN,3691,0.13077561587132097,0.188765202443722,1.0,2.3326392159930482,0.038894604429373
rotoreff30,Geo+D1-10AE-CeNN,3692,0.05987267569575421,0.08577918088336708,1.0,1.4972867566941677,0.038894604429373765
rotoreff30,Geo+D1-10AE-CeNN,3693,0.08620080141638012,0.12558099049444585,1.0,1.8013975655649093,0.03889460442937347
rotoreff30,Geo+D1-10AE-CeNN,3694,0.07569854833769397,0.1108601967719598,1.0,1.6942611378986787,0.03889460442937442
rotoreff30,Geo+D1-10AE-CeNN,3695,0.12125683716720985,0.1775979289525798,1.0,2.332727243186388,0.038894604429373265
rotoreff30,Geo+D1-10AE-CeNN,3696,0.07563122249354516,0.12556993153456736,1.0,1.4673906111063735,0.03889460442937483
rotoreff30,Geo+D1-10AE-CeNN,3697,0.06536852349953606,0.09121470901120629,1.0,1.4943348352582637,0.038894604429374265
rotoreff30,Geo+D1-10AE-CeNN,3698,0.0705341748842657,0.10061604565773494,1.0,1.5600531134093616,0.03889460442937382
rotoreff30,Geo+D1-10AE-CeNN,3699,0.05893874698792029,0.1042116560645131,1.0,1.4716056886585218,0.03889460442937445
rotoreff30,Geo+D2-HistAE-CeNN,3600,0.07725683268633439,0.10832646663036068,1.0,1.8090324108604567,0.21449525003710024
rotoreff30,Geo+D2-HistAE-CeNN,3601,0.027162102964248314,0.04441650718407253,1.0,0.974480546917824,0.18586164187671997
rotoreff30,Geo+D2-HistAE-CeNN,3602,0.05090957413812677,0.07246464314710709,1.0,1.496758195465135,0.20182124560432763
rotoreff30,Geo+D2-HistAE-CeNN,3603,0.08731586057113996,0.12147831799455572,1.0,1.9601648824311606,0.2275702217989112
rotoreff30,Geo+D2-HistAE-CeNN,3604,0.0876582588587405,0.14019821374547903,1.0,1.9852510790332554,0.19724600136622053
rotoreff30,Geo+D2-HistAE-CeNN,3605,0.08302963211415479,0.11765386408317366,1.0,1.8084389223322384,0.2202893554840918
rotoreff30,Geo+D2-HistAE-CeNN,3606,0.03491797483925593,0.059357904932944947,1.0,1.0001681880557427,0.1734416926069256
rotoreff30,Geo+D2-HistAE-CeNN,3607,0.04071142666161363,0.07342134270117728,1.0,1.1598800391422464,0.17024775714684914
rotoreff30,Geo+D2-HistAE-CeNN,3608,0.066845663787835,0.10838760610526876,1.0,1.6478245844830388,0.19665876157406428
rotoreff30,Geo+D2-HistAE-CeNN,3609,0.07241124107393242,0.1345826918005631,1.0,1.7143019215042068,0.21630333219782122
rotoreff30,Geo+D2-HistAE-CeNN,3610,0.049045289557829386,0.07117252351479998,1.0,1.4275741302217457,0.19262448505091678
rotoreff30,Geo+D2-HistAE-CeNN,3611,0.05867999138783655,0.10363210642878122,1.0,1.494509796249196,0.1975097040186746
rotoreff30,Geo+D2-HistAE-CeNN,3612,0.030774900482966303,0.04142364335169669,1.0,1.19588869627607,0.19280801504507386
rotoreff30,Geo+D2-HistAE-CeNN,3613,0.07338008249068101,0.10384455021955098,1.0,1.765974193588058,0.20723894091434436
rotoreff30,Geo+D2-HistAE-CeNN,3614,0.06832818723492048,0.10997194693430523,1.0,1.6029732982609035,0.1963692634616545
rotoreff30,Geo+D2-HistAE-CeNN,3615,0.04324045936115833,0.06434146934848865,1.0,1.0335819526253536,0.1959560009376157
rotoreff30,Geo+D2-HistAE-CeNN,3616,0.017006375798514172,0.02939920517611041,1.0,1.1131866708565217,0.18019270358877554
rotoreff30,Geo+D2-HistAE-CeNN,3617,0.05217072609386069,0.07834478550968377,1.0,1.393805057408364,0.17101949928032628
rotoreff30,Geo+D2-HistAE-CeNN,3618,0.05370419712694125,0.07280502313502996,1.0,1.4452970491370796,0.19421852076550628
rotoreff30,Geo+D2-HistAE-CeNN,3619,0.016391290220930884,0.026670565296109266,1.0,0.8712205165281977,0.18196301028692333
rotoreff30,Geo+D2-HistAE-CeNN,3620,0.026886171716093928,0.03938356097853748,1.0,1.1184474392943224,0.17101063276834694
rotoreff30,Geo+D2-HistAE-CeNN,3621,0.07800198768208051,0.12961788272017724,1.0,1.6392166275434676,0.19620410907419558
rotoreff30,Geo+D2-HistAE-CeNN,3622,0.0906483670998928,0.13050659044099147,1.0,2.0448177306820066,0.24352490877533908
rotoreff30,Geo+D2-HistAE-CeNN,3623,0.022469286361907884,0.026623805806654362,1.0,0.9331289120922666,0.18164042175592374
rotoreff30,Geo+D2-HistAE-CeNN,3624,0.019317648527131,0.0230371365151789,1.0,1.1390696537912228,0.2047827240176093
rotoreff30,Geo+D2-HistAE-CeNN,3625,0.030610334665764682,0.049993677303382306,1.0,1.0277370613478949,0.1791400656106075
rotoreff30,Geo+D2-HistAE-CeNN,3626,0.06673487094437702,0.13066113275062424,1.0,1.5305177143772917,0.18664023999295073
rotoreff30,Geo+D2-HistAE-CeNN,3627,0.0533525547501235,0.07530562834061373,1.0,1.4893204000856983,0.20400658992156392
rotoreff30,Geo+D2-HistAE-CeNN,3628,0.07214763517778684,0.106164783025415,1.0,1.7435806048778224,0.21011882147390348
rotoreff30,Geo+D2-HistAE-CeNN,3629,0.058859245850032015,0.09587506262767684,1.0,1.6635460542513365,0.19221532118594936
rotoreff30,Geo+D2-HistAE-CeNN,3630,0.052146205681642084,0.07465750678361059,1.0,1.3834310995140104,0.18140176089369345
rotoreff30,Geo+D2-HistAE-CeNN,3631,0.053591668980084696,0.0968339524419825,1.0,1.28825672813724,0.18195599436650686
rotoreff30,Geo+D2-HistAE-CeNN,3632,0.01720983986384674,0.030299580113200747,1.0,0.9182354988330964,0.18410313396097377
rotoreff30,Geo+D2-HistAE-CeNN,3633,0.058126638630846945,0.09429012674176673,1.0,1.5899472694196648,0.1970753777522454
rotoreff30,Geo+D2-HistAE-CeNN,3634,0.06530950211703188,0.08794306620048895,1.0,1.6249720262841674,0.20392230284075696
rotoreff30,Geo+D2-HistAE-CeNN,3635,0.07429556445014023,0.10904935446887419,1.0,1.8117243417943418,0.22286072757986178
rotoreff30,Geo+D2-HistAE-CeNN,3636,0.037368992397091565,0.0517946323798115,1.0,1.2877606976049374,0.19086260843857217
rotoreff30,Geo+D2-HistAE-CeNN,3637,0.023322576047235942,0.0332292802122546,1.0,0.894939812517554,0.1788427030198174
rotoreff30,Geo+D2-HistAE-CeNN,3638,0.07510614112050713,0.1024824167952263,1.0,1.725624601624743,0.21102382733911132
rotoreff30,Geo+D2-HistAE-CeNN,3639,0.0744136762677506,0.10084107181300594,1.0,1.7054127315452312,0.21809563011398983
rotoreff30,Geo+D2-HistAE-CeNN,3640,0.09031855459455561,0.1580060196360102,1.0,1.9444776032675648,0.21180696644302266
rotoreff30,Geo+D2-HistAE-CeNN,3641,0.05770282537354169,0.10812565432092631,1.0,1.4920520678000544,0.1815243851046962
rotoreff30,Geo+D2-HistAE-CeNN,3642,0.10274329047864672,0.14615685999691283,1.0,2.178636604982377,0.25374004103812414
rotoreff30,Geo+D2-HistAE-CeNN,3643,0.021360070299515296,0.03536816514004315,1.0,0.9978102969217608,0.18516137037206493
rotoreff30,Geo+D2-HistAE-CeNN,3644,0.04041852521637876,0.07037802119193792,1.0,1.1726132186378553,0.17133380980524887
rotoreff30,Geo+D2-HistAE-CeNN,3645,0.04804259780344748,0.07947352957849216,1.0,1.4127446314238232,0.18615636702978533
rotoreff30,Geo+D2-HistAE-CeNN,3646,0.09876013831174409,0.16488698628116144,1.0,2.2314613624008506,0.2209708249979897
rotoreff30,Geo+D2-HistAE-CeNN,3647,0.055162772639834864,0.07489958398268319,1.0,1.4528328623193838,0.19295869996114037
rotoreff30,Geo+D2-HistAE-CeNN,3648,0.028045842608550912,0.05310989391509001,1.0,1.0928030004783769,0.17345611840404504
rotoreff30,Geo+D2-HistAE-CeNN,3649,0.040596684594133764,0.055253888380049264,1.0,0.8920521825334626,0.18758429365465976
rotoreff30,Geo+D2-HistAE-CeNN,3650,0.05300122568838233,0.07227491172593632,1.0,1.3093703084019586,0.16607541125201403
rotoreff30,Geo+D2-HistAE-CeNN,3651,0.0519882942953464,0.07153269500468609,1.0,1.4246725863007126,0.20697097440822848
rotoreff30,Geo+D2-HistAE-CeNN,3652,0.048001060238131964,0.06468053577866005,1.0,1.390648553453958,0.20642282586785438
rotoreff30,Geo+D2-HistAE-CeNN,3653,0.04055333785962771,0.05595038168157997,1.0,1.1467891164490407,0.19231496752669908
rotoreff30,Geo+D2-HistAE-CeNN,3654,0.036970060450235785,0.05063104607182007,1.0,1.2241429824126362,0.18704979648889988
rotoreff30,Geo+D2-HistAE-CeNN,3655,0.04723822015759768,0.07874733645798818,1.0,1.3829295795175114,0.20385999849859007
rotoreff30,Geo+D2-HistAE-CeNN,3656,0.06773300428090052,0.09858519497263574,1.0,1.626243372802553,0.19972423524282892
rotoreff30,Geo+D2-HistAE-CeNN,3657,0.036296797081448395,0.049805365975806065,1.0,1.2918008046384182,0.17371500490268013
rotoreff30,Geo+D2-HistAE-CeNN,3658,0.0308416260137523,0.05291737475685921,1.0,1.0548101315751237,0.18019885493851034
rotoreff30,Geo+D2-HistAE-CeNN,3659,0.02868140752629692,0.0427079594754604,1.0,0.9120887995090615,0.1766181700935913
rotoreff30,Geo+D2-HistAE-CeNN,3660,0.06422925955632548,0.08458539797762907,1.0,1.5293235536720686,0.21898500497274961
rotoreff30,Geo+D2-HistAE-CeNN,3661,0.07077590970571594,0.12976185088941877,1.0,1.399795393126261,0.16546521231107056
rotoreff30,Geo+D2-HistAE-CeNN,3662,0.06314285951137656,0.08335269667723959,1.0,1.5066530779985323,0.21495513728787374
rotoreff30,Geo+D2-HistAE-CeNN,3663,0.048086655558507455,0.06724685174149586,1.0,1.171527529948759,0.18875874312937427
rotoreff30,Geo+D2-HistAE-CeNN,3664,0.03784265371551363,0.05864583335346913,1.0,1.159136358889502,0.17591442700036122
rotoreff30,Geo+D2-HistAE-CeNN,3665,0.09377902341845114,0.1358409683032113,1.0,2.0474709998489193,0.22258140469795776
rotoreff30,Geo+D2-HistAE-CeNN,3666,0.07499274370073221,0.10356759040017242,1.0,1.714203135706771,0.22559909445835763
rotoreff30,Geo+D2-HistAE-CeNN,3667,0.04641724485432229,0.06390943091732658,1.0,1.3277944118665506,0.19928674011412903
rotoreff30,Geo+D2-HistAE-CeNN,3668,0.06155913576095771,0.09452087063037999,1.0,1.6502768771404994,0.19834701432481067
rotoreff30,Geo+D2-HistAE-CeNN,3669,0.06371515688339525,0.11894044185009686,1.0,1.6224064442374801,0.1975017464298652
rotoreff30,Geo+D2-HistAE-CeNN,3670,0.04060421174983771,0.06414409637189554,1.0,1.427103574944605,0.19838171938701335
rotoreff30,Geo+D2-HistAE-CeNN,3671,0.052167269387988525,0.06660798868779567,1.0,1.2518114824155433,0.18205534038077875
rotoreff30,Geo+D2-HistAE-CeNN,3672,0.1104081390573237,0.1634044243035069,1.0,2.4891775238054437,0.26767327969708393
rotoreff30,Geo+D2-HistAE-CeNN,3673,0.0591056983838076,0.0740644035112376,1.0,1.386838001822326,0.18243200112878116
rotoreff30,Geo+D2-HistAE-CeNN,3674,0.04984281821304283,0.06678749800098735,1.0,1.3899162002235186,0.18946766890679703
rotoreff30,Geo+D2-HistAE-CeNN,3675,0.05141490111598966,0.08946132388519418,1.0,1.1712342746164877,0.17335880013800997
rotoreff30,Geo+D2-HistAE-CeNN,3676,0.11955110538316177,0.1891705841136829,1.0,2.4882128636006042,0.2539647656265471
rotoreff30,Geo+D2-HistAE-CeNN,3677,0.05203240870405704,0.06950844598420419,1.0,1.456243815201579,0.21242625462659764
rotoreff30,Geo+D2-HistAE-CeNN,3678,0.06905381630518036,0.10339496406006636,1.0,1.7187303426262117,0.19694395906815346
rotoreff30,Geo+D2-HistAE-CeNN,3679,0.051843839028367145,0.08858561150610393,1.0,1.4142883974119314,0.19431089034315913
rotoreff30,Geo+D2-HistAE-CeNN,3680,0.11541837836698116,0.16195255750060494,1.0,2.4129222613156007,0.2694135531878436
rotoreff30,Geo+D2-HistAE-CeNN,3681,0.07028399011920117,0.09189409706630251,1.0,1.6593224170861691,0.18987216639466983
rotoreff30,Geo+D2-HistAE-CeNN,3682,0.12649916468060965,0.1784249071340774,1.0,2.643312476780225,0.22955636143669383
rotoreff30,Geo+D2-HistAE-CeNN,3683,0.07332103236193577,0.13129498700263798,1.0,1.7863145049387188,0.2091450985875063
rotoreff30,Geo+D2-HistAE-CeNN,3684,0.09649067153077794,0.1356502514973988,1.0,1.979082079755398,0.2509683294888751
rotoreff30,Geo+D2-HistAE-CeNN,3685,0.10152974330939697,0.144744728496661,1.0,2.1616345497630283,0.20565681661565108
rotoreff30,Geo+D2-HistAE-CeNN,3686,0.055493649135215775,0.08596408503288332,1.0,1.2706103381899747,0.16751191261440668
rotoreff30,Geo+D2-HistAE-CeNN,3687,0.122728198512732,0.17473300802631653,1.0,2.545443157581924,0.2511013176006841
rotoreff30,Geo+D2-HistAE-CeNN,3688,0.038652307998940885,0.05684440593482768,1.0,1.1891823458333666,0.1788136449333565
rotoreff30,Geo+D2-HistAE-CeNN,3689,0.01946056610343003,0.026535396975432335,1.0,1.0140206817308466,0.1902509510531531
rotoreff30,Geo+D2-HistAE-CeNN,3690,0.06525512469182797,0.10203570628996475,1.0,1.4655467383270748,0.20205429106368789
rotoreff30,Geo+D2-HistAE-CeNN,3691,0.11141772772165795,0.15767413940531846,1.0,2.3102071108469038,0.27120715072619705
rotoreff30,Geo+D2-HistAE-CeNN,3692,0.061675991233377345,0.09242203705875032,1.0,1.5017572844091127,0.17433822906513652
rotoreff30,Geo+D2-HistAE-CeNN,3693,0.07842013962454338,0.1136581624342085,1.0,1.8087908509237818,0.2284751979106516
rotoreff30,Geo+D2-HistAE-CeNN,3694,0.06855632533611784,0.10524871292198275,1.0,1.6649653962997704,0.17788530453575896
rotoreff30,Geo+D2-HistAE-CeNN,3695,0.10491360236102809,0.15154052953588468,1.0,2.295656620560003,0.2413574794270244
rotoreff30,Geo+D2-HistAE-CeNN,3696,0.06626874776211485,0.11532380293572865,1.0,1.4432573240572089,0.18334098990477002
rotoreff30,Geo+D2-HistAE-CeNN,3697,0.07526654303723132,0.1068704556883487,1.0,1.5008324340999848,0.20523133137270802
rotoreff30,Geo+D2-HistAE-CeNN,3698,0.06041796575354042,0.08579146709204467,1.0,1.5427594095272201,0.20937257081668778
rotoreff30,Geo+D2-HistAE-CeNN,3699,0.057835136040027095,0.10105191496207018,1.0,1.4589309083111544,0.19119694165428913
rotoreff30,Geo+D3-3HistAE-CeNN,3600,0.10320727031845926,0.1443629281725202,1.0,1.8708066291218421,0.13955022400915437
rotoreff30,Geo+D3-3HistAE-CeNN,3601,0.036521325873584747,0.04623330331677629,1.0,0.9796970183972221,0.15937044191566385
rotoreff30,Geo+D3-3HistAE-CeNN,3602,0.08250490319018196,0.11246440270989712,1.0,1.5468328853620963,0.13869274741370982
rotoreff30,Geo+D3-3HistAE-CeNN,3603,0.12219901608595006,0.16974443236577336,1.0,2.033749474719293,0.13270454128709636
rotoreff30,Geo+D3-3HistAE-CeNN,3604,0.1130308556048847,0.1649636923226217,1.0,2.0638068126579134,0.14740955693148589
rotoreff30,Geo+D3-3HistAE-CeNN,3605,0.10534128112737809,0.14588153181188104,1.0,1.8750336950246924,0.13045190625512407
rotoreff30,Geo+D3-3HistAE-CeNN,3606,0.05688621904019001,0.09042560326484292,1.0,1.0220065204914852,0.18044363481405712
rotoreff30,Geo+D3-3HistAE-CeNN,3607,0.07253524877083099,0.11963671277601763,1.0,1.1909290271924502,0.18805662470201054
rotoreff30,Geo+D3-3HistAE-CeNN,3608,0.09704282144905442,0.14263777777792866,1.0,1.709910286642686,0.15415889391003662
rotoreff30,Geo+D3-3HistAE-CeNN,3609,0.11146449834506574,0.19399618124327403,1.0,1.8057103609245213,0.1842714491811102
rotoreff30,Geo+D3-3HistAE-CeNN,3610,0.08060811795227524,0.11175076569031712,1.0,1.4709520443647846,0.16919696327311168
rotoreff30,Geo+D3-3HistAE-CeNN,3611,0.08600239540991525,0.1418970358577897,1.0,1.560829322442288,0.16153164076765836
rotoreff30,Geo+D3-3HistAE-CeNN,3612,0.0560615123209536,0.07326149287101089,1.0,1.2160600854135166,0.1595383945127656
rotoreff30,Geo+D3-3HistAE-CeNN,3613,0.10150373859084262,0.14022355405600598,1.0,1.8227520914458373,0.1429338793416314
rotoreff30,Geo+D3-3HistAE-CeNN,3614,0.09561809145205978,0.1397057000869881,1.0,1.653859191388688,0.16106768977065675
rotoreff30,Geo+D3-3HistAE-CeNN,3615,0.05288217596684866,0.0638787638589055,1.0,1.0395031943733757,0.17920539836086774
rotoreff30,Geo+D3-3HistAE-CeNN,3616,0.05104552076769543,0.06766589123358008,1.0,1.1343001132942714,0.16894008713699984
rotoreff30,Geo+D3-3HistAE-CeNN,3617,0.08237153324678129,0.11674891351709527,1.0,1.4370722023528968,0.17151741119063865
rotoreff30,Geo+D3-3HistAE-CeNN,3618,0.07901404163438472,0.10282370649919013,1.0,1.4753605496416518,0.15776659431128442
rotoreff30,Geo+D3-3HistAE-CeNN,3619,0.03658348590513217,0.042621779546815425,1.0,0.8687691575260846,0.17053886944831514
rotoreff30,Geo+D3-3HistAE-CeNN,3620,0.04636715237169311,0.062466315362076835,1.0,1.1440648283265407,0.1501114808029142
rotoreff30,Geo+D3-3HistAE-CeNN,3621,0.10639773776480746,0.16858674476270374,1.0,1.6720372479875718,0.16550427053729713
rotoreff30,Geo+D3-3HistAE-CeNN,3622,0.12388104016693267,0.17619084409109254,1.0,2.1185338623978294,0.13381528316783875
rotoreff30,Geo+D3-3HistAE-CeNN,3623,0.037565971535526106,0.04409540768418924,1.0,0.9472532179540643,0.16439430313210526
rotoreff30,Geo+D3-3HistAE-CeNN,3624,0.053761713482586584,0.07178906180467387,1.0,1.1739794092937301,0.14693265917666518
rotoreff30,Geo+D3-3HistAE-CeNN,3625,0.06487313797142032,0.09539330267958339,1.0,1.064800757892098,0.17834988373684765
rotoreff30,Geo+D3-3HistAE-CeNN,3626,0.10144753317091827,0.1821845912303372,1.0,1.5839254311303286,0.18175149582606018
rotoreff30,Geo+D3-3HistAE-CeNN,3627,0.07933534390863854,0.10741805227886772,1.0,1.544921526394516,0.13774874427182335
rotoreff30,Geo+D3-3HistAE-CeNN,3628,0.09896752465423794,0.14020116140290312,1.0,1.8060792984162763,0.1440695740637348
rotoreff30,Geo+D3-3HistAE-CeNN,3629,0.094864080007164,0.13902965091962605,1.0,1.726491488973459,0.15550677941342664
rotoreff30,Geo+D3-3HistAE-CeNN,3630,0.07217005520982536,0.09473324189650392,1.0,1.4199745573712845,0.14728742113416587
rotoreff30,Geo+D3-3HistAE-CeNN,3631,0.08469723212569462,0.13913255913100672,1.0,1.3179491312871519,0.17417957529655947
rotoreff30,Geo+D3-3HistAE-CeNN,3632,0.03191528207129637,0.039769883644650464,1.0,0.9141523437664351,0.1586121008442082
rotoreff30,Geo+D3-3HistAE-CeNN,3633,0.08960061360236939,0.13438582251381806,1.0,1.650857128526283,0.16359117871588394
rotoreff30,Geo+D3-3HistAE-CeNN,3634,0.10039270377079225,0.1329995539919051,1.0,1.6760143558156937,0.16862549821305498
rotoreff30,Geo+D3-3HistAE-CeNN,3635,0.09800239413026172,0.14038855912470746,1.0,1.8592933555213607,0.13628553150131065
rotoreff30,Geo+D3-3HistAE-CeNN,3636,0.05983838434649264,0.08040914984836083,1.0,1.321640215990593,0.1501415806225792
rotoreff30,Geo+D3-3HistAE-CeNN,3637,0.032686403175659594,0.04006387396798962,1.0,0.9049034934009555,0.15882917590233203
rotoreff30,Geo+D3-3HistAE-CeNN,3638,0.10063364232483293,0.1363886987397837,1.0,1.77428175634035,0.1318670680569688
rotoreff30,Geo+D3-3HistAE-CeNN,3639,0.09758408421824016,0.13148818400849782,1.0,1.7465251522163407,0.1388542929085749
rotoreff30,Geo+D3-3HistAE-CeNN,3640,0.11771376319315614,0.19430292744937058,1.0,2.0001991393832705,0.16301031319263967
rotoreff30,Geo+D3-3HistAE-CeNN,3641,0.08284735241344231,0.1446123766938606,1.0,1.547341498477343,0.17126288159279704
rotoreff30,Geo+D3-3HistAE-CeNN,3642,0.13680483895906026,0.1938464180096302,1.0,2.2374649008299055,0.124088901011266
rotoreff30,Geo+D3-3HistAE-CeNN,3643,0.0499129725066062,0.05698794338812088,1.0,1.0131179064125428,0.16119160422988502
rotoreff30,Geo+D3-3HistAE-CeNN,3644,0.07246910714943251,0.11342790344072753,1.0,1.2029681900321754,0.1763853552891893
rotoreff30,Geo+D3-3HistAE-CeNN,3645,0.07835264669915845,0.1139572068680506,1.0,1.4653111694205891,0.15890442442477168
rotoreff30,Geo+D3-3HistAE-CeNN,3646,0.13749792149525478,0.2203336365690027,1.0,2.3073346981802105,0.17347311631931953
rotoreff30,Geo+D3-3HistAE-CeNN,3647,0.07916337858339784,0.10378991370299129,1.0,1.4856033991190392,0.15325797982753778
rotoreff30,Geo+D3-3HistAE-CeNN,3648,0.05346045244885133,0.07618510624116814,1.0,1.105069146486433,0.16367084126041936
rotoreff30,Geo+D3-3HistAE-CeNN,3649,0.03707319903763617,0.041130550242233305,1.0,0.8915222584700807,0.15724166538007717
rotoreff30,Geo+D3-3HistAE-CeNN,3650,0.0739259492246256,0.09604644136952362,1.0,1.3302043650488573,0.16631975877284635
rotoreff30,Geo+D3-3HistAE-CeNN,3651,0.07783481017008716,0.10422125470463967,1.0,1.4803910182839308,0.13049843411150888
rotoreff30,Geo+D3-3HistAE-CeNN,3652,0.07720943584341086,0.10232000208707619,1.0,1.4096227301053303,0.15550405259413952
rotoreff30,Geo+D3-3HistAE-CeNN,3653,0.05316874120243351,0.06837650506865084,1.0,1.164866400689118,0.15622399609464693
rotoreff30,Geo+D3-3HistAE-CeNN,3654,0.06713459380844514,0.08976871319781585,1.0,1.2479589373152304,0.1542933469990674
rotoreff30,Geo+D3-3HistAE-CeNN,3655,0.07259825587727473,0.10464795590564754,1.0,1.4175751186363588,0.15129589153076156
rotoreff30,Geo+D3-3HistAE-CeNN,3656,0.0869872646716665,0.11745101694336302,1.0,1.6799428451045224,0.13463906985079008
rotoreff30,Geo+D3-3HistAE-CeNN,3657,0.06207516396687872,0.0828173724540078,1.0,1.3279482619866116,0.14444909294867264
rotoreff30,Geo+D3-3HistAE-CeNN,3658,0.061346179821795785,0.09629092571061826,1.0,1.0679130870001208,0.18283432503169636
rotoreff30,Geo+D3-3HistAE-CeNN,3659,0.04596064070481557,0.05756029116149247,1.0,0.9233158159900313,0.17035518046188805
rotoreff30,Geo+D3-3HistAE-CeNN,3660,0.08418937860786682,0.11184761118665978,1.0,1.5819275525259036,0.13644594646221342
rotoreff30,Geo+D3-3HistAE-CeNN,3661,0.09262491460481406,0.16179490835528668,1.0,1.437950319992828,0.17937754295654615
rotoreff30,Geo+D3-3HistAE-CeNN,3662,0.07860869900113786,0.09989870447334895,1.0,1.5323431550613622,0.1472211418427621
rotoreff30,Geo+D3-3HistAE-CeNN,3663,0.05855768407012128,0.07408178354109611,1.0,1.191725325390325,0.15590725604849404
rotoreff30,Geo+D3-3HistAE-CeNN,3664,0.05569013100375355,0.08014272256010427,1.0,1.165605184479753,0.15197658562319058
rotoreff30,Geo+D3-3HistAE-CeNN,3665,0.11815458347018977,0.1682000538238763,1.0,2.137804420718456,0.13396631762433828
rotoreff30,Geo+D3-3HistAE-CeNN,3666,0.10291826433809301,0.14443807013536725,1.0,1.7843243699987252,0.13402230279242272
rotoreff30,Geo+D3-3HistAE-CeNN,3667,0.0630021421745874,0.08308115126163045,1.0,1.3511936553697104,0.14107368716141497
rotoreff30,Geo+D3-3HistAE-CeNN,3668,0.08877520109875148,0.12377345048557098,1.0,1.7039553979390443,0.141476810594704
rotoreff30,Geo+D3-3HistAE-CeNN,3669,0.08990113636008625,0.14843352478261904,1.0,1.6541501952249678,0.15184893446991382
rotoreff30,Geo+D3-3HistAE-CeNN,3670,0.0763345794054948,0.10420380577605944,1.0,1.482694433122297,0.14292819572864957
rotoreff30,Geo+D3-3HistAE-CeNN,3671,0.067083767348953,0.08382411582306938,1.0,1.2787074893358996,0.14908173840319067
rotoreff30,Geo+D3-3HistAE-CeNN,3672,0.14350526809793382,0.21077761130527342,1.0,2.588599731652864,0.13776915547057575
rotoreff30,Geo+D3-3HistAE-CeNN,3673,0.07994086700558427,0.10336717771330146,1.0,1.4017788023949789,0.16368265189760628
rotoreff30,Geo+D3-3HistAE-CeNN,3674,0.07152567478165668,0.09389124145873146,1.0,1.4138849909562634,0.1422674309359073
rotoreff30,Geo+D3-3HistAE-CeNN,3675,0.07745158331518495,0.12766669890729063,1.0,1.2101743211843516,0.1797766768805343
rotoreff30,Geo+D3-3HistAE-CeNN,3676,0.15742004637510698,0.24143587120168927,1.0,2.6085229830968193,0.16963808097280814
rotoreff30,Geo+D3-3HistAE-CeNN,3677,0.07616398266049207,0.10090491006446371,1.0,1.4934414631529511,0.14127051088368298
rotoreff30,Geo+D3-3HistAE-CeNN,3678,0.09555536743378304,0.13475152389014963,1.0,1.7901891959029588,0.14425815927753
rotoreff30,Geo+D3-3HistAE-CeNN,3679,0.07354091240652118,0.11073998915456137,1.0,1.436097854888225,0.15160575774772947
rotoreff30,Geo+D3-3HistAE-CeNN,3680,0.14939605351348634,0.21064955219286743,1.0,2.4983280050962975,0.1301057787434923
rotoreff30,Geo+D3-3HistAE-CeNN,3681,0.09853893519495358,0.12745842304125207,1.0,1.7145231236731184,0.15040237640533424
rotoreff30,Geo+D3-3HistAE-CeNN,3682,0.15247095962468105,0.21312836416800934,1.0,2.7297279754847517,0.12554651973100864
rotoreff30,Geo+D3-3HistAE-CeNN,3683,0.10227139570263125,0.17254978329286746,1.0,1.8344788537546999,0.159873155943263
rotoreff30,Geo+D3-3HistAE-CeNN,3684,0.12193789650681859,0.1732746712300166,1.0,2.0310130681566982,0.13028845724112323
rotoreff30,Geo+D3-3HistAE-CeNN,3685,0.12174487473204376,0.1670990330298526,1.0,2.2487972686442004,0.13232972905456977
rotoreff30,Geo+D3-3HistAE-CeNN,3686,0.07764991469871364,0.11349272909963565,1.0,1.311876991605881,0.17326324689601832
rotoreff30,Geo+D3-3HistAE-CeNN,3687,0.15460394982073183,0.22037731203370126,1.0,2.591591619822807,0.1380950545965869
rotoreff30,Geo+D3-3HistAE-CeNN,3688,0.0620433668397938,0.09408614363279076,1.0,1.2285173555389006,0.16576493499895614
rotoreff30,Geo+D3-3HistAE-CeNN,3689,0.043068351166253495,0.05986601035536857,1.0,1.027257817453146,0.17335423954894683
rotoreff30,Geo+D3-3HistAE-CeNN,3690,0.09406757633254519,0.14092664297897337,1.0,1.4737431807747299,0.16491175452429024
rotoreff30,Geo+D3-3HistAE-CeNN,3691,0.143516957922644,0.2042288944531384,1.0,2.382740710468989,0.12393063947670435
rotoreff30,Geo+D3-3HistAE-CeNN,3692,0.07915780048017303,0.10887853548171257,1.0,1.542549463814527,0.1362867553473053
rotoreff30,Geo+D3-3HistAE-CeNN,3693,0.10271711955306775,0.14566101653627414,1.0,1.858801092067616,0.1327556171780493
rotoreff30,Geo+D3-3HistAE-CeNN,3694,0.09772038722341844,0.13670132768058604,1.0,1.7330033702446073,0.1536394631712386
rotoreff30,Geo+D3-3HistAE-CeNN,3695,0.13203536570356061,0.19072023856337691,1.0,2.3640811368093835,0.1395523928507234
rotoreff30,Geo+D3-3HistAE-CeNN,3696,0.09423888242920529,0.14987562203702523,1.0,1.4945014488844859,0.16946473264761408
rotoreff30,Geo+D3-3HistAE-CeNN,3697,0.08455106967092181,0.11645843582954639,1.0,1.5413287468287036,0.1494687424450846
rotoreff30,Geo+D3-3HistAE-CeNN,3698,0.0862961166364138,0.1214824747996578,1.0,1.585806673349687,0.14416117783694815
rotoreff30,Geo+D3-3HistAE-CeNN,3699,0.08347825703584218,0.1345164407767848,1.0,1.527421237260808,0.15582677898214628
rotoreff30,Geo+D3-10HistAE-CeNN,3600,0.09909939164614688,0.13987334622306202,1.0,1.8537509772206926,0.12543625841700737
rotoreff30,Geo+D3-10HistAE-CeNN,3601,0.029471075780554926,0.03830260864309816,1.0,0.9660885512168097,0.12545134853917606
rotoreff30,Geo+D3-10HistAE-CeNN,3602,0.08280186137495456,0.11533233035240462,1.0,1.5291747987276112,0.1254280945222682
rotoreff30,Geo+D3-10HistAE-CeNN,3603,0.12145132133973259,0.17040058322201745,1.0,2.0200175988912963,0.12530283496293926
rotoreff30,Geo+D3-10HistAE-CeNN,3604,0.1132672764402501,0.1726863720807077,1.0,2.0656919294499523,0.12541296405878266
rotoreff30,Geo+D3-10HistAE-CeNN,3605,0.10146186747540129,0.14222962040423165,1.0,1.8514216993714456,0.1253741656371691
rotoreff30,Geo+D3-10HistAE-CeNN,3606,0.04737800547021027,0.0778134501523998,1.0,1.013712725275442,0.12541320234539474
rotoreff30,Geo+D3-10HistAE-CeNN,3607,0.06205158387496564,0.1047221682356477,1.0,1.175462041215763,0.12541164409169311
rotoreff30,Geo+D3-10HistAE-CeNN,3608,0.0905539400892344,0.13646183065996814,1.0,1.701206871910742,0.12535292318047525
rotoreff30,Geo+D3-10HistAE-CeNN,3609,0.10253768670884525,0.1806944082941025,1.0,1.7896907965641158,0.12542747624788053
rotoreff30,Geo+D3-10HistAE-CeNN,3610,0.07360848113611623,0.10169246008336365,1.0,1.4559128533410786,0.12533001317934792
rotoreff30,Geo+D3-10HistAE-CeNN,3611,0.07964733039365,0.1339057005145021,1.0,1.5380359791872646,0.12545118592061263
rotoreff30,Geo+D3-10HistAE-CeNN,3612,0.05113995507292278,0.0660365340577174,1.0,1.2058125709483143,0.12539931722611342
rotoreff30,Geo+D3-10HistAE-CeNN,3613,0.09680194541082981,0.13526728734653626,1.0,1.7940836299113665,0.12536079480085296
rotoreff30,Geo+D3-10HistAE-CeNN,3614,0.09205408841824068,0.1374934078622493,1.0,1.6391991726328319,0.12545747193835793
rotoreff30,Geo+D3-10HistAE-CeNN,3615,0.040409703077502135,0.04701667922220019,1.0,1.0190562189129182,0.12545089061414885
rotoreff30,Geo+D3-10HistAE-CeNN,3616,0.04425346969261762,0.058338005276655634,1.0,1.1245813433224279,0.1253515110178254
rotoreff30,Geo+D3-10HistAE-CeNN,3617,0.07407979809188939,0.1054801169522921,1.0,1.433697088411464,0.12538735509103266
rotoreff30,Geo+D3-10HistAE-CeNN,3618,0.07269023607888649,0.0951599616478094,1.0,1.4632716939262183,0.1254016257917401
rotoreff30,Geo+D3-10HistAE-CeNN,3619,0.030122616046371474,0.0344695422939117,1.0,0.8585727162859728,0.12539786432301508
rotoreff30,Geo+D3-10HistAE-CeNN,3620,0.04268805058460922,0.05796891264833275,1.0,1.130752310055249,0.12541075286066114
rotoreff30,Geo+D3-10HistAE-CeNN,3621,0.09878884559867909,0.1571536999536583,1.0,1.6537288614634706,0.12535808228447895
rotoreff30,Geo+D3-10HistAE-CeNN,3622,0.12253436711611183,0.17577046825391637,1.0,2.1031468023844706,0.1253448218734275
rotoreff30,Geo+D3-10HistAE-CeNN,3623,0.03100912051737108,0.03585181889966335,1.0,0.938378197308478,0.12540097942847125
rotoreff30,Geo+D3-10HistAE-CeNN,3624,0.05134632078394051,0.0699701417663189,1.0,1.1574560183329863,0.12542214678438898
rotoreff30,Geo+D3-10HistAE-CeNN,3625,0.06081447108217652,0.0916095761076887,1.0,1.0523046590074954,0.12534508621333038
rotoreff30,Geo+D3-10HistAE-CeNN,3626,0.09405737230955977,0.1702559618630527,1.0,1.5742314323507067,0.1254696415719708
rotoreff30,Geo+D3-10HistAE-CeNN,3627,0.07679703213758131,0.10529531460883232,1.0,1.512311406880123,0.12540716265346638
rotoreff30,Geo+D3-10HistAE-CeNN,3628,0.09339414015151647,0.1338310454097009,1.0,1.7838197994693048,0.12538042851180004
rotoreff30,Geo+D3-10HistAE-CeNN,3629,0.09039333040731094,0.13539053140643675,1.0,1.7165250369497913,0.12536066739550245
rotoreff30,Geo+D3-10HistAE-CeNN,3630,0.06575302355487032,0.08731792670728095,1.0,1.4023661903353064,0.1254069241594114
rotoreff30,Geo+D3-10HistAE-CeNN,3631,0.07871815428566065,0.13060636745455548,1.0,1.3138648088003928,0.12543093481408807
rotoreff30,Geo+D3-10HistAE-CeNN,3632,0.02821465218020663,0.03542642887407339,1.0,0.9060044814877222,0.1255011302521262
rotoreff30,Geo+D3-10HistAE-CeNN,3633,0.08256861684497792,0.12687573826463722,1.0,1.635885060380343,0.12535991969969587
rotoreff30,Geo+D3-10HistAE-CeNN,3634,0.0928923413295537,0.1241206185619288,1.0,1.675998441476679,0.12548243230989933
rotoreff30,Geo+D3-10HistAE-CeNN,3635,0.09501263408309962,0.13816535220317303,1.0,1.8209657082505992,0.12533492511525757
rotoreff30,Geo+D3-10HistAE-CeNN,3636,0.058920610523753685,0.08131279189326035,1.0,1.3162322694374435,0.12540732739338972
rotoreff30,Geo+D3-10HistAE-CeNN,3637,0.02509761185067541,0.02988462323815511,1.0,0.8892414643477106,0.1254271264791092
rotoreff30,Geo+D3-10HistAE-CeNN,3638,0.09978843368420412,0.13845544089492484,1.0,1.7522887938613247,0.12539977602456615
rotoreff30,Geo+D3-10HistAE-CeNN,3639,0.09493157891833622,0.12880894932377498,1.0,1.730811829108919,0.12534593093674498
rotoreff30,Geo+D3-10HistAE-CeNN,3640,0.11398189939183234,0.19318335755360339,1.0,1.9785909588429202,0.12536338748429685
rotoreff30,Geo+D3-10HistAE-CeNN,3641,0.07408867707497171,0.13336864292904174,1.0,1.5316666972413546,0.1254679788929148
rotoreff30,Geo+D3-10HistAE-CeNN,3642,0.13505315762887307,0.1932582597592759,1.0,2.2055948613241965,0.12540534226294475
rotoreff30,Geo+D3-10HistAE-CeNN,3643,0.04464386062425091,0.05168978999936694,1.0,1.0027967298248253,0.12549103397555447
rotoreff30,Geo+D3-10HistAE-CeNN,3644,0.06393736263110468,0.10126622097876331,1.0,1.1875132025872572,0.12535066947329088
rotoreff30,Geo+D3-10HistAE-CeNN,3645,0.0757050311498273,0.11207282246084108,1.0,1.4484439439032768,0.1253759552182133
rotoreff30,Geo+D3-10HistAE-CeNN,3646,0.13032474373598904,0.20922518807608376,1.0,2.3061162074266326,0.125427038874443
rotoreff30,Geo+D3-10HistAE-CeNN,3647,0.07346601821236176,0.0989726999713328,1.0,1.4671097968369966,0.1254413010321085
rotoreff30,Geo+D3-10HistAE-CeNN,3648,0.04781940590104773,0.06687038640377073,1.0,1.0984224120194093,0.12536413667989965
rotoreff30,Geo+D3-10HistAE-CeNN,3649,0.02870309608652714,0.031724087309811244,1.0,0.8806264307513711,0.12549019183008756
rotoreff30,Geo+D3-10HistAE-CeNN,3650,0.06511442032298578,0.08502240475912604,1.0,1.3164878635868653,0.1254004939034116
rotoreff30,Geo+D3-10HistAE-CeNN,3651,0.07289766089544336,0.09800009942737217,1.0,1.4487674572751659,0.1253758388851104
rotoreff30,Geo+D3-10HistAE-CeNN,3652,0.07161453177902091,0.09649817691593987,1.0,1.388316113483208,0.1254023584396047
rotoreff30,Geo+D3-10HistAE-CeNN,3653,0.04545762319508485,0.059058199211954335,1.0,1.1439789264886981,0.12549707366929078
rotoreff30,Geo+D3-10HistAE-CeNN,3654,0.06481173227625257,0.08820284056276557,1.0,1.2333821940215262,0.12543418161130837
rotoreff30,Geo+D3-10HistAE-CeNN,3655,0.06761096487904393,0.1016268186417709,1.0,1.4068215960886123,0.12545874057145054
rotoreff30,Geo+D3-10HistAE-CeNN,3656,0.08412238099252521,0.11629923341481513,1.0,1.6530793116879383,0.12541207160326004
rotoreff30,Geo+D3-10HistAE-CeNN,3657,0.06006033840699666,0.08195117740379357,1.0,1.3122299789363556,0.12536309798675968
rotoreff30,Geo+D3-10HistAE-CeNN,3658,0.050991111936753736,0.08003279288554109,1.0,1.057578526273534,0.12529601125219672
rotoreff30,Geo+D3-10HistAE-CeNN,3659,0.037619565156588396,0.04649269200920207,1.0,0.9133551464902646,0.1254018682572164
rotoreff30,Geo+D3-10HistAE-CeNN,3660,0.08025953311838444,0.10822956929755823,1.0,1.5771143317337173,0.12548993471090344
rotoreff30,Geo+D3-10HistAE-CeNN,3661,0.0914139956027153,0.15672599949832475,1.0,1.4503408685483896,0.1253561687400288
rotoreff30,Geo+D3-10HistAE-CeNN,3662,0.07678176036841264,0.0994525214734686,1.0,1.5286759987528624,0.12541233190289042
rotoreff30,Geo+D3-10HistAE-CeNN,3663,0.05057826710592804,0.06448291939704505,1.0,1.1825132896235033,0.1254431662930497
rotoreff30,Geo+D3-10HistAE-CeNN,3664,0.05680197436641157,0.0780930035862525,1.0,1.1693272685415268,0.1253922295167438
rotoreff30,Geo+D3-10HistAE-CeNN,3665,0.11616069277244363,0.16906930848786864,1.0,2.0901100987092716,0.12542111333972691
rotoreff30,Geo+D3-10HistAE-CeNN,3666,0.09891170146155273,0.13967287208823645,1.0,1.7573218842122182,0.1253875968779649
rotoreff30,Geo+D3-10HistAE-CeNN,3667,0.06285949004976846,0.08508968304278332,1.0,1.3324043785176993,0.1254092197640069
rotoreff30,Geo+D3-10HistAE-CeNN,3668,0.08768368745050646,0.1263326508508747,1.0,1.6827144693321614,0.1253754554831931
rotoreff30,Geo+D3-10HistAE-CeNN,3669,0.08615306695611673,0.14244105685645142,1.0,1.6479391790820228,0.12539303660929077
rotoreff30,Geo+D3-10HistAE-CeNN,3670,0.07441709495260991,0.10422300127531216,1.0,1.4658285689700001,0.12534800431065454
rotoreff30,Geo+D3-10HistAE-CeNN,3671,0.06074343663497969,0.07614264632799381,1.0,1.2652755959513289,0.12539839835741176
rotoreff30,Geo+D3-10HistAE-CeNN,3672,0.14352990295797266,0.2132707898926034,1.0,2.5567204106730212,0.12530470456861248
rotoreff30,Geo+D3-10HistAE-CeNN,3673,0.072826005802107,0.09398436508384195,1.0,1.3859812942382086,0.12525748262681038
rotoreff30,Geo+D3-10HistAE-CeNN,3674,0.06868612507386378,0.09166700428237853,1.0,1.3860384938354837,0.12542531888698774
rotoreff30,Geo+D3-10HistAE-CeNN,3675,0.06980802785760934,0.11709232908517911,1.0,1.1993512872430556,0.1254185084563893
rotoreff30,Geo+D3-10HistAE-CeNN,3676,0.15082900193162513,0.23485596059613303,1.0,2.5905721766031764,0.12539078870869685
rotoreff30,Geo+D3-10HistAE-CeNN,3677,0.0724740268257846,0.09708280222102654,1.0,1.4765313678815852,0.12547109401420864
rotoreff30,Geo+D3-10HistAE-CeNN,3678,0.09292472939933573,0.1343073004977398,1.0,1.7886258508767796,0.1254376473813432
rotoreff30,Geo+D3-10HistAE-CeNN,3679,0.06841833085443731,0.10406307897802194,1.0,1.4225470672004723,0.12548106428044753
rotoreff30,Geo+D3-10HistAE-CeNN,3680,0.1447497740924814,0.20713622037349086,1.0,2.4426250514664463,0.12541008958213637
rotoreff30,Geo+D3-10HistAE-CeNN,3681,0.09378254246758799,0.12246134525462822,1.0,1.6918564631198703,0.12535927314518577
rotoreff30,Geo+D3-10HistAE-CeNN,3682,0.15323338400695635,0.21668120575555455,1.0,2.71077157875225,0.1252855588602097
rotoreff30,Geo+D3-10HistAE-CeNN,3683,0.09835770410919652,0.16747338301837092,1.0,1.836372289079232,0.1254618636388664
rotoreff30,Geo+D3-10HistAE-CeNN,3684,0.11794641358938016,0.16863954214785942,1.0,1.9884558977260567,0.1253482971950713
rotoreff30,Geo+D3-10HistAE-CeNN,3685,0.12228003145785843,0.1719400998932481,1.0,2.2354618318156105,0.12540224422927776
rotoreff30,Geo+D3-10HistAE-CeNN,3686,0.06621736571385606,0.09767838257615219,1.0,1.2950842371776157,0.12546626229020894
rotoreff30,Geo+D3-10HistAE-CeNN,3687,0.15279171945088357,0.21860403418526672,1.0,2.582637816632939,0.12527496020801682
rotoreff30,Geo+D3-10HistAE-CeNN,3688,0.05372468318141166,0.08219031377288352,1.0,1.2186427036530345,0.12541962363600054
rotoreff30,Geo+D3-10HistAE-CeNN,3689,0.03526010462788378,0.04754758922137456,1.0,1.0178125626454189,0.12537459790695063
rotoreff30,Geo+D3-10HistAE-CeNN,3690,0.0900121912684393,0.13171600906297753,1.0,1.4788119245295324,0.1253490939854395
rotoreff30,Geo+D3-10HistAE-CeNN,3691,0.13992699791480723,0.2010658848159615,1.0,2.352908709022512,0.1254318729121859
rotoreff30,Geo+D3-10HistAE-CeNN,3692,0.07634048055506064,0.10797933630967745,1.0,1.5198166413439431,0.1253833448102765
rotoreff30,Geo+D3-10HistAE-CeNN,3693,0.09847601329577342,0.14152499849537115,1.0,1.8209802244709345,0.12538029795072822
rotoreff30,Geo+D3-10HistAE-CeNN,3694,0.09412001233479703,0.13655377653984452,1.0,1.721610213847856,0.12540449627329833
rotoreff30,Geo+D3-10HistAE-CeNN,3695,0.13265030638265746,0.19395507873069076,1.0,2.3614974347319113,0.12532413800759767
rotoreff30,Geo+D3-10HistAE-CeNN,3696,0.0922725390389426,0.14812949404813544,1.0,1.4967346386322156,0.12539850946725523
rotoreff30,Geo+D3-10HistAE-CeNN,3697,0.0748336917026976,0.10317497146264017,1.0,1.511337775701209,0.12539908754337464
rotoreff30,Geo+D3-10HistAE-CeNN,3698,0.08184741392944445,0.11560620745188024,1.0,1.5792548983108274,0.12536564143422077
rotoreff30,Geo+D3-10HistAE-CeNN,3699,0.07607473327174431,0.1279571653196466,1.0,1.4994616077775196,0.12537545770990205
compound,LQR-outer,3600,0.09438450717343587,0.15773311730077658,1.0,0.7863407853423375,0.0
compound,LQR-outer,3601,0.09836123594981343,0.12830850338198524,1.0,2.205937158566023,0.0
compound,LQR-outer,3602,0.13915847106084678,0.19782894962057812,1.0,3.4077707923113145,0.0
compound,LQR-outer,3603,0.12356203978169558,0.21757760419689198,1.0,2.85455106831205,0.0
compound,LQR-outer,3604,0.07566243890947454,0.15214376855187636,1.0,0.5426022254659536,0.0
compound,LQR-outer,3605,0.0765777886654323,0.10694127299130828,1.0,1.8215281202632494,0.0
compound,LQR-outer,3606,0.12367843870960175,0.15564054632434618,1.0,2.9357267185110967,0.0
compound,LQR-outer,3607,0.0887813807365427,0.1695683549982951,1.0,1.422199441761064,0.0
compound,LQR-outer,3608,0.10363079046273911,0.177386136745994,1.0,1.4347386965852862,0.0
compound,LQR-outer,3609,0.062292877430076214,0.09974887941200147,1.0,1.145869834326144,0.0
compound,LQR-outer,3610,0.12241471433448292,0.19598733326394122,1.0,2.344859528531416,0.0
compound,LQR-outer,3611,0.08085121854503702,0.11168869934426298,1.0,1.0503170063003051,0.0
compound,LQR-outer,3612,0.10375499177021184,0.12646046744577227,1.0,2.3693900604902702,0.0
compound,LQR-outer,3613,0.1154672708521833,0.15465826640693547,1.0,2.3198272302010663,0.0
compound,LQR-outer,3614,0.14437573644824597,0.2232131715987485,1.0,3.3571606572607005,0.0
compound,LQR-outer,3615,0.13131786455646036,0.20227425481533848,1.0,2.9354091681191075,0.0
compound,LQR-outer,3616,0.09653518450988685,0.1539851381514895,1.0,1.7546448985006071,0.0
compound,LQR-outer,3617,0.10202122020225853,0.17025199536312777,1.0,1.836332815974062,0.0
compound,LQR-outer,3618,0.09298910734225477,0.13395824834730108,1.0,2.1012088714020427,0.0
compound,LQR-outer,3619,0.11008992448795489,0.20475587282418736,1.0,1.0055231220056204,0.0
compound,LQR-outer,3620,0.1366705262513543,0.1985287650776117,1.0,3.339312246985444,0.0
compound,LQR-outer,3621,0.14690306890927604,0.2043167628641832,1.0,3.025858453911412,0.0
compound,LQR-outer,3622,0.09689489530394814,0.13012723568975443,1.0,1.3935288562057828,0.0
compound,LQR-outer,3623,0.10868030279066984,0.1773004736840141,1.0,1.8617800606902493,0.0
compound,LQR-outer,3624,0.059215158068931614,0.12972306608451886,1.0,0.5930951284105609,0.0
compound,LQR-outer,3625,0.13829303624227732,0.16954932056924527,1.0,3.2117201199387893,0.0
compound,LQR-outer,3626,0.08814711238438494,0.15351245414465278,1.0,2.045001901850854,0.0
compound,LQR-outer,3627,0.14441157335841526,0.17561894097710265,1.0,3.0984184374314028,0.0
compound,LQR-outer,3628,0.03878567341655352,0.0681109708068535,1.0,0.7856007528237587,0.0
compound,LQR-outer,3629,0.10282255604962144,0.14784345634054424,1.0,2.075768070870096,0.0
compound,LQR-outer,3630,0.09357687669767385,0.1337134461117432,1.0,1.6929305110922392,0.0
compound,LQR-outer,3631,0.08087323583847292,0.11172500160484691,1.0,2.001411744182232,0.0
compound,LQR-outer,3632,0.12632794011890733,0.21255066408992757,1.0,3.0421959599030215,0.0
compound,LQR-outer,3633,0.1511852220890309,0.2284791529944716,1.0,3.389957672150061,0.0
compound,LQR-outer,3634,0.11554241790664985,0.1503111871013567,1.0,2.851900057318455,0.0
compound,LQR-outer,3635,0.10044921752392867,0.13622775166713766,1.0,2.3681530747923336,0.0
compound,LQR-outer,3636,0.08191433491670026,0.11647815312791038,1.0,1.995635459654033,0.0
compound,LQR-outer,3637,0.05667242967584713,0.0999106422090536,1.0,0.5950884169026847,0.0
compound,LQR-outer,3638,0.08254893203989278,0.11658332072992697,1.0,1.5711003634782368,0.0
compound,LQR-outer,3639,0.09904283061078228,0.14643266023463872,1.0,1.8980525641218902,0.0
compound,LQR-outer,3640,0.08822931540496289,0.14132844302515293,1.0,0.8493533839097217,0.0
compound,LQR-outer,3641,0.1545537341886751,0.23108429709655995,1.0,3.6080410690720854,0.0
compound,LQR-outer,3642,0.0884745779204632,0.15594372859123312,1.0,2.0773714174178894,0.0
compound,LQR-outer,3643,0.06642168916665545,0.11139377439576026,1.0,0.5759739071527689,0.0
compound,LQR-outer,3644,0.0887363129762595,0.18148666178327671,1.0,0.971865076802324,0.0
compound,LQR-outer,3645,0.12349229041871924,0.17987158741906698,1.0,2.8760926520713244,0.0
compound,LQR-outer,3646,0.08144937372617114,0.10973594790261644,1.0,1.7114574137371554,0.0
compound,LQR-outer,3647,0.09756702390841837,0.14460462226446708,1.0,1.1327205279899717,0.0
compound,LQR-outer,3648,0.11236367200316956,0.16660926813633473,1.0,2.4075052856685515,0.0
compound,LQR-outer,3649,0.06995804407268691,0.11142300058674952,1.0,1.470788343124952,0.0
compound,LQR-outer,3650,0.06564818923896781,0.09321154330508825,1.0,1.1958914501567752,0.0
compound,LQR-outer,3651,0.06523918948470576,0.08637855496780164,1.0,1.348610446951246,0.0
compound,LQR-outer,3652,0.11304719211160455,0.15421824161334255,1.0,2.321896229479007,0.0
compound,LQR-outer,3653,0.0954657310356895,0.14154226589230876,1.0,1.7852426112142303,0.0
compound,LQR-outer,3654,0.14566003800798605,0.23011945480012086,1.0,2.5954781469115127,0.0
compound,LQR-outer,3655,0.0869087040059097,0.13206402577642612,1.0,1.526871114954347,0.0
compound,LQR-outer,3656,0.0863591922950264,0.12209157092829677,1.0,1.9849382549108436,0.0
compound,LQR-outer,3657,0.08676941023628118,0.1526922942920166,1.0,1.3649635622208116,0.0
compound,LQR-outer,3658,0.10640786005989848,0.15158055846274057,1.0,2.0451721102273144,0.0
compound,LQR-outer,3659,0.12629006424804334,0.23610446625361353,1.0,2.734720596558069,0.0
compound,LQR-outer,3660,0.08744046678197291,0.11606811849360314,1.0,1.3877191838676082,0.0
compound,LQR-outer,3661,0.06783171715553167,0.09799140379688648,1.0,0.8161463518196649,0.0
compound,LQR-outer,3662,0.1446059706980621,0.20764155527491365,1.0,3.5250076569648296,0.0
compound,LQR-outer,3663,0.14161045651867,0.20523387533444776,1.0,3.3657311766389775,0.0
compound,LQR-outer,3664,0.12031791194607729,0.16631230938162336,1.0,2.5988023595625007,0.0
compound,LQR-outer,3665,0.1458659664289988,0.24001654258064972,1.0,3.7228668178638666,0.0
compound,LQR-outer,3666,0.09278199585494237,0.12260389314356719,1.0,2.248574702033254,0.0
compound,LQR-outer,3667,0.07479847772187216,0.1379415525889901,1.0,1.1635597340495192,0.0
compound,LQR-outer,3668,0.13808856151079194,0.19666347330372944,1.0,2.957288073542098,0.0
compound,LQR-outer,3669,0.09653752226735961,0.17298517771568253,1.0,1.5240863168970002,0.0
compound,LQR-outer,3670,0.13790096516291792,0.17352918147488497,1.0,3.2170874639459153,0.0
compound,LQR-outer,3671,0.15681147782007696,0.2588795559580595,1.0,3.498390480650229,0.0
compound,LQR-outer,3672,0.09425474128338367,0.1303503885539999,1.0,0.7155106680536064,0.0
compound,LQR-outer,3673,0.13632889137480947,0.1756442545435842,1.0,2.9538848363255674,0.0
compound,LQR-outer,3674,0.10621720970750315,0.17249701551896637,1.0,1.801592397974548,0.0
compound,LQR-outer,3675,0.10479154592161596,0.16973669167021538,1.0,1.1378410926754974,0.0
compound,LQR-outer,3676,0.0859200126726245,0.15044584352525123,1.0,0.8636557165947965,0.0
compound,LQR-outer,3677,0.08364103356912617,0.17349511766887774,1.0,0.7892087301331258,0.0
compound,LQR-outer,3678,0.11851110894342445,0.178552387467647,1.0,2.5044139585635845,0.0
compound,LQR-outer,3679,0.08514122642680107,0.11647973515418152,1.0,1.8744795848652316,0.0
compound,LQR-outer,3680,0.0638174226904212,0.13755763353532516,1.0,0.723792929239788,0.0
compound,LQR-outer,3681,0.08909627548770849,0.1159801090916645,1.0,1.9329999248164504,0.0
compound,LQR-outer,3682,0.072568357899831,0.12893227017989278,1.0,0.8900152417278014,0.0
compound,LQR-outer,3683,0.06576505786574692,0.11131104647064652,1.0,0.4247732070128328,0.0
compound,LQR-outer,3684,0.10459870402389974,0.14925466709889043,1.0,2.1621975329047562,0.0
compound,LQR-outer,3685,0.12867610856850933,0.23301506255842147,1.0,3.1573898994745604,0.0
compound,LQR-outer,3686,0.11387120438485827,0.14149064820322896,1.0,2.6548701697865016,0.0
compound,LQR-outer,3687,0.049816063418422034,0.07293265545980067,1.0,0.5816135664201053,0.0
compound,LQR-outer,3688,0.11859165933489701,0.18101088291387826,1.0,2.406498275881104,0.0
compound,LQR-outer,3689,0.10602008059383983,0.16696625286725977,1.0,0.6834096287882582,0.0
compound,LQR-outer,3690,0.12789449188306062,0.24405724057827224,1.0,2.756803225432948,0.0
compound,LQR-outer,3691,0.1001532678885568,0.13563075695927276,1.0,2.0185873032184425,0.0
compound,LQR-outer,3692,0.1269634244640483,0.21108465489066303,1.0,2.8752220754762665,0.0
compound,LQR-outer,3693,0.09361971614728706,0.12398320118556229,1.0,1.479831613764989,0.0
compound,LQR-outer,3694,0.07311985880202551,0.10453067198794838,1.0,1.3204500361564522,0.0
compound,LQR-outer,3695,0.0757572969482729,0.10156824302240643,1.0,1.50808468123732,0.0
compound,LQR-outer,3696,0.12485773332208934,0.18258068088127313,1.0,2.9844788358704832,0.0
compound,LQR-outer,3697,0.06203692062249562,0.09478183036844386,1.0,0.7962795510176573,0.0
compound,LQR-outer,3698,0.12065408749903736,0.19366767852207548,1.0,1.4415709731777662,0.0
compound,LQR-outer,3699,0.10627276614690763,0.14678924375342742,1.0,1.659365161639933,0.0
compound,Geo+AE-CeNN,3600,0.11415351307974705,0.18833706199749317,1.0,0.7667555520560523,0.037145529102607766
compound,Geo+AE-CeNN,3601,0.11783972457880372,0.15315994662529128,1.0,2.2287935918204758,0.035249424929574724
compound,Geo+AE-CeNN,3602,0.17205641021043083,0.25560214667845593,1.0,3.404570655812013,0.03465357351853651
compound,Geo+AE-CeNN,3603,0.15408073010883636,0.2733748240711652,1.0,2.822681724321879,0.046248717133704646
compound,Geo+AE-CeNN,3604,0.09213205543100006,0.18292548909457232,1.0,0.5380027335759171,0.04107539351917162
compound,Geo+AE-CeNN,3605,0.09898247179654317,0.13789402739316362,1.0,1.7951859374210408,0.040629419139759405
compound,Geo+AE-CeNN,3606,0.15312939158476577,0.19410795166258957,1.0,2.942480305633526,0.03524421648263654
compound,Geo+AE-CeNN,3607,0.09839021683624945,0.1883471575558993,1.0,1.387716537896367,0.030582502761073587
compound,Geo+AE-CeNN,3608,0.12608516708065495,0.21656812715693405,1.0,1.4525777674710212,0.04741811862944486
compound,Geo+AE-CeNN,3609,0.07939810260082882,0.13217807480739407,1.0,1.1508018827279833,0.044953198789154436
compound,Geo+AE-CeNN,3610,0.13714336175411926,0.22744038192402347,1.0,2.3311204568489376,0.030459036421121202
compound,Geo+AE-CeNN,3611,0.10229468743706618,0.14257201956452045,1.0,1.0758475892005048,0.047042202182215366
compound,Geo+AE-CeNN,3612,0.13018786740365984,0.16398778128316568,1.0,2.3884458350331226,0.03863775124784508
compound,Geo+AE-CeNN,3613,0.13847232610050697,0.19453400006537055,1.0,2.3134125214109225,0.0313529845248117
compound,Geo+AE-CeNN,3614,0.179631062371154,0.28301549223151123,1.0,3.350410900252855,0.038767601040156974
compound,Geo+AE-CeNN,3615,0.16428382378595086,0.25652304480665233,1.0,2.922702202827225,0.046747769983345865
compound,Geo+AE-CeNN,3616,0.11886404908377275,0.18422613006681943,1.0,1.744554251031357,0.034541436930567035
compound,Geo+AE-CeNN,3617,0.12537476077095497,0.20648162923486205,1.0,1.8486136205665586,0.04714833160533166
compound,Geo+AE-CeNN,3618,0.11723086850335047,0.17093423906190167,1.0,2.152253275474045,0.03667922666778001
compound,Geo+AE-CeNN,3619,0.13472530631880383,0.250346155589822,1.0,0.9913822839671915,0.04009388551594267
compound,Geo+AE-CeNN,3620,0.16560182236400028,0.24596445799371477,1.0,3.3302649263674806,0.03228744675261179
compound,Geo+AE-CeNN,3621,0.1852978750512247,0.26012948987043916,1.0,3.103053151273844,0.04258032298607578
compound,Geo+AE-CeNN,3622,0.12109006121395409,0.16628929046310248,1.0,1.3849933823534724,0.03903220757993663
compound,Geo+AE-CeNN,3623,0.1372431315832674,0.2261528715257175,1.0,1.828366545830813,0.04494723636761775
compound,Geo+AE-CeNN,3624,0.06838728920715838,0.154169079516108,1.0,0.580288630077671,0.040572087282954916
compound,Geo+AE-CeNN,3625,0.17099350123273077,0.2163001817585749,1.0,3.210964314449798,0.03427486970162333
compound,Geo+AE-CeNN,3626,0.10940027152825703,0.19301652607739728,1.0,1.974635722940156,0.04475780663833706
compound,Geo+AE-CeNN,3627,0.17557598209727507,0.21961785716090837,1.0,3.1455797629696893,0.03056614208689954
compound,Geo+AE-CeNN,3628,0.041425600832518034,0.07902231634217656,1.0,0.7617240076068605,0.036283523679166964
compound,Geo+AE-CeNN,3629,0.13177600331758932,0.1842893052361641,1.0,2.091878691592362,0.04283149120610826
compound,Geo+AE-CeNN,3630,0.11851944376829063,0.1707331549891057,1.0,1.7460261401768413,0.0419196165001249
compound,Geo+AE-CeNN,3631,0.10174603048342235,0.14079317437762717,1.0,2.02791521345807,0.041223546256198514
compound,Geo+AE-CeNN,3632,0.15418167086085652,0.2663884193553395,1.0,3.011035696629931,0.03495077953582628
compound,Geo+AE-CeNN,3633,0.18888250215943228,0.2895364234881542,1.0,3.3978014484361783,0.04661665724471672
compound,Geo+AE-CeNN,3634,0.14720440782113678,0.1960160198780318,1.0,2.881676256384816,0.04263322995730071
compound,Geo+AE-CeNN,3635,0.12912780642753127,0.17530057428888968,1.0,2.407765867295704,0.04423689345473418
compound,Geo+AE-CeNN,3636,0.10022962594488279,0.14987796186082272,1.0,1.9783828384678328,0.0360636562419148
compound,Geo+AE-CeNN,3637,0.0692632546486785,0.12149850050914832,1.0,0.5611429928474483,0.04109736431302787
compound,Geo+AE-CeNN,3638,0.1012865020458317,0.1440318510155081,1.0,1.6034270994989233,0.03672157515293507
compound,Geo+AE-CeNN,3639,0.12545077156264495,0.18408595469823197,1.0,1.84812188111641,0.03731969167807324
compound,Geo+AE-CeNN,3640,0.11015939958158913,0.1725826634170951,1.0,0.83859188430743,0.04584151418536078
compound,Geo+AE-CeNN,3641,0.19196647380733434,0.2956040780590284,1.0,3.5891614466588426,0.03252476068559961
compound,Geo+AE-CeNN,3642,0.1117624468030497,0.1962751895937192,1.0,2.034084004276092,0.045612582087752325
compound,Geo+AE-CeNN,3643,0.08254239176513492,0.1407090865341784,1.0,0.5634543781495674,0.04368134603244118
compound,Geo+AE-CeNN,3644,0.10080538520019554,0.21280318431037043,1.0,0.9769799601951101,0.037443384867379484
compound,Geo+AE-CeNN,3645,0.15133092103135654,0.2218696786097957,1.0,2.8856976134337096,0.03380926149715343
compound,Geo+AE-CeNN,3646,0.1062267189266972,0.14564056610372708,1.0,1.7435317520511953,0.042657753313655
compound,Geo+AE-CeNN,3647,0.11730615143010117,0.17089165570595502,1.0,1.1382060555320659,0.0359151590908201
compound,Geo+AE-CeNN,3648,0.14300363127446308,0.21614824040188688,1.0,2.4089414035203607,0.046792340018273336
compound,Geo+AE-CeNN,3649,0.08489191956170823,0.13448321489450574,1.0,1.4301204981469415,0.033929079245598334
compound,Geo+AE-CeNN,3650,0.0845291637398928,0.12191413187503243,1.0,1.1758070158652025,0.04589915151551837
compound,Geo+AE-CeNN,3651,0.08258620785254561,0.11101259695430013,1.0,1.2971209339956453,0.04060435138749343
compound,Geo+AE-CeNN,3652,0.1386049439185756,0.19233275604865688,1.0,2.369700451764954,0.031644886995806955
compound,Geo+AE-CeNN,3653,0.11614914021450086,0.1737930102643819,1.0,1.82228685203672,0.03774413428030074
compound,Geo+AE-CeNN,3654,0.16448099822209922,0.2633437465287474,1.0,2.6178806866522355,0.033415313152627794
compound,Geo+AE-CeNN,3655,0.10978206321510957,0.1674939714053701,1.0,1.4926176386812795,0.039946307495408416
compound,Geo+AE-CeNN,3656,0.1041016568029399,0.1432948602033838,1.0,1.9858512089971205,0.03651185515381759
compound,Geo+AE-CeNN,3657,0.1077353855528357,0.18398996152294678,1.0,1.3559443472412787,0.03567481009077556
compound,Geo+AE-CeNN,3658,0.13380553335525472,0.1912160030206946,1.0,2.071305013365852,0.0381536293835064
compound,Geo+AE-CeNN,3659,0.15496255024199113,0.2914860530325235,1.0,2.7031000171078103,0.04094690630367336
compound,Geo+AE-CeNN,3660,0.10629848468586849,0.14575936935893313,1.0,1.4156198030714584,0.03905568167836955
compound,Geo+AE-CeNN,3661,0.08203614503918318,0.11766757057474772,1.0,0.8474685309411738,0.042109373915208435
compound,Geo+AE-CeNN,3662,0.18241259495093531,0.26762174199406563,1.0,3.545998160388564,0.043138979473558624
compound,Geo+AE-CeNN,3663,0.16876330286930075,0.24872228626643494,1.0,3.348655357440586,0.030372333925441686
compound,Geo+AE-CeNN,3664,0.15025644948320843,0.20531858272423376,1.0,2.6068200590000856,0.033995610678075425
compound,Geo+AE-CeNN,3665,0.18312846333972493,0.30737690129518863,1.0,3.710127275795547,0.04274085004383526
compound,Geo+AE-CeNN,3666,0.11178627703215088,0.14691365733197917,1.0,2.2625931372327868,0.03524041312963196
compound,Geo+AE-CeNN,3667,0.09339753026087662,0.16892665577409477,1.0,1.1338340309143153,0.03844754721161258
compound,Geo+AE-CeNN,3668,0.16178833839440046,0.23911050624280222,1.0,2.9478797199208624,0.030247875321820814
compound,Geo+AE-CeNN,3669,0.11812017022411284,0.21200248226054638,1.0,1.5162544795176844,0.03475879147496191
compound,Geo+AE-CeNN,3670,0.16868590030061575,0.21702600553278756,1.0,3.2604343054757767,0.03526489226460438
compound,Geo+AE-CeNN,3671,0.19401272635716782,0.32498309385168317,1.0,3.50806167876367,0.03851971971335822
compound,Geo+AE-CeNN,3672,0.11549164261399153,0.16120311194746995,1.0,0.7236237096377336,0.03955902619709696
compound,Geo+AE-CeNN,3673,0.1717030822715921,0.2269823463255956,1.0,2.9986085687780863,0.03563956862145232
compound,Geo+AE-CeNN,3674,0.1179914758495075,0.19398545146215337,1.0,1.8054714956106113,0.030293398600370045
compound,Geo+AE-CeNN,3675,0.12995497709154855,0.21058473948818449,1.0,1.1430351951299567,0.04550064684416877
compound,Geo+AE-CeNN,3676,0.09911691819995197,0.17183577263788072,1.0,0.8573053032776916,0.037771070828315594
compound,Geo+AE-CeNN,3677,0.10100796851412737,0.215605542187871,1.0,0.7933491295923354,0.0460232137782661
compound,Geo+AE-CeNN,3678,0.1487992265866754,0.22195853102781546,1.0,2.556844503741155,0.03808204781505066
compound,Geo+AE-CeNN,3679,0.09769913853406886,0.14019120295625062,1.0,1.8334932696930466,0.031157774523329324
compound,Geo+AE-CeNN,3680,0.07787836708926156,0.1634661166480208,1.0,0.6959871339585125,0.03962783490502524
compound,Geo+AE-CeNN,3681,0.10327196512531697,0.14249483913779531,1.0,1.9151829899536705,0.033452960598249
compound,Geo+AE-CeNN,3682,0.09087958277773336,0.160788408619016,1.0,0.8749704932932525,0.041294229005529016
compound,Geo+AE-CeNN,3683,0.07728661749266674,0.1349353440709076,1.0,0.4175628875437544,0.03959292911944905
compound,Geo+AE-CeNN,3684,0.13067490188819672,0.18598489740598534,1.0,2.2009013457172704,0.03558629805261361
compound,Geo+AE-CeNN,3685,0.15637283704213492,0.288364557072316,1.0,3.106005475863521,0.03599772930233037
compound,Geo+AE-CeNN,3686,0.1454166602627698,0.18301401848361815,1.0,2.656023556439548,0.04352358074687232
compound,Geo+AE-CeNN,3687,0.06469838124682392,0.09493609105481034,1.0,0.5726344653185199,0.04338670617144866
compound,Geo+AE-CeNN,3688,0.14671976690432212,0.22902238844873246,1.0,2.405534716997163,0.0397487820490895
compound,Geo+AE-CeNN,3689,0.13169739019724264,0.20675650906006354,1.0,0.6725524328670217,0.039020241976895874
compound,Geo+AE-CeNN,3690,0.15916702618209844,0.3030602232536201,1.0,2.7211297138018935,0.04792393725225183
compound,Geo+AE-CeNN,3691,0.1280498297419313,0.1755575610281594,1.0,2.0074492011574683,0.04606862817819274
compound,Geo+AE-CeNN,3692,0.14993388971552124,0.25030558352485105,1.0,2.8723777487813713,0.03465776479441989
compound,Geo+AE-CeNN,3693,0.11901732220837381,0.15916088655217475,1.0,1.5000745556303732,0.04554710917215329
compound,Geo+AE-CeNN,3694,0.09333503396114419,0.13398415347480416,1.0,1.3245245027248684,0.04460061409930355
compound,Geo+AE-CeNN,3695,0.0940615673202255,0.1314252707089842,1.0,1.5356764185065126,0.038010660745770856
compound,Geo+AE-CeNN,3696,0.15829110598648355,0.23425671069660145,1.0,2.9739581751758797,0.04404003899506918
compound,Geo+AE-CeNN,3697,0.07925553971127783,0.11499374406276729,1.0,0.7973403689761731,0.046476372511501066
compound,Geo+AE-CeNN,3698,0.14888082397402352,0.24172732399571362,1.0,1.442504775704817,0.03701278258208384
compound,Geo+AE-CeNN,3699,0.11737568667211577,0.1632405030796595,1.0,1.6807682907553774,0.0325215276096404
compound,Geo+D1-3AE-CeNN,3600,0.11106209526384561,0.18415359700884024,1.0,0.7690636450618709,0.03683552233901994
compound,Geo+D1-3AE-CeNN,3601,0.11735430544782173,0.15235465657374866,1.0,2.231168976964553,0.036837900982158465
compound,Geo+D1-3AE-CeNN,3602,0.17066482363270472,0.25296199316288176,1.0,3.4056126175578534,0.036840147452680265
compound,Geo+D1-3AE-CeNN,3603,0.15214089162545577,0.270105818572594,1.0,2.8249565198316753,0.036839354724820784
compound,Geo+D1-3AE-CeNN,3604,0.08910393455056945,0.1789135719454101,1.0,0.5388396611513395,0.03683631082302297
compound,Geo+D1-3AE-CeNN,3605,0.0966047084081478,0.13425475015266994,1.0,1.800596220618479,0.03683660556871351
compound,Geo+D1-3AE-CeNN,3606,0.15156131400035955,0.19182212147408037,1.0,2.94776269978623,0.03683877548627064
compound,Geo+D1-3AE-CeNN,3607,0.09670894105753713,0.18595468786478045,1.0,1.3888215658659224,0.03683588865272534
compound,Geo+D1-3AE-CeNN,3608,0.1238328942661075,0.21328127326027693,1.0,1.4544103774120727,0.036839392013153734
compound,Geo+D1-3AE-CeNN,3609,0.07927355449899275,0.1308038514768083,1.0,1.1522356012308703,0.036837298814409
compound,Geo+D1-3AE-CeNN,3610,0.13647818282987215,0.22559031952673286,1.0,2.333298165818823,0.03683495492734546
compound,Geo+D1-3AE-CeNN,3611,0.10080472234704271,0.1405046683472929,1.0,1.075757604177476,0.036835187759382326
compound,Geo+D1-3AE-CeNN,3612,0.12864483553088468,0.1611861373979921,1.0,2.3894709300207624,0.03683893353494298
compound,Geo+D1-3AE-CeNN,3613,0.1364973279483918,0.19149198154236322,1.0,2.314916947619484,0.03684052905680746
compound,Geo+D1-3AE-CeNN,3614,0.17888735908440623,0.28142097914875014,1.0,3.3509526185853864,0.036838213939248625
compound,Geo+D1-3AE-CeNN,3615,0.16233853230439085,0.25337603346441967,1.0,2.9231997336550832,0.03683870414688789
compound,Geo+D1-3AE-CeNN,3616,0.11602259516389955,0.18038007908789624,1.0,1.7458446338353406,0.0368366981545572
compound,Geo+D1-3AE-CeNN,3617,0.12340500634862238,0.20371620802012153,1.0,1.8506488101629963,0.03683991655754217
compound,Geo+D1-3AE-CeNN,3618,0.11623045992149207,0.16926867397567608,1.0,2.1499575720539705,0.03683664510102968
compound,Geo+D1-3AE-CeNN,3619,0.13122203999333634,0.24560929798490083,1.0,0.9911904584285892,0.036834278558832666
compound,Geo+D1-3AE-CeNN,3620,0.16416355927572313,0.2439922397646252,1.0,3.3334762487719862,0.0368382673899064
compound,Geo+D1-3AE-CeNN,3621,0.18500022312746767,0.25951508822618774,1.0,3.105172065078442,0.03683795399742315
compound,Geo+D1-3AE-CeNN,3622,0.11777077570024477,0.16137659592528453,1.0,1.3873684926724368,0.036838813772247875
compound,Geo+D1-3AE-CeNN,3623,0.13709193561249444,0.22587775081229075,1.0,1.8305419551712883,0.03683873504156469
compound,Geo+D1-3AE-CeNN,3624,0.06630858993461225,0.15067358355246452,1.0,0.5830416769667986,0.03683801170977839
compound,Geo+D1-3AE-CeNN,3625,0.16932701187479315,0.21415359789521432,1.0,3.215470429903196,0.036839380379661085
compound,Geo+D1-3AE-CeNN,3626,0.10738795694336804,0.1909219950222055,1.0,1.983972715604081,0.03683796280764179
compound,Geo+D1-3AE-CeNN,3627,0.17390559729567281,0.21750456652374497,1.0,3.145926573904249,0.03683583095185312
compound,Geo+D1-3AE-CeNN,3628,0.04049499246260882,0.07595148495459401,1.0,0.7645698138428525,0.03683895448105458
compound,Geo+D1-3AE-CeNN,3629,0.12920086336119274,0.18009702601079283,1.0,2.09217370353963,0.036837958868701275
compound,Geo+D1-3AE-CeNN,3630,0.11872579942185896,0.17072213230138647,1.0,1.744763450844806,0.03683537348455745
compound,Geo+D1-3AE-CeNN,3631,0.10077954393343827,0.13908777883856263,1.0,2.03048613229779,0.03683683256556156
compound,Geo+D1-3AE-CeNN,3632,0.15369017889240513,0.26448400925834326,1.0,3.0135158351024,0.0368382916399853
compound,Geo+D1-3AE-CeNN,3633,0.18654186275644846,0.28582033109049254,1.0,3.4000439171590453,0.03684123428183385
compound,Geo+D1-3AE-CeNN,3634,0.14614834165631588,0.19514575777672427,1.0,2.883200246145584,0.03683751058840717
compound,Geo+D1-3AE-CeNN,3635,0.12758341199373363,0.1730678855588762,1.0,2.4085350778807513,0.036836821553230585
compound,Geo+D1-3AE-CeNN,3636,0.0988295158709296,0.14751692850104423,1.0,1.98200363424127,0.03683834565234488
compound,Geo+D1-3AE-CeNN,3637,0.06677778466611618,0.11736822003746365,1.0,0.5634396824957216,0.036837440302361434
compound,Geo+D1-3AE-CeNN,3638,0.10167719803552365,0.1444454352435581,1.0,1.602608467853267,0.03683556725081268
compound,Geo+D1-3AE-CeNN,3639,0.12263336073500332,0.17999808509139115,1.0,1.8552865180494842,0.03683867589061584
compound,Geo+D1-3AE-CeNN,3640,0.10673238058363387,0.16835841388557563,1.0,0.8401092160822204,0.03683804772051948
compound,Geo+D1-3AE-CeNN,3641,0.1899676320827448,0.2927975816006238,1.0,3.5941479873024926,0.036839378210755384
compound,Geo+D1-3AE-CeNN,3642,0.11005884636761049,0.194004618267057,1.0,2.037673309131704,0.036837770330918215
compound,Geo+D1-3AE-CeNN,3643,0.0811850148756639,0.13829386068396385,1.0,0.5658661958869304,0.03683828108988374
compound,Geo+D1-3AE-CeNN,3644,0.10075272184710608,0.21167993990835957,1.0,0.9782671877381771,0.036834362928742356
compound,Geo+D1-3AE-CeNN,3645,0.15030848219903026,0.21948200830297415,1.0,2.884440702980349,0.036836874087198906
compound,Geo+D1-3AE-CeNN,3646,0.10591461035117077,0.14509473310688706,1.0,1.7424274656505978,0.03683539485869992
compound,Geo+D1-3AE-CeNN,3647,0.11421157725437064,0.16684193600098876,1.0,1.1382109111377314,0.036836365297023235
compound,Geo+D1-3AE-CeNN,3648,0.14177398621269907,0.21376219010577036,1.0,2.4093812632418077,0.03683677085360776
compound,Geo+D1-3AE-CeNN,3649,0.08244944063469954,0.13197890071223323,1.0,1.4338116815706885,0.036837325581423754
compound,Geo+D1-3AE-CeNN,3650,0.08388874322706484,0.12191819058857664,1.0,1.1783828060017933,0.036838070631911135
compound,Geo+D1-3AE-CeNN,3651,0.07990312596952272,0.10688692734476372,1.0,1.304441641103458,0.03683701779546899
compound,Geo+D1-3AE-CeNN,3652,0.13688197462742546,0.19028390479441712,1.0,2.3668912190271594,0.03683566268649057
compound,Geo+D1-3AE-CeNN,3653,0.11662185216128784,0.17408168077666578,1.0,1.823466684419872,0.03683695444040664
compound,Geo+D1-3AE-CeNN,3654,0.16422653412297425,0.26305853021321235,1.0,2.617776614667875,0.03683454937169767
compound,Geo+D1-3AE-CeNN,3655,0.10673116839292257,0.1634701957597628,1.0,1.4959860564188108,0.036838415729166844
compound,Geo+D1-3AE-CeNN,3656,0.10350384402318388,0.14239395131656704,1.0,1.9881298952047868,0.03683730884969538
compound,Geo+D1-3AE-CeNN,3657,0.10463742138416736,0.1795736166534021,1.0,1.3573018080946917,0.03683597368411138
compound,Geo+D1-3AE-CeNN,3658,0.13149453764410413,0.18674110217290715,1.0,2.070955178704975,0.03683791527926695
compound,Geo+D1-3AE-CeNN,3659,0.15524534075883253,0.29160761464195023,1.0,2.704149615780691,0.036837858094204416
compound,Geo+D1-3AE-CeNN,3660,0.10680341718205527,0.14623743098670644,1.0,1.4142605433576638,0.03683722521671556
compound,Geo+D1-3AE-CeNN,3661,0.08246381012259155,0.11663596582378066,1.0,0.8468601185143496,0.036836434853297614
compound,Geo+D1-3AE-CeNN,3662,0.18140477126739066,0.2664435522221889,1.0,3.5477526928568923,0.03683749261502666
compound,Geo+D1-3AE-CeNN,3663,0.1671689167835014,0.24673146012757444,1.0,3.354086116377953,0.03683698905465859
compound,Geo+D1-3AE-CeNN,3664,0.14797298112023005,0.20190039292911727,1.0,2.607413287652242,0.03683713212813955
compound,Geo+D1-3AE-CeNN,3665,0.1816139767389179,0.3046459335977766,1.0,3.7123496375847336,0.03684126350570422
compound,Geo+D1-3AE-CeNN,3666,0.11132818083360128,0.14554019434175522,1.0,2.265281639232573,0.03683703198082235
compound,Geo+D1-3AE-CeNN,3667,0.09026565928898364,0.1646216649353579,1.0,1.135778687907237,0.036836784389133896
compound,Geo+D1-3AE-CeNN,3668,0.16066203337638266,0.2365908656487697,1.0,2.9508205429231724,0.03683732610286502
compound,Geo+D1-3AE-CeNN,3669,0.11521737260785848,0.2074727201798921,1.0,1.5161484129973932,0.03683621866809174
compound,Geo+D1-3AE-CeNN,3670,0.1676790035034807,0.21520990055419104,1.0,3.2612308226821587,0.03683709737289342
compound,Geo+D1-3AE-CeNN,3671,0.19407255312570434,0.32491477380100076,1.0,3.5093443646824443,0.03683843537637266
compound,Geo+D1-3AE-CeNN,3672,0.11220205876262154,0.15695277049534007,1.0,0.7234468475578585,0.036837110501321
compound,Geo+D1-3AE-CeNN,3673,0.16959390483973377,0.22399763489736155,1.0,2.9960458745187797,0.03683742947514149
compound,Geo+D1-3AE-CeNN,3674,0.11729035265105801,0.19241750743520183,1.0,1.8052209147829499,0.03683419188506569
compound,Geo+D1-3AE-CeNN,3675,0.126703945837339,0.20543756239043773,1.0,1.142466542267293,0.036836762207697216
compound,Geo+D1-3AE-CeNN,3676,0.09898347868614377,0.17084590620615656,1.0,0.8589283050396055,0.03683675423603911
compound,Geo+D1-3AE-CeNN,3677,0.10026616254981714,0.21371745578772713,1.0,0.7960936337690109,0.036836919685457874
compound,Geo+D1-3AE-CeNN,3678,0.14866484110123776,0.22177967433627474,1.0,2.5582578489010404,0.036837552384140236
compound,Geo+D1-3AE-CeNN,3679,0.09676873675501421,0.13875812022926298,1.0,1.8386600942054487,0.03683789523340637
compound,Geo+D1-3AE-CeNN,3680,0.07488462334092175,0.15932462276698103,1.0,0.6977558017264192,0.036835577251769606
compound,Geo+D1-3AE-CeNN,3681,0.10311195614425944,0.1416448551735568,1.0,1.9180813900849703,0.03683781003468981
compound,Geo+D1-3AE-CeNN,3682,0.08766252967041749,0.15606382785981351,1.0,0.8754793690789441,0.03683522105657329
compound,Geo+D1-3AE-CeNN,3683,0.07533810373349234,0.1310815630725075,1.0,0.41952522695302297,0.03683862154517071
compound,Geo+D1-3AE-CeNN,3684,0.1303784534097557,0.18575045258094183,1.0,2.199212933177244,0.03683643673770172
compound,Geo+D1-3AE-CeNN,3685,0.15616807196766008,0.2877797061074062,1.0,3.1084981163881085,0.03683802951899913
compound,Geo+D1-3AE-CeNN,3686,0.14332062652925445,0.180093519376751,1.0,2.656696971074719,0.03683663003642559
compound,Geo+D1-3AE-CeNN,3687,0.062186751072279625,0.09152427348132346,1.0,0.5737395882131643,0.03683615302457164
compound,Geo+D1-3AE-CeNN,3688,0.14688977363402073,0.22873607691355893,1.0,2.4079776528785772,0.03683683993139927
compound,Geo+D1-3AE-CeNN,3689,0.12823662718271692,0.2018769734156934,1.0,0.6730310373756393,0.036835327662222875
compound,Geo+D1-3AE-CeNN,3690,0.15878492908311326,0.30257157360692866,1.0,2.7227480182577155,0.036837210302719234
compound,Geo+D1-3AE-CeNN,3691,0.1271350377411682,0.17441330419538278,1.0,2.0082900045940684,0.03683737699276591
compound,Geo+D1-3AE-CeNN,3692,0.14957090367164788,0.25006282733085106,1.0,2.872341168074726,0.03683668771648884
compound,Geo+D1-3AE-CeNN,3693,0.11894675723224558,0.15922463135383916,1.0,1.5017953415266054,0.03683916844388626
compound,Geo+D1-3AE-CeNN,3694,0.09160932213186432,0.13133582819645756,1.0,1.3256181648724163,0.03683632542583386
compound,Geo+D1-3AE-CeNN,3695,0.09201675480572954,0.12887958483838496,1.0,1.5348518893437946,0.03683583115469737
compound,Geo+D1-3AE-CeNN,3696,0.1562572355719288,0.23162719033212242,1.0,2.974247001852883,0.03683704334688745
compound,Geo+D1-3AE-CeNN,3697,0.0771404625629,0.11115725540816651,1.0,0.7970690858940679,0.03683634900248361
compound,Geo+D1-3AE-CeNN,3698,0.14532157923116526,0.23656540494331027,1.0,1.4414622330696225,0.03683555365729661
compound,Geo+D1-3AE-CeNN,3699,0.11708656172388898,0.16264541485184225,1.0,1.679757850370755,0.03683506678666561
compound,Geo+D1-10AE-CeNN,3600,0.11205411222365359,0.18482695214917216,1.0,0.7691377578919399,0.038894604429375215
compound,Geo+D1-10AE-CeNN,3601,0.11676277471750468,0.1515683757086845,1.0,2.2300849633455195,0.038894604429375125
compound,Geo+D1-10AE-CeNN,3602,0.17050630725202748,0.2532822018425442,1.0,3.405496124805659,0.038894604429372516
compound,Geo+D1-10AE-CeNN,3603,0.1527581519107675,0.27068163581796045,1.0,2.8251328802557722,0.03889460442937347
compound,Geo+D1-10AE-CeNN,3604,0.08992722185769737,0.1792066241275134,1.0,0.5390045497139858,0.03889460442937466
compound,Geo+D1-10AE-CeNN,3605,0.09803369572347381,0.13629975342710593,1.0,1.8010040736821238,0.03889460442937415
compound,Geo+D1-10AE-CeNN,3606,0.15199901176220532,0.1924596877574693,1.0,2.9473884599053943,0.038894604429373904
compound,Geo+D1-10AE-CeNN,3607,0.09681240228415067,0.18583587208216884,1.0,1.3890015642787503,0.03889460442937397
compound,Geo+D1-10AE-CeNN,3608,0.12474464284682206,0.21374295754389713,1.0,1.4547618225616488,0.038894604429375194
compound,Geo+D1-10AE-CeNN,3609,0.07831873771158432,0.13016999310552851,1.0,1.1511197272600684,0.03889460442937547
compound,Geo+D1-10AE-CeNN,3610,0.1359317986317736,0.22510987433685928,1.0,2.332776597401293,0.038894604429374514
compound,Geo+D1-10AE-CeNN,3611,0.1007845195888063,0.14066767120055879,1.0,1.0755768532309242,0.03889460442937518
compound,Geo+D1-10AE-CeNN,3612,0.12933161848907793,0.16258491540072428,1.0,2.389537062665431,0.03889460442937362
compound,Geo+D1-10AE-CeNN,3613,0.13727405941157234,0.19299367401076023,1.0,2.315011073174378,0.03889460442937266
compound,Geo+D1-10AE-CeNN,3614,0.17820900035763976,0.2806052801961126,1.0,3.3498176646326145,0.03889460442937309
compound,Geo+D1-10AE-CeNN,3615,0.162719662884363,0.2538064947458462,1.0,2.923457889260934,0.03889460442937323
compound,Geo+D1-10AE-CeNN,3616,0.11746706453215122,0.1817875286583069,1.0,1.7464154728738308,0.03889460442937324
compound,Geo+D1-10AE-CeNN,3617,0.12428223115942567,0.20416959794339967,1.0,1.8509236207297857,0.03889460442937439
compound,Geo+D1-10AE-CeNN,3618,0.11616379657680942,0.16920665864343135,1.0,2.14962285393447,0.0388946044293744
compound,Geo+D1-10AE-CeNN,3619,0.13274869512429824,0.24737711710534224,1.0,0.9921608024397824,0.038894604429374674
compound,Geo+D1-10AE-CeNN,3620,0.16411325070268967,0.2433416442766292,1.0,3.332717569980834,0.038894604429373376
compound,Geo+D1-10AE-CeNN,3621,0.18410653204551072,0.2583585378706134,1.0,3.1034973245804114,0.038894604429374625
compound,Geo+D1-10AE-CeNN,3622,0.11945337132567166,0.16368439793015643,1.0,1.3881188629614039,0.03889460442937436
compound,Geo+D1-10AE-CeNN,3623,0.13575421735385462,0.22442484301811627,1.0,1.8289359846200992,0.03889460442937465
compound,Geo+D1-10AE-CeNN,3624,0.0665588406217552,0.15099074858906264,1.0,0.5828942327519171,0.03889460442937541
compound,Geo+D1-10AE-CeNN,3625,0.17009003687205457,0.2145490019806325,1.0,3.2158323119251913,0.038894604429372676
compound,Geo+D1-10AE-CeNN,3626,0.10855630207364755,0.19150460937516303,1.0,1.9844810136413071,0.03889460442937465
compound,Geo+D1-10AE-CeNN,3627,0.17426560828754642,0.21794544136896046,1.0,3.1456479044417667,0.0388946044293737
compound,Geo+D1-10AE-CeNN,3628,0.04051873353144004,0.0782938091809661,1.0,0.7646605937383082,0.038894604429373814
compound,Geo+D1-10AE-CeNN,3629,0.1306656246093943,0.18220401457019628,1.0,2.0931788018259487,0.03889460442937423
compound,Geo+D1-10AE-CeNN,3630,0.11764890249415469,0.16942792787858288,1.0,1.743876933822245,0.03889460442937504
compound,Geo+D1-10AE-CeNN,3631,0.10120751022211094,0.1399486979749834,1.0,2.030141728036586,0.03889460442937552
compound,Geo+D1-10AE-CeNN,3632,0.15288245535086456,0.263870492195394,1.0,3.0121787550963335,0.03889460442937301
compound,Geo+D1-10AE-CeNN,3633,0.18730082702136427,0.2865825004560478,1.0,3.4003741958249782,0.0388946044293724
compound,Geo+D1-10AE-CeNN,3634,0.14606379151261445,0.19408962346133926,1.0,2.882707785483745,0.038894604429374625
compound,Geo+D1-10AE-CeNN,3635,0.1280458167633694,0.1737787730739698,1.0,2.408436199062306,0.03889460442937538
compound,Geo+D1-10AE-CeNN,3636,0.09958849827626724,0.14884635910796026,1.0,1.981967270794187,0.03889460442937462
compound,Geo+D1-10AE-CeNN,3637,0.06757128925056899,0.1193223167347134,1.0,0.5638714856136477,0.038894604429373786
compound,Geo+D1-10AE-CeNN,3638,0.10057906967945399,0.14304904657115222,1.0,1.6018026549931514,0.03889460442937387
compound,Geo+D1-10AE-CeNN,3639,0.12420016668052801,0.18212851503625854,1.0,1.856040772112312,0.038894604429373425
compound,Geo+D1-10AE-CeNN,3640,0.10796388254632307,0.16939099642449215,1.0,0.840696106643208,0.03889460442937566
compound,Geo+D1-10AE-CeNN,3641,0.1910277923882464,0.2938573172707764,1.0,3.5949825823229284,0.03889460442937199
compound,Geo+D1-10AE-CeNN,3642,0.11075396076509572,0.19440679535717495,1.0,2.037877241837573,0.03889460442937403
compound,Geo+D1-10AE-CeNN,3643,0.08050939715628408,0.13806298035268566,1.0,0.5649537449911052,0.038894604429375576
compound,Geo+D1-10AE-CeNN,3644,0.099315189817536,0.20984263823976612,1.0,0.9767288331614179,0.03889460442937568
compound,Geo+D1-10AE-CeNN,3645,0.1498457905061956,0.2193408049573471,1.0,2.884117772633556,0.03889460442937299
compound,Geo+D1-10AE-CeNN,3646,0.10525134099354815,0.14416386909632076,1.0,1.741892479250117,0.03889460442937441
compound,Geo+D1-10AE-CeNN,3647,0.11537603951955805,0.16765055876828003,1.0,1.1386705798002918,0.0388946044293752
compound,Geo+D1-10AE-CeNN,3648,0.14153227235403795,0.2137400604084364,1.0,2.408735490285436,0.03889460442937498
compound,Geo+D1-10AE-CeNN,3649,0.08365478524379329,0.13295287203190095,1.0,1.4341592184548126,0.03889460442937336
compound,Geo+D1-10AE-CeNN,3650,0.08319372844259304,0.12052642264841812,1.0,1.1776668843826152,0.03889460442937427
compound,Geo+D1-10AE-CeNN,3651,0.08139378582693582,0.10896518738219095,1.0,1.3042951276103145,0.03889460442937514
compound,Geo+D1-10AE-CeNN,3652,0.13756297195986744,0.19116890826918426,1.0,2.3671954256274277,0.03889460442937408
compound,Geo+D1-10AE-CeNN,3653,0.11523639863965372,0.17238397789876383,1.0,1.8220104856330832,0.03889460442937493
compound,Geo+D1-10AE-CeNN,3654,0.16313917311805218,0.2612929861612444,1.0,2.6161319978799678,0.03889460442937495
compound,Geo+D1-10AE-CeNN,3655,0.10845104264147665,0.16562019377674292,1.0,1.496545343443343,0.038894604429373786
compound,Geo+D1-10AE-CeNN,3656,0.10316476934414322,0.14184166338493362,1.0,1.9880925080546001,0.03889460442937537
compound,Geo+D1-10AE-CeNN,3657,0.10623768755621583,0.18141112798301753,1.0,1.3579393964288786,0.038894604429373834
compound,Geo+D1-10AE-CeNN,3658,0.1328775028513309,0.1890490732101286,1.0,2.0714829181551626,0.0388946044293735
compound,Geo+D1-10AE-CeNN,3659,0.15399726441320954,0.28968453985941034,1.0,2.7025132567519887,0.038894604429374445
compound,Geo+D1-10AE-CeNN,3660,0.10528927465169768,0.14458256532531263,1.0,1.413256901080251,0.03889460442937358
compound,Geo+D1-10AE-CeNN,3661,0.08101715667118248,0.11517493596346984,1.0,0.8460591522612889,0.03889460442937498
compound,Geo+D1-10AE-CeNN,3662,0.18108095947904096,0.2654810173109739,1.0,3.5474796190580182,0.038894604429374854
compound,Geo+D1-10AE-CeNN,3663,0.16732542355171273,0.24607671733578682,1.0,3.3536963336106957,0.03889460442937366
compound,Geo+D1-10AE-CeNN,3664,0.1491688451575152,0.20322921033107696,1.0,2.608099192752479,0.038894604429372745
compound,Geo+D1-10AE-CeNN,3665,0.18169763390557495,0.3046536403555762,1.0,3.711833186546544,0.03889460442937295
compound,Geo+D1-10AE-CeNN,3666,0.11095482651486423,0.1456787961125912,1.0,2.264413885798815,0.03889460442937526
compound,Geo+D1-10AE-CeNN,3667,0.0919396276359385,0.16672155918687462,1.0,1.136383748693273,0.038894604429373605
compound,Geo+D1-10AE-CeNN,3668,0.16036877661194526,0.23656675649643247,1.0,2.950024538198064,0.03889460442937385
compound,Geo+D1-10AE-CeNN,3669,0.11669502311881919,0.20911557862959962,1.0,1.5169436680283501,0.038894604429372995
compound,Geo+D1-10AE-CeNN,3670,0.1671489663731963,0.21464217367536148,1.0,3.2600236554241673,0.038894604429374716
compound,Geo+D1-10AE-CeNN,3671,0.1928746784094615,0.3230542588418402,1.0,3.5076257908811477,0.03889460442937374
compound,Geo+D1-10AE-CeNN,3672,0.11324625190864183,0.15739918629260313,1.0,0.7236858010911792,0.03889460442937479
compound,Geo+D1-10AE-CeNN,3673,0.17070098942318263,0.22545104802243282,1.0,2.996942656048168,0.03889460442937201
compound,Geo+D1-10AE-CeNN,3674,0.11681770506641599,0.19199105612472206,1.0,1.8049538029916954,0.038894604429375056
compound,Geo+D1-10AE-CeNN,3675,0.1281445786665548,0.20753036461175378,1.0,1.1435127502742306,0.03889460442937446
compound,Geo+D1-10AE-CeNN,3676,0.09748765253638622,0.1693068075823071,1.0,0.8578279178046998,0.0388946044293741
compound,Geo+D1-10AE-CeNN,3677,0.09943914723901365,0.21259664128378641,1.0,0.7950902152860939,0.03889460442937685
compound,Geo+D1-10AE-CeNN,3678,0.14771709042607511,0.22037923919102317,1.0,2.5566257434229147,0.038894604429374965
compound,Geo+D1-10AE-CeNN,3679,0.09676282313561643,0.13908320429032547,1.0,1.8384280190239917,0.03889460442937404
compound,Geo+D1-10AE-CeNN,3680,0.07620477319574262,0.1612113419156084,1.0,0.6982449293340162,0.038894604429374376
compound,Geo+D1-10AE-CeNN,3681,0.10222830484280289,0.1409617773477547,1.0,1.91750798545953,0.0388946044293745
compound,Geo+D1-10AE-CeNN,3682,0.08923629019834602,0.15818903767220963,1.0,0.8764665188344641,0.038894604429374646
compound,Geo+D1-10AE-CeNN,3683,0.0750898612846977,0.13157031722516344,1.0,0.41897779149622133,0.03889460442937473
compound,Geo+D1-10AE-CeNN,3684,0.12957453662984386,0.18449783628759506,1.0,2.1985003686979834,0.03889460442937414
compound,Geo+D1-10AE-CeNN,3685,0.15522715553957125,0.2863197268519869,1.0,3.10758315634059,0.03889460442937392
compound,Geo+D1-10AE-CeNN,3686,0.14406426228161817,0.18113485949450384,1.0,2.657231123271251,0.03889460442937332
compound,Geo+D1-10AE-CeNN,3687,0.06266158777096674,0.09212227768576936,1.0,0.5738170606181855,0.03889460442937447
compound,Geo+D1-10AE-CeNN,3688,0.14558919554197733,0.22701223184278943,1.0,2.4063386303540764,0.03889460442937402
compound,Geo+D1-10AE-CeNN,3689,0.12951382285794544,0.20343645386813813,1.0,0.6736651902587748,0.038894604429374695
compound,Geo+D1-10AE-CeNN,3690,0.1579451223332321,0.30099234885679343,1.0,2.72149715754749,0.03889460442937564
compound,Geo+D1-10AE-CeNN,3691,0.12662843542032667,0.17379028959694565,1.0,2.0078153752135726,0.03889460442937412
compound,Geo+D1-10AE-CeNN,3692,0.14854548123270156,0.24810689839574793,1.0,2.8711286193491374,0.03889460442937409
compound,Geo+D1-10AE-CeNN,3693,0.1177065629243528,0.15740334413484483,1.0,1.500348317314606,0.03889460442937443
compound,Geo+D1-10AE-CeNN,3694,0.09231070829978096,0.13237535342934342,1.0,1.3259969068455622,0.038894604429374355
compound,Geo+D1-10AE-CeNN,3695,0.09328547044700164,0.13056971410613713,1.0,1.5349747865640915,0.03889460442937377
compound,Geo+D1-10AE-CeNN,3696,0.15680015518494053,0.23216804854465853,1.0,2.9744813686405864,0.038894604429373356
compound,Geo+D1-10AE-CeNN,3697,0.07769991096334661,0.11282598746143627,1.0,0.7972781999865003,0.03889460442937537
compound,Geo+D1-10AE-CeNN,3698,0.1469344261389718,0.238479064869763,1.0,1.4425292211299237,0.03889460442937411
compound,Geo+D1-10AE-CeNN,3699,0.11610305762440926,0.16106016811817825,1.0,1.6787918973746627,0.03889460442937595
compound,Geo+D2-HistAE-CeNN,3600,0.11313955395603467,0.187486574906618,1.0,0.7904044118447144,0.20646646678937727
compound,Geo+D2-HistAE-CeNN,3601,0.12214880825867096,0.15893782449793803,1.0,2.175029542556105,0.22189694814960256
compound,Geo+D2-HistAE-CeNN,3602,0.16976756507465424,0.2458541501440436,1.0,3.361656326482704,0.2854385625056808
compound,Geo+D2-HistAE-CeNN,3603,0.13240020557318624,0.2467540251595941,1.0,2.799754723204906,0.2484870338162441
compound,Geo+D2-HistAE-CeNN,3604,0.08726547368755941,0.17401152910598644,1.0,0.5526006876366477,0.204852588693011
compound,Geo+D2-HistAE-CeNN,3605,0.07992494143149553,0.1048531033062786,1.0,1.7839573758756038,0.23282152158923958
compound,Geo+D2-HistAE-CeNN,3606,0.14539492953923527,0.18329105245290947,1.0,2.8683119248563247,0.2716831206973906
compound,Geo+D2-HistAE-CeNN,3607,0.11233489940024925,0.206109882277088,1.0,1.412389804815972,0.20606088030768271
compound,Geo+D2-HistAE-CeNN,3608,0.09812642301761253,0.1712187095387902,1.0,1.390240591008179,0.22489835056717836
compound,Geo+D2-HistAE-CeNN,3609,0.06991520735228733,0.1065282325066815,1.0,1.1687593563238854,0.20859305584431714
compound,Geo+D2-HistAE-CeNN,3610,0.1455459073588701,0.23878926400311856,1.0,2.3163909797349604,0.16708719313593126
compound,Geo+D2-HistAE-CeNN,3611,0.08252071547819327,0.11045193747613744,1.0,1.0659480114051125,0.20829712908283302
compound,Geo+D2-HistAE-CeNN,3612,0.12099613194705125,0.14742488363679998,1.0,2.3717386927320763,0.26239087833196434
compound,Geo+D2-HistAE-CeNN,3613,0.1362193523730415,0.17839547406936018,1.0,2.2996342155991427,0.2899278086882657
compound,Geo+D2-HistAE-CeNN,3614,0.17225215484956669,0.2756128899484097,1.0,3.365996048337721,0.2596250183505941
compound,Geo+D2-HistAE-CeNN,3615,0.14939886898144406,0.24194531257186075,1.0,2.9420530988459173,0.2369590167643975
compound,Geo+D2-HistAE-CeNN,3616,0.11189255940647172,0.19059633034533027,1.0,1.7737398680085439,0.23217779567493488
compound,Geo+D2-HistAE-CeNN,3617,0.09724464854438308,0.16674143837944216,1.0,1.7801690134763166,0.2295802529509378
compound,Geo+D2-HistAE-CeNN,3618,0.11629957177395973,0.16564497477966716,1.0,2.1252257569080055,0.23271412542029626
compound,Geo+D2-HistAE-CeNN,3619,0.1228692762957924,0.22435497738158386,1.0,1.0439509328714045,0.23419824538703168
compound,Geo+D2-HistAE-CeNN,3620,0.16660074706240527,0.2555081839680414,1.0,3.3042752749157254,0.26177636524825343
compound,Geo+D2-HistAE-CeNN,3621,0.16928011669273377,0.23858101965469988,1.0,2.9804109642119707,0.26854687827523127
compound,Geo+D2-HistAE-CeNN,3622,0.10875308204450905,0.1385662262534072,1.0,1.36819265306676,0.2467665405568627
compound,Geo+D2-HistAE-CeNN,3623,0.12600534467616317,0.20493143000229577,1.0,1.8880746007331113,0.22099859580671943
compound,Geo+D2-HistAE-CeNN,3624,0.07471418843015667,0.1443167706150535,1.0,0.5807394003626754,0.1998531287600195
compound,Geo+D2-HistAE-CeNN,3625,0.15735745108099655,0.21379602304028733,1.0,3.1848881536039206,0.2729020228461838
compound,Geo+D2-HistAE-CeNN,3626,0.08535371017839717,0.151833516112295,1.0,1.9670688316627314,0.24602709874782924
compound,Geo+D2-HistAE-CeNN,3627,0.17151249017120204,0.21656222621052806,1.0,3.1024311136279383,0.2477761471204813
compound,Geo+D2-HistAE-CeNN,3628,0.054530124527077166,0.07260807753208691,1.0,0.7821641800536053,0.23164308348993232
compound,Geo+D2-HistAE-CeNN,3629,0.10209811575522193,0.14444451896934088,1.0,2.067754643257983,0.2666164171364424
compound,Geo+D2-HistAE-CeNN,3630,0.11480498579021296,0.16222960677439494,1.0,1.7143170301695294,0.21815686908082574
compound,Geo+D2-HistAE-CeNN,3631,0.09070670402669055,0.12646215559992927,1.0,1.9696474524870118,0.24348749186140403
compound,Geo+D2-HistAE-CeNN,3632,0.15204510808920618,0.2647650811577571,1.0,3.036088073362075,0.2289165276228197
compound,Geo+D2-HistAE-CeNN,3633,0.16063068773412734,0.25878864182166716,1.0,3.301630628786378,0.27839320120016264
compound,Geo+D2-HistAE-CeNN,3634,0.1347218454916436,0.18258385690078816,1.0,2.8190684424571164,0.2628981989556889
compound,Geo+D2-HistAE-CeNN,3635,0.11960144678140791,0.16094639046234896,1.0,2.3767036011503206,0.2578131421492574
compound,Geo+D2-HistAE-CeNN,3636,0.09290430620785545,0.12235075298949274,1.0,1.9912527550002785,0.2846971313797259
compound,Geo+D2-HistAE-CeNN,3637,0.0631737851337554,0.10332874060235092,1.0,0.6297957683430501,0.21589380452299425
compound,Geo+D2-HistAE-CeNN,3638,0.10573514239914254,0.14066987850453908,1.0,1.612207907215236,0.1929206645844328
compound,Geo+D2-HistAE-CeNN,3639,0.10681043432232958,0.15427168330223848,1.0,1.8150867293759323,0.26043115345133105
compound,Geo+D2-HistAE-CeNN,3640,0.09640456809769626,0.15076563127282294,1.0,0.8433071504433508,0.20532635071746697
compound,Geo+D2-HistAE-CeNN,3641,0.1670732683065273,0.2644031736886164,1.0,3.529736597008111,0.3308735868123964
compound,Geo+D2-HistAE-CeNN,3642,0.08614554687888956,0.17705276495424363,1.0,2.036764431944498,0.24778430368540863
compound,Geo+D2-HistAE-CeNN,3643,0.08181472012864979,0.11598433034977156,1.0,0.5895152724132339,0.20024734642368652
compound,Geo+D2-HistAE-CeNN,3644,0.10614475458816576,0.21163688822146456,1.0,0.9830875584731472,0.1643835065013002
compound,Geo+D2-HistAE-CeNN,3645,0.15480227819913223,0.23564059787213482,1.0,2.898446512816151,0.23433585469208412
compound,Geo+D2-HistAE-CeNN,3646,0.09420146942673806,0.1261445017131862,1.0,1.753177148619586,0.21135627924724765
compound,Geo+D2-HistAE-CeNN,3647,0.12036436410345397,0.17367984853061547,1.0,1.116614931227608,0.22169965253314117
compound,Geo+D2-HistAE-CeNN,3648,0.1262044191442161,0.19715736453003896,1.0,2.420427520757937,0.24117221250910925
compound,Geo+D2-HistAE-CeNN,3649,0.08211762309231871,0.13942127780953623,1.0,1.4714704957398204,0.23513735253357543
compound,Geo+D2-HistAE-CeNN,3650,0.07380205205661297,0.11167861278241528,1.0,1.215162881775373,0.1810075474453233
compound,Geo+D2-HistAE-CeNN,3651,0.07063717384632312,0.09693172316193142,1.0,1.2910881886763488,0.24285799348985532
compound,Geo+D2-HistAE-CeNN,3652,0.1328606863548683,0.17437770484126192,1.0,2.3554246222023605,0.24927841812223156
compound,Geo+D2-HistAE-CeNN,3653,0.11829632814326774,0.1727901648656627,1.0,1.780650487119694,0.1910999940269645
compound,Geo+D2-HistAE-CeNN,3654,0.17093690835571862,0.261050107063483,1.0,2.6042216531218205,0.16741541727329654
compound,Geo+D2-HistAE-CeNN,3655,0.09635449116864585,0.14812671183199097,1.0,1.5131395267736203,0.22381710846694694
compound,Geo+D2-HistAE-CeNN,3656,0.10971795028971687,0.15226766695314634,1.0,1.9546990739321979,0.24246731926149667
compound,Geo+D2-HistAE-CeNN,3657,0.09679846502280892,0.17992131924067967,1.0,1.3833504919830035,0.2420579378112673
compound,Geo+D2-HistAE-CeNN,3658,0.11324404752261952,0.15468667782395815,1.0,2.0490208799049885,0.2504717425575588
compound,Geo+D2-HistAE-CeNN,3659,0.14913288706376562,0.2740971363822249,1.0,2.773179192171305,0.21662584207314262
compound,Geo+D2-HistAE-CeNN,3660,0.10850157547493929,0.13889141118620119,1.0,1.4242675376677432,0.1990874110597348
compound,Geo+D2-HistAE-CeNN,3661,0.0787717063935701,0.11781290843443235,1.0,0.8355094803737699,0.19270188427783022
compound,Geo+D2-HistAE-CeNN,3662,0.17055493924692314,0.24861729110639524,1.0,3.4662864469156056,0.27695454357025145
compound,Geo+D2-HistAE-CeNN,3663,0.16832582265560558,0.25660639200125507,1.0,3.2937448768471755,0.2563037711306746
compound,Geo+D2-HistAE-CeNN,3664,0.13744410960571585,0.2039859591767483,1.0,2.621997475667775,0.26940076068586016
compound,Geo+D2-HistAE-CeNN,3665,0.17047518977267026,0.2813466021315397,1.0,3.687368867915967,0.2870166309178199
compound,Geo+D2-HistAE-CeNN,3666,0.11391291877790505,0.14688347189905862,1.0,2.215897836438815,0.24018704529612048
compound,Geo+D2-HistAE-CeNN,3667,0.080638078823366,0.15368523698263603,1.0,1.1809137586432419,0.231301610463723
compound,Geo+D2-HistAE-CeNN,3668,0.1650567143707969,0.24622993784571517,1.0,2.9303834196470793,0.2221879840227891
compound,Geo+D2-HistAE-CeNN,3669,0.11021263319463218,0.2082204528890111,1.0,1.5616864420449514,0.2229315897567933
compound,Geo+D2-HistAE-CeNN,3670,0.16855045955541,0.21932034698179867,1.0,3.187676765138195,0.2393786262757393
compound,Geo+D2-HistAE-CeNN,3671,0.17604018560366058,0.29338054946231784,1.0,3.4829068428926617,0.2350572996796865
compound,Geo+D2-HistAE-CeNN,3672,0.1102633145918062,0.1585433377598951,1.0,0.7139037127583128,0.1949758740595556
compound,Geo+D2-HistAE-CeNN,3673,0.15048801735066314,0.19846536776929177,1.0,3.015495186591393,0.24697599398199716
compound,Geo+D2-HistAE-CeNN,3674,0.12662023553786864,0.20407622308577403,1.0,1.8082225155000737,0.1693443554992383
compound,Geo+D2-HistAE-CeNN,3675,0.10361213283317416,0.17987579755198493,1.0,1.142325824203957,0.2199807453072521
compound,Geo+D2-HistAE-CeNN,3676,0.10800979230567243,0.18759480221409272,1.0,0.8883241695579273,0.20673316630647276
compound,Geo+D2-HistAE-CeNN,3677,0.0911569782335019,0.18303297140417873,1.0,0.779844675940809,0.19466903523831702
compound,Geo+D2-HistAE-CeNN,3678,0.14047742181222375,0.20822003768786626,1.0,2.4854782445578048,0.2514815124872094
compound,Geo+D2-HistAE-CeNN,3679,0.1095955010573854,0.15213787710025142,1.0,1.8402025718639765,0.25024181314178173
compound,Geo+D2-HistAE-CeNN,3680,0.07375573288631279,0.1518018050992459,1.0,0.7411891099630211,0.20548352278644194
compound,Geo+D2-HistAE-CeNN,3681,0.11622853971365456,0.1580585430959137,1.0,1.921551322872262,0.21745469681556312
compound,Geo+D2-HistAE-CeNN,3682,0.07869130197732684,0.14315474836686537,1.0,0.9032084884156326,0.20773430833829284
compound,Geo+D2-HistAE-CeNN,3683,0.08872602277042262,0.13672377237370714,1.0,0.43641692948314,0.20038678187099868
compound,Geo+D2-HistAE-CeNN,3684,0.12950834603099928,0.17688515627648435,1.0,2.2028159212179834,0.21415075585428864
compound,Geo+D2-HistAE-CeNN,3685,0.1522736365242432,0.27524355138094114,1.0,3.114154964105663,0.2268249325021908
compound,Geo+D2-HistAE-CeNN,3686,0.12774431118670967,0.17517308845951765,1.0,2.6913079065901617,0.22590241655477328
compound,Geo+D2-HistAE-CeNN,3687,0.05832214000072567,0.08015800758854842,1.0,0.6106779957127916,0.17720147849827353
compound,Geo+D2-HistAE-CeNN,3688,0.1407302684216362,0.22197080060465607,1.0,2.452674957945328,0.20297024853108742
compound,Geo+D2-HistAE-CeNN,3689,0.12002743066246516,0.1960385735238566,1.0,0.7088422686274599,0.23625644611848912
compound,Geo+D2-HistAE-CeNN,3690,0.13683989816719963,0.2621243430575398,1.0,2.716105833769699,0.2719903814351352
compound,Geo+D2-HistAE-CeNN,3691,0.11246689868336154,0.1693683711383691,1.0,2.046791087276735,0.21535721387181717
compound,Geo+D2-HistAE-CeNN,3692,0.15223036772670484,0.2479257119315926,1.0,2.8675888026468064,0.19979344838147994
compound,Geo+D2-HistAE-CeNN,3693,0.11280664227068582,0.14962359565729363,1.0,1.498558375250879,0.18592795437681736
compound,Geo+D2-HistAE-CeNN,3694,0.06831352042615921,0.0950186460146996,1.0,1.3202206552308444,0.18292085100151206
compound,Geo+D2-HistAE-CeNN,3695,0.07548516917546999,0.10720706797307712,1.0,1.5149753469566294,0.21475378671730921
compound,Geo+D2-HistAE-CeNN,3696,0.14758306253306858,0.23128334882629034,1.0,3.017192156256312,0.25068943576649416
compound,Geo+D2-HistAE-CeNN,3697,0.05926859052639927,0.08529905235190516,1.0,0.8326798135780292,0.19709106902728996
compound,Geo+D2-HistAE-CeNN,3698,0.14231701037444158,0.2380787573595435,1.0,1.4760082071972023,0.221445906175221
compound,Geo+D2-HistAE-CeNN,3699,0.1348475039337594,0.18259813342464004,1.0,1.6817239706191334,0.1979419316844114
compound,Geo+D3-3HistAE-CeNN,3600,0.10273544574048499,0.18242796569511854,1.0,0.8295244903106047,0.1518833580999901
compound,Geo+D3-3HistAE-CeNN,3601,0.1255121961010821,0.16006472251795392,1.0,2.249219613142135,0.17066525056788856
compound,Geo+D3-3HistAE-CeNN,3602,0.1732579127279182,0.23466072806398475,1.0,3.4536200490582134,0.1492197208048781
compound,Geo+D3-3HistAE-CeNN,3603,0.16143013623521327,0.2786038946048901,1.0,2.8671515297471877,0.14861494696617705
compound,Geo+D3-3HistAE-CeNN,3604,0.07072341674761157,0.15689329269030378,1.0,0.5573070196205681,0.15395071944658292
compound,Geo+D3-3HistAE-CeNN,3605,0.1044635921571841,0.14349582554698095,1.0,1.8161228023390428,0.1404635401368896
compound,Geo+D3-3HistAE-CeNN,3606,0.15006781872757985,0.19199779344105583,1.0,2.8820172241561304,0.17325304878121767
compound,Geo+D3-3HistAE-CeNN,3607,0.09374317284663632,0.18593440975849834,1.0,1.4411362235661545,0.15564742868738338
compound,Geo+D3-3HistAE-CeNN,3608,0.12412203681354406,0.20981200085330354,1.0,1.4555511274799209,0.16552324336724233
compound,Geo+D3-3HistAE-CeNN,3609,0.09225491953355888,0.15127976474271043,1.0,1.176519423354843,0.16894622539177323
compound,Geo+D3-3HistAE-CeNN,3610,0.14602859527913095,0.23483250890909924,1.0,2.4150750491498147,0.1538475401935306
compound,Geo+D3-3HistAE-CeNN,3611,0.10978443430641029,0.1530403185245552,1.0,1.0855632269363744,0.1905708466452874
compound,Geo+D3-3HistAE-CeNN,3612,0.13954096497327262,0.17115591740387992,1.0,2.403994004926187,0.1417272237589673
compound,Geo+D3-3HistAE-CeNN,3613,0.13675481235835563,0.18488281361145317,1.0,2.3295231192221872,0.14395569574859876
compound,Geo+D3-3HistAE-CeNN,3614,0.20574383529178505,0.31106355193237434,1.0,3.4694664110231543,0.18232085824224112
compound,Geo+D3-3HistAE-CeNN,3615,0.17319403741080958,0.2649213317670098,1.0,2.9545896167950794,0.14784307065822075
compound,Geo+D3-3HistAE-CeNN,3616,0.1231602286645466,0.18264488881913035,1.0,1.8471258590974549,0.15282239187815158
compound,Geo+D3-3HistAE-CeNN,3617,0.12413481454732252,0.19741009340302726,1.0,1.8207613001695222,0.14976305318442212
compound,Geo+D3-3HistAE-CeNN,3618,0.13183714337837515,0.18857668847049597,1.0,2.195096120609482,0.1360289698942145
compound,Geo+D3-3HistAE-CeNN,3619,0.12257598336790984,0.23084596083727352,1.0,1.0381083485232687,0.14464337820525677
compound,Geo+D3-3HistAE-CeNN,3620,0.17051469145837192,0.2500275450835577,1.0,3.320243995405655,0.1300438017085731
compound,Geo+D3-3HistAE-CeNN,3621,0.19713232417955007,0.27959282225419163,1.0,3.169118672511261,0.1857724276091931
compound,Geo+D3-3HistAE-CeNN,3622,0.11453988207139675,0.14990477180681025,1.0,1.4263684054519596,0.1376164735332334
compound,Geo+D3-3HistAE-CeNN,3623,0.15096146088434825,0.24239762654550429,1.0,1.9629088686404375,0.1951647270280925
compound,Geo+D3-3HistAE-CeNN,3624,0.04926988291238688,0.12776554134414847,1.0,0.6154275744277251,0.16046312928973466
compound,Geo+D3-3HistAE-CeNN,3625,0.18106371131316198,0.21993538204618115,1.0,3.2414342265622142,0.14912984759042716
compound,Geo+D3-3HistAE-CeNN,3626,0.1115204558096682,0.2041582042896509,1.0,1.9823838880498197,0.15679156050586693
compound,Geo+D3-3HistAE-CeNN,3627,0.18647634878055067,0.23035018003341506,1.0,3.2329207170386054,0.15729576343286275
compound,Geo+D3-3HistAE-CeNN,3628,0.037720499894417926,0.0642950075960625,1.0,0.8064872842210323,0.1451486564265302
compound,Geo+D3-3HistAE-CeNN,3629,0.13256950272115897,0.17365231125301306,1.0,2.114145156453725,0.17207273527936404
compound,Geo+D3-3HistAE-CeNN,3630,0.14119818148134097,0.204745929156206,1.0,1.783930488972869,0.18650345210553695
compound,Geo+D3-3HistAE-CeNN,3631,0.10465128482258576,0.1526858466283609,1.0,2.003346566418122,0.15626566784750856
compound,Geo+D3-3HistAE-CeNN,3632,0.17493762943202754,0.2834879509997561,1.0,3.1476385928851367,0.16260909340943283
compound,Geo+D3-3HistAE-CeNN,3633,0.19279786807728636,0.28861673273529886,1.0,3.392242287485199,0.15249143663904502
compound,Geo+D3-3HistAE-CeNN,3634,0.14778158120420767,0.18923166953561601,1.0,2.8440865669480444,0.16718645061935586
compound,Geo+D3-3HistAE-CeNN,3635,0.13357958333947556,0.18491781073961283,1.0,2.392912087143921,0.16570699602964742
compound,Geo+D3-3HistAE-CeNN,3636,0.10472888477705293,0.13472863731322768,1.0,2.0091471598641886,0.14810823771492074
compound,Geo+D3-3HistAE-CeNN,3637,0.05160466462080331,0.09947413658357121,1.0,0.619170306790921,0.16108909384838505
compound,Geo+D3-3HistAE-CeNN,3638,0.1231991952303652,0.17243504943046692,1.0,1.6591010984112242,0.17018883958597197
compound,Geo+D3-3HistAE-CeNN,3639,0.12571151070225947,0.18416776472277513,1.0,1.8471543625793818,0.13853534641338977
compound,Geo+D3-3HistAE-CeNN,3640,0.09513249380320903,0.15694502271612845,1.0,0.8470024784736268,0.17223681991119852
compound,Geo+D3-3HistAE-CeNN,3641,0.203832650982483,0.3061692450928739,1.0,3.64750150246729,0.1503424241287204
compound,Geo+D3-3HistAE-CeNN,3642,0.11826936218195601,0.20086941347063791,1.0,2.0819728715620824,0.14576134702673488
compound,Geo+D3-3HistAE-CeNN,3643,0.07972007249172497,0.14128225281534773,1.0,0.6054810949481906,0.17220609827165523
compound,Geo+D3-3HistAE-CeNN,3644,0.10276286871663075,0.21560126444687605,1.0,1.005026134156572,0.16306385277826507
compound,Geo+D3-3HistAE-CeNN,3645,0.16819075308966355,0.23662906939995723,1.0,3.0017914510764996,0.14961972852504957
compound,Geo+D3-3HistAE-CeNN,3646,0.12719806947751147,0.17175617316142425,1.0,1.8480059766896333,0.1805839185769114
compound,Geo+D3-3HistAE-CeNN,3647,0.1137526717570304,0.15911726111755922,1.0,1.167073337620114,0.13523300022524573
compound,Geo+D3-3HistAE-CeNN,3648,0.1645888380703135,0.23856189435398356,1.0,2.5355185275873806,0.19306206703887555
compound,Geo+D3-3HistAE-CeNN,3649,0.08920297397948598,0.14536112030476186,1.0,1.4729892390263062,0.14336810626981017
compound,Geo+D3-3HistAE-CeNN,3650,0.09728672422826216,0.14792665142748895,1.0,1.2290978594195603,0.17473975207541226
compound,Geo+D3-3HistAE-CeNN,3651,0.07695492759633958,0.09594969056395784,1.0,1.3012979266406377,0.16380305801364622
compound,Geo+D3-3HistAE-CeNN,3652,0.1553771616907141,0.20805910720316856,1.0,2.4752398446138475,0.1617274297566525
compound,Geo+D3-3HistAE-CeNN,3653,0.1383200315594713,0.205824831362382,1.0,1.8755885637869965,0.17076369820194565
compound,Geo+D3-3HistAE-CeNN,3654,0.17775725863403144,0.28666943931568417,1.0,2.687591117231943,0.20315811335131395
compound,Geo+D3-3HistAE-CeNN,3655,0.11066325730600224,0.1737445891327374,1.0,1.5030524067253646,0.13323926279233483
compound,Geo+D3-3HistAE-CeNN,3656,0.11398617749276499,0.16082205265519484,1.0,2.0209423427242243,0.16139809918074777
compound,Geo+D3-3HistAE-CeNN,3657,0.10284949019766484,0.17337150151760577,1.0,1.3955647312952006,0.1294086257232523
compound,Geo+D3-3HistAE-CeNN,3658,0.14374439042115236,0.18726814524575847,1.0,2.1310059637948697,0.14957730199617197
compound,Geo+D3-3HistAE-CeNN,3659,0.1751675436257852,0.3124446318689051,1.0,2.742716311800975,0.18091955586290748
compound,Geo+D3-3HistAE-CeNN,3660,0.12401802113003399,0.17595381409726887,1.0,1.444067434974129,0.19854419036911555
compound,Geo+D3-3HistAE-CeNN,3661,0.09438462335708121,0.12654566009924692,1.0,0.861534831069699,0.18965551079316348
compound,Geo+D3-3HistAE-CeNN,3662,0.18073532795203842,0.24287062797162162,1.0,3.4794041866433907,0.2109464611826884
compound,Geo+D3-3HistAE-CeNN,3663,0.17428174349816405,0.24836258129533853,1.0,3.36830658107146,0.1603096638665221
compound,Geo+D3-3HistAE-CeNN,3664,0.16181198601269173,0.21942478295005544,1.0,2.706288453305996,0.17744992056582748
compound,Geo+D3-3HistAE-CeNN,3665,0.19303759797996412,0.3128488035036938,1.0,3.7233678176036076,0.14689111354755185
compound,Geo+D3-3HistAE-CeNN,3666,0.11827252313463356,0.1582069479087804,1.0,2.2705095907530657,0.162436986542309
compound,Geo+D3-3HistAE-CeNN,3667,0.08606910684392235,0.1646483564441736,1.0,1.1829197176050343,0.14157297110283554
compound,Geo+D3-3HistAE-CeNN,3668,0.16311197304614047,0.23007469485834528,1.0,2.9689779939693595,0.1705146578570095
compound,Geo+D3-3HistAE-CeNN,3669,0.11853543159749987,0.20372369147387578,1.0,1.5877250849758393,0.13655685725634886
compound,Geo+D3-3HistAE-CeNN,3670,0.17520220368280495,0.22657820096060657,1.0,3.2826335175158303,0.14582223746710482
compound,Geo+D3-3HistAE-CeNN,3671,0.21488122445135246,0.34309437139969323,1.0,3.545527119692717,0.17923202685835216
compound,Geo+D3-3HistAE-CeNN,3672,0.11117622871506162,0.15582448022397521,1.0,0.7272225997869254,0.15189360079185577
compound,Geo+D3-3HistAE-CeNN,3673,0.18163274163707036,0.24201939635297326,1.0,3.155722796226958,0.18035596118797612
compound,Geo+D3-3HistAE-CeNN,3674,0.12109070496483947,0.19156930462780386,1.0,1.8451516856445647,0.16510305402220624
compound,Geo+D3-3HistAE-CeNN,3675,0.12372020772724482,0.19734377967508812,1.0,1.1529649702253384,0.16192071789394696
compound,Geo+D3-3HistAE-CeNN,3676,0.10808713553815998,0.1811216346819409,1.0,0.8890238367114613,0.19919945968277647
compound,Geo+D3-3HistAE-CeNN,3677,0.09987776376082527,0.21100752889844016,1.0,0.8178073503193228,0.17326900992005104
compound,Geo+D3-3HistAE-CeNN,3678,0.1657011612431883,0.24176343989825952,1.0,2.593719631956788,0.1568783061938618
compound,Geo+D3-3HistAE-CeNN,3679,0.09557412634590615,0.1291924589928052,1.0,1.8243031355976924,0.17199778640448332
compound,Geo+D3-3HistAE-CeNN,3680,0.06445294971061079,0.15453716830023037,1.0,0.7474247572334941,0.14257581245161097
compound,Geo+D3-3HistAE-CeNN,3681,0.11611994341326201,0.15575811097021497,1.0,1.9645389305529444,0.17024745231637817
compound,Geo+D3-3HistAE-CeNN,3682,0.08101367010812319,0.14904059732296288,1.0,0.9156962153222137,0.1445134567135225
compound,Geo+D3-3HistAE-CeNN,3683,0.06360690478909685,0.10569053661043093,1.0,0.44960467161950546,0.18077644956123282
compound,Geo+D3-3HistAE-CeNN,3684,0.1554750907504609,0.21685427977679783,1.0,2.293314693967283,0.17292379249714576
compound,Geo+D3-3HistAE-CeNN,3685,0.17523780439158693,0.30295527573865955,1.0,3.1446054030577226,0.16276931106138567
compound,Geo+D3-3HistAE-CeNN,3686,0.15157460631401698,0.19074613080650724,1.0,2.739400147755924,0.1428979563319594
compound,Geo+D3-3HistAE-CeNN,3687,0.0526072532034417,0.08244146171673027,1.0,0.6008424865738821,0.16876285759343004
compound,Geo+D3-3HistAE-CeNN,3688,0.1696478550747115,0.2531618782590467,1.0,2.52780457267985,0.17197068896450632
compound,Geo+D3-3HistAE-CeNN,3689,0.10672363640252922,0.17735275348933086,1.0,0.6747551187164756,0.16013445491542094
compound,Geo+D3-3HistAE-CeNN,3690,0.17598664125033675,0.3138071243199096,1.0,2.7566871562905897,0.1983022240733205
compound,Geo+D3-3HistAE-CeNN,3691,0.15154220429024653,0.20706634795273002,1.0,2.11370858318496,0.1812657769930265
compound,Geo+D3-3HistAE-CeNN,3692,0.16770491018736375,0.2660386318799009,1.0,2.922161823841144,0.1587763822561675
compound,Geo+D3-3HistAE-CeNN,3693,0.13860517414463233,0.187248278362627,1.0,1.555001180946238,0.18289793066381546
compound,Geo+D3-3HistAE-CeNN,3694,0.09968101840031851,0.13878234327568698,1.0,1.3676014510062728,0.16930669481395366
compound,Geo+D3-3HistAE-CeNN,3695,0.10358719006295732,0.13713058797446737,1.0,1.6286626202172405,0.17500252341359737
compound,Geo+D3-3HistAE-CeNN,3696,0.16929469580680248,0.23714180851052208,1.0,3.0932760719787713,0.17104051293675948
compound,Geo+D3-3HistAE-CeNN,3697,0.08106244999869111,0.10796009333673982,1.0,0.8307837596807688,0.17099102912943184
compound,Geo+D3-3HistAE-CeNN,3698,0.14350604072596385,0.23806091111346603,1.0,1.481924760085412,0.13008320856087444
compound,Geo+D3-3HistAE-CeNN,3699,0.12755299932497666,0.17027276713110562,1.0,1.7377690780994213,0.16015683927660823
compound,Geo+D3-10HistAE-CeNN,3600,0.0958924258689065,0.15986867811952793,1.0,0.7768761476253255,0.12551946242512238
compound,Geo+D3-10HistAE-CeNN,3601,0.12868492761349412,0.16705200750113064,1.0,2.250777724778281,0.12551549785691613
compound,Geo+D3-10HistAE-CeNN,3602,0.18493309180788245,0.27432361428994295,1.0,3.4377450976073822,0.12540393012420475
compound,Geo+D3-10HistAE-CeNN,3603,0.16831798557097516,0.2928498249010131,1.0,2.8584323012642843,0.125210948721252
compound,Geo+D3-10HistAE-CeNN,3604,0.07514412510368239,0.15516153200349284,1.0,0.5444291268785095,0.1254313888786076
compound,Geo+D3-10HistAE-CeNN,3605,0.10448649864484108,0.13979849211896378,1.0,1.8197020134208823,0.1253820150719142
compound,Geo+D3-10HistAE-CeNN,3606,0.16252482306431928,0.2032785446225864,1.0,2.9722967796540716,0.12546534798762612
compound,Geo+D3-10HistAE-CeNN,3607,0.0887088273649498,0.1738246428931826,1.0,1.4014455292640575,0.12551879894059784
compound,Geo+D3-10HistAE-CeNN,3608,0.12878891645965185,0.21714779359368114,1.0,1.4697806423901092,0.12529468649072548
compound,Geo+D3-10HistAE-CeNN,3609,0.09144446490826484,0.1488376050475445,1.0,1.1734324473198243,0.125370609160222
compound,Geo+D3-10HistAE-CeNN,3610,0.1391210164477601,0.2291652748042564,1.0,2.353504389700928,0.12553790713976784
compound,Geo+D3-10HistAE-CeNN,3611,0.10946732212079702,0.15306817368476947,1.0,1.0899002724302242,0.12521216936632537
compound,Geo+D3-10HistAE-CeNN,3612,0.14237204902393683,0.1797788351807333,1.0,2.4084172500834327,0.12541568266249975
compound,Geo+D3-10HistAE-CeNN,3613,0.1418675678100545,0.2021307123709918,1.0,2.3318715042864624,0.12552948541673806
compound,Geo+D3-10HistAE-CeNN,3614,0.1961666611157829,0.3041457545252944,1.0,3.3812763743155516,0.12540951821240162
compound,Geo+D3-10HistAE-CeNN,3615,0.17984984587622987,0.27664387475393315,1.0,2.952729561293962,0.1251979689856955
compound,Geo+D3-10HistAE-CeNN,3616,0.11607429485600615,0.1746734989394843,1.0,1.758396937478672,0.12548502260044223
compound,Geo+D3-10HistAE-CeNN,3617,0.1340997912592612,0.21453277106344004,1.0,1.8718955262264576,0.1252504120300283
compound,Geo+D3-10HistAE-CeNN,3618,0.13085879173788334,0.18897646991220207,1.0,2.169990132778902,0.12539253385703084
compound,Geo+D3-10HistAE-CeNN,3619,0.12177879856272988,0.22796764756586185,1.0,0.9986048874318453,0.12548735283817714
compound,Geo+D3-10HistAE-CeNN,3620,0.1759819216761311,0.26251295925192164,1.0,3.358818382403413,0.12549979318887253
compound,Geo+D3-10HistAE-CeNN,3621,0.20189552750124531,0.2820437575163519,1.0,3.142238962811366,0.1254402083501326
compound,Geo+D3-10HistAE-CeNN,3622,0.11437187613656336,0.15812846882118742,1.0,1.3982484344283999,0.12552229813087845
compound,Geo+D3-10HistAE-CeNN,3623,0.14842253106454684,0.24677854453464193,1.0,1.8591369429507194,0.12519161116943872
compound,Geo+D3-10HistAE-CeNN,3624,0.05238011780837859,0.13454303371632406,1.0,0.5939059603827321,0.12544700030203834
compound,Geo+D3-10HistAE-CeNN,3625,0.17978567134872842,0.23201373078196486,1.0,3.2353724371514634,0.12546344158282535
compound,Geo+D3-10HistAE-CeNN,3626,0.11780821970633355,0.21289699115253044,1.0,2.009282219276063,0.12527035997516073
compound,Geo+D3-10HistAE-CeNN,3627,0.18291767659240224,0.23195302341792184,1.0,3.1696548599495116,0.12541992749993738
compound,Geo+D3-10HistAE-CeNN,3628,0.03462023263326898,0.07236020059433433,1.0,0.7789232220694262,0.1254395696868034
compound,Geo+D3-10HistAE-CeNN,3629,0.13875133902316727,0.1869343341522832,1.0,2.1121659383060023,0.1253156894093599
compound,Geo+D3-10HistAE-CeNN,3630,0.134350950795805,0.1923414991379721,1.0,1.7688651471027979,0.12541524162328294
compound,Geo+D3-10HistAE-CeNN,3631,0.11476436048651092,0.15309960742043965,1.0,2.052628346763346,0.1253550377436143
compound,Geo+D3-10HistAE-CeNN,3632,0.16845113240630696,0.2851174534942755,1.0,3.0432355785350897,0.12542583904304427
compound,Geo+D3-10HistAE-CeNN,3633,0.20246832007191898,0.307768642203193,1.0,3.438082551715216,0.12524190494180445
compound,Geo+D3-10HistAE-CeNN,3634,0.16390318738208,0.21879731733203253,1.0,2.9130836949211814,0.12540475909936413
compound,Geo+D3-10HistAE-CeNN,3635,0.1436610994067074,0.1926018516611272,1.0,2.4352927394337134,0.1253630280278504
compound,Geo+D3-10HistAE-CeNN,3636,0.10797909179731673,0.16534540326831015,1.0,1.9967510392101948,0.12549453133317373
compound,Geo+D3-10HistAE-CeNN,3637,0.058065958298861686,0.10227157393323234,1.0,0.5739339863849363,0.12539496469562164
compound,Geo+D3-10HistAE-CeNN,3638,0.1156427709147233,0.16305221664861494,1.0,1.6199760683988753,0.12541287344981525
compound,Geo+D3-10HistAE-CeNN,3639,0.12309683334548477,0.1778936734198425,1.0,1.8732591299497783,0.12544627153552393
compound,Geo+D3-10HistAE-CeNN,3640,0.10141895709852322,0.16464685984902705,1.0,0.8505844603719976,0.12532827865190382
compound,Geo+D3-10HistAE-CeNN,3641,0.19791630982458208,0.30645767074270974,1.0,3.6236661737933313,0.1253782357159758
compound,Geo+D3-10HistAE-CeNN,3642,0.12493602811545121,0.21737948202113416,1.0,2.0626088950823522,0.12527745516223565
compound,Geo+D3-10HistAE-CeNN,3643,0.07608039306908694,0.13887996849499376,1.0,0.5756794023971359,0.12536189265049222
compound,Geo+D3-10HistAE-CeNN,3644,0.09557142481939952,0.19963420036410817,1.0,0.987639872710268,0.12534471752932866
compound,Geo+D3-10HistAE-CeNN,3645,0.16476737811975428,0.2347265319798554,1.0,2.9084789499116104,0.12537889406730876
compound,Geo+D3-10HistAE-CeNN,3646,0.12336996707408115,0.16784263947213504,1.0,1.7684607760552662,0.1253679334829019
compound,Geo+D3-10HistAE-CeNN,3647,0.10450557684686537,0.14315794391943698,1.0,1.1467686245067619,0.1255890205236501
compound,Geo+D3-10HistAE-CeNN,3648,0.15987573659600632,0.23839553946240424,1.0,2.4430944881549648,0.12525592997625987
compound,Geo+D3-10HistAE-CeNN,3649,0.07965930169523167,0.13724977879250272,1.0,1.4468244028247677,0.12533612616331516
compound,Geo+D3-10HistAE-CeNN,3650,0.09525191079074606,0.14196569091286115,1.0,1.1955333510715487,0.12534929520370297
compound,Geo+D3-10HistAE-CeNN,3651,0.07908426842245753,0.09996323770113691,1.0,1.3196324909167534,0.12542493786408687
compound,Geo+D3-10HistAE-CeNN,3652,0.14383433061350548,0.2027781756923645,1.0,2.3832109255764418,0.125407919987276
compound,Geo+D3-10HistAE-CeNN,3653,0.1290833741540512,0.1921572922418276,1.0,1.8473974881927764,0.12540368014275968
compound,Geo+D3-10HistAE-CeNN,3654,0.16568289163974792,0.2610679683639883,1.0,2.6318875071993553,0.12546687480992536
compound,Geo+D3-10HistAE-CeNN,3655,0.10740646175184254,0.17103003311522066,1.0,1.5102426335376977,0.125386777373624
compound,Geo+D3-10HistAE-CeNN,3656,0.11650468436776494,0.15425008994831202,1.0,2.0089881130039386,0.12548889716460002
compound,Geo+D3-10HistAE-CeNN,3657,0.10110742228504761,0.16855387961276277,1.0,1.3705296008063241,0.1254477869243957
compound,Geo+D3-10HistAE-CeNN,3658,0.1382275967682471,0.18617100267495776,1.0,2.0877657483953342,0.12537107370628073
compound,Geo+D3-10HistAE-CeNN,3659,0.1699459417276589,0.30956517445102033,1.0,2.7331383190409335,0.1253600351873895
compound,Geo+D3-10HistAE-CeNN,3660,0.11600150349416964,0.1630683768975277,1.0,1.43220402388819,0.12536818390908458
compound,Geo+D3-10HistAE-CeNN,3661,0.08869818667474769,0.11494404814157073,1.0,0.858515088142778,0.12534647761940645
compound,Geo+D3-10HistAE-CeNN,3662,0.19955854542990434,0.2900304221516452,1.0,3.5830870427744435,0.12533975558522353
compound,Geo+D3-10HistAE-CeNN,3663,0.17333009051511458,0.2589613753233539,1.0,3.3739816556532727,0.12554096530043052
compound,Geo+D3-10HistAE-CeNN,3664,0.15469908553289108,0.20556018894760464,1.0,2.631996086300339,0.12540175556471495
compound,Geo+D3-10HistAE-CeNN,3665,0.19930848982313495,0.32894577351045673,1.0,3.745455031798307,0.12530164076682043
compound,Geo+D3-10HistAE-CeNN,3666,0.12284590579585851,0.15522228461468476,1.0,2.2840921292886986,0.12545305954368952
compound,Geo+D3-10HistAE-CeNN,3667,0.08682301939414926,0.15864332346445245,1.0,1.1494406249564713,0.12546649800446022
compound,Geo+D3-10HistAE-CeNN,3668,0.16794918959725505,0.24915786269451815,1.0,2.971816360918899,0.12547089016558874
compound,Geo+D3-10HistAE-CeNN,3669,0.11244956521499433,0.1961119405370689,1.0,1.5261013744570369,0.12553387689290085
compound,Geo+D3-10HistAE-CeNN,3670,0.1810964839806017,0.23316898198617897,1.0,3.2862979517179536,0.12542698658521526
compound,Geo+D3-10HistAE-CeNN,3671,0.2090763246824997,0.34275955915534023,1.0,3.543701535801756,0.12540160209743942
compound,Geo+D3-10HistAE-CeNN,3672,0.09793426456047453,0.133365646502268,1.0,0.7285585995034819,0.12554319384376011
compound,Geo+D3-10HistAE-CeNN,3673,0.1788787814618636,0.23526484709817447,1.0,3.018844462233862,0.1253424433743494
compound,Geo+D3-10HistAE-CeNN,3674,0.11599900618064686,0.18601283139021907,1.0,1.8161825891296846,0.12554431681932926
compound,Geo+D3-10HistAE-CeNN,3675,0.1265972045873607,0.19856902932636952,1.0,1.1531753817435983,0.12525059954608972
compound,Geo+D3-10HistAE-CeNN,3676,0.09404930406593578,0.15848809322766866,1.0,0.8681171708620671,0.12535633138049726
compound,Geo+D3-10HistAE-CeNN,3677,0.09908883272650215,0.21132462491589743,1.0,0.8099528214526521,0.1253145111932055
compound,Geo+D3-10HistAE-CeNN,3678,0.16466216223180033,0.2425794434838518,1.0,2.592207526449883,0.12547369996401478
compound,Geo+D3-10HistAE-CeNN,3679,0.10015781210005323,0.15372769567892655,1.0,1.8522094384838446,0.12553389698722153
compound,Geo+D3-10HistAE-CeNN,3680,0.06550923668225357,0.14406954136506864,1.0,0.7064884583538803,0.1254561592342429
compound,Geo+D3-10HistAE-CeNN,3681,0.11184281958993847,0.1609188583290633,1.0,1.9361437968089956,0.1254903361661973
compound,Geo+D3-10HistAE-CeNN,3682,0.0829575694655024,0.14511445410422447,1.0,0.8893370535525346,0.1254177602811281
compound,Geo+D3-10HistAE-CeNN,3683,0.05956039314139242,0.11175444003198169,1.0,0.4293463331511808,0.12548460619414803
compound,Geo+D3-10HistAE-CeNN,3684,0.14545752462307382,0.20489528898789022,1.0,2.2244482629704487,0.12539475593573932
compound,Geo+D3-10HistAE-CeNN,3685,0.17145895208232637,0.30824757970054195,1.0,3.1399575718016677,0.12539745235306932
compound,Geo+D3-10HistAE-CeNN,3686,0.15922461394914103,0.2000988292597636,1.0,2.684107996970355,0.12523801882104585
compound,Geo+D3-10HistAE-CeNN,3687,0.058569744011769204,0.08869759581434754,1.0,0.5853890781702905,0.12538417830005505
compound,Geo+D3-10HistAE-CeNN,3688,0.1609768628938581,0.24676090586477342,1.0,2.437262671799515,0.12537617640429508
compound,Geo+D3-10HistAE-CeNN,3689,0.11419882518362752,0.1818559180782834,1.0,0.6754081141179591,0.1255600480723775
compound,Geo+D3-10HistAE-CeNN,3690,0.17463213425318305,0.3214817362769788,1.0,2.7546274065947545,0.12535445946299334
compound,Geo+D3-10HistAE-CeNN,3691,0.14392320608464026,0.19872175523830282,1.0,2.0349921480431328,0.12523531078005937
compound,Geo+D3-10HistAE-CeNN,3692,0.16036108693823062,0.2598582626876811,1.0,2.894550290336121,0.12544532014688248
compound,Geo+D3-10HistAE-CeNN,3693,0.13215894423379568,0.17660773817104122,1.0,1.5267058086807643,0.1253042764020473
compound,Geo+D3-10HistAE-CeNN,3694,0.10279148972004416,0.14440010172937082,1.0,1.3439210072311552,0.12533707542122732
compound,Geo+D3-10HistAE-CeNN,3695,0.09626306023234063,0.141254975422463,1.0,1.5496563721639458,0.1254231016297664
compound,Geo+D3-10HistAE-CeNN,3696,0.17315666869646007,0.2533490783375586,1.0,3.004227428875266,0.12523390319372033
compound,Geo+D3-10HistAE-CeNN,3697,0.08250734600384427,0.10963259908926148,1.0,0.8133716385094122,0.12526048843070864
compound,Geo+D3-10HistAE-CeNN,3698,0.1385099923210885,0.22223437320278747,1.0,1.449326427328961,0.12557975448613432
compound,Geo+D3-10HistAE-CeNN,3699,0.11725373848481546,0.1533447106127015,1.0,1.6942668446124827,0.12547280694020035
